date,btg_water_temp_daily_mean,btg_water_temp_valid_hours,btg_water_temp_available,btg_pressure_daily_mean,btg_pressure_valid_hours,btg_pressure_available
2015-07-01,,0,False,,0,False
2015-07-02,,0,False,,0,False
2015-07-03,,0,False,,0,False
2015-07-04,,0,False,,0,False
2015-07-05,,0,False,,0,False
2015-07-06,,0,False,,0,False
2015-07-07,,0,False,,0,False
2015-07-08,,0,False,,0,False
2015-07-09,,0,False,,0,False
2015-07-10,,0,False,,0,False
2015-07-11,,0,False,,0,False
2015-07-12,12.806809523809523,21,True,1016.4880952380952,21,True
2015-07-13,12.936583333333333,24,True,1019.8541666666666,24,True
2015-07-14,10.77775,12,True,1021.2083333333334,12,True
2015-07-15,,0,False,,0,False
2015-07-16,,0,False,,0,False
2015-07-17,,0,False,,0,False
2015-07-18,12.5476,20,True,1017.675,20,True
2015-07-19,12.591499999999998,24,True,1021.3333333333334,24,True
2015-07-20,12.288625000000001,24,True,1021.25,24,True
2015-07-21,11.73675,24,True,1016.8020833333334,24,True
2015-07-22,12.916166666666667,24,True,1020.4166666666666,24,True
2015-07-23,12.267291666666667,24,True,1017.9375,24,True
2015-07-24,11.068624999999999,24,True,1015.8854166666666,24,True
2015-07-25,12.111791666666667,24,True,1015.1041666666666,24,True
2015-07-26,11.219875,24,True,1014.34375,24,True
2015-07-27,13.484458333333334,24,True,1016.4166666666666,24,True
2015-07-28,13.521291666666668,24,True,1015.28125,24,True
2015-07-29,12.684291666666667,24,True,1013.9166666666666,24,True
2015-07-30,12.64,24,True,1018.5833333333334,24,True
2015-07-31,13.820875000000001,24,True,1018.53125,24,True
2015-08-01,13.549375,24,True,1016.8333333333334,24,True
2015-08-02,14.7065,24,True,1016.7604166666666,24,True
2015-08-03,17.519458333333333,24,True,1010.71875,24,True
2015-08-04,13.288708333333332,24,True,1011.888875,24,True
2015-08-05,13.648874999999999,24,True,1013.0,24,True
2015-08-06,13.576749999999999,24,True,1012.0416666666666,24,True
2015-08-07,14.357125000000002,24,True,1007.9404761904761,21,True
2015-08-08,15.552999999999999,6,True,,0,False
2015-08-09,12.99490909090909,22,True,1020.2613636363636,22,True
2015-08-10,13.478250000000001,24,True,1017.625,24,True
2015-08-11,12.930333333333332,24,True,1017.4895833333334,24,True
2015-08-12,13.046208333333333,24,True,1020.8333333333334,24,True
2015-08-13,12.034791666666665,24,True,1018.28125,24,True
2015-08-14,13.496739130434783,23,True,1021.7826086956521,23,True
2015-08-15,13.405958333333333,24,True,1018.0208333333334,24,True
2015-08-16,12.236291666666666,24,True,1017.1875,24,True
2015-08-17,11.563375,24,True,1021.5,24,True
2015-08-18,12.819416666666667,24,True,1015.2708333333334,24,True
2015-08-19,13.202416666666666,24,True,1014.7291666666666,24,True
2015-08-20,13.573083333333335,24,True,1014.9583333333334,24,True
2015-08-21,12.485458333333334,24,True,1017.03125,24,True
2015-08-22,13.515041666666667,24,True,1017.9583333333334,24,True
2015-08-23,13.532458333333333,24,True,1014.1979166666666,24,True
2015-08-24,12.413916666666667,24,True,1013.6875,24,True
2015-08-25,13.727125000000001,24,True,1018.1666666666666,24,True
2015-08-26,14.519625,24,True,1018.3541666666666,24,True
2015-08-27,14.451416666666667,24,True,1015.15625,24,True
2015-08-28,14.101208333333332,24,True,1014.4895833333334,24,True
2015-08-29,12.646374999999999,24,True,1012.7395833333334,24,True
2015-08-30,13.23075,24,True,1014.0,24,True
2015-08-31,13.292333333333334,24,True,1015.03125,24,True
2015-09-01,13.946458333333332,24,True,1016.3229166666666,24,True
2015-09-02,13.998958333333333,24,True,1016.4166666666666,24,True
2015-09-03,13.778458333333333,24,True,1015.59375,24,True
2015-09-04,14.111041666666667,24,True,1015.3333333333334,24,True
2015-09-05,13.843000000000002,24,True,1014.4270833333334,24,True
2015-09-06,14.8735,24,True,1015.6979166666666,24,True
2015-09-07,14.484499999999999,24,True,1018.0520833333334,24,True
2015-09-08,14.433833333333332,24,True,1016.4895833333334,24,True
2015-09-09,14.701125,24,True,1016.0520833333334,24,True
2015-09-10,15.042583333333333,24,True,1018.6979166666666,24,True
2015-09-11,14.481541666666667,24,True,1018.3645833333334,24,True
2015-09-12,13.85025,24,True,1016.75,24,True
2015-09-13,13.432833333333333,24,True,1013.6458333333334,24,True
2015-09-14,14.135458333333332,24,True,1013.3125,24,True
2015-09-15,14.445124999999999,24,True,1014.8090416666668,24,True
2015-09-16,14.058750000000002,24,True,1017.4791666666666,24,True
2015-09-17,13.315875,24,True,1017.2083333333334,24,True
2015-09-18,13.225541666666667,24,True,1016.875,24,True
2015-09-19,13.097333333333333,24,True,1013.4479166666666,24,True
2015-09-20,13.577958333333333,24,True,1011.71875,24,True
2015-09-21,14.215708333333334,24,True,1015.1770833333334,24,True
2015-09-22,12.976916666666666,24,True,1014.8125,24,True
2015-09-23,12.760958333333333,24,True,1015.8854166666666,24,True
2015-09-24,14.374541666666666,24,True,1021.1354166666666,24,True
2015-09-25,13.894583333333335,24,True,1016.4479166666666,24,True
2015-09-26,13.7095,24,True,1020.1145833333334,24,True
2015-09-27,14.744333333333332,24,True,1017.6770833333334,24,True
2015-09-28,17.397375,24,True,1012.8229166666666,24,True
2015-09-29,14.282125,24,True,1011.6875,24,True
2015-09-30,13.316458333333335,24,True,1013.2291666666666,24,True
2015-10-01,14.276375,24,True,1016.5416666666666,24,True
2015-10-02,14.98475,24,True,1013.625,24,True
2015-10-03,14.000916666666667,24,True,1013.5729166666666,24,True
2015-10-04,14.410541666666667,24,True,1017.0625,24,True
2015-10-05,15.467666666666666,24,True,1016.53125,24,True
2015-10-06,14.659666666666666,24,True,1016.9166666666666,24,True
2015-10-07,13.764083333333334,24,True,1017.8958333333334,24,True
2015-10-08,14.303083333333333,24,True,1016.0729166666666,24,True
2015-10-09,13.362833333333333,24,True,1018.1145833333334,24,True
2015-10-10,12.505583333333334,24,True,1018.5625,24,True
2015-10-11,13.221916666666667,24,True,1016.8854166666666,24,True
2015-10-12,13.127,24,True,1014.53125,24,True
2015-10-13,12.919458333333333,24,True,1015.4166666666666,24,True
2015-10-14,13.7055,24,True,1018.4583333333334,24,True
2015-10-15,13.2525,24,True,1018.0416666666666,24,True
2015-10-16,13.956833333333334,24,True,1016.09375,24,True
2015-10-17,14.765916666666667,24,True,1014.0416666666666,24,True
2015-10-18,13.955666666666666,24,True,1013.2083333333334,24,True
2015-10-19,14.715958333333333,24,True,1018.1145833333334,24,True
2015-10-20,14.005333333333333,24,True,1016.5,24,True
2015-10-21,14.48025,24,True,1015.5729166666666,24,True
2015-10-22,14.859124999999999,24,True,1014.21875,24,True
2015-10-23,14.738124999999998,24,True,1013.8333333333334,24,True
2015-10-24,15.218416666666668,24,True,1016.75,24,True
2015-10-25,16.339875,24,True,1015.96875,24,True
2015-10-26,16.844541666666668,24,True,1015.0833333333334,24,True
2015-10-27,15.620291666666667,24,True,1015.59375,24,True
2015-10-28,15.897083333333335,24,True,1017.1875,24,True
2015-10-29,15.866375,24,True,1019.1875,24,True
2015-10-30,16.202625,24,True,1015.1145833333334,24,True
2015-10-31,14.808333333333332,24,True,1015.40625,24,True
2015-11-01,14.809166666666668,24,True,1016.3541666666666,24,True
2015-11-02,15.016375000000002,24,True,1016.2291666666666,24,True
2015-11-03,15.270874999999998,24,True,1018.625,24,True
2015-11-04,15.747250000000001,24,True,1019.9166666666666,24,True
2015-11-05,15.029166666666667,24,True,1017.1041666666666,24,True
2015-11-06,14.933166666666667,24,True,1016.3645833333334,24,True
2015-11-07,14.4475,24,True,1016.3854166666666,24,True
2015-11-08,14.815541666666666,24,True,1014.3333333333334,24,True
2015-11-09,14.631791666666667,24,True,1016.59375,24,True
2015-11-10,14.339458333333333,24,True,1017.3645833333334,24,True
2015-11-11,14.234541666666667,24,True,1017.0,24,True
2015-11-12,15.685166666666667,24,True,1015.65625,24,True
2015-11-13,16.259249999999998,24,True,1011.03125,24,True
2015-11-14,15.332625,24,True,1011.71875,24,True
2015-11-15,15.567416666666666,24,True,1013.5520833333334,24,True
2015-11-16,15.739125,24,True,1013.8333333333334,24,True
2015-11-17,15.318916666666667,24,True,1012.9583333333334,24,True
2015-11-18,15.207291666666668,24,True,1013.8541666666666,24,True
2015-11-19,15.070708333333334,24,True,1016.8125,24,True
2015-11-20,14.527499999999998,24,True,1012.5,24,True
2015-11-21,14.528875,24,True,1013.6041666666666,24,True
2015-11-22,14.969625,24,True,1013.125,24,True
2015-11-23,15.093416666666668,24,True,1012.34375,24,True
2015-11-24,15.382666666666665,24,True,1011.6979166666666,24,True
2015-11-25,16.043291666666665,24,True,1013.9375,24,True
2015-11-26,16.041166666666665,24,True,1015.8229166666666,24,True
2015-11-27,17.438,24,True,1014.2395833333334,24,True
2015-11-28,16.019166666666667,24,True,1010.6354166666666,24,True
2015-11-29,14.465083333333332,24,True,1011.7395833333334,24,True
2015-11-30,15.356791666666666,24,True,1013.25,24,True
2015-12-01,16.203833333333332,24,True,1010.9270833333334,24,True
2015-12-02,16.181833333333334,24,True,1014.4166666666666,24,True
2015-12-03,17.207416666666667,24,True,1013.46875,24,True
2015-12-04,17.245416666666667,24,True,1013.6770833333334,24,True
2015-12-05,17.223458333333333,24,True,1014.25,24,True
2015-12-06,18.593166666666665,24,True,1013.2604166666666,24,True
2015-12-07,17.1035,24,True,1010.6979166666666,24,True
2015-12-08,17.23675,24,True,1012.25,24,True
2015-12-09,16.83575,24,True,1016.0625,24,True
2015-12-10,16.907791666666665,24,True,1014.8541666666666,24,True
2015-12-11,16.635083333333334,24,True,1012.4270833333334,24,True
2015-12-12,16.939333333333334,24,True,1012.46875,24,True
2015-12-13,17.48391666666667,24,True,1014.25,24,True
2015-12-14,18.07133333333333,24,True,1012.0625,24,True
2015-12-15,16.823541666666667,24,True,1012.9479166666666,24,True
2015-12-16,17.970458333333333,24,True,1013.4270833333334,24,True
2015-12-17,16.831875,24,True,1012.9583333333334,24,True
2015-12-18,17.710708333333333,24,True,1010.1979166666666,24,True
2015-12-19,16.824583333333333,24,True,1012.9895833333334,24,True
2015-12-20,16.955541666666665,24,True,1014.6354166666666,24,True
2015-12-21,16.96141666666667,24,True,1012.2291666666666,24,True
2015-12-22,17.633708333333335,24,True,1011.5833333333334,24,True
2015-12-23,19.06925,24,True,1010.9479166666666,24,True
2015-12-24,17.798791666666666,24,True,1010.1770833333334,24,True
2015-12-25,17.816291666666668,24,True,1011.4791666666666,24,True
2015-12-26,17.520833333333332,24,True,1009.3229166666666,24,True
2015-12-27,17.1315,24,True,1008.9270833333334,24,True
2015-12-28,17.430375,24,True,1010.5625,24,True
2015-12-29,18.660541666666667,24,True,1014.3958333333334,24,True
2015-12-30,19.213125,24,True,1012.625,24,True
2015-12-31,18.085416666666667,24,True,1010.125,24,True
2016-01-01,18.234041666666666,24,True,1010.2916666666666,24,True
2016-01-02,18.218291666666666,24,True,1012.3020833333334,24,True
2016-01-03,19.026416666666666,24,True,1012.4583333333334,24,True
2016-01-04,19.11583333333333,24,True,1012.6770833333334,24,True
2016-01-05,17.850458333333332,24,True,1013.9791666666666,24,True
2016-01-06,18.163166666666665,24,True,1015.3333333333334,24,True
2016-01-07,18.5225,24,True,1014.3194583333334,24,True
2016-01-08,18.687625,24,True,1014.1979166666666,24,True
2016-01-09,18.921,24,True,1012.625,24,True
2016-01-10,18.409833333333335,24,True,1013.4375,24,True
2016-01-11,18.570041666666665,24,True,1014.3020833333334,24,True
2016-01-12,18.881666666666664,24,True,1015.8541666666666,24,True
2016-01-13,18.737375,24,True,1014.6458333333334,24,True
2016-01-14,18.668833333333335,24,True,1014.5,24,True
2016-01-15,19.619666666666667,24,True,1012.0416666666666,24,True
2016-01-16,18.827541666666665,24,True,1011.2291666666666,24,True
2016-01-17,18.396041666666665,24,True,1012.2604166666666,24,True
2016-01-18,18.17620833333333,24,True,1013.9791666666666,24,True
2016-01-19,19.293541666666666,24,True,1012.0833333333334,24,True
2016-01-20,19.185458333333333,24,True,1013.6875,24,True
2016-01-21,19.223625000000002,24,True,1014.40625,24,True
2016-01-22,19.616333333333333,24,True,1013.09375,24,True
2016-01-23,19.793208333333332,24,True,1013.2708333333334,24,True
2016-01-24,20.3995,24,True,1012.1354166666666,24,True
2016-01-25,19.146125,24,True,1013.6041666666666,24,True
2016-01-26,19.723166666666668,24,True,1015.7916666666666,24,True
2016-01-27,20.382625,24,True,1012.71875,24,True
2016-01-28,20.222166666666666,24,True,1011.4270833333334,24,True
2016-01-29,20.06625,24,True,1013.0520833333334,24,True
2016-01-30,19.703125,24,True,1012.75,24,True
2016-01-31,19.748375,24,True,1014.2291666666666,24,True
2016-02-01,19.730375,24,True,1012.6458333333334,24,True
2016-02-02,20.868291666666668,24,True,1011.875,24,True
2016-02-03,20.820625,24,True,1011.6354166666666,24,True
2016-02-04,20.377458333333333,24,True,1013.53125,24,True
2016-02-05,19.930458333333334,24,True,1013.2604166666666,24,True
2016-02-06,19.114083333333333,24,True,1013.4270833333334,24,True
2016-02-07,19.019916666666667,24,True,1012.6666666666666,24,True
2016-02-08,19.17275,24,True,1012.5520833333334,24,True
2016-02-09,18.394791666666666,24,True,1013.5833333333334,24,True
2016-02-10,19.350958333333335,24,True,1014.0729166666666,24,True
2016-02-11,18.348833333333335,24,True,1012.8541666666666,24,True
2016-02-12,18.87516666666667,24,True,1012.59375,24,True
2016-02-13,18.449,24,True,1012.5416666666666,24,True
2016-02-14,18.349083333333333,24,True,1010.1458333333334,24,True
2016-02-15,17.781625000000002,24,True,1007.8125,24,True
2016-02-16,18.08775,24,True,1009.34375,24,True
2016-02-17,17.923625,24,True,1010.6145833333334,24,True
2016-02-18,18.656291666666664,24,True,1013.8020833333334,24,True
2016-02-19,18.632166666666667,24,True,1011.2916666666666,24,True
2016-02-20,17.919333333333334,24,True,1007.3958333333334,24,True
2016-02-21,17.374791666666667,24,True,1008.6979166666666,24,True
2016-02-22,18.413458333333335,24,True,1010.5104166666666,24,True
2016-02-23,18.637125,24,True,1011.71875,24,True
2016-02-24,18.646166666666666,24,True,1012.96875,24,True
2016-02-25,18.379375,24,True,1011.84375,24,True
2016-02-26,17.861250000000002,24,True,1012.3854166666666,24,True
2016-02-27,16.709791666666668,24,True,1013.1875,24,True
2016-02-28,16.632416666666668,24,True,1013.4791666666666,24,True
2016-02-29,16.799875,24,True,1014.28125,24,True
2016-03-01,16.110208333333333,24,True,1013.25,24,True
2016-03-02,15.871833333333333,24,True,1013.1354166666666,24,True
2016-03-03,17.001,24,True,1013.1354166666666,24,True
2016-03-04,16.801041666666666,24,True,1014.0520833333334,24,True
2016-03-05,17.63,24,True,1014.3333333333334,24,True
2016-03-06,17.325083333333335,24,True,1015.6979166666666,24,True
2016-03-07,17.465208333333333,24,True,1015.6145833333334,24,True
2016-03-08,17.258458333333333,24,True,1015.7916666666666,24,True
2016-03-09,17.314333333333334,24,True,1014.0,24,True
2016-03-10,17.990083333333335,24,True,1014.65625,24,True
2016-03-11,17.905,24,True,1014.5520833333334,24,True
2016-03-12,18.013166666666667,24,True,1015.3125,24,True
2016-03-13,18.418208333333332,24,True,1014.3333333333334,24,True
2016-03-14,17.613666666666667,24,True,1014.0625,24,True
2016-03-15,17.223583333333334,24,True,1014.5,24,True
2016-03-16,16.876458333333332,24,True,1013.5208333333334,24,True
2016-03-17,17.854875,24,True,1015.0,24,True
2016-03-18,16.623166666666666,24,True,1012.7916666666666,24,True
2016-03-19,15.811375,24,True,1013.7083333333334,24,True
2016-03-20,15.526625000000001,24,True,1014.5104166666666,24,True
2016-03-21,16.30725,24,True,1015.3125,24,True
2016-03-22,16.353833333333334,24,True,1013.5833333333334,24,True
2016-03-23,16.803708333333333,24,True,1014.84375,24,True
2016-03-24,17.614166666666666,24,True,1014.0625,24,True
2016-03-25,16.6825,24,True,1010.4166666666666,24,True
2016-03-26,17.07225,24,True,1013.84375,24,True
2016-03-27,17.623,24,True,1015.6145833333334,24,True
2016-03-28,17.429125,24,True,1014.8854166666666,24,True
2016-03-29,17.550291666666666,24,True,1015.5729166666666,24,True
2016-03-30,17.358833333333333,24,True,1015.6145833333334,24,True
2016-03-31,17.351291666666665,24,True,1013.46875,24,True
2016-04-01,16.84958333333333,24,True,1016.1458333333334,24,True
2016-04-02,16.746375,24,True,1014.9479166666666,24,True
2016-04-03,16.61225,24,True,1016.5416666666666,24,True
2016-04-04,16.801958333333335,24,True,1016.5625,24,True
2016-04-05,16.523083333333336,24,True,1014.0729166666666,24,True
2016-04-06,15.40975,24,True,1014.75,24,True
2016-04-07,16.161333333333335,24,True,1013.65625,24,True
2016-04-08,15.844375,24,True,1013.9166666666666,24,True
2016-04-09,15.990583333333333,24,True,1014.9583333333334,24,True
2016-04-10,14.594791666666666,24,True,1012.4895833333334,24,True
2016-04-11,15.410541666666667,24,True,1014.6875,24,True
2016-04-12,16.251583333333333,24,True,1018.5104166666666,24,True
2016-04-13,15.883166666666666,24,True,1016.5520833333334,24,True
2016-04-14,16.503083333333333,24,True,1013.1354166666666,24,True
2016-04-15,16.69025,24,True,1011.4791666666666,24,True
2016-04-16,17.152583333333336,24,True,1011.7916666666666,24,True
2016-04-17,17.736666666666668,24,True,1013.6979166666666,24,True
2016-04-18,16.338416666666667,24,True,1016.9270833333334,24,True
2016-04-19,16.228083333333334,24,True,1015.7708333333334,24,True
2016-04-20,14.701749999999999,24,True,1016.7083333333334,24,True
2016-04-21,14.435916666666666,24,True,1012.6041666666666,24,True
2016-04-22,14.642000000000001,24,True,1015.5833333333334,24,True
2016-04-23,15.346958333333333,24,True,1016.2708333333334,24,True
2016-04-24,16.301291666666668,24,True,1016.6875,24,True
2016-04-25,14.577208333333333,24,True,1016.8645833333334,24,True
2016-04-26,13.510625,24,True,1013.90625,24,True
2016-04-27,13.147625,24,True,1014.03125,24,True
2016-04-28,14.545208333333333,24,True,1015.5625,24,True
2016-04-29,13.168999999999999,24,True,1015.0520833333334,24,True
2016-04-30,12.601166666666666,24,True,1009.9895833333334,24,True
2016-05-01,15.35075,24,True,1015.71875,24,True
2016-05-02,15.009458333333333,24,True,1015.7083333333334,24,True
2016-05-03,13.988666666666667,24,True,1014.7708333333334,24,True
2016-05-04,14.656125000000001,24,True,1015.4583333333334,24,True
2016-05-05,15.150416666666667,24,True,1016.6666666666666,24,True
2016-05-06,14.498916666666666,24,True,1015.0416666666666,24,True
2016-05-07,14.492166666666668,24,True,1015.71875,24,True
2016-05-08,14.050291666666666,24,True,1015.0625,24,True
2016-05-09,14.294791666666667,24,True,1015.8020833333334,24,True
2016-05-10,14.138708333333334,24,True,1015.0,24,True
2016-05-11,15.159374999999999,24,True,1018.0625,24,True
2016-05-12,15.131041666666667,24,True,1015.8541666666666,24,True
2016-05-13,13.791333333333334,24,True,1012.9270833333334,24,True
2016-05-14,14.590791666666666,24,True,1016.03125,24,True
2016-05-15,14.237333333333334,24,True,1016.84375,24,True
2016-05-16,14.401583333333333,24,True,1015.0520833333334,24,True
2016-05-17,14.901583333333333,24,True,1015.4895833333334,24,True
2016-05-18,14.811875,24,True,1015.9166666666666,24,True
2016-05-19,13.56225,24,True,1016.15625,24,True
2016-05-20,15.062791666666667,24,True,1016.8229166666666,24,True
2016-05-21,14.624166666666667,24,True,1018.0,24,True
2016-05-22,14.181833333333335,24,True,1014.4791666666666,24,True
2016-05-23,13.949875,24,True,1014.25,24,True
2016-05-24,14.1875,24,True,1016.90625,24,True
2016-05-25,12.997124999999999,24,True,1018.7083333333334,24,True
2016-05-26,13.803791666666667,24,True,1016.5,24,True
2016-05-27,15.119625,24,True,1014.3645833333334,24,True
2016-05-28,13.650666666666666,24,True,1018.34375,24,True
2016-05-29,14.653916666666667,24,True,1018.4583333333334,24,True
2016-05-30,14.840916666666667,24,True,1017.2395833333334,24,True
2016-05-31,13.303958333333334,24,True,1015.46875,24,True
2016-06-01,14.147583333333332,24,True,1017.7916666666666,24,True
2016-06-02,14.185333333333332,24,True,1015.0,24,True
2016-06-03,14.476333333333335,24,True,1013.3645833333334,24,True
2016-06-04,13.933124999999999,24,True,1016.96875,24,True
2016-06-05,13.109791666666666,24,True,1017.5625,24,True
2016-06-06,13.216000000000001,24,True,1020.9479166666666,24,True
2016-06-07,12.123958333333334,24,True,1018.4895833333334,24,True
2016-06-08,11.277458333333334,24,True,1018.7395833333334,24,True
2016-06-09,10.053958333333332,24,True,1018.0729166666666,24,True
2016-06-10,10.549208333333333,24,True,1018.96875,24,True
2016-06-11,12.175708333333333,24,True,1018.3541666666666,24,True
2016-06-12,17.347166666666666,24,True,1015.7708333333334,24,True
2016-06-13,14.335625,24,True,1018.25,24,True
2016-06-14,12.583583333333332,24,True,1018.65625,24,True
2016-06-15,12.181166666666668,24,True,1018.9375,24,True
2016-06-16,11.695708333333334,24,True,1016.03125,24,True
2016-06-17,12.660291666666666,24,True,1016.9375,24,True
2016-06-18,12.658499999999998,24,True,1016.9375,24,True
2016-06-19,12.714166666666666,24,True,1018.7604166666666,24,True
2016-06-20,11.876333333333333,24,True,1019.7395833333334,24,True
2016-06-21,10.841958333333332,24,True,1017.4895833333334,24,True
2016-06-22,10.502666666666666,24,True,1017.34375,24,True
2016-06-23,10.184291666666667,24,True,1016.3333333333334,24,True
2016-06-24,11.512083333333335,24,True,1016.8854166666666,24,True
2016-06-25,12.084791666666668,24,True,1018.7916666666666,24,True
2016-06-26,11.929791666666667,24,True,1019.9583333333334,24,True
2016-06-27,11.354166666666666,24,True,1016.7395833333334,24,True
2016-06-28,10.771374999999999,24,True,1015.1979166666666,24,True
2016-06-29,12.543625,24,True,1016.1041666666666,24,True
2016-06-30,11.555875,24,True,1014.1354166666666,24,True
2016-07-01,11.850041666666668,24,True,1014.7395833333334,24,True
2016-07-02,12.830166666666665,24,True,1016.625,24,True
2016-07-03,13.372124999999999,24,True,1017.71875,24,True
2016-07-04,13.434624999999999,24,True,1019.3229166666666,24,True
2016-07-05,11.660333333333334,24,True,1023.8958333333334,24,True
2016-07-06,12.969583333333333,24,True,1017.0625,24,True
2016-07-07,12.066166666666668,24,True,1015.7604166666666,24,True
2016-07-08,13.396833333333333,24,True,1018.6666666666666,24,True
2016-07-09,12.005291666666666,24,True,1015.59375,24,True
2016-07-10,11.487124999999999,24,True,1017.0,24,True
2016-07-11,13.21925,24,True,1019.3958333333334,24,True
2016-07-12,11.597708333333335,24,True,1015.78125,24,True
2016-07-13,12.698749999999999,24,True,1017.96875,24,True
2016-07-14,13.183541666666665,24,True,1019.4166666666666,24,True
2016-07-15,11.307125,24,True,1020.2916666666666,24,True
2016-07-16,10.694333333333333,24,True,1015.90625,24,True
2016-07-17,12.488708333333333,24,True,1019.8229166666666,24,True
2016-07-18,12.053083333333333,24,True,1017.3541666666666,24,True
2016-07-19,12.170333333333334,24,True,1017.4375,24,True
2016-07-20,12.664625000000001,24,True,1018.6666666666666,24,True
2016-07-21,12.935458333333335,24,True,1016.5520833333334,24,True
2016-07-22,12.912041666666667,24,True,1017.1875,24,True
2016-07-23,11.517291666666667,24,True,1016.5,24,True
2016-07-24,12.166375,24,True,1016.71875,24,True
2016-07-25,14.158,24,True,1021.7916666666666,24,True
2016-07-26,14.0435,24,True,1014.1979166666666,24,True
2016-07-27,12.869708333333334,24,True,1014.1666666666666,24,True
2016-07-28,12.844833333333334,24,True,1016.0729166666666,24,True
2016-07-29,12.1715,24,True,1014.8020833333334,24,True
2016-07-30,11.045,24,True,1015.6145833333334,24,True
2016-07-31,12.622833333333332,24,True,1019.09375,24,True
2016-08-01,13.947416666666667,24,True,1014.7395833333334,24,True
2016-08-02,11.483166666666667,24,True,1016.2916666666666,24,True
2016-08-03,11.750708333333334,24,True,1017.3333333333334,24,True
2016-08-04,11.424916666666666,24,True,1014.7083333333334,24,True
2016-08-05,12.006958333333332,24,True,1018.3958333333334,24,True
2016-08-06,12.202958333333333,24,True,1018.4479166666666,24,True
2016-08-07,12.212708333333333,24,True,1018.0104166666666,24,True
2016-08-08,11.815125,24,True,1017.40625,24,True
2016-08-09,11.840416666666668,24,True,1015.7916666666666,24,True
2016-08-10,12.174375,24,True,1017.6145833333334,24,True
2016-08-11,12.956916666666666,24,True,1018.0208333333334,24,True
2016-08-12,11.4855,24,True,1015.9270833333334,24,True
2016-08-13,12.395083333333332,24,True,1016.9166666666666,24,True
2016-08-14,12.204416666666667,24,True,1016.71875,24,True
2016-08-15,15.394166666666665,24,True,1011.9479166666666,24,True
2016-08-16,14.004333333333333,24,True,1015.28125,24,True
2016-08-17,16.264625,24,True,1018.3541666666666,24,True
2016-08-18,15.759791666666667,24,True,1018.6666666666666,24,True
2016-08-19,13.605791666666667,24,True,1020.7604166666666,24,True
2016-08-20,13.570791666666667,24,True,1018.4375,24,True
2016-08-21,12.506958333333332,24,True,1011.21875,24,True
2016-08-22,12.882708333333333,24,True,1013.84375,24,True
2016-08-23,13.102458333333333,24,True,1014.8506666666667,24,True
2016-08-24,12.849166666666667,24,True,1017.9722083333332,24,True
2016-08-25,12.3455,24,True,1016.5417083333333,24,True
2016-08-26,11.909458333333333,24,True,1016.4653333333334,24,True
2016-08-27,12.990791666666667,24,True,1018.9721666666666,24,True
2016-08-28,12.565875,24,True,1019.9861666666667,24,True
2016-08-29,11.485125000000002,24,True,1022.5139166666667,24,True
2016-08-30,13.074458333333332,24,True,1017.7152916666668,24,True
2016-08-31,13.165416666666665,24,True,1017.583375,24,True
2016-09-01,12.595583333333332,24,True,1021.3472083333332,24,True
2016-09-02,12.167083333333332,24,True,1020.5416666666666,24,True
2016-09-03,10.855375,24,True,1018.4097499999999,24,True
2016-09-04,9.955375,24,True,1018.8889166666667,24,True
2016-09-05,11.000625,24,True,1019.7847499999999,24,True
2016-09-06,11.4775,24,True,1014.625,24,True
2016-09-07,12.266666666666666,24,True,1017.9027083333334,24,True
2016-09-08,11.853333333333333,24,True,1016.5902916666668,24,True
2016-09-09,11.972666666666667,24,True,1015.0694166666667,24,True
2016-09-10,12.78225,24,True,1018.7986666666667,24,True
2016-09-11,13.464833333333333,24,True,1020.4166666666666,24,True
2016-09-12,13.528833333333333,24,True,1019.1597499999999,24,True
2016-09-13,12.794208333333332,24,True,1015.6805833333333,24,True
2016-09-14,13.095875,24,True,1020.4930416666666,24,True
2016-09-15,12.721874999999999,24,True,1017.6597083333332,24,True
2016-09-16,12.378291666666668,24,True,1016.270875,24,True
2016-09-17,13.170625,24,True,1015.5625,24,True
2016-09-18,12.702791666666668,24,True,1013.5417083333333,24,True
2016-09-19,13.138041666666666,24,True,1013.5347083333332,24,True
2016-09-20,13.364458333333333,24,True,1013.958375,24,True
2016-09-21,13.632916666666667,24,True,1015.1944583333334,24,True
2016-09-22,12.870375000000001,24,True,1014.9444583333334,24,True
2016-09-23,13.282125,24,True,1017.9652916666668,24,True
2016-09-24,11.714958333333334,24,True,1017.520875,24,True
2016-09-25,12.734291666666666,24,True,1016.8610833333333,24,True
2016-09-26,12.727041666666667,24,True,1015.333375,24,True
2016-09-27,13.292666666666667,24,True,1015.166625,24,True
2016-09-28,13.1785,24,True,1017.8750416666667,24,True
2016-09-29,14.368375,24,True,1019.4652916666668,24,True
2016-09-30,14.240791666666667,24,True,1015.6597916666666,24,True
2016-10-01,13.421458333333334,24,True,1015.951375,24,True
2016-10-02,13.520249999999999,24,True,1016.8055833333333,24,True
2016-10-03,14.272125,24,True,1017.5764166666667,24,True
2016-10-04,17.278208333333335,24,True,1016.6597499999999,24,True
2016-10-05,17.581791666666668,24,True,1012.7500416666667,24,True
2016-10-06,14.348291666666666,24,True,1013.0625416666667,24,True
2016-10-07,14.880749999999999,24,True,1014.1597083333332,24,True
2016-10-08,14.359499999999999,24,True,1013.3472083333332,24,True
2016-10-09,13.534833333333333,24,True,1014.2916666666666,24,True
2016-10-10,13.712874999999999,24,True,1016.958375,24,True
2016-10-11,13.697708333333333,24,True,1015.4999583333333,24,True
2016-10-12,14.275291666666666,24,True,1015.5207916666667,24,True
2016-10-13,15.726208333333332,24,True,1014.7777500000001,24,True
2016-10-14,13.917958333333333,24,True,1014.3749583333333,24,True
2016-10-15,13.857875,24,True,1015.8194166666667,24,True
2016-10-16,14.917083333333332,24,True,1017.0,24,True
2016-10-17,14.169458333333333,24,True,1016.3541666666666,24,True
2016-10-18,13.736875,24,True,1019.7986666666667,24,True
2016-10-19,13.315666666666667,24,True,1018.9236666666667,24,True
2016-10-20,14.587625000000001,24,True,1013.8819166666667,24,True
2016-10-21,13.441791666666667,24,True,1012.5277916666668,24,True
2016-10-22,14.230208333333332,24,True,1016.4862083333334,24,True
2016-10-23,13.894666666666666,24,True,1019.3819583333334,24,True
2016-10-24,15.97275,24,True,1018.9374583333333,24,True
2016-10-25,15.83975,24,True,1015.9792083333333,24,True
2016-10-26,13.907125,24,True,1012.263875,24,True
2016-10-27,14.243125,24,True,1013.2014166666667,24,True
2016-10-28,14.422416666666665,24,True,1014.8540833333333,24,True
2016-10-29,14.827708333333334,24,True,1015.3957916666667,24,True
2016-10-30,15.696291666666667,24,True,1015.7985833333333,24,True
2016-10-31,15.383625,24,True,1015.3680833333333,24,True
2016-11-01,16.025833333333335,24,True,1016.9375416666667,24,True
2016-11-02,16.3495,24,True,1014.3819583333334,24,True
2016-11-03,14.030291666666665,24,True,1013.3055416666666,24,True
2016-11-04,14.831333333333333,24,True,1015.2986666666667,24,True
2016-11-05,14.568458333333332,24,True,1014.9304999999999,24,True
2016-11-06,15.447875000000002,24,True,1013.569375,24,True
2016-11-07,15.13725,24,True,1014.8402500000001,24,True
2016-11-08,15.120541666666666,24,True,1015.541625,24,True
2016-11-09,14.854875,24,True,1014.0972499999999,24,True
2016-11-10,14.900083333333333,24,True,1013.7847083333332,24,True
2016-11-11,14.687708333333333,24,True,1015.4235833333333,24,True
2016-11-12,14.467583333333332,24,True,1015.0902500000001,24,True
2016-11-13,14.558708333333334,24,True,1016.3542083333333,24,True
2016-11-14,14.931958333333334,24,True,1015.701375,24,True
2016-11-15,15.752291666666666,24,True,1014.9097083333332,24,True
2016-11-16,15.999666666666668,24,True,1015.0347083333332,24,True
2016-11-17,15.230125,24,True,1012.0069583333334,24,True
2016-11-18,15.809583333333334,24,True,1014.1527500000001,24,True
2016-11-19,16.613083333333332,24,True,1015.0139166666667,24,True
2016-11-20,16.140375000000002,24,True,1014.2985833333333,24,True
2016-11-21,15.489166666666668,24,True,1014.3888333333333,24,True
2016-11-22,16.206583333333334,24,True,1014.9652500000001,24,True
2016-11-23,16.5865,24,True,1015.5625,24,True
2016-11-24,16.809250000000002,24,True,1014.0208333333334,24,True
2016-11-25,17.167375,24,True,1016.4097083333332,24,True
2016-11-26,17.361250000000002,24,True,1016.1736666666667,24,True
2016-11-27,17.589791666666667,24,True,1014.5277500000001,24,True
2016-11-28,16.739124999999998,24,True,1012.7360833333333,24,True
2016-11-29,15.885708333333334,24,True,1012.2638333333333,24,True
2016-11-30,16.227375,24,True,1013.8402916666668,24,True
2016-12-01,16.790333333333333,24,True,1013.020875,24,True
2016-12-02,16.919791666666665,24,True,1015.3402500000001,24,True
2016-12-03,16.269291666666668,24,True,1016.2083333333334,24,True
2016-12-04,17.93475,24,True,1016.0417083333333,24,True
2016-12-05,17.986125,24,True,1012.6458333333334,24,True
2016-12-06,15.87,24,True,1013.548625,24,True
2016-12-07,16.340791666666664,24,True,1014.9305833333333,24,True
2016-12-08,16.143,24,True,1013.7778333333334,24,True
2016-12-09,17.753333333333334,24,True,1016.8750416666667,24,True
2016-12-10,18.419999999999998,24,True,1016.1111666666667,24,True
2016-12-11,17.09691666666667,24,True,1014.326375,24,True
2016-12-12,17.550875,24,True,1012.7430416666666,24,True
2016-12-13,16.9005,24,True,1011.951375,24,True
2016-12-14,16.568833333333334,24,True,1012.7777916666668,24,True
2016-12-15,17.677958333333333,24,True,1014.1805416666666,24,True
2016-12-16,18.182291666666668,24,True,1015.3610833333333,24,True
2016-12-17,17.558541666666667,24,True,1015.3125416666667,24,True
2016-12-18,17.519166666666667,24,True,1012.4514583333333,24,True
2016-12-19,16.786166666666666,24,True,1012.4165833333333,24,True
2016-12-20,17.669833333333333,24,True,1013.9027916666668,24,True
2016-12-21,17.855666666666668,24,True,1011.5554999999999,24,True
2016-12-22,17.795958333333335,24,True,1012.5555416666666,24,True
2016-12-23,16.30516666666667,24,True,1015.138875,24,True
2016-12-24,16.76758333333333,24,True,1013.3194166666667,24,True
2016-12-25,16.54370833333333,24,True,1015.2709166666667,24,True
2016-12-26,17.541791666666665,24,True,1014.263875,24,True
2016-12-27,17.302041666666664,24,True,1011.7707916666667,24,True
2016-12-28,16.272833333333335,24,True,1012.6458333333334,24,True
2016-12-29,16.843458333333334,24,True,1013.6041666666666,24,True
2016-12-30,17.258916666666668,24,True,1013.6180416666666,24,True
2016-12-31,17.907875,24,True,1014.5,24,True
2017-01-01,18.5895,24,True,1013.4861666666667,24,True
2017-01-02,18.026,24,True,1013.16675,24,True
2017-01-03,17.988333333333333,24,True,1010.9792083333333,24,True
2017-01-04,18.863416666666666,24,True,1008.381875,24,True
2017-01-05,16.388,24,True,1011.2499583333333,24,True
2017-01-06,18.514916666666668,24,True,1013.5832916666667,24,True
2017-01-07,18.930375,24,True,1014.4582916666667,24,True
2017-01-08,18.225166666666667,24,True,1012.7292083333333,24,True
2017-01-09,19.054333333333332,24,True,1012.9930833333333,24,True
2017-01-10,19.019166666666667,24,True,1012.9722499999999,24,True
2017-01-11,19.347666666666665,24,True,1012.1875,24,True
2017-01-12,18.4283125,16,True,1012.2811875,16,True
2017-01-13,,0,False,,0,False
2017-01-14,,0,False,,0,False
2017-01-15,,0,False,,0,False
2017-01-16,,0,False,,0,False
2017-01-17,18.255000000000003,2,True,1011.25,2,True
2017-01-18,,0,False,,0,False
2017-01-19,,0,False,,0,False
2017-01-20,,0,False,,0,False
2017-01-21,,0,False,,0,False
2017-01-22,,0,False,,0,False
2017-01-23,,0,False,,0,False
2017-01-24,,0,False,,0,False
2017-01-25,20.589,6,True,1010.8471666666666,6,True
2017-01-26,21.738083333333332,24,True,1012.9930416666666,24,True
2017-01-27,21.77875,24,True,1013.0625416666667,24,True
2017-01-28,21.335291666666667,24,True,1010.993125,24,True
2017-01-29,20.257041666666666,24,True,1011.013875,24,True
2017-01-30,20.452125,24,True,1012.9375,24,True
2017-01-31,21.076166666666666,24,True,1012.513875,24,True
2017-02-01,18.881291666666666,24,True,1012.1666666666666,24,True
2017-02-02,18.515416666666667,24,True,1012.3472083333332,24,True
2017-02-03,19.123166666666666,24,True,1012.9722083333332,24,True
2017-02-04,20.430666666666667,24,True,1013.513875,24,True
2017-02-05,19.8475,24,True,1010.041625,24,True
2017-02-06,18.797875,24,True,1010.6805416666666,24,True
2017-02-07,18.974791666666665,24,True,1011.3402916666668,24,True
2017-02-08,18.639416666666666,24,True,1012.0832916666667,24,True
2017-02-09,17.812916666666666,24,True,1012.138875,24,True
2017-02-10,17.1445,24,True,1013.0625,24,True
2017-02-11,17.584083333333336,24,True,1014.4722499999999,24,True
2017-02-12,17.321208333333335,24,True,1012.4235833333333,24,True
2017-02-13,17.659875,24,True,1012.111125,24,True
2017-02-14,18.394166666666667,24,True,1013.85425,24,True
2017-02-15,18.980875,24,True,1016.1805833333333,24,True
2017-02-16,19.081,24,True,1015.4027916666668,24,True
2017-02-17,18.722833333333334,24,True,1015.1389166666667,24,True
2017-02-18,19.408833333333334,24,True,1015.1805416666666,24,True
2017-02-19,19.323125,24,True,1013.2708333333334,24,True
2017-02-20,18.659583333333334,24,True,1013.3611666666667,24,True
2017-02-21,18.539791666666666,24,True,1013.5555833333333,24,True
2017-02-22,18.673166666666667,24,True,1011.5555416666666,24,True
2017-02-23,18.75733333333333,24,True,1011.923625,24,True
2017-02-24,19.948208333333334,24,True,1012.0,24,True
2017-02-25,20.048416666666665,24,True,1011.7152916666668,24,True
2017-02-26,20.834583333333335,24,True,1012.2915833333333,24,True
2017-02-27,21.66575,24,True,1013.8680416666666,24,True
2017-02-28,21.238208333333333,24,True,1012.5485833333333,24,True
2017-03-01,20.07679166666667,24,True,1010.0972083333332,24,True
2017-03-02,20.186625,24,True,1011.3054999999999,24,True
2017-03-03,19.423291666666668,24,True,1012.5832916666667,24,True
2017-03-04,18.572666666666667,24,True,1011.6944583333334,24,True
2017-03-05,17.08925,24,True,1011.0416666666666,24,True
2017-03-06,17.006249999999998,24,True,1011.2013333333333,24,True
2017-03-07,16.64495833333333,24,True,1011.2499583333333,24,True
2017-03-08,17.416458333333335,24,True,1012.5,24,True
2017-03-09,17.951208333333334,24,True,1012.8958333333334,24,True
2017-03-10,18.696708333333333,24,True,1011.923625,24,True
2017-03-11,18.136958333333332,24,True,1012.5346666666666,24,True
2017-03-12,15.875791666666666,24,True,1010.5694583333334,24,True
2017-03-13,15.433041666666668,24,True,1012.1389166666667,24,True
2017-03-14,17.021,24,True,1014.1180416666666,24,True
2017-03-15,16.497791666666668,24,True,1014.875,24,True
2017-03-16,15.990708333333332,24,True,1015.5069583333334,24,True
2017-03-17,16.480583333333332,24,True,1015.5139166666667,24,True
2017-03-18,16.24725,24,True,1014.2291666666666,24,True
2017-03-19,16.527041666666666,24,True,1016.2013333333333,24,True
2017-03-20,17.18220833333333,24,True,1015.2847083333332,24,True
2017-03-21,16.062,24,True,1015.2707916666667,24,True
2017-03-22,16.37154166666667,24,True,1014.7847499999999,24,True
2017-03-23,15.909041666666667,24,True,1015.5902500000001,24,True
2017-03-24,17.289875,24,True,1015.1805833333333,24,True
2017-03-25,16.461000000000002,24,True,1014.9514166666667,24,True
2017-03-26,17.278625,24,True,1014.0347083333332,24,True
2017-03-27,17.034833333333335,24,True,1013.5625416666667,24,True
2017-03-28,16.983166666666666,24,True,1014.5207916666667,24,True
2017-03-29,16.845458333333333,24,True,1015.3402500000001,24,True
2017-03-30,17.250875,24,True,1012.1944583333334,24,True
2017-03-31,16.196749999999998,24,True,1014.5208333333334,24,True
2017-04-01,16.374291666666668,24,True,1017.8263333333333,24,True
2017-04-02,17.067375000000002,24,True,1014.9097083333332,24,True
2017-04-03,16.06683333333333,24,True,1012.1110833333333,24,True
2017-04-04,16.0215,24,True,1015.6250416666667,24,True
2017-04-05,16.45925,24,True,1013.458375,24,True
2017-04-06,15.174833333333334,24,True,1012.5972916666666,24,True
2017-04-07,16.553875,24,True,1015.3333333333334,24,True
2017-04-08,16.092833333333335,24,True,1014.5,24,True
2017-04-09,14.74225,24,True,1014.479125,24,True
2017-04-10,14.562166666666668,24,True,1014.7430833333333,24,True
2017-04-11,13.270249999999999,24,True,1012.9305833333333,24,True
2017-04-12,14.198041666666667,24,True,1013.3750416666667,24,True
2017-04-13,15.725041666666668,24,True,1013.2639166666667,24,True
2017-04-14,16.061375,24,True,1013.8194166666667,24,True
2017-04-15,16.158541666666668,24,True,1012.9860833333333,24,True
2017-04-16,15.632666666666665,24,True,1011.9583333333334,24,True
2017-04-17,15.72875,24,True,1012.756875,24,True
2017-04-18,16.307083333333335,24,True,1014.1180416666666,24,True
2017-04-19,15.982833333333334,24,True,1018.25,24,True
2017-04-20,18.21275,24,True,1017.4027083333334,24,True
2017-04-21,17.324916666666667,24,True,1013.6597499999999,24,True
2017-04-22,16.058,24,True,1014.1527916666668,24,True
2017-04-23,16.71875,24,True,1013.2292083333333,24,True
2017-04-24,17.023416666666666,24,True,1013.25,24,True
2017-04-25,16.505208333333332,24,True,1016.986125,24,True
2017-04-26,16.416625,24,True,1014.013875,24,True
2017-04-27,13.140166666666666,24,True,1015.4514166666667,24,True
2017-04-28,11.638874999999999,24,True,1015.1805833333333,24,True
2017-04-29,11.022166666666665,24,True,1013.888875,24,True
2017-04-30,13.007833333333332,24,True,1015.2290833333333,24,True
2017-05-01,13.561541666666665,24,True,1017.2985833333333,24,True
2017-05-02,14.5785,24,True,1017.4097083333332,24,True
2017-05-03,13.834208333333335,24,True,1013.9653333333334,24,True
2017-05-04,13.853250000000001,24,True,1014.3472499999999,24,True
2017-05-05,13.599125,24,True,1013.4722499999999,24,True
2017-05-06,15.061333333333332,24,True,1015.1180833333333,24,True
2017-05-07,15.362041666666668,24,True,1017.854125,24,True
2017-05-08,16.354666666666667,24,True,1015.4653333333334,24,True
2017-05-09,13.089291666666666,24,True,1012.7430833333333,24,True
2017-05-10,15.397958333333333,24,True,1013.6040833333333,24,True
2017-05-11,15.407041666666666,24,True,1013.2709166666667,24,True
2017-05-12,15.8105,24,True,1011.9722499999999,24,True
2017-05-13,16.763625,24,True,1017.423625,24,True
2017-05-14,16.170333333333335,24,True,1017.2847499999999,24,True
2017-05-15,15.066958333333332,24,True,1016.7292083333333,24,True
2017-05-16,15.134291666666668,24,True,1018.2430833333333,24,True
2017-05-17,14.52675,24,True,1016.8195000000001,24,True
2017-05-18,13.214041666666667,24,True,1019.5277500000001,24,True
2017-05-19,13.115791666666667,24,True,1017.5346666666666,24,True
2017-05-20,13.710125,24,True,1016.8264166666667,24,True
2017-05-21,13.060083333333333,24,True,1014.423625,24,True
2017-05-22,13.5175,24,True,1015.256875,24,True
2017-05-23,14.237958333333333,24,True,1015.388875,24,True
2017-05-24,13.635666666666667,24,True,1014.3055833333333,24,True
2017-05-25,15.127375,24,True,1017.7569166666667,24,True
2017-05-26,14.088458333333334,24,True,1019.2152916666668,24,True
2017-05-27,13.635166666666665,24,True,1019.263875,24,True
2017-05-28,13.557708333333332,24,True,1017.8194583333334,24,True
2017-05-29,13.487875,24,True,1019.0,24,True
2017-05-30,14.085374999999999,24,True,1021.4305416666666,24,True
2017-05-31,14.153583333333332,24,True,1017.5278333333334,24,True
2017-06-01,13.756124999999999,24,True,1015.6458333333334,24,True
2017-06-02,12.322958333333332,24,True,1015.7985833333333,24,True
2017-06-03,12.823916666666667,24,True,1017.493125,24,True
2017-06-04,13.611208333333332,24,True,1015.3472083333332,24,True
2017-06-05,12.549083333333334,24,True,1015.4444583333334,24,True
2017-06-06,11.089791666666665,24,True,1015.5138333333333,24,True
2017-06-07,11.640125,24,True,1021.2083333333334,24,True
2017-06-08,13.354166666666666,24,True,1025.4861250000001,24,True
2017-06-09,15.663291666666666,24,True,1018.7152500000001,24,True
2017-06-10,12.944541666666666,24,True,1014.1875,24,True
2017-06-11,13.171916666666666,24,True,1016.833375,24,True
2017-06-12,12.398708333333333,24,True,1016.881875,24,True
2017-06-13,13.321791666666668,24,True,1017.3472499999999,24,True
2017-06-14,12.92975,24,True,1017.6874583333333,24,True
2017-06-15,12.596791666666666,24,True,1016.208375,24,True
2017-06-16,14.466333333333333,24,True,1015.9930416666666,24,True
2017-06-17,13.983625000000002,24,True,1019.8402500000001,24,True
2017-06-18,13.102125000000001,24,True,1018.6805833333333,24,True
2017-06-19,12.104791666666666,24,True,1014.6458333333334,24,True
2017-06-20,13.244041666666666,24,True,1015.4582916666667,24,True
2017-06-21,13.791333333333334,24,True,1015.673625,24,True
2017-06-22,13.547791666666667,24,True,1015.9374583333333,24,True
2017-06-23,13.014458333333332,24,True,1013.1597916666666,24,True
2017-06-24,14.221958333333333,24,True,1011.798625,24,True
2017-06-25,15.195083333333335,24,True,1013.763875,24,True
2017-06-26,13.716125,24,True,1014.9096666666666,24,True
2017-06-27,13.674166666666666,24,True,1019.5,24,True
2017-06-28,12.202166666666665,24,True,1019.9097083333332,24,True
2017-06-29,13.285958333333333,24,True,1018.8957916666667,24,True
2017-06-30,11.749125,24,True,1015.7152916666668,24,True
2017-07-01,13.220583333333332,24,True,1014.131875,24,True
2017-07-02,13.730375,24,True,1015.3055833333333,24,True
2017-07-03,14.058583333333333,24,True,1018.4722499999999,24,True
2017-07-04,13.049,24,True,1020.7429999999999,24,True
2017-07-05,12.697416666666667,24,True,1019.2291666666666,24,True
2017-07-06,13.059666666666667,24,True,1018.7222499999999,24,True
2017-07-07,14.637041666666667,24,True,1017.076375,24,True
2017-07-08,12.4705,24,True,1018.451375,24,True
2017-07-09,14.895458333333332,24,True,1016.2430833333333,24,True
2017-07-10,12.23025,24,True,1015.0833333333334,24,True
2017-07-11,12.032874999999999,24,True,1014.5694583333334,24,True
2017-07-12,14.296125000000002,24,True,1018.236125,24,True
2017-07-13,13.462958333333333,24,True,1021.0625,24,True
2017-07-14,12.845666666666666,24,True,1021.0347499999999,24,True
2017-07-15,11.150666666666666,24,True,1024.5069583333334,24,True
2017-07-16,10.504375,24,True,1024.1944583333334,24,True
2017-07-17,10.012125,24,True,1019.854125,24,True
2017-07-18,9.455041666666666,24,True,1016.9999583333333,24,True
2017-07-19,10.051625,24,True,1015.111125,24,True
2017-07-20,11.445916666666667,24,True,1014.6597499999999,24,True
2017-07-21,13.125958333333335,24,True,1016.5,24,True
2017-07-22,13.469708333333335,24,True,1019.0069166666667,24,True
2017-07-23,12.722458333333334,24,True,1019.8332916666667,24,True
2017-07-24,13.165875,24,True,1016.6875,24,True
2017-07-25,10.97225,24,True,1016.395875,24,True
2017-07-26,10.148166666666667,24,True,1014.7569166666667,24,True
2017-07-27,10.627875000000001,24,True,1016.3194583333334,24,True
2017-07-28,11.713791666666665,24,True,1017.0277500000001,24,True
2017-07-29,11.910625000000001,24,True,1016.8403333333334,24,True
2017-07-30,10.471958333333333,24,True,1017.6944166666667,24,True
2017-07-31,11.738583333333333,24,True,1017.2360833333333,24,True
2017-08-01,12.546583333333333,24,True,1021.125,24,True
2017-08-02,11.965708333333334,24,True,1018.9860416666667,24,True
2017-08-03,12.437125,24,True,1018.263875,24,True
2017-08-04,12.808124999999999,24,True,1019.125,24,True
2017-08-05,12.624749999999999,24,True,1019.4444583333334,24,True
2017-08-06,11.984208333333333,24,True,1017.2222499999999,24,True
2017-08-07,12.125458333333334,24,True,1019.4721249999999,24,True
2017-08-08,12.469208333333334,24,True,1014.979125,24,True
2017-08-09,12.55025,24,True,1017.236125,24,True
2017-08-10,12.749541666666666,24,True,1017.8402500000001,24,True
2017-08-11,11.677791666666666,24,True,1019.3194583333334,24,True
2017-08-12,11.777375,24,True,1024.28475,24,True
2017-08-13,12.224541666666667,24,True,1023.541625,24,True
2017-08-14,13.344625,24,True,1017.8820000000001,24,True
2017-08-15,11.948958333333332,24,True,1017.6666666666666,24,True
2017-08-16,12.15575,24,True,1017.4652500000001,24,True
2017-08-17,11.742083333333333,24,True,1016.576375,24,True
2017-08-18,11.445,24,True,1018.125,24,True
2017-08-19,13.317916666666667,24,True,1020.8888333333333,24,True
2017-08-20,14.024583333333332,24,True,1015.8820000000001,24,True
2017-08-21,11.786333333333333,24,True,1013.0972499999999,24,True
2017-08-22,13.1135,24,True,1018.3958333333334,24,True
2017-08-23,12.519083333333334,24,True,1017.5694166666667,24,True
2017-08-24,12.119,10,True,1015.7666999999999,10,True
2017-08-25,,0,False,,0,False
2017-08-26,,0,False,,0,False
2017-08-27,,0,False,,0,False
2017-08-28,13.3567,10,True,1021.3833000000001,10,True
2017-08-29,12.486041666666667,24,True,1020.951375,24,True
2017-08-30,12.370208333333332,24,True,1017.0277916666668,24,True
2017-08-31,11.29575,24,True,1016.3333333333334,24,True
2017-09-01,12.749666666666668,24,True,1018.979125,24,True
2017-09-02,12.344041666666667,24,True,1018.1319583333334,24,True
2017-09-03,12.841625,24,True,1021.6735833333333,24,True
2017-09-04,13.400166666666665,24,True,1020.3125833333334,24,True
2017-09-05,12.763791666666668,24,True,1015.2499583333333,24,True
2017-09-06,12.017291666666667,24,True,1016.4027083333334,24,True
2017-09-07,11.561958333333335,24,True,1018.5,24,True
2017-09-08,13.021583333333334,24,True,1017.2222083333332,24,True
2017-09-09,11.938749999999999,24,True,1017.2500416666667,24,True
2017-09-10,12.582833333333333,24,True,1023.1875,24,True
2017-09-11,11.511208333333334,24,True,1017.0902500000001,24,True
2017-09-12,12.651916666666667,24,True,1021.0625,24,True
2017-09-13,11.707291666666668,24,True,1024.1111250000001,24,True
2017-09-14,13.716125,24,True,1020.1597499999999,24,True
2017-09-15,12.996166666666667,24,True,1016.479125,24,True
2017-09-16,12.282625000000001,24,True,1015.0,24,True
2017-09-17,12.502625,24,True,1015.9583333333334,24,True
2017-09-18,12.489708333333333,24,True,1015.8680416666666,24,True
2017-09-19,13.000333333333332,24,True,1020.4861666666667,24,True
2017-09-20,13.83325,24,True,1020.4235416666667,24,True
2017-09-21,14.224375,24,True,1016.5972916666666,24,True
2017-09-22,12.395041666666666,24,True,1015.0694166666667,24,True
2017-09-23,12.462791666666668,24,True,1015.1666666666666,24,True
2017-09-24,13.435125,24,True,1018.0277916666668,24,True
2017-09-25,13.136708333333333,24,True,1014.7847083333332,24,True
2017-09-26,12.923416666666666,24,True,1013.3889166666667,24,True
2017-09-27,12.24675,24,True,1014.3055833333333,24,True
2017-09-28,13.188041666666665,24,True,1016.4027500000001,24,True
2017-09-29,13.461500000000001,24,True,1016.8403333333334,24,True
2017-09-30,13.543833333333334,24,True,1014.7083333333334,24,True
2017-10-01,14.365041666666668,24,True,1017.0972083333332,24,True
2017-10-02,13.212916666666667,24,True,1017.1180833333333,24,True
2017-10-03,13.238999999999999,24,True,1015.1527500000001,24,True
2017-10-04,12.682875000000001,24,True,1016.5695000000001,24,True
2017-10-05,14.356041666666668,24,True,1019.0069166666667,24,True
2017-10-06,14.259833333333333,24,True,1014.4930416666666,24,True
2017-10-07,13.712833333333334,24,True,1019.5625,24,True
2017-10-08,14.307333333333332,24,True,1018.1388333333333,24,True
2017-10-09,13.494458333333334,24,True,1015.0,24,True
2017-10-10,13.355125000000001,24,True,1016.020875,24,True
2017-10-11,12.316416666666667,24,True,1017.5069166666667,24,True
2017-10-12,12.282125,24,True,1019.6667083333333,24,True
2017-10-13,12.981499999999999,24,True,1017.8679999999999,24,True
2017-10-14,11.689541666666665,24,True,1014.4097499999999,24,True
2017-10-15,12.886833333333334,24,True,1012.3819166666667,24,True
2017-10-16,12.815375000000001,24,True,1016.645875,24,True
2017-10-17,13.367958333333334,24,True,1015.5624583333333,24,True
2017-10-18,14.171999999999999,24,True,1015.7569166666667,24,True
2017-10-19,14.364708333333333,24,True,1011.3819583333334,24,True
2017-10-20,13.208208333333333,24,True,1013.3194166666667,24,True
2017-10-21,13.445416666666667,24,True,1013.5902500000001,24,True
2017-10-22,13.092416666666667,24,True,1014.576375,24,True
2017-10-23,12.653291666666666,24,True,1015.6388333333333,24,True
2017-10-24,13.446875,24,True,1015.7153333333334,24,True
2017-10-25,13.582458333333333,24,True,1014.7291666666666,24,True
2017-10-26,13.782541666666667,24,True,1016.58325,24,True
2017-10-27,13.179041666666668,24,True,1014.1180416666666,24,True
2017-10-28,13.879750000000001,24,True,1016.9166666666666,24,True
2017-10-29,13.218583333333333,24,True,1018.2986666666667,24,True
2017-10-30,13.358541666666667,24,True,1018.1805416666666,24,True
2017-10-31,13.088666666666667,24,True,1017.2847083333332,24,True
2017-11-01,13.668958333333334,24,True,1015.2082916666667,24,True
2017-11-02,14.727916666666667,24,True,1016.875,24,True
2017-11-03,15.014708333333333,24,True,1016.201375,24,True
2017-11-04,14.309750000000001,24,True,1015.5625416666667,24,True
2017-11-05,14.752708333333333,24,True,1015.1041666666666,24,True
2017-11-06,14.964374999999999,24,True,1015.4027500000001,24,True
2017-11-07,15.45975,24,True,1014.8333333333334,24,True
2017-11-08,15.156083333333333,24,True,1013.8194166666667,24,True
2017-11-09,16.887291666666666,24,True,1012.3195000000001,24,True
2017-11-10,14.648041666666666,24,True,1008.9791666666666,24,True
2017-11-11,14.4255,24,True,1012.0138333333333,24,True
2017-11-12,14.355791666666667,24,True,1012.8471666666666,24,True
2017-11-13,14.992666666666667,24,True,1013.423625,24,True
2017-11-14,15.110583333333333,24,True,1014.1110833333333,24,True
2017-11-15,15.42275,24,True,1015.8472499999999,24,True
2017-11-16,15.041416666666668,24,True,1014.361125,24,True
2017-11-17,14.744041666666668,24,True,1015.5416666666666,24,True
2017-11-18,13.797333333333334,24,True,1016.0624166666666,24,True
2017-11-19,14.466999999999999,24,True,1014.1944583333334,24,True
2017-11-20,14.937291666666667,24,True,1016.3680833333333,24,True
2017-11-21,15.218291666666666,24,True,1014.9792083333333,24,True
2017-11-22,14.042541666666667,24,True,1012.4445000000001,24,True
2017-11-23,13.95875,24,True,1014.8195000000001,24,True
2017-11-24,15.285041666666666,24,True,1018.0139166666667,24,True
2017-11-25,14.630375,24,True,1014.1805833333333,24,True
2017-11-26,14.720708333333334,24,True,1014.9792083333333,24,True
2017-11-27,14.246291666666666,24,True,1012.9444583333334,24,True
2017-11-28,15.277375,24,True,1015.0972083333332,24,True
2017-11-29,15.556125,24,True,1016.0902916666668,24,True
2017-11-30,15.006708333333334,24,True,1013.013875,24,True
2017-12-01,15.665166666666666,24,True,1013.1319583333334,24,True
2017-12-02,15.899958333333332,24,True,1015.5694166666667,24,True
2017-12-03,15.361541666666668,24,True,1014.638875,24,True
2017-12-04,14.977208333333332,24,True,1012.875,24,True
2017-12-05,15.053583333333334,24,True,1014.0,24,True
2017-12-06,15.41825,24,True,1014.791625,24,True
2017-12-07,15.297833333333335,24,True,1014.4305416666666,24,True
2017-12-08,15.65975,24,True,1014.6041666666666,24,True
2017-12-09,15.502916666666666,24,True,1014.2916666666666,24,True
2017-12-10,14.873624999999999,24,True,1014.9722499999999,24,True
2017-12-11,14.988666666666667,24,True,1015.6875,24,True
2017-12-12,15.655958333333333,24,True,1017.6320000000001,24,True
2017-12-13,16.531958333333332,24,True,1016.520875,24,True
2017-12-14,16.56233333333333,24,True,1012.7014583333333,24,True
2017-12-15,15.620750000000001,24,True,1011.6111666666667,24,True
2017-12-16,15.928208333333332,24,True,1012.625,24,True
2017-12-17,16.12183333333333,24,True,1012.0764583333333,24,True
2017-12-18,16.70825,24,True,1012.5625,24,True
2017-12-19,16.377375,24,True,1012.4167083333333,24,True
2017-12-20,16.528541666666666,24,True,1012.75,24,True
2017-12-21,16.35675,24,True,1013.2499583333333,24,True
2017-12-22,16.921583333333334,24,True,1014.1180416666666,24,True
2017-12-23,16.586333333333332,24,True,1013.7222083333332,24,True
2017-12-24,16.24683333333333,24,True,1012.923625,24,True
2017-12-25,16.369583333333335,24,True,1013.2221666666666,24,True
2017-12-26,16.890333333333334,24,True,1015.5070000000001,24,True
2017-12-27,17.412041666666667,24,True,1015.0902916666668,24,True
2017-12-28,16.6635,24,True,1015.1250416666667,24,True
2017-12-29,17.626958333333334,24,True,1013.5416666666666,24,True
2017-12-30,17.318208333333335,24,True,1014.1527083333334,24,True
2017-12-31,16.75679166666667,24,True,1015.2291666666666,24,True
2018-01-01,17.118583333333333,24,True,1016.7916666666666,24,True
2018-01-02,16.686958333333333,24,True,1016.8055416666666,24,True
2018-01-03,17.11254166666667,24,True,1014.3125,24,True
2018-01-04,17.322791666666667,24,True,1013.0485416666667,24,True
2018-01-05,17.883666666666667,24,True,1014.020875,24,True
2018-01-06,16.393916666666666,24,True,1013.6875,24,True
2018-01-07,17.22404166666667,24,True,1014.72925,24,True
2018-01-08,18.04704166666667,24,True,1014.638875,24,True
2018-01-09,17.87483333333333,24,True,1013.4445000000001,24,True
2018-01-10,17.824041666666666,24,True,1014.0694166666667,24,True
2018-01-11,17.947125,24,True,1014.7985833333333,24,True
2018-01-12,17.737166666666667,24,True,1014.3125,24,True
2018-01-13,17.697166666666664,24,True,1013.9305833333333,24,True
2018-01-14,18.069666666666667,24,True,1014.4722499999999,24,True
2018-01-15,18.47791666666667,24,True,1016.3957916666667,24,True
2018-01-16,17.357375,24,True,1015.7777916666668,24,True
2018-01-17,17.452916666666667,24,True,1014.2570000000001,24,True
2018-01-18,17.379,24,True,1013.888875,24,True
2018-01-19,17.216416666666667,24,True,1013.1457916666667,24,True
2018-01-20,17.27675,24,True,1012.5834166666667,24,True
2018-01-21,18.03020833333333,24,True,1011.8610833333333,24,True
2018-01-22,17.833208333333335,24,True,1010.1944583333334,24,True
2018-01-23,18.335541666666668,24,True,1010.9374583333333,24,True
2018-01-24,17.762249999999998,24,True,1011.888875,24,True
2018-01-25,18.073708333333332,24,True,1012.2569583333334,24,True
2018-01-26,17.832625,24,True,1011.7082916666667,24,True
2018-01-27,17.43,24,True,1010.2500416666667,24,True
2018-01-28,17.11520833333333,24,True,1007.4930416666666,24,True
2018-01-29,17.28441666666667,24,True,1008.826375,24,True
2018-01-30,17.142500000000002,24,True,1010.8610416666667,24,True
2018-01-31,16.988291666666665,24,True,1010.5277916666668,24,True
2018-02-01,16.408375,24,True,1011.8332916666667,24,True
2018-02-02,17.152208333333334,24,True,1011.9999583333333,24,True
2018-02-03,17.828625,24,True,1012.520875,24,True
2018-02-04,18.512,24,True,1013.6597083333332,24,True
2018-02-05,18.412,24,True,1013.4374583333333,24,True
2018-02-06,18.71,24,True,1012.798625,24,True
2018-02-07,18.328833333333332,24,True,1013.7430416666666,24,True
2018-02-08,17.94625,24,True,1012.5555833333333,24,True
2018-02-09,17.942125,24,True,1011.6804999999999,24,True
2018-02-10,17.769541666666665,24,True,1011.7430416666666,24,True
2018-02-11,15.899958333333332,24,True,1014.173625,24,True
2018-02-12,16.479,24,True,1011.0972083333332,24,True
2018-02-13,17.257749999999998,24,True,1013.9930416666666,24,True
2018-02-14,17.79625,24,True,1013.4722499999999,24,True
2018-02-15,17.651958333333333,24,True,1013.8680833333333,24,True
2018-02-16,17.149375,24,True,1015.79175,24,True
2018-02-17,17.944375,24,True,1013.7499583333333,24,True
2018-02-18,17.754749999999998,24,True,1012.8124583333333,24,True
2018-02-19,18.251583333333333,24,True,1012.9930416666666,24,True
2018-02-20,18.854333333333333,24,True,1014.0832916666667,24,True
2018-02-21,18.347416666666668,24,True,1014.6735833333333,24,True
2018-02-22,18.291916666666665,24,True,1014.375,24,True
2018-02-23,17.775666666666666,24,True,1013.923625,24,True
2018-02-24,18.00679166666667,24,True,1015.4375833333334,24,True
2018-02-25,17.50283333333333,24,True,1015.3680416666666,24,True
2018-02-26,16.565583333333333,24,True,1016.104125,24,True
2018-02-27,17.662875,24,True,1015.888875,24,True
2018-02-28,16.990708333333334,24,True,1015.2291666666666,24,True
2018-03-01,16.65008333333333,24,True,1014.951375,24,True
2018-03-02,17.379,24,True,1014.3680833333333,24,True
2018-03-03,17.283833333333334,24,True,1013.8542083333333,24,True
2018-03-04,16.789875,24,True,1012.6805416666666,24,True
2018-03-05,16.845458333333333,24,True,1012.1319166666667,24,True
2018-03-06,16.72041666666667,24,True,1012.3055416666666,24,True
2018-03-07,17.865083333333335,24,True,1013.0832916666667,24,True
2018-03-08,17.54041666666667,24,True,1014.180625,24,True
2018-03-09,17.172666666666668,24,True,1013.6236666666667,24,True
2018-03-10,18.086541666666665,24,True,1012.208375,24,True
2018-03-11,17.332,24,True,1009.08325,24,True
2018-03-12,16.339125,24,True,1010.298625,24,True
2018-03-13,15.573583333333334,24,True,1012.4304999999999,24,True
2018-03-14,16.565541666666665,24,True,1013.4375,24,True
2018-03-15,15.021958333333332,24,True,1012.5278333333334,24,True
2018-03-16,14.143458333333333,24,True,1014.6319583333334,24,True
2018-03-17,15.450916666666666,24,True,1015.6250416666667,24,True
2018-03-18,17.081458333333334,24,True,1012.9582916666667,24,True
2018-03-19,15.846208333333335,24,True,1012.7083333333334,24,True
2018-03-20,15.074708333333334,24,True,1012.5347499999999,24,True
2018-03-21,14.489041666666667,24,True,1012.4097499999999,24,True
2018-03-22,15.610375,24,True,1013.3750416666667,24,True
2018-03-23,14.653,24,True,1014.6805416666666,24,True
2018-03-24,14.630875000000001,24,True,1014.8680416666666,24,True
2018-03-25,13.91075,24,True,1012.3888333333333,24,True
2018-03-26,14.799583333333333,24,True,1012.5069583333334,24,True
2018-03-27,13.680333333333332,24,True,1012.493125,24,True
2018-03-28,14.866458333333334,24,True,1014.1597083333332,24,True
2018-03-29,14.620708333333333,24,True,1013.111125,24,True
2018-03-30,14.445416666666667,24,True,1012.4097499999999,24,True
2018-03-31,15.478499999999999,24,True,1014.583375,24,True
2018-04-01,15.18475,24,True,1014.0347083333332,24,True
2018-04-02,15.461041666666667,24,True,1014.7152916666668,24,True
2018-04-03,15.085916666666668,24,True,1014.6388333333333,24,True
2018-04-04,15.391625,24,True,1015.5208333333334,24,True
2018-04-05,14.834541666666667,24,True,1015.5625416666667,24,True
2018-04-06,15.681875,24,True,1016.5555833333333,24,True
2018-04-07,15.664458333333334,24,True,1014.5277916666668,24,True
2018-04-08,14.725208333333333,24,True,1015.3750416666667,24,True
2018-04-09,15.800875,24,True,1016.0695000000001,24,True
2018-04-10,14.744625,24,True,1017.048625,24,True
2018-04-11,16.640041666666665,24,True,1017.5416666666666,24,True
2018-04-12,16.565041666666666,24,True,1014.4027500000001,24,True
2018-04-13,14.106208333333333,24,True,1016.111125,24,True
2018-04-14,13.518208333333334,24,True,1016.298625,24,True
2018-04-15,13.997958333333335,24,True,1016.0763333333333,24,True
2018-04-16,15.417333333333334,24,True,1015.645875,24,True
2018-04-17,14.230791666666667,24,True,1015.1944166666667,24,True
2018-04-18,14.107125000000002,24,True,1014.3194583333334,24,True
2018-04-19,13.65925,24,True,1014.423625,24,True
2018-04-20,14.218208333333335,24,True,1014.9722499999999,24,True
2018-04-21,13.872083333333334,24,True,1013.7916666666666,24,True
2018-04-22,14.085708333333335,24,True,1014.8819583333334,24,True
2018-04-23,13.537833333333333,24,True,1014.9582916666667,24,True
2018-04-24,13.199083333333334,24,True,1017.0139166666667,24,True
2018-04-25,12.362458333333334,24,True,1014.8958333333334,24,True
2018-04-26,14.7085,24,True,1014.9374583333333,24,True
2018-04-27,14.652583333333332,24,True,1013.1804999999999,24,True
2018-04-28,13.478708333333332,24,True,1015.645875,24,True
2018-04-29,14.231958333333333,24,True,1017.2847499999999,24,True
2018-04-30,13.183625,24,True,1017.9097499999999,24,True
2018-05-01,12.770291666666667,24,True,1016.611125,24,True
2018-05-02,13.063833333333333,24,True,1016.6041666666666,24,True
2018-05-03,12.8165,24,True,1015.173625,24,True
2018-05-04,12.900458333333333,24,True,1013.4097083333332,24,True
2018-05-05,12.899083333333332,24,True,1015.5207916666667,24,True
2018-05-06,13.418750000000001,24,True,1017.5902500000001,24,True
2018-05-07,14.033375,24,True,1017.7986666666667,24,True
2018-05-08,12.673291666666666,24,True,1015.6527500000001,24,True
2018-05-09,12.094999999999999,24,True,1019.145875,24,True
2018-05-10,14.928291666666667,24,True,1020.6737083333334,24,True
2018-05-11,13.887708333333334,24,True,1013.9652916666668,24,True
2018-05-12,13.866041666666668,24,True,1016.2222083333332,24,True
2018-05-13,14.293083333333334,24,True,1016.8889166666667,24,True
2018-05-14,13.232875,24,True,1016.4930833333333,24,True
2018-05-15,12.796083333333334,24,True,1016.583375,24,True
2018-05-16,13.311416666666666,24,True,1016.60425,24,True
2018-05-17,12.916916666666665,24,True,1016.1180416666666,24,True
2018-05-18,15.032916666666667,24,True,1015.291625,24,True
2018-05-19,13.895249999999999,24,True,1013.979125,24,True
2018-05-20,13.001166666666668,24,True,1015.5624583333333,24,True
2018-05-21,11.996,24,True,1016.763875,24,True
2018-05-22,11.141916666666667,24,True,1016.1110833333333,24,True
2018-05-23,11.523291666666665,24,True,1017.2291666666666,24,True
2018-05-24,10.635125,24,True,1017.0139166666667,24,True
2018-05-25,11.792208333333333,24,True,1015.8819583333334,24,True
2018-05-26,13.069083333333333,24,True,1016.8819166666667,24,True
2018-05-27,11.969166666666666,24,True,1015.9930416666666,24,True
2018-05-28,12.524000000000001,24,True,1017.3680833333333,24,True
2018-05-29,13.837958333333333,24,True,1019.2709166666667,24,True
2018-05-30,15.29725,24,True,1017.0902500000001,24,True
2018-05-31,13.439541666666665,24,True,1015.7917083333333,24,True
2018-06-01,10.342374999999999,24,True,1015.208375,24,True
2018-06-02,11.067541666666665,24,True,1015.6041666666666,24,True
2018-06-03,10.985416666666666,24,True,1020.0485833333333,24,True
2018-06-04,10.652791666666667,24,True,1021.0416666666666,24,True
2018-06-05,11.767333333333333,24,True,1017.4236666666667,24,True
2018-06-06,14.279666666666666,24,True,1013.576375,24,True
2018-06-07,10.337291666666667,24,True,1014.2012916666666,24,True
2018-06-08,9.711291666666666,24,True,1013.7429999999999,24,True
2018-06-09,12.101083333333333,24,True,1013.2639166666667,24,True
2018-06-10,12.323041666666667,24,True,1016.2083333333334,24,True
2018-06-11,11.561458333333334,24,True,1022.5695,24,True
2018-06-12,11.586208333333333,24,True,1022.4513333333333,24,True
2018-06-13,11.393625,24,True,1020.0486666666667,24,True
2018-06-14,11.305041666666668,24,True,1019.8958333333334,24,True
2018-06-15,11.337208333333335,24,True,1018.0625,24,True
2018-06-16,11.611333333333333,24,True,1016.8680416666666,24,True
2018-06-17,11.807166666666667,24,True,1017.8402916666668,24,True
2018-06-18,9.4368,15,True,1015.7556000000001,15,True
2018-06-19,,0,False,,0,False
2018-06-20,,0,False,,0,False
2018-06-21,,0,False,,0,False
2018-06-22,,0,False,,0,False
2018-06-23,,0,False,,0,False
2018-06-24,,0,False,,0,False
2018-06-25,,0,False,,0,False
2018-06-26,,0,False,,0,False
2018-06-27,,0,False,,0,False
2018-06-28,,0,False,,0,False
2018-06-29,,0,False,,0,False
2018-06-30,,0,False,,0,False
2018-07-01,,0,False,,0,False
2018-07-02,,0,False,,0,False
2018-07-03,,0,False,,0,False
2018-07-04,,0,False,,0,False
2018-07-05,,0,False,,0,False
2018-07-06,,0,False,,0,False
2018-07-07,,0,False,,0,False
2018-07-08,,0,False,,0,False
2018-07-09,,0,False,,0,False
2018-07-10,,0,False,,0,False
2018-07-11,13.07876923076923,13,True,1017.0302727272727,11,True
2018-07-12,9.84329411764706,17,True,1016.980411764706,17,True
2018-07-13,,0,False,,0,False
2018-07-14,,0,False,,0,False
2018-07-15,,0,False,,0,False
2018-07-16,,0,False,,0,False
2018-07-17,12.639473684210527,19,True,1018.8069999999999,19,True
2018-07-18,11.744916666666667,24,True,1019.8819166666667,24,True
2018-07-19,10.229583333333332,24,True,1023.3999583333334,24,True
2018-07-20,12.116999999999999,24,True,1020.1666666666666,24,True
2018-07-21,11.693208333333333,24,True,1013.9028333333334,24,True
2018-07-22,12.024375,24,True,1018.4305416666666,24,True
2018-07-23,10.957,24,True,1015.5069166666667,24,True
2018-07-24,10.847583333333333,24,True,1020.0069583333334,24,True
2018-07-25,8.78325,24,True,1019.0485833333333,24,True
2018-07-26,9.991958333333333,24,True,1016.6041666666666,24,True
2018-07-27,11.571583333333335,24,True,1022.638875,24,True
2018-07-28,12.169166666666667,24,True,1021.5416666666666,24,True
2018-07-29,11.028916666666667,24,True,1019.0347499999999,24,True
2018-07-30,10.272541666666667,24,True,1019.2152500000001,24,True
2018-07-31,10.603125,24,True,1016.6389166666667,24,True
2018-08-01,10.90775,24,True,1018.6042083333333,24,True
2018-08-02,11.009583333333333,24,True,1020.104125,24,True
2018-08-03,12.818916666666667,24,True,1018.2152500000001,24,True
2018-08-04,11.180083333333334,24,True,1016.5694166666667,24,True
2018-08-05,10.859625000000001,24,True,1019.2222499999999,24,True
2018-08-06,11.189208333333333,24,True,1015.354125,24,True
2018-08-07,13.960791666666667,24,True,1019.1457916666667,24,True
2018-08-08,12.986875,24,True,1012.6597499999999,24,True
2018-08-09,11.181166666666668,24,True,1015.3541666666666,24,True
2018-08-10,11.496583333333334,24,True,1014.673625,24,True
2018-08-11,11.839458333333333,24,True,1016.951375,24,True
2018-08-12,11.717291666666666,24,True,1018.6666666666666,24,True
2018-08-13,13.614041666666667,24,True,1020.4166666666666,24,True
2018-08-14,11.819416666666667,24,True,1014.9027500000001,24,True
2018-08-15,10.675916666666666,24,True,1016.9097499999999,24,True
2018-08-16,12.19975,24,True,1019.166625,24,True
2018-08-17,12.305208333333333,24,True,1019.8750416666667,24,True
2018-08-18,13.984833333333333,24,True,1018.7847499999999,24,True
2018-08-19,12.46275,24,True,1014.5070000000001,24,True
2018-08-20,9.663083333333333,24,True,1018.0347083333332,24,True
2018-08-21,9.667291666666666,24,True,1018.7291666666666,24,True
2018-08-22,10.600166666666667,24,True,1018.4860833333333,24,True
2018-08-23,11.523874999999999,24,True,1020.7292083333333,24,True
2018-08-24,13.773833333333334,24,True,1018.5346666666666,24,True
2018-08-25,12.917541666666667,24,True,1013.5000416666667,24,True
2018-08-26,11.872625,24,True,1015.2292083333333,24,True
2018-08-27,12.15875,24,True,1016.9930833333333,24,True
2018-08-28,11.823125,24,True,1017.2430833333333,24,True
2018-08-29,11.945625,24,True,1016.3402916666668,24,True
2018-08-30,12.297166666666667,24,True,1017.9167083333333,24,True
2018-08-31,11.796708333333333,24,True,1018.2360833333333,24,True
2018-09-01,12.375541666666665,24,True,1019.6527916666668,24,True
2018-09-02,13.773125,24,True,1017.2292083333333,24,True
2018-09-03,11.876083333333334,24,True,1011.4027916666668,24,True
2018-09-04,12.912416666666667,24,True,1013.2847499999999,24,True
2018-09-05,13.785166666666667,24,True,1016.986125,24,True
2018-09-06,11.901541666666667,24,True,1016.125,24,True
2018-09-07,12.122541666666665,24,True,1018.7500416666667,24,True
2018-09-08,11.595833333333333,24,True,1016.6110833333333,24,True
2018-09-09,12.184833333333332,24,True,1016.0277916666668,24,True
2018-09-10,11.772666666666666,24,True,1015.0832916666667,24,True
2018-09-11,11.926833333333335,24,True,1017.0070000000001,24,True
2018-09-12,12.355666666666666,24,True,1017.0971666666666,24,True
2018-09-13,12.64275,24,True,1017.5,24,True
2018-09-14,12.728958333333333,24,True,1017.1319583333334,24,True
2018-09-15,12.846708333333332,24,True,1018.020875,24,True
2018-09-16,12.36575,24,True,1019.2985833333333,24,True
2018-09-17,12.683166666666667,24,True,1016.8402916666668,24,True
2018-09-18,13.552666666666667,24,True,1017.5972083333332,24,True
2018-09-19,15.143041666666667,24,True,1015.5833333333334,24,True
2018-09-20,16.235,24,True,1013.4306666666666,24,True
2018-09-21,14.436083333333334,24,True,1011.3888333333333,24,True
2018-09-22,12.526666666666666,24,True,1015.9305416666666,24,True
2018-09-23,13.805041666666668,24,True,1014.3819166666667,24,True
2018-09-24,13.896291666666668,24,True,1012.8264166666667,24,True
2018-09-25,12.621083333333333,24,True,1013.5278333333334,24,True
2018-09-26,13.144374999999998,24,True,1014.5694583333334,24,True
2018-09-27,13.339,24,True,1016.048625,24,True
2018-09-28,13.678333333333333,24,True,1014.7639166666667,24,True
2018-09-29,14.692875,24,True,1015.423625,24,True
2018-09-30,14.751750000000001,24,True,1015.9236666666667,24,True
2018-10-01,13.983666666666666,24,True,1015.8125,24,True
2018-10-02,13.953333333333333,24,True,1014.4722916666666,24,True
2018-10-03,14.099166666666667,24,True,1011.5485833333333,24,True
2018-10-04,13.475541666666667,24,True,1015.548625,24,True
2018-10-05,12.653416666666667,24,True,1015.5971666666666,24,True
2018-10-06,12.469708333333335,24,True,1014.0000416666667,24,True
2018-10-07,12.663874999999999,24,True,1016.6875,24,True
2018-10-08,14.053708333333333,24,True,1018.8124583333333,24,True
2018-10-09,15.467791666666665,24,True,1016.4305416666666,24,True
2018-10-10,13.321583333333335,24,True,1013.986125,24,True
2018-10-11,13.320583333333333,24,True,1018.451375,24,True
2018-10-12,12.642916666666666,24,True,1020.75,24,True
2018-10-13,12.131458333333333,24,True,1021.0416666666666,24,True
2018-10-14,13.551916666666665,24,True,1017.9166666666666,24,True
2018-10-15,12.766125,24,True,1016.381875,24,True
2018-10-16,13.23975,24,True,1016.5139166666667,24,True
2018-10-17,13.221874999999999,24,True,1017.9513333333333,24,True
2018-10-18,14.333374999999998,24,True,1016.2360833333333,24,True
2018-10-19,13.72875,24,True,1016.1944166666667,24,True
2018-10-20,13.909416666666667,24,True,1016.2430416666666,24,True
2018-10-21,14.507624999999999,24,True,1013.6179999999999,24,True
2018-10-22,13.544619047619047,21,True,1015.0794285714286,21,True
2018-10-23,12.843708333333334,24,True,1016.8153333333333,24,True
2018-10-24,14.187125,24,True,1017.263875,24,True
2018-10-25,14.420208333333333,24,True,1016.611125,24,True
2018-10-26,14.932250000000002,24,True,1014.1041666666666,24,True
2018-10-27,15.721874999999999,24,True,1013.1875,24,True
2018-10-28,13.757125,24,True,1013.7361666666667,24,True
2018-10-29,14.096791666666666,24,True,1014.5764166666667,24,True
2018-10-30,15.565833333333332,24,True,1016.208375,24,True
2018-10-31,15.241,24,True,1016.1249583333333,24,True
2018-11-01,15.108083333333333,24,True,1013.1736666666667,24,True
2018-11-02,15.079083333333335,24,True,1015.361125,24,True
2018-11-03,15.220374999999999,24,True,1015.3403333333334,24,True
2018-11-04,15.03675,24,True,1016.1736666666667,24,True
2018-11-05,14.997541666666669,24,True,1014.7569583333334,24,True
2018-11-06,14.145625,24,True,1015.0833333333334,24,True
2018-11-07,14.294166666666667,24,True,1011.8402500000001,24,True
2018-11-08,14.945500000000001,24,True,1012.0625,24,True
2018-11-09,14.523125,24,True,1013.763875,24,True
2018-11-10,14.788791666666667,24,True,1013.7222083333332,24,True
2018-11-11,16.036291666666667,24,True,1013.5625416666667,24,True
2018-11-12,15.689833333333333,24,True,1018.1250416666667,24,True
2018-11-13,16.336916666666667,24,True,1017.9375,24,True
2018-11-14,17.386958333333332,24,True,1013.0555416666666,24,True
2018-11-15,15.833625,24,True,1012.7569583333334,24,True
2018-11-16,15.928666666666667,24,True,1014.4444166666667,24,True
2018-11-17,17.869333333333334,24,True,1014.8819583333334,24,True
2018-11-18,17.294625,24,True,1010.4375416666667,24,True
2018-11-19,15.438249999999998,24,True,1013.5139166666667,24,True
2018-11-20,15.618083333333333,24,True,1014.7569166666667,24,True
2018-11-21,15.925625000000002,24,True,1015.2777916666668,24,True
2018-11-22,16.418041666666667,24,True,1014.9097083333332,24,True
2018-11-23,15.705541666666667,24,True,1014.8055833333333,24,True
2018-11-24,15.762958333333332,24,True,1013.2846666666666,24,True
2018-11-25,16.464291666666664,24,True,1013.0764166666667,24,True
2018-11-26,15.932666666666668,24,True,1015.201375,24,True
2018-11-27,15.179958333333333,24,True,1014.5625416666667,24,True
2018-11-28,15.735291666666667,24,True,1015.9027500000001,24,True
2018-11-29,15.73775,24,True,1017.2222916666666,24,True
2018-11-30,15.564375,24,True,1015.8820000000001,24,True
2018-12-01,15.814583333333333,24,True,1015.826375,24,True
2018-12-02,16.041875,24,True,1015.4791666666666,24,True
2018-12-03,16.592916666666667,24,True,1015.3819583333334,24,True
2018-12-04,16.769791666666666,24,True,1016.125,24,True
2018-12-05,17.406208333333336,24,True,1015.1527916666668,24,True
2018-12-06,16.948,24,True,1016.6527916666668,24,True
2018-12-07,17.081625,24,True,1017.423625,24,True
2018-12-08,17.385083333333334,24,True,1016.6597916666666,24,True
2018-12-09,17.866666666666667,24,True,1013.3333333333334,24,True
2018-12-10,17.22854166666667,24,True,1014.1250416666667,24,True
2018-12-11,18.214666666666666,24,True,1015.7569583333334,24,True
2018-12-12,18.075333333333333,24,True,1012.4930416666666,24,True
2018-12-13,16.263541666666665,24,True,1015.6319583333334,24,True
2018-12-14,16.3005,24,True,1015.3958333333334,24,True
2018-12-15,15.761249999999999,24,True,1015.5902916666668,24,True
2018-12-16,15.918666666666667,24,True,1014.1389166666667,24,True
2018-12-17,15.660166666666667,24,True,1014.2917083333333,24,True
2018-12-18,16.1905,24,True,1014.0695000000001,24,True
2018-12-19,16.302958333333333,24,True,1015.4930833333333,24,True
2018-12-20,15.808333333333332,24,True,1013.8332916666667,24,True
2018-12-21,15.683958333333335,24,True,1014.1319166666667,24,True
2018-12-22,17.339291666666664,24,True,1016.0277916666668,24,True
2018-12-23,17.22075,24,True,1013.1527500000001,24,True
2018-12-24,16.35108333333333,24,True,1011.6458333333334,24,True
2018-12-25,16.12875,24,True,1012.1666666666666,24,True
2018-12-26,17.075833333333332,24,True,1012.6320000000001,24,True
2018-12-27,17.365583333333333,24,True,1011.2221666666666,24,True
2018-12-28,16.85025,24,True,1011.5694583333334,24,True
2018-12-29,16.696875,24,True,1012.729125,24,True
2018-12-30,16.580333333333332,24,True,1010.951375,24,True
2018-12-31,16.380083333333335,24,True,1010.1458333333334,24,True
2019-01-01,17.008958333333332,24,True,1009.8611666666667,24,True
2019-01-02,17.1435,24,True,1009.729125,24,True
2019-01-03,16.235458333333334,24,True,1009.6945000000001,24,True
2019-01-04,15.811124999999999,24,True,1011.8124583333333,24,True
2019-01-05,16.264625,24,True,1013.2082916666667,24,True
2019-01-06,17.527125,24,True,1013.9027916666668,24,True
2019-01-07,16.940166666666666,24,True,1015.0625,24,True
2019-01-08,18.570583333333335,24,True,1016.7499583333333,24,True
2019-01-09,18.013041666666666,24,True,1016.3125,24,True
2019-01-10,17.247,24,True,1014.1249583333333,24,True
2019-01-11,16.457333333333334,24,True,1017.4930416666666,24,True
2019-01-12,16.908708333333333,24,True,1017.2222499999999,24,True
2019-01-13,17.59208333333333,24,True,1015.673625,24,True
2019-01-14,17.737916666666667,24,True,1014.1944166666667,24,True
2019-01-15,17.385083333333334,24,True,1014.263875,24,True
2019-01-16,17.611333333333334,24,True,1015.6179999999999,24,True
2019-01-17,17.717541666666666,24,True,1014.0347916666666,24,True
2019-01-18,15.887208333333334,24,True,1013.013875,24,True
2019-01-19,16.78725,24,True,1014.6111666666667,24,True
2019-01-20,17.19425,24,True,1013.0555416666666,24,True
2019-01-21,16.97970833333333,24,True,1013.2985833333333,24,True
2019-01-22,17.160083333333333,24,True,1012.9930833333333,24,True
2019-01-23,16.772791666666667,24,True,1012.375,24,True
2019-01-24,17.200916666666668,24,True,1012.4722916666666,24,True
2019-01-25,17.686041666666664,24,True,1011.8679999999999,24,True
2019-01-26,17.080208333333335,24,True,1011.958375,24,True
2019-01-27,18.028916666666667,24,True,1011.6041666666666,24,True
2019-01-28,17.603375,24,True,1011.7985416666667,24,True
2019-01-29,18.707833333333333,24,True,1014.7777500000001,24,True
2019-01-30,19.036416666666668,24,True,1013.6875833333334,24,True
2019-01-31,18.11283333333333,24,True,1012.263875,24,True
2019-02-01,17.6765,24,True,1014.5833333333334,24,True
2019-02-02,17.108333333333334,12,True,1014.4583333333334,12,True
2019-02-03,16.95,7,True,1013.0857142857143,7,True
2019-02-04,17.9808,20,True,1012.0083500000001,20,True
2019-02-05,18.910625,24,True,1010.7570000000001,24,True
2019-02-06,18.78175,24,True,1010.3610416666667,24,True
2019-02-07,18.378541666666667,24,True,1011.2569583333334,24,True
2019-02-08,18.536916666666666,24,True,1011.0277916666668,24,True
2019-02-09,17.957,24,True,1012.8889166666667,24,True
2019-02-10,18.468958333333333,24,True,1011.763875,24,True
2019-02-11,18.032208333333333,24,True,1010.5416666666666,24,True
2019-02-12,16.790499999999998,24,True,1013.1944583333334,24,True
2019-02-13,16.911166666666666,24,True,1015.0903750000001,24,True
2019-02-14,16.965416666666666,24,True,1010.8402500000001,24,True
2019-02-15,17.153625,24,True,1013.1319583333334,24,True
2019-02-16,17.923666666666666,24,True,1015.6527500000001,24,True
2019-02-17,17.793208333333332,24,True,1012.8819166666667,24,True
2019-02-18,18.054041666666667,24,True,1014.2430833333333,24,True
2019-02-19,17.795875,24,True,1014.5972083333332,24,True
2019-02-20,18.804291666666668,24,True,1013.7292083333333,24,True
2019-02-21,18.68075,24,True,1015.1805833333333,24,True
2019-02-22,19.286333333333335,24,True,1013.16675,24,True
2019-02-23,18.76575,24,True,1009.8402500000001,24,True
2019-02-24,18.025833333333335,24,True,1011.6042083333333,24,True
2019-02-25,15.82209090909091,11,True,1012.7423636363636,11,True
2019-02-26,,0,False,,0,False
2019-02-27,,0,False,,0,False
2019-02-28,,0,False,,0,False
2019-03-01,,0,False,,0,False
2019-03-02,,0,False,,0,False
2019-03-03,,0,False,,0,False
2019-03-04,17.61336842105263,19,True,1013.9298421052632,19,True
2019-03-05,16.936083333333332,24,True,1013.3402500000001,24,True
2019-03-06,16.91604166666667,24,True,1013.9721666666666,24,True
2019-03-07,16.740550000000002,20,True,1014.0,20,True
2019-03-08,16.949,15,True,1011.3266666666666,15,True
2019-03-09,,0,False,,0,False
2019-03-10,,0,False,,0,False
2019-03-11,,0,False,,0,False
2019-03-12,,0,False,,0,False
2019-03-13,,0,False,,0,False
2019-03-14,,0,False,,0,False
2019-03-15,,0,False,,0,False
2019-03-16,,0,False,,0,False
2019-03-17,,0,False,,0,False
2019-03-18,,0,False,,0,False
2019-03-19,,0,False,,0,False
2019-03-20,,0,False,,0,False
2019-03-21,,0,False,,0,False
2019-03-22,,0,False,,0,False
2019-03-23,,0,False,,0,False
2019-03-24,,0,False,,0,False
2019-03-25,,0,False,,0,False
2019-03-26,,0,False,,0,False
2019-03-27,,0,False,,0,False
2019-03-28,,0,False,,0,False
2019-03-29,,0,False,,0,False
2019-03-30,,0,False,,0,False
2019-03-31,,0,False,,0,False
2019-04-01,,0,False,,0,False
2019-04-02,,0,False,,0,False
2019-04-03,,0,False,,0,False
2019-04-04,,0,False,,0,False
2019-04-05,,0,False,,0,False
2019-04-06,,0,False,,0,False
2019-04-07,,0,False,,0,False
2019-04-08,,0,False,,0,False
2019-04-09,,0,False,,0,False
2019-04-10,,0,False,,0,False
2019-04-11,,0,False,,0,False
2019-04-12,15.882444444444445,9,True,1014.7963333333332,9,True
2019-04-13,15.836166666666665,24,True,1015.4445000000001,24,True
2019-04-14,14.333958333333333,24,True,1014.2777500000001,24,True
2019-04-15,14.321625,24,True,1013.6527916666668,24,True
2019-04-16,14.012708333333334,24,True,1014.0625416666667,24,True
2019-04-17,14.337291666666667,24,True,1013.4652500000001,24,True
2019-04-18,14.546666666666667,24,True,1014.111125,24,True
2019-04-19,15.429041666666668,24,True,1016.0695000000001,24,True
2019-04-20,15.671750000000001,24,True,1017.2152500000001,24,True
2019-04-21,13.440541666666666,24,True,1016.9027916666668,24,True
2019-04-22,13.619750000000002,24,True,1015.4722499999999,24,True
2019-04-23,13.139916666666666,24,True,1015.326375,24,True
2019-04-24,14.763208333333333,24,True,1017.9583333333334,24,True
2019-04-25,14.811875,24,True,1017.1388333333333,24,True
2019-04-26,14.447916666666666,24,True,1017.1180833333333,24,True
2019-04-27,14.496250000000002,24,True,1014.7013333333333,24,True
2019-04-28,13.496708333333332,24,True,1011.7221666666666,24,True
2019-04-29,14.41,1,True,1013.0,1,True
2019-04-30,,0,False,,0,False
2019-05-01,,0,False,,0,False
2019-05-02,,0,False,,0,False
2019-05-03,,0,False,,0,False
2019-05-04,,0,False,,0,False
2019-05-05,,0,False,,0,False
2019-05-06,,0,False,,0,False
2019-05-07,15.10975,12,True,1011.5347499999999,12,True
2019-05-08,13.121250000000002,24,True,1014.638875,24,True
2019-05-09,14.226208333333332,24,True,1017.9028333333334,24,True
2019-05-10,12.703125,24,True,1016.4583333333334,24,True
2019-05-11,13.024833333333333,24,True,1019.0208333333334,24,True
2019-05-12,12.76625,24,True,1015.8610833333333,24,True
2019-05-13,12.436541666666665,24,True,1017.4861666666667,24,True
2019-05-14,10.658958333333333,24,True,1016.0764166666667,24,True
2019-05-15,11.130875000000001,24,True,1015.833375,24,True
2019-05-16,12.502375,24,True,1016.4444583333334,24,True
2019-05-17,12.826958333333332,24,True,1017.6110833333333,24,True
2019-05-18,14.149875,24,True,1015.7916666666666,24,True
2019-05-19,12.692458333333333,24,True,1015.9166666666666,24,True
2019-05-20,13.671708333333333,24,True,1020.416625,24,True
2019-05-21,12.268749999999999,24,True,1020.2360833333333,24,True
2019-05-22,12.410874999999999,24,True,1018.3194166666667,24,True
2019-05-23,12.053541666666668,24,True,1016.7847083333332,24,True
2019-05-24,11.770291666666667,24,True,1013.3333333333334,24,True
2019-05-25,13.116833333333332,24,True,1014.9514583333333,24,True
2019-05-26,13.075333333333333,24,True,1016.7430416666666,24,True
2019-05-27,12.287791666666665,24,True,1018.1666666666666,24,True
2019-05-28,12.8815,24,True,1015.888875,24,True
2019-05-29,13.44775,24,True,1014.9444583333334,24,True
2019-05-30,14.101708333333333,24,True,1018.0277916666668,24,True
2019-05-31,13.259416666666667,24,True,1019.5833333333334,24,True
2019-06-01,13.579791666666667,24,True,1020.1249583333333,24,True
2019-06-02,12.890749999999999,24,True,1018.4583333333334,24,True
2019-06-03,13.457583333333334,24,True,1014.7082916666667,24,True
2019-06-04,11.939833333333333,24,True,1015.833375,24,True
2019-06-05,11.444541666666666,24,True,1016.7777500000001,24,True
2019-06-06,14.703958333333333,24,True,1019.2639166666667,24,True
2019-06-07,14.632083333333334,24,True,1015.9304999999999,24,True
2019-06-08,11.712416666666668,24,True,1016.7777500000001,24,True
2019-06-09,10.824,24,True,1016.298625,24,True
2019-06-10,12.024083333333332,24,True,1016.3194583333334,24,True
2019-06-11,12.327041666666666,24,True,1015.8194583333334,24,True
2019-06-12,13.421291666666667,24,True,1017.625,24,True
2019-06-13,11.621541666666667,24,True,1020.3819166666667,24,True
2019-06-14,11.715125,24,True,1019.3679999999999,24,True
2019-06-15,11.524416666666667,24,True,1021.2430416666666,24,True
2019-06-16,10.405166666666666,24,True,1018.9167083333333,24,True
2019-06-17,9.119291666666667,24,True,1021.125,24,True
2019-06-18,12.724625000000001,24,True,1018.7430833333333,24,True
2019-06-19,12.719916666666668,24,True,1010.8194583333334,24,True
2019-06-20,13.22125,24,True,1015.1735416666667,24,True
2019-06-21,13.477833333333335,24,True,1018.263875,24,True
2019-06-22,11.985624999999999,24,True,1014.8542083333333,24,True
2019-06-23,11.700875000000002,24,True,1015.4027916666668,24,True
2019-06-24,12.404208333333335,24,True,1017.6180833333333,24,True
2019-06-25,12.473041666666667,24,True,1019.2152916666668,24,True
2019-06-26,11.317958333333335,24,True,1016.4514166666667,24,True
2019-06-27,11.654874999999999,24,True,1013.3402916666668,24,True
2019-06-28,12.915541666666668,24,True,1014.388875,24,True
2019-06-29,13.531833333333333,24,True,1019.3750416666667,24,True
2019-06-30,11.8065,24,True,1018.298625,24,True
2019-07-01,10.118666666666668,24,True,1018.479125,24,True
2019-07-02,10.130958333333334,24,True,1017.173625,24,True
2019-07-03,11.08,24,True,1014.548625,24,True
2019-07-04,11.94675,24,True,1014.2707916666667,24,True
2019-07-05,10.501875,24,True,1014.4722083333332,24,True
2019-07-06,13.177208333333333,24,True,1016.6874583333333,24,True
2019-07-07,13.164625000000001,24,True,1016.951375,24,True
2019-07-08,12.8715,24,True,1019.3124583333333,24,True
2019-07-09,12.222583333333333,24,True,1018.8333333333334,24,True
2019-07-10,9.972708333333333,24,True,1018.2222499999999,24,True
2019-07-11,10.6495,24,True,1018.5555833333333,24,True
2019-07-12,11.513875,24,True,1017.6804999999999,24,True
2019-07-13,12.973833333333333,24,True,1017.263875,24,True
2019-07-14,12.456000000000001,24,True,1017.7847499999999,24,True
2019-07-15,10.441583333333334,24,True,1015.5764166666667,24,True
2019-07-16,11.573541666666666,24,True,1018.1944166666667,24,True
2019-07-17,11.258416666666667,24,True,1019.076375,24,True
2019-07-18,11.638666666666666,24,True,1018.4929999999999,24,True
2019-07-19,12.924458333333334,24,True,1014.1458333333334,24,True
2019-07-20,11.722541666666666,24,True,1012.8264166666667,24,True
2019-07-21,11.703208333333334,24,True,1017.4027500000001,24,True
2019-07-22,12.095125000000001,24,True,1017.8472083333332,24,True
2019-07-23,10.381708333333334,24,True,1020.9304999999999,24,True
2019-07-24,9.609416666666666,24,True,1021.6875416666667,24,True
2019-07-25,10.45725,24,True,1025.1249583333333,24,True
2019-07-26,11.637458333333333,24,True,1020.0902500000001,24,True
2019-07-27,10.126583333333334,24,True,1017.0554999999999,24,True
2019-07-28,10.759333333333332,24,True,1020.458375,24,True
2019-07-29,12.183625,24,True,1019.5277916666668,24,True
2019-07-30,16.091625,24,True,1013.2360833333333,24,True
2019-07-31,14.365541666666667,24,True,1015.1110833333333,24,True
2019-08-01,13.983666666666666,24,True,1019.923625,24,True
2019-08-02,12.459083333333334,24,True,1018.4097499999999,24,True
2019-08-03,11.589125000000001,24,True,1014.7360833333333,24,True
2019-08-04,11.614416666666665,24,True,1015.5277916666668,24,True
2019-08-05,12.475583333333333,24,True,1018.0972499999999,24,True
2019-08-06,11.5075,24,True,1019.4930833333333,24,True
2019-08-07,11.199541666666667,24,True,1020.2500416666667,24,True
2019-08-08,10.90575,24,True,1022.548625,24,True
2019-08-09,10.326083333333333,24,True,1023.5625,24,True
2019-08-10,10.815916666666666,24,True,1017.7083333333334,24,True
2019-08-11,11.932416666666667,24,True,1020.7222499999999,24,True
2019-08-12,14.395333333333333,24,True,1018.6944166666667,24,True
2019-08-13,13.126958333333334,24,True,1010.1110416666667,24,True
2019-08-14,12.980291666666666,24,True,1015.423625,24,True
2019-08-15,12.685208333333334,24,True,1018.229125,24,True
2019-08-16,12.383249999999999,24,True,1019.6458333333334,24,True
2019-08-17,12.2265,24,True,1019.1527916666668,24,True
2019-08-18,11.829583333333334,24,True,1017.9582916666667,24,True
2019-08-19,10.920125,24,True,1017.201375,24,True
2019-08-20,11.223458333333333,24,True,1015.6597083333332,24,True
2019-08-21,11.553875,24,True,1017.729125,24,True
2019-08-22,12.758375000000001,24,True,1014.8957916666667,24,True
2019-08-23,11.520791666666668,24,True,1016.0694583333334,24,True
2019-08-24,12.077375000000002,24,True,1016.645875,24,True
2019-08-25,12.7515,24,True,1017.138875,24,True
2019-08-26,16.008375,24,True,1015.5902916666668,24,True
2019-08-27,22.000375000000002,24,True,1009.4514166666667,24,True
2019-08-28,13.541333333333334,24,True,1014.930625,24,True
2019-08-29,11.874791666666667,24,True,1015.9929999999999,24,True
2019-08-30,13.497124999999999,24,True,1016.2360416666667,24,True
2019-08-31,12.038958333333333,24,True,1017.3472499999999,24,True
2019-09-01,11.290666666666667,24,True,1015.4236666666667,24,True
2019-09-02,11.484333333333334,24,True,1015.4722083333332,24,True
2019-09-03,10.08625,24,True,1014.2292083333333,24,True
2019-09-04,11.997416666666666,24,True,1015.2360833333333,24,True
2019-09-05,12.898958333333333,24,True,1017.361125,24,True
2019-09-06,11.358625000000002,24,True,1016.9930833333333,24,True
2019-09-07,12.233291666666666,24,True,1018.986125,24,True
2019-09-08,12.103166666666667,24,True,1019.6944583333334,24,True
2019-09-09,12.117708333333333,24,True,1021.8195416666667,24,True
2019-09-10,11.53375,24,True,1019.6457916666667,24,True
2019-09-11,12.643583333333334,24,True,1021.4583333333334,24,True
2019-09-12,12.697541666666666,24,True,1014.4652916666668,24,True
2019-09-13,12.941083333333333,24,True,1015.5764166666667,24,True
2019-09-14,12.911041666666668,24,True,1016.9792083333333,24,True
2019-09-15,11.95575,24,True,1019.1458333333334,24,True
2019-09-16,12.546333333333335,24,True,1019.3402500000001,24,True
2019-09-17,11.301499999999999,24,True,1019.9514583333333,24,True
2019-09-18,11.980458333333333,24,True,1015.3610416666667,24,True
2019-09-19,13.466125,24,True,1019.2915833333333,24,True
2019-09-20,13.28325,24,True,1018.2430416666666,24,True
2019-09-21,12.371,24,True,1016.1458333333334,24,True
2019-09-22,12.207875,24,True,1018.4584166666667,24,True
2019-09-23,12.528458333333333,24,True,1018.9583333333334,24,True
2019-09-24,11.493791666666667,24,True,1017.6179999999999,24,True
2019-09-25,11.655291666666665,24,True,1017.3819583333334,24,True
2019-09-26,12.791208333333332,24,True,1015.729125,24,True
2019-09-27,13.821583333333335,24,True,1018.3402500000001,24,True
2019-09-28,12.806291666666667,24,True,1016.548625,24,True
2019-09-29,13.200291666666667,24,True,1017.361125,24,True
2019-09-30,14.368041666666665,24,True,1016.9861666666667,24,True
2019-10-01,12.665750000000001,24,True,1019.243125,24,True
2019-10-02,12.484666666666667,24,True,1018.201375,24,True
2019-10-03,13.357,24,True,1020.1875416666667,24,True
2019-10-04,13.032833333333334,24,True,1020.8611666666667,24,True
2019-10-05,12.650125000000001,24,True,1020.8194583333334,24,True
2019-10-06,14.728583333333333,24,True,1016.923625,24,True
2019-10-07,15.361208333333332,24,True,1013.9652500000001,24,True
2019-10-08,11.947833333333334,24,True,1013.1457916666667,24,True
2019-10-09,11.473041666666667,24,True,1012.7430833333333,24,True
2019-10-10,12.195791666666667,24,True,1012.7222916666666,24,True
2019-10-11,12.514000000000001,24,True,1013.833375,24,True
2019-10-12,13.034166666666666,24,True,1012.7083333333334,24,True
2019-10-13,13.23375,24,True,1012.5138333333333,24,True
2019-10-14,14.446458333333332,24,True,1016.8541666666666,24,True
2019-10-15,14.510916666666667,24,True,1016.5694583333334,24,True
2019-10-16,13.050083333333333,24,True,1018.8958333333334,24,True
2019-10-17,13.766874999999999,24,True,1018.701375,24,True
2019-10-18,13.266125,24,True,1015.895875,24,True
2019-10-19,13.496333333333332,24,True,1019.0625416666667,24,True
2019-10-20,14.699791666666668,24,True,1021.763875,24,True
2019-10-21,15.148333333333333,24,True,1015.16675,24,True
2019-10-22,13.651666666666666,24,True,1015.763875,24,True
2019-10-23,13.935583333333334,24,True,1017.2430416666666,24,True
2019-10-24,14.351916666666668,24,True,1017.1458333333334,24,True
2019-10-25,13.773791666666668,24,True,1013.2778333333334,24,True
2019-10-26,14.442375,24,True,1014.7917083333333,24,True
2019-10-27,14.654125,24,True,1014.5277500000001,24,True
2019-10-28,14.988333333333335,24,True,1016.2291666666666,24,True
2019-10-29,15.244208333333333,24,True,1015.0208333333334,24,True
2019-10-30,15.178708333333333,24,True,1013.1458333333334,24,True
2019-10-31,13.885833333333332,24,True,1015.3402500000001,24,True
2019-11-01,14.995166666666668,24,True,1018.263875,24,True
2019-11-02,14.846458333333333,24,True,1012.3541666666666,24,True
2019-11-03,14.241916666666667,24,True,1014.1319583333334,24,True
2019-11-04,15.105708333333332,24,True,1015.1874583333333,24,True
2019-11-05,14.755833333333333,24,True,1013.2985416666667,24,True
2019-11-06,14.539166666666667,24,True,1014.0555833333333,24,True
2019-11-07,13.221181818181817,11,True,1011.8788181818181,11,True
2019-11-08,,0,False,,0,False
2019-11-09,,0,False,,0,False
2019-11-10,,0,False,,0,False
2019-11-11,,0,False,,0,False
2019-11-12,15.14131818181818,22,True,1015.1666818181819,22,True
2019-11-13,15.192750000000002,24,True,1016.5000416666667,24,True
2019-11-14,15.107333333333335,24,True,1014.1291249999999,24,True
2019-11-15,15.089,24,True,1015.3333333333334,24,True
2019-11-16,16.401374999999998,24,True,1014.8610833333333,24,True
2019-11-17,16.802833333333336,24,True,1014.2152916666668,24,True
2019-11-18,16.075166666666668,24,True,1011.2153333333334,24,True
2019-11-19,16.138541666666665,24,True,1013.5485833333333,24,True
2019-11-20,16.042458333333332,24,True,1014.4305833333333,24,True
2019-11-21,16.641916666666667,24,True,1015.4235416666667,24,True
2019-11-22,16.855125,24,True,1015.5555416666666,24,True
2019-11-23,16.719083333333334,24,True,1015.3819583333334,24,True
2019-11-24,17.536041666666666,24,True,1015.4999583333333,24,True
2019-11-25,17.049333333333333,24,True,1016.0625,24,True
2019-11-26,16.620416666666667,24,True,1014.7430416666666,24,True
2019-11-27,16.321291666666667,24,True,1011.1041666666666,24,True
2019-11-28,15.376541666666666,24,True,1012.4721666666666,24,True
2019-11-29,15.630916666666666,24,True,1015.125,24,True
2019-11-30,15.770458333333332,24,True,1011.4792083333333,24,True
2019-12-01,14.863,24,True,1016.7639166666667,24,True
2019-12-02,16.39945833333333,24,True,1014.4930416666666,24,True
2019-12-03,15.280708333333335,24,True,1012.3333333333334,24,True
2019-12-04,15.149625,24,True,1014.8194166666667,24,True
2019-12-05,14.451375,24,True,1016.5486666666667,24,True
2019-12-06,15.40125,24,True,1017.4445000000001,24,True
2019-12-07,15.601958333333334,24,True,1016.3333333333334,24,True
2019-12-08,14.919333333333334,24,True,1015.7083333333334,24,True
2019-12-09,15.369041666666666,24,True,1015.8541666666666,24,True
2019-12-10,15.83525,24,True,1015.7291666666666,24,True
2019-12-11,16.317875,24,True,1014.763875,24,True
2019-12-12,15.01475,24,True,1013.0625,24,True
2019-12-13,15.941916666666666,24,True,1015.0485833333333,24,True
2019-12-14,16.70841666666667,24,True,1015.4722083333332,24,True
2019-12-15,17.654708333333332,24,True,1014.7777916666668,24,True
2019-12-16,16.780583333333333,24,True,1011.3472499999999,24,True
2019-12-17,14.929375,24,True,1011.2777916666668,24,True
2019-12-18,15.180916666666667,24,True,1012.9929999999999,24,True
2019-12-19,16.352875,24,True,1014.4305416666666,24,True
2019-12-20,16.872291666666666,24,True,1012.361125,24,True
2019-12-21,16.4105,24,True,1011.3055833333333,24,True
2019-12-22,15.017916666666666,24,True,1011.7430416666666,24,True
2019-12-23,15.855875,24,True,1012.5139166666667,24,True
2019-12-24,17.358875,24,True,1012.2500416666667,24,True
2019-12-25,16.841416666666667,24,True,1011.3332916666667,24,True
2019-12-26,16.931208333333334,24,True,1011.0000416666667,24,True
2019-12-27,15.890666666666666,24,True,1013.9305416666666,24,True
2019-12-28,16.532666666666668,24,True,1011.2707916666667,24,True
2019-12-29,15.638375000000002,24,True,1012.8680416666666,24,True
2019-12-30,15.972791666666666,24,True,1014.3958333333334,24,True
2019-12-31,15.661833333333334,24,True,1013.5347499999999,24,True
2020-01-01,16.08175,24,True,1014.5555416666666,24,True
2020-01-02,16.231625,24,True,1015.6597916666666,24,True
2020-01-03,16.632416666666668,24,True,1016.8125,24,True
2020-01-04,16.789791666666666,24,True,1015.2847083333332,24,True
2020-01-05,17.399708333333333,24,True,1017.0277083333334,24,True
2020-01-06,18.004416666666668,24,True,1015.3472499999999,24,True
2020-01-07,17.576249999999998,24,True,1014.333375,24,True
2020-01-08,17.782291666666666,24,True,1016.7152083333334,24,True
2020-01-09,18.605625,24,True,1014.3610833333333,24,True
2020-01-10,17.622,24,True,1011.9097916666666,24,True
2020-01-11,17.595291666666665,24,True,1010.7916666666666,24,True
2020-01-12,17.327625,24,True,1011.520875,24,True
2020-01-13,17.1415,24,True,1011.2639166666667,24,True
2020-01-14,16.984833333333334,24,True,1011.4445000000001,24,True
2020-01-15,16.970916666666668,24,True,1011.0139166666667,24,True
2020-01-16,16.408416666666668,24,True,1011.4375,24,True
2020-01-17,17.091416666666667,24,True,1010.854125,24,True
2020-01-18,17.369458333333334,24,True,1010.0695000000001,24,True
2020-01-19,17.948666666666664,24,True,1012.4374583333333,24,True
2020-01-20,18.11581818181818,22,True,1012.2197272727273,22,True
2020-01-21,17.5033,20,True,1012.84995,20,True
2020-01-22,17.899208333333334,24,True,1013.4930833333333,24,True
2020-01-23,19.573333333333334,24,True,1015.333375,24,True
2020-01-24,20.164375,24,True,1014.8542083333333,24,True
2020-01-25,19.286333333333335,24,True,1015.5764166666667,24,True
2020-01-26,19.376166666666666,24,True,1016.1180833333333,24,True
2020-01-27,19.184416666666667,24,True,1014.4375416666667,24,True
2020-01-28,18.694041666666667,24,True,1014.104125,24,True
2020-01-29,19.65608333333333,24,True,1014.6180416666666,24,True
2020-01-30,18.196583333333333,24,True,1014.8125416666667,24,True
2020-01-31,18.507291666666667,24,True,1014.5555416666666,24,True
2020-02-01,18.920833333333334,24,True,1013.7014166666667,24,True
2020-02-02,18.76879166666667,24,True,1014.9444166666667,24,True
2020-02-03,18.954333333333334,24,True,1013.75,24,True
2020-02-04,18.960666666666665,24,True,1013.8333333333334,24,True
2020-02-05,18.09875,24,True,1012.2847499999999,24,True
2020-02-06,17.353666666666665,24,True,1014.611125,24,True
2020-02-07,17.092583333333334,24,True,1014.666625,24,True
2020-02-08,17.027166666666666,24,True,1013.798625,24,True
2020-02-09,17.142500000000002,24,True,1015.0069583333334,24,True
2020-02-10,16.965541666666667,24,True,1014.3055833333333,24,True
2020-02-11,17.322791666666667,24,True,1012.666625,24,True
2020-02-12,18.597708333333333,24,True,1012.041625,24,True
2020-02-13,18.360958333333333,24,True,1010.7500833333334,24,True
2020-02-14,16.632083333333334,24,True,1011.1944583333334,24,True
2020-02-15,16.609375,24,True,1011.513875,24,True
2020-02-16,16.20029166666667,24,True,1011.4583333333334,24,True
2020-02-17,17.463375,24,True,1010.5902500000001,24,True
2020-02-18,16.648666666666667,24,True,1009.375,24,True
2020-02-19,16.20025,24,True,1011.1389166666667,24,True
2020-02-20,15.961458333333333,24,True,1012.3402916666668,24,True
2020-02-21,17.346708333333336,24,True,1014.3055416666666,24,True
2020-02-22,17.32004166666667,24,True,1015.430625,24,True
2020-02-23,16.781458333333333,24,True,1015.5625,24,True
2020-02-24,16.877666666666666,24,True,1015.5207916666667,24,True
2020-02-25,16.627416666666665,24,True,1014.9930416666666,24,True
2020-02-26,16.795791666666666,24,True,1014.861125,24,True
2020-02-27,17.165499999999998,24,True,1015.3958333333334,24,True
2020-02-28,16.793,24,True,1015.7985833333333,24,True
2020-02-29,16.602125,24,True,1015.25,24,True
2020-03-01,17.238916666666665,24,True,1015.3819166666667,24,True
2020-03-02,17.312875000000002,24,True,1014.8472083333332,24,True
2020-03-03,16.7885,24,True,1014.2013333333333,24,True
2020-03-04,17.297083333333333,24,True,1013.3472083333332,24,True
2020-03-05,16.451041666666665,24,True,1013.041625,24,True
2020-03-06,17.240083333333335,24,True,1013.9514166666667,24,True
2020-03-07,17.629416666666668,24,True,1012.9791666666666,24,True
2020-03-08,17.744,24,True,1013.3957916666667,24,True
2020-03-09,17.215666666666667,24,True,1014.6805833333333,24,True
2020-03-10,17.18466666666667,24,True,1014.1737083333334,24,True
2020-03-11,17.380041666666667,24,True,1013.1042083333333,24,True
2020-03-12,17.686541666666667,24,True,1012.7292083333333,24,True
2020-03-13,18.03804166666667,24,True,1015.0694166666667,24,True
2020-03-14,17.716625,24,True,1013.9027916666668,24,True
2020-03-15,17.036375,24,True,1014.7152916666668,24,True
2020-03-16,16.917666666666666,24,True,1014.9444583333334,24,True
2020-03-17,17.194916666666668,24,True,1015.9514166666667,24,True
2020-03-18,16.377416666666665,24,True,1016.2916666666666,24,True
2020-03-19,16.645333333333333,24,True,1016.8611666666667,24,True
2020-03-20,16.217041666666667,24,True,1015.0694583333334,24,True
2020-03-21,17.011041666666667,24,True,1016.5485833333333,24,True
2020-03-22,17.874125,24,True,1016.8402500000001,24,True
2020-03-23,17.214458333333333,24,True,1016.3054999999999,24,True
2020-03-24,16.926291666666668,24,True,1015.1527916666668,24,True
2020-03-25,16.949416666666668,24,True,1013.7707916666667,24,True
2020-03-26,17.336583333333333,24,True,1012.9722499999999,24,True
2020-03-27,17.596458333333334,24,True,1013.0555416666666,24,True
2020-03-28,16.939708333333332,24,True,1013.826375,24,True
2020-03-29,16.885291666666667,24,True,1013.6805833333333,24,True
2020-03-30,15.767166666666666,24,True,1013.2083333333334,24,True
2020-03-31,15.646125,24,True,1013.298625,24,True
2020-04-01,15.482624999999999,24,True,1013.8332916666667,24,True
2020-04-02,15.496375,24,True,1013.9583333333334,24,True
2020-04-03,15.973166666666666,24,True,1012.2014583333333,24,True
2020-04-04,15.681875,24,True,1010.9028333333334,24,True
2020-04-05,16.076958333333334,24,True,1014.5764166666667,24,True
2020-04-06,15.409916666666668,24,True,1014.111125,24,True
2020-04-07,15.358125,24,True,1013.1527916666668,24,True
2020-04-08,16.221041666666668,24,True,1015.1527500000001,24,True
2020-04-09,17.62188888888889,18,True,1015.3518888888889,18,True
2020-04-10,,0,False,,0,False
2020-04-11,,0,False,,0,False
2020-04-12,15.92429411764706,17,True,1019.4117647058823,17,True
2020-04-13,16.459625,24,True,1017.6805416666666,24,True
2020-04-14,14.051166666666667,24,True,1016.5902916666668,24,True
2020-04-15,15.410666666666666,24,True,1018.4791666666666,24,True
2020-04-16,15.469833333333334,24,True,1019.7222083333332,24,True
2020-04-17,15.029315789473685,19,True,1017.114052631579,19,True
2020-04-18,14.86352380952381,21,True,1016.531761904762,21,True
2020-04-19,14.720458333333333,24,True,1016.3472499999999,24,True
2020-04-20,15.226875,24,True,1016.1944583333334,24,True
2020-04-21,15.222458333333334,24,True,1015.9097083333332,24,True
2020-04-22,15.377416666666667,24,True,1015.361125,24,True
2020-04-23,15.738999999999999,12,True,1015.3958333333334,12,True
2020-04-24,,0,False,,0,False
2020-04-25,,0,False,,0,False
2020-04-26,,0,False,,0,False
2020-04-27,,0,False,,0,False
2020-04-28,,0,False,,0,False
2020-04-29,,0,False,,0,False
2020-04-30,,0,False,,0,False
2020-05-01,,0,False,,0,False
2020-05-02,,0,False,,0,False
2020-05-03,,0,False,,0,False
2020-05-04,,0,False,,0,False
2020-05-05,,0,False,,0,False
2020-05-06,,0,False,,0,False
2020-05-07,,0,False,,0,False
2020-05-08,,0,False,,0,False
2020-05-09,,0,False,,0,False
2020-05-10,,0,False,,0,False
2020-05-11,,0,False,,0,False
2020-05-12,,0,False,,0,False
2020-05-13,,0,False,,0,False
2020-05-14,,0,False,,0,False
2020-05-15,,0,False,,0,False
2020-05-16,,0,False,,0,False
2020-05-17,,0,False,,0,False
2020-05-18,15.304625,8,True,1016.833375,8,True
2020-05-19,15.279333333333334,24,True,1017.3819583333334,24,True
2020-05-20,13.871291666666666,24,True,1017.75,24,True
2020-05-21,13.50325,24,True,1019.4097499999999,24,True
2020-05-22,12.359166666666667,24,True,1019.1735416666667,24,True
2020-05-23,12.328916666666666,24,True,1015.5902500000001,24,True
2020-05-24,11.741708333333333,24,True,1014.2292083333333,24,True
2020-05-25,13.635291666666667,24,True,1012.6041666666666,24,True
2020-05-26,14.615291666666666,24,True,1014.0,24,True
2020-05-27,14.795166666666667,24,True,1015.1457916666667,24,True
2020-05-28,14.347875,24,True,1016.5972499999999,24,True
2020-05-29,15.13575,24,True,1018.4583333333334,24,True
2020-05-30,13.691875000000001,24,True,1017.4792083333333,24,True
2020-05-31,14.770916666666666,24,True,1019.3680833333333,24,True
2020-06-01,13.450333333333333,24,True,1021.9444166666667,24,True
2020-06-02,12.977083333333333,24,True,1018.6666666666666,24,True
2020-06-03,12.481041666666668,24,True,1018.7083333333334,24,True
2020-06-04,12.64575,24,True,1021.1875,24,True
2020-06-05,12.704125,24,True,1019.8680833333333,24,True
2020-06-06,12.22125,24,True,1017.6041666666666,24,True
2020-06-07,11.290791666666665,24,True,1020.013875,24,True
2020-06-08,12.870458333333334,24,True,1019.2847499999999,24,True
2020-06-09,12.231708333333332,24,True,1015.3958333333334,24,True
2020-06-10,11.614583333333334,24,True,1016.2082916666667,24,True
2020-06-11,11.311375,24,True,1020.0208333333334,24,True
2020-06-12,12.711583333333332,24,True,1021.763875,24,True
2020-06-13,14.420041666666668,24,True,1014.95825,24,True
2020-06-14,13.125541666666665,24,True,1012.8679999999999,24,True
2020-06-15,14.202333333333334,24,True,1017.0,24,True
2020-06-16,13.001875,24,True,1015.2013333333333,24,True
2020-06-17,13.073749999999999,24,True,1018.66675,24,True
2020-06-18,13.571666666666665,24,True,1018.25,24,True
2020-06-19,13.785333333333334,24,True,1018.4375,24,True
2020-06-20,13.447000000000001,24,True,1017.229125,24,True
2020-06-21,13.709000000000001,24,True,1016.9305416666666,24,True
2020-06-22,12.968583333333333,24,True,1015.881875,24,True
2020-06-23,13.149208333333334,24,True,1016.3889166666667,24,True
2020-06-24,12.474666666666666,24,True,1019.1597083333332,24,True
2020-06-25,12.815083333333334,24,True,1016.9791666666666,24,True
2020-06-26,12.688666666666668,24,True,1018.548625,24,True
2020-06-27,13.2335,24,True,1014.4860833333333,24,True
2020-06-28,12.24075,24,True,1014.6180833333333,24,True
2020-06-29,13.218458333333333,24,True,1017.9375,24,True
2020-06-30,13.638083333333334,24,True,1020.8194583333334,24,True
2020-07-01,16.040041666666667,24,True,1017.4027916666668,24,True
2020-07-02,14.894416666666666,24,True,1016.138875,24,True
2020-07-03,12.656333333333334,24,True,1015.3124583333333,24,True
2020-07-04,11.568583333333335,24,True,1018.3194166666667,24,True
2020-07-05,12.779041666666666,24,True,1018.9375416666667,24,True
2020-07-06,11.662541666666668,24,True,1015.4236666666667,24,True
2020-07-07,12.441916666666666,24,True,1023.076375,24,True
2020-07-08,13.099625000000001,24,True,1022.8055416666666,24,True
2020-07-09,14.111541666666668,24,True,1017.736125,24,True
2020-07-10,13.358875,24,True,1017.3679999999999,24,True
2020-07-11,12.134291666666668,24,True,1018.2499583333333,24,True
2020-07-12,12.101541666666668,24,True,1015.4027916666668,24,True
2020-07-13,12.505625,24,True,1017.9722499999999,24,True
2020-07-14,11.208125,24,True,1016.173625,24,True
2020-07-15,11.418,24,True,1016.423625,24,True
2020-07-16,11.201291666666668,24,True,1015.0972083333332,24,True
2020-07-17,11.031875,24,True,1015.888875,24,True
2020-07-18,12.225166666666667,24,True,1016.8333333333334,24,True
2020-07-19,12.289250000000001,24,True,1016.888875,24,True
2020-07-20,11.727916666666667,24,True,1016.5000416666667,24,True
2020-07-21,12.031,24,True,1018.7847083333332,24,True
2020-07-22,11.462958333333333,24,True,1019.9514166666667,24,True
2020-07-23,10.339375,24,True,1021.7152916666668,24,True
2020-07-24,11.222999999999999,24,True,1024.9375,24,True
2020-07-25,13.736916666666666,24,True,1019.2777916666668,24,True
2020-07-26,13.693291666666667,24,True,1017.0346666666666,24,True
2020-07-27,13.854833333333334,24,True,1018.5764166666667,24,True
2020-07-28,13.212458333333332,24,True,1017.4097083333332,24,True
2020-07-29,11.304124999999999,24,True,1015.1527500000001,24,True
2020-07-30,12.702708333333334,24,True,1018.2082916666667,24,True
2020-07-31,12.648666666666665,24,True,1013.5972083333332,24,True
2020-08-01,12.324375000000002,24,True,1017.8332916666667,24,True
2020-08-02,11.959541666666667,24,True,1017.1041666666666,24,True
2020-08-03,11.987083333333333,24,True,1017.4305833333333,24,True
2020-08-04,11.235791666666666,24,True,1018.5833333333334,24,True
2020-08-05,14.552,24,True,1019.5694166666667,24,True
2020-08-06,13.204333333333333,24,True,1015.798625,24,True
2020-08-07,11.276083333333332,24,True,1016.0347083333332,24,True
2020-08-08,10.529875,24,True,1017.0832916666667,24,True
2020-08-09,12.157000000000002,24,True,1017.5485833333333,24,True
2020-08-10,14.872666666666667,24,True,1014.7361666666667,24,True
2020-08-11,11.371791666666667,24,True,1014.3264166666667,24,True
2020-08-12,10.049166666666666,24,True,1017.4097499999999,24,True
2020-08-13,10.033958333333333,24,True,1016.7500416666667,24,True
2020-08-14,11.425333333333333,24,True,1018.7570000000001,24,True
2020-08-15,11.125708333333334,24,True,1016.361125,24,True
2020-08-16,10.344958333333333,24,True,1017.3888333333333,24,True
2020-08-17,9.972166666666666,24,True,1018.3610833333333,24,True
2020-08-18,10.614416666666667,24,True,1022.1250416666667,24,True
2020-08-19,11.445208333333333,24,True,1020.7499583333333,24,True
2020-08-20,10.293000000000001,24,True,1019.9584166666667,24,True
2020-08-21,10.466875,24,True,1016.3402500000001,24,True
2020-08-22,11.161083333333332,24,True,1014.673625,24,True
2020-08-23,12.64625,24,True,1015.263875,24,True
2020-08-24,13.504041666666666,24,True,1014.8819166666667,24,True
2020-08-25,12.615625,24,True,1018.1458333333334,24,True
2020-08-26,11.925875,24,True,1020.0209166666667,24,True
2020-08-27,11.309958333333334,24,True,1020.75,24,True
2020-08-28,10.996708333333332,24,True,1021.6735416666667,24,True
2020-08-29,12.063583333333334,24,True,1020.5625416666667,24,True
2020-08-30,12.234416666666666,24,True,1016.1944583333334,24,True
2020-08-31,11.701416666666667,24,True,1019.6458333333334,24,True
2020-09-01,12.826625,24,True,1022.298625,24,True
2020-09-02,12.020958333333333,24,True,1020.4583333333334,24,True
2020-09-03,12.688875000000001,24,True,1017.1944166666667,24,True
2020-09-04,12.664166666666667,24,True,1016.2778333333334,24,True
2020-09-05,13.42675,24,True,1019.9722916666666,24,True
2020-09-06,12.286625,24,True,1017.4444166666667,24,True
2020-09-07,13.245708333333333,24,True,1016.6319583333334,24,True
2020-09-08,12.342958333333334,24,True,1019.4235833333333,24,True
2020-09-09,13.081416666666668,24,True,1019.2430416666666,24,True
2020-09-10,15.7735,24,True,1015.1457916666667,24,True
2020-09-11,13.109666666666667,24,True,1015.1527500000001,24,True
2020-09-12,12.242125,24,True,1015.3819166666667,24,True
2020-09-13,12.461166666666665,24,True,1016.27075,24,True
2020-09-14,11.844583333333333,24,True,1016.4722083333332,24,True
2020-09-15,12.52925,24,True,1020.5139166666667,24,True
2020-09-16,12.390291666666668,24,True,1019.576375,24,True
2020-09-17,11.937291666666667,24,True,1016.2707916666667,24,True
2020-09-18,12.094916666666668,24,True,1015.5764166666667,24,True
2020-09-19,12.649500000000002,24,True,1016.8542083333333,24,True
2020-09-20,12.35875,24,True,1016.833375,24,True
2020-09-21,12.880375,24,True,1016.3125416666667,24,True
2020-09-22,12.181750000000001,24,True,1015.3402916666668,24,True
2020-09-23,11.664041666666668,24,True,1015.4860833333333,24,True
2020-09-24,13.213625,24,True,1017.2639166666667,24,True
2020-09-25,13.448,24,True,1019.9722499999999,24,True
2020-09-26,13.390333333333333,24,True,1019.8889166666667,24,True
2020-09-27,12.655000000000001,24,True,1017.014,24,True
2020-09-28,11.760333333333334,24,True,1013.2570000000001,24,True
2020-09-29,13.398125,24,True,1017.2847499999999,24,True
2020-09-30,12.710166666666666,24,True,1017.1805416666666,24,True
2020-10-01,12.302999999999999,24,True,1016.6111666666667,24,True
2020-10-02,11.808208333333333,24,True,1017.5555833333333,24,True
2020-10-03,12.004791666666668,24,True,1019.1319166666667,24,True
2020-10-04,12.740083333333333,24,True,1017.3055833333333,24,True
2020-10-05,12.430458333333334,24,True,1015.9722083333332,24,True
2020-10-06,13.644958333333333,24,True,1016.8125416666667,24,True
2020-10-07,12.912666666666667,24,True,1018.1320000000001,24,True
2020-10-08,14.266791666666668,24,True,1018.111125,24,True
2020-10-09,14.287125000000001,24,True,1014.0207916666667,24,True
2020-10-10,12.741833333333332,24,True,1014.6666666666666,24,True
2020-10-11,13.040583333333332,24,True,1015.5416666666666,24,True
2020-10-12,12.949208333333333,24,True,1015.4374583333333,24,True
2020-10-13,12.8105,24,True,1014.6527083333334,24,True
2020-10-14,13.823416666666667,24,True,1015.5902916666668,24,True
2020-10-15,12.784875,24,True,1014.1042083333333,24,True
2020-10-16,13.255958333333334,24,True,1016.4374583333333,24,True
2020-10-17,12.935708333333332,24,True,1013.9166666666666,24,True
2020-10-18,13.793833333333334,24,True,1014.5,24,True
2020-10-19,13.648541666666667,24,True,1015.8125,24,True
2020-10-20,14.382208333333333,24,True,1013.6180416666666,24,True
2020-10-21,13.496916666666666,24,True,1016.9305416666666,24,True
2020-10-22,12.892416666666668,24,True,1015.7638333333333,24,True
2020-10-23,12.969875,24,True,1016.1485833333332,24,True
2020-10-24,12.998666666666667,24,True,1017.298625,24,True
2020-10-25,14.546541666666668,24,True,1018.7361666666667,24,True
2020-10-26,13.934791666666667,24,True,1014.3333333333334,24,True
2020-10-27,13.248458333333334,24,True,1016.763875,24,True
2020-10-28,14.773833333333334,24,True,1015.888875,24,True
2020-10-29,12.923,24,True,1015.6041666666666,24,True
2020-10-30,13.139916666666666,24,True,1016.541625,24,True
2020-10-31,12.699458333333332,24,True,1016.9722083333332,24,True
2020-11-01,13.155958333333333,24,True,1017.986125,24,True
2020-11-02,13.082541666666666,24,True,1016.3125,24,True
2020-11-03,13.180041666666666,24,True,1016.4513333333333,24,True
2020-11-04,14.158125,24,True,1018.6805416666666,24,True
2020-11-05,14.824208333333333,24,True,1015.486125,24,True
2020-11-06,13.957791666666667,24,True,1013.6319166666667,24,True
2020-11-07,13.038791666666667,24,True,1014.1389166666667,24,True
2020-11-08,14.268833333333333,24,True,1017.9722499999999,24,True
2020-11-09,14.182583333333334,24,True,1015.0903333333334,24,True
2020-11-10,13.325416666666667,24,True,1017.0555833333333,24,True
2020-11-11,13.951125,24,True,1017.7360833333333,24,True
2020-11-12,13.851708333333333,24,True,1018.7361666666667,24,True
2020-11-13,14.345833333333333,24,True,1018.9722499999999,24,True
2020-11-14,14.603666666666667,24,True,1016.3819583333334,24,True
2020-11-15,13.698875000000001,24,True,1018.7291666666666,24,True
2020-11-16,13.558333333333332,24,True,1018.0486666666667,24,True
2020-11-17,13.881041666666667,24,True,1019.3541666666666,24,True
2020-11-18,14.310958333333334,24,True,1016.4304999999999,24,True
2020-11-19,14.397916666666667,24,True,1018.2430416666666,24,True
2020-11-20,15.024625,24,True,1019.125,24,True
2020-11-21,15.486708333333333,24,True,1015.1804166666666,24,True
2020-11-22,14.588916666666668,24,True,1013.1597499999999,24,True
2020-11-23,15.193083333333334,24,True,1015.770875,24,True
2020-11-24,16.126208333333334,24,True,1015.3402916666668,24,True
2020-11-25,17.687250000000002,24,True,1012.1180416666666,24,True
2020-11-26,14.132,24,True,1012.6944166666667,24,True
2020-11-27,13.902708333333335,24,True,1015.354125,24,True
2020-11-28,15.144083333333333,24,True,1016.5207916666667,24,True
2020-11-29,16.187749999999998,24,True,1014.4860833333333,24,True
2020-11-30,15.089541666666667,24,True,1012.3958333333334,24,True
2020-12-01,14.443541666666667,24,True,1016.1180833333333,24,True
2020-12-02,15.187833333333332,24,True,1014.986125,24,True
2020-12-03,14.292250000000001,24,True,1014.2916666666666,24,True
2020-12-04,14.672833333333335,24,True,1015.3541666666666,24,True
2020-12-05,14.358458333333333,24,True,1017.7221666666666,24,True
2020-12-06,14.352041666666667,24,True,1014.5833333333334,24,True
2020-12-07,14.600499999999998,24,True,1015.5555833333333,24,True
2020-12-08,14.635958333333333,24,True,1018.5625,24,True
2020-12-09,14.881958333333332,24,True,1015.7707916666667,24,True
2020-12-10,15.449,24,True,1015.375,24,True
2020-12-11,15.569291666666667,24,True,1014.1805416666666,24,True
2020-12-12,15.042666666666667,24,True,1015.4999583333333,24,True
2020-12-13,14.341041666666667,24,True,1014.1388333333333,24,True
2020-12-14,14.574375000000002,24,True,1014.27075,24,True
2020-12-15,15.090541666666667,24,True,1013.1874583333333,24,True
2020-12-16,14.574541666666667,24,True,1014.833375,24,True
2020-12-17,14.863750000000001,24,True,1015.638875,24,True
2020-12-18,15.788208333333335,24,True,1015.798625,24,True
2020-12-19,15.812541666666666,24,True,1014.0069166666667,24,True
2020-12-20,15.341291666666665,24,True,1013.2707916666667,24,True
2020-12-21,15.012125,24,True,1014.3194583333334,24,True
2020-12-22,14.991750000000001,24,True,1014.5625,24,True
2020-12-23,15.423541666666667,24,True,1014.5764166666667,24,True
2020-12-24,15.764291666666667,24,True,1014.6597083333332,24,True
2020-12-25,15.343291666666666,24,True,1013.8472499999999,24,True
2020-12-26,15.937541666666666,24,True,1014.5903333333334,24,True
2020-12-27,16.85725,24,True,1015.0763333333333,24,True
2020-12-28,16.542125000000002,24,True,1016.4652916666668,24,True
2020-12-29,17.437875000000002,24,True,1016.7222499999999,24,True
2020-12-30,17.942833333333333,24,True,1012.4930833333333,24,True
2020-12-31,16.752083333333335,24,True,1012.0972499999999,24,True
2021-01-01,16.605625,24,True,1014.9097499999999,24,True
2021-01-02,16.711791666666667,24,True,1015.5417083333333,24,True
2021-01-03,16.478333333333335,24,True,1014.3194166666667,24,True
2021-01-04,16.076249999999998,24,True,1013.4652916666668,24,True
2021-01-05,16.305958333333333,24,True,1014.3680833333333,24,True
2021-01-06,16.022875,24,True,1015.763875,24,True
2021-01-07,16.103375,24,True,1016.1250416666667,24,True
2021-01-08,16.21475,24,True,1016.4444583333334,24,True
2021-01-09,16.104666666666667,24,True,1015.3125,24,True
2021-01-10,16.48525,24,True,1014.4722083333332,24,True
2021-01-11,17.387041666666665,24,True,1013.888875,24,True
2021-01-12,16.667291666666667,24,True,1013.7152916666668,24,True
2021-01-13,16.625333333333334,24,True,1014.0416666666666,24,True
2021-01-14,16.004583333333333,24,True,1012.6249166666666,24,True
2021-01-15,15.858708333333333,24,True,1012.9930833333333,24,True
2021-01-16,16.135708333333334,24,True,1013.9860833333333,24,True
2021-01-17,16.757416666666668,24,True,1013.6667083333333,24,True
2021-01-18,16.0885,24,True,1013.0277916666668,24,True
2021-01-19,16.3715,24,True,1014.423625,24,True
2021-01-20,16.27391666666667,24,True,1014.0555833333333,24,True
2021-01-21,16.899583333333336,24,True,1013.9999583333333,24,True
2021-01-22,17.239291666666666,24,True,1012.5764166666667,24,True
2021-01-23,17.956208333333333,24,True,1013.1458333333334,24,True
2021-01-24,18.122291666666666,24,True,1012.6596666666666,24,True
2021-01-25,17.87454166666667,24,True,1012.6250416666667,24,True
2021-01-26,17.817375000000002,24,True,1014.1944583333334,24,True
2021-01-27,17.535833333333333,24,True,1011.7777500000001,24,True
2021-01-28,16.326041666666665,24,True,1011.4097499999999,24,True
2021-01-29,16.845541666666666,24,True,1012.7985833333333,24,True
2021-01-30,17.110208333333333,24,True,1013.4999583333333,24,True
2021-01-31,18.502708333333334,24,True,1012.9861666666667,24,True
2021-02-01,17.732458333333334,24,True,1011.3402916666668,24,True
2021-02-02,16.372125,24,True,1012.8888333333333,24,True
2021-02-03,15.964333333333334,24,True,1012.3194583333334,24,True
2021-02-04,15.499416666666667,24,True,1013.3541666666666,24,True
2021-02-05,15.791291666666666,24,True,1013.9166666666666,24,True
2021-02-06,16.085874999999998,24,True,1013.7222083333332,24,True
2021-02-07,16.00875,24,True,1014.5416666666666,24,True
2021-02-08,16.807958333333335,24,True,1014.0972499999999,24,True
2021-02-09,17.102958333333333,24,True,1012.4444166666667,24,True
2021-02-10,16.855,24,True,1012.2777916666668,24,True
2021-02-11,17.856833333333334,24,True,1013.9722499999999,24,True
2021-02-12,17.925416666666667,24,True,1013.4652500000001,24,True
2021-02-13,17.597375,24,True,1014.0902916666668,24,True
2021-02-14,17.492958333333334,24,True,1012.9722083333332,24,True
2021-02-15,17.72758333333333,24,True,1015.8472083333332,24,True
2021-02-16,17.578166666666664,24,True,1016.763875,24,True
2021-02-17,17.813083333333335,24,True,1016.375,24,True
2021-02-18,17.352375,24,True,1016.7500416666667,24,True
2021-02-19,17.728041666666666,24,True,1015.388875,24,True
2021-02-20,16.685291666666668,24,True,1015.5485833333333,24,True
2021-02-21,17.213125,24,True,1014.9652916666668,24,True
2021-02-22,16.78258333333333,24,True,1014.7429999999999,24,True
2021-02-23,16.751041666666666,24,True,1012.9722083333332,24,True
2021-02-24,16.273958333333333,24,True,1012.7847916666666,24,True
2021-02-25,16.597791666666666,24,True,1011.3125416666667,24,True
2021-02-26,17.221875,24,True,1012.1944583333334,24,True
2021-02-27,17.70808333333333,24,True,1011.0346666666666,24,True
2021-02-28,16.740958333333335,24,True,1011.1527916666668,24,True
2021-03-01,16.410916666666665,24,True,1011.5764166666667,24,True
2021-03-02,16.78170833333333,24,True,1012.75,24,True
2021-03-03,17.048625,24,True,1014.513875,24,True
2021-03-04,17.179166666666667,24,True,1012.7083333333334,24,True
2021-03-05,17.566166666666668,24,True,1013.6111666666667,24,True
2021-03-06,17.553458333333335,24,True,1013.708375,24,True
2021-03-07,17.645416666666666,24,True,1013.4027500000001,24,True
2021-03-08,17.323958333333334,24,True,1013.5069583333334,24,True
2021-03-09,17.373291666666667,24,True,1013.7986666666667,24,True
2021-03-10,18.521083333333333,24,True,1015.5972499999999,24,True
2021-03-11,17.693125,24,True,1014.5347499999999,24,True
2021-03-12,16.7315,24,True,1014.548625,24,True
2021-03-13,16.7415,24,True,1015.2429999999999,24,True
2021-03-14,16.511375,24,True,1014.638875,24,True
2021-03-15,16.810375,24,True,1016.2222499999999,24,True
2021-03-16,17.46858333333333,24,True,1014.8263333333333,24,True
2021-03-17,16.636416666666666,24,True,1014.0417083333333,24,True
2021-03-18,16.571,24,True,1013.6458333333334,24,True
2021-03-19,16.111833333333333,24,True,1015.875,24,True
2021-03-20,16.340500000000002,24,True,1016.6389166666667,24,True
2021-03-21,16.580625,24,True,1015.6666666666666,24,True
2021-03-22,16.435750000000002,24,True,1014.5347083333332,24,True
2021-03-23,16.112666666666666,24,True,1014.298625,24,True
2021-03-24,15.692916666666667,24,True,1015.3889166666667,24,True
2021-03-25,15.956708333333333,24,True,1016.0208333333334,24,True
2021-03-26,15.455125,24,True,1013.52075,24,True
2021-03-27,14.194,24,True,1012.2777916666668,24,True
2021-03-28,14.88975,24,True,1013.0625416666667,24,True
2021-03-29,14.679124999999999,24,True,1014.5416666666666,24,True
2021-03-30,14.634541666666665,24,True,1013.6110833333333,24,True
2021-03-31,14.661166666666666,24,True,1012.3125,24,True
2021-04-01,15.081041666666666,24,True,1013.076375,24,True
2021-04-02,14.628749999999998,24,True,1012.2985833333333,24,True
2021-04-03,14.546708333333333,24,True,1012.2708333333334,24,True
2021-04-04,15.423708333333332,24,True,1014.3124583333333,24,True
2021-04-05,15.725875,24,True,1014.4304999999999,24,True
2021-04-06,16.559708333333333,24,True,1013.9236666666667,24,True
2021-04-07,16.193166666666666,24,True,1014.1527083333334,24,True
2021-04-08,15.909166666666666,24,True,1015.4652500000001,24,True
2021-04-09,15.962583333333333,24,True,1014.7014166666667,24,True
2021-04-10,16.115583333333333,24,True,1015.5485833333333,24,True
2021-04-11,13.137416666666667,24,True,1013.9444583333334,24,True
2021-04-12,12.99825,24,True,1013.625,24,True
2021-04-13,13.918583333333332,24,True,1012.7708333333334,24,True
2021-04-14,14.464500000000001,24,True,1014.1735833333333,24,True
2021-04-15,15.012583333333334,24,True,1013.9652500000001,24,True
2021-04-16,15.182416666666667,24,True,1015.2152916666668,24,True
2021-04-17,15.256124999999999,24,True,1016.041625,24,True
2021-04-18,14.365625000000001,24,True,1014.6875,24,True
2021-04-19,14.239083333333333,24,True,1016.4860833333333,24,True
2021-04-20,14.865916666666665,24,True,1016.9444166666667,24,True
2021-04-21,15.574625,24,True,1016.7777916666668,24,True
2021-04-22,14.551666666666668,24,True,1014.708375,24,True
2021-04-23,15.462874999999999,24,True,1016.9860833333333,24,True
2021-04-24,14.377249999999998,24,True,1016.4790833333333,24,True
2021-04-25,13.911291666666665,24,True,1015.4721666666666,24,True
2021-04-26,14.3555,24,True,1015.638875,24,True
2021-04-27,15.125416666666666,24,True,1016.5833333333334,24,True
2021-04-28,13.687916666666666,24,True,1016.6458333333334,24,True
2021-04-29,14.542625000000001,24,True,1018.013875,24,True
2021-04-30,14.751333333333333,24,True,1018.2152916666668,24,True
2021-05-01,13.83825,24,True,1018.6805416666666,24,True
2021-05-02,13.721708333333334,24,True,1017.2847083333332,24,True
2021-05-03,15.331791666666666,24,True,1017.0417083333333,24,True
2021-05-04,14.958,24,True,1019.3472499999999,24,True
2021-05-05,15.582166666666666,24,True,1018.3402500000001,24,True
2021-05-06,14.539291666666665,24,True,1014.9097083333332,24,True
2021-05-07,15.85375,24,True,1018.0624166666666,24,True
2021-05-08,15.063,24,True,1018.5207916666667,24,True
2021-05-09,15.448583333333334,24,True,1016.7153333333334,24,True
2021-05-10,13.952041666666666,24,True,1015.3541666666666,24,True
2021-05-11,12.757333333333333,24,True,1015.0208333333334,24,True
2021-05-12,13.898333333333333,24,True,1014.4721666666666,24,True
2021-05-13,15.260125,24,True,1016.125,24,True
2021-05-14,14.006124999999999,24,True,1014.89575,24,True
2021-05-15,13.263666666666667,24,True,1016.041625,24,True
2021-05-16,12.952833333333333,24,True,1014.5694166666667,24,True
2021-05-17,13.582166666666666,24,True,1016.1875416666667,24,True
2021-05-18,14.498208333333332,24,True,1016.9166666666666,24,True
2021-05-19,15.133249999999999,24,True,1017.2153333333334,24,True
2021-05-20,14.078583333333334,24,True,1016.5764166666667,24,True
2021-05-21,14.687375000000001,24,True,1020.9444166666667,24,True
2021-05-22,14.990791666666667,24,True,1017.2222083333332,24,True
2021-05-23,13.547625000000002,24,True,1014.7985833333333,24,True
2021-05-24,12.584291666666667,24,True,1016.3610833333333,24,True
2021-05-25,11.428875,24,True,1016.3472499999999,24,True
2021-05-26,10.733041666666667,24,True,1016.5208333333334,24,True
2021-05-27,10.887875000000001,24,True,1015.1388333333333,24,True
2021-05-28,13.317916666666667,24,True,1018.1597499999999,24,True
2021-05-29,12.528708333333334,24,True,1017.1528333333334,24,True
2021-05-30,11.88875,24,True,1018.6805416666666,24,True
2021-05-31,12.414499999999999,24,True,1017.6944583333334,24,True
2021-06-01,14.440041666666666,24,True,1015.6805833333333,24,True
2021-06-02,12.845791666666665,24,True,1013.0277500000001,24,True
2021-06-03,13.092666666666666,24,True,1013.0208333333334,24,True
2021-06-04,13.831666666666665,24,True,1016.0902500000001,24,True
2021-06-05,13.224333333333334,24,True,1016.645875,24,True
2021-06-06,12.452541666666667,24,True,1017.1875,24,True
2021-06-07,10.69775,24,True,1017.1319583333334,24,True
2021-06-08,10.756458333333333,24,True,1016.4722499999999,24,True
2021-06-09,13.162625,24,True,1022.0485833333333,24,True
2021-06-10,12.585791666666667,24,True,1021.4792083333333,24,True
2021-06-11,10.586458333333333,24,True,1015.4583333333334,24,True
2021-06-12,12.532375,24,True,1015.618125,24,True
2021-06-13,12.831166666666666,24,True,1016.9583333333334,24,True
2021-06-14,12.040041666666667,24,True,1017.0347499999999,24,True
2021-06-15,13.2605,24,True,1018.9235416666667,24,True
2021-06-16,13.359625,24,True,1019.9027500000001,24,True
2021-06-17,12.261416666666667,24,True,1016.6597083333332,24,True
2021-06-18,11.413416666666668,24,True,1019.236125,24,True
2021-06-19,11.995791666666667,24,True,1018.6737083333334,24,True
2021-06-20,11.820833333333333,24,True,1020.541625,24,True
2021-06-21,11.255791666666667,24,True,1018.6457916666667,24,True
2021-06-22,10.984625,24,True,1015.8680416666666,24,True
2021-06-23,12.800375,24,True,1020.9027500000001,24,True
2021-06-24,12.761583333333334,24,True,1021.104125,24,True
2021-06-25,12.680375,24,True,1019.0555833333333,24,True
2021-06-26,12.718416666666668,24,True,1021.0902500000001,24,True
2021-06-27,11.293583333333332,24,True,1020.006875,24,True
2021-06-28,10.902458333333334,24,True,1018.923625,24,True
2021-06-29,10.518208333333334,24,True,1017.4722083333332,24,True
2021-06-30,11.271125,24,True,1017.138875,24,True
2021-07-01,11.003708333333334,24,True,1018.8680416666666,24,True
2021-07-02,12.510708333333334,24,True,1018.7500416666667,24,True
2021-07-03,11.279125,24,True,1017.0972083333332,24,True
2021-07-04,11.740124999999999,24,True,1019.5139166666667,24,True
2021-07-05,11.0235,24,True,1018.3472083333332,24,True
2021-07-06,12.609708333333332,24,True,1021.7847499999999,24,True
2021-07-07,11.921958333333334,24,True,1015.4791666666666,24,True
2021-07-08,11.065624999999999,24,True,1016.201375,24,True
2021-07-09,12.537083333333333,24,True,1018.5625,24,True
2021-07-10,12.142291666666667,24,True,1014.2708333333334,24,True
2021-07-11,12.02725,24,True,1013.8125,24,True
2021-07-12,13.278666666666666,24,True,1018.1389166666667,24,True
2021-07-13,12.717291666666668,24,True,1018.8888333333333,24,True
2021-07-14,12.658708333333335,24,True,1020.638875,24,True
2021-07-15,10.355666666666666,24,True,1018.5069583333334,24,True
2021-07-16,10.909125000000001,24,True,1019.9375,24,True
2021-07-17,12.635625,24,True,1016.9445000000001,24,True
2021-07-18,11.328625,24,True,1016.9583333333334,24,True
2021-07-19,10.450458333333334,24,True,1015.6319166666667,24,True
2021-07-20,10.341208333333332,24,True,1013.8888333333333,24,True
2021-07-21,10.264208333333334,24,True,1016.7222083333332,24,True
2021-07-22,10.287708333333333,24,True,1016.8125,24,True
2021-07-23,11.186,24,True,1017.1735833333333,24,True
2021-07-24,11.976791666666665,24,True,1020.236125,24,True
2021-07-25,11.276041666666666,24,True,1020.9305416666666,24,True
2021-07-26,11.947833333333334,24,True,1023.0,24,True
2021-07-27,10.951291666666668,24,True,1020.6944583333334,24,True
2021-07-28,9.745916666666666,24,True,1018.625,24,True
2021-07-29,10.580375,24,True,1016.4444166666667,24,True
2021-07-30,9.710416666666667,24,True,1017.7986666666667,24,True
2021-07-31,9.435458333333333,24,True,1019.7777916666668,24,True
2021-08-01,10.814083333333334,24,True,1017.201375,24,True
2021-08-02,12.401708333333334,24,True,1018.076375,24,True
2021-08-03,12.405083333333332,24,True,1017.513875,24,True
2021-08-04,12.658791666666666,24,True,1017.7152916666668,24,True
2021-08-05,12.760833333333332,24,True,1020.3125833333334,24,True
2021-08-06,11.887,8,True,1019.770875,8,True
2021-08-07,,0,False,,0,False
2021-08-08,,0,False,,0,False
2021-08-09,,0,False,,0,False
2021-08-10,,0,False,,0,False
2021-08-11,,0,False,,0,False
2021-08-12,,0,False,,0,False
2021-08-13,,0,False,,0,False
2021-08-14,,0,False,,0,False
2021-08-15,,0,False,,0,False
2021-08-16,,0,False,,0,False
2021-08-17,,0,False,,0,False
2021-08-18,,0,False,,0,False
2021-08-19,16.442545454545453,11,True,1021.2647272727273,11,True
2021-08-20,14.972916666666665,24,True,1017.1054583333333,24,True
2021-08-21,13.628083333333334,24,True,1016.5354583333333,24,True
2021-08-22,14.309583333333334,24,True,1015.5319166666667,24,True
2021-08-23,12.021541666666666,24,True,1015.4963750000001,24,True
2021-08-24,12.520125,24,True,1017.3212083333333,24,True
2021-08-25,12.340833333333334,24,True,1024.4563333333333,24,True
2021-08-26,12.334833333333334,24,True,1019.4115833333334,24,True
2021-08-27,11.476041666666667,24,True,1019.0534166666666,24,True
2021-08-28,12.182291666666666,24,True,1017.8214166666667,24,True
2021-08-29,11.707083333333332,24,True,1016.956,24,True
2021-08-30,12.863958333333334,24,True,1018.1706250000001,24,True
2021-08-31,12.946041666666666,24,True,1017.3666666666667,24,True
2021-09-01,13.043291666666667,24,True,1016.2202083333333,24,True
2021-09-02,12.221916666666667,24,True,1018.8158749999999,24,True
2021-09-03,11.955791666666668,24,True,1019.9679583333333,24,True
2021-09-04,13.192124999999999,24,True,1018.439875,24,True
2021-09-05,12.67375,24,True,1017.2295416666666,24,True
2021-09-06,12.742041666666667,24,True,1019.65425,24,True
2021-09-07,12.260458333333332,24,True,1023.9994166666667,24,True
2021-09-08,12.620916666666666,24,True,1020.37475,24,True
2021-09-09,12.157958333333333,24,True,1016.466,24,True
2021-09-10,11.967958333333334,24,True,1015.3267500000001,24,True
2021-09-11,12.796125000000002,24,True,1017.8044583333334,24,True
2021-09-12,13.221166666666667,24,True,1021.7905416666667,24,True
2021-09-13,13.490708333333332,24,True,1021.8425416666668,24,True
2021-09-14,12.534333333333334,24,True,1018.9498333333332,24,True
2021-09-15,12.125,24,True,1020.7136666666667,24,True
2021-09-16,11.967666666666666,24,True,1018.6740416666667,24,True
2021-09-17,12.444458333333332,24,True,1018.3800416666667,24,True
2021-09-18,13.016958333333333,24,True,1016.4099583333333,24,True
2021-09-19,12.564375,24,True,1018.8922916666667,24,True
2021-09-20,13.379666666666667,24,True,1015.6944166666667,24,True
2021-09-21,12.508666666666668,24,True,1019.1556666666667,24,True
2021-09-22,13.030791666666666,24,True,1021.6324166666667,24,True
2021-09-23,12.702458333333333,24,True,1014.7471666666667,24,True
2021-09-24,12.159125000000001,24,True,1015.6697916666667,24,True
2021-09-25,13.689541666666665,24,True,1019.2328333333334,24,True
2021-09-26,13.691708333333333,24,True,1015.3479166666666,24,True
2021-09-27,12.383041666666665,24,True,1015.96475,24,True
2021-09-28,12.752916666666666,24,True,1016.6643333333333,24,True
2021-09-29,13.09975,24,True,1015.0482499999999,24,True
2021-09-30,13.67825,24,True,1018.8189166666666,24,True
2021-10-01,13.809166666666668,24,True,1016.4737083333333,24,True
2021-10-02,13.781166666666666,24,True,1017.5056249999999,24,True
2021-10-03,12.345125000000001,24,True,1016.3290833333334,24,True
2021-10-04,12.266374999999998,24,True,1014.2320416666666,24,True
2021-10-05,12.087041666666666,24,True,1015.1486666666666,24,True
2021-10-06,12.207374999999999,24,True,1014.0716666666667,24,True
2021-10-07,12.771833333333333,24,True,1015.8936666666667,24,True
2021-10-08,13.444625,24,True,1017.939875,24,True
2021-10-09,12.263333333333334,24,True,1017.7473333333334,24,True
2021-10-10,13.459666666666665,24,True,1018.5611666666667,24,True
2021-10-11,12.570958333333332,24,True,1015.7318333333333,24,True
2021-10-12,13.623166666666668,24,True,1018.6709999999999,24,True
2021-10-13,14.993666666666668,24,True,1017.7609583333333,24,True
2021-10-14,14.122714285714284,14,True,1016.5974347826087,23,True
2021-10-15,13.184166666666668,12,True,1017.9571666666667,24,True
2021-10-16,13.13,11,True,1019.8470833333334,24,True
2021-10-17,13.535714285714286,14,True,1018.5990416666667,24,True
2021-10-18,11.73323076923077,13,True,1016.0166666666668,24,True
2021-10-19,12.350166666666667,24,True,1016.929125,24,True
2021-10-20,13.405541666666666,24,True,1020.365625,24,True
2021-10-21,13.152625,24,True,1018.3596666666667,24,True
2021-10-22,13.279458333333332,24,True,1017.62225,24,True
2021-10-23,13.770874999999998,24,True,1018.9788749999999,24,True
2021-10-24,13.568375000000001,24,True,1015.8440833333334,24,True
2021-10-25,13.2295,24,True,1017.0185833333334,24,True
2021-10-26,14.088083333333332,24,True,1017.4720416666668,24,True
2021-10-27,13.805083333333334,24,True,1018.1990000000001,24,True
2021-10-28,12.329875,24,True,1016.3979166666667,24,True
2021-10-29,13.141125,24,True,1016.9383750000001,24,True
2021-10-30,12.94,24,True,1014.0927916666666,24,True
2021-10-31,13.599166666666667,24,True,1016.7270833333333,24,True
2021-11-01,14.361666666666666,24,True,1018.0275416666667,24,True
2021-11-02,14.047208333333332,24,True,1017.1859166666667,24,True
2021-11-03,14.391875,24,True,1016.9110416666667,24,True
2021-11-04,14.456249999999999,24,True,1016.2359583333333,24,True
2021-11-05,13.677875,24,True,1016.9413333333333,24,True
2021-11-06,13.754958333333335,24,True,1019.0888333333334,24,True
2021-11-07,13.974708333333332,24,True,1016.2009583333333,24,True
2021-11-08,13.498375000000001,24,True,1015.404625,24,True
2021-11-09,13.85025,24,True,1017.749375,24,True
2021-11-10,14.161666666666667,24,True,1017.3548333333333,24,True
2021-11-11,13.934166666666668,24,True,1017.21475,24,True
2021-11-12,14.619958333333335,24,True,1017.1187083333333,24,True
2021-11-13,16.177083333333332,24,True,1016.1320416666667,24,True
2021-11-14,14.529041666666666,24,True,1013.75025,24,True
2021-11-15,14.130333333333333,24,True,1015.6797916666666,24,True
2021-11-16,14.432166666666667,24,True,1015.2412083333334,24,True
2021-11-17,13.609083333333333,24,True,1016.8344999999999,24,True
2021-11-18,13.84325,24,True,1016.2289583333333,24,True
2021-11-19,14.485,24,True,1017.0570833333333,24,True
2021-11-20,14.376041666666666,24,True,1016.7100833333334,24,True
2021-11-21,14.683250000000001,24,True,1014.8069583333332,24,True
2021-11-22,13.786041666666668,24,True,1013.9125833333333,24,True
2021-11-23,14.288458333333333,24,True,1015.9648333333333,24,True
2021-11-24,15.186083333333334,24,True,1018.4080416666667,24,True
2021-11-25,14.817333333333332,24,True,1015.627875,24,True
2021-11-26,15.56825,24,True,1016.1482916666668,24,True
2021-11-27,16.243750000000002,24,True,1016.9367916666666,24,True
2021-11-28,16.200166666666664,24,True,1013.3827083333334,24,True
2021-11-29,14.595666666666666,24,True,1015.2220416666668,24,True
2021-11-30,14.874791666666667,24,True,1016.0559166666667,24,True
2021-12-01,14.961166666666665,24,True,1015.3361249999999,24,True
2021-12-02,14.687708333333333,24,True,1015.6441666666666,24,True
2021-12-03,15.462000000000002,24,True,1015.7101666666667,24,True
2021-12-04,15.128583333333333,24,True,1013.2426666666667,24,True
2021-12-05,14.506124999999999,24,True,1014.305875,24,True
2021-12-06,14.666708333333332,24,True,1015.5950416666666,24,True
2021-12-07,15.238791666666666,24,True,1016.1890833333333,24,True
2021-12-08,15.355708333333332,24,True,1013.9045416666667,24,True
2021-12-09,15.344000000000001,24,True,1011.9883333333333,24,True
2021-12-10,15.252666666666668,24,True,1015.126875,24,True
2021-12-11,16.342125,24,True,1016.3341666666666,24,True
2021-12-12,16.0885,24,True,1015.0002083333334,24,True
2021-12-13,15.502708333333333,24,True,1016.6621666666666,24,True
2021-12-14,15.898583333333333,24,True,1016.946,24,True
2021-12-15,15.888541666666667,24,True,1015.5273333333333,24,True
2021-12-16,15.987541666666667,24,True,1015.1099166666667,24,True
2021-12-17,15.94775,24,True,1014.6459166666667,24,True
2021-12-18,15.605333333333334,24,True,1013.5487499999999,24,True
2021-12-19,15.579375,24,True,1013.67675,24,True
2021-12-20,15.623708333333333,24,True,1014.6825,24,True
2021-12-21,16.192916666666665,24,True,1013.3237916666667,24,True
2021-12-22,15.976666666666667,24,True,1014.381125,24,True
2021-12-23,17.2575,24,True,1017.1265,24,True
2021-12-24,17.174041666666668,24,True,1014.4451666666668,24,True
2021-12-25,15.952958333333333,24,True,1014.9497083333334,24,True
2021-12-26,16.541666666666668,24,True,1014.964125,24,True
2021-12-27,17.095333333333333,24,True,1015.3512916666667,24,True
2021-12-28,17.002875,24,True,1014.8929583333334,24,True
2021-12-29,17.743375,24,True,1016.4299166666666,24,True
2021-12-30,17.925375,24,True,1015.5459999999999,24,True
2021-12-31,16.917708333333334,24,True,1013.0906666666666,24,True
2022-01-01,17.673958333333335,24,True,1012.948625,24,True
2022-01-02,17.454625,24,True,1014.9557916666666,24,True
2022-01-03,17.060166666666667,24,True,1015.7167083333334,24,True
2022-01-04,17.352291666666666,24,True,1013.0032083333334,24,True
2022-01-05,16.93554166666667,24,True,1013.1165833333333,24,True
2022-01-06,16.840791666666664,24,True,1013.2407916666666,24,True
2022-01-07,16.555791666666668,24,True,1013.073,24,True
2022-01-08,16.352375,24,True,1015.64225,24,True
2022-01-09,17.062166666666666,24,True,1017.424,24,True
2022-01-10,17.939833333333333,24,True,1017.4329583333333,24,True
2022-01-11,18.89925,24,True,1015.96875,24,True
2022-01-12,18.742166666666666,24,True,1015.2579583333332,24,True
2022-01-13,18.353958333333335,24,True,1014.8415833333333,24,True
2022-01-14,18.107541666666666,24,True,1013.5901666666667,24,True
2022-01-15,18.009083333333333,24,True,1015.9991666666666,24,True
2022-01-16,17.786375,24,True,1016.5842916666667,24,True
2022-01-17,17.787208333333332,24,True,1014.5120416666667,24,True
2022-01-18,16.534166666666668,24,True,1013.6845,24,True
2022-01-19,16.288333333333334,24,True,1015.3760416666668,24,True
2022-01-20,16.758666666666667,24,True,1013.4227083333334,24,True
2022-01-21,16.751958333333334,24,True,1012.7515,24,True
2022-01-22,16.695458333333335,24,True,1013.6312499999999,24,True
2022-01-23,16.297625,24,True,1013.5360000000001,24,True
2022-01-24,16.586916666666667,24,True,1012.6681666666667,24,True
2022-01-25,16.551875,24,True,1013.3277499999999,24,True
2022-01-26,16.660708333333332,24,True,1014.797375,24,True
2022-01-27,16.471875,24,True,1015.7251249999999,24,True
2022-01-28,16.914291666666667,24,True,1014.59325,24,True
2022-01-29,16.801333333333336,24,True,1016.0165000000001,24,True
2022-01-30,17.247125,24,True,1016.355625,24,True
2022-01-31,17.034375,24,True,1015.2113333333333,24,True
2022-02-01,17.353375,24,True,1015.6063333333333,24,True
2022-02-02,17.534958333333332,24,True,1015.0148333333333,24,True
2022-02-03,17.746583333333334,24,True,1014.8642916666666,24,True
2022-02-04,17.791125,24,True,1015.927125,24,True
2022-02-05,17.431749999999997,24,True,1013.9973333333334,24,True
2022-02-06,16.805291666666665,24,True,1013.9515,24,True
2022-02-07,16.873625,24,True,1015.4796249999999,24,True
2022-02-08,17.050416666666667,24,True,1014.44,24,True
2022-02-09,16.986791666666665,24,True,1013.6089166666667,24,True
2022-02-10,17.512666666666664,24,True,1014.1772083333334,24,True
2022-02-11,18.454,24,True,1013.9117083333334,24,True
2022-02-12,17.427125,24,True,1012.9461249999999,24,True
2022-02-13,17.727458333333335,24,True,1014.72025,24,True
2022-02-14,17.966458333333332,24,True,1014.706875,24,True
2022-02-15,17.562124999999998,24,True,1014.854375,24,True
2022-02-16,17.310958333333335,24,True,1015.0437916666666,24,True
2022-02-17,16.68016666666667,24,True,1013.0859583333335,24,True
2022-02-18,16.61733333333333,24,True,1013.7251666666666,24,True
2022-02-19,17.352375,24,True,1014.138,24,True
2022-02-20,17.2715,24,True,1013.7425416666666,24,True
2022-02-21,16.636583333333334,24,True,1013.5203750000001,24,True
2022-02-22,16.70029166666667,24,True,1014.5091666666667,24,True
2022-02-23,16.702333333333332,24,True,1016.9294583333334,24,True
2022-02-24,18.3425,24,True,1014.2948333333334,24,True
2022-02-25,17.67075,24,True,1014.6928750000001,24,True
2022-02-26,18.008583333333334,24,True,1014.5185833333334,24,True
2022-02-27,18.69125,24,True,1014.7211666666667,24,True
2022-02-28,17.101791666666667,24,True,1012.9215416666666,24,True
2022-03-01,15.17575,24,True,1014.6735416666667,24,True
2022-03-02,14.658708333333331,24,True,1013.2760833333333,24,True
2022-03-03,16.051375,24,True,1015.1519583333334,24,True
2022-03-04,17.049375,24,True,1015.6909583333332,24,True
2022-03-05,17.246791666666667,24,True,1013.8912916666667,24,True
2022-03-06,16.827083333333334,24,True,1013.1439166666668,24,True
2022-03-07,16.305333333333333,24,True,1012.5843333333333,24,True
2022-03-08,16.719583333333333,24,True,1015.6906250000001,24,True
2022-03-09,17.174666666666667,24,True,1014.4665,24,True
2022-03-10,15.522541666666667,24,True,1013.33425,24,True
2022-03-11,15.467791666666665,24,True,1013.2131250000001,24,True
2022-03-12,16.067125,24,True,1015.7018750000001,24,True
2022-03-13,15.326625,24,True,1015.5731666666667,24,True
2022-03-14,16.263916666666667,24,True,1015.9899583333334,24,True
2022-03-15,15.60425,24,True,1015.9177916666667,24,True
2022-03-16,16.510916666666667,24,True,1015.2392916666666,24,True
2022-03-17,16.329625,24,True,1016.0094583333333,24,True
2022-03-18,17.13029166666667,24,True,1014.2441666666667,24,True
2022-03-19,15.661333333333333,24,True,1013.1735,24,True
2022-03-20,15.980125000000001,24,True,1014.7904166666667,24,True
2022-03-21,15.186875,24,True,1014.6922500000001,24,True
2022-03-22,15.490708333333332,24,True,1013.1655416666666,24,True
2022-03-23,16.630458333333333,24,True,1015.6939583333333,24,True
2022-03-24,14.822000000000001,24,True,1013.1395833333332,24,True
2022-03-25,14.485166666666666,24,True,1012.981625,24,True
2022-03-26,15.271749999999999,24,True,1016.1990416666667,24,True
2022-03-27,14.380208333333334,24,True,1014.4709583333333,24,True
2022-03-28,14.2395,24,True,1015.7917083333333,24,True
2022-03-29,14.112666666666668,24,True,1015.5855416666667,24,True
2022-03-30,14.5045,24,True,1013.9142499999999,24,True
2022-03-31,13.135833333333332,24,True,1014.252625,24,True
2022-04-01,13.704125,24,True,1014.4055416666666,24,True
2022-04-02,14.026916666666667,24,True,1016.4150416666666,24,True
2022-04-03,13.684,24,True,1015.8034166666666,24,True
2022-04-04,13.499666666666668,24,True,1013.8356666666667,24,True
2022-04-05,13.308583333333333,24,True,1014.96125,24,True
2022-04-06,13.256375,24,True,1015.341125,24,True
2022-04-07,13.427333333333332,24,True,1014.5504999999999,24,True
2022-04-08,13.880833333333333,24,True,1013.310125,24,True
2022-04-09,14.463041666666667,24,True,1015.7392916666668,24,True
2022-04-10,13.744,24,True,1016.6483750000001,24,True
2022-04-11,13.623583333333334,24,True,1015.9760416666667,24,True
2022-04-12,13.347291666666665,24,True,1016.1597083333332,24,True
2022-04-13,12.462458333333332,24,True,1014.5749999999999,24,True
2022-04-14,12.957875,24,True,1015.6145416666667,24,True
2022-04-15,14.290375,24,True,1017.4635416666666,24,True
2022-04-16,13.220374999999999,24,True,1016.483625,24,True
2022-04-17,13.227708333333332,24,True,1016.0010000000001,24,True
2022-04-18,12.733333333333334,24,True,1016.4121666666666,24,True
2022-04-19,13.777083333333332,24,True,1017.9303333333334,24,True
2022-04-20,12.77075,24,True,1019.5884583333333,24,True
2022-04-21,12.727583333333333,24,True,1020.0883749999999,24,True
2022-04-22,13.596833333333334,24,True,1016.5579583333333,24,True
2022-04-23,12.639416666666667,24,True,1014.210375,24,True
2022-04-24,13.448666666666668,24,True,1016.4637083333333,24,True
2022-04-25,13.261833333333334,24,True,1015.7082916666667,24,True
2022-04-26,13.416791666666667,24,True,1017.4871666666667,24,True
2022-04-27,15.107999999999999,24,True,1017.0424166666667,24,True
2022-04-28,15.006958333333332,24,True,1013.5707916666667,24,True
2022-04-29,13.474375,24,True,1016.308375,24,True
2022-04-30,13.187,24,True,1015.4047083333334,24,True
2022-05-01,12.133791666666667,24,True,1014.0341666666667,24,True
2022-05-02,12.911999999999999,24,True,1016.5109166666666,24,True
2022-05-03,11.644333333333334,24,True,1015.4001666666667,24,True
2022-05-04,12.331416666666668,24,True,1016.2692083333333,24,True
2022-05-05,12.653708333333334,24,True,1018.3049166666666,24,True
2022-05-06,12.26675,24,True,1017.6271666666667,24,True
2022-05-07,13.284458333333333,24,True,1017.7550416666667,24,True
2022-05-08,14.062708333333333,24,True,1021.269375,24,True
2022-05-09,13.321541666666667,24,True,1017.0419583333334,24,True
2022-05-10,12.834375,24,True,1014.5720416666667,24,True
2022-05-11,13.279583333333333,24,True,1016.518375,24,True
2022-05-12,13.255749999999999,24,True,1015.4082083333333,24,True
2022-05-13,13.283625,24,True,1015.826125,24,True
2022-05-14,12.166375,24,True,1015.7715833333333,24,True
2022-05-15,12.809624999999999,24,True,1016.8065416666667,24,True
2022-05-16,12.779125,24,True,1019.1122083333333,24,True
2022-05-17,11.201916666666667,24,True,1018.0187083333334,24,True
2022-05-18,11.820375,24,True,1018.227875,24,True
2022-05-19,13.665666666666667,24,True,1020.5780416666666,24,True
2022-05-20,14.564,24,True,1018.951125,24,True
2022-05-21,13.346125,24,True,1018.5275833333334,24,True
2022-05-22,12.808250000000001,24,True,1020.9592916666667,24,True
2022-05-23,13.203125,24,True,1017.6767916666666,24,True
2022-05-24,12.584249999999999,24,True,1017.0434166666668,24,True
2022-05-25,12.056624999999999,24,True,1015.6498750000001,24,True
2022-05-26,11.737,24,True,1017.6328749999999,24,True
2022-05-27,11.111791666666667,24,True,1016.7199583333332,24,True
2022-05-28,11.194791666666667,24,True,1016.3717499999999,24,True
2022-05-29,11.487958333333333,24,True,1016.9886666666666,24,True
2022-05-30,10.820916666666667,24,True,1016.3890833333334,24,True
2022-05-31,11.698291666666668,24,True,1016.466625,24,True
2022-06-01,11.823833333333333,24,True,1019.77625,24,True
2022-06-02,12.185208333333334,24,True,1019.1841250000001,24,True
2022-06-03,12.745958333333334,24,True,1015.8500833333334,24,True
2022-06-04,13.095166666666666,24,True,1015.0271666666667,24,True
2022-06-05,12.72875,24,True,1019.7257916666666,24,True
2022-06-06,11.885791666666668,24,True,1018.3392916666667,24,True
2022-06-07,11.877249999999998,24,True,1015.6044166666667,24,True
2022-06-08,13.283499999999998,24,True,1020.5169999999999,24,True
2022-06-09,12.196416666666666,24,True,1020.534125,24,True
2022-06-10,11.134166666666667,24,True,1017.5808333333333,24,True
2022-06-11,11.554416666666667,24,True,1018.819375,24,True
2022-06-12,11.466333333333333,24,True,1018.1083749999999,24,True
2022-06-13,10.998458333333334,24,True,1017.008125,24,True
2022-06-14,12.258166666666668,24,True,1019.3196666666666,24,True
2022-06-15,11.038708333333332,24,True,1019.4665416666667,24,True
2022-06-16,11.477041666666667,24,True,1022.9828333333334,24,True
2022-06-17,11.3315,24,True,1021.1457083333333,24,True
2022-06-18,11.39175,24,True,1016.806375,24,True
2022-06-19,11.655999999999999,24,True,1019.576625,24,True
2022-06-20,10.767375,24,True,1017.3421666666667,24,True
2022-06-21,12.665583333333332,24,True,1014.9905416666667,24,True
2022-06-22,13.790583333333332,24,True,1012.5793333333332,24,True
2022-06-23,13.608208333333332,24,True,1016.607125,24,True
2022-06-24,12.959916666666667,24,True,1018.02525,24,True
2022-06-25,10.995125,24,True,1016.7652083333334,24,True
2022-06-26,11.35375,24,True,1018.6447916666666,24,True
2022-06-27,11.308,24,True,1022.9543749999999,24,True
2022-06-28,12.897583333333335,24,True,1022.0659583333332,24,True
2022-06-29,12.958958333333333,24,True,1017.74725,24,True
2022-06-30,11.860083333333334,24,True,1016.9402916666667,24,True
2022-07-01,11.302958333333335,24,True,1019.6284999999999,24,True
2022-07-02,11.999708333333333,24,True,1018.3459166666667,24,True
2022-07-03,11.954541666666666,24,True,1017.809625,24,True
2022-07-04,12.054666666666668,24,True,1020.8442083333333,24,True
2022-07-05,11.761166666666668,24,True,1019.2102083333333,24,True
2022-07-06,11.137083333333335,24,True,1019.2135,24,True
2022-07-07,12.087583333333333,24,True,1013.5247916666667,24,True
2022-07-08,12.881,24,True,1015.7254583333333,24,True
2022-07-09,12.787541666666668,24,True,1017.1422916666667,24,True
2022-07-10,12.4385,24,True,1016.611625,24,True
2022-07-11,12.227875,24,True,1022.8767083333333,24,True
2022-07-12,13.202041666666666,24,True,1015.9451250000001,24,True
2022-07-13,12.772125,24,True,1016.292,24,True
2022-07-14,12.119916666666667,24,True,1017.2569583333334,24,True
2022-07-15,10.383666666666667,24,True,1019.1039999999999,24,True
2022-07-16,10.630916666666666,24,True,1024.697875,24,True
2022-07-17,11.778958333333334,24,True,1018.4702083333333,24,True
2022-07-18,11.531,24,True,1017.8630416666666,24,True
2022-07-19,10.807916666666666,24,True,1015.9810833333332,24,True
2022-07-20,11.707041666666667,24,True,1016.3651666666666,24,True
2022-07-21,12.244041666666666,24,True,1017.6622083333333,24,True
2022-07-22,12.233541666666667,24,True,1017.0412916666668,24,True
2022-07-23,12.290875,24,True,1017.8114583333332,24,True
2022-07-24,12.494208333333333,24,True,1018.5639166666666,24,True
2022-07-25,12.309666666666667,24,True,1018.5316666666666,24,True
2022-07-26,11.356125,24,True,1020.5412916666668,24,True
2022-07-27,11.998333333333333,24,True,1022.2572083333333,24,True
2022-07-28,12.534333333333334,24,True,1019.8342083333333,24,True
2022-07-29,11.417041666666668,24,True,1015.4234166666666,24,True
2022-07-30,13.061708333333334,24,True,1018.0792083333334,24,True
2022-07-31,12.885625,24,True,1017.7652916666666,24,True
2022-08-01,12.058583333333333,24,True,1017.4210416666666,24,True
2022-08-02,12.438583333333334,24,True,1017.707625,24,True
2022-08-03,12.613875,24,True,1021.4274583333332,24,True
2022-08-04,12.109458333333334,24,True,1018.355,24,True
2022-08-05,12.055458333333334,24,True,1016.2792083333334,24,True
2022-08-06,11.869833333333332,24,True,1020.5869583333333,24,True
2022-08-07,12.401,19,True,1021.4541052631579,19,True
2022-08-08,,0,False,,0,False
2022-08-09,,0,False,,0,False
2022-08-10,,0,False,,0,False
2022-08-11,,0,False,,0,False
2022-08-12,12.866000000000001,13,True,,0,False
2022-08-13,12.047958333333334,24,True,,0,False
2022-08-14,11.667666666666667,24,True,,0,False
2022-08-15,12.898166666666667,24,True,,0,False
2022-08-16,12.221541666666667,24,True,,0,False
2022-08-17,13.238083333333334,24,True,,0,False
2022-08-18,12.004583333333334,24,True,,0,False
2022-08-19,10.987791666666666,24,True,,0,False
2022-08-20,11.557416666666667,24,True,,0,False
2022-08-21,11.966916666666668,24,True,,0,False
2022-08-22,12.558124999999999,24,True,,0,False
2022-08-23,12.128083333333334,24,True,,0,False
2022-08-24,10.954541666666666,24,True,,0,False
2022-08-25,11.34925,24,True,,0,False
2022-08-26,11.759041666666667,24,True,,0,False
2022-08-27,13.167083333333332,24,True,,0,False
2022-08-28,10.918333333333335,24,True,,0,False
2022-08-29,11.688749999999999,24,True,,0,False
2022-08-30,11.552750000000001,24,True,,0,False
2022-08-31,12.093874999999999,24,True,,0,False
2022-09-01,13.075458333333332,24,True,,0,False
2022-09-02,11.638833333333332,24,True,,0,False
2022-09-03,11.653208333333334,24,True,,0,False
2022-09-04,11.209416666666668,24,True,,0,False
2022-09-05,11.859708333333332,24,True,,0,False
2022-09-06,11.347541666666666,24,True,,0,False
2022-09-07,12.697833333333334,24,True,,0,False
2022-09-08,13.270000000000001,21,True,1019.1326666666666,9,True
2022-09-09,12.03475,24,True,1017.797375,24,True
2022-09-10,11.815333333333333,24,True,1019.4868333333334,24,True
2022-09-11,13.979708333333335,24,True,1022.6258750000001,24,True
2022-09-12,12.527333333333333,24,True,1020.2421666666668,24,True
2022-09-13,13.209125,24,True,1022.2173333333334,24,True
2022-09-14,12.746583333333334,24,True,1018.6820416666666,24,True
2022-09-15,11.980541666666667,24,True,1016.2555000000001,24,True
2022-09-16,12.400875,24,True,1017.8423750000001,24,True
2022-09-17,12.628958333333332,24,True,1019.8686666666666,24,True
2022-09-18,12.664791666666666,24,True,1020.5897916666667,24,True
2022-09-19,11.723999999999998,24,True,1018.7177499999999,24,True
2022-09-20,12.04475,24,True,1023.3613333333333,24,True
2022-09-21,13.140666666666668,24,True,1023.403375,24,True
2022-09-22,13.991,24,True,1015.7361666666667,24,True
2022-09-23,12.402041666666667,24,True,1018.490375,24,True
2022-09-24,12.868916666666665,24,True,1020.9394583333333,24,True
2022-09-25,11.949666666666667,24,True,1020.6394999999999,24,True
2022-09-26,12.202,24,True,1017.4379166666666,24,True
2022-09-27,12.24875,24,True,1018.4855000000001,24,True
2022-09-28,12.527833333333334,24,True,1020.0939166666667,24,True
2022-09-29,12.134083333333335,24,True,1019.8249999999999,24,True
2022-09-30,12.812833333333332,24,True,1017.6172916666666,24,True
2022-10-01,12.599583333333333,24,True,1018.1307499999999,24,True
2022-10-02,12.051208333333333,24,True,1016.7859166666667,24,True
2022-10-03,12.222666666666667,24,True,1017.9701249999999,24,True
2022-10-04,12.379624999999999,24,True,1018.6919166666667,24,True
2022-10-05,13.185,24,True,1021.4260833333333,24,True
2022-10-06,14.974083333333333,24,True,1018.6634583333333,24,True
2022-10-07,14.201833333333333,24,True,1015.0240833333334,24,True
2022-10-08,13.540041666666667,24,True,1017.0664583333333,24,True
2022-10-09,12.755791666666667,24,True,1015.23925,24,True
2022-10-10,12.512416666666667,24,True,1019.3404999999999,24,True
2022-10-11,12.735041666666667,24,True,1020.0135833333334,24,True
2022-10-12,12.881666666666668,24,True,1017.4978333333333,24,True
2022-10-13,12.846499999999999,24,True,1018.5005833333333,24,True
2022-10-14,11.995708333333333,24,True,1016.2171666666667,24,True
2022-10-15,12.671666666666667,24,True,1018.7127916666667,24,True
2022-10-16,12.334125,24,True,1017.5613749999999,24,True
2022-10-17,13.040458333333333,24,True,1016.8203333333332,24,True
2022-10-18,12.426666666666668,24,True,1017.61,24,True
2022-10-19,12.699666666666666,24,True,1020.40825,24,True
2022-10-20,13.552583333333333,24,True,1018.1287916666666,24,True
2022-10-21,13.254041666666666,24,True,1017.0649583333334,24,True
2022-10-22,12.936583333333333,24,True,1017.2444999999999,24,True
2022-10-23,13.282541666666667,24,True,1018.5825,24,True
2022-10-24,12.208916666666667,24,True,1016.8291250000001,24,True
2022-10-25,13.2325,24,True,1019.4594166666667,24,True
2022-10-26,14.382458333333332,24,True,1017.6281250000001,24,True
2022-10-27,13.392916666666666,24,True,1016.9259166666667,24,True
2022-10-28,14.372541666666665,24,True,1018.60425,24,True
2022-10-29,13.507833333333332,24,True,1016.3040833333333,24,True
2022-10-30,14.265833333333333,24,True,1017.158625,24,True
2022-10-31,13.189166666666667,24,True,1016.1214583333334,24,True
2022-11-01,12.806333333333333,24,True,1016.6885416666668,24,True
2022-11-02,12.893541666666666,24,True,1017.1889583333333,24,True
2022-11-03,13.412583333333332,24,True,1017.4721666666666,24,True
2022-11-04,12.621208333333334,24,True,1018.2414583333333,24,True
2022-11-05,14.156291666666666,24,True,1018.1600416666666,24,True
2022-11-06,14.050833333333335,24,True,1016.9630833333334,24,True
2022-11-07,14.250791666666666,24,True,1017.0592499999999,24,True
2022-11-08,13.880333333333333,24,True,1016.8844166666667,24,True
2022-11-09,13.956958333333333,24,True,1018.9563333333334,24,True
2022-11-10,13.6975,24,True,1018.0607916666667,24,True
2022-11-11,14.854833333333334,24,True,1018.096625,24,True
2022-11-12,14.559083333333334,24,True,1017.5143333333334,24,True
2022-11-13,15.468458333333333,24,True,1017.1658333333334,24,True
2022-11-14,16.279166666666665,24,True,1012.86975,24,True
2022-11-15,14.117624999999999,24,True,1015.4762083333334,24,True
2022-11-16,15.086374999999999,24,True,1016.4430000000001,24,True
2022-11-17,15.52425,24,True,1015.6213333333334,24,True
2022-11-18,15.219708333333335,24,True,1014.074125,24,True
2022-11-19,15.66325,24,True,1013.7034583333334,24,True
2022-11-20,14.633375000000001,24,True,1013.278625,24,True
2022-11-21,13.756708333333334,24,True,1013.5079999999999,24,True
2022-11-22,14.211833333333333,24,True,1015.5565,24,True
2022-11-23,14.557291666666666,24,True,1016.0656250000001,24,True
2022-11-24,15.179875000000001,24,True,1015.6519583333334,24,True
2022-11-25,15.373041666666667,24,True,1015.6623333333333,24,True
2022-11-26,14.942375,24,True,1015.5055833333332,24,True
2022-11-27,15.926625,24,True,1015.521875,24,True
2022-11-28,15.927624999999999,24,True,1015.6417499999999,24,True
2022-11-29,16.324916666666667,24,True,1015.895625,24,True
2022-11-30,17.033125000000002,24,True,1016.2691249999999,24,True
2022-12-01,16.474291666666666,24,True,1015.2325000000001,24,True
2022-12-02,15.286833333333334,24,True,1016.2704583333334,24,True
2022-12-03,15.96975,24,True,1016.1202499999999,24,True
2022-12-04,15.765958333333332,24,True,1013.1370416666667,24,True
2022-12-05,15.311375,24,True,1013.6134583333333,24,True
2022-12-06,15.384958333333332,24,True,1014.5965833333333,24,True
2022-12-07,16.448708333333332,24,True,1015.3157500000001,24,True
2022-12-08,16.655541666666668,24,True,1013.4706249999999,24,True
2022-12-09,17.633166666666668,24,True,1013.3859166666666,24,True
2022-12-10,16.747416666666666,24,True,1012.6135416666666,24,True
2022-12-11,16.60170833333333,24,True,1013.725625,24,True
2022-12-12,17.84025,24,True,1013.877,24,True
2022-12-13,16.739791666666665,24,True,1012.966375,24,True
2022-12-14,17.309291666666667,24,True,1014.0060416666666,24,True
2022-12-15,17.14795833333333,24,True,1011.642625,24,True
2022-12-16,16.598333333333333,24,True,1012.2213333333333,24,True
2022-12-17,16.787375,24,True,1012.8934583333333,24,True
2022-12-18,16.357791666666667,24,True,1013.0064166666666,24,True
2022-12-19,16.438708333333334,24,True,1015.2609166666666,24,True
2022-12-20,18.187375,24,True,1015.1166666666667,24,True
2022-12-21,17.513208333333335,24,True,1013.8739583333332,24,True
2022-12-22,18.117791666666665,24,True,1014.3312916666667,24,True
2022-12-23,18.123041666666666,24,True,1012.854125,24,True
2022-12-24,16.053583333333332,24,True,1011.8952083333334,24,True
2022-12-25,15.525666666666666,24,True,1012.7669999999999,24,True
2022-12-26,17.281916666666667,24,True,1016.0205,24,True
2022-12-27,18.035083333333333,24,True,1017.1279583333334,24,True
2022-12-28,17.144375,24,True,1016.7473333333334,24,True
2022-12-29,16.1295,24,True,1014.9325,24,True
2022-12-30,16.372625,24,True,1015.9202916666667,24,True
2022-12-31,17.709208333333333,24,True,1018.18825,24,True
2023-01-01,17.65791666666667,24,True,1017.7130416666668,24,True
2023-01-02,17.070333333333334,24,True,1017.0506666666666,24,True
2023-01-03,17.006333333333334,24,True,1013.8717499999999,24,True
2023-01-04,16.12475,24,True,1015.2428333333334,24,True
2023-01-05,17.320083333333333,24,True,1017.5844583333334,24,True
2023-01-06,17.83675,24,True,1016.1337916666666,24,True
2023-01-07,18.342166666666667,24,True,1016.1738333333333,24,True
2023-01-08,18.647791666666667,24,True,1015.8867916666667,24,True
2023-01-09,18.224333333333334,24,True,1016.53625,24,True
2023-01-10,18.482541666666666,24,True,1016.0963333333333,24,True
2023-01-11,18.154708333333335,24,True,1016.0837083333332,24,True
2023-01-12,17.42925,24,True,1015.6360416666666,24,True
2023-01-13,17.11970833333333,24,True,1013.8085,24,True
2023-01-14,17.914375,24,True,1014.7592500000001,24,True
2023-01-15,17.036125,24,True,1015.1247083333333,24,True
2023-01-16,17.00679166666667,24,True,1014.9555,24,True
2023-01-17,17.39275,24,True,1015.9222083333333,24,True
2023-01-18,17.537333333333333,24,True,1014.2779583333332,24,True
2023-01-19,17.59508333333333,24,True,1016.01275,24,True
2023-01-20,17.636916666666668,24,True,1014.7165416666667,24,True
2023-01-21,17.34991666666667,24,True,1014.0772499999999,24,True
2023-01-22,17.892208333333333,24,True,1012.5684583333333,24,True
2023-01-23,17.094541666666668,24,True,1013.5137083333334,24,True
2023-01-24,19.159625000000002,24,True,1012.7446249999999,24,True
2023-01-25,18.115541666666665,24,True,1011.8689166666667,24,True
2023-01-26,17.326249999999998,24,True,1012.2930833333334,24,True
2023-01-27,17.602291666666666,24,True,1012.5082916666667,24,True
2023-01-28,17.185958333333335,24,True,1011.7775416666667,24,True
2023-01-29,16.53025,24,True,1012.6605416666666,24,True
2023-01-30,17.243125000000003,24,True,1011.8216666666667,24,True
2023-01-31,17.244125,24,True,1013.5060833333333,24,True
2023-02-01,18.238583333333334,24,True,1014.1352916666666,24,True
2023-02-02,17.353166666666667,24,True,1013.2210416666667,24,True
2023-02-03,16.813875,24,True,1012.5511666666666,24,True
2023-02-04,17.411166666666666,6,True,1011.8258333333333,6,True
2023-02-05,,0,False,,0,False
2023-02-06,18.837533333333333,15,True,1013.0574666666666,15,True
2023-02-07,18.090708333333335,24,True,1012.2048333333333,24,True
2023-02-08,17.766291666666667,24,True,1011.8155416666667,24,True
2023-02-09,18.052083333333332,24,True,1011.3840833333334,24,True
2023-02-10,18.583375,24,True,1011.885375,24,True
2023-02-11,18.88445833333333,24,True,1009.9222916666666,24,True
2023-02-12,18.661291666666667,24,True,1011.5005416666667,24,True
2023-02-13,18.79475,24,True,1011.0447916666667,24,True
2023-02-14,17.862166666666667,24,True,1011.6285416666666,24,True
2023-02-15,16.659958333333332,24,True,1012.0212916666666,24,True
2023-02-16,17.30125,24,True,1013.3176666666667,24,True
2023-02-17,18.196166666666667,24,True,1011.236875,24,True
2023-02-18,18.824458333333336,24,True,1013.4423333333334,24,True
2023-02-19,18.93166666666667,24,True,1013.1328333333335,24,True
2023-02-20,18.175458333333335,24,True,1011.0894583333334,24,True
2023-02-21,16.670333333333335,24,True,1011.9140000000001,24,True
2023-02-22,17.659166666666668,24,True,1015.8536666666668,24,True
2023-02-23,16.958541666666665,24,True,1016.1502083333334,24,True
2023-02-24,17.321125,24,True,1015.929125,24,True
2023-02-25,17.508958333333332,24,True,1015.3154583333334,24,True
2023-02-26,17.658458333333332,24,True,1013.345375,24,True
2023-02-27,17.327749999999998,24,True,1013.2375000000001,24,True
2023-02-28,17.573541666666667,24,True,1014.191875,24,True
2023-03-01,16.789375,24,True,1013.6157083333333,24,True
2023-03-02,17.235375,24,True,1010.976125,24,True
2023-03-03,17.14975,24,True,1012.5491666666667,24,True
2023-03-04,17.145291666666665,24,True,1010.9360416666667,24,True
2023-03-05,16.96175,24,True,1012.1156666666667,24,True
2023-03-06,17.961708333333334,24,True,1014.05975,24,True
2023-03-07,17.644458333333333,24,True,1014.013625,24,True
2023-03-08,18.999333333333333,24,True,1015.3071666666666,24,True
2023-03-09,18.119958333333333,24,True,1014.4049166666667,24,True
2023-03-10,17.552458333333334,24,True,1014.3738333333334,24,True
2023-03-11,18.059958333333334,24,True,1015.7869166666666,24,True
2023-03-12,18.49325,24,True,1015.4946249999999,24,True
2023-03-13,18.641583333333333,24,True,1014.8535416666667,24,True
2023-03-14,18.093458333333334,24,True,1015.2398333333334,24,True
2023-03-15,17.78558333333333,24,True,1016.5770833333332,24,True
2023-03-16,18.58941666666667,24,True,1015.247,24,True
2023-03-17,18.699583333333333,24,True,1014.990375,24,True
2023-03-18,18.598208333333336,24,True,1012.8940416666666,24,True
2023-03-19,17.946208333333335,24,True,1013.7095,24,True
2023-03-20,18.029083333333332,24,True,1015.223,24,True
2023-03-21,17.851916666666668,24,True,1014.6313749999999,24,True
2023-03-22,17.424541666666666,24,True,1014.1007916666667,24,True
2023-03-23,17.847458333333332,24,True,1012.5458333333332,24,True
2023-03-24,17.133958333333332,24,True,1014.3735833333334,24,True
2023-03-25,17.028708333333334,24,True,1014.8043333333334,24,True
2023-03-26,17.13625,24,True,1013.666875,24,True
2023-03-27,17.35375,24,True,1012.6444583333333,24,True
2023-03-28,16.468333333333334,24,True,1013.4906666666666,24,True
2023-03-29,15.911791666666666,24,True,1013.3998333333334,24,True
2023-03-30,16.034916666666668,24,True,1013.4875000000001,24,True
2023-03-31,15.788416666666668,24,True,1013.6721666666667,24,True
2023-04-01,15.98625,24,True,1013.0268333333333,24,True
2023-04-02,16.142625,24,True,1012.7508333333334,24,True
2023-04-03,15.493083333333333,24,True,1011.5661249999999,24,True
2023-04-04,15.838041666666667,24,True,1011.6739583333333,24,True
2023-04-05,15.614083333333333,24,True,1013.647875,24,True
2023-04-06,15.210083333333332,24,True,1013.5145000000001,24,True
2023-04-07,15.106541666666667,24,True,1012.792625,24,True
2023-04-08,15.840708333333334,24,True,1014.6874583333333,24,True
2023-04-09,16.06716666666667,24,True,1014.9315416666667,24,True
2023-04-10,14.683916666666667,24,True,1013.6864999999999,24,True
2023-04-11,14.734499999999999,24,True,1013.737,24,True
2023-04-12,15.630291666666666,24,True,1012.9150416666666,24,True
2023-04-13,15.993208333333333,24,True,1013.1990833333333,24,True
2023-04-14,15.433083333333334,24,True,1014.6654166666667,24,True
2023-04-15,15.684750000000001,24,True,1014.7155833333333,24,True
2023-04-16,14.887333333333332,24,True,1017.8237083333333,24,True
2023-04-17,14.275666666666666,24,True,1015.9674166666667,24,True
2023-04-18,13.404166666666667,24,True,1017.1099583333333,24,True
2023-04-19,13.373125,24,True,1012.6442916666666,24,True
2023-04-20,14.638958333333333,24,True,1015.7124166666666,24,True
2023-04-21,15.740041666666668,24,True,1015.9987083333334,24,True
2023-04-22,13.564166666666667,24,True,1016.0187500000001,24,True
2023-04-23,15.348458333333333,24,True,1016.7433333333333,24,True
2023-04-24,14.879291666666667,24,True,1017.0837083333332,24,True
2023-04-25,13.660791666666666,24,True,1015.191375,24,True
2023-04-26,14.064749999999998,24,True,1016.9824166666667,24,True
2023-04-27,14.395833333333334,24,True,1016.9148333333333,24,True
2023-04-28,14.127916666666666,24,True,1016.6898333333334,24,True
2023-04-29,14.926291666666666,24,True,1017.3133333333334,24,True
2023-04-30,16.724375,24,True,1018.8604166666668,24,True
2023-05-01,15.013041666666666,24,True,1017.0920416666667,24,True
2023-05-02,12.508000000000001,24,True,1015.2478333333333,24,True
2023-05-03,11.916541666666667,24,True,1014.0980833333333,24,True
2023-05-04,12.635333333333334,24,True,1015.3488333333333,24,True
2023-05-05,12.673791666666666,24,True,1014.8529583333334,24,True
2023-05-06,12.532416666666668,24,True,1015.8467916666667,24,True
2023-05-07,12.853166666666667,24,True,1016.5292083333334,24,True
2023-05-08,11.600083333333332,24,True,1015.7723333333333,24,True
2023-05-09,11.247333333333332,24,True,1014.695875,24,True
2023-05-10,12.928624999999998,24,True,1015.6969166666667,24,True
2023-05-11,13.078875000000002,24,True,1014.4992083333333,24,True
2023-05-12,13.48225,24,True,1013.7224166666666,24,True
2023-05-13,13.730875,24,True,1013.3571666666667,24,True
2023-05-14,13.746541666666666,24,True,1015.8774166666667,24,True
2023-05-15,15.3665,24,True,1017.9495416666667,24,True
2023-05-16,14.858291666666666,24,True,1017.2235416666667,24,True
2023-05-17,15.766,24,True,1018.3249999999999,24,True
2023-05-18,14.350666666666667,24,True,1016.217125,24,True
2023-05-19,13.333083333333333,24,True,1016.9615416666667,24,True
2023-05-20,14.0265,24,True,1016.5547916666666,24,True
2023-05-21,14.211833333333333,24,True,1017.8558333333334,24,True
2023-05-22,13.583,24,True,1016.1709166666666,24,True
2023-05-23,14.284791666666665,24,True,1016.6055,24,True
2023-05-24,14.433208333333333,24,True,1015.5565833333334,24,True
2023-05-25,13.569583333333334,24,True,1016.30625,24,True
2023-05-26,14.774791666666665,24,True,1018.078125,24,True
2023-05-27,13.977666666666666,24,True,1017.314875,24,True
2023-05-28,13.860750000000001,24,True,1017.1309166666666,24,True
2023-05-29,13.91625,24,True,1017.2010833333334,24,True
2023-05-30,13.831333333333333,24,True,1018.0595833333333,24,True
2023-05-31,13.503833333333333,24,True,1015.1271666666667,24,True
2023-06-01,13.313375,24,True,1015.5587916666667,24,True
2023-06-02,14.438291666666666,24,True,1017.3332083333333,24,True
2023-06-03,15.259291666666668,24,True,1017.7645416666666,24,True
2023-06-04,14.274125,24,True,1015.7839166666666,24,True
2023-06-05,12.813791666666667,24,True,1015.4888333333333,24,True
2023-06-06,12.46525,24,True,1015.6717083333333,24,True
2023-06-07,14.379249999999999,24,True,1017.8834166666667,24,True
2023-06-08,14.688,24,True,1020.3669166666667,24,True
2023-06-09,14.577125,24,True,1019.9809583333334,24,True
2023-06-10,13.786625,24,True,1019.1624583333333,24,True
2023-06-11,11.8945,24,True,1020.3033333333333,24,True
2023-06-12,9.605166666666667,24,True,1020.580875,24,True
2023-06-13,10.228,24,True,1020.4722499999999,24,True
2023-06-14,9.182708333333332,24,True,1018.8581250000001,24,True
2023-06-15,11.569249999999998,24,True,1014.8530000000001,24,True
2023-06-16,11.728583333333333,24,True,1014.0809166666667,24,True
2023-06-17,11.270166666666666,24,True,1014.28075,24,True
2023-06-18,14.241166666666667,24,True,1015.186,24,True
2023-06-19,14.039,24,True,1016.5448333333334,24,True
2023-06-20,13.117125,24,True,1015.3682916666667,24,True
2023-06-21,12.583833333333333,24,True,1016.4842083333333,24,True
2023-06-22,14.342791666666665,24,True,1017.5964166666666,24,True
2023-06-23,17.28470833333333,24,True,1017.7853333333333,24,True
2023-06-24,17.254208333333334,24,True,1016.570625,24,True
2023-06-25,13.936166666666667,24,True,1017.3765,24,True
2023-06-26,14.656583333333332,24,True,1017.6190416666667,24,True
2023-06-27,15.655125,24,True,1017.9340000000001,24,True
2023-06-28,13.104416666666667,24,True,1016.234625,24,True
2023-06-29,13.318666666666667,24,True,1014.2136666666667,24,True
2023-06-30,11.503916666666667,24,True,1013.5495,24,True
2023-07-01,12.826458333333333,24,True,1014.20075,24,True
2023-07-02,14.046666666666667,24,True,1018.5417916666667,24,True
2023-07-03,12.222041666666668,24,True,1017.4522499999999,24,True
2023-07-04,13.684666666666667,24,True,1021.0662083333333,24,True
2023-07-05,14.274083333333332,24,True,1019.8062916666667,24,True
2023-07-06,12.667499999999999,24,True,1016.71625,24,True
2023-07-07,11.660499999999999,24,True,1017.38325,24,True
2023-07-08,11.735333333333335,24,True,1018.97175,24,True
2023-07-09,11.621416666666667,24,True,1017.0478333333334,24,True
2023-07-10,12.653583333333332,24,True,1014.8437083333333,24,True
2023-07-11,13.869833333333332,24,True,1015.8729583333334,24,True
2023-07-12,15.740166666666667,24,True,1020.9999166666666,24,True
2023-07-13,15.557333333333332,24,True,1014.7785,24,True
2023-07-14,14.637541666666666,24,True,1012.9283333333333,24,True
2023-07-15,12.391,24,True,1016.1885000000001,24,True
2023-07-16,12.004833333333332,24,True,1015.5869166666666,24,True
2023-07-17,12.340583333333333,24,True,1017.6979583333333,24,True
2023-07-18,14.404291666666666,24,True,1015.5647916666667,24,True
2023-07-19,14.051499999999999,24,True,1014.7254583333333,24,True
2023-07-20,12.849666666666666,24,True,1014.737125,24,True
2023-07-21,13.157958333333333,24,True,1016.7692499999999,24,True
2023-07-22,14.418208333333332,24,True,1018.1509166666666,24,True
2023-07-23,14.180434782608694,23,True,1016.7448695652174,23,True
2023-07-24,,0,False,,0,False
2023-07-25,15.619307692307691,13,True,1018.6272307692308,13,True
2023-07-26,13.293041666666667,24,True,1017.1355416666667,24,True
2023-07-27,13.387458333333333,24,True,1017.993125,24,True
2023-07-28,12.326291666666668,24,True,1017.3425416666668,24,True
2023-07-29,12.931416666666665,24,True,1016.7515416666666,24,True
2023-07-30,13.145166666666666,24,True,1016.3262500000001,24,True
2023-07-31,13.168375,24,True,1018.0384166666666,24,True
2023-08-01,12.015916666666667,24,True,1015.0289583333333,24,True
2023-08-02,14.381291666666668,24,True,1017.1117916666667,24,True
2023-08-03,14.45525,24,True,1017.4620416666667,24,True
2023-08-04,14.074125,24,True,1015.5899583333334,24,True
2023-08-05,14.154916666666667,24,True,1016.3852499999999,24,True
2023-08-06,14.666541666666667,24,True,1018.817125,24,True
2023-08-07,12.874125,24,True,1017.011875,24,True
2023-08-08,14.13675,24,True,1019.30275,24,True
2023-08-09,12.855083333333333,24,True,1017.645625,24,True
2023-08-10,14.103041666666668,24,True,1021.0566666666667,24,True
2023-08-11,16.103583333333333,24,True,1016.4495000000001,24,True
2023-08-12,13.727625000000002,24,True,1015.5895,24,True
2023-08-13,13.709041666666666,24,True,1015.1962083333333,24,True
2023-08-14,14.020166666666666,24,True,1015.6720833333334,24,True
2023-08-15,14.633791666666667,24,True,1016.3587916666667,24,True
2023-08-16,15.044625000000002,24,True,1018.8065416666667,24,True
2023-08-17,14.680208333333333,24,True,1019.2748333333334,24,True
2023-08-18,15.325791666666667,24,True,1018.8195416666667,24,True
2023-08-19,16.805,24,True,1018.3192083333333,24,True
2023-08-20,16.702,24,True,1016.1788750000001,24,True
2023-08-21,15.087583333333333,24,True,1014.1982916666666,24,True
2023-08-22,14.728583333333333,24,True,1015.1075833333333,24,True
2023-08-23,14.474791666666667,24,True,1016.3289583333334,24,True
2023-08-24,15.075000000000001,24,True,1017.8427916666666,24,True
2023-08-25,14.006916666666667,24,True,1019.01575,24,True
2023-08-26,14.747124999999999,24,True,1016.7565416666666,24,True
2023-08-27,15.00325,24,True,1014.0988333333333,24,True
2023-08-28,14.030541666666666,24,True,1017.9789583333333,24,True
2023-08-29,14.016583333333335,24,True,1017.71125,24,True
2023-08-30,15.037833333333333,24,True,1017.3501249999999,24,True
2023-08-31,13.471958333333333,24,True,1013.4642083333333,24,True
2023-09-01,13.407708333333334,24,True,1016.1622083333333,24,True
2023-09-02,13.395291666666667,24,True,1015.43125,24,True
2023-09-03,14.313291666666666,24,True,1018.4625416666667,24,True
2023-09-04,14.469416666666667,24,True,1020.3316666666666,24,True
2023-09-05,14.536541666666666,24,True,1016.5012499999999,24,True
2023-09-06,14.337625000000001,24,True,1017.6983749999999,24,True
2023-09-07,14.853583333333333,24,True,1018.1743333333334,24,True
2023-09-08,15.108291666666666,24,True,1016.8473333333333,24,True
2023-09-09,13.79925,24,True,1017.9997083333333,24,True
2023-09-10,15.370166666666668,24,True,1016.2330416666667,24,True
2023-09-11,15.80625,24,True,1018.3275416666667,24,True
2023-09-12,13.775333333333334,24,True,1020.3175,24,True
2023-09-13,13.789499999999999,24,True,1022.3357083333334,24,True
2023-09-14,16.395,24,True,1015.9750833333334,24,True
2023-09-15,13.575125,24,True,1011.5065833333333,24,True
2023-09-16,13.911458333333334,24,True,1016.1872916666666,24,True
2023-09-17,13.587666666666665,24,True,1017.7981666666666,24,True
2023-09-18,14.212666666666665,24,True,1015.6292083333333,24,True
2023-09-19,13.14625,24,True,1014.0236666666666,24,True
2023-09-20,13.77625,24,True,1016.774625,24,True
2023-09-21,13.813583333333334,24,True,1016.3755416666667,24,True
2023-09-22,15.5065,24,True,1014.8295833333333,24,True
2023-09-23,13.817875,24,True,1015.1367083333333,24,True
2023-09-24,14.169083333333333,24,True,1014.9905416666667,24,True
2023-09-25,14.329916666666668,24,True,1018.6637083333334,24,True
2023-09-26,14.045416666666666,24,True,1019.3461666666667,24,True
2023-09-27,12.992166666666668,24,True,1016.142375,24,True
2023-09-28,12.468041666666666,24,True,1017.502125,24,True
2023-09-29,12.817833333333333,24,True,1013.58625,24,True
2023-09-30,12.967291666666666,24,True,1015.3749583333333,24,True
2023-10-01,12.753166666666667,24,True,1017.085375,24,True
2023-10-02,13.863291666666667,24,True,1016.53125,24,True
2023-10-03,14.231250000000001,24,True,1018.9167083333333,24,True
2023-10-04,13.501875,24,True,1015.9515416666667,24,True
2023-10-05,12.373416666666666,24,True,1015.9444583333334,24,True
2023-10-06,13.049458333333334,24,True,1021.107875,24,True
2023-10-07,13.168625,24,True,1019.5357083333333,24,True
2023-10-08,14.097791666666666,24,True,1017.2306666666667,24,True
2023-10-09,12.462874999999999,24,True,1015.4083333333333,24,True
2023-10-10,13.584208333333335,24,True,1018.1743333333334,24,True
2023-10-11,13.518166666666666,24,True,1017.4669166666666,24,True
2023-10-12,14.223291666666666,24,True,1014.1652916666667,24,True
2023-10-13,12.765583333333334,24,True,1014.4805833333334,24,True
2023-10-14,12.977916666666667,24,True,1017.0165000000001,24,True
2023-10-15,12.762500000000001,24,True,1016.17675,24,True
2023-10-16,13.498791666666667,24,True,1015.547,24,True
2023-10-17,12.985208333333333,24,True,1014.6919166666667,24,True
2023-10-18,15.07575,24,True,1017.741875,24,True
2023-10-19,14.051041666666668,24,True,1013.6688333333333,24,True
2023-10-20,13.791875,24,True,1014.7489583333332,24,True
2023-10-21,13.950166666666666,24,True,1016.3765,24,True
2023-10-22,13.802791666666666,24,True,1017.0726249999999,24,True
2023-10-23,15.64725,24,True,1019.263375,24,True
2023-10-24,14.432583333333334,24,True,1016.3593333333333,24,True
2023-10-25,13.865291666666666,24,True,1013.8587083333333,24,True
2023-10-26,13.7265,24,True,1014.841625,24,True
2023-10-27,14.278208333333334,24,True,1017.448,24,True
2023-10-28,14.423250000000001,24,True,1017.94875,24,True
2023-10-29,15.145541666666666,24,True,1020.2341666666666,24,True
2023-10-30,15.823458333333333,24,True,1017.2833333333333,24,True
2023-10-31,14.841375,24,True,1015.2860833333334,24,True
2023-11-01,14.168875,24,True,1016.2854166666666,24,True
2023-11-02,14.300708333333333,24,True,1018.8890833333334,24,True
2023-11-03,14.369833333333332,24,True,1012.6284166666666,24,True
2023-11-04,14.299458333333334,24,True,1014.6685000000001,24,True
2023-11-05,14.72175,24,True,1015.0920833333333,24,True
2023-11-06,14.194,24,True,1016.4660416666667,24,True
2023-11-07,15.548333333333334,24,True,1015.884375,24,True
2023-11-08,15.955916666666667,24,True,1011.4105,24,True
2023-11-09,14.341875,24,True,1011.1913333333333,24,True
2023-11-10,15.026666666666666,24,True,1014.1822916666666,24,True
2023-11-11,15.134208333333333,24,True,1014.6335,24,True
2023-11-12,14.615541666666667,24,True,1015.4504583333334,24,True
2023-11-13,14.865875,24,True,1014.324375,24,True
2023-11-14,14.106875,24,True,1013.8902916666666,24,True
2023-11-15,13.774416666666667,24,True,1016.5032916666668,24,True
2023-11-16,13.851083333333333,24,True,1015.7826249999999,24,True
2023-11-17,14.181583333333334,24,True,1017.8307500000001,24,True
2023-11-18,15.224333333333334,24,True,1015.3133750000001,24,True
2023-11-19,14.564875,24,True,1016.4385000000001,24,True
2023-11-20,15.779958333333333,24,True,1016.58625,24,True
2023-11-21,14.553375,24,True,1017.0880416666668,24,True
2023-11-22,15.189791666666666,24,True,1016.4789999999999,24,True
2023-11-23,13.978083333333332,24,True,1016.4325,24,True
2023-11-24,14.633208333333334,24,True,1018.5231666666667,24,True
2023-11-25,15.029083333333332,24,True,1015.5896666666667,24,True
2023-11-26,14.428791666666667,24,True,1013.7255833333334,24,True
2023-11-27,15.098041666666667,24,True,1015.3554583333333,24,True
2023-11-28,15.424583333333333,24,True,1016.5014166666666,24,True
2023-11-29,15.975999999999999,24,True,1012.5466666666666,24,True
2023-11-30,14.918333333333335,24,True,1014.1624583333333,24,True
2023-12-01,15.987833333333334,24,True,1017.0433750000001,24,True
2023-12-02,15.486666666666666,24,True,1015.721125,24,True
2023-12-03,15.348916666666668,24,True,1012.1249583333333,24,True
2023-12-04,14.717708333333334,24,True,1013.27475,24,True
2023-12-05,14.924333333333335,24,True,1015.919,24,True
2023-12-06,15.399333333333333,24,True,1015.6529999999999,24,True
2023-12-07,15.08825,24,True,1014.3650416666666,24,True
2023-12-08,15.759333333333332,24,True,1014.7721666666666,24,True
2023-12-09,14.850625,24,True,1011.62875,24,True
2023-12-10,14.148125,24,True,1010.6969583333333,24,True
2023-12-11,15.437375000000001,24,True,1012.1705000000001,24,True
2023-12-12,15.930083333333334,24,True,1011.7214166666666,24,True
2023-12-13,15.385583333333335,24,True,1010.2434583333334,24,True
2023-12-14,15.483041666666667,24,True,1011.3606249999999,24,True
2023-12-15,14.782708333333334,24,True,1012.018,24,True
2023-12-16,15.514208333333334,24,True,1015.1510833333333,24,True
2023-12-17,16.20075,24,True,1015.049,24,True
2023-12-18,15.446916666666667,24,True,1012.6160416666667,24,True
2023-12-19,15.690958333333333,24,True,1015.3622916666667,24,True
2023-12-20,15.793291666666667,24,True,1013.6,24,True
2023-12-21,15.460374999999999,24,True,1014.769875,24,True
2023-12-22,15.725,24,True,1013.4472916666667,24,True
2023-12-23,15.388583333333335,24,True,1014.8137916666666,24,True
2023-12-24,15.92425,24,True,1016.6490416666667,24,True
2023-12-25,15.130666666666668,24,True,1014.109375,24,True
2023-12-26,16.169541666666667,24,True,1016.1340833333334,24,True
2023-12-27,16.883583333333334,24,True,1014.4525416666667,24,True
2023-12-28,18.0605,24,True,1018.4490833333333,24,True
2023-12-29,17.620583333333332,24,True,1017.3722916666667,24,True
2023-12-30,17.736250000000002,24,True,1017.5937916666667,24,True
2023-12-31,17.278666666666666,24,True,1017.4452500000001,24,True
2024-01-01,17.357791666666667,24,True,1015.8487916666667,24,True
2024-01-02,16.987083333333334,24,True,1015.5308749999999,24,True
2024-01-03,17.091833333333334,24,True,1015.5705833333333,24,True
2024-01-04,17.421541666666666,24,True,1016.9244166666667,24,True
2024-01-05,17.430583333333335,24,True,1017.113625,24,True
2024-01-06,17.346791666666665,24,True,1014.8515416666668,24,True
2024-01-07,18.47375,24,True,1012.6367083333333,24,True
2024-01-08,17.901791666666664,24,True,1012.1697083333333,24,True
2024-01-09,17.504083333333334,24,True,1014.523,24,True
2024-01-10,17.018583333333336,24,True,1014.2669166666666,24,True
2024-01-11,16.966791666666666,24,True,1016.032875,24,True
2024-01-12,16.142708333333335,24,True,1016.2159583333333,24,True
2024-01-13,16.485416666666666,24,True,1016.7689999999999,24,True
2024-01-14,16.425833333333333,24,True,1013.49175,24,True
2024-01-15,16.8735,24,True,1012.7153333333334,24,True
2024-01-16,16.955458333333333,24,True,1012.2095416666666,24,True
2024-01-17,16.957791666666665,24,True,1012.5292083333334,24,True
2024-01-18,16.9845,24,True,1013.71425,24,True
2024-01-19,17.89275,24,True,1012.4359583333334,24,True
2024-01-20,17.28770833333333,24,True,1013.1280833333334,24,True
2024-01-21,17.146583333333336,24,True,1013.8867083333333,24,True
2024-01-22,16.665541666666666,24,True,1013.6369166666667,24,True
2024-01-23,17.27508333333333,24,True,1013.2161666666667,24,True
2024-01-24,16.896208333333334,24,True,1011.96675,24,True
2024-01-25,16.96291666666667,24,True,1013.5102083333333,24,True
2024-01-26,17.97825,24,True,1015.461375,24,True
2024-01-27,18.582333333333334,24,True,1013.2175833333334,24,True
2024-01-28,17.967791666666667,24,True,1014.739625,24,True
2024-01-29,17.923625,24,True,1015.5144583333334,24,True
2024-01-30,17.879041666666666,24,True,1014.0236249999999,24,True
2024-01-31,17.77208333333333,24,True,1014.073625,24,True
2024-02-01,17.995833333333334,24,True,1014.5748749999999,24,True
2024-02-02,17.857416666666666,24,True,1015.0077916666668,24,True
2024-02-03,18.38533333333333,24,True,1012.4043750000001,24,True
2024-02-04,18.78558333333333,24,True,1012.2687500000001,24,True
2024-02-05,19.7315,24,True,1013.3771666666667,24,True
2024-02-06,19.354375,24,True,1015.4617083333333,24,True
2024-02-07,19.217291666666664,24,True,1013.4459166666667,24,True
2024-02-08,18.795375,24,True,1013.7024583333333,24,True
2024-02-09,19.406833333333335,24,True,1013.613875,24,True
2024-02-10,18.786166666666666,24,True,1012.8426666666668,24,True
2024-02-11,18.918958333333332,24,True,1014.0367500000001,24,True
2024-02-12,17.821166666666667,24,True,1012.3168333333333,24,True
2024-02-13,18.631541666666667,24,True,1013.642125,24,True
2024-02-14,19.129958333333335,24,True,1014.14075,24,True
2024-02-15,18.909791666666667,24,True,1013.3167916666666,24,True
2024-02-16,18.67725,24,True,1013.2983333333333,24,True
2024-02-17,18.954708333333333,24,True,1011.8842916666666,24,True
2024-02-18,17.700041666666667,24,True,1012.1567916666667,24,True
2024-02-19,18.107541666666666,24,True,1015.387875,24,True
2024-02-20,18.30033333333333,24,True,1016.689375,24,True
2024-02-21,18.610291666666665,24,True,1016.1821666666666,24,True
2024-02-22,19.83375,24,True,1016.1584583333333,24,True
2024-02-23,19.410166666666665,24,True,1015.473875,24,True
2024-02-24,19.137083333333333,24,True,1015.7578333333332,24,True
2024-02-25,18.39525,24,True,1017.2315833333333,24,True
2024-02-26,18.906916666666667,24,True,1016.267625,24,True
2024-02-27,18.347125000000002,24,True,1014.4247916666667,24,True
2024-02-28,18.371041666666667,24,True,1013.564875,24,True
2024-02-29,18.22225,24,True,1013.859875,24,True
2024-03-01,18.473666666666666,24,True,1014.9627083333334,24,True
2024-03-02,18.388625,24,True,1015.8357083333334,24,True
2024-03-03,18.511625,24,True,1015.756125,24,True
2024-03-04,18.009333333333334,24,True,1014.2878333333333,24,True
2024-03-05,18.350458333333332,24,True,1013.3165416666667,24,True
2024-03-06,17.221416666666666,24,True,1013.578375,24,True
2024-03-07,17.25425,24,True,1015.0550833333333,24,True
2024-03-08,17.80333333333333,24,True,1014.9094166666667,24,True
2024-03-09,18.39125,24,True,1012.75375,24,True
2024-03-10,17.132041666666666,24,True,1014.6258333333334,24,True
2024-03-11,16.780958333333334,24,True,1015.6227083333333,24,True
2024-03-12,17.848125,24,True,1013.9711666666667,24,True
2024-03-13,17.764083333333332,24,True,1013.05425,24,True
2024-03-14,17.322041666666667,24,True,1011.8509166666666,24,True
2024-03-15,16.507166666666667,24,True,1012.3640416666667,24,True
2024-03-16,15.787916666666668,24,True,1013.2935416666668,24,True
2024-03-17,15.691249999999998,24,True,1011.5334583333333,24,True
2024-03-18,14.66975,24,True,1011.1577083333333,24,True
2024-03-19,16.106333333333335,24,True,1014.8532916666667,24,True
2024-03-20,17.660208333333333,24,True,1015.9291666666667,24,True
2024-03-21,16.786791666666666,24,True,1013.6863333333334,24,True
2024-03-22,14.995041666666667,24,True,1015.395125,24,True
2024-03-23,16.588375,24,True,1015.3175416666667,24,True
2024-03-24,16.347416666666668,24,True,1013.1771666666667,24,True
2024-03-25,16.305375,24,True,1014.3740416666666,24,True
2024-03-26,16.280166666666666,24,True,1015.777375,24,True
2024-03-27,16.706374999999998,24,True,1017.304125,24,True
2024-03-28,16.439875,24,True,1015.8938750000001,24,True
2024-03-29,16.177375,24,True,1016.4049166666667,24,True
2024-03-30,16.037333333333333,24,True,1015.4093333333334,24,True
2024-03-31,16.0455,24,True,1016.4185000000001,24,True
2024-04-01,16.392041666666668,24,True,1014.760375,24,True
2024-04-02,16.212125,24,True,1014.8667083333333,24,True
2024-04-03,16.09975,24,True,1016.0013333333333,24,True
2024-04-04,15.142916666666666,24,True,1015.9305416666666,24,True
2024-04-05,15.133125,24,True,1016.7735416666666,24,True
2024-04-06,15.054791666666667,24,True,1016.2572916666667,24,True
2024-04-07,14.533833333333334,24,True,1013.1725416666667,24,True
2024-04-08,15.129125,24,True,1015.0960833333334,24,True
2024-04-09,14.874833333333333,24,True,1015.6187916666667,24,True
2024-04-10,13.795833333333334,24,True,1013.7069166666666,24,True
2024-04-11,14.289083333333332,24,True,1016.263625,24,True
2024-04-12,14.490583333333333,24,True,1015.0420833333333,24,True
2024-04-13,14.236083333333333,24,True,1014.3267083333334,24,True
2024-04-14,15.745624999999999,24,True,1015.2269583333333,24,True
2024-04-15,15.488416666666666,24,True,1018.9895,24,True
2024-04-16,17.53475,24,True,1018.0559166666667,24,True
2024-04-17,16.041375,24,True,1012.4921666666665,24,True
2024-04-18,14.616958333333335,24,True,1013.1911249999999,24,True
2024-04-19,14.407041666666666,24,True,1015.84825,24,True
2024-04-20,14.034666666666666,24,True,1016.5322083333334,24,True
2024-04-21,15.661,24,True,1017.3245416666667,24,True
2024-04-22,16.396166666666666,24,True,1017.1479166666667,24,True
2024-04-23,13.430708333333333,24,True,1016.9324583333333,24,True
2024-04-24,14.132333333333333,24,True,1016.7984166666666,24,True
2024-04-25,14.023125,24,True,1014.788,24,True
2024-04-26,16.292166666666667,24,True,1015.7575,24,True
2024-04-27,15.676250000000001,24,True,1016.2174583333334,24,True
2024-04-28,13.252249999999998,24,True,1014.291875,24,True
2024-04-29,13.640041666666667,24,True,1017.3512083333334,24,True
2024-04-30,15.829666666666666,24,True,1016.8030833333333,24,True
2024-05-01,15.181125,24,True,1015.0709166666667,24,True
2024-05-02,12.926416666666666,24,True,1014.1445833333333,24,True
2024-05-03,11.680416666666666,24,True,1017.5528333333333,24,True
2024-05-04,12.338958333333332,24,True,1015.6595833333334,24,True
2024-05-05,12.095041666666667,24,True,1015.2790833333333,24,True
2024-05-06,12.0075,24,True,1015.2943333333333,24,True
2024-05-07,11.60375,24,True,1017.4182916666667,24,True
2024-05-08,13.699833333333332,24,True,1015.9477916666666,24,True
2024-05-09,11.787791666666665,24,True,1016.067125,24,True
2024-05-10,13.142708333333333,24,True,1019.250625,24,True
2024-05-11,13.396416666666667,24,True,1017.6572916666668,24,True
2024-05-12,13.063166666666667,24,True,1018.5281249999999,24,True
2024-05-13,12.962791666666666,24,True,1017.7384166666667,24,True
2024-05-14,11.848541666666668,24,True,1015.4850833333334,24,True
2024-05-15,11.15875,24,True,1017.6790416666666,24,True
2024-05-16,11.398166666666667,24,True,1018.4086666666667,24,True
2024-05-17,11.182583333333334,24,True,1020.0222916666667,24,True
2024-05-18,11.7455,24,True,1022.1632083333334,24,True
2024-05-19,12.619166666666667,24,True,1017.2826666666666,24,True
2024-05-20,12.524375,24,True,1014.8874583333333,24,True
2024-05-21,13.652708333333335,24,True,1014.1071666666667,24,True
2024-05-22,12.855666666666666,24,True,1016.6632083333334,24,True
2024-05-23,13.179958333333333,24,True,1021.3527083333333,24,True
2024-05-24,13.21175,24,True,1016.8284583333334,24,True
2024-05-25,12.815333333333333,24,True,1019.4125833333334,24,True
2024-05-26,13.087208333333335,24,True,1019.33425,24,True
2024-05-27,12.543750000000001,24,True,1018.1141250000001,24,True
2024-05-28,10.616333333333333,24,True,1018.2419166666667,24,True
2024-05-29,10.129166666666666,24,True,1018.6587083333334,24,True
2024-05-30,11.045,24,True,1015.36625,24,True
2024-05-31,12.140375,24,True,1017.4983333333333,24,True
2024-06-01,11.827458333333333,24,True,1015.1695833333333,24,True
2024-06-02,11.389541666666666,24,True,1013.831875,24,True
2024-06-03,12.215000000000002,24,True,1016.5987083333333,24,True
2024-06-04,11.876458333333334,24,True,1016.3100833333333,24,True
2024-06-05,11.400333333333334,24,True,1017.5185,24,True
2024-06-06,10.841791666666666,24,True,1017.338625,24,True
2024-06-07,10.654833333333334,24,True,1013.8734583333334,24,True
2024-06-08,13.531500000000001,24,True,1017.4150416666666,24,True
2024-06-09,13.86325,24,True,1018.4498333333332,24,True
2024-06-10,12.370958333333334,24,True,1017.4636666666667,24,True
2024-06-11,11.768666666666666,24,True,1015.7662083333333,24,True
2024-06-12,13.300833333333335,24,True,1014.0324166666666,24,True
2024-06-13,14.239208333333332,24,True,1014.350875,24,True
2024-06-14,13.769625,24,True,1019.686,24,True
2024-06-15,13.368125,24,True,1019.9138333333334,24,True
2024-06-16,12.190249999999999,24,True,1018.9247916666667,24,True
2024-06-17,12.049541666666668,24,True,1018.7312499999999,24,True
2024-06-18,12.421666666666667,24,True,1017.9894166666667,24,True
2024-06-19,13.171999999999999,24,True,1017.8952916666667,24,True
2024-06-20,11.817166666666667,24,True,1017.1432083333334,24,True
2024-06-21,14.683750000000002,24,True,1017.381875,24,True
2024-06-22,13.856041666666668,24,True,1019.9514583333333,24,True
2024-06-23,12.9185,24,True,1018.7110416666666,24,True
2024-06-24,12.147708333333334,24,True,1018.4905,24,True
2024-06-25,12.053708333333333,24,True,1022.8825416666667,24,True
2024-06-26,12.405208333333334,24,True,1019.861875,24,True
2024-06-27,11.53025,24,True,1016.8056666666666,24,True
2024-06-28,12.322249999999999,24,True,1018.6723333333333,24,True
2024-06-29,11.829083333333335,24,True,1019.7604583333333,24,True
2024-06-30,11.126583333333334,24,True,1018.2213333333334,24,True
2024-07-01,11.922541666666667,24,True,1015.6440833333332,24,True
2024-07-02,14.619625,24,True,1014.1357916666667,24,True
2024-07-03,12.798,24,True,1014.0047083333334,24,True
2024-07-04,11.604458333333334,24,True,1016.962125,24,True
2024-07-05,10.220958333333334,24,True,1018.54,24,True
2024-07-06,11.120833333333332,24,True,1020.9552083333333,24,True
2024-07-07,9.580625,24,True,1019.987125,24,True
2024-07-08,9.971708333333334,24,True,1017.9640833333333,24,True
2024-07-09,9.080916666666667,24,True,1019.3565416666667,24,True
2024-07-10,9.379624999999999,24,True,1017.9552083333333,24,True
2024-07-11,9.59775,24,True,1020.5935416666666,24,True
2024-07-12,9.147499999999999,24,True,1021.8947083333333,24,True
2024-07-13,10.479375,24,True,1021.970875,24,True
2024-07-14,9.585166666666668,24,True,1020.2617083333333,24,True
2024-07-15,8.775083333333333,24,True,1018.5792916666666,24,True
2024-07-16,9.505625,24,True,1017.3680833333333,24,True
2024-07-17,10.41325,24,True,1015.5255416666668,24,True
2024-07-18,12.560041666666665,24,True,1018.9946666666666,24,True
2024-07-19,12.360166666666666,24,True,1017.781,24,True
2024-07-20,12.582833333333333,24,True,1018.0882499999999,24,True
2024-07-21,12.552958333333335,24,True,1019.8855833333333,24,True
2024-07-22,11.026583333333333,24,True,1016.5917916666667,24,True
2024-07-23,13.146791666666667,24,True,1021.5402916666667,24,True
2024-07-24,13.456000000000001,24,True,1023.320875,24,True
2024-07-25,12.552124999999998,24,True,1019.4581666666667,24,True
2024-07-26,11.421041666666667,24,True,1019.8284166666667,24,True
2024-07-27,10.903958333333334,24,True,1016.7860416666667,24,True
2024-07-28,11.314,24,True,1016.2383333333333,24,True
2024-07-29,10.299999999999999,24,True,1015.525,24,True
2024-07-30,11.935125,24,True,1015.6079166666667,24,True
2024-07-31,12.568249999999999,24,True,1015.262875,24,True
2024-08-01,13.173875,24,True,1013.2436666666666,24,True
2024-08-02,12.886541666666666,24,True,1017.0327083333333,24,True
2024-08-03,13.472833333333334,24,True,1018.680125,24,True
2024-08-04,11.7125,24,True,1019.7342916666666,24,True
2024-08-05,11.772125,24,True,1021.7757916666666,24,True
2024-08-06,12.40925,24,True,1022.044,24,True
2024-08-07,11.268958333333332,24,True,1022.36775,24,True
2024-08-08,11.628166666666667,24,True,1019.6410833333333,24,True
2024-08-09,12.391166666666665,24,True,1019.6923333333334,24,True
2024-08-10,12.362124999999999,24,True,1019.23375,24,True
2024-08-11,11.232833333333334,24,True,1018.1492499999999,24,True
2024-08-12,10.543666666666667,12,True,1015.26725,12,True
2024-08-13,,0,False,,0,False
2024-08-14,,0,False,,0,False
2024-08-15,,0,False,,0,False
2024-08-16,,0,False,,0,False
2024-08-17,,0,False,,0,False
2024-08-18,,0,False,,0,False
2024-08-19,,0,False,,0,False
2024-08-20,,0,False,,0,False
2024-08-21,,0,False,,0,False
2024-08-22,,0,False,,0,False
2024-08-23,10.278,1,True,1023.525,1,True
2024-08-24,12.37325,24,True,1019.645625,24,True
2024-08-25,11.126875,24,True,1020.7127083333334,24,True
2024-08-26,11.612416666666666,24,True,1020.72025,24,True
2024-08-27,10.811291666666667,24,True,1017.81475,24,True
2024-08-28,11.960083333333335,24,True,1017.9457916666667,24,True
2024-08-29,11.835749999999999,24,True,1020.8075,24,True
2024-08-30,12.952666666666666,24,True,1023.5730416666667,24,True
2024-08-31,13.820166666666667,24,True,1019.1096666666667,24,True
2024-09-01,11.912541666666668,24,True,1018.3800416666667,24,True
2024-09-02,12.026416666666668,24,True,1018.5704999999999,24,True
2024-09-03,13.053375,24,True,1018.8240416666667,24,True
2024-09-04,13.063291666666666,24,True,1017.9421666666667,24,True
2024-09-05,11.966083333333332,24,True,1014.3294583333333,24,True
2024-09-06,11.945916666666667,24,True,1015.6529166666666,24,True
2024-09-07,12.349874999999999,24,True,1016.3238333333334,24,True
2024-09-08,11.84975,24,True,1016.8538749999999,24,True
2024-09-09,13.120791666666667,24,True,1015.3367083333333,24,True
2024-09-10,13.709333333333333,24,True,1015.4707083333333,24,True
2024-09-11,12.610833333333332,24,True,1016.7074583333333,24,True
2024-09-12,11.740166666666667,24,True,1018.3518333333333,24,True
2024-09-13,12.122875,24,True,1019.3922916666667,24,True
2024-09-14,10.690583333333334,24,True,1018.3044166666667,24,True
2024-09-15,11.235958333333334,24,True,1017.2103333333333,24,True
2024-09-16,10.944,24,True,1012.9864166666666,24,True
2024-09-17,13.414875,24,True,1017.2909166666667,24,True
2024-09-18,11.196833333333332,24,True,1014.888,24,True
2024-09-19,13.337625000000001,24,True,1018.919625,24,True
2024-09-20,13.512958333333332,24,True,1014.4650833333334,24,True
2024-09-21,11.622416666666666,24,True,1015.4062083333333,24,True
2024-09-22,12.237375,24,True,1017.97475,24,True
2024-09-23,14.254249999999999,24,True,1017.4444583333334,24,True
2024-09-24,13.786291666666665,24,True,1017.7337083333333,24,True
2024-09-25,13.018,24,True,1017.9338333333334,24,True
2024-09-26,12.021541666666666,24,True,1017.1598333333333,24,True
2024-09-27,11.798958333333333,24,True,1017.607375,24,True
2024-09-28,11.783999999999999,24,True,1017.3012916666667,24,True
2024-09-29,13.134541666666665,24,True,1018.1032916666667,24,True
2024-09-30,13.33025,24,True,1019.8520416666667,24,True
2024-10-01,13.801124999999999,24,True,1018.8327083333334,24,True
2024-10-02,14.458083333333333,24,True,1015.4836666666666,24,True
2024-10-03,12.725083333333332,24,True,1015.3910833333333,24,True
2024-10-04,13.19525,24,True,1016.71675,24,True
2024-10-05,11.901458333333332,24,True,1015.209,24,True
2024-10-06,12.71975,24,True,1015.7974583333333,24,True
2024-10-07,13.420708333333332,24,True,1015.899125,24,True
2024-10-08,14.063958333333332,24,True,1018.345875,24,True
2024-10-09,13.407791666666666,24,True,1018.6354583333333,24,True
2024-10-10,13.877916666666666,24,True,1021.3285833333333,24,True
2024-10-11,14.750416666666666,24,True,1018.1648749999999,24,True
2024-10-12,13.612833333333333,24,True,1017.2870416666666,24,True
2024-10-13,13.645583333333335,24,True,1019.143625,24,True
2024-10-14,13.749,24,True,1017.8255,24,True
2024-10-15,12.635208333333333,24,True,1016.2757083333332,24,True
2024-10-16,13.704333333333333,24,True,1018.8855,24,True
2024-10-17,13.907916666666667,24,True,1015.4094583333334,24,True
2024-10-18,13.783,24,True,1013.9687916666667,24,True
2024-10-19,12.992708333333333,24,True,1014.4390416666666,24,True
2024-10-20,13.980333333333334,24,True,1016.6731249999999,24,True
2024-10-21,14.014249999999999,24,True,1016.7068333333333,24,True
2024-10-22,14.049666666666667,24,True,1018.2637500000001,24,True
2024-10-23,14.050583333333334,24,True,1020.3329166666667,24,True
2024-10-24,14.788333333333334,24,True,1016.426,24,True
2024-10-25,15.137875,24,True,1013.7277916666667,24,True
2024-10-26,13.28525,24,True,1014.7129166666667,24,True
2024-10-27,13.798833333333334,24,True,1016.1403333333333,24,True
2024-10-28,13.389916666666666,24,True,1014.0442916666666,24,True
2024-10-29,13.934541666666666,24,True,1016.4475833333332,24,True
2024-10-30,14.522458333333333,24,True,1015.199375,24,True
2024-10-31,14.332500000000001,24,True,1014.4769166666666,24,True
2024-11-01,14.591875,24,True,1016.87275,24,True
2024-11-02,14.609458333333334,24,True,1015.752,24,True
2024-11-03,14.080166666666665,24,True,1018.3246666666668,24,True
2024-11-04,15.264541666666666,24,True,1017.9962916666667,24,True
2024-11-05,15.718166666666667,24,True,1014.0487916666666,24,True
2024-11-06,14.77725,24,True,1015.3087916666667,24,True
2024-11-07,14.701916666666667,24,True,1015.1019166666666,24,True
2024-11-08,13.73225,24,True,1015.2732083333334,24,True
2024-11-09,14.166041666666667,24,True,1015.866125,24,True
2024-11-10,16.893166666666666,24,True,1018.4594999999999,24,True
2024-11-11,16.48120833333333,24,True,1016.4434583333333,24,True
2024-11-12,13.902166666666666,24,True,1013.4388749999999,24,True
2024-11-13,14.333791666666665,24,True,1015.5970416666668,24,True
2024-11-14,15.581458333333332,24,True,1016.2567916666667,24,True
2024-11-15,14.549,24,True,1014.8692916666668,24,True
2024-11-16,15.465333333333334,24,True,1016.1532083333333,24,True
2024-11-17,15.084833333333334,24,True,1015.8842500000001,24,True
2024-11-18,14.346416666666668,24,True,1016.0213749999999,24,True
2024-11-19,14.780125,24,True,1016.245375,24,True
2024-11-20,14.590625000000001,24,True,1017.0572916666666,24,True
2024-11-21,14.34725,24,True,1018.1943333333334,24,True
2024-11-22,15.000791666666666,24,True,1017.606875,24,True
2024-11-23,15.332458333333333,24,True,1015.004625,24,True
2024-11-24,15.881833333333333,24,True,1015.6021666666667,24,True
2024-11-25,16.399,24,True,1016.0437083333333,24,True
2024-11-26,16.537916666666664,24,True,1014.9163333333335,24,True
2024-11-27,15.491666666666667,24,True,1014.80575,24,True
2024-11-28,14.865291666666666,24,True,1014.997125,24,True
2024-11-29,14.929124999999999,24,True,1014.7534999999999,24,True
2024-11-30,15.082916666666668,24,True,1015.612375,24,True
2024-12-01,15.870916666666666,24,True,1016.0812916666667,24,True
2024-12-02,14.95375,24,True,1013.9479583333333,24,True
2024-12-03,14.125958333333335,24,True,1016.7399583333334,24,True
2024-12-04,14.275458333333333,24,True,1017.096125,24,True
2024-12-05,14.833791666666668,24,True,1016.1847083333333,24,True
2024-12-06,15.028625,24,True,1013.5201666666667,24,True
2024-12-07,14.426791666666666,24,True,1015.3939166666668,24,True
2024-12-08,15.056291666666667,24,True,1015.4075833333333,24,True
2024-12-09,15.035291666666666,24,True,1013.584125,24,True
2024-12-10,14.948749999999999,24,True,1013.2231666666667,24,True
2024-12-11,15.27125,24,True,1013.7152083333334,24,True
2024-12-12,15.621666666666668,24,True,1015.1065,24,True
2024-12-13,14.652916666666668,24,True,1014.0765833333334,24,True
2024-12-14,14.643625,24,True,1015.4134166666666,24,True
2024-12-15,15.196458333333332,24,True,1015.2429583333333,24,True
2024-12-16,15.299583333333333,24,True,1015.0120833333334,24,True
2024-12-17,15.264458333333332,24,True,1015.15,24,True
2024-12-18,15.739666666666666,24,True,1015.78375,24,True
2024-12-19,14.525208333333333,24,True,1014.8324583333333,24,True
2024-12-20,15.391083333333334,24,True,1015.5992916666668,24,True
2024-12-21,14.757708333333333,24,True,1014.92025,24,True
2024-12-22,14.991999999999999,24,True,1015.1236250000001,24,True
2024-12-23,16.067,24,True,1017.7099583333334,24,True
2024-12-24,15.685458333333335,24,True,1016.7215833333333,24,True
2024-12-25,16.06233333333333,24,True,1014.09125,24,True
2024-12-26,16.894041666666666,24,True,1015.9073749999999,24,True
2024-12-27,17.483999999999998,24,True,1017.5835833333334,24,True
2024-12-28,17.346708333333336,24,True,1017.4927083333333,24,True
2024-12-29,17.348958333333332,24,True,1014.6032083333333,24,True
2024-12-30,17.518958333333334,24,True,1014.75425,24,True
2024-12-31,17.603875,24,True,1014.489375,24,True
2025-01-01,16.839958333333332,24,True,1016.3354166666667,24,True
2025-01-02,16.52479166666667,24,True,1015.0710416666667,24,True
2025-01-03,16.3245,24,True,1016.3689583333334,24,True
2025-01-04,17.09208333333333,24,True,1015.5145833333332,24,True
2025-01-05,18.08275,24,True,1013.2982916666666,24,True
2025-01-06,17.918666666666667,24,True,1014.8529583333334,24,True
2025-01-07,18.178916666666666,24,True,1016.5365416666667,24,True
2025-01-08,18.3825,24,True,1015.2325416666666,24,True
2025-01-09,18.05270833333333,24,True,1013.8546666666666,24,True
2025-01-10,18.03141666666667,24,True,1013.9700416666666,24,True
2025-01-11,17.57425,24,True,1013.1046249999999,24,True
2025-01-12,17.909041666666667,24,True,1015.2268333333333,24,True
2025-01-13,18.622333333333334,24,True,1015.4247916666667,24,True
2025-01-14,18.414708333333333,24,True,1016.1015833333335,24,True
2025-01-15,18.852875,24,True,1016.27275,24,True
2025-01-16,19.220291666666668,24,True,1015.7518333333334,24,True
2025-01-17,18.439791666666668,24,True,1016.7681666666667,24,True
2025-01-18,18.113875,24,True,1017.67675,24,True
2025-01-19,17.164416666666668,24,True,1015.7890416666665,24,True
2025-01-20,16.872,24,True,1014.0935,24,True
2025-01-21,17.318458333333336,24,True,1015.0174583333334,24,True
2025-01-22,17.83775,24,True,1015.8773333333334,24,True
2025-01-23,18.051750000000002,24,True,1014.7949583333334,24,True
2025-01-24,17.611125,24,True,1012.4055833333333,24,True
2025-01-25,17.272291666666668,24,True,1013.3304166666667,24,True
2025-01-26,17.065749999999998,24,True,1014.3165,24,True
2025-01-27,17.409666666666666,24,True,1011.9802916666667,24,True
2025-01-28,16.850208333333335,24,True,1012.046375,24,True
2025-01-29,17.00016666666667,24,True,1014.3469583333334,24,True
2025-01-30,16.972291666666667,24,True,1014.2332500000001,24,True
2025-01-31,17.236708333333333,24,True,1012.2708333333334,24,True
2025-02-01,17.066041666666667,24,True,1011.4834166666666,24,True
2025-02-02,16.596,24,True,1012.9205000000001,24,True
2025-02-03,17.001458333333336,24,True,1011.6851666666666,24,True
2025-02-04,17.888,24,True,1012.6117916666667,24,True
2025-02-05,17.282833333333333,24,True,1011.5688749999999,24,True
2025-02-06,17.170875,24,True,1011.3892916666667,24,True
2025-02-07,17.46920833333333,24,True,1013.4411666666666,24,True
2025-02-08,17.604375,24,True,1012.3895833333332,24,True
2025-02-09,17.86916666666667,24,True,1012.382375,24,True
2025-02-10,19.510791666666666,24,True,1014.3170416666667,24,True
2025-02-11,19.206125,24,True,1012.5555416666666,24,True
2025-02-12,18.473208333333332,24,True,1013.0034999999999,24,True
2025-02-13,17.588874999999998,24,True,1015.1750416666667,24,True
2025-02-14,16.805625,24,True,1016.225375,24,True
2025-02-15,17.036833333333334,24,True,1014.0665833333334,24,True
2025-02-16,16.42425,24,True,1013.6208750000001,24,True
2025-02-17,15.893083333333331,24,True,1015.0700833333334,24,True
2025-02-18,15.506749999999998,24,True,1013.575125,24,True
2025-02-19,16.682291666666668,24,True,1015.1299166666666,24,True
2025-02-20,17.154125,24,True,1014.3620833333333,24,True
2025-02-21,17.374458333333333,24,True,1014.9519583333334,24,True
2025-02-22,16.691875,24,True,1015.0421249999999,24,True
2025-02-23,16.859750000000002,24,True,1014.54925,24,True
2025-02-24,16.606041666666666,24,True,1013.8584999999999,24,True
2025-02-25,17.200041666666667,24,True,1013.6951250000001,24,True
2025-02-26,17.032166666666665,24,True,1013.1182916666667,24,True
2025-02-27,16.82045833333333,24,True,1014.4847083333334,24,True
2025-02-28,17.173958333333335,24,True,1013.9824583333334,24,True
2025-03-01,17.876916666666666,24,True,1013.7369166666667,24,True
2025-03-02,17.744541666666667,24,True,1015.1322083333333,24,True
2025-03-03,17.8855,24,True,1013.9574166666666,24,True
2025-03-04,17.568083333333334,24,True,1012.118875,24,True
2025-03-05,16.448208333333334,24,True,1012.4367083333333,24,True
2025-03-06,16.974375,24,True,1016.1319166666667,24,True
2025-03-07,18.051624999999998,24,True,1017.2869999999999,24,True
2025-03-08,18.224541666666667,24,True,1013.9597916666667,24,True
2025-03-09,16.073708333333332,24,True,1015.33975,24,True
2025-03-10,16.320875,24,True,1015.8185,24,True
2025-03-11,16.676875,24,True,1015.0015,24,True
2025-03-12,16.215625,24,True,1015.56625,24,True
2025-03-13,16.14979166666667,24,True,1014.7644166666668,24,True
2025-03-14,16.241541666666667,24,True,1015.6120416666666,24,True
2025-03-15,17.41391666666667,24,True,1017.163375,24,True
2025-03-16,17.119416666666666,24,True,1016.8099166666667,24,True
2025-03-17,16.22758333333333,24,True,1016.2177916666666,24,True
2025-03-18,15.84275,24,True,1014.7834583333333,24,True
2025-03-19,16.5395,24,True,1015.541,24,True
2025-03-20,17.121083333333335,24,True,1014.7388333333333,24,True
2025-03-21,16.119875,24,True,1014.1023333333333,24,True
2025-03-22,16.004166666666666,24,True,1013.5691666666667,24,True
2025-03-23,16.045375,24,True,1013.6737916666666,24,True
2025-03-24,15.876041666666666,24,True,1013.588625,24,True
2025-03-25,15.80625,24,True,1013.9914583333333,24,True
2025-03-26,15.489875,24,True,1015.15625,24,True
2025-03-27,16.328583333333334,24,True,1016.5538750000001,24,True
2025-03-28,16.696291666666667,24,True,1013.9853750000001,24,True
2025-03-29,16.549458333333334,24,True,1014.83525,24,True
2025-03-30,17.00616666666667,24,True,1016.7917083333333,24,True
2025-03-31,17.002333333333333,24,True,1013.130875,24,True
2025-04-01,14.462791666666666,24,True,1015.9856249999999,24,True
2025-04-02,13.300208333333332,24,True,1015.3626250000001,24,True
2025-04-03,13.347416666666668,24,True,1014.2720833333333,24,True
2025-04-04,14.161916666666668,24,True,1015.6016249999999,24,True
2025-04-05,14.479083333333334,24,True,1016.49575,24,True
2025-04-06,14.971833333333334,24,True,1017.4512916666666,24,True
2025-04-07,14.801333333333332,24,True,1013.5610833333334,24,True
2025-04-08,14.744333333333332,24,True,1014.3173333333333,24,True
2025-04-09,14.387291666666668,24,True,1016.3371666666667,24,True
2025-04-10,15.681875,24,True,1017.9015416666666,24,True
2025-04-11,15.549333333333335,24,True,1016.8593333333333,24,True
2025-04-12,13.71875,24,True,1016.8148333333334,24,True
2025-04-13,13.459874999999998,24,True,1015.9105,24,True
2025-04-14,14.319375,24,True,1019.167625,24,True
2025-04-15,13.950583333333334,24,True,1015.9965416666668,24,True
2025-04-16,13.32925,24,True,1013.8037083333334,24,True
2025-04-17,13.125041666666666,24,True,1013.707125,24,True
2025-04-18,13.653958333333334,24,True,1014.9619583333333,24,True
2025-04-19,13.643749999999999,24,True,1015.6542916666667,24,True
2025-04-20,14.394874999999999,24,True,1015.1816666666667,24,True
2025-04-21,14.264416666666667,24,True,1015.7991666666667,24,True
2025-04-22,14.362,24,True,1016.3205833333333,24,True
2025-04-23,14.044166666666667,24,True,1016.4097499999999,24,True
2025-04-24,16.59904166666667,24,True,1015.151875,24,True
2025-04-25,17.365,24,True,1014.5065416666666,24,True
2025-04-26,15.047458333333333,24,True,1016.0233333333334,24,True
2025-04-27,13.281999999999998,24,True,1016.2283333333334,24,True
2025-04-28,13.442833333333333,24,True,1016.2525833333334,24,True
2025-04-29,14.001208333333333,24,True,1016.8492916666668,24,True
2025-04-30,14.321416666666666,24,True,1016.895875,24,True
2025-05-01,14.209375,24,True,1017.9271666666667,24,True
2025-05-02,13.381708333333334,24,True,1016.32075,24,True
2025-05-03,12.493666666666668,24,True,1015.3995416666667,24,True
2025-05-04,11.832125,24,True,1015.709375,24,True
2025-05-05,12.009208333333333,24,True,1016.5740416666667,24,True
2025-05-06,12.593833333333334,24,True,1017.8586666666666,24,True
2025-05-07,12.840416666666668,24,True,1016.165875,24,True
2025-05-08,13.257458333333332,24,True,1018.3802083333334,24,True
2025-05-09,15.144083333333333,24,True,1017.3333333333334,24,True
2025-05-10,12.582458333333333,24,True,1012.707375,24,True
2025-05-11,13.744416666666666,24,True,1016.5072916666667,24,True
2025-05-12,12.780291666666665,24,True,1014.749875,24,True
2025-05-13,12.789916666666665,24,True,1016.5097083333334,24,True
2025-05-14,12.992291666666667,24,True,1015.0835000000001,24,True
2025-05-15,13.489666666666666,24,True,1016.4103333333333,24,True
2025-05-16,13.157458333333333,24,True,1018.061875,24,True
2025-05-17,12.204958333333332,24,True,1020.7237083333333,24,True
2025-05-18,13.764458333333332,24,True,1017.9290833333333,24,True
2025-05-19,13.228,24,True,1016.5885416666666,24,True
2025-05-20,13.328249999999999,24,True,1015.0852083333333,24,True
2025-05-21,13.163583333333333,24,True,1014.3314166666668,24,True
2025-05-22,12.80075,24,True,1013.900125,24,True
2025-05-23,12.978041666666668,24,True,1016.2387083333333,24,True
2025-05-24,10.896125,24,True,1016.1531666666666,24,True
2025-05-25,12.358458333333333,24,True,1019.0280416666666,24,True
2025-05-26,13.419624999999998,24,True,1020.0347083333332,24,True
2025-05-27,15.14625,24,True,1020.2240833333334,24,True
2025-05-28,12.900041666666667,24,True,1017.2496666666666,24,True
2025-05-29,11.455958333333333,24,True,1018.4360416666667,24,True
2025-05-30,11.308791666666666,24,True,1017.0690416666666,24,True
2025-05-31,11.913291666666666,24,True,1016.0314583333334,24,True
2025-06-01,12.884416666666667,24,True,1018.6125416666667,24,True
2025-06-02,12.090125,24,True,1018.5876666666667,24,True
2025-06-03,10.648666666666667,24,True,1016.9465416666667,24,True
2025-06-04,12.285499999999999,24,True,1017.9131666666667,24,True
2025-06-05,11.321541666666667,24,True,1016.2411666666667,24,True
2025-06-06,12.213625,24,True,1019.2229583333333,24,True
2025-06-07,12.660416666666668,24,True,1020.5062083333333,24,True
2025-06-08,11.909458333333333,24,True,1016.2936249999999,24,True
2025-06-09,11.491958333333335,24,True,1013.8702916666666,24,True
2025-06-10,12.38825,24,True,1016.4282916666666,24,True
2025-06-11,13.864958333333334,24,True,1018.1822083333333,24,True
2025-06-12,13.3835,24,True,1019.8991666666667,24,True
2025-06-13,12.914208333333333,24,True,1019.5404166666667,24,True
2025-06-14,11.717291666666668,24,True,1022.657875,24,True
2025-06-15,12.539125,24,True,1019.0780833333333,24,True
2025-06-16,12.722041666666668,24,True,1020.2382083333333,24,True
2025-06-17,11.94525,24,True,1020.7965833333333,24,True
2025-06-18,12.127958333333334,24,True,1020.5216666666666,24,True
2025-06-19,12.028208333333334,24,True,1018.96025,24,True
2025-06-20,11.570291666666668,24,True,1018.6412083333333,24,True
2025-06-21,11.880416666666667,24,True,1019.7285833333334,24,True
2025-06-22,13.738791666666666,24,True,1017.8868333333334,24,True
2025-06-23,14.224208333333332,24,True,1016.5929583333333,24,True
2025-06-24,12.696791666666668,24,True,1016.6080833333334,24,True
2025-06-25,13.644166666666665,24,True,1019.2177083333332,24,True
2025-06-26,13.236333333333334,24,True,1021.9570416666667,24,True
2025-06-27,11.672041666666667,24,True,1019.0919583333333,24,True
2025-06-28,11.656041666666667,24,True,1024.0982083333333,24,True
2025-06-29,13.260458333333332,24,True,1021.4852916666667,24,True
2025-06-30,12.072375000000001,24,True,1017.1080833333334,24,True
2025-07-01,11.149166666666666,24,True,1017.2577500000001,24,True
2025-07-02,12.487916666666665,24,True,1014.6376666666666,24,True
2025-07-03,11.879416666666666,24,True,1015.1597916666666,24,True
2025-07-04,12.569708333333333,24,True,1018.389125,24,True
2025-07-05,13.61,24,True,1020.00725,24,True
2025-07-06,13.279208333333335,24,True,1021.6014583333334,24,True
2025-07-07,12.706083333333334,24,True,1016.24575,24,True
2025-07-08,12.057541666666665,24,True,1018.3251666666666,24,True
2025-07-09,12.747625,24,True,1021.7392083333333,24,True
2025-07-10,11.740666666666668,24,True,1020.4652916666668,24,True
2025-07-11,10.105875,24,True,1018.9702916666666,24,True
2025-07-12,11.767625,24,True,1019.5997083333333,24,True
2025-07-13,11.831166666666666,24,True,1019.9005000000001,24,True
2025-07-14,10.535,12,True,1020.9668461538461,13,True
2025-07-15,,0,False,,0,False
2025-07-16,,0,False,,0,False
2025-07-17,,0,False,,0,False
2025-07-18,,0,False,1018.3293333333332,3,True
2025-07-19,,0,False,,0,False
2025-07-20,,0,False,1017.7491666666666,24,True
2025-07-21,,0,False,1017.2534999999999,24,True
2025-07-22,,0,False,1016.2454583333333,24,True
2025-07-23,,0,False,1018.4460416666667,24,True
2025-07-24,,0,False,1019.2174583333334,24,True
2025-07-25,,0,False,1016.5620833333334,24,True
2025-07-26,,0,False,1016.9020416666667,24,True
2025-07-27,,0,False,1020.7010833333334,24,True
2025-07-28,,0,False,1017.2234166666667,24,True
2025-07-29,,0,False,1014.8312500000001,24,True
2025-07-30,,0,False,1015.68375,24,True
2025-07-31,,0,False,1015.5723750000001,24,True
2025-08-01,,0,False,1021.0509583333333,24,True
2025-08-02,,0,False,1023.0391249999999,24,True
2025-08-03,,0,False,1018.4532083333334,24,True
2025-08-04,,0,False,1015.8974583333334,24,True
2025-08-05,,0,False,1019.9070416666667,24,True
2025-08-06,,0,False,1019.2498333333333,24,True
2025-08-07,,0,False,1018.7937916666666,24,True
2025-08-08,,0,False,1018.5551666666667,24,True
2025-08-09,,0,False,1021.2062083333334,24,True
2025-08-10,,0,False,1020.041625,24,True
2025-08-11,,0,False,1014.5351666666667,24,True
2025-08-12,,0,False,1015.8927916666667,24,True
2025-08-13,13.60369230769231,13,True,1015.2691666666666,24,True
2025-08-14,13.603250000000001,24,True,1017.0991666666667,24,True
2025-08-15,13.977916666666667,24,True,1019.9200416666666,24,True
2025-08-16,12.924041666666668,24,True,1017.0027916666667,24,True
2025-08-17,13.73025,24,True,1014.807625,24,True
2025-08-18,13.347333333333333,24,True,1015.5844166666667,24,True
2025-08-19,13.454041666666667,24,True,1021.98375,24,True
2025-08-20,13.870708333333333,24,True,1015.9967083333332,24,True
2025-08-21,13.350708333333332,24,True,1017.445,24,True
2025-08-22,11.894583333333335,24,True,1024.5510833333333,24,True
2025-08-23,12.305666666666667,24,True,1025.9961666666666,24,True
2025-08-24,12.714583333333332,24,True,1021.0752916666667,24,True
2025-08-25,12.86425,24,True,1017.3715833333334,24,True
2025-08-26,12.645375,24,True,1016.3486666666666,24,True
2025-08-27,13.456708333333333,24,True,1018.3885833333334,24,True
2025-08-28,13.141083333333334,24,True,1017.0082916666667,24,True
2025-08-29,13.154375,24,True,1018.0212916666666,24,True
2025-08-30,13.042541666666667,24,True,1021.1589583333333,24,True
2025-08-31,13.357083333333334,24,True,1022.2619583333334,24,True
2025-09-01,13.280875,24,True,1017.0704166666666,24,True
2025-09-02,13.200416666666667,24,True,1019.4332916666667,24,True
2025-09-03,12.776416666666668,24,True,1019.7740416666667,24,True
2025-09-04,12.067166666666667,24,True,1018.9584166666667,24,True
2025-09-05,12.643416666666667,24,True,1017.977875,24,True
2025-09-06,12.247458333333334,24,True,1019.3104583333334,24,True
2025-09-07,12.727791666666667,24,True,1021.8120833333334,24,True
2025-09-08,12.610166666666666,24,True,1024.2789583333333,24,True
2025-09-09,12.867041666666665,24,True,1017.20925,24,True
2025-09-10,15.245791666666667,24,True,1018.5563333333333,24,True
2025-09-11,12.299291666666667,24,True,1015.259125,24,True
2025-09-12,12.389875000000002,24,True,1015.742625,24,True
2025-09-13,14.035041666666666,24,True,1019.3523749999999,24,True
2025-09-14,13.285333333333334,24,True,1015.099875,24,True
2025-09-15,12.101125000000001,24,True,1015.6240416666666,24,True
2025-09-16,12.915416666666667,24,True,1015.8929583333334,24,True
2025-09-17,13.762708333333334,24,True,1018.7800833333334,24,True
2025-09-18,12.419166666666667,24,True,1017.394375,24,True
2025-09-19,12.201291666666668,24,True,1018.4582916666667,24,True
2025-09-20,13.625250000000001,24,True,1021.7568333333334,24,True
2025-09-21,14.481625000000001,24,True,1020.539375,24,True
2025-09-22,14.455416666666666,24,True,1013.6524166666667,24,True
2025-09-23,12.887875000000001,24,True,1016.4487083333333,24,True
2025-09-24,11.946416666666666,24,True,1016.2328333333334,24,True
2025-09-25,12.5504,15,True,1018.5932666666666,15,True
2025-09-26,,0,False,,0,False
2025-09-27,,0,False,,0,False
2025-09-28,13.714142857142857,21,True,1015.1918095238094,21,True
2025-09-29,13.669708333333332,24,True,1020.4282499999999,24,True
2025-09-30,12.730041666666667,24,True,1018.8176666666667,24,True
2025-10-01,12.621708333333332,24,True,1018.8025833333332,24,True
2025-10-02,12.731333333333334,24,True,1016.3021666666667,24,True
2025-10-03,12.688208333333334,24,True,1016.7915833333333,24,True
2025-10-04,14.09475,24,True,1021.1687499999999,24,True
2025-10-05,14.581541666666666,24,True,1021.9119166666666,24,True
2025-10-06,14.341833333333334,24,True,1016.3736666666667,24,True
2025-10-07,12.523916666666667,24,True,1015.4694583333334,24,True
2025-10-08,12.655666666666667,24,True,1016.9354166666667,24,True
2025-10-09,12.938625,24,True,1018.2927500000001,24,True
2025-10-10,13.1015,24,True,1019.6062499999999,24,True
2025-10-11,14.116916666666667,24,True,1017.5674166666666,24,True
2025-10-12,12.833125,24,True,1014.8604166666668,24,True
2025-10-13,13.052041666666668,24,True,1016.1482916666668,24,True
2025-10-14,13.341541666666666,24,True,1017.0330833333333,24,True
2025-10-15,13.880083333333333,24,True,1016.5934166666666,24,True
2025-10-16,13.026958333333333,24,True,1014.3647083333334,24,True
2025-10-17,13.705833333333333,24,True,1015.2276666666667,24,True
2025-10-18,13.348291666666666,24,True,1015.6358333333333,24,True
2025-10-19,13.703583333333334,24,True,1017.47725,24,True
2025-10-20,13.268916666666668,24,True,1017.4080833333334,24,True
2025-10-21,13.517666666666665,24,True,1015.6818750000001,24,True
2025-10-22,13.837208333333335,24,True,1016.3400416666667,24,True
2025-10-23,13.572333333333333,24,True,1017.2419166666667,24,True
2025-10-24,13.439541666666665,24,True,1018.0421249999999,24,True
2025-10-25,15.218874999999999,24,True,1017.0452083333333,24,True
2025-10-26,13.259708333333334,24,True,1014.8627916666666,24,True
2025-10-27,13.8665,24,True,1014.8937916666667,24,True
2025-10-28,14.403666666666666,24,True,1017.6691666666667,24,True
2025-10-29,13.799791666666666,24,True,1016.975625,24,True
2025-10-30,14.269208333333333,24,True,1016.466,24,True
2025-10-31,14.143166666666666,24,True,1017.2034583333334,24,True
2025-11-01,14.793416666666666,24,True,1017.4236666666667,24,True
2025-11-02,14.350875,24,True,1016.0953333333333,24,True
2025-11-03,14.399375,24,True,1018.4392916666667,24,True
2025-11-04,14.644874999999999,24,True,1019.6899166666667,24,True
2025-11-05,14.316916666666666,24,True,1018.6828333333333,24,True
2025-11-06,13.965541666666667,24,True,1020.4829583333334,24,True
2025-11-07,15.399541666666666,24,True,1016.723875,24,True
2025-11-08,14.319625,24,True,1013.112375,24,True
2025-11-09,14.647458333333333,24,True,1016.2884583333333,24,True
2025-11-10,14.617833333333332,24,True,1016.1965416666667,24,True
2025-11-11,15.368083333333333,24,True,1017.2100833333334,24,True
2025-11-12,15.333,24,True,1014.6782499999999,24,True
2025-11-13,14.136249999999999,24,True,1015.3607916666666,24,True
2025-11-14,14.445375,24,True,1016.7919166666667,24,True
2025-11-15,15.207849999999999,20,True,1015.4305,20,True
2025-11-16,15.110041666666667,24,True,1016.0655833333334,24,True
2025-11-17,14.081583333333334,24,True,1013.59225,24,True
2025-11-18,14.894458333333333,24,True,1016.3920416666666,24,True
2025-11-19,15.22225,24,True,1016.0550833333333,24,True
2025-11-20,16.245958333333334,24,True,1015.141125,24,True
2025-11-21,15.822833333333334,24,True,1014.1890833333333,24,True
2025-11-22,15.671416666666667,24,True,1015.2685,24,True
2025-11-23,15.626125,24,True,1014.6145,24,True
2025-11-24,15.971666666666666,24,True,1014.8309583333333,24,True
2025-11-25,16.738,24,True,1015.4349166666666,24,True
2025-11-26,15.867125,24,True,1013.7594166666667,24,True
2025-11-27,15.822333333333333,24,True,1012.9964166666667,24,True
2025-11-28,16.323708333333332,24,True,1015.7482916666667,24,True
2025-11-29,16.579833333333333,24,True,1015.4508333333333,24,True
2025-11-30,17.098458333333333,24,True,1016.0368333333332,24,True
2025-12-01,16.797458333333335,24,True,1015.1793333333334,24,True
2025-12-02,16.495083333333334,24,True,1012.6465416666666,24,True
2025-12-03,15.386875000000002,24,True,1013.4966666666666,24,True
2025-12-04,16.169999999999998,24,True,1016.098375,24,True
2025-12-05,17.017958333333333,24,True,1015.2015,24,True
2025-12-06,17.419958333333334,24,True,1016.7890416666665,24,True
2025-12-07,17.742291666666667,24,True,1017.388375,24,True
2025-12-08,17.452666666666666,24,True,1014.3820833333333,24,True
2025-12-09,17.503666666666664,24,True,1014.3457916666666,24,True
2025-12-10,16.820666666666668,24,True,1014.3665833333333,24,True
2025-12-11,17.527874999999998,24,True,1014.3205416666666,24,True
2025-12-12,17.420083333333334,24,True,1012.6700833333333,24,True
2025-12-13,17.496916666666667,24,True,1013.3785833333333,24,True
2025-12-14,17.038541666666667,24,True,1015.6189583333334,24,True
2025-12-15,17.542041666666666,24,True,1014.9405,24,True
2025-12-16,15.621791666666667,24,True,1012.0701666666668,24,True
2025-12-17,16.831833333333332,24,True,1014.7971666666667,24,True
2025-12-18,16.758791666666667,24,True,1013.5674583333333,24,True
2025-12-19,17.144791666666666,24,True,1015.1990416666667,24,True
2025-12-20,18.048125000000002,24,True,1016.6367916666667,24,True
2025-12-21,18.012625,24,True,1015.1381666666666,24,True
2025-12-22,17.8075,24,True,1014.2112083333333,24,True
2025-12-23,17.621041666666667,24,True,1012.9986250000001,24,True
2025-12-24,16.729625000000002,24,True,1014.5115833333333,24,True
2025-12-25,15.836291666666668,24,True,1014.5570833333333,24,True
2025-12-26,17.062416666666667,24,True,1016.2089166666666,24,True
2025-12-27,17.072125,24,True,1014.877125,24,True
2025-12-28,17.712041666666668,24,True,1014.5063333333333,24,True
2025-12-29,16.832416666666667,24,True,1014.2160833333334,24,True
2025-12-30,17.014791666666667,24,True,1013.5105833333333,24,True
2025-12-31,16.697041666666667,24,True,1014.5869166666666,24,True
2026-01-01,17.235125,24,True,1014.747625,24,True
2026-01-02,17.543,24,True,1015.7265000000001,24,True
2026-01-03,17.784958333333332,24,True,1014.72475,24,True
2026-01-04,18.225416666666668,24,True,1014.8940833333332,24,True
2026-01-05,17.978625,24,True,1016.054125,24,True
2026-01-06,19.211291666666664,24,True,1014.7279583333334,24,True
2026-01-07,17.976625000000002,24,True,1014.5358333333334,24,True
2026-01-08,19.039375,24,True,1013.44175,24,True
2026-01-09,18.396291666666666,24,True,1012.7149583333334,24,True
2026-01-10,18.759375000000002,24,True,1015.3402916666668,24,True
2026-01-11,18.707666666666665,24,True,1014.2176666666668,24,True
2026-01-12,19.36670833333333,24,True,1014.2347083333334,24,True
2026-01-13,18.289583333333333,24,True,1012.3585833333333,24,True
2026-01-14,18.78470833333333,24,True,1014.2193333333333,24,True
2026-01-15,19.4055,24,True,1013.4677916666666,24,True
2026-01-16,18.747791666666668,24,True,1012.9740833333334,24,True
2026-01-17,18.124791666666667,24,True,1011.6280416666667,24,True
2026-01-18,17.664958333333335,24,True,1010.5582916666667,24,True
2026-01-19,18.19666666666667,24,True,1012.0132916666666,24,True
2026-01-20,18.988833333333332,24,True,1013.1695416666666,24,True
2026-01-21,19.02358333333333,24,True,1013.578875,24,True
2026-01-22,19.202791666666666,24,True,1013.290875,24,True
2026-01-23,18.761958333333336,24,True,1014.3681666666666,24,True
2026-01-24,18.914375,24,True,1014.4717916666667,24,True
2026-01-25,19.035999999999998,24,True,1016.155625,24,True
2026-01-26,19.730541666666667,24,True,1016.5815416666666,24,True
2026-01-27,19.39825,24,True,1017.2014583333333,24,True
2026-01-28,19.119,24,True,1014.9603333333333,24,True
2026-01-29,19.010458333333332,24,True,1015.9634583333333,24,True
2026-01-30,19.776625,24,True,1014.5113333333334,24,True
2026-01-31,19.147291666666664,24,True,1013.4185000000001,24,True
2026-02-01,19.503208333333333,24,True,1014.6437916666667,24,True
2026-02-02,19.735375,24,True,1016.5764166666667,24,True
2026-02-03,19.629708333333333,24,True,1017.1025,24,True
2026-02-04,20.23904166666667,24,True,1015.1172916666666,24,True
2026-02-05,20.39075,24,True,1015.424625,24,True
2026-02-06,20.289708333333333,24,True,1014.893,24,True
2026-02-07,19.461041666666667,24,True,1013.6872916666666,24,True
2026-02-08,18.548833333333334,24,True,1015.8400416666667,24,True
2026-02-09,19.023,24,True,1016.1684166666668,24,True
2026-02-10,19.239291666666666,24,True,1014.4019583333334,24,True
2026-02-11,18.923166666666667,24,True,1011.9878749999999,24,True
2026-02-12,17.363875,24,True,1013.6790416666666,24,True
2026-02-13,16.506958333333333,24,True,1013.83075,24,True
2026-02-14,16.759083333333333,24,True,1014.1390833333334,24,True
2026-02-15,17.18825,24,True,1013.4367083333333,24,True
2026-02-16,16.603791666666666,24,True,1012.7087083333332,24,True
2026-02-17,17.18733333333333,24,True,1013.2997916666667,24,True
2026-02-18,16.33825,24,True,1011.7989166666666,24,True
2026-02-19,16.75495833333333,24,True,1011.1243333333333,24,True
2026-02-20,17.668958333333332,24,True,1012.4479166666666,24,True
2026-02-21,17.5745,24,True,1012.43375,24,True
2026-02-22,17.114833333333333,24,True,1013.0784583333334,24,True
2026-02-23,16.932041666666667,24,True,1012.81275,24,True
2026-02-24,16.805208333333333,24,True,1013.3469166666667,24,True
2026-02-25,17.033041666666666,24,True,1013.5838749999999,24,True
2026-02-26,16.84575,24,True,1013.23725,24,True
2026-02-27,16.957041666666665,24,True,1012.7964999999999,24,True
2026-02-28,16.360666666666667,24,True,1011.7808333333334,24,True
2026-03-01,17.018333333333334,24,True,1011.181375,24,True
2026-03-02,18.880125,24,True,1011.9342499999999,24,True
2026-03-03,18.59658333333333,24,True,1009.8830833333333,24,True
2026-03-04,17.008416666666665,24,True,1012.0537916666667,24,True
2026-03-05,17.257,24,True,1013.4250416666667,24,True
2026-03-06,16.16358333333333,24,True,1012.4752083333333,24,True
2026-03-07,17.416333333333334,24,True,1013.496,24,True
2026-03-08,18.605291666666666,24,True,1014.1967500000001,24,True
2026-03-09,19.018041666666665,24,True,1012.1005,24,True
2026-03-10,17.724416666666666,24,True,1013.362,24,True
2026-03-11,17.545958333333335,24,True,1014.7763333333334,24,True
2026-03-12,17.652458333333332,24,True,1014.2367083333334,24,True
2026-03-13,17.538166666666665,24,True,1014.8598333333333,24,True
2026-03-14,16.790166666666668,24,True,1014.3998750000001,24,True
2026-03-15,16.668208333333332,24,True,1013.16375,24,True
2026-03-16,15.815416666666666,24,True,1014.0655833333334,24,True
2026-03-17,19.054624999999998,24,True,1013.8867083333333,24,True
2026-03-18,17.207583333333332,24,True,1014.7415833333333,24,True
2026-03-19,16.999166666666667,24,True,1015.191875,24,True
2026-03-20,16.915166666666668,24,True,1016.1263749999999,24,True
2026-03-21,18.024291666666667,24,True,1015.63375,24,True
2026-03-22,16.800291666666666,24,True,1016.5029166666667,24,True
2026-03-23,17.09975,24,True,1014.0755416666667,24,True
2026-03-24,15.0845,24,True,1014.3070416666666,24,True
2026-03-25,14.642083333333334,24,True,1014.1296666666667,24,True
2026-03-26,14.895375,24,True,1013.6671249999999,24,True
2026-03-27,15.547041666666667,24,True,1014.9049583333334,24,True
2026-03-28,14.987833333333333,24,True,1015.3538749999999,24,True
2026-03-29,14.589,24,True,1014.0083333333333,24,True
2026-03-30,14.816,24,True,1013.8220833333334,24,True
2026-03-31,15.242666666666667,24,True,1013.8618333333334,24,True
2026-04-01,15.884749999999999,24,True,1015.6556666666667,24,True
2026-04-02,15.6135,24,True,1014.3512916666667,24,True
2026-04-03,14.837625000000001,24,True,1012.2252916666666,24,True
2026-04-04,14.916833333333335,24,True,1014.142875,24,True
2026-04-05,16.322708333333335,24,True,1014.622,24,True
2026-04-06,14.981499999999999,24,True,1014.9818333333333,24,True
2026-04-07,13.647,24,True,1014.6758333333333,24,True
2026-04-08,14.264874999999998,24,True,1014.5212499999999,24,True
2026-04-09,13.950583333333334,24,True,1015.0345000000001,24,True
2026-04-10,14.683583333333333,24,True,1015.7181666666667,24,True
2026-04-11,14.968541666666667,24,True,1015.4847916666666,24,True
2026-04-12,14.263916666666667,24,True,1013.9045416666667,24,True
2026-04-13,14.793958333333334,24,True,1013.203125,24,True
2026-04-14,16.6935,24,True,1016.6454166666667,24,True
2026-04-15,14.723791666666665,24,True,1013.7345833333334,24,True
2026-04-16,14.318875,24,True,1014.9720833333334,24,True
2026-04-17,14.748375000000001,24,True,1015.422375,24,True
2026-04-18,14.079333333333333,24,True,1013.7177916666666,24,True
2026-04-19,14.076083333333335,24,True,1014.3207916666667,24,True
2026-04-20,14.6295,24,True,1018.02275,24,True
2026-04-21,14.571208333333333,24,True,1018.0520833333334,24,True
2026-04-22,13.651708333333334,24,True,1018.1983333333333,24,True
2026-04-23,12.919916666666666,24,True,1017.4757083333334,24,True
2026-04-24,13.873249999999999,24,True,1018.243375,24,True
2026-04-25,15.310958333333334,24,True,1015.7630833333333,24,True
2026-04-26,13.000625,24,True,1015.2629166666667,24,True
2026-04-27,12.677999999999999,24,True,1018.7675416666666,24,True
2026-04-28,11.874625,24,True,1017.3002083333334,24,True
2026-04-29,12.17275,24,True,1012.852625,24,True
2026-04-30,13.781666666666666,24,True,1013.9692083333333,24,True
2026-05-01,14.845166666666666,24,True,1017.0530833333333,24,True
2026-05-02,12.440416666666666,24,True,1014.3355416666667,24,True
2026-05-03,12.081541666666666,24,True,1015.9285416666667,24,True
2026-05-04,11.660333333333334,24,True,1014.2920416666667,24,True
2026-05-05,12.629,24,True,1015.8709166666666,24,True
2026-05-06,14.461500000000001,24,True,1018.3140833333333,24,True
2026-05-07,16.049583333333334,24,True,1018.3958333333334,24,True
2026-05-08,16.768,24,True,1013.472625,24,True
2026-05-09,12.906041666666667,24,True,1014.5645,24,True
2026-05-10,10.376958333333333,24,True,1013.911375,24,True
2026-05-11,11.862833333333334,24,True,1017.361375,24,True
2026-05-12,12.707791666666665,24,True,1018.3992083333333,24,True
2026-05-13,11.971499999999999,24,True,1017.148875,24,True
2026-05-14,12.480875,24,True,1016.9164999999999,24,True
2026-05-15,,0,False,,0,False
2026-05-16,,0,False,,0,False
2026-05-17,,0,False,,0,False
2026-05-18,,0,False,,0,False
2026-05-19,,0,False,,0,False
2026-05-20,,0,False,,0,False
2026-05-21,,0,False,,0,False
2026-05-22,,0,False,,0,False
2026-05-23,,0,False,,0,False
2026-05-24,,0,False,,0,False
2026-05-25,,0,False,,0,False
2026-05-26,,0,False,,0,False
2026-05-27,,0,False,,0,False
2026-05-28,13.441,24,True,1016.6865416666666,24,True
2026-05-29,11.882375000000001,24,True,1015.5470416666667,24,True
2026-05-30,12.71975,24,True,1017.4917083333333,24,True
2026-05-31,13.003416666666666,24,True,1019.33925,24,True
