date,n_expected_hours,n_rows,valid_hours,coverage_fraction,quality_class,eligible_ge_12,eligible_ge_17,eligible_ge_18,eligible_ge_22,oxygen_mean_mgL,oxygen_median_mgL,oxygen_std_mgL,oxygen_min_mgL,oxygen_max_mgL,oxygen_q10_mgL,oxygen_q25_mgL,oxygen_q75_mgL,oxygen_q90_mgL,raw_prom_non_na_count,raw_prom_na_count,negative_oxygen_count,zero_oxygen_count,invalid_oxygen_count,first_valid_hour,last_valid_hour,longest_invalid_run_hours,source_variable,unit,timezone_status
2015-07-01,24,24,0,0.0,missing,False,False,False,False,,,,,,,,,,0,24,0,0,0,,,24,BTGOXD2,mg/L,reported_gmt_minus_4_unconverted
2015-07-02,24,24,0,0.0,missing,False,False,False,False,,,,,,,,,,0,24,0,0,0,,,24,BTGOXD2,mg/L,reported_gmt_minus_4_unconverted
2015-07-03,24,24,0,0.0,missing,False,False,False,False,,,,,,,,,,0,24,0,0,0,,,24,BTGOXD2,mg/L,reported_gmt_minus_4_unconverted
2015-07-04,24,24,0,0.0,missing,False,False,False,False,,,,,,,,,,0,24,0,0,0,,,24,BTGOXD2,mg/L,reported_gmt_minus_4_unconverted
2015-07-05,24,24,0,0.0,missing,False,False,False,False,,,,,,,,,,0,24,0,0,0,,,24,BTGOXD2,mg/L,reported_gmt_minus_4_unconverted
2015-07-06,24,24,0,0.0,missing,False,False,False,False,,,,,,,,,,0,24,0,0,0,,,24,BTGOXD2,mg/L,reported_gmt_minus_4_unconverted
2015-07-07,24,24,0,0.0,missing,False,False,False,False,,,,,,,,,,0,24,0,0,0,,,24,BTGOXD2,mg/L,reported_gmt_minus_4_unconverted
2015-07-08,24,24,0,0.0,missing,False,False,False,False,,,,,,,,,,0,24,0,0,0,,,24,BTGOXD2,mg/L,reported_gmt_minus_4_unconverted
2015-07-09,24,24,0,0.0,missing,False,False,False,False,,,,,,,,,,0,24,0,0,0,,,24,BTGOXD2,mg/L,reported_gmt_minus_4_unconverted
2015-07-10,24,24,0,0.0,missing,False,False,False,False,,,,,,,,,,0,24,0,0,0,,,24,BTGOXD2,mg/L,reported_gmt_minus_4_unconverted
2015-07-11,24,24,0,0.0,missing,False,False,False,False,,,,,,,,,,0,24,0,0,0,,,24,BTGOXD2,mg/L,reported_gmt_minus_4_unconverted
2015-07-12,24,24,0,0.0,missing,False,False,False,False,,,,,,,,,,0,24,0,0,0,,,24,BTGOXD2,mg/L,reported_gmt_minus_4_unconverted
2015-07-13,24,24,0,0.0,missing,False,False,False,False,,,,,,,,,,0,24,0,0,0,,,24,BTGOXD2,mg/L,reported_gmt_minus_4_unconverted
2015-07-14,24,24,11,0.458333,weak,False,False,False,False,4.854181818181818,4.696,0.4300813453712723,4.341,5.544,4.364,4.491,5.1225000000000005,5.421,11,13,0,0,0,13.0,23.0,13,BTGOXD2,mg/L,reported_gmt_minus_4_unconverted
2015-07-15,24,24,24,1.0,high,True,True,True,True,4.206791666666667,4.307,0.62601541717136,3.28,5.19,3.4734,3.6095,4.787,5.0287,24,0,0,0,0,0.0,23.0,0,BTGOXD2,mg/L,reported_gmt_minus_4_unconverted
2015-07-16,24,24,24,1.0,high,True,True,True,True,3.2269166666666664,2.934,0.7860050291169272,2.284,4.55,2.4462,2.46775,4.00725,4.1896,24,0,0,0,0,0.0,23.0,0,BTGOXD2,mg/L,reported_gmt_minus_4_unconverted
2015-07-17,24,24,24,1.0,high,True,True,True,True,3.071,2.918,0.5753222159572086,2.413,4.27,2.4574000000000003,2.6545,3.3795,3.9936,24,0,0,0,0,0.0,23.0,0,BTGOXD2,mg/L,reported_gmt_minus_4_unconverted
2015-07-18,24,24,24,1.0,high,True,True,True,True,3.063125,3.081,0.6605345208699311,2.18,4.334,2.2566,2.43525,3.572,3.9935,24,0,0,0,0,0.0,23.0,0,BTGOXD2,mg/L,reported_gmt_minus_4_unconverted
2015-07-19,24,24,24,1.0,high,True,True,True,True,4.285875,4.528499999999999,0.6861139031119238,3.001,5.326,3.4121,3.6755,4.7170000000000005,5.0143,24,0,0,0,0,0.0,23.0,0,BTGOXD2,mg/L,reported_gmt_minus_4_unconverted
2015-07-20,24,24,24,1.0,high,True,True,True,True,3.892958333333334,4.224500000000001,0.7080654280236529,2.647,4.81,2.7655,3.4699999999999998,4.36525,4.5662,24,0,0,0,0,0.0,23.0,0,BTGOXD2,mg/L,reported_gmt_minus_4_unconverted
2015-07-21,24,24,24,1.0,high,True,True,True,True,4.692291666666667,4.3454999999999995,0.7908158956401303,3.731,5.973,3.7815,4.11575,5.34325,5.8408999999999995,24,0,0,0,0,0.0,23.0,0,BTGOXD2,mg/L,reported_gmt_minus_4_unconverted
2015-07-22,24,24,24,1.0,high,True,True,True,True,5.1619166666666665,5.122,0.24533081776435578,4.627,5.806,4.9608,5.071000000000001,5.2395000000000005,5.4336,24,0,0,0,0,0.0,23.0,0,BTGOXD2,mg/L,reported_gmt_minus_4_unconverted
2015-07-23,24,24,24,1.0,high,True,True,True,True,5.422416666666667,5.232,0.6123949362715326,4.431,6.486,4.7539,4.9385,6.03475,6.196,24,0,0,0,0,0.0,23.0,0,BTGOXD2,mg/L,reported_gmt_minus_4_unconverted
2015-07-24,24,24,24,1.0,high,True,True,True,True,5.638708333333334,5.4585,0.7112328842086184,4.525,7.075,4.9358,5.073,6.02775,6.6853,24,0,0,0,0,0.0,23.0,0,BTGOXD2,mg/L,reported_gmt_minus_4_unconverted
2015-07-25,24,24,24,1.0,high,True,True,True,True,6.3879166666666665,6.439,0.7862862581211406,4.929,7.807,5.236,6.01425,7.0885,7.2175,24,0,0,0,0,0.0,23.0,0,BTGOXD2,mg/L,reported_gmt_minus_4_unconverted
2015-07-26,24,24,24,1.0,high,True,True,True,True,6.36625,6.4575,0.7168271424645646,4.776,7.454,5.3911999999999995,5.87725,6.975750000000001,7.1061,24,0,0,0,0,0.0,23.0,0,BTGOXD2,mg/L,reported_gmt_minus_4_unconverted
2015-07-27,24,24,24,1.0,high,True,True,True,True,7.568875000000001,7.3115000000000006,0.8226743405820883,6.315,8.777,6.6093,6.7935,8.31225,8.6893,24,0,0,0,0,0.0,23.0,0,BTGOXD2,mg/L,reported_gmt_minus_4_unconverted
2015-07-28,24,24,24,1.0,high,True,True,True,True,7.752375000000001,7.8065,0.6800097066123074,6.469,8.786,6.7276,7.41375,8.238,8.608699999999999,24,0,0,0,0,0.0,23.0,0,BTGOXD2,mg/L,reported_gmt_minus_4_unconverted
2015-07-29,24,24,24,1.0,high,True,True,True,True,6.504458333333335,6.562,0.3820136554771497,5.746,7.054,5.8548,6.37525,6.74775,6.9269,24,0,0,0,0,0.0,23.0,0,BTGOXD2,mg/L,reported_gmt_minus_4_unconverted
2015-07-30,24,24,24,1.0,high,True,True,True,True,5.46975,5.3295,0.4550250112571453,4.862,6.792,5.0249,5.2235000000000005,5.579000000000001,6.1096,24,0,0,0,0,0.0,23.0,0,BTGOXD2,mg/L,reported_gmt_minus_4_unconverted
2015-07-31,24,24,24,1.0,high,True,True,True,True,6.264625,6.1365,0.7628432406350656,5.041,7.748,5.381600000000001,5.83075,6.8575,7.3534999999999995,24,0,0,0,0,0.0,23.0,0,BTGOXD2,mg/L,reported_gmt_minus_4_unconverted
2015-08-01,24,24,24,1.0,high,True,True,True,True,5.5290833333333325,5.5885,1.2739564498961038,3.84,7.66,4.0719,4.23025,6.38475,7.1659,24,0,0,0,0,0.0,23.0,0,BTGOXD2,mg/L,reported_gmt_minus_4_unconverted
2015-08-02,24,24,24,1.0,high,True,True,True,True,5.618624999999999,5.627000000000001,1.116369652528658,3.752,7.151,4.2248,4.7292499999999995,6.686999999999999,6.9279,24,0,0,0,0,0.0,23.0,0,BTGOXD2,mg/L,reported_gmt_minus_4_unconverted
2015-08-03,24,24,24,1.0,high,True,True,True,True,5.139166666666667,5.077,1.1155335111473585,2.872,6.793,3.9856,4.218249999999999,6.15075,6.6351,24,0,0,0,0,0.0,23.0,0,BTGOXD2,mg/L,reported_gmt_minus_4_unconverted
2015-08-04,24,24,12,0.5,partial,True,False,False,False,5.623916666666666,5.771,0.933777612061822,3.844,6.792,4.195200000000001,5.22375,6.1465,6.7387,12,12,0,0,0,0.0,11.0,12,BTGOXD2,mg/L,reported_gmt_minus_4_unconverted
2015-08-05,24,24,0,0.0,missing,False,False,False,False,,,,,,,,,,0,24,0,0,0,,,24,BTGOXD2,mg/L,reported_gmt_minus_4_unconverted
2015-08-06,24,24,0,0.0,missing,False,False,False,False,,,,,,,,,,0,24,0,0,0,,,24,BTGOXD2,mg/L,reported_gmt_minus_4_unconverted
2015-08-07,24,24,0,0.0,missing,False,False,False,False,,,,,,,,,,0,24,0,0,0,,,24,BTGOXD2,mg/L,reported_gmt_minus_4_unconverted
2015-08-08,24,24,0,0.0,missing,False,False,False,False,,,,,,,,,,0,24,0,0,0,,,24,BTGOXD2,mg/L,reported_gmt_minus_4_unconverted
2015-08-09,24,24,0,0.0,missing,False,False,False,False,,,,,,,,,,0,24,0,0,0,,,24,BTGOXD2,mg/L,reported_gmt_minus_4_unconverted
2015-08-10,24,24,0,0.0,missing,False,False,False,False,,,,,,,,,,0,24,0,0,0,,,24,BTGOXD2,mg/L,reported_gmt_minus_4_unconverted
2015-08-11,24,24,0,0.0,missing,False,False,False,False,,,,,,,,,,0,24,0,0,0,,,24,BTGOXD2,mg/L,reported_gmt_minus_4_unconverted
2015-08-12,24,24,0,0.0,missing,False,False,False,False,,,,,,,,,,0,24,0,0,0,,,24,BTGOXD2,mg/L,reported_gmt_minus_4_unconverted
2015-08-13,24,24,0,0.0,missing,False,False,False,False,,,,,,,,,,0,24,0,0,0,,,24,BTGOXD2,mg/L,reported_gmt_minus_4_unconverted
2015-08-14,24,24,0,0.0,missing,False,False,False,False,,,,,,,,,,0,24,0,0,0,,,24,BTGOXD2,mg/L,reported_gmt_minus_4_unconverted
2015-08-15,24,24,0,0.0,missing,False,False,False,False,,,,,,,,,,0,24,0,0,0,,,24,BTGOXD2,mg/L,reported_gmt_minus_4_unconverted
2015-08-16,24,24,0,0.0,missing,False,False,False,False,,,,,,,,,,0,24,0,0,0,,,24,BTGOXD2,mg/L,reported_gmt_minus_4_unconverted
2015-08-17,24,24,0,0.0,missing,False,False,False,False,,,,,,,,,,0,24,0,0,0,,,24,BTGOXD2,mg/L,reported_gmt_minus_4_unconverted
2015-08-18,24,24,13,0.541667,partial,True,False,False,False,8.271384615384616,8.265,0.18184221111609286,7.979,8.584,8.0402,8.149,8.401,8.4676,13,11,0,0,0,11.0,23.0,11,BTGOXD2,mg/L,reported_gmt_minus_4_unconverted
2015-08-19,24,24,24,1.0,high,True,True,True,True,8.30775,8.328,0.13554760113669695,8.033,8.537,8.121699999999999,8.23375,8.378250000000001,8.4864,24,0,0,0,0,0.0,23.0,0,BTGOXD2,mg/L,reported_gmt_minus_4_unconverted
2015-08-20,24,24,24,1.0,high,True,True,True,True,8.080666666666666,8.0605,0.14969001786784386,7.753,8.335,7.9235999999999995,7.99075,8.20425,8.2799,24,0,0,0,0,0.0,23.0,0,BTGOXD2,mg/L,reported_gmt_minus_4_unconverted
2015-08-21,24,24,24,1.0,high,True,True,True,True,8.107375,8.082,0.12295379566961423,7.933,8.364,7.9629,8.0495,8.1255,8.3213,24,0,0,0,0,0.0,23.0,0,BTGOXD2,mg/L,reported_gmt_minus_4_unconverted
2015-08-22,24,24,24,1.0,high,True,True,True,True,8.117791666666667,8.132,0.19735864047721485,7.641,8.409,7.8775,8.02,8.287500000000001,8.3385,24,0,0,0,0,0.0,23.0,0,BTGOXD2,mg/L,reported_gmt_minus_4_unconverted
2015-08-23,24,24,24,1.0,high,True,True,True,True,8.396333333333333,8.283999999999999,0.7448193633747522,7.153,9.755,7.6327,7.79975,8.833,9.5686,24,0,0,0,0,0.0,23.0,0,BTGOXD2,mg/L,reported_gmt_minus_4_unconverted
2015-08-24,24,24,24,1.0,high,True,True,True,True,9.086708333333332,9.4495,0.8331293797519069,7.535,10.195,7.8327,8.52,9.715,9.8597,24,0,0,0,0,0.0,23.0,0,BTGOXD2,mg/L,reported_gmt_minus_4_unconverted
2015-08-25,24,24,24,1.0,high,True,True,True,True,8.727916666666665,8.7595,0.5466359504449377,7.772,9.584,7.8841,8.508500000000002,9.10325,9.3605,24,0,0,0,0,0.0,23.0,0,BTGOXD2,mg/L,reported_gmt_minus_4_unconverted
2015-08-26,24,24,24,1.0,high,True,True,True,True,8.376458333333332,8.5075,0.678182608419236,7.109,9.52,7.5335,7.8655,8.86125,9.2096,24,0,0,0,0,0.0,23.0,0,BTGOXD2,mg/L,reported_gmt_minus_4_unconverted
2015-08-27,24,24,24,1.0,high,True,True,True,True,8.558333333333334,8.6055,0.7691224624979045,7.133,9.703,7.5463000000000005,7.982749999999999,9.15,9.5084,24,0,0,0,0,0.0,23.0,0,BTGOXD2,mg/L,reported_gmt_minus_4_unconverted
2015-08-28,24,24,24,1.0,high,True,True,True,True,9.443916666666667,9.681000000000001,1.0282790146084173,7.348,10.967,8.2198,8.5485,10.02275,10.7608,24,0,0,0,0,0.0,23.0,0,BTGOXD2,mg/L,reported_gmt_minus_4_unconverted
2015-08-29,24,24,24,1.0,high,True,True,True,True,10.167250000000001,10.844999999999999,1.363297799933803,7.613,11.675,8.0213,8.8895,11.12125,11.429,24,0,0,0,0,0.0,23.0,0,BTGOXD2,mg/L,reported_gmt_minus_4_unconverted
2015-08-30,24,24,24,1.0,high,True,True,True,True,10.569041666666665,10.9505,1.0484960442033842,8.235,11.702,9.1015,9.94775,11.38075,11.6161,24,0,0,0,0,0.0,23.0,0,BTGOXD2,mg/L,reported_gmt_minus_4_unconverted
2015-08-31,24,24,24,1.0,high,True,True,True,True,11.125958333333335,11.163499999999999,0.35418460909367677,10.482,11.675,10.6272,10.875,11.3925,11.533,24,0,0,0,0,0.0,23.0,0,BTGOXD2,mg/L,reported_gmt_minus_4_unconverted
2015-09-01,24,24,24,1.0,high,True,True,True,True,10.223041666666667,10.350000000000001,0.3225975388955242,9.276,10.532,9.9238,10.05425,10.44075,10.4946,24,0,0,0,0,0.0,23.0,0,BTGOXD2,mg/L,reported_gmt_minus_4_unconverted
2015-09-02,24,24,24,1.0,high,True,True,True,True,10.209625,10.184000000000001,0.39892244124696075,9.551,10.677,9.673499999999999,9.91225,10.6425,10.6707,24,0,0,0,0,0.0,23.0,0,BTGOXD2,mg/L,reported_gmt_minus_4_unconverted
2015-09-03,24,24,24,1.0,high,True,True,True,True,10.307833333333335,10.443999999999999,0.2912571949723962,9.568,10.588,9.8744,10.144,10.52425,10.5624,24,0,0,0,0,0.0,23.0,0,BTGOXD2,mg/L,reported_gmt_minus_4_unconverted
2015-09-04,24,24,20,0.833333,standard,True,True,True,False,9.9434,10.100999999999999,0.4027755545814827,8.528,10.273,9.5229,9.911249999999999,10.1505,10.2014,20,4,0,0,0,0.0,23.0,4,BTGOXD2,mg/L,reported_gmt_minus_4_unconverted
2015-09-05,24,24,24,1.0,high,True,True,True,True,9.540333333333333,9.591000000000001,0.22890147238052225,8.877,9.821,9.316,9.4545,9.694749999999999,9.7398,24,0,0,0,0,0.0,23.0,0,BTGOXD2,mg/L,reported_gmt_minus_4_unconverted
2015-09-06,24,24,24,1.0,high,True,True,True,True,9.649125,9.6175,0.11463754317128336,9.399,9.864,9.5392,9.584,9.747,9.798399999999999,24,0,0,0,0,0.0,23.0,0,BTGOXD2,mg/L,reported_gmt_minus_4_unconverted
2015-09-07,24,24,24,1.0,high,True,True,True,True,9.332666666666666,9.359,0.15456015197880138,9.075,9.565,9.134,9.19375,9.48175,9.5085,24,0,0,0,0,0.0,23.0,0,BTGOXD2,mg/L,reported_gmt_minus_4_unconverted
2015-09-08,24,24,24,1.0,high,True,True,True,True,9.033541666666666,9.267,0.41898521081782597,8.301,9.453,8.3933,8.6035,9.3675,9.3927,24,0,0,0,0,0.0,23.0,0,BTGOXD2,mg/L,reported_gmt_minus_4_unconverted
2015-09-09,24,24,24,1.0,high,True,True,True,True,8.341041666666667,8.373,0.3193589338396351,7.609,8.81,8.030800000000001,8.172500000000001,8.565,8.7521,24,0,0,0,0,0.0,23.0,0,BTGOXD2,mg/L,reported_gmt_minus_4_unconverted
2015-09-10,24,24,24,1.0,high,True,True,True,True,8.173083333333333,8.163499999999999,0.1796097016520437,7.824,8.559,7.9567000000000005,8.06025,8.27625,8.3889,24,0,0,0,0,0.0,23.0,0,BTGOXD2,mg/L,reported_gmt_minus_4_unconverted
2015-09-11,24,24,24,1.0,high,True,True,True,True,7.068041666666666,6.9725,0.6525218956290757,6.135,8.513,6.2360999999999995,6.647,7.3405000000000005,8.081199999999999,24,0,0,0,0,0.0,23.0,0,BTGOXD2,mg/L,reported_gmt_minus_4_unconverted
2015-09-12,24,24,24,1.0,high,True,True,True,True,6.626625000000001,6.5440000000000005,0.5571105434370236,5.667,7.772,6.0129,6.18775,7.083500000000001,7.2961,24,0,0,0,0,0.0,23.0,0,BTGOXD2,mg/L,reported_gmt_minus_4_unconverted
2015-09-13,24,24,24,1.0,high,True,True,True,True,8.118958333333333,7.9465,0.8586548367203136,6.487,9.356,7.1829,7.447,8.8615,9.259599999999999,24,0,0,0,0,0.0,23.0,0,BTGOXD2,mg/L,reported_gmt_minus_4_unconverted
2015-09-14,24,24,14,0.583333,partial,True,False,False,False,10.127928571428571,10.068999999999999,0.3426378362253457,9.311,10.595,9.8886,9.932,10.39775,10.5161,14,10,0,0,0,0.0,23.0,10,BTGOXD2,mg/L,reported_gmt_minus_4_unconverted
2015-09-15,24,24,24,1.0,high,True,True,True,True,9.398916666666667,9.4335,0.7581920094464236,7.697,11.202,8.4082,9.005749999999999,9.83425,10.1487,24,0,0,0,0,0.0,23.0,0,BTGOXD2,mg/L,reported_gmt_minus_4_unconverted
2015-09-16,24,24,24,1.0,high,True,True,True,True,8.469458333333334,8.481,1.3237475780383203,6.297,10.969,6.8077000000000005,7.362,9.454,10.0998,24,0,0,0,0,0.0,23.0,0,BTGOXD2,mg/L,reported_gmt_minus_4_unconverted
2015-09-17,24,24,24,1.0,high,True,True,True,True,6.856875,6.574,1.183693237011949,5.329,10.012,5.6783,6.0255,7.5409999999999995,8.1432,24,0,0,0,0,0.0,23.0,0,BTGOXD2,mg/L,reported_gmt_minus_4_unconverted
2015-09-18,24,24,24,1.0,high,True,True,True,True,5.44875,5.2785,0.9453029995031039,4.386,7.399,4.4877,4.6695,6.0127500000000005,6.8531,24,0,0,0,0,0.0,23.0,0,BTGOXD2,mg/L,reported_gmt_minus_4_unconverted
2015-09-19,24,24,24,1.0,high,True,True,True,True,4.700166666666667,4.577,0.7711509561048662,3.638,6.662,3.9201,4.1035,4.99075,5.6674,24,0,0,0,0,0.0,23.0,0,BTGOXD2,mg/L,reported_gmt_minus_4_unconverted
2015-09-20,24,24,24,1.0,high,True,True,True,True,5.2664583333333335,5.3740000000000006,0.9482851331960127,3.591,6.731,3.8057,4.79175,5.92475,6.4655,24,0,0,0,0,0.0,23.0,0,BTGOXD2,mg/L,reported_gmt_minus_4_unconverted
2015-09-21,24,24,24,1.0,high,True,True,True,True,5.855,5.824,1.6383957423942643,2.848,9.085,4.1837,4.784000000000001,6.52275,8.3036,24,0,0,0,0,0.0,23.0,0,BTGOXD2,mg/L,reported_gmt_minus_4_unconverted
2015-09-22,24,24,24,1.0,high,True,True,True,True,7.185583333333334,6.5515,2.072086449360448,4.834,11.31,5.2787,5.65725,7.61425,10.8386,24,0,0,0,0,0.0,23.0,0,BTGOXD2,mg/L,reported_gmt_minus_4_unconverted
2015-09-23,24,24,24,1.0,high,True,True,True,True,7.796375,7.890000000000001,1.3417750350059496,5.187,10.221,5.5258,7.23025,8.508,9.3305,24,0,0,0,0,0.0,23.0,0,BTGOXD2,mg/L,reported_gmt_minus_4_unconverted
2015-09-24,24,24,24,1.0,high,True,True,True,True,8.88975,8.902999999999999,1.1946711481298578,6.696,10.958,7.3989,8.123750000000001,9.67325,10.4968,24,0,0,0,0,0.0,23.0,0,BTGOXD2,mg/L,reported_gmt_minus_4_unconverted
2015-09-25,24,24,24,1.0,high,True,True,True,True,5.9750000000000005,5.724500000000001,1.802586499160726,3.373,9.014,3.7302,4.63075,7.437,8.296,24,0,0,0,0,0.0,23.0,0,BTGOXD2,mg/L,reported_gmt_minus_4_unconverted
2015-09-26,24,24,24,1.0,high,True,True,True,True,3.673250000000001,3.2344999999999997,1.1353512097871818,2.334,6.692,2.6829,2.71525,4.327500000000001,5.063,24,0,0,0,0,0.0,23.0,0,BTGOXD2,mg/L,reported_gmt_minus_4_unconverted
2015-09-27,24,24,24,1.0,high,True,True,True,True,3.1802499999999996,2.7140000000000004,0.9651050517273057,2.022,5.545,2.3198,2.5765000000000002,4.1745,4.2891,24,0,0,0,0,0.0,23.0,0,BTGOXD2,mg/L,reported_gmt_minus_4_unconverted
2015-09-28,24,24,24,1.0,high,True,True,True,True,3.7292500000000004,3.5175,0.8905435199189118,2.247,5.799,2.8544,3.0717499999999998,4.241,4.6185,24,0,0,0,0,0.0,23.0,0,BTGOXD2,mg/L,reported_gmt_minus_4_unconverted
2015-09-29,24,24,24,1.0,high,True,True,True,True,3.2573749999999997,3.3040000000000003,0.8200044439169084,2.086,4.519,2.3238000000000003,2.46275,4.1899999999999995,4.2238,24,0,0,0,0,0.0,23.0,0,BTGOXD2,mg/L,reported_gmt_minus_4_unconverted
2015-09-30,24,24,24,1.0,high,True,True,True,True,4.247041666666667,4.179,0.7933417750890529,3.132,6.666,3.5953,3.7432499999999997,4.322,5.3050999999999995,24,0,0,0,0,0.0,23.0,0,BTGOXD2,mg/L,reported_gmt_minus_4_unconverted
2015-10-01,24,24,24,1.0,high,True,True,True,True,5.286375,5.035,1.0726337683883331,3.628,8.007,4.0811,4.7357499999999995,5.72575,6.6592,24,0,0,0,0,0.0,23.0,0,BTGOXD2,mg/L,reported_gmt_minus_4_unconverted
2015-10-02,24,24,24,1.0,high,True,True,True,True,6.194708333333334,6.1325,1.1901163070369896,4.272,8.765,4.849,5.19575,6.7435,7.9094,24,0,0,0,0,0.0,23.0,0,BTGOXD2,mg/L,reported_gmt_minus_4_unconverted
2015-10-03,24,24,24,1.0,high,True,True,True,True,7.541625,7.044499999999999,1.4699951142332293,5.692,10.059,5.898300000000001,6.50625,8.477,9.9279,24,0,0,0,0,0.0,23.0,0,BTGOXD2,mg/L,reported_gmt_minus_4_unconverted
2015-10-04,24,24,24,1.0,high,True,True,True,True,6.433541666666667,5.8965,1.3868451209463706,4.441,9.6,5.0248,5.3735,7.8175,8.0495,24,0,0,0,0,0.0,23.0,0,BTGOXD2,mg/L,reported_gmt_minus_4_unconverted
2015-10-05,24,24,24,1.0,high,True,True,True,True,5.895333333333333,5.638999999999999,1.4765653349600882,3.497,8.999,4.4122,5.06175,6.22925,8.4612,24,0,0,0,0,0.0,23.0,0,BTGOXD2,mg/L,reported_gmt_minus_4_unconverted
2015-10-06,24,24,24,1.0,high,True,True,True,True,4.355458333333334,4.252000000000001,1.113102752363339,2.399,6.214,2.9123,3.43825,5.3092500000000005,5.8305,24,0,0,0,0,0.0,23.0,0,BTGOXD2,mg/L,reported_gmt_minus_4_unconverted
2015-10-07,24,24,24,1.0,high,True,True,True,True,3.3270416666666662,3.1155,0.852863538662376,2.252,4.951,2.4553,2.73875,3.72425,4.8241000000000005,24,0,0,0,0,0.0,23.0,0,BTGOXD2,mg/L,reported_gmt_minus_4_unconverted
2015-10-08,24,24,24,1.0,high,True,True,True,True,2.9591250000000002,3.0090000000000003,0.599455282627124,1.996,3.938,2.1004,2.4525,3.47775,3.625,24,0,0,0,0,0.0,23.0,0,BTGOXD2,mg/L,reported_gmt_minus_4_unconverted
2015-10-09,24,24,24,1.0,high,True,True,True,True,3.0922916666666667,3.1630000000000003,1.0663090945616696,1.028,4.853,1.4984,2.5892500000000003,3.69475,4.4462,24,0,0,0,0,0.0,23.0,0,BTGOXD2,mg/L,reported_gmt_minus_4_unconverted
2015-10-10,24,24,24,1.0,high,True,True,True,True,2.361875,1.714,1.2855160463544524,0.899,4.45,1.0652,1.3932499999999999,3.6265,4.3014,24,0,0,0,0,0.0,23.0,0,BTGOXD2,mg/L,reported_gmt_minus_4_unconverted
2015-10-11,24,24,24,1.0,high,True,True,True,True,2.3756666666666666,2.006,0.9532507616009304,1.198,4.092,1.3365,1.62575,3.18025,3.7978,24,0,0,0,0,0.0,23.0,0,BTGOXD2,mg/L,reported_gmt_minus_4_unconverted
2015-10-12,24,24,24,1.0,high,True,True,True,True,2.3448333333333333,2.4395,0.7056497263032729,1.137,3.222,1.3163,1.8255,2.9415,3.203,24,0,0,0,0,0.0,23.0,0,BTGOXD2,mg/L,reported_gmt_minus_4_unconverted
2015-10-13,24,24,24,1.0,high,True,True,True,True,4.880541666666667,5.02,1.8797517176285639,1.176,9.991,3.0047,3.6900000000000004,6.09,6.570399999999999,24,0,0,0,0,0.0,23.0,0,BTGOXD2,mg/L,reported_gmt_minus_4_unconverted
2015-10-14,24,24,24,1.0,high,True,True,True,True,8.155958333333333,7.91,0.6698622492505563,7.303,9.895,7.4801,7.622,8.664250000000001,8.9523,24,0,0,0,0,0.0,23.0,0,BTGOXD2,mg/L,reported_gmt_minus_4_unconverted
2015-10-15,24,24,24,1.0,high,True,True,True,True,7.656125,7.5760000000000005,0.4068771112948627,7.153,8.514,7.1895999999999995,7.34075,7.897,8.2409,24,0,0,0,0,0.0,23.0,0,BTGOXD2,mg/L,reported_gmt_minus_4_unconverted
2015-10-16,24,24,24,1.0,high,True,True,True,True,8.125458333333334,8.079,0.8107467292921823,6.612,9.906,7.0912,7.73625,8.4065,9.2411,24,0,0,0,0,0.0,23.0,0,BTGOXD2,mg/L,reported_gmt_minus_4_unconverted
2015-10-17,24,24,24,1.0,high,True,True,True,True,8.436541666666665,8.341999999999999,1.0620771272724794,6.609,10.52,7.1584,7.835,9.1435,9.821399999999999,24,0,0,0,0,0.0,23.0,0,BTGOXD2,mg/L,reported_gmt_minus_4_unconverted
2015-10-18,24,24,24,1.0,high,True,True,True,True,9.285625,9.3835,0.7318393036072521,7.946,10.283,8.175799999999999,8.706,9.91575,10.0861,24,0,0,0,0,0.0,23.0,0,BTGOXD2,mg/L,reported_gmt_minus_4_unconverted
2015-10-19,24,24,0,0.0,missing,False,False,False,False,,,,,,,,,,0,24,0,0,0,,,24,BTGOXD2,mg/L,reported_gmt_minus_4_unconverted
2015-10-20,24,24,23,0.958333,high,True,True,True,True,9.13691304347826,9.161,0.6077681909355271,8.128,10.315,8.1834,8.975999999999999,9.457,9.793000000000001,23,1,0,0,0,1.0,23.0,1,BTGOXD2,mg/L,reported_gmt_minus_4_unconverted
2015-10-21,24,24,24,1.0,high,True,True,True,True,8.983208333333334,8.872,0.8913008070360917,7.956,10.672,7.9968,8.217749999999999,9.383,10.421,24,0,0,0,0,0.0,23.0,0,BTGOXD2,mg/L,reported_gmt_minus_4_unconverted
2015-10-22,24,24,24,1.0,high,True,True,True,True,8.393083333333335,8.296,0.5621034189748257,7.648,9.452,7.8283000000000005,7.88675,8.908,9.123800000000001,24,0,0,0,0,0.0,23.0,0,BTGOXD2,mg/L,reported_gmt_minus_4_unconverted
2015-10-23,24,24,19,0.791667,standard,True,True,True,False,8.254684210526317,8.209,0.2905743455510098,7.866,9.027,7.957,8.0345,8.399999999999999,8.586400000000001,19,5,0,0,0,0.0,23.0,5,BTGOXD2,mg/L,reported_gmt_minus_4_unconverted
2015-10-24,24,24,24,1.0,high,True,True,True,True,8.356583333333333,8.403500000000001,0.14463865520568892,8.06,8.509,8.15,8.2395,8.475249999999999,8.4921,24,0,0,0,0,0.0,23.0,0,BTGOXD2,mg/L,reported_gmt_minus_4_unconverted
2015-10-25,24,24,24,1.0,high,True,True,True,True,8.16825,8.3185,0.402047720507426,7.354,8.531,7.4738,8.11575,8.50325,8.5221,24,0,0,0,0,0.0,23.0,0,BTGOXD2,mg/L,reported_gmt_minus_4_unconverted
2015-10-26,24,24,24,1.0,high,True,True,True,True,7.4160416666666675,7.4715,0.7333509438761622,6.141,8.438,6.2943999999999996,7.00475,7.96075,8.3313,24,0,0,0,0,0.0,23.0,0,BTGOXD2,mg/L,reported_gmt_minus_4_unconverted
2015-10-27,24,24,24,1.0,high,True,True,True,True,6.250708333333333,6.131500000000001,0.4264412370106676,5.419,7.135,5.9017,5.97825,6.6025,6.8348,24,0,0,0,0,0.0,23.0,0,BTGOXD2,mg/L,reported_gmt_minus_4_unconverted
2015-10-28,24,24,24,1.0,high,True,True,True,True,6.425999999999999,6.273,0.5678521699848665,5.353,7.68,5.8283,6.02075,6.86725,7.1662,24,0,0,0,0,0.0,23.0,0,BTGOXD2,mg/L,reported_gmt_minus_4_unconverted
2015-10-29,24,24,24,1.0,high,True,True,True,True,6.1072083333333325,6.242,0.38272773603115867,5.283,6.695,5.591,5.853,6.4435,6.4771,24,0,0,0,0,0.0,23.0,0,BTGOXD2,mg/L,reported_gmt_minus_4_unconverted
2015-10-30,24,24,24,1.0,high,True,True,True,True,5.457791666666666,5.508,0.4555325578176427,4.514,6.289,4.7979,5.2565,5.70725,5.954899999999999,24,0,0,0,0,0.0,23.0,0,BTGOXD2,mg/L,reported_gmt_minus_4_unconverted
2015-10-31,24,24,24,1.0,high,True,True,True,True,4.843083333333333,4.7705,0.3883158638852237,4.136,5.446,4.3397,4.5432500000000005,5.157500000000001,5.3693,24,0,0,0,0,0.0,23.0,0,BTGOXD2,mg/L,reported_gmt_minus_4_unconverted
2015-11-01,24,24,24,1.0,high,True,True,True,True,5.43475,5.5105,0.5214236573409213,4.514,6.668,4.6215,5.143000000000001,5.73225,5.9737,24,0,0,0,0,0.0,23.0,0,BTGOXD2,mg/L,reported_gmt_minus_4_unconverted
2015-11-02,24,24,24,1.0,high,True,True,True,True,7.104333333333334,7.3885000000000005,0.729926361185581,5.835,8.048,5.9946,6.4785,7.6290000000000004,7.8591,24,0,0,0,0,0.0,23.0,0,BTGOXD2,mg/L,reported_gmt_minus_4_unconverted
2015-11-03,24,24,24,1.0,high,True,True,True,True,7.542291666666667,7.487,0.8342432383886019,5.963,8.709,6.4406,6.897,8.17575,8.5415,24,0,0,0,0,0.0,23.0,0,BTGOXD2,mg/L,reported_gmt_minus_4_unconverted
2015-11-04,24,24,24,1.0,high,True,True,True,True,6.929749999999999,6.867,1.1330974189669507,5.224,9.187,5.4245,6.05525,7.688,8.3891,24,0,0,0,0,0.0,23.0,0,BTGOXD2,mg/L,reported_gmt_minus_4_unconverted
2015-11-05,24,24,24,1.0,high,True,True,True,True,4.807208333333333,4.7715,0.6462653903081496,4.042,6.237,4.1251,4.24425,5.2175,5.7729,24,0,0,0,0,0.0,23.0,0,BTGOXD2,mg/L,reported_gmt_minus_4_unconverted
2015-11-06,24,24,24,1.0,high,True,True,True,True,4.181375,4.246,0.4840034865576901,3.194,5.007,3.6413,3.737,4.55875,4.7831,24,0,0,0,0,0.0,23.0,0,BTGOXD2,mg/L,reported_gmt_minus_4_unconverted
2015-11-07,24,24,24,1.0,high,True,True,True,True,3.782541666666667,3.4905,0.842746440755342,2.472,5.489,3.0359000000000003,3.284,4.27525,5.1333,24,0,0,0,0,0.0,23.0,0,BTGOXD2,mg/L,reported_gmt_minus_4_unconverted
2015-11-08,24,24,24,1.0,high,True,True,True,True,4.169666666666667,4.016,0.6543728937371802,3.202,5.781,3.444,3.8099999999999996,4.3485000000000005,5.036599999999999,24,0,0,0,0,0.0,23.0,0,BTGOXD2,mg/L,reported_gmt_minus_4_unconverted
2015-11-09,24,24,15,0.625,partial,True,False,False,False,4.1567333333333325,3.935,0.7151275077781251,3.031,5.284,3.3732,3.784,4.8025,5.1794,15,9,0,0,0,9.0,23.0,9,BTGOXD2,mg/L,reported_gmt_minus_4_unconverted
2015-11-10,24,24,11,0.458333,weak,False,False,False,False,3.8373636363636363,4.013,0.6198201792015604,2.831,4.718,3.011,3.3834999999999997,4.2775,4.439,11,13,0,0,0,0.0,10.0,13,BTGOXD2,mg/L,reported_gmt_minus_4_unconverted
2015-11-11,24,24,0,0.0,missing,False,False,False,False,,,,,,,,,,0,24,0,0,0,,,24,BTGOXD2,mg/L,reported_gmt_minus_4_unconverted
2015-11-12,24,24,0,0.0,missing,False,False,False,False,,,,,,,,,,0,24,0,0,0,,,24,BTGOXD2,mg/L,reported_gmt_minus_4_unconverted
2015-11-13,24,24,10,0.416667,weak,False,False,False,False,5.280600000000001,5.207000000000001,0.2977337363782912,4.877,5.771,4.964300000000001,5.122,5.488,5.6927,10,14,0,0,0,14.0,23.0,14,BTGOXD2,mg/L,reported_gmt_minus_4_unconverted
2015-11-14,24,24,24,1.0,high,True,True,True,True,6.079833333333333,5.922499999999999,0.6315934070935653,4.77,7.308,5.463,5.69125,6.5575,7.0293,24,0,0,0,0,0.0,23.0,0,BTGOXD2,mg/L,reported_gmt_minus_4_unconverted
2015-11-15,24,24,24,1.0,high,True,True,True,True,6.697500000000001,6.656499999999999,0.7918067397057684,4.943,8.161,5.7542,6.20975,7.06975,7.8658,24,0,0,0,0,0.0,23.0,0,BTGOXD2,mg/L,reported_gmt_minus_4_unconverted
2015-11-16,24,24,24,1.0,high,True,True,True,True,6.5125416666666665,6.3775,0.5117941993968199,5.741,7.467,5.9939,6.15625,6.911,7.1729,24,0,0,0,0,0.0,23.0,0,BTGOXD2,mg/L,reported_gmt_minus_4_unconverted
2015-11-17,24,24,24,1.0,high,True,True,True,True,6.264708333333332,6.2745,0.6733336584336997,5.054,7.238,5.5284,5.70225,6.879250000000001,7.0297,24,0,0,0,0,0.0,23.0,0,BTGOXD2,mg/L,reported_gmt_minus_4_unconverted
2015-11-18,24,24,24,1.0,high,True,True,True,True,5.182958333333333,5.3685,0.7528075843520514,3.993,6.265,4.1288,4.4704999999999995,5.72175,6.1253,24,0,0,0,0,0.0,23.0,0,BTGOXD2,mg/L,reported_gmt_minus_4_unconverted
2015-11-19,24,24,24,1.0,high,True,True,True,True,3.8508333333333336,3.7735,0.9536947678083001,2.267,5.25,2.7135,3.0774999999999997,4.66325,5.0374,24,0,0,0,0,0.0,23.0,0,BTGOXD2,mg/L,reported_gmt_minus_4_unconverted
2015-11-20,24,24,24,1.0,high,True,True,True,True,3.0412500000000002,3.1235,0.3988873928490509,2.029,3.531,2.5961000000000003,2.86,3.3672500000000003,3.4294,24,0,0,0,0,0.0,23.0,0,BTGOXD2,mg/L,reported_gmt_minus_4_unconverted
2015-11-21,24,24,24,1.0,high,True,True,True,True,2.872583333333333,2.804,0.6272757466368682,2.002,3.86,2.0324,2.49225,3.46375,3.6724,24,0,0,0,0,0.0,23.0,0,BTGOXD2,mg/L,reported_gmt_minus_4_unconverted
2015-11-22,24,24,24,1.0,high,True,True,True,True,3.757333333333333,3.6654999999999998,0.5623257346805833,3.116,5.177,3.2196000000000002,3.2805,4.029,4.472899999999999,24,0,0,0,0,0.0,23.0,0,BTGOXD2,mg/L,reported_gmt_minus_4_unconverted
2015-11-23,24,24,24,1.0,high,True,True,True,True,4.5917916666666665,4.571,0.7923642102383643,3.495,5.636,3.5362,3.78925,5.36425,5.5839,24,0,0,0,0,0.0,23.0,0,BTGOXD2,mg/L,reported_gmt_minus_4_unconverted
2015-11-24,24,24,24,1.0,high,True,True,True,True,5.1468750000000005,5.1594999999999995,0.3745106154529621,4.555,5.74,4.6863,4.80725,5.49125,5.6135,24,0,0,0,0,0.0,23.0,0,BTGOXD2,mg/L,reported_gmt_minus_4_unconverted
2015-11-25,24,24,24,1.0,high,True,True,True,True,5.380958333333332,5.2445,0.3988320425798382,4.871,6.282,4.9393,5.071,5.68375,5.9012,24,0,0,0,0,0.0,23.0,0,BTGOXD2,mg/L,reported_gmt_minus_4_unconverted
2015-11-26,24,24,24,1.0,high,True,True,True,True,6.188791666666667,6.2265,0.47638365787750697,5.091,7.051,5.7714,5.837,6.43625,6.774,24,0,0,0,0,0.0,23.0,0,BTGOXD2,mg/L,reported_gmt_minus_4_unconverted
2015-11-27,24,24,24,1.0,high,True,True,True,True,4.926875,5.114000000000001,0.9217410422201257,3.196,6.338,3.4882,4.2895,5.52675,5.9857,24,0,0,0,0,0.0,23.0,0,BTGOXD2,mg/L,reported_gmt_minus_4_unconverted
2015-11-28,24,24,24,1.0,high,True,True,True,True,3.559958333333333,3.3810000000000002,0.8347345570881209,2.091,5.157,2.5351000000000004,3.0965,4.067500000000001,4.8370999999999995,24,0,0,0,0,0.0,23.0,0,BTGOXD2,mg/L,reported_gmt_minus_4_unconverted
2015-11-29,24,24,24,1.0,high,True,True,True,True,3.1286666666666663,2.9555,1.0616733988365261,1.509,5.092,1.9831999999999999,2.1630000000000003,3.989,4.4458,24,0,0,0,0,0.0,23.0,0,BTGOXD2,mg/L,reported_gmt_minus_4_unconverted
2015-11-30,24,24,0,0.0,missing,False,False,False,False,,,,,,,,,,0,24,0,0,0,,,24,BTGOXD2,mg/L,reported_gmt_minus_4_unconverted
2015-12-01,24,24,0,0.0,missing,False,False,False,False,,,,,,,,,,0,24,0,0,0,,,24,BTGOXD2,mg/L,reported_gmt_minus_4_unconverted
2015-12-02,24,24,0,0.0,missing,False,False,False,False,,,,,,,,,,0,24,0,0,0,,,24,BTGOXD2,mg/L,reported_gmt_minus_4_unconverted
2015-12-03,24,24,0,0.0,missing,False,False,False,False,,,,,,,,,,0,24,0,0,0,,,24,BTGOXD2,mg/L,reported_gmt_minus_4_unconverted
2015-12-04,24,24,0,0.0,missing,False,False,False,False,,,,,,,,,,0,24,0,0,0,,,24,BTGOXD2,mg/L,reported_gmt_minus_4_unconverted
2015-12-05,24,24,0,0.0,missing,False,False,False,False,,,,,,,,,,0,24,0,0,0,,,24,BTGOXD2,mg/L,reported_gmt_minus_4_unconverted
2015-12-06,24,24,0,0.0,missing,False,False,False,False,,,,,,,,,,0,24,0,0,0,,,24,BTGOXD2,mg/L,reported_gmt_minus_4_unconverted
2015-12-07,24,24,0,0.0,missing,False,False,False,False,,,,,,,,,,0,24,0,0,0,,,24,BTGOXD2,mg/L,reported_gmt_minus_4_unconverted
2015-12-08,24,24,0,0.0,missing,False,False,False,False,,,,,,,,,,0,24,0,0,0,,,24,BTGOXD2,mg/L,reported_gmt_minus_4_unconverted
2015-12-09,24,24,0,0.0,missing,False,False,False,False,,,,,,,,,,0,24,0,0,0,,,24,BTGOXD2,mg/L,reported_gmt_minus_4_unconverted
2015-12-10,24,24,0,0.0,missing,False,False,False,False,,,,,,,,,,0,24,0,0,0,,,24,BTGOXD2,mg/L,reported_gmt_minus_4_unconverted
2015-12-11,24,24,0,0.0,missing,False,False,False,False,,,,,,,,,,0,24,0,0,0,,,24,BTGOXD2,mg/L,reported_gmt_minus_4_unconverted
2015-12-12,24,24,0,0.0,missing,False,False,False,False,,,,,,,,,,0,24,0,0,0,,,24,BTGOXD2,mg/L,reported_gmt_minus_4_unconverted
2015-12-13,24,24,0,0.0,missing,False,False,False,False,,,,,,,,,,0,24,0,0,0,,,24,BTGOXD2,mg/L,reported_gmt_minus_4_unconverted
2015-12-14,24,24,0,0.0,missing,False,False,False,False,,,,,,,,,,0,24,0,0,0,,,24,BTGOXD2,mg/L,reported_gmt_minus_4_unconverted
2015-12-15,24,24,0,0.0,missing,False,False,False,False,,,,,,,,,,0,24,0,0,0,,,24,BTGOXD2,mg/L,reported_gmt_minus_4_unconverted
2015-12-16,24,24,0,0.0,missing,False,False,False,False,,,,,,,,,,0,24,0,0,0,,,24,BTGOXD2,mg/L,reported_gmt_minus_4_unconverted
2015-12-17,24,24,0,0.0,missing,False,False,False,False,,,,,,,,,,0,24,0,0,0,,,24,BTGOXD2,mg/L,reported_gmt_minus_4_unconverted
2015-12-18,24,24,0,0.0,missing,False,False,False,False,,,,,,,,,,0,24,0,0,0,,,24,BTGOXD2,mg/L,reported_gmt_minus_4_unconverted
2015-12-19,24,24,0,0.0,missing,False,False,False,False,,,,,,,,,,0,24,0,0,0,,,24,BTGOXD2,mg/L,reported_gmt_minus_4_unconverted
2015-12-20,24,24,0,0.0,missing,False,False,False,False,,,,,,,,,,0,24,0,0,0,,,24,BTGOXD2,mg/L,reported_gmt_minus_4_unconverted
2015-12-21,24,24,0,0.0,missing,False,False,False,False,,,,,,,,,,0,24,0,0,0,,,24,BTGOXD2,mg/L,reported_gmt_minus_4_unconverted
2015-12-22,24,24,0,0.0,missing,False,False,False,False,,,,,,,,,,0,24,0,0,0,,,24,BTGOXD2,mg/L,reported_gmt_minus_4_unconverted
2015-12-23,24,24,0,0.0,missing,False,False,False,False,,,,,,,,,,0,24,0,0,0,,,24,BTGOXD2,mg/L,reported_gmt_minus_4_unconverted
2015-12-24,24,24,0,0.0,missing,False,False,False,False,,,,,,,,,,0,24,0,0,0,,,24,BTGOXD2,mg/L,reported_gmt_minus_4_unconverted
2015-12-25,24,24,0,0.0,missing,False,False,False,False,,,,,,,,,,0,24,0,0,0,,,24,BTGOXD2,mg/L,reported_gmt_minus_4_unconverted
2015-12-26,24,24,0,0.0,missing,False,False,False,False,,,,,,,,,,0,24,0,0,0,,,24,BTGOXD2,mg/L,reported_gmt_minus_4_unconverted
2015-12-27,24,24,0,0.0,missing,False,False,False,False,,,,,,,,,,0,24,0,0,0,,,24,BTGOXD2,mg/L,reported_gmt_minus_4_unconverted
2015-12-28,24,24,0,0.0,missing,False,False,False,False,,,,,,,,,,0,24,0,0,0,,,24,BTGOXD2,mg/L,reported_gmt_minus_4_unconverted
2015-12-29,24,24,0,0.0,missing,False,False,False,False,,,,,,,,,,0,24,0,0,0,,,24,BTGOXD2,mg/L,reported_gmt_minus_4_unconverted
2015-12-30,24,24,0,0.0,missing,False,False,False,False,,,,,,,,,,0,24,0,0,0,,,24,BTGOXD2,mg/L,reported_gmt_minus_4_unconverted
2015-12-31,24,24,0,0.0,missing,False,False,False,False,,,,,,,,,,0,24,0,0,0,,,24,BTGOXD2,mg/L,reported_gmt_minus_4_unconverted
2016-01-01,24,24,0,0.0,missing,False,False,False,False,,,,,,,,,,0,24,0,0,0,,,24,BTGOXD2,mg/L,reported_gmt_minus_4_unconverted
2016-01-02,24,24,0,0.0,missing,False,False,False,False,,,,,,,,,,0,24,0,0,0,,,24,BTGOXD2,mg/L,reported_gmt_minus_4_unconverted
2016-01-03,24,24,0,0.0,missing,False,False,False,False,,,,,,,,,,0,24,0,0,0,,,24,BTGOXD2,mg/L,reported_gmt_minus_4_unconverted
2016-01-04,24,24,0,0.0,missing,False,False,False,False,,,,,,,,,,0,24,0,0,0,,,24,BTGOXD2,mg/L,reported_gmt_minus_4_unconverted
2016-01-05,24,24,0,0.0,missing,False,False,False,False,,,,,,,,,,0,24,0,0,0,,,24,BTGOXD2,mg/L,reported_gmt_minus_4_unconverted
2016-01-06,24,24,0,0.0,missing,False,False,False,False,,,,,,,,,,0,24,0,0,0,,,24,BTGOXD2,mg/L,reported_gmt_minus_4_unconverted
2016-01-07,24,24,14,0.583333,partial,True,False,False,False,8.368571428571427,8.504999999999999,0.5200243654477555,7.576,8.993,7.7158,7.84,8.8175,8.9025,14,10,0,0,0,10.0,23.0,10,BTGOXD2,mg/L,reported_gmt_minus_4_unconverted
2016-01-08,24,24,0,0.0,missing,False,False,False,False,,,,,,,,,,0,24,0,0,0,,,24,BTGOXD2,mg/L,reported_gmt_minus_4_unconverted
2016-01-09,24,24,0,0.0,missing,False,False,False,False,,,,,,,,,,0,24,0,0,0,,,24,BTGOXD2,mg/L,reported_gmt_minus_4_unconverted
2016-01-10,24,24,0,0.0,missing,False,False,False,False,,,,,,,,,,0,24,0,0,0,,,24,BTGOXD2,mg/L,reported_gmt_minus_4_unconverted
2016-01-11,24,24,0,0.0,missing,False,False,False,False,,,,,,,,,,0,24,0,0,0,,,24,BTGOXD2,mg/L,reported_gmt_minus_4_unconverted
2016-01-12,24,24,0,0.0,missing,False,False,False,False,,,,,,,,,,0,24,0,0,0,,,24,BTGOXD2,mg/L,reported_gmt_minus_4_unconverted
2016-01-13,24,24,11,0.458333,weak,False,False,False,False,6.969999999999999,6.845,0.6414642624495926,6.091,8.152,6.149,6.563,7.355,7.686,11,13,0,0,0,13.0,23.0,13,BTGOXD2,mg/L,reported_gmt_minus_4_unconverted
2016-01-14,24,24,24,1.0,high,True,True,True,True,6.491624999999999,6.4455,0.5022868410103672,5.202,7.79,5.987,6.266,6.711,7.046,24,0,0,0,0,0.0,23.0,0,BTGOXD2,mg/L,reported_gmt_minus_4_unconverted
2016-01-15,24,24,24,1.0,high,True,True,True,True,5.883958333333332,5.753500000000001,0.6856533843027371,4.657,7.061,4.909000000000001,5.55375,6.47175,6.5605,24,0,0,0,0,0.0,23.0,0,BTGOXD2,mg/L,reported_gmt_minus_4_unconverted
2016-01-16,24,24,24,1.0,high,True,True,True,True,5.202958333333334,5.2095,0.7947838360299565,3.467,6.382,4.1283,4.80875,5.78875,6.1584,24,0,0,0,0,0.0,23.0,0,BTGOXD2,mg/L,reported_gmt_minus_4_unconverted
2016-01-17,24,24,24,1.0,high,True,True,True,True,4.185666666666667,4.202500000000001,0.5723885626623462,3.335,5.457,3.4811,3.60525,4.556,4.8008999999999995,24,0,0,0,0,0.0,23.0,0,BTGOXD2,mg/L,reported_gmt_minus_4_unconverted
2016-01-18,24,24,24,1.0,high,True,True,True,True,6.440833333333333,7.007,1.13827461600849,4.474,7.537,4.6069,5.21325,7.29875,7.4668,24,0,0,0,0,0.0,23.0,0,BTGOXD2,mg/L,reported_gmt_minus_4_unconverted
2016-01-19,24,24,24,1.0,high,True,True,True,True,6.205333333333333,6.2555,0.7841523070040094,4.753,7.582,5.205299999999999,5.609,6.797750000000001,7.2169,24,0,0,0,0,0.0,23.0,0,BTGOXD2,mg/L,reported_gmt_minus_4_unconverted
2016-01-20,24,24,24,1.0,high,True,True,True,True,6.732333333333333,6.6065000000000005,0.8107681632209998,5.437,7.987,5.727600000000001,6.172000000000001,7.5375,7.9316,24,0,0,0,0,0.0,23.0,0,BTGOXD2,mg/L,reported_gmt_minus_4_unconverted
2016-01-21,24,24,24,1.0,high,True,True,True,True,7.352125,7.592,0.7239478309633378,5.634,8.215,6.256600000000001,6.88225,7.86425,8.0704,24,0,0,0,0,0.0,23.0,0,BTGOXD2,mg/L,reported_gmt_minus_4_unconverted
2016-01-22,24,24,24,1.0,high,True,True,True,True,7.241,7.3774999999999995,0.9246984937523289,5.709,8.466,5.9849,6.617,8.03675,8.3991,24,0,0,0,0,0.0,23.0,0,BTGOXD2,mg/L,reported_gmt_minus_4_unconverted
2016-01-23,24,24,24,1.0,high,True,True,True,True,7.810541666666666,7.6085,0.6928218278496483,6.744,8.737,6.9677999999999995,7.2615,8.5555,8.6779,24,0,0,0,0,0.0,23.0,0,BTGOXD2,mg/L,reported_gmt_minus_4_unconverted
2016-01-24,24,24,24,1.0,high,True,True,True,True,7.231166666666667,7.3835,0.7243644090521355,5.837,8.295,6.2526,6.70975,7.83625,8.0665,24,0,0,0,0,0.0,23.0,0,BTGOXD2,mg/L,reported_gmt_minus_4_unconverted
2016-01-25,24,24,24,1.0,high,True,True,True,True,6.390000000000001,6.425,0.6352703635324166,5.267,7.363,5.6019,5.76975,6.88225,7.1775,24,0,0,0,0,0.0,23.0,0,BTGOXD2,mg/L,reported_gmt_minus_4_unconverted
2016-01-26,24,24,24,1.0,high,True,True,True,True,7.285625,7.263,0.7590658911938496,6.245,8.53,6.3752,6.5504999999999995,7.9945,8.2012,24,0,0,0,0,0.0,23.0,0,BTGOXD2,mg/L,reported_gmt_minus_4_unconverted
2016-01-27,24,24,24,1.0,high,True,True,True,True,8.026874999999999,7.8575,0.8182096208769803,6.106,9.293,7.2351,7.5595,8.6945,9.0768,24,0,0,0,0,0.0,23.0,0,BTGOXD2,mg/L,reported_gmt_minus_4_unconverted
2016-01-28,24,24,24,1.0,high,True,True,True,True,6.982291666666666,6.885,0.7530604502074629,5.637,8.367,6.0913,6.436999999999999,7.667,7.95,24,0,0,0,0,0.0,23.0,0,BTGOXD2,mg/L,reported_gmt_minus_4_unconverted
2016-01-29,24,24,24,1.0,high,True,True,True,True,7.527833333333334,7.523,1.087001366611143,5.58,9.324,6.062,6.7010000000000005,8.401,8.7678,24,0,0,0,0,0.0,23.0,0,BTGOXD2,mg/L,reported_gmt_minus_4_unconverted
2016-01-30,24,24,24,1.0,high,True,True,True,True,6.777166666666666,6.912000000000001,0.8546102425472485,5.337,8.144,5.6552999999999995,6.0965,7.36575,7.9052999999999995,24,0,0,0,0,0.0,23.0,0,BTGOXD2,mg/L,reported_gmt_minus_4_unconverted
2016-01-31,24,24,24,1.0,high,True,True,True,True,7.4925,7.377,0.7632116920989364,5.806,8.6,6.855,7.00925,8.158750000000001,8.4888,24,0,0,0,0,0.0,23.0,0,BTGOXD2,mg/L,reported_gmt_minus_4_unconverted
2016-02-01,24,24,10,0.416667,weak,False,False,False,False,6.877599999999999,6.7485,0.5459575075040182,6.212,7.899,6.2489,6.549,7.192,7.5354,10,14,0,0,0,0.0,9.0,14,BTGOXD2,mg/L,reported_gmt_minus_4_unconverted
2016-02-02,24,24,0,0.0,missing,False,False,False,False,,,,,,,,,,0,24,0,0,0,,,24,BTGOXD2,mg/L,reported_gmt_minus_4_unconverted
2016-02-03,24,24,0,0.0,missing,False,False,False,False,,,,,,,,,,0,24,0,0,0,,,24,BTGOXD2,mg/L,reported_gmt_minus_4_unconverted
2016-02-04,24,24,11,0.458333,weak,False,False,False,False,7.828818181818182,7.842,0.42127112841537545,6.914,8.378,7.497,7.6065000000000005,8.0835,8.355,11,13,0,0,0,13.0,23.0,13,BTGOXD2,mg/L,reported_gmt_minus_4_unconverted
2016-02-05,24,24,24,1.0,high,True,True,True,True,6.992333333333334,6.98,0.33626938821319335,6.458,7.545,6.5458,6.734999999999999,7.282,7.4405,24,0,0,0,0,0.0,23.0,0,BTGOXD2,mg/L,reported_gmt_minus_4_unconverted
2016-02-06,24,24,24,1.0,high,True,True,True,True,6.801875,6.712,0.5148716439877115,6.169,7.746,6.2161,6.3575,7.17125,7.5439,24,0,0,0,0,0.0,23.0,0,BTGOXD2,mg/L,reported_gmt_minus_4_unconverted
2016-02-07,24,24,24,1.0,high,True,True,True,True,6.910583333333332,6.8305,0.7279277267437467,5.768,7.978,5.9965,6.283250000000001,7.579000000000001,7.754,24,0,0,0,0,0.0,23.0,0,BTGOXD2,mg/L,reported_gmt_minus_4_unconverted
2016-02-08,24,24,24,1.0,high,True,True,True,True,7.636791666666666,7.5280000000000005,0.3787286488935761,7.174,8.464,7.2363,7.37725,7.85325,8.245,24,0,0,0,0,0.0,23.0,0,BTGOXD2,mg/L,reported_gmt_minus_4_unconverted
2016-02-09,24,24,24,1.0,high,True,True,True,True,7.456916666666667,7.554,0.48281069444106844,6.486,8.329,6.7537,7.1530000000000005,7.76675,7.9739,24,0,0,0,0,0.0,23.0,0,BTGOXD2,mg/L,reported_gmt_minus_4_unconverted
2016-02-10,24,24,24,1.0,high,True,True,True,True,7.733958333333334,7.695,0.4690188166399285,6.94,8.595,7.1041,7.47425,7.941,8.4887,24,0,0,0,0,0.0,23.0,0,BTGOXD2,mg/L,reported_gmt_minus_4_unconverted
2016-02-11,24,24,24,1.0,high,True,True,True,True,7.5449166666666665,7.504,0.37398394718707273,6.743,8.31,7.2492,7.343999999999999,7.7669999999999995,7.9708,24,0,0,0,0,0.0,23.0,0,BTGOXD2,mg/L,reported_gmt_minus_4_unconverted
2016-02-12,24,24,24,1.0,high,True,True,True,True,7.083541666666666,7.0425,0.41693508817755204,6.383,8.008,6.5817,6.826,7.3877500000000005,7.6452,24,0,0,0,0,0.0,23.0,0,BTGOXD2,mg/L,reported_gmt_minus_4_unconverted
2016-02-13,24,24,24,1.0,high,True,True,True,True,7.114958333333333,7.109,0.37544344553754233,6.191,7.884,6.7776,6.89625,7.3607499999999995,7.5541,24,0,0,0,0,0.0,23.0,0,BTGOXD2,mg/L,reported_gmt_minus_4_unconverted
2016-02-14,24,24,24,1.0,high,True,True,True,True,7.143583333333332,7.1035,0.24256687409000663,6.649,7.578,6.8822,7.022,7.2865,7.505699999999999,24,0,0,0,0,0.0,23.0,0,BTGOXD2,mg/L,reported_gmt_minus_4_unconverted
2016-02-15,24,24,24,1.0,high,True,True,True,True,7.178958333333334,7.309,0.5017590344210938,6.109,7.789,6.5914,6.857749999999999,7.60225,7.684,24,0,0,0,0,0.0,23.0,0,BTGOXD2,mg/L,reported_gmt_minus_4_unconverted
2016-02-16,24,24,24,1.0,high,True,True,True,True,7.467375,7.4715,0.20231031104845287,7.161,7.786,7.2169,7.282500000000001,7.639749999999999,7.7169,24,0,0,0,0,0.0,23.0,0,BTGOXD2,mg/L,reported_gmt_minus_4_unconverted
2016-02-17,24,24,24,1.0,high,True,True,True,True,7.342791666666667,7.294499999999999,0.415874247210324,6.399,8.269,6.963299999999999,7.037999999999999,7.5925,7.7735,24,0,0,0,0,0.0,23.0,0,BTGOXD2,mg/L,reported_gmt_minus_4_unconverted
2016-02-18,24,24,24,1.0,high,True,True,True,True,7.299541666666667,7.587,0.5142834592413754,6.454,7.96,6.5589,6.82625,7.7085,7.8079,24,0,0,0,0,0.0,23.0,0,BTGOXD2,mg/L,reported_gmt_minus_4_unconverted
2016-02-19,24,24,24,1.0,high,True,True,True,True,7.3373333333333335,7.3905,0.6252319685466775,6.203,8.585,6.5399,6.81525,7.66025,8.1322,24,0,0,0,0,0.0,23.0,0,BTGOXD2,mg/L,reported_gmt_minus_4_unconverted
2016-02-20,24,24,24,1.0,high,True,True,True,True,7.622916666666666,7.851,1.0585446086045676,6.024,8.714,6.2155,6.41075,8.568999999999999,8.6769,24,0,0,0,0,0.0,23.0,0,BTGOXD2,mg/L,reported_gmt_minus_4_unconverted
2016-02-21,24,24,24,1.0,high,True,True,True,True,8.074458333333334,8.122499999999999,0.24769212642462748,7.507,8.344,7.6933,8.013,8.2725,8.31,24,0,0,0,0,0.0,23.0,0,BTGOXD2,mg/L,reported_gmt_minus_4_unconverted
2016-02-22,24,24,24,1.0,high,True,True,True,True,8.040958333333334,8.124500000000001,0.19705075028633046,7.674,8.278,7.7132000000000005,7.9182500000000005,8.186,8.2279,24,0,0,0,0,0.0,23.0,0,BTGOXD2,mg/L,reported_gmt_minus_4_unconverted
2016-02-23,24,24,24,1.0,high,True,True,True,True,8.079333333333333,8.0805,0.132033153500128,7.597,8.254,7.9617,8.05575,8.154250000000001,8.2026,24,0,0,0,0,0.0,23.0,0,BTGOXD2,mg/L,reported_gmt_minus_4_unconverted
2016-02-24,24,24,24,1.0,high,True,True,True,True,7.799541666666666,7.7805,0.23132190617268042,7.248,8.169,7.5596,7.648,7.9517500000000005,8.110899999999999,24,0,0,0,0,0.0,23.0,0,BTGOXD2,mg/L,reported_gmt_minus_4_unconverted
2016-02-25,24,24,24,1.0,high,True,True,True,True,7.268875,7.3420000000000005,0.487898805660782,6.215,7.844,6.5286,6.969,7.7115,7.7511,24,0,0,0,0,0.0,23.0,0,BTGOXD2,mg/L,reported_gmt_minus_4_unconverted
2016-02-26,24,24,24,1.0,high,True,True,True,True,5.936875000000001,5.893,0.2445294171864915,5.489,6.708,5.735,5.7642500000000005,6.05825,6.187399999999999,24,0,0,0,0,0.0,23.0,0,BTGOXD2,mg/L,reported_gmt_minus_4_unconverted
2016-02-27,24,24,24,1.0,high,True,True,True,True,5.867166666666667,5.6145,0.42208217484139343,5.415,6.676,5.4691,5.55725,6.12575,6.5172,24,0,0,0,0,0.0,23.0,0,BTGOXD2,mg/L,reported_gmt_minus_4_unconverted
2016-02-28,24,24,24,1.0,high,True,True,True,True,6.921250000000001,7.0225,0.4077023903908766,6.073,7.485,6.3369,6.6427499999999995,7.19625,7.4212,24,0,0,0,0,0.0,23.0,0,BTGOXD2,mg/L,reported_gmt_minus_4_unconverted
2016-02-29,24,24,24,1.0,high,True,True,True,True,7.5527500000000005,7.4830000000000005,0.16104151503639486,7.348,7.811,7.3698999999999995,7.41475,7.724500000000001,7.7623999999999995,24,0,0,0,0,0.0,23.0,0,BTGOXD2,mg/L,reported_gmt_minus_4_unconverted
2016-03-01,24,24,24,1.0,high,True,True,True,True,7.513708333333333,7.5515,0.1414098204469569,7.117,7.702,7.3811,7.461,7.58125,7.6294,24,0,0,0,0,0.0,23.0,0,BTGOXD2,mg/L,reported_gmt_minus_4_unconverted
2016-03-02,24,24,24,1.0,high,True,True,True,True,7.486624999999999,7.4665,0.2651635774877217,6.987,7.986,7.1677,7.324249999999999,7.7225,7.8228,24,0,0,0,0,0.0,23.0,0,BTGOXD2,mg/L,reported_gmt_minus_4_unconverted
2016-03-03,24,24,24,1.0,high,True,True,True,True,7.597583333333334,7.586,0.35419742918403546,6.833,8.255,7.1499999999999995,7.3895,7.8035,8.1035,24,0,0,0,0,0.0,23.0,0,BTGOXD2,mg/L,reported_gmt_minus_4_unconverted
2016-03-04,24,24,24,1.0,high,True,True,True,True,7.447166666666667,7.4465,0.5706576424858745,6.684,8.517,6.7651,6.83575,7.843999999999999,8.2385,24,0,0,0,0,0.0,23.0,0,BTGOXD2,mg/L,reported_gmt_minus_4_unconverted
2016-03-05,24,24,24,1.0,high,True,True,True,True,7.328125,7.3845,0.7614417852937311,5.641,8.612,6.4452,6.80875,7.88075,8.259500000000001,24,0,0,0,0,0.0,23.0,0,BTGOXD2,mg/L,reported_gmt_minus_4_unconverted
2016-03-06,24,24,24,1.0,high,True,True,True,True,6.8309999999999995,6.59,0.6946938643873223,5.889,8.42,6.0823,6.27675,7.3229999999999995,7.7377,24,0,0,0,0,0.0,23.0,0,BTGOXD2,mg/L,reported_gmt_minus_4_unconverted
2016-03-07,24,24,24,1.0,high,True,True,True,True,6.892583333333332,7.043,0.7042779785102559,5.734,8.466,5.9632000000000005,6.34825,7.258,7.6335,24,0,0,0,0,0.0,23.0,0,BTGOXD2,mg/L,reported_gmt_minus_4_unconverted
2016-03-08,24,24,24,1.0,high,True,True,True,True,7.474375000000001,7.2105,1.0478443218465647,5.398,9.366,6.1786,6.92625,8.16225,8.8568,24,0,0,0,0,0.0,23.0,0,BTGOXD2,mg/L,reported_gmt_minus_4_unconverted
2016-03-09,24,24,24,1.0,high,True,True,True,True,8.884500000000001,8.9605,0.7527923670083848,7.392,9.92,7.8607,8.34725,9.5465,9.7402,24,0,0,0,0,0.0,23.0,0,BTGOXD2,mg/L,reported_gmt_minus_4_unconverted
2016-03-10,24,24,24,1.0,high,True,True,True,True,9.362333333333334,9.378499999999999,0.2500175066334124,8.705,9.749,9.0358,9.272499999999999,9.498750000000001,9.6767,24,0,0,0,0,0.0,23.0,0,BTGOXD2,mg/L,reported_gmt_minus_4_unconverted
2016-03-11,24,24,24,1.0,high,True,True,True,True,9.173333333333334,9.290500000000002,0.345353211335453,8.343,9.633,8.6439,8.95225,9.4065,9.528799999999999,24,0,0,0,0,0.0,23.0,0,BTGOXD2,mg/L,reported_gmt_minus_4_unconverted
2016-03-12,24,24,24,1.0,high,True,True,True,True,8.40825,8.57,0.5479526518739117,7.33,9.297,7.5289,8.003,8.681249999999999,8.9975,24,0,0,0,0,0.0,23.0,0,BTGOXD2,mg/L,reported_gmt_minus_4_unconverted
2016-03-13,24,24,24,1.0,high,True,True,True,True,7.722083333333333,7.791,0.46437961576304354,6.571,8.553,7.1178,7.5295,8.06775,8.1896,24,0,0,0,0,0.0,23.0,0,BTGOXD2,mg/L,reported_gmt_minus_4_unconverted
2016-03-14,24,24,24,1.0,high,True,True,True,True,7.8743333333333325,7.9065,0.703452644595502,6.362,9.09,7.0135,7.43975,8.3435,8.5944,24,0,0,0,0,0.0,23.0,0,BTGOXD2,mg/L,reported_gmt_minus_4_unconverted
2016-03-15,24,24,24,1.0,high,True,True,True,True,8.320124999999999,8.248000000000001,0.5494941794604102,7.439,9.467,7.718999999999999,7.898000000000001,8.641,8.9681,24,0,0,0,0,0.0,23.0,0,BTGOXD2,mg/L,reported_gmt_minus_4_unconverted
2016-03-16,24,24,24,1.0,high,True,True,True,True,8.378416666666666,8.273499999999999,0.454215895483794,7.432,9.071,7.7561,8.154499999999999,8.81025,8.875900000000001,24,0,0,0,0,0.0,23.0,0,BTGOXD2,mg/L,reported_gmt_minus_4_unconverted
2016-03-17,24,24,24,1.0,high,True,True,True,True,7.602458333333334,7.484,0.5294141946460764,6.524,8.579,7.1214,7.258,7.9662500000000005,8.3171,24,0,0,0,0,0.0,23.0,0,BTGOXD2,mg/L,reported_gmt_minus_4_unconverted
2016-03-18,24,24,24,1.0,high,True,True,True,True,6.507208333333334,6.443,0.47591842369726856,5.608,7.301,5.8911999999999995,6.19175,6.899249999999999,7.1327,24,0,0,0,0,0.0,23.0,0,BTGOXD2,mg/L,reported_gmt_minus_4_unconverted
2016-03-19,24,24,24,1.0,high,True,True,True,True,6.1129999999999995,6.1485,0.35858186864611424,5.426,6.912,5.6215,5.87125,6.348750000000001,6.4469,24,0,0,0,0,0.0,23.0,0,BTGOXD2,mg/L,reported_gmt_minus_4_unconverted
2016-03-20,24,24,24,1.0,high,True,True,True,True,6.103291666666666,5.749499999999999,0.7268277996625603,5.337,7.689,5.4092,5.65075,6.45725,7.2811,24,0,0,0,0,0.0,23.0,0,BTGOXD2,mg/L,reported_gmt_minus_4_unconverted
2016-03-21,24,24,24,1.0,high,True,True,True,True,5.9972916666666665,5.873,0.46002131133683144,5.398,7.181,5.5792,5.62375,6.1674999999999995,6.6972000000000005,24,0,0,0,0,0.0,23.0,0,BTGOXD2,mg/L,reported_gmt_minus_4_unconverted
2016-03-22,24,24,24,1.0,high,True,True,True,True,5.803375,5.5335,0.6555485464396442,4.795,7.2,5.2252,5.3580000000000005,6.31925,6.7010000000000005,24,0,0,0,0,0.0,23.0,0,BTGOXD2,mg/L,reported_gmt_minus_4_unconverted
2016-03-23,24,24,24,1.0,high,True,True,True,True,7.003833333333334,6.925,0.9917868664213079,5.235,9.026,5.7425999999999995,6.3065,7.638,8.2285,24,0,0,0,0,0.0,23.0,0,BTGOXD2,mg/L,reported_gmt_minus_4_unconverted
2016-03-24,24,24,24,1.0,high,True,True,True,True,7.165958333333333,6.929,1.374381235610084,5.082,9.53,5.5827,6.00225,8.574,9.056299999999998,24,0,0,0,0,0.0,23.0,0,BTGOXD2,mg/L,reported_gmt_minus_4_unconverted
2016-03-25,24,24,24,1.0,high,True,True,True,True,7.391666666666667,7.1530000000000005,1.1986702293961338,5.347,9.51,5.8986,6.558999999999999,8.355,9.2021,24,0,0,0,0,0.0,23.0,0,BTGOXD2,mg/L,reported_gmt_minus_4_unconverted
2016-03-26,24,24,24,1.0,high,True,True,True,True,8.304875000000001,8.3595,0.7110532489385637,6.946,9.569,7.473800000000001,7.680000000000001,8.8125,9.1682,24,0,0,0,0,0.0,23.0,0,BTGOXD2,mg/L,reported_gmt_minus_4_unconverted
2016-03-27,24,24,24,1.0,high,True,True,True,True,8.202166666666667,8.0205,0.8105260592686845,7.084,9.673,7.2873,7.6525,8.579749999999999,9.4672,24,0,0,0,0,0.0,23.0,0,BTGOXD2,mg/L,reported_gmt_minus_4_unconverted
2016-03-28,24,24,24,1.0,high,True,True,True,True,8.083083333333333,7.879,0.8555303931615688,7.036,9.533,7.1005,7.427,8.942,9.3324,24,0,0,0,0,0.0,23.0,0,BTGOXD2,mg/L,reported_gmt_minus_4_unconverted
2016-03-29,24,24,24,1.0,high,True,True,True,True,8.634833333333333,8.6325,0.6585031554951741,7.515,9.581,7.7911,8.15075,9.26375,9.4342,24,0,0,0,0,0.0,23.0,0,BTGOXD2,mg/L,reported_gmt_minus_4_unconverted
2016-03-30,24,24,24,1.0,high,True,True,True,True,8.731291666666667,8.8305,0.5978469688711366,7.474,9.908,8.0192,8.23075,9.056000000000001,9.4479,24,0,0,0,0,0.0,23.0,0,BTGOXD2,mg/L,reported_gmt_minus_4_unconverted
2016-03-31,24,24,24,1.0,high,True,True,True,True,8.301,8.1325,0.8998773346358405,6.563,9.675,7.045599999999999,7.8252500000000005,9.10925,9.3587,24,0,0,0,0,0.0,23.0,0,BTGOXD2,mg/L,reported_gmt_minus_4_unconverted
2016-04-01,24,24,24,1.0,high,True,True,True,True,8.564,8.8575,0.9142841818698338,6.199,9.391,7.0933,8.179,9.194,9.2848,24,0,0,0,0,0.0,23.0,0,BTGOXD2,mg/L,reported_gmt_minus_4_unconverted
2016-04-02,24,24,24,1.0,high,True,True,True,True,9.034958333333334,9.1425,0.43440288644715885,7.74,9.548,8.5493,8.98825,9.2925,9.3126,24,0,0,0,0,0.0,23.0,0,BTGOXD2,mg/L,reported_gmt_minus_4_unconverted
2016-04-03,24,24,24,1.0,high,True,True,True,True,7.137791666666668,7.1385000000000005,0.7173683172096686,5.816,8.426,6.1865,6.73325,7.6295,8.0833,24,0,0,0,0,0.0,23.0,0,BTGOXD2,mg/L,reported_gmt_minus_4_unconverted
2016-04-04,24,24,24,1.0,high,True,True,True,True,6.198,6.2155000000000005,0.49017512398520696,5.184,6.95,5.431400000000001,5.9585,6.5625,6.7774,24,0,0,0,0,0.0,23.0,0,BTGOXD2,mg/L,reported_gmt_minus_4_unconverted
2016-04-05,24,24,24,1.0,high,True,True,True,True,5.914999999999999,5.9815000000000005,0.3069628217114305,5.09,6.362,5.5102,5.75775,6.128,6.2616000000000005,24,0,0,0,0,0.0,23.0,0,BTGOXD2,mg/L,reported_gmt_minus_4_unconverted
2016-04-06,24,24,24,1.0,high,True,True,True,True,6.576458333333332,6.592499999999999,0.7467482539049856,5.096,8.084,5.6402,6.06925,7.08925,7.439,24,0,0,0,0,0.0,23.0,0,BTGOXD2,mg/L,reported_gmt_minus_4_unconverted
2016-04-07,24,24,24,1.0,high,True,True,True,True,7.234375,7.112,0.3995875931072152,6.601,7.934,6.7433,6.9675,7.64225,7.6846,24,0,0,0,0,0.0,23.0,0,BTGOXD2,mg/L,reported_gmt_minus_4_unconverted
2016-04-08,24,24,24,1.0,high,True,True,True,True,7.303958333333333,7.3134999999999994,0.5175575144823051,6.352,8.164,6.6823,6.92875,7.77275,8.0027,24,0,0,0,0,0.0,23.0,0,BTGOXD2,mg/L,reported_gmt_minus_4_unconverted
2016-04-09,24,24,24,1.0,high,True,True,True,True,7.230833333333334,7.0395,0.9159188148314886,6.006,9.17,6.2405,6.61625,7.784,8.6487,24,0,0,0,0,0.0,23.0,0,BTGOXD2,mg/L,reported_gmt_minus_4_unconverted
2016-04-10,24,24,24,1.0,high,True,True,True,True,7.0674166666666665,6.7455,1.0957345726147316,5.334,9.299,5.9988,6.434,7.6785,8.870000000000001,24,0,0,0,0,0.0,23.0,0,BTGOXD2,mg/L,reported_gmt_minus_4_unconverted
2016-04-11,24,24,24,1.0,high,True,True,True,True,7.760249999999999,7.7315000000000005,0.4793586521502501,6.699,8.68,7.2551000000000005,7.551,8.02375,8.2881,24,0,0,0,0,0.0,23.0,0,BTGOXD2,mg/L,reported_gmt_minus_4_unconverted
2016-04-12,24,24,24,1.0,high,True,True,True,True,8.112583333333333,8.2335,0.3387243225200497,7.006,8.487,7.916300000000001,8.00925,8.3125,8.415899999999999,24,0,0,0,0,0.0,23.0,0,BTGOXD2,mg/L,reported_gmt_minus_4_unconverted
2016-04-13,24,24,24,1.0,high,True,True,True,True,7.9318333333333335,8.063,0.5453322614354654,5.947,8.452,7.4485,7.7675,8.23175,8.3905,24,0,0,0,0,0.0,23.0,0,BTGOXD2,mg/L,reported_gmt_minus_4_unconverted
2016-04-14,24,24,24,1.0,high,True,True,True,True,7.90175,7.987,0.8663278950484802,6.031,9.759,6.9906,7.36575,8.2145,9.0861,24,0,0,0,0,0.0,23.0,0,BTGOXD2,mg/L,reported_gmt_minus_4_unconverted
2016-04-15,24,24,24,1.0,high,True,True,True,True,8.2965,8.458,0.626968968096924,6.945,9.258,7.369400000000001,7.93375,8.786000000000001,8.9221,24,0,0,0,0,0.0,23.0,0,BTGOXD2,mg/L,reported_gmt_minus_4_unconverted
2016-04-16,24,24,24,1.0,high,True,True,True,True,8.515666666666666,8.666,0.5341351129073801,7.431,9.152,7.7495,8.102,8.944749999999999,9.0807,24,0,0,0,0,0.0,23.0,0,BTGOXD2,mg/L,reported_gmt_minus_4_unconverted
2016-04-17,24,24,24,1.0,high,True,True,True,True,7.333125,7.754,1.1914479065953472,5.349,8.961,5.5482,6.0655,8.109,8.7773,24,0,0,0,0,0.0,23.0,0,BTGOXD2,mg/L,reported_gmt_minus_4_unconverted
2016-04-18,24,24,24,1.0,high,True,True,True,True,5.3094166666666665,5.191,0.7696674559532989,4.285,7.272,4.3457,4.7895,5.776,6.342599999999999,24,0,0,0,0,0.0,23.0,0,BTGOXD2,mg/L,reported_gmt_minus_4_unconverted
2016-04-19,24,24,24,1.0,high,True,True,True,True,4.515291666666666,4.324,0.5869980726704651,3.578,5.89,3.9518999999999997,4.080500000000001,4.86975,5.3739,24,0,0,0,0,0.0,23.0,0,BTGOXD2,mg/L,reported_gmt_minus_4_unconverted
2016-04-20,24,24,24,1.0,high,True,True,True,True,4.44775,4.5794999999999995,0.5348875745344103,3.354,5.372,3.7982,3.98425,4.82275,5.0689,24,0,0,0,0,0.0,23.0,0,BTGOXD2,mg/L,reported_gmt_minus_4_unconverted
2016-04-21,24,24,24,1.0,high,True,True,True,True,4.816833333333334,4.631,0.8958848269662824,3.54,6.779,3.9688,4.17,5.24,6.1614,24,0,0,0,0,0.0,23.0,0,BTGOXD2,mg/L,reported_gmt_minus_4_unconverted
2016-04-22,24,24,24,1.0,high,True,True,True,True,6.036499999999999,6.136,0.5132030702405703,5.024,6.837,5.2878,5.64375,6.4075,6.519299999999999,24,0,0,0,0,0.0,23.0,0,BTGOXD2,mg/L,reported_gmt_minus_4_unconverted
2016-04-23,24,24,24,1.0,high,True,True,True,True,6.554583333333333,6.475,0.8612147092115409,5.33,8.512,5.717899999999999,5.86725,7.08,7.729299999999999,24,0,0,0,0,0.0,23.0,0,BTGOXD2,mg/L,reported_gmt_minus_4_unconverted
2016-04-24,24,24,24,1.0,high,True,True,True,True,5.862666666666667,5.679,0.7868959749308158,4.798,7.372,4.985,5.2065,6.617,6.841600000000001,24,0,0,0,0,0.0,23.0,0,BTGOXD2,mg/L,reported_gmt_minus_4_unconverted
2016-04-25,24,24,24,1.0,high,True,True,True,True,4.767125,4.3165,1.2408615629788284,2.984,7.2,3.4041,4.074,5.286,6.9737,24,0,0,0,0,0.0,23.0,0,BTGOXD2,mg/L,reported_gmt_minus_4_unconverted
2016-04-26,24,24,24,1.0,high,True,True,True,True,4.868041666666667,4.5735,1.04780733705186,3.059,6.866,3.9050000000000002,4.2165,5.334,6.592099999999999,24,0,0,0,0,0.0,23.0,0,BTGOXD2,mg/L,reported_gmt_minus_4_unconverted
2016-04-27,24,24,24,1.0,high,True,True,True,True,5.5955,5.582000000000001,1.104043162357263,3.5,7.576,4.2804,4.82525,6.281,6.9859,24,0,0,0,0,0.0,23.0,0,BTGOXD2,mg/L,reported_gmt_minus_4_unconverted
2016-04-28,24,24,24,1.0,high,True,True,True,True,5.9022499999999996,5.813000000000001,0.800142174866442,4.317,7.167,5.0399,5.38625,6.6535,6.8925,24,0,0,0,0,0.0,23.0,0,BTGOXD2,mg/L,reported_gmt_minus_4_unconverted
2016-04-29,24,24,21,0.875,standard,True,True,True,False,6.157142857142857,6.119,0.7199611993513461,4.343,7.385,5.467,5.703,6.639,6.909,21,3,0,0,0,0.0,23.0,3,BTGOXD2,mg/L,reported_gmt_minus_4_unconverted
2016-04-30,24,24,24,1.0,high,True,True,True,True,6.6513333333333335,6.7575,0.4893440744388408,5.515,7.187,5.9317,6.4815000000000005,7.013,7.1041,24,0,0,0,0,0.0,23.0,0,BTGOXD2,mg/L,reported_gmt_minus_4_unconverted
2016-05-01,24,24,24,1.0,high,True,True,True,True,6.905708333333334,6.9145,0.08726046924440425,6.668,7.027,6.8202,6.84625,6.9745,7.0012,24,0,0,0,0,0.0,23.0,0,BTGOXD2,mg/L,reported_gmt_minus_4_unconverted
2016-05-02,24,24,24,1.0,high,True,True,True,True,6.839291666666665,6.875500000000001,0.17947519609821505,6.314,7.095,6.6187000000000005,6.7627500000000005,6.957000000000001,7.0461,24,0,0,0,0,0.0,23.0,0,BTGOXD2,mg/L,reported_gmt_minus_4_unconverted
2016-05-03,24,24,24,1.0,high,True,True,True,True,6.587833333333333,6.5649999999999995,0.48321636765636833,5.704,7.387,5.9664,6.296250000000001,6.95675,7.2657,24,0,0,0,0,0.0,23.0,0,BTGOXD2,mg/L,reported_gmt_minus_4_unconverted
2016-05-04,24,24,24,1.0,high,True,True,True,True,6.569375,6.6955,0.5887875391890931,5.367,7.469,5.8133,6.104,7.00375,7.2711,24,0,0,0,0,0.0,23.0,0,BTGOXD2,mg/L,reported_gmt_minus_4_unconverted
2016-05-05,24,24,24,1.0,high,True,True,True,True,6.6777500000000005,6.775499999999999,0.39974766497401065,5.974,7.253,6.1013,6.42675,6.9855,7.1686000000000005,24,0,0,0,0,0.0,23.0,0,BTGOXD2,mg/L,reported_gmt_minus_4_unconverted
2016-05-06,24,24,24,1.0,high,True,True,True,True,6.6825,6.7235,0.38668344541306876,5.665,7.137,6.2691,6.411250000000001,7.03825,7.0831,24,0,0,0,0,0.0,23.0,0,BTGOXD2,mg/L,reported_gmt_minus_4_unconverted
2016-05-07,24,24,24,1.0,high,True,True,True,True,6.425750000000001,6.717499999999999,0.6751949315954422,5.022,7.088,5.288,5.9995,6.95375,7.056,24,0,0,0,0,0.0,23.0,0,BTGOXD2,mg/L,reported_gmt_minus_4_unconverted
2016-05-08,24,24,24,1.0,high,True,True,True,True,6.232500000000001,6.434,0.7099435372527567,4.822,7.145,5.2857,5.5425,6.7675,7.0897,24,0,0,0,0,0.0,23.0,0,BTGOXD2,mg/L,reported_gmt_minus_4_unconverted
2016-05-09,24,24,24,1.0,high,True,True,True,True,6.366791666666667,6.5065,0.7368889940097855,4.782,7.328,5.5268,5.87875,6.93075,7.2382,24,0,0,0,0,0.0,23.0,0,BTGOXD2,mg/L,reported_gmt_minus_4_unconverted
2016-05-10,24,24,24,1.0,high,True,True,True,True,6.601708333333332,6.7195,0.4455227978519136,5.349,7.066,6.2022,6.4830000000000005,6.90725,6.9919,24,0,0,0,0,0.0,23.0,0,BTGOXD2,mg/L,reported_gmt_minus_4_unconverted
2016-05-11,24,24,24,1.0,high,True,True,True,True,6.794125000000001,6.8855,0.20667119706348094,6.374,7.012,6.4385,6.7275,6.952249999999999,6.981,24,0,0,0,0,0.0,23.0,0,BTGOXD2,mg/L,reported_gmt_minus_4_unconverted
2016-05-12,24,24,24,1.0,high,True,True,True,True,6.681875000000001,6.7330000000000005,0.3396378266048551,5.784,7.065,6.1219,6.60375,6.936249999999999,6.9933,24,0,0,0,0,0.0,23.0,0,BTGOXD2,mg/L,reported_gmt_minus_4_unconverted
2016-05-13,24,24,24,1.0,high,True,True,True,True,6.645083333333333,6.7620000000000005,0.3204339335917803,5.693,7.025,6.1998999999999995,6.538,6.81325,6.926,24,0,0,0,0,0.0,23.0,0,BTGOXD2,mg/L,reported_gmt_minus_4_unconverted
2016-05-14,24,24,24,1.0,high,True,True,True,True,6.7327916666666665,6.8155,0.20273520514650897,6.107,6.92,6.4422,6.6137500000000005,6.862,6.8976,24,0,0,0,0,0.0,23.0,0,BTGOXD2,mg/L,reported_gmt_minus_4_unconverted
2016-05-15,24,24,24,1.0,high,True,True,True,True,6.942833333333333,6.9565,0.08079855071163997,6.672,7.032,6.8843,6.94425,6.9887500000000005,7.0042,24,0,0,0,0,0.0,23.0,0,BTGOXD2,mg/L,reported_gmt_minus_4_unconverted
2016-05-16,24,24,24,1.0,high,True,True,True,True,6.829000000000001,6.9135,0.24222303771524298,6.053,7.047,6.5241,6.7645,6.99275,7.0358,24,0,0,0,0,0.0,23.0,0,BTGOXD2,mg/L,reported_gmt_minus_4_unconverted
2016-05-17,24,24,24,1.0,high,True,True,True,True,6.722166666666666,6.7325,0.3215402695270627,6.033,7.199,6.2827,6.5649999999999995,6.94875,7.130999999999999,24,0,0,0,0,0.0,23.0,0,BTGOXD2,mg/L,reported_gmt_minus_4_unconverted
2016-05-18,24,24,24,1.0,high,True,True,True,True,7.007958333333334,7.0305,0.2625373644905106,6.209,7.371,6.7175,6.9445,7.1232500000000005,7.319999999999999,24,0,0,0,0,0.0,23.0,0,BTGOXD2,mg/L,reported_gmt_minus_4_unconverted
2016-05-19,24,24,24,1.0,high,True,True,True,True,7.158791666666667,7.2405,0.23481463163926572,6.453,7.435,6.9319999999999995,7.0497499999999995,7.337,7.3676,24,0,0,0,0,0.0,23.0,0,BTGOXD2,mg/L,reported_gmt_minus_4_unconverted
2016-05-20,24,24,24,1.0,high,True,True,True,True,7.167583333333333,7.2145,0.2034260717476171,6.739,7.44,6.8542000000000005,7.0725,7.3305,7.3748,24,0,0,0,0,0.0,23.0,0,BTGOXD2,mg/L,reported_gmt_minus_4_unconverted
2016-05-21,24,24,24,1.0,high,True,True,True,True,7.0640833333333335,7.209,0.3888644467819275,6.133,7.544,6.4664,6.922000000000001,7.3395,7.4334999999999996,24,0,0,0,0,0.0,23.0,0,BTGOXD2,mg/L,reported_gmt_minus_4_unconverted
2016-05-22,24,24,24,1.0,high,True,True,True,True,6.8395,6.7605,0.41377130839652715,5.861,7.488,6.4352,6.604,7.196,7.3456,24,0,0,0,0,0.0,23.0,0,BTGOXD2,mg/L,reported_gmt_minus_4_unconverted
2016-05-23,24,24,24,1.0,high,True,True,True,True,6.457249999999999,6.3815,0.4502190046787375,5.771,7.191,5.923,6.022,6.8625,7.021199999999999,24,0,0,0,0,0.0,23.0,0,BTGOXD2,mg/L,reported_gmt_minus_4_unconverted
2016-05-24,24,24,24,1.0,high,True,True,True,True,6.260666666666666,6.1075,0.47152045155208705,5.377,7.152,5.7697,5.91,6.6235,6.9485,24,0,0,0,0,0.0,23.0,0,BTGOXD2,mg/L,reported_gmt_minus_4_unconverted
2016-05-25,24,24,24,1.0,high,True,True,True,True,6.65625,6.8505,0.47071224940416667,5.688,7.34,6.0678,6.32175,7.01225,7.0935,24,0,0,0,0,0.0,23.0,0,BTGOXD2,mg/L,reported_gmt_minus_4_unconverted
2016-05-26,24,24,24,1.0,high,True,True,True,True,6.701791666666666,6.7235,0.288273568615506,6.072,7.104,6.3242,6.50475,6.93225,7.0272,24,0,0,0,0,0.0,23.0,0,BTGOXD2,mg/L,reported_gmt_minus_4_unconverted
2016-05-27,24,24,24,1.0,high,True,True,True,True,6.149375,6.359500000000001,0.6747175777928189,4.636,7.079,5.2344,5.79925,6.65225,6.9062,24,0,0,0,0,0.0,23.0,0,BTGOXD2,mg/L,reported_gmt_minus_4_unconverted
2016-05-28,24,24,24,1.0,high,True,True,True,True,6.137625,6.359,0.6272920970329533,4.629,6.907,5.405,5.779249999999999,6.5955,6.742,24,0,0,0,0,0.0,23.0,0,BTGOXD2,mg/L,reported_gmt_minus_4_unconverted
2016-05-29,24,24,24,1.0,high,True,True,True,True,6.162708333333334,6.1045,0.3922050793594625,5.609,7.08,5.7609,5.861,6.3397499999999996,6.7077,24,0,0,0,0,0.0,23.0,0,BTGOXD2,mg/L,reported_gmt_minus_4_unconverted
2016-05-30,24,24,24,1.0,high,True,True,True,True,5.750666666666667,5.654999999999999,0.6472903163366407,4.652,6.964,5.1124,5.316000000000001,6.22875,6.6338,24,0,0,0,0,0.0,23.0,0,BTGOXD2,mg/L,reported_gmt_minus_4_unconverted
2016-05-31,24,24,24,1.0,high,True,True,True,True,5.363791666666667,5.423,0.5506703408350248,4.447,6.283,4.589,5.0447500000000005,5.696,6.1244,24,0,0,0,0,0.0,23.0,0,BTGOXD2,mg/L,reported_gmt_minus_4_unconverted
2016-06-01,24,24,24,1.0,high,True,True,True,True,5.3429166666666665,5.393,0.5274905246762148,4.229,6.209,4.6494,5.0545,5.74075,6.0232,24,0,0,0,0,0.0,23.0,0,BTGOXD2,mg/L,reported_gmt_minus_4_unconverted
2016-06-02,24,24,24,1.0,high,True,True,True,True,5.164791666666667,5.09,0.6093899286540003,4.082,6.254,4.359,4.7515,5.5335,6.027,24,0,0,0,0,0.0,23.0,0,BTGOXD2,mg/L,reported_gmt_minus_4_unconverted
2016-06-03,24,24,24,1.0,high,True,True,True,True,5.627375,5.3475,0.7340374834938016,4.41,6.643,4.8242,5.0915,6.3635,6.5499,24,0,0,0,0,0.0,23.0,0,BTGOXD2,mg/L,reported_gmt_minus_4_unconverted
2016-06-04,24,24,24,1.0,high,True,True,True,True,6.33725,6.364000000000001,0.16570173571025534,6.058,6.67,6.0935999999999995,6.215249999999999,6.463,6.5047999999999995,24,0,0,0,0,0.0,23.0,0,BTGOXD2,mg/L,reported_gmt_minus_4_unconverted
2016-06-05,24,24,24,1.0,high,True,True,True,True,6.3196666666666665,6.3375,0.1581467856047079,5.835,6.548,6.1814,6.2495,6.4479999999999995,6.4758000000000004,24,0,0,0,0,0.0,23.0,0,BTGOXD2,mg/L,reported_gmt_minus_4_unconverted
2016-06-06,24,24,24,1.0,high,True,True,True,True,6.196000000000001,6.302,0.3725660723427047,5.131,6.533,5.7982,6.1274999999999995,6.430499999999999,6.4596,24,0,0,0,0,0.0,23.0,0,BTGOXD2,mg/L,reported_gmt_minus_4_unconverted
2016-06-07,24,24,24,1.0,high,True,True,True,True,6.080208333333334,6.1105,0.36539888617029576,5.144,6.635,5.6623,5.8545,6.359999999999999,6.4708000000000006,24,0,0,0,0,0.0,23.0,0,BTGOXD2,mg/L,reported_gmt_minus_4_unconverted
2016-06-08,24,24,24,1.0,high,True,True,True,True,5.483416666666667,5.8580000000000005,0.7653844681321742,4.132,6.481,4.3621,4.75625,6.06725,6.2641,24,0,0,0,0,0.0,23.0,0,BTGOXD2,mg/L,reported_gmt_minus_4_unconverted
2016-06-09,24,24,24,1.0,high,True,True,True,True,5.372208333333333,5.521,0.601369594752473,4.165,6.228,4.6399,4.81125,5.868,6.0789,24,0,0,0,0,0.0,23.0,0,BTGOXD2,mg/L,reported_gmt_minus_4_unconverted
2016-06-10,24,24,24,1.0,high,True,True,True,True,5.252625,5.3095,0.6903304698538922,4.084,6.183,4.3212,4.6770000000000005,5.87875,5.9854,24,0,0,0,0,0.0,23.0,0,BTGOXD2,mg/L,reported_gmt_minus_4_unconverted
2016-06-11,24,24,24,1.0,high,True,True,True,True,5.08475,5.052,0.4891930578269554,3.914,5.804,4.5591,4.69675,5.53425,5.6605,24,0,0,0,0,0.0,23.0,0,BTGOXD2,mg/L,reported_gmt_minus_4_unconverted
2016-06-12,24,24,24,1.0,high,True,True,True,True,5.012041666666666,5.0895,0.6761684559317311,3.945,5.79,4.1232,4.3557500000000005,5.66375,5.7295,24,0,0,0,0,0.0,23.0,0,BTGOXD2,mg/L,reported_gmt_minus_4_unconverted
2016-06-13,24,24,24,1.0,high,True,True,True,True,5.109208333333333,5.1370000000000005,0.6422917513409149,4.114,5.998,4.1748,4.579000000000001,5.66325,5.9380999999999995,24,0,0,0,0,0.0,23.0,0,BTGOXD2,mg/L,reported_gmt_minus_4_unconverted
2016-06-14,24,24,24,1.0,high,True,True,True,True,5.5603333333333325,5.66,0.3557540267322802,4.891,6.192,5.1193,5.14825,5.82625,5.9229,24,0,0,0,0,0.0,23.0,0,BTGOXD2,mg/L,reported_gmt_minus_4_unconverted
2016-06-15,24,24,24,1.0,high,True,True,True,True,5.8494166666666665,5.9075,0.3134574260900745,5.234,6.267,5.2985,5.7612499999999995,6.011,6.2185,24,0,0,0,0,0.0,23.0,0,BTGOXD2,mg/L,reported_gmt_minus_4_unconverted
2016-06-16,24,24,14,0.583333,partial,True,False,False,False,5.947499999999999,6.054,0.29007764212627346,5.323,6.314,5.496700000000001,5.8815,6.09825,6.1921,14,10,0,0,0,0.0,13.0,10,BTGOXD2,mg/L,reported_gmt_minus_4_unconverted
2016-06-17,24,24,0,0.0,missing,False,False,False,False,,,,,,,,,,0,24,0,0,0,,,24,BTGOXD2,mg/L,reported_gmt_minus_4_unconverted
2016-06-18,24,24,0,0.0,missing,False,False,False,False,,,,,,,,,,0,24,0,0,0,,,24,BTGOXD2,mg/L,reported_gmt_minus_4_unconverted
2016-06-19,24,24,0,0.0,missing,False,False,False,False,,,,,,,,,,0,24,0,0,0,,,24,BTGOXD2,mg/L,reported_gmt_minus_4_unconverted
2016-06-20,24,24,0,0.0,missing,False,False,False,False,,,,,,,,,,0,24,0,0,0,,,24,BTGOXD2,mg/L,reported_gmt_minus_4_unconverted
2016-06-21,24,24,5,0.208333,weak,False,False,False,False,5.8788,5.762,0.21020156992753425,5.71,6.176,5.7144,5.721,6.025,6.115600000000001,5,19,0,0,0,0.0,4.0,19,BTGOXD2,mg/L,reported_gmt_minus_4_unconverted
2016-06-22,24,24,24,1.0,high,True,True,True,True,5.353541666666666,5.4595,0.7302418288643758,3.759,6.618,4.3823,4.817,5.82575,6.1137,24,0,0,0,0,0.0,23.0,0,BTGOXD2,mg/L,reported_gmt_minus_4_unconverted
2016-06-23,24,24,24,1.0,high,True,True,True,True,5.9630833333333335,5.958,0.3835506787745341,4.696,6.528,5.6401,5.77675,6.23875,6.345400000000001,24,0,0,0,0,0.0,23.0,0,BTGOXD2,mg/L,reported_gmt_minus_4_unconverted
2016-06-24,24,24,24,1.0,high,True,True,True,True,5.725041666666666,5.9510000000000005,0.5091369064335777,4.089,6.104,5.121499999999999,5.6209999999999996,6.029,6.0894,24,0,0,0,0,0.0,23.0,0,BTGOXD2,mg/L,reported_gmt_minus_4_unconverted
2016-06-25,24,24,24,1.0,high,True,True,True,True,5.412708333333334,5.6825,0.6944337999667296,3.593,5.968,4.422,5.1434999999999995,5.89775,5.9341,24,0,0,0,0,0.0,23.0,0,BTGOXD2,mg/L,reported_gmt_minus_4_unconverted
2016-06-26,24,24,24,1.0,high,True,True,True,True,5.373375,5.5375,0.9483850260356791,3.794,6.69,4.1281,4.5105,6.163,6.6073,24,0,0,0,0,0.0,23.0,0,BTGOXD2,mg/L,reported_gmt_minus_4_unconverted
2016-06-27,24,24,24,1.0,high,True,True,True,True,5.852916666666668,6.0465,0.6207882728516583,4.425,6.586,5.0248,5.4485,6.308,6.4849000000000006,24,0,0,0,0,0.0,23.0,0,BTGOXD2,mg/L,reported_gmt_minus_4_unconverted
2016-06-28,24,24,24,1.0,high,True,True,True,True,6.103750000000001,6.135,0.4960755771662919,4.42,6.61,5.5236,5.97775,6.53575,6.570600000000001,24,0,0,0,0,0.0,23.0,0,BTGOXD2,mg/L,reported_gmt_minus_4_unconverted
2016-06-29,24,24,24,1.0,high,True,True,True,True,6.21925,6.2844999999999995,0.2971906502713294,5.501,6.562,5.7404,6.143,6.4095,6.4925,24,0,0,0,0,0.0,23.0,0,BTGOXD2,mg/L,reported_gmt_minus_4_unconverted
2016-06-30,24,24,24,1.0,high,True,True,True,True,6.032666666666667,6.2715,0.6665975688828903,4.406,6.684,4.9564,5.7705,6.57775,6.6709000000000005,24,0,0,0,0,0.0,23.0,0,BTGOXD2,mg/L,reported_gmt_minus_4_unconverted
2016-07-01,24,24,24,1.0,high,True,True,True,True,6.0930833333333325,6.146,0.4213050032898986,4.879,6.719,5.619300000000001,5.91325,6.34525,6.578399999999999,24,0,0,0,0,0.0,23.0,0,BTGOXD2,mg/L,reported_gmt_minus_4_unconverted
2016-07-02,24,24,24,1.0,high,True,True,True,True,6.554083333333334,6.638999999999999,0.23601288039033996,5.95,6.807,6.260400000000001,6.44925,6.72575,6.7551000000000005,24,0,0,0,0,0.0,23.0,0,BTGOXD2,mg/L,reported_gmt_minus_4_unconverted
2016-07-03,24,24,24,1.0,high,True,True,True,True,6.8274583333333325,6.8065,0.0631740034361043,6.727,6.96,6.7728,6.7865,6.85825,6.9171000000000005,24,0,0,0,0,0.0,23.0,0,BTGOXD2,mg/L,reported_gmt_minus_4_unconverted
2016-07-04,24,24,24,1.0,high,True,True,True,True,6.651625,6.7595,0.2708756834224238,5.865,6.919,6.2466,6.60625,6.8205,6.8706,24,0,0,0,0,0.0,23.0,0,BTGOXD2,mg/L,reported_gmt_minus_4_unconverted
2016-07-05,24,24,24,1.0,high,True,True,True,True,6.3274583333333325,6.5575,0.6064593594876287,4.595,7.015,5.495,5.95925,6.71175,6.933,24,0,0,0,0,0.0,23.0,0,BTGOXD2,mg/L,reported_gmt_minus_4_unconverted
2016-07-06,24,24,24,1.0,high,True,True,True,True,5.970666666666666,6.2780000000000005,0.6050587227459947,4.364,6.566,5.266,5.546250000000001,6.3545,6.424300000000001,24,0,0,0,0,0.0,23.0,0,BTGOXD2,mg/L,reported_gmt_minus_4_unconverted
2016-07-07,24,24,24,1.0,high,True,True,True,True,6.244250000000001,6.391500000000001,0.4140472825341485,4.75,6.529,5.9234,6.27225,6.4515,6.4834,24,0,0,0,0,0.0,23.0,0,BTGOXD2,mg/L,reported_gmt_minus_4_unconverted
2016-07-08,24,24,24,1.0,high,True,True,True,True,6.557083333333334,6.468999999999999,0.21317841408520724,6.279,6.905,6.3289,6.364,6.77975,6.8041,24,0,0,0,0,0.0,23.0,0,BTGOXD2,mg/L,reported_gmt_minus_4_unconverted
2016-07-09,24,24,24,1.0,high,True,True,True,True,6.832208333333334,6.8985,0.202276818325492,6.402,7.097,6.5584999999999996,6.66725,6.99425,7.067699999999999,24,0,0,0,0,0.0,23.0,0,BTGOXD2,mg/L,reported_gmt_minus_4_unconverted
2016-07-10,24,24,24,1.0,high,True,True,True,True,6.946000000000001,6.929,0.12964667704791055,6.75,7.17,6.7823,6.84625,7.02425,7.149,24,0,0,0,0,0.0,23.0,0,BTGOXD2,mg/L,reported_gmt_minus_4_unconverted
2016-07-11,24,24,24,1.0,high,True,True,True,True,7.2649583333333325,7.2595,0.11217628950690166,7.067,7.439,7.1211,7.18175,7.36025,7.3948,24,0,0,0,0,0.0,23.0,0,BTGOXD2,mg/L,reported_gmt_minus_4_unconverted
2016-07-12,24,24,24,1.0,high,True,True,True,True,7.103041666666666,7.284000000000001,0.43862586604339565,6.157,7.65,6.4122,6.70275,7.381,7.5613,24,0,0,0,0,0.0,23.0,0,BTGOXD2,mg/L,reported_gmt_minus_4_unconverted
2016-07-13,24,24,24,1.0,high,True,True,True,True,7.670041666666667,7.6645,0.1170022218914506,7.46,7.83,7.5286,7.571,7.79075,7.8119000000000005,24,0,0,0,0,0.0,23.0,0,BTGOXD2,mg/L,reported_gmt_minus_4_unconverted
2016-07-14,24,24,24,1.0,high,True,True,True,True,7.512291666666667,7.4955,0.3049212983515677,6.745,7.919,7.0972,7.3732500000000005,7.76625,7.8488,24,0,0,0,0,0.0,23.0,0,BTGOXD2,mg/L,reported_gmt_minus_4_unconverted
2016-07-15,24,24,24,1.0,high,True,True,True,True,6.811833333333333,6.9375,0.8367844076747225,5.3,7.762,5.7698,6.06275,7.63025,7.7213,24,0,0,0,0,0.0,23.0,0,BTGOXD2,mg/L,reported_gmt_minus_4_unconverted
2016-07-16,24,24,24,1.0,high,True,True,True,True,7.558791666666667,7.574,0.6488145028110662,6.023,8.358,6.9044,7.1805,8.203,8.327,24,0,0,0,0,0.0,23.0,0,BTGOXD2,mg/L,reported_gmt_minus_4_unconverted
2016-07-17,24,24,24,1.0,high,True,True,True,True,8.193875,8.2825,0.2892069084056693,7.562,8.653,7.7958,8.04625,8.3615,8.4915,24,0,0,0,0,0.0,23.0,0,BTGOXD2,mg/L,reported_gmt_minus_4_unconverted
2016-07-18,24,24,24,1.0,high,True,True,True,True,7.691208333333333,7.7155000000000005,0.12178133617504668,7.444,7.915,7.5518,7.598,7.77975,7.827,24,0,0,0,0,0.0,23.0,0,BTGOXD2,mg/L,reported_gmt_minus_4_unconverted
2016-07-19,24,24,2,0.083333,weak,False,False,False,False,7.73,7.73,0.09050966799187754,7.666,7.794,7.678800000000001,7.698,7.762,7.7812,2,22,0,0,0,0.0,1.0,22,BTGOXD2,mg/L,reported_gmt_minus_4_unconverted
2016-07-20,24,24,1,0.041667,weak,False,False,False,False,8.635,8.635,,8.635,8.635,8.635,8.635,8.635,8.635,1,23,0,0,0,0.0,0.0,23,BTGOXD2,mg/L,reported_gmt_minus_4_unconverted
2016-07-21,24,24,1,0.041667,weak,False,False,False,False,8.257,8.257,,8.257,8.257,8.257,8.257,8.257,8.257,1,23,0,0,0,0.0,0.0,23,BTGOXD2,mg/L,reported_gmt_minus_4_unconverted
2016-07-22,24,24,24,1.0,high,True,True,True,True,7.9338750000000005,8.066500000000001,0.40967455933364655,6.946,8.522,7.4195,7.8475,8.156,8.3202,24,0,0,0,0,0.0,23.0,0,BTGOXD2,mg/L,reported_gmt_minus_4_unconverted
2016-07-23,24,24,24,1.0,high,True,True,True,True,8.172958333333334,8.192,0.3578251308605398,7.422,8.687,7.6796,7.93,8.4555,8.582600000000001,24,0,0,0,0,0.0,23.0,0,BTGOXD2,mg/L,reported_gmt_minus_4_unconverted
2016-07-24,24,24,24,1.0,high,True,True,True,True,8.145916666666666,8.1905,0.22361611450579014,7.491,8.463,7.8953999999999995,8.089500000000001,8.30975,8.3611,24,0,0,0,0,0.0,23.0,0,BTGOXD2,mg/L,reported_gmt_minus_4_unconverted
2016-07-25,24,24,24,1.0,high,True,True,True,True,8.309,8.336500000000001,0.1799541004280525,7.926,8.551,8.0732,8.16525,8.4505,8.4986,24,0,0,0,0,0.0,23.0,0,BTGOXD2,mg/L,reported_gmt_minus_4_unconverted
2016-07-26,24,24,1,0.041667,weak,False,False,False,False,8.054,8.054,,8.054,8.054,8.054,8.054,8.054,8.054,1,23,0,0,0,0.0,0.0,23,BTGOXD2,mg/L,reported_gmt_minus_4_unconverted
2016-07-27,24,24,24,1.0,high,True,True,True,True,7.997208333333333,8.041,0.22696388894284047,7.06,8.221,7.8254,8.00525,8.094999999999999,8.137,24,0,0,0,0,0.0,23.0,0,BTGOXD2,mg/L,reported_gmt_minus_4_unconverted
2016-07-28,24,24,1,0.041667,weak,False,False,False,False,7.987,7.987,,7.987,7.987,7.987,7.987,7.987,7.987,1,23,0,0,0,0.0,0.0,23,BTGOXD2,mg/L,reported_gmt_minus_4_unconverted
2016-07-29,24,24,1,0.041667,weak,False,False,False,False,8.282,8.282,,8.282,8.282,8.282,8.282,8.282,8.282,1,23,0,0,0,0.0,0.0,23,BTGOXD2,mg/L,reported_gmt_minus_4_unconverted
2016-07-30,24,24,1,0.041667,weak,False,False,False,False,6.879,6.879,,6.879,6.879,6.879,6.879,6.879,6.879,1,23,0,0,0,0.0,0.0,23,BTGOXD2,mg/L,reported_gmt_minus_4_unconverted
2016-07-31,24,24,24,1.0,high,True,True,True,True,7.3421666666666665,7.48,0.48099468194354394,6.348,7.788,6.4649,7.29325,7.6979999999999995,7.7443,24,0,0,0,0,0.0,23.0,0,BTGOXD2,mg/L,reported_gmt_minus_4_unconverted
2016-08-01,24,24,24,1.0,high,True,True,True,True,7.3217083333333335,7.4065,0.2834304575647478,6.529,7.663,7.0036000000000005,7.134,7.483499999999999,7.6086,24,0,0,0,0,0.0,23.0,0,BTGOXD2,mg/L,reported_gmt_minus_4_unconverted
2016-08-02,24,24,24,1.0,high,True,True,True,True,7.352708333333332,7.3614999999999995,0.2940076129104063,6.671,7.794,7.0068,7.157,7.5875,7.733499999999999,24,0,0,0,0,0.0,23.0,0,BTGOXD2,mg/L,reported_gmt_minus_4_unconverted
2016-08-03,24,24,11,0.458333,weak,False,False,False,False,7.0805454545454545,7.07,0.3927458118519823,6.279,7.52,6.561,6.94,7.3815,7.469,11,13,0,0,0,0.0,10.0,13,BTGOXD2,mg/L,reported_gmt_minus_4_unconverted
2016-08-04,24,24,24,1.0,high,True,True,True,True,6.822875000000001,6.9825,0.6320098590659182,5.436,7.539,5.93,6.306,7.396,7.5121,24,0,0,0,0,0.0,23.0,0,BTGOXD2,mg/L,reported_gmt_minus_4_unconverted
2016-08-05,24,24,1,0.041667,weak,False,False,False,False,6.851,6.851,,6.851,6.851,6.851,6.851,6.851,6.851,1,23,0,0,0,0.0,0.0,23,BTGOXD2,mg/L,reported_gmt_minus_4_unconverted
2016-08-06,24,24,24,1.0,high,True,True,True,True,6.260875000000001,6.3595,1.0479636698191734,4.043,7.505,4.9696,5.51675,7.20225,7.4323999999999995,24,0,0,0,0,0.0,23.0,0,BTGOXD2,mg/L,reported_gmt_minus_4_unconverted
2016-08-07,24,24,24,1.0,high,True,True,True,True,6.755666666666667,7.1075,1.03468065506755,4.359,7.898,5.2789,6.3055,7.5835,7.8453,24,0,0,0,0,0.0,23.0,0,BTGOXD2,mg/L,reported_gmt_minus_4_unconverted
2016-08-08,24,24,24,1.0,high,True,True,True,True,7.072833333333333,7.0920000000000005,1.0466821562594273,4.75,8.7,6.1459,6.396,7.6765,8.414,24,0,0,0,0,0.0,23.0,0,BTGOXD2,mg/L,reported_gmt_minus_4_unconverted
2016-08-09,24,24,1,0.041667,weak,False,False,False,False,8.744,8.744,,8.744,8.744,8.744,8.744,8.744,8.744,1,23,0,0,0,0.0,0.0,23,BTGOXD2,mg/L,reported_gmt_minus_4_unconverted
2016-08-10,24,24,1,0.041667,weak,False,False,False,False,11.19,11.19,,11.19,11.19,11.19,11.19,11.19,11.19,1,23,0,0,0,0.0,0.0,23,BTGOXD2,mg/L,reported_gmt_minus_4_unconverted
2016-08-11,24,24,24,1.0,high,True,True,True,True,7.883041666666666,7.8759999999999994,0.8925786521995239,6.133,9.157,6.7735,7.39625,8.5715,9.0685,24,0,0,0,0,0.0,23.0,0,BTGOXD2,mg/L,reported_gmt_minus_4_unconverted
2016-08-12,24,24,24,1.0,high,True,True,True,True,6.896333333333334,7.0575,1.975928613097642,3.474,10.171,4.4739,5.229749999999999,8.815249999999999,9.4927,24,0,0,0,0,0.0,23.0,0,BTGOXD2,mg/L,reported_gmt_minus_4_unconverted
2016-08-13,24,24,24,1.0,high,True,True,True,True,5.367416666666666,5.3045,1.3317953530174373,3.154,7.552,3.6029,4.3875,6.46275,6.9099,24,0,0,0,0,0.0,23.0,0,BTGOXD2,mg/L,reported_gmt_minus_4_unconverted
2016-08-14,24,24,24,1.0,high,True,True,True,True,7.741458333333334,7.6370000000000005,1.2379097030765265,4.687,9.928,6.2717,7.05,8.72775,9.1656,24,0,0,0,0,0.0,23.0,0,BTGOXD2,mg/L,reported_gmt_minus_4_unconverted
2016-08-15,24,24,24,1.0,high,True,True,True,True,7.067749999999999,6.936,0.8239611773252006,5.8,8.438,6.2035,6.45525,7.818,8.1643,24,0,0,0,0,0.0,23.0,0,BTGOXD2,mg/L,reported_gmt_minus_4_unconverted
2016-08-16,24,24,2,0.083333,weak,False,False,False,False,7.191,7.191,0.6010407640085651,6.766,7.616,6.851,6.9785,7.403499999999999,7.531,2,22,0,0,0,0.0,1.0,22,BTGOXD2,mg/L,reported_gmt_minus_4_unconverted
2016-08-17,24,24,24,1.0,high,True,True,True,True,8.6415,8.5755,0.6575244085401598,7.179,10.129,7.9469,8.3775,8.78975,9.5974,24,0,0,0,0,0.0,23.0,0,BTGOXD2,mg/L,reported_gmt_minus_4_unconverted
2016-08-18,24,24,24,1.0,high,True,True,True,True,5.061708333333334,5.484500000000001,1.4108740269519233,1.669,6.988,2.7675000000000005,4.8395,5.9799999999999995,6.182,24,0,0,0,0,0.0,23.0,0,BTGOXD2,mg/L,reported_gmt_minus_4_unconverted
2016-08-19,24,24,24,1.0,high,True,True,True,True,3.318875,3.794,1.2252850356052918,1.265,4.966,1.5111,2.0755,4.24925,4.6178,24,0,0,0,0,0.0,23.0,0,BTGOXD2,mg/L,reported_gmt_minus_4_unconverted
2016-08-20,24,24,24,1.0,high,True,True,True,True,2.730166666666667,2.8795,1.3311336021101212,0.443,4.305,0.9914999999999999,1.72625,4.1525,4.1891,24,0,0,0,0,0.0,23.0,0,BTGOXD2,mg/L,reported_gmt_minus_4_unconverted
2016-08-21,24,24,24,1.0,high,True,True,True,True,3.1326666666666667,3.4074999999999998,1.3588286409118402,0.592,4.917,0.8363,2.424,4.2139999999999995,4.594399999999999,24,0,0,0,0,0.0,23.0,0,BTGOXD2,mg/L,reported_gmt_minus_4_unconverted
2016-08-22,24,24,24,1.0,high,True,True,True,True,4.242666666666667,4.3185,0.7370960451054834,2.845,5.497,3.41,3.56825,4.845,5.1068,24,0,0,0,0,0.0,23.0,0,BTGOXD2,mg/L,reported_gmt_minus_4_unconverted
2016-08-23,24,24,1,0.041667,weak,False,False,False,False,3.725,3.725,,3.725,3.725,3.725,3.725,3.725,3.725,1,23,0,0,0,0.0,0.0,23,BTGOXD2,mg/L,reported_gmt_minus_4_unconverted
2016-08-24,24,24,1,0.041667,weak,False,False,False,False,4.308,4.308,,4.308,4.308,4.308,4.308,4.308,4.308,1,23,0,0,0,0.0,0.0,23,BTGOXD2,mg/L,reported_gmt_minus_4_unconverted
2016-08-25,24,24,24,1.0,high,True,True,True,True,5.957999999999999,5.978,0.5316784742680486,4.224,6.69,5.507099999999999,5.799250000000001,6.28125,6.552899999999999,24,0,0,0,0,0.0,23.0,0,BTGOXD2,mg/L,reported_gmt_minus_4_unconverted
2016-08-26,24,24,24,1.0,high,True,True,True,True,6.197541666666666,6.2485,1.5665269527973593,3.949,9.374,4.391,4.68025,7.183,8.4474,24,0,0,0,0,0.0,23.0,0,BTGOXD2,mg/L,reported_gmt_minus_4_unconverted
2016-08-27,24,24,24,1.0,high,True,True,True,True,6.697458333333333,6.8445,1.5386941945283872,3.875,9.515,4.8762,5.40825,7.70325,8.4834,24,0,0,0,0,0.0,23.0,0,BTGOXD2,mg/L,reported_gmt_minus_4_unconverted
2016-08-28,24,24,24,1.0,high,True,True,True,True,5.665416666666666,5.3215,1.6034815088660557,2.726,8.765,3.8668,4.623749999999999,7.10925,7.7038,24,0,0,0,0,0.0,23.0,0,BTGOXD2,mg/L,reported_gmt_minus_4_unconverted
2016-08-29,24,24,24,1.0,high,True,True,True,True,4.4285,4.7145,1.643173996449766,1.699,6.32,2.0062,2.99775,5.9079999999999995,6.0339,24,0,0,0,0,0.0,23.0,0,BTGOXD2,mg/L,reported_gmt_minus_4_unconverted
2016-08-30,24,24,0,0.0,missing,False,False,False,False,,,,,,,,,,0,24,0,0,0,,,24,BTGOXD2,mg/L,reported_gmt_minus_4_unconverted
2016-08-31,24,24,24,1.0,high,True,True,True,True,2.7996250000000003,2.471,0.9552545671408634,1.826,5.06,1.9961,2.224,2.9852499999999997,4.2876,24,0,0,0,0,0.0,23.0,0,BTGOXD2,mg/L,reported_gmt_minus_4_unconverted
2016-09-01,24,24,24,1.0,high,True,True,True,True,2.902416666666666,2.7199999999999998,1.489672473972096,0.784,6.362,1.0302,2.07525,3.3977500000000003,4.8911999999999995,24,0,0,0,0,0.0,23.0,0,BTGOXD2,mg/L,reported_gmt_minus_4_unconverted
2016-09-02,24,24,24,1.0,high,True,True,True,True,2.5820833333333333,2.699,0.5548082251252829,1.152,3.175,1.7057000000000002,2.5300000000000002,2.9175,3.0179,24,0,0,0,0,0.0,23.0,0,BTGOXD2,mg/L,reported_gmt_minus_4_unconverted
2016-09-03,24,24,24,1.0,high,True,True,True,True,2.3701666666666665,2.5549999999999997,0.49084750723857085,1.153,2.872,1.5347,2.31,2.66575,2.7416,24,0,0,0,0,0.0,23.0,0,BTGOXD2,mg/L,reported_gmt_minus_4_unconverted
2016-09-04,24,24,24,1.0,high,True,True,True,True,1.9121666666666666,1.8825,0.2725349066859489,1.253,2.466,1.5894,1.7702499999999999,2.14875,2.1984,24,0,0,0,0,0.0,23.0,0,BTGOXD2,mg/L,reported_gmt_minus_4_unconverted
2016-09-05,24,24,24,1.0,high,True,True,True,True,2.748416666666667,2.8515,0.6737015154236021,1.438,3.764,1.8624,2.21575,3.353,3.4744,24,0,0,0,0,0.0,23.0,0,BTGOXD2,mg/L,reported_gmt_minus_4_unconverted
2016-09-06,24,24,1,0.041667,weak,False,False,False,False,2.658,2.658,,2.658,2.658,2.658,2.658,2.658,2.658,1,23,0,0,0,0.0,0.0,23,BTGOXD2,mg/L,reported_gmt_minus_4_unconverted
2016-09-07,24,24,24,1.0,high,True,True,True,True,5.479416666666666,5.6075,0.8201074646795921,3.58,6.518,4.3326,5.175,6.0344999999999995,6.406499999999999,24,0,0,0,0,0.0,23.0,0,BTGOXD2,mg/L,reported_gmt_minus_4_unconverted
2016-09-08,24,24,24,1.0,high,True,True,True,True,6.576291666666666,6.3505,0.7531408136231416,5.396,7.787,5.7398,6.0045,7.32075,7.6261,24,0,0,0,0,0.0,23.0,0,BTGOXD2,mg/L,reported_gmt_minus_4_unconverted
2016-09-09,24,24,0,0.0,missing,False,False,False,False,,,,,,,,,,0,24,0,0,0,,,24,BTGOXD2,mg/L,reported_gmt_minus_4_unconverted
2016-09-10,24,24,24,1.0,high,True,True,True,True,8.3145,8.4895,0.6082083453096874,6.887,9.177,7.5111,7.9645,8.7605,8.972800000000001,24,0,0,0,0,0.0,23.0,0,BTGOXD2,mg/L,reported_gmt_minus_4_unconverted
2016-09-11,24,24,24,1.0,high,True,True,True,True,8.084083333333334,8.268,0.5355784290122115,7.205,8.862,7.3189,7.6370000000000005,8.5915,8.6651,24,0,0,0,0,0.0,23.0,0,BTGOXD2,mg/L,reported_gmt_minus_4_unconverted
2016-09-12,24,24,24,1.0,high,True,True,True,True,5.918166666666667,5.970000000000001,1.3659995119569652,3.091,7.823,4.2549,5.0257499999999995,7.029249999999999,7.6854,24,0,0,0,0,0.0,23.0,0,BTGOXD2,mg/L,reported_gmt_minus_4_unconverted
2016-09-13,24,24,24,1.0,high,True,True,True,True,5.652208333333334,5.995,1.1773208339337637,3.182,6.945,3.8161,4.8252500000000005,6.5475,6.7526,24,0,0,0,0,0.0,23.0,0,BTGOXD2,mg/L,reported_gmt_minus_4_unconverted
2016-09-14,24,24,24,1.0,high,True,True,True,True,5.696291666666666,5.5945,0.5465772930874833,4.831,6.583,5.0789,5.2055,6.101,6.4952,24,0,0,0,0,0.0,23.0,0,BTGOXD2,mg/L,reported_gmt_minus_4_unconverted
2016-09-15,24,24,24,1.0,high,True,True,True,True,6.2884166666666665,6.1579999999999995,0.4867627684546377,5.25,7.4,5.8072,5.93825,6.676500000000001,6.838,24,0,0,0,0,0.0,23.0,0,BTGOXD2,mg/L,reported_gmt_minus_4_unconverted
2016-09-16,24,24,1,0.041667,weak,False,False,False,False,5.68,5.68,,5.68,5.68,5.68,5.68,5.68,5.68,1,23,0,0,0,0.0,0.0,23,BTGOXD2,mg/L,reported_gmt_minus_4_unconverted
2016-09-17,24,24,24,1.0,high,True,True,True,True,7.039166666666667,6.9105,0.7124067393833671,5.842,8.483,6.1417,6.68075,7.4967500000000005,7.998200000000001,24,0,0,0,0,0.0,23.0,0,BTGOXD2,mg/L,reported_gmt_minus_4_unconverted
2016-09-18,24,24,24,1.0,high,True,True,True,True,6.878458333333334,6.82,0.7533501974032636,5.845,8.243,6.0559,6.259,7.3575,8.0255,24,0,0,0,0,0.0,23.0,0,BTGOXD2,mg/L,reported_gmt_minus_4_unconverted
2016-09-19,24,24,24,1.0,high,True,True,True,True,6.653833333333334,6.5585,0.19887043338657037,6.347,7.047,6.4733,6.5315,6.761,6.972,24,0,0,0,0,0.0,23.0,0,BTGOXD2,mg/L,reported_gmt_minus_4_unconverted
2016-09-20,24,24,24,1.0,high,True,True,True,True,6.654916666666666,6.6845,0.09822109782511602,6.484,6.822,6.518800000000001,6.577500000000001,6.727,6.7585,24,0,0,0,0,0.0,23.0,0,BTGOXD2,mg/L,reported_gmt_minus_4_unconverted
2016-09-21,24,24,24,1.0,high,True,True,True,True,6.725041666666667,6.7395,0.10782412376952884,6.548,6.942,6.5971,6.628,6.792,6.8696,24,0,0,0,0,0.0,23.0,0,BTGOXD2,mg/L,reported_gmt_minus_4_unconverted
2016-09-22,24,24,24,1.0,high,True,True,True,True,6.4703333333333335,6.4435,0.2928141815683391,5.791,6.957,6.0512999999999995,6.356,6.70825,6.7812,24,0,0,0,0,0.0,23.0,0,BTGOXD2,mg/L,reported_gmt_minus_4_unconverted
2016-09-23,24,24,1,0.041667,weak,False,False,False,False,6.926,6.926,,6.926,6.926,6.926,6.926,6.926,6.926,1,23,0,0,0,0.0,0.0,23,BTGOXD2,mg/L,reported_gmt_minus_4_unconverted
2016-09-24,24,24,24,1.0,high,True,True,True,True,6.664708333333333,6.417,0.93007902792634,5.447,8.622,5.7611,5.94325,7.2585,8.031699999999999,24,0,0,0,0,0.0,23.0,0,BTGOXD2,mg/L,reported_gmt_minus_4_unconverted
2016-09-25,24,24,24,1.0,high,True,True,True,True,6.471625,6.572,0.773231435768664,4.893,8.026,5.3946000000000005,5.97825,6.936999999999999,7.2197,24,0,0,0,0,0.0,23.0,0,BTGOXD2,mg/L,reported_gmt_minus_4_unconverted
2016-09-26,24,24,24,1.0,high,True,True,True,True,6.427458333333334,6.475,0.6311084781809575,5.446,7.261,5.5908,5.76725,7.01625,7.1862,24,0,0,0,0,0.0,23.0,0,BTGOXD2,mg/L,reported_gmt_minus_4_unconverted
2016-09-27,24,24,24,1.0,high,True,True,True,True,6.397541666666666,6.374,0.4564523861226945,5.462,7.308,5.9634,6.11775,6.525,7.0506,24,0,0,0,0,0.0,23.0,0,BTGOXD2,mg/L,reported_gmt_minus_4_unconverted
2016-09-28,24,24,24,1.0,high,True,True,True,True,6.46125,6.408,0.5511368685055346,5.452,7.301,5.8176,6.0385,6.853,7.262899999999999,24,0,0,0,0,0.0,23.0,0,BTGOXD2,mg/L,reported_gmt_minus_4_unconverted
2016-09-29,24,24,24,1.0,high,True,True,True,True,6.577916666666667,6.5315,0.6172412618760342,5.503,7.772,5.9493,6.156,7.02075,7.4074,24,0,0,0,0,0.0,23.0,0,BTGOXD2,mg/L,reported_gmt_minus_4_unconverted
2016-09-30,24,24,1,0.041667,weak,False,False,False,False,5.457,5.457,,5.457,5.457,5.457,5.457,5.457,5.457,1,23,0,0,0,0.0,0.0,23,BTGOXD2,mg/L,reported_gmt_minus_4_unconverted
2016-10-01,24,24,24,1.0,high,True,True,True,True,6.1167083333333325,6.217499999999999,0.8256564965906334,4.033,7.219,5.0803,5.61975,6.85525,7.0188,24,0,0,0,0,0.0,23.0,0,BTGOXD2,mg/L,reported_gmt_minus_4_unconverted
2016-10-02,24,24,24,1.0,high,True,True,True,True,5.932208333333333,5.8205,0.5431999375013303,4.981,6.778,5.2717,5.497,6.359500000000001,6.651199999999999,24,0,0,0,0,0.0,23.0,0,BTGOXD2,mg/L,reported_gmt_minus_4_unconverted
2016-10-03,24,24,24,1.0,high,True,True,True,True,5.823708333333332,5.9415,0.5546526903243668,5.003,6.824,5.0945,5.1885,6.17575,6.4358,24,0,0,0,0,0.0,23.0,0,BTGOXD2,mg/L,reported_gmt_minus_4_unconverted
2016-10-04,24,24,24,1.0,high,True,True,True,True,5.610625,5.622999999999999,0.7776212788117809,4.489,7.129,4.6574,5.032500000000001,6.080500000000001,6.7452000000000005,24,0,0,0,0,0.0,23.0,0,BTGOXD2,mg/L,reported_gmt_minus_4_unconverted
2016-10-05,24,24,24,1.0,high,True,True,True,True,5.522291666666665,5.495,0.4917412256167002,4.102,6.072,5.0234000000000005,5.29725,5.92525,6.0163,24,0,0,0,0,0.0,23.0,0,BTGOXD2,mg/L,reported_gmt_minus_4_unconverted
2016-10-06,24,24,24,1.0,high,True,True,True,True,6.15325,6.52,0.7910580833948592,4.539,7.259,5.0621,5.47925,6.7665,6.9559999999999995,24,0,0,0,0,0.0,23.0,0,BTGOXD2,mg/L,reported_gmt_minus_4_unconverted
2016-10-07,24,24,1,0.041667,weak,False,False,False,False,7.254,7.254,,7.254,7.254,7.254,7.254,7.254,7.254,1,23,0,0,0,0.0,0.0,23,BTGOXD2,mg/L,reported_gmt_minus_4_unconverted
2016-10-08,24,24,24,1.0,high,True,True,True,True,6.3285833333333334,6.3555,0.5234742563884581,5.338,7.247,5.6866,5.9275,6.708,6.9989,24,0,0,0,0,0.0,23.0,0,BTGOXD2,mg/L,reported_gmt_minus_4_unconverted
2016-10-09,24,24,24,1.0,high,True,True,True,True,6.213166666666667,6.1445,0.5484171426194121,5.299,7.159,5.644,5.78175,6.548,7.0386,24,0,0,0,0,0.0,23.0,0,BTGOXD2,mg/L,reported_gmt_minus_4_unconverted
2016-10-10,24,24,24,1.0,high,True,True,True,True,6.725124999999999,6.7875,0.6945223765450176,5.53,7.85,5.7074,6.22175,7.385,7.5548,24,0,0,0,0,0.0,23.0,0,BTGOXD2,mg/L,reported_gmt_minus_4_unconverted
2016-10-11,24,24,24,1.0,high,True,True,True,True,6.754583333333334,6.96,0.7410044250684434,5.407,7.859,5.6523,6.23275,7.2895,7.586,24,0,0,0,0,0.0,23.0,0,BTGOXD2,mg/L,reported_gmt_minus_4_unconverted
2016-10-12,24,24,24,1.0,high,True,True,True,True,7.228208333333335,7.0685,1.054096356422499,5.433,9.321,5.9283,6.49525,8.0405,8.5166,24,0,0,0,0,0.0,23.0,0,BTGOXD2,mg/L,reported_gmt_minus_4_unconverted
2016-10-13,24,24,24,1.0,high,True,True,True,True,6.795583333333333,6.851,0.8996145994459137,5.115,8.116,5.5972,6.218999999999999,7.3825,8.0282,24,0,0,0,0,0.0,23.0,0,BTGOXD2,mg/L,reported_gmt_minus_4_unconverted
2016-10-14,24,24,1,0.041667,weak,False,False,False,False,6.386,6.386,,6.386,6.386,6.386,6.386,6.386,6.386,1,23,0,0,0,0.0,0.0,23,BTGOXD2,mg/L,reported_gmt_minus_4_unconverted
2016-10-15,24,24,24,1.0,high,True,True,True,True,7.9906250000000005,7.8725,1.7095048816009248,5.467,9.932,5.6057,6.622,9.714,9.8882,24,0,0,0,0,0.0,23.0,0,BTGOXD2,mg/L,reported_gmt_minus_4_unconverted
2016-10-16,24,24,24,1.0,high,True,True,True,True,7.832291666666667,7.74,0.40060828522186837,7.04,8.598,7.4653,7.58275,8.02775,8.4628,24,0,0,0,0,0.0,23.0,0,BTGOXD2,mg/L,reported_gmt_minus_4_unconverted
2016-10-17,24,24,24,1.0,high,True,True,True,True,6.928833333333333,6.9325,1.0619464355060748,4.671,8.664,5.6098,6.28725,7.688,8.1089,24,0,0,0,0,0.0,23.0,0,BTGOXD2,mg/L,reported_gmt_minus_4_unconverted
2016-10-18,24,24,24,1.0,high,True,True,True,True,4.539916666666667,3.901,1.831724274786077,2.732,8.599,2.911,3.3747499999999997,5.1115,7.7837,24,0,0,0,0,0.0,23.0,0,BTGOXD2,mg/L,reported_gmt_minus_4_unconverted
2016-10-19,24,24,24,1.0,high,True,True,True,True,4.451875,4.604,1.2754148962626615,1.745,6.498,2.6209000000000002,3.7655,5.32625,5.96,24,0,0,0,0,0.0,23.0,0,BTGOXD2,mg/L,reported_gmt_minus_4_unconverted
2016-10-20,24,24,24,1.0,high,True,True,True,True,4.220541666666667,4.5585,0.902896641933335,2.181,5.631,2.7838000000000003,3.68975,4.7555,4.8991,24,0,0,0,0,0.0,23.0,0,BTGOXD2,mg/L,reported_gmt_minus_4_unconverted
2016-10-21,24,24,0,0.0,missing,False,False,False,False,,,,,,,,,,0,24,0,0,0,,,24,BTGOXD2,mg/L,reported_gmt_minus_4_unconverted
2016-10-22,24,24,24,1.0,high,True,True,True,True,5.195541666666666,5.354,1.0195968930294768,3.671,6.78,3.7635,4.2402500000000005,6.1025,6.3267999999999995,24,0,0,0,0,0.0,23.0,0,BTGOXD2,mg/L,reported_gmt_minus_4_unconverted
2016-10-23,24,24,24,1.0,high,True,True,True,True,6.789874999999999,6.306,1.190413786754695,5.2,8.953,5.585800000000001,5.843500000000001,7.8709999999999996,8.4655,24,0,0,0,0,0.0,23.0,0,BTGOXD2,mg/L,reported_gmt_minus_4_unconverted
2016-10-24,24,24,24,1.0,high,True,True,True,True,6.055458333333333,6.261,1.642990115590333,3.618,9.193,4.1059,4.371,6.760999999999999,8.4581,24,0,0,0,0,0.0,23.0,0,BTGOXD2,mg/L,reported_gmt_minus_4_unconverted
2016-10-25,24,24,24,1.0,high,True,True,True,True,4.005208333333333,3.5665,1.2517094738333083,2.28,6.087,2.5899,3.08425,5.3485,5.6854,24,0,0,0,0,0.0,23.0,0,BTGOXD2,mg/L,reported_gmt_minus_4_unconverted
2016-10-26,24,24,24,1.0,high,True,True,True,True,4.652791666666666,4.915,1.4405948946051137,2.21,6.745,2.8976,3.16975,5.5817499999999995,6.5684000000000005,24,0,0,0,0,0.0,23.0,0,BTGOXD2,mg/L,reported_gmt_minus_4_unconverted
2016-10-27,24,24,24,1.0,high,True,True,True,True,7.147083333333334,7.171,0.4901020228009912,5.959,8.039,6.6363,6.91425,7.40625,7.7804,24,0,0,0,0,0.0,23.0,0,BTGOXD2,mg/L,reported_gmt_minus_4_unconverted
2016-10-28,24,24,1,0.041667,weak,False,False,False,False,7.835,7.835,,7.835,7.835,7.835,7.835,7.835,7.835,1,23,0,0,0,0.0,0.0,23,BTGOXD2,mg/L,reported_gmt_minus_4_unconverted
2016-10-29,24,24,24,1.0,high,True,True,True,True,8.098291666666666,7.261,1.334355746814908,6.715,10.042,6.8662,7.037,9.58675,9.9233,24,0,0,0,0,0.0,23.0,0,BTGOXD2,mg/L,reported_gmt_minus_4_unconverted
2016-10-30,24,24,24,1.0,high,True,True,True,True,7.2139999999999995,6.699,1.101400412913132,5.84,9.512,6.2889,6.408,8.02225,8.9364,24,0,0,0,0,0.0,23.0,0,BTGOXD2,mg/L,reported_gmt_minus_4_unconverted
2016-10-31,24,24,24,1.0,high,True,True,True,True,6.980333333333334,7.1875,0.9190643950882007,5.154,8.562,5.3873,6.69425,7.61125,7.943299999999999,24,0,0,0,0,0.0,23.0,0,BTGOXD2,mg/L,reported_gmt_minus_4_unconverted
2016-11-01,24,24,24,1.0,high,True,True,True,True,4.794083333333333,4.9445,1.9449547198633805,1.847,8.495,2.2316000000000003,3.20725,6.178,7.2001,24,0,0,0,0,0.0,23.0,0,BTGOXD2,mg/L,reported_gmt_minus_4_unconverted
2016-11-02,24,24,24,1.0,high,True,True,True,True,2.880291666666667,2.7279999999999998,0.6673824585756603,1.719,4.833,2.3281,2.457,3.099,3.7440999999999995,24,0,0,0,0,0.0,23.0,0,BTGOXD2,mg/L,reported_gmt_minus_4_unconverted
2016-11-03,24,24,24,1.0,high,True,True,True,True,4.141291666666667,4.347,1.293982947242205,2.302,6.215,2.3674999999999997,2.843,5.273000000000001,5.5078,24,0,0,0,0,0.0,23.0,0,BTGOXD2,mg/L,reported_gmt_minus_4_unconverted
2016-11-04,24,24,24,1.0,high,True,True,True,True,6.295833333333334,6.3915,0.7665856352892898,4.814,7.369,5.2875,5.7490000000000006,6.99725,7.2482,24,0,0,0,0,0.0,23.0,0,BTGOXD2,mg/L,reported_gmt_minus_4_unconverted
2016-11-05,24,24,24,1.0,high,True,True,True,True,5.624333333333333,5.664,0.41266563648580185,4.985,6.493,5.1491,5.281499999999999,5.906000000000001,6.1798,24,0,0,0,0,0.0,23.0,0,BTGOXD2,mg/L,reported_gmt_minus_4_unconverted
2016-11-06,24,24,1,0.041667,weak,False,False,False,False,4.977,4.977,,4.977,4.977,4.977,4.977,4.977,4.977,1,23,0,0,0,0.0,0.0,23,BTGOXD2,mg/L,reported_gmt_minus_4_unconverted
2016-11-07,24,24,24,1.0,high,True,True,True,True,6.230916666666666,6.375,0.670640895073457,4.968,7.149,5.0958000000000006,5.8985,6.76075,6.992900000000001,24,0,0,0,0,0.0,23.0,0,BTGOXD2,mg/L,reported_gmt_minus_4_unconverted
2016-11-08,24,24,24,1.0,high,True,True,True,True,6.112749999999999,6.1129999999999995,0.43149429438517084,5.442,6.928,5.6276,5.71675,6.39575,6.7015,24,0,0,0,0,0.0,23.0,0,BTGOXD2,mg/L,reported_gmt_minus_4_unconverted
2016-11-09,24,24,24,1.0,high,True,True,True,True,6.033625000000001,6.106,0.6849961480374083,5.186,7.457,5.2072,5.407,6.569,6.8302,24,0,0,0,0,0.0,23.0,0,BTGOXD2,mg/L,reported_gmt_minus_4_unconverted
2016-11-10,24,24,24,1.0,high,True,True,True,True,6.301749999999999,6.431,0.4647385660590357,5.432,7.106,5.7494000000000005,5.89025,6.64825,6.8163,24,0,0,0,0,0.0,23.0,0,BTGOXD2,mg/L,reported_gmt_minus_4_unconverted
2016-11-11,24,24,24,1.0,high,True,True,True,True,6.437458333333335,6.475,0.23078994386325807,6.083,6.7,6.1645,6.202,6.6695,6.6894,24,0,0,0,0,0.0,23.0,0,BTGOXD2,mg/L,reported_gmt_minus_4_unconverted
2016-11-12,24,24,24,1.0,high,True,True,True,True,6.823958333333333,6.744,0.19410742860740726,6.606,7.13,6.621,6.64525,7.014749999999999,7.063,24,0,0,0,0,0.0,23.0,0,BTGOXD2,mg/L,reported_gmt_minus_4_unconverted
2016-11-13,24,24,24,1.0,high,True,True,True,True,7.037291666666667,7.053,0.147468044929613,6.785,7.336,6.8241,6.95275,7.15075,7.197,24,0,0,0,0,0.0,23.0,0,BTGOXD2,mg/L,reported_gmt_minus_4_unconverted
2016-11-14,24,24,24,1.0,high,True,True,True,True,7.075458333333333,7.068,0.1975612132252039,6.718,7.402,6.7903,6.967499999999999,7.17475,7.351999999999999,24,0,0,0,0,0.0,23.0,0,BTGOXD2,mg/L,reported_gmt_minus_4_unconverted
2016-11-15,24,24,24,1.0,high,True,True,True,True,6.8885000000000005,6.8735,0.2726435800438558,6.425,7.328,6.495,6.77225,7.0515,7.289499999999999,24,0,0,0,0,0.0,23.0,0,BTGOXD2,mg/L,reported_gmt_minus_4_unconverted
2016-11-16,24,24,24,1.0,high,True,True,True,True,7.027375,7.0155,0.27207652575987745,6.441,7.392,6.593,6.9105,7.24425,7.3463,24,0,0,0,0,0.0,23.0,0,BTGOXD2,mg/L,reported_gmt_minus_4_unconverted
2016-11-17,24,24,24,1.0,high,True,True,True,True,7.442208333333333,7.388,0.18737151636502158,7.215,7.771,7.2421,7.25925,7.586,7.7207,24,0,0,0,0,0.0,23.0,0,BTGOXD2,mg/L,reported_gmt_minus_4_unconverted
2016-11-18,24,24,24,1.0,high,True,True,True,True,7.320250000000001,7.322,0.13899522982118298,7.087,7.612,7.1402,7.22775,7.4174999999999995,7.4711,24,0,0,0,0,0.0,23.0,0,BTGOXD2,mg/L,reported_gmt_minus_4_unconverted
2016-11-19,24,24,24,1.0,high,True,True,True,True,7.421333333333333,7.3785,0.16258393595888884,7.199,7.761,7.2615,7.288,7.5465,7.6556999999999995,24,0,0,0,0,0.0,23.0,0,BTGOXD2,mg/L,reported_gmt_minus_4_unconverted
2016-11-20,24,24,1,0.041667,weak,False,False,False,False,7.619,7.619,,7.619,7.619,7.619,7.619,7.619,7.619,1,23,0,0,0,0.0,0.0,23,BTGOXD2,mg/L,reported_gmt_minus_4_unconverted
2016-11-21,24,24,24,1.0,high,True,True,True,True,6.572541666666666,6.6765,0.43587991756472555,5.647,7.288,5.9698,6.2775,6.8705,7.0581,24,0,0,0,0,0.0,23.0,0,BTGOXD2,mg/L,reported_gmt_minus_4_unconverted
2016-11-22,24,24,24,1.0,high,True,True,True,True,6.552833333333333,6.486,0.42087028536290044,5.882,7.609,6.1491999999999996,6.23525,6.74175,7.158099999999999,24,0,0,0,0,0.0,23.0,0,BTGOXD2,mg/L,reported_gmt_minus_4_unconverted
2016-11-23,24,24,24,1.0,high,True,True,True,True,6.808416666666666,6.670999999999999,0.8220683837347303,5.659,8.434,5.7877,6.198,7.4597500000000005,7.9423,24,0,0,0,0,0.0,23.0,0,BTGOXD2,mg/L,reported_gmt_minus_4_unconverted
2016-11-24,24,24,24,1.0,high,True,True,True,True,6.897291666666667,7.003,1.0521842489985203,4.85,8.604,5.7163,5.984500000000001,7.7155000000000005,8.2345,24,0,0,0,0,0.0,23.0,0,BTGOXD2,mg/L,reported_gmt_minus_4_unconverted
2016-11-25,24,24,24,1.0,high,True,True,True,True,6.954791666666666,6.9035,0.97725035638672,4.507,8.758,6.1071,6.2535,7.882,8.0637,24,0,0,0,0,0.0,23.0,0,BTGOXD2,mg/L,reported_gmt_minus_4_unconverted
2016-11-26,24,24,24,1.0,high,True,True,True,True,7.076208333333334,7.355499999999999,0.9466094176019768,4.819,8.171,5.5385,6.84975,7.75375,8.0376,24,0,0,0,0,0.0,23.0,0,BTGOXD2,mg/L,reported_gmt_minus_4_unconverted
2016-11-27,24,24,0,0.0,missing,False,False,False,False,,,,,,,,,,0,24,0,0,0,,,24,BTGOXD2,mg/L,reported_gmt_minus_4_unconverted
2016-11-28,24,24,24,1.0,high,True,True,True,True,4.5375,4.4575,0.6070203062286409,3.805,5.888,3.8825,3.99425,5.0,5.2431,24,0,0,0,0,0.0,23.0,0,BTGOXD2,mg/L,reported_gmt_minus_4_unconverted
2016-11-29,24,24,24,1.0,high,True,True,True,True,6.629833333333333,6.7935,1.0287294682474006,4.88,7.774,5.2327,5.6075,7.60775,7.6966,24,0,0,0,0,0.0,23.0,0,BTGOXD2,mg/L,reported_gmt_minus_4_unconverted
2016-11-30,24,24,24,1.0,high,True,True,True,True,6.951375,6.971,0.4113613467606014,5.829,7.505,6.528,6.7345,7.20075,7.4731000000000005,24,0,0,0,0,0.0,23.0,0,BTGOXD2,mg/L,reported_gmt_minus_4_unconverted
2016-12-01,24,24,18,0.75,standard,True,True,True,False,6.347611111111111,6.1005,0.5862803122868473,5.909,8.024,6.0136,6.045249999999999,6.3165,7.1941,18,6,0,0,0,0.0,23.0,3,BTGOXD2,mg/L,reported_gmt_minus_4_unconverted
2016-12-02,24,24,19,0.791667,standard,True,True,True,False,6.217263157894736,6.095,0.7056311471225414,5.17,7.802,5.4204,5.7490000000000006,6.434,7.194399999999999,19,5,0,0,0,0.0,23.0,3,BTGOXD2,mg/L,reported_gmt_minus_4_unconverted
2016-12-03,24,24,24,1.0,high,True,True,True,True,6.488666666666667,6.6665,0.8371753058670707,4.879,7.494,5.3386,5.8012500000000005,7.1435,7.4703,24,0,0,0,0,0.0,23.0,0,BTGOXD2,mg/L,reported_gmt_minus_4_unconverted
2016-12-04,24,24,1,0.041667,weak,False,False,False,False,7.014,7.014,,7.014,7.014,7.014,7.014,7.014,7.014,1,23,0,0,0,0.0,0.0,23,BTGOXD2,mg/L,reported_gmt_minus_4_unconverted
2016-12-05,24,24,24,1.0,high,True,True,True,True,4.354083333333333,4.4625,0.7004391738273096,2.727,5.272,3.4206000000000003,4.04575,4.87775,5.1076999999999995,24,0,0,0,0,0.0,23.0,0,BTGOXD2,mg/L,reported_gmt_minus_4_unconverted
2016-12-06,24,24,24,1.0,high,True,True,True,True,4.3373333333333335,4.0765,0.708614733532764,3.299,5.53,3.6638,3.795,4.8919999999999995,5.4649,24,0,0,0,0,0.0,23.0,0,BTGOXD2,mg/L,reported_gmt_minus_4_unconverted
2016-12-07,24,24,24,1.0,high,True,True,True,True,5.847916666666666,6.0245,0.7113073032875066,4.61,6.675,4.6536,5.33325,6.4945,6.5939000000000005,24,0,0,0,0,0.0,23.0,0,BTGOXD2,mg/L,reported_gmt_minus_4_unconverted
2016-12-08,24,24,24,1.0,high,True,True,True,True,6.29975,6.337,0.30905455406983473,5.459,6.681,5.8396,6.22275,6.547,6.6299,24,0,0,0,0,0.0,23.0,0,BTGOXD2,mg/L,reported_gmt_minus_4_unconverted
2016-12-09,24,24,24,1.0,high,True,True,True,True,6.619875,6.5915,0.2644083325168627,6.044,6.97,6.3335,6.39375,6.86525,6.9216999999999995,24,0,0,0,0,0.0,23.0,0,BTGOXD2,mg/L,reported_gmt_minus_4_unconverted
2016-12-10,24,24,24,1.0,high,True,True,True,True,6.168708333333332,6.432,0.8487615775821324,3.761,6.936,4.9221,6.19625,6.672499999999999,6.7577,24,0,0,0,0,0.0,23.0,0,BTGOXD2,mg/L,reported_gmt_minus_4_unconverted
2016-12-11,24,24,1,0.041667,weak,False,False,False,False,3.839,3.839,,3.839,3.839,3.839,3.839,3.839,3.839,1,23,0,0,0,0.0,0.0,23,BTGOXD2,mg/L,reported_gmt_minus_4_unconverted
2016-12-12,24,24,24,1.0,high,True,True,True,True,6.437750000000001,6.7435,0.7137990369966825,4.77,7.275,5.2959000000000005,6.1425,6.94225,7.076499999999999,24,0,0,0,0,0.0,23.0,0,BTGOXD2,mg/L,reported_gmt_minus_4_unconverted
2016-12-13,24,24,24,1.0,high,True,True,True,True,6.749666666666666,6.423500000000001,1.1975625123618778,5.393,9.091,5.5511,5.7235,7.626,8.6385,24,0,0,0,0,0.0,23.0,0,BTGOXD2,mg/L,reported_gmt_minus_4_unconverted
2016-12-14,24,24,24,1.0,high,True,True,True,True,7.0021249999999995,7.116,0.6553327938171367,5.828,8.119,6.2329,6.43375,7.494,7.786499999999999,24,0,0,0,0,0.0,23.0,0,BTGOXD2,mg/L,reported_gmt_minus_4_unconverted
2016-12-15,24,24,24,1.0,high,True,True,True,True,7.654416666666667,7.7865,0.31783423580425585,6.873,8.091,7.3014,7.34825,7.8575,7.965,24,0,0,0,0,0.0,23.0,0,BTGOXD2,mg/L,reported_gmt_minus_4_unconverted
2016-12-16,24,24,24,1.0,high,True,True,True,True,8.138166666666667,8.0435,0.5255819686757732,7.342,9.01,7.556,7.74075,8.59075,8.8336,24,0,0,0,0,0.0,23.0,0,BTGOXD2,mg/L,reported_gmt_minus_4_unconverted
2016-12-17,24,24,24,1.0,high,True,True,True,True,7.917291666666666,7.7205,0.7520606173051807,6.897,9.454,7.0895,7.3345,8.4235,8.9561,24,0,0,0,0,0.0,23.0,0,BTGOXD2,mg/L,reported_gmt_minus_4_unconverted
2016-12-18,24,24,1,0.041667,weak,False,False,False,False,6.806,6.806,,6.806,6.806,6.806,6.806,6.806,6.806,1,23,0,0,0,0.0,0.0,23,BTGOXD2,mg/L,reported_gmt_minus_4_unconverted
2016-12-19,24,24,24,1.0,high,True,True,True,True,5.150958333333333,5.0655,1.20328194242705,3.61,7.52,3.8251,4.14275,5.7675,6.9215,24,0,0,0,0,0.0,23.0,0,BTGOXD2,mg/L,reported_gmt_minus_4_unconverted
2016-12-20,24,24,24,1.0,high,True,True,True,True,5.636291666666666,5.41,0.5943279345955224,4.535,6.739,5.0866999999999996,5.253,6.1655,6.4081,24,0,0,0,0,0.0,23.0,0,BTGOXD2,mg/L,reported_gmt_minus_4_unconverted
2016-12-21,24,24,24,1.0,high,True,True,True,True,5.3687499999999995,5.298,0.9612541739605202,3.905,7.549,4.314,4.66875,5.67225,6.7399,24,0,0,0,0,0.0,23.0,0,BTGOXD2,mg/L,reported_gmt_minus_4_unconverted
2016-12-22,24,24,24,1.0,high,True,True,True,True,4.206166666666666,3.9160000000000004,0.8726593870446254,3.029,6.781,3.5886,3.72175,4.357,5.3163,24,0,0,0,0,0.0,23.0,0,BTGOXD2,mg/L,reported_gmt_minus_4_unconverted
2016-12-23,24,24,24,1.0,high,True,True,True,True,4.516583333333333,4.7435,0.9244228712702517,3.017,5.815,3.1241,3.78375,5.184,5.5818,24,0,0,0,0,0.0,23.0,0,BTGOXD2,mg/L,reported_gmt_minus_4_unconverted
2016-12-24,24,24,24,1.0,high,True,True,True,True,5.101541666666667,5.0215,0.592116173909983,4.284,5.945,4.4247,4.46775,5.6495,5.8335,24,0,0,0,0,0.0,23.0,0,BTGOXD2,mg/L,reported_gmt_minus_4_unconverted
2016-12-25,24,24,2,0.083333,weak,False,False,False,False,5.7605,5.7605,0.24112341238461285,5.59,5.931,5.6241,5.67525,5.84575,5.8969000000000005,2,22,0,0,0,0.0,1.0,22,BTGOXD2,mg/L,reported_gmt_minus_4_unconverted
2016-12-26,24,24,24,1.0,high,True,True,True,True,4.781833333333334,4.991,1.5548805536863224,2.016,6.828,2.3222,3.88475,6.123,6.5263,24,0,0,0,0,0.0,23.0,0,BTGOXD2,mg/L,reported_gmt_minus_4_unconverted
2016-12-27,24,24,24,1.0,high,True,True,True,True,3.1779999999999995,2.9074999999999998,0.6314243388183369,2.399,4.556,2.5779,2.7422500000000003,3.54025,4.249,24,0,0,0,0,0.0,23.0,0,BTGOXD2,mg/L,reported_gmt_minus_4_unconverted
2016-12-28,24,24,24,1.0,high,True,True,True,True,5.255458333333333,5.826499999999999,1.0062665814638854,3.241,6.226,3.5873,4.50525,5.94875,6.132,24,0,0,0,0,0.0,23.0,0,BTGOXD2,mg/L,reported_gmt_minus_4_unconverted
2016-12-29,24,24,24,1.0,high,True,True,True,True,6.269083333333334,6.3345,0.6741541506514512,5.197,7.483,5.3858,5.69575,6.780749999999999,7.079899999999999,24,0,0,0,0,0.0,23.0,0,BTGOXD2,mg/L,reported_gmt_minus_4_unconverted
2016-12-30,24,24,24,1.0,high,True,True,True,True,6.035666666666667,5.8740000000000006,0.8444744528103116,4.45,7.159,5.0945,5.3115,6.835,7.0313,24,0,0,0,0,0.0,23.0,0,BTGOXD2,mg/L,reported_gmt_minus_4_unconverted
2016-12-31,24,24,24,1.0,high,True,True,True,True,4.979666666666667,4.705,0.7549479490647693,3.659,6.418,4.139,4.502,5.5465,6.089499999999999,24,0,0,0,0,0.0,23.0,0,BTGOXD2,mg/L,reported_gmt_minus_4_unconverted
2017-01-01,24,24,1,0.041667,weak,False,False,False,False,4.29,4.29,,4.29,4.29,4.29,4.29,4.29,4.29,1,23,0,0,0,0.0,0.0,23,BTGOXD2,mg/L,reported_gmt_minus_4_unconverted
2017-01-02,24,24,24,1.0,high,True,True,True,True,6.593416666666666,7.3815,1.1534545058655108,4.749,7.861,4.9639,5.218,7.52425,7.594799999999999,24,0,0,0,0,0.0,23.0,0,BTGOXD2,mg/L,reported_gmt_minus_4_unconverted
2017-01-03,24,24,24,1.0,high,True,True,True,True,6.144749999999999,6.7379999999999995,1.4114256822524305,4.135,8.258,4.2623999999999995,4.732,7.3317499999999995,7.662,24,0,0,0,0,0.0,23.0,0,BTGOXD2,mg/L,reported_gmt_minus_4_unconverted
2017-01-04,24,24,10,0.416667,weak,False,False,False,False,5.9785,5.7885,0.659129771407388,5.438,7.548,5.4524,5.516,6.18075,6.603899999999999,10,14,0,0,0,0.0,9.0,14,BTGOXD2,mg/L,reported_gmt_minus_4_unconverted
2017-01-05,24,24,0,0.0,missing,False,False,False,False,,,,,,,,,,0,24,0,0,0,,,24,BTGOXD2,mg/L,reported_gmt_minus_4_unconverted
2017-01-06,24,24,0,0.0,missing,False,False,False,False,,,,,,,,,,0,24,0,0,0,,,24,BTGOXD2,mg/L,reported_gmt_minus_4_unconverted
2017-01-07,24,24,0,0.0,missing,False,False,False,False,,,,,,,,,,0,24,0,0,0,,,24,BTGOXD2,mg/L,reported_gmt_minus_4_unconverted
2017-01-08,24,24,0,0.0,missing,False,False,False,False,,,,,,,,,,0,24,0,0,0,,,24,BTGOXD2,mg/L,reported_gmt_minus_4_unconverted
2017-01-09,24,24,0,0.0,missing,False,False,False,False,,,,,,,,,,0,24,0,0,0,,,24,BTGOXD2,mg/L,reported_gmt_minus_4_unconverted
2017-01-10,24,24,0,0.0,missing,False,False,False,False,,,,,,,,,,0,24,0,0,0,,,24,BTGOXD2,mg/L,reported_gmt_minus_4_unconverted
2017-01-11,24,24,0,0.0,missing,False,False,False,False,,,,,,,,,,0,24,0,0,0,,,24,BTGOXD2,mg/L,reported_gmt_minus_4_unconverted
2017-01-12,24,24,0,0.0,missing,False,False,False,False,,,,,,,,,,0,24,0,0,0,,,24,BTGOXD2,mg/L,reported_gmt_minus_4_unconverted
2017-01-13,24,24,0,0.0,missing,False,False,False,False,,,,,,,,,,0,24,0,0,0,,,24,BTGOXD2,mg/L,reported_gmt_minus_4_unconverted
2017-01-14,24,24,0,0.0,missing,False,False,False,False,,,,,,,,,,0,24,0,0,0,,,24,BTGOXD2,mg/L,reported_gmt_minus_4_unconverted
2017-01-15,24,24,0,0.0,missing,False,False,False,False,,,,,,,,,,0,24,0,0,0,,,24,BTGOXD2,mg/L,reported_gmt_minus_4_unconverted
2017-01-16,24,24,0,0.0,missing,False,False,False,False,,,,,,,,,,0,24,0,0,0,,,24,BTGOXD2,mg/L,reported_gmt_minus_4_unconverted
2017-01-17,24,24,0,0.0,missing,False,False,False,False,,,,,,,,,,0,24,0,0,0,,,24,BTGOXD2,mg/L,reported_gmt_minus_4_unconverted
2017-01-18,24,24,0,0.0,missing,False,False,False,False,,,,,,,,,,0,24,0,0,0,,,24,BTGOXD2,mg/L,reported_gmt_minus_4_unconverted
2017-01-19,24,24,0,0.0,missing,False,False,False,False,,,,,,,,,,0,24,0,0,0,,,24,BTGOXD2,mg/L,reported_gmt_minus_4_unconverted
2017-01-20,24,24,0,0.0,missing,False,False,False,False,,,,,,,,,,0,24,0,0,0,,,24,BTGOXD2,mg/L,reported_gmt_minus_4_unconverted
2017-01-21,24,24,0,0.0,missing,False,False,False,False,,,,,,,,,,0,24,0,0,0,,,24,BTGOXD2,mg/L,reported_gmt_minus_4_unconverted
2017-01-22,24,24,0,0.0,missing,False,False,False,False,,,,,,,,,,0,24,0,0,0,,,24,BTGOXD2,mg/L,reported_gmt_minus_4_unconverted
2017-01-23,24,24,0,0.0,missing,False,False,False,False,,,,,,,,,,0,24,0,0,0,,,24,BTGOXD2,mg/L,reported_gmt_minus_4_unconverted
2017-01-24,24,24,0,0.0,missing,False,False,False,False,,,,,,,,,,0,24,0,0,0,,,24,BTGOXD2,mg/L,reported_gmt_minus_4_unconverted
2017-01-25,24,24,0,0.0,missing,False,False,False,False,,,,,,,,,,0,24,0,0,0,,,24,BTGOXD2,mg/L,reported_gmt_minus_4_unconverted
2017-01-26,24,24,0,0.0,missing,False,False,False,False,,,,,,,,,,0,24,0,0,0,,,24,BTGOXD2,mg/L,reported_gmt_minus_4_unconverted
2017-01-27,24,24,0,0.0,missing,False,False,False,False,,,,,,,,,,0,24,0,0,0,,,24,BTGOXD2,mg/L,reported_gmt_minus_4_unconverted
2017-01-28,24,24,0,0.0,missing,False,False,False,False,,,,,,,,,,0,24,0,0,0,,,24,BTGOXD2,mg/L,reported_gmt_minus_4_unconverted
2017-01-29,24,24,0,0.0,missing,False,False,False,False,,,,,,,,,,0,24,0,0,0,,,24,BTGOXD2,mg/L,reported_gmt_minus_4_unconverted
2017-01-30,24,24,0,0.0,missing,False,False,False,False,,,,,,,,,,0,24,0,0,0,,,24,BTGOXD2,mg/L,reported_gmt_minus_4_unconverted
2017-01-31,24,24,0,0.0,missing,False,False,False,False,,,,,,,,,,0,24,0,0,0,,,24,BTGOXD2,mg/L,reported_gmt_minus_4_unconverted
2017-02-01,24,24,0,0.0,missing,False,False,False,False,,,,,,,,,,0,24,0,0,0,,,24,BTGOXD2,mg/L,reported_gmt_minus_4_unconverted
2017-02-02,24,24,0,0.0,missing,False,False,False,False,,,,,,,,,,0,24,0,0,0,,,24,BTGOXD2,mg/L,reported_gmt_minus_4_unconverted
2017-02-03,24,24,0,0.0,missing,False,False,False,False,,,,,,,,,,0,24,0,0,0,,,24,BTGOXD2,mg/L,reported_gmt_minus_4_unconverted
2017-02-04,24,24,0,0.0,missing,False,False,False,False,,,,,,,,,,0,24,0,0,0,,,24,BTGOXD2,mg/L,reported_gmt_minus_4_unconverted
2017-02-05,24,24,0,0.0,missing,False,False,False,False,,,,,,,,,,0,24,0,0,0,,,24,BTGOXD2,mg/L,reported_gmt_minus_4_unconverted
2017-02-06,24,24,0,0.0,missing,False,False,False,False,,,,,,,,,,0,24,0,0,0,,,24,BTGOXD2,mg/L,reported_gmt_minus_4_unconverted
2017-02-07,24,24,0,0.0,missing,False,False,False,False,,,,,,,,,,0,24,0,0,0,,,24,BTGOXD2,mg/L,reported_gmt_minus_4_unconverted
2017-02-08,24,24,0,0.0,missing,False,False,False,False,,,,,,,,,,0,24,0,0,0,,,24,BTGOXD2,mg/L,reported_gmt_minus_4_unconverted
2017-02-09,24,24,24,1.0,high,True,True,True,True,5.5464166666666666,5.692,0.5112496128767889,4.582,6.172,4.7624,5.165,5.96025,6.0876,24,0,0,0,0,0.0,23.0,0,BTGOXD2,mg/L,reported_gmt_minus_4_unconverted
2017-02-10,24,24,24,1.0,high,True,True,True,True,5.213500000000001,5.089,0.3469016901208406,4.806,6.16,4.898899999999999,4.95875,5.36925,5.6427000000000005,24,0,0,0,0,0.0,23.0,0,BTGOXD2,mg/L,reported_gmt_minus_4_unconverted
2017-02-11,24,24,24,1.0,high,True,True,True,True,5.7207083333333335,5.676500000000001,0.6846113133467185,4.72,6.974,5.0612,5.152,6.203749999999999,6.7715,24,0,0,0,0,0.0,23.0,0,BTGOXD2,mg/L,reported_gmt_minus_4_unconverted
2017-02-12,24,24,24,1.0,high,True,True,True,True,6.503541666666667,6.14,1.120497210254629,5.021,8.58,5.2645,5.65075,7.7725,8.0063,24,0,0,0,0,0.0,23.0,0,BTGOXD2,mg/L,reported_gmt_minus_4_unconverted
2017-02-13,24,24,24,1.0,high,True,True,True,True,7.957083333333334,7.9755,0.4238377372724517,7.13,8.981,7.4061,7.699249999999999,8.18,8.458599999999999,24,0,0,0,0,0.0,23.0,0,BTGOXD2,mg/L,reported_gmt_minus_4_unconverted
2017-02-14,24,24,24,1.0,high,True,True,True,True,7.752208333333333,7.769,0.33675523031562193,7.056,8.254,7.389,7.49275,8.0215,8.2074,24,0,0,0,0,0.0,23.0,0,BTGOXD2,mg/L,reported_gmt_minus_4_unconverted
2017-02-15,24,24,24,1.0,high,True,True,True,True,8.212833333333334,8.166,0.8158680981771428,6.503,9.527,7.1815,7.776,8.815999999999999,9.1576,24,0,0,0,0,0.0,23.0,0,BTGOXD2,mg/L,reported_gmt_minus_4_unconverted
2017-02-16,24,24,24,1.0,high,True,True,True,True,7.425541666666668,7.324999999999999,0.6370200992779254,6.158,8.556,6.7317,6.9715,7.9239999999999995,8.2854,24,0,0,0,0,0.0,23.0,0,BTGOXD2,mg/L,reported_gmt_minus_4_unconverted
2017-02-17,24,24,24,1.0,high,True,True,True,True,7.802875,7.5015,0.9072255034612039,6.955,10.405,7.0686,7.1635,8.2315,8.8501,24,0,0,0,0,0.0,23.0,0,BTGOXD2,mg/L,reported_gmt_minus_4_unconverted
2017-02-18,24,24,24,1.0,high,True,True,True,True,8.094625,7.945,1.1937784301190029,6.261,11.068,6.5795,7.43875,8.62475,9.3277,24,0,0,0,0,0.0,23.0,0,BTGOXD2,mg/L,reported_gmt_minus_4_unconverted
2017-02-19,24,24,24,1.0,high,True,True,True,True,7.3538749999999995,6.904999999999999,1.386017419819635,5.222,10.108,5.6671000000000005,6.54575,8.6815,9.2794,24,0,0,0,0,0.0,23.0,0,BTGOXD2,mg/L,reported_gmt_minus_4_unconverted
2017-02-20,24,24,24,1.0,high,True,True,True,True,7.436458333333334,7.029,1.1976699472459982,5.704,9.558,6.0965,6.432499999999999,8.56175,9.010499999999999,24,0,0,0,0,0.0,23.0,0,BTGOXD2,mg/L,reported_gmt_minus_4_unconverted
2017-02-21,24,24,24,1.0,high,True,True,True,True,8.529541666666667,8.620999999999999,0.5159480070845246,7.405,9.507,7.8733,8.17275,8.888,9.010299999999999,24,0,0,0,0,0.0,23.0,0,BTGOXD2,mg/L,reported_gmt_minus_4_unconverted
2017-02-22,24,24,24,1.0,high,True,True,True,True,9.420833333333333,9.39,0.4880627780955221,8.41,10.006,8.681,9.21,9.8825,9.9441,24,0,0,0,0,0.0,23.0,0,BTGOXD2,mg/L,reported_gmt_minus_4_unconverted
2017-02-23,24,24,24,1.0,high,True,True,True,True,9.028333333333334,9.382,0.8969843034188001,6.928,10.032,7.4843,8.64925,9.719999999999999,9.8687,24,0,0,0,0,0.0,23.0,0,BTGOXD2,mg/L,reported_gmt_minus_4_unconverted
2017-02-24,24,24,24,1.0,high,True,True,True,True,8.307375,8.318000000000001,0.9034857046341469,6.843,9.505,7.0853,7.5447500000000005,9.2295,9.4699,24,0,0,0,0,0.0,23.0,0,BTGOXD2,mg/L,reported_gmt_minus_4_unconverted
2017-02-25,24,24,24,1.0,high,True,True,True,True,7.713333333333334,7.791,0.75592647828986,6.14,9.522,6.9705,7.15525,8.053749999999999,8.5276,24,0,0,0,0,0.0,23.0,0,BTGOXD2,mg/L,reported_gmt_minus_4_unconverted
2017-02-26,24,24,24,1.0,high,True,True,True,True,8.07175,8.4785,1.2196406901393042,5.943,9.502,6.2578,7.085,9.115749999999998,9.353200000000001,24,0,0,0,0,0.0,23.0,0,BTGOXD2,mg/L,reported_gmt_minus_4_unconverted
2017-02-27,24,24,24,1.0,high,True,True,True,True,8.794833333333335,8.8065,0.743767592655164,7.455,9.785,7.7961,8.331,9.547749999999999,9.6802,24,0,0,0,0,0.0,23.0,0,BTGOXD2,mg/L,reported_gmt_minus_4_unconverted
2017-02-28,24,24,24,1.0,high,True,True,True,True,8.043583333333332,7.92,0.6278343672925392,7.273,9.639,7.371,7.577500000000001,8.42825,8.8575,24,0,0,0,0,0.0,23.0,0,BTGOXD2,mg/L,reported_gmt_minus_4_unconverted
2017-03-01,24,24,24,1.0,high,True,True,True,True,7.2692499999999995,6.8515,0.8909319131746508,6.128,9.179,6.442,6.49125,7.782,8.6672,24,0,0,0,0,0.0,23.0,0,BTGOXD2,mg/L,reported_gmt_minus_4_unconverted
2017-03-02,24,24,24,1.0,high,True,True,True,True,7.636291666666668,7.684,0.5805846737606817,6.642,8.371,6.8668,7.08525,8.227500000000001,8.2919,24,0,0,0,0,0.0,23.0,0,BTGOXD2,mg/L,reported_gmt_minus_4_unconverted
2017-03-03,24,24,24,1.0,high,True,True,True,True,7.53775,7.7745,0.6538137781675597,6.494,8.474,6.6267,6.86425,8.0935,8.259799999999998,24,0,0,0,0,0.0,23.0,0,BTGOXD2,mg/L,reported_gmt_minus_4_unconverted
2017-03-04,24,24,24,1.0,high,True,True,True,True,6.977,7.1915,0.8643520317455201,4.511,8.087,6.142,6.88725,7.44575,7.619,24,0,0,0,0,0.0,23.0,0,BTGOXD2,mg/L,reported_gmt_minus_4_unconverted
2017-03-05,24,24,24,1.0,high,True,True,True,True,6.656125,6.9205000000000005,0.8496149159676886,5.114,7.824,5.4853,5.92975,7.4215,7.5575,24,0,0,0,0,0.0,23.0,0,BTGOXD2,mg/L,reported_gmt_minus_4_unconverted
2017-03-06,24,24,24,1.0,high,True,True,True,True,7.948291666666667,8.053,0.4855544100766952,6.954,8.542,7.220000000000001,7.65975,8.42025,8.4703,24,0,0,0,0,0.0,23.0,0,BTGOXD2,mg/L,reported_gmt_minus_4_unconverted
2017-03-07,24,24,24,1.0,high,True,True,True,True,8.230583333333334,8.239,0.15509069342937945,7.876,8.44,8.0034,8.151250000000001,8.356,8.3997,24,0,0,0,0,0.0,23.0,0,BTGOXD2,mg/L,reported_gmt_minus_4_unconverted
2017-03-08,24,24,24,1.0,high,True,True,True,True,7.943708333333333,8.112,0.49627302085836184,6.449,8.535,7.2073,7.951499999999999,8.188,8.346499999999999,24,0,0,0,0,0.0,23.0,0,BTGOXD2,mg/L,reported_gmt_minus_4_unconverted
2017-03-09,24,24,24,1.0,high,True,True,True,True,6.895416666666667,7.1355,0.9663427655752953,4.348,7.851,5.7397,6.6355,7.611,7.7442,24,0,0,0,0,0.0,23.0,0,BTGOXD2,mg/L,reported_gmt_minus_4_unconverted
2017-03-10,24,24,24,1.0,high,True,True,True,True,5.201708333333333,5.211499999999999,0.6323984351633877,3.782,6.448,4.3572,4.9325,5.624750000000001,5.8288,24,0,0,0,0,0.0,23.0,0,BTGOXD2,mg/L,reported_gmt_minus_4_unconverted
2017-03-11,24,24,1,0.041667,weak,False,False,False,False,3.685,3.685,,3.685,3.685,3.685,3.685,3.685,3.685,1,23,0,0,0,0.0,0.0,23,BTGOXD2,mg/L,reported_gmt_minus_4_unconverted
2017-03-12,24,24,24,1.0,high,True,True,True,True,5.444166666666668,5.072,1.1558210583133444,3.886,7.472,4.0517,4.6705000000000005,6.6129999999999995,7.0614,24,0,0,0,0,0.0,23.0,0,BTGOXD2,mg/L,reported_gmt_minus_4_unconverted
2017-03-13,24,24,24,1.0,high,True,True,True,True,7.665083333333333,7.7435,0.9648787225736521,5.425,9.076,6.0796,7.574,8.048,8.9213,24,0,0,0,0,0.0,23.0,0,BTGOXD2,mg/L,reported_gmt_minus_4_unconverted
2017-03-14,24,24,24,1.0,high,True,True,True,True,7.212875,7.378,0.7014454215032172,5.575,8.282,6.3416,6.75625,7.664499999999999,7.9637,24,0,0,0,0,0.0,23.0,0,BTGOXD2,mg/L,reported_gmt_minus_4_unconverted
2017-03-15,24,24,24,1.0,high,True,True,True,True,6.721333333333334,6.567,0.9776428914426808,5.313,9.184,5.8264,5.9437500000000005,7.23425,8.0771,24,0,0,0,0,0.0,23.0,0,BTGOXD2,mg/L,reported_gmt_minus_4_unconverted
2017-03-16,24,24,24,1.0,high,True,True,True,True,6.474666666666667,5.9595,1.6025194475294657,4.793,10.776,5.0333,5.404,7.1205,8.9896,24,0,0,0,0,0.0,23.0,0,BTGOXD2,mg/L,reported_gmt_minus_4_unconverted
2017-03-17,24,24,24,1.0,high,True,True,True,True,6.5873333333333335,6.2925,1.4505422874002096,4.749,10.242,5.0917,5.6655,6.93825,8.864,24,0,0,0,0,0.0,23.0,0,BTGOXD2,mg/L,reported_gmt_minus_4_unconverted
2017-03-18,24,24,1,0.041667,weak,False,False,False,False,5.697,5.697,,5.697,5.697,5.697,5.697,5.697,5.697,1,23,0,0,0,0.0,0.0,23,BTGOXD2,mg/L,reported_gmt_minus_4_unconverted
2017-03-19,24,24,1,0.041667,weak,False,False,False,False,7.752,7.752,,7.752,7.752,7.752,7.752,7.752,7.752,1,23,0,0,0,0.0,0.0,23,BTGOXD2,mg/L,reported_gmt_minus_4_unconverted
2017-03-20,24,24,24,1.0,high,True,True,True,True,7.74875,7.814,0.7586143690107413,6.234,8.721,6.6291,7.21575,8.365749999999998,8.5899,24,0,0,0,0,0.0,23.0,0,BTGOXD2,mg/L,reported_gmt_minus_4_unconverted
2017-03-21,24,24,24,1.0,high,True,True,True,True,6.819458333333334,6.758,1.0833163245599002,5.122,8.727,5.5354,5.85275,7.718999999999999,8.2263,24,0,0,0,0,0.0,23.0,0,BTGOXD2,mg/L,reported_gmt_minus_4_unconverted
2017-03-22,24,24,24,1.0,high,True,True,True,True,6.631625,6.855499999999999,1.1832147738626986,4.401,8.734,4.8725000000000005,5.8365,7.52425,7.952,24,0,0,0,0,0.0,23.0,0,BTGOXD2,mg/L,reported_gmt_minus_4_unconverted
2017-03-23,24,24,24,1.0,high,True,True,True,True,7.131791666666667,6.96,1.2295722826204265,4.797,9.179,5.8132,6.20075,8.0055,8.8581,24,0,0,0,0,0.0,23.0,0,BTGOXD2,mg/L,reported_gmt_minus_4_unconverted
2017-03-24,24,24,24,1.0,high,True,True,True,True,7.8965000000000005,7.963,0.831894328573674,6.467,9.537,6.7167,7.46025,8.50825,8.7002,24,0,0,0,0,0.0,23.0,0,BTGOXD2,mg/L,reported_gmt_minus_4_unconverted
2017-03-25,24,24,1,0.041667,weak,False,False,False,False,7.89,7.89,,7.89,7.89,7.89,7.89,7.89,7.89,1,23,0,0,0,0.0,0.0,23,BTGOXD2,mg/L,reported_gmt_minus_4_unconverted
2017-03-26,24,24,1,0.041667,weak,False,False,False,False,7.471,7.471,,7.471,7.471,7.471,7.471,7.471,7.471,1,23,0,0,0,0.0,0.0,23,BTGOXD2,mg/L,reported_gmt_minus_4_unconverted
2017-03-27,24,24,24,1.0,high,True,True,True,True,6.158916666666666,6.084,0.826011628335175,5.107,8.635,5.269100000000001,5.6755,6.4425,7.11,24,0,0,0,0,0.0,23.0,0,BTGOXD2,mg/L,reported_gmt_minus_4_unconverted
2017-03-28,24,24,24,1.0,high,True,True,True,True,6.854333333333333,7.013,1.1790830876304823,4.936,8.844,5.4601999999999995,5.78275,7.561999999999999,8.4648,24,0,0,0,0,0.0,23.0,0,BTGOXD2,mg/L,reported_gmt_minus_4_unconverted
2017-03-29,24,24,20,0.833333,standard,True,True,True,False,7.786500000000001,7.7295,0.7486615073793892,6.469,8.897,6.805,7.2825,8.436,8.8208,20,4,0,0,0,0.0,23.0,4,BTGOXD2,mg/L,reported_gmt_minus_4_unconverted
2017-03-30,24,24,24,1.0,high,True,True,True,True,6.108666666666667,6.1255,0.6431215090185671,5.027,7.831,5.1667,5.79175,6.4845,6.7017999999999995,24,0,0,0,0,0.0,23.0,0,BTGOXD2,mg/L,reported_gmt_minus_4_unconverted
2017-03-31,24,24,24,1.0,high,True,True,True,True,6.4004166666666675,6.2625,0.8945054459049555,5.103,8.249,5.348,5.79025,6.889,7.636299999999999,24,0,0,0,0,0.0,23.0,0,BTGOXD2,mg/L,reported_gmt_minus_4_unconverted
2017-04-01,24,24,1,0.041667,weak,False,False,False,False,5.217,5.217,,5.217,5.217,5.217,5.217,5.217,5.217,1,23,0,0,0,0.0,0.0,23,BTGOXD2,mg/L,reported_gmt_minus_4_unconverted
2017-04-02,24,24,24,1.0,high,True,True,True,True,4.832291666666666,4.4399999999999995,0.8692561277205414,3.725,6.557,4.042800000000001,4.1555,5.521,6.233899999999999,24,0,0,0,0,0.0,23.0,0,BTGOXD2,mg/L,reported_gmt_minus_4_unconverted
2017-04-03,24,24,24,1.0,high,True,True,True,True,4.9917083333333325,4.7205,0.9182953242482681,4.009,7.499,4.0723,4.15125,5.61525,5.8,24,0,0,0,0,0.0,23.0,0,BTGOXD2,mg/L,reported_gmt_minus_4_unconverted
2017-04-04,24,24,24,1.0,high,True,True,True,True,6.385749999999999,6.1145,1.6882812008203723,4.264,10.087,4.5085999999999995,4.80275,7.4727500000000004,8.5021,24,0,0,0,0,0.0,23.0,0,BTGOXD2,mg/L,reported_gmt_minus_4_unconverted
2017-04-05,24,24,24,1.0,high,True,True,True,True,5.868833333333334,5.8614999999999995,1.0683598834567452,4.279,7.651,4.6247,4.8475,6.758,7.2144,24,0,0,0,0,0.0,23.0,0,BTGOXD2,mg/L,reported_gmt_minus_4_unconverted
2017-04-06,24,24,24,1.0,high,True,True,True,True,5.952583333333334,5.3165,1.6374526854542846,4.658,10.655,4.9096,5.054,5.9254999999999995,8.726699999999997,24,0,0,0,0,0.0,23.0,0,BTGOXD2,mg/L,reported_gmt_minus_4_unconverted
2017-04-07,24,24,24,1.0,high,True,True,True,True,6.513749999999999,6.247999999999999,2.0241283523918443,3.925,10.552,4.0235,4.64875,8.03,9.1708,24,0,0,0,0,0.0,23.0,0,BTGOXD2,mg/L,reported_gmt_minus_4_unconverted
2017-04-08,24,24,24,1.0,high,True,True,True,True,3.7685833333333334,3.476,0.9355862108704972,2.6,5.881,2.8473,3.09525,4.0715,5.2852,24,0,0,0,0,0.0,23.0,0,BTGOXD2,mg/L,reported_gmt_minus_4_unconverted
2017-04-09,24,24,24,1.0,high,True,True,True,True,3.4254583333333333,3.1595,0.8058694995855835,2.809,6.117,2.875,2.9987500000000002,3.45825,4.2726999999999995,24,0,0,0,0,0.0,23.0,0,BTGOXD2,mg/L,reported_gmt_minus_4_unconverted
2017-04-10,24,24,24,1.0,high,True,True,True,True,3.8400833333333337,3.737,0.8857024191918632,2.789,5.892,2.8979,2.9537500000000003,4.268,4.9161,24,0,0,0,0,0.0,23.0,0,BTGOXD2,mg/L,reported_gmt_minus_4_unconverted
2017-04-11,24,24,24,1.0,high,True,True,True,True,6.142458333333333,5.819000000000001,1.602220388118142,3.291,9.36,4.245699999999999,5.39925,6.56775,8.8828,24,0,0,0,0,0.0,23.0,0,BTGOXD2,mg/L,reported_gmt_minus_4_unconverted
2017-04-12,24,24,24,1.0,high,True,True,True,True,8.008291666666667,8.1445,1.4893419754802915,5.964,10.146,6.2316,6.4565,9.52,9.782200000000001,24,0,0,0,0,0.0,23.0,0,BTGOXD2,mg/L,reported_gmt_minus_4_unconverted
2017-04-13,24,24,24,1.0,high,True,True,True,True,8.676041666666666,8.5825,1.1688582492689428,6.762,10.876,7.391500000000001,7.688750000000001,9.342,10.383799999999999,24,0,0,0,0,0.0,23.0,0,BTGOXD2,mg/L,reported_gmt_minus_4_unconverted
2017-04-14,24,24,24,1.0,high,True,True,True,True,7.965625,8.132000000000001,1.0864140780167768,5.354,9.823,6.385400000000001,7.445,8.660499999999999,9.0638,24,0,0,0,0,0.0,23.0,0,BTGOXD2,mg/L,reported_gmt_minus_4_unconverted
2017-04-15,24,24,24,1.0,high,True,True,True,True,7.291833333333333,7.471,0.8834481686362063,5.54,8.916,5.9576,6.75075,7.8805000000000005,8.1443,24,0,0,0,0,0.0,23.0,0,BTGOXD2,mg/L,reported_gmt_minus_4_unconverted
2017-04-16,24,24,24,1.0,high,True,True,True,True,7.272125,7.2325,0.4171644772592178,6.619,8.267,6.8319,6.957750000000001,7.44775,7.8376,24,0,0,0,0,0.0,23.0,0,BTGOXD2,mg/L,reported_gmt_minus_4_unconverted
2017-04-17,24,24,24,1.0,high,True,True,True,True,7.14575,7.0945,0.31908173274870033,6.423,7.758,6.8788,7.0075,7.251250000000001,7.6105,24,0,0,0,0,0.0,23.0,0,BTGOXD2,mg/L,reported_gmt_minus_4_unconverted
2017-04-18,24,24,24,1.0,high,True,True,True,True,6.620958333333333,6.8065,0.7416156557119742,4.919,7.841,5.6547,6.0065,7.174,7.4418,24,0,0,0,0,0.0,23.0,0,BTGOXD2,mg/L,reported_gmt_minus_4_unconverted
2017-04-19,24,24,24,1.0,high,True,True,True,True,6.703958333333333,6.618499999999999,0.5179786363872773,5.756,7.684,6.054,6.36,7.0322499999999994,7.3873,24,0,0,0,0,0.0,23.0,0,BTGOXD2,mg/L,reported_gmt_minus_4_unconverted
2017-04-20,24,24,22,0.916667,high,True,True,True,True,5.936000000000001,5.6585,0.6772129158051649,4.768,7.453,5.4254,5.527,6.17825,6.997300000000001,22,2,0,0,0,0.0,23.0,2,BTGOXD2,mg/L,reported_gmt_minus_4_unconverted
2017-04-21,24,24,24,1.0,high,True,True,True,True,5.749041666666667,5.7885,0.41793763620141133,5.069,6.583,5.161499999999999,5.44975,6.016,6.2799,24,0,0,0,0,0.0,23.0,0,BTGOXD2,mg/L,reported_gmt_minus_4_unconverted
2017-04-22,24,24,24,1.0,high,True,True,True,True,5.321416666666667,5.271,1.0498005573178781,3.696,7.042,4.0131000000000006,4.52225,5.94625,6.8921,24,0,0,0,0,0.0,23.0,0,BTGOXD2,mg/L,reported_gmt_minus_4_unconverted
2017-04-23,24,24,24,1.0,high,True,True,True,True,6.541291666666666,7.064500000000001,1.1315864384807832,4.652,7.926,4.755199999999999,5.328749999999999,7.37425,7.554799999999999,24,0,0,0,0,0.0,23.0,0,BTGOXD2,mg/L,reported_gmt_minus_4_unconverted
2017-04-24,24,24,24,1.0,high,True,True,True,True,6.071958333333332,6.164,0.9309920598907975,4.373,7.716,4.6887,5.41225,6.7780000000000005,7.0078,24,0,0,0,0,0.0,23.0,0,BTGOXD2,mg/L,reported_gmt_minus_4_unconverted
2017-04-25,24,24,24,1.0,high,True,True,True,True,4.951458333333334,4.651,0.8366330544232777,3.816,6.619,4.1723,4.45725,5.245,6.3186,24,0,0,0,0,0.0,23.0,0,BTGOXD2,mg/L,reported_gmt_minus_4_unconverted
2017-04-26,24,24,24,1.0,high,True,True,True,True,4.453666666666667,4.2405,0.602113572030384,3.822,5.685,3.8752,3.9905,4.712,5.4636,24,0,0,0,0,0.0,23.0,0,BTGOXD2,mg/L,reported_gmt_minus_4_unconverted
2017-04-27,24,24,24,1.0,high,True,True,True,True,5.394916666666667,5.4275,0.6627175880035744,4.251,6.457,4.5743,4.84375,5.87275,6.2257,24,0,0,0,0,0.0,23.0,0,BTGOXD2,mg/L,reported_gmt_minus_4_unconverted
2017-04-28,24,24,24,1.0,high,True,True,True,True,6.270958333333334,6.35,0.5153387639860469,5.19,6.963,5.4771,5.87275,6.57225,6.9332,24,0,0,0,0,0.0,23.0,0,BTGOXD2,mg/L,reported_gmt_minus_4_unconverted
2017-04-29,24,24,24,1.0,high,True,True,True,True,6.583791666666667,6.668,0.4155302509959457,5.707,7.161,5.819,6.50375,6.816000000000001,7.0492,24,0,0,0,0,0.0,23.0,0,BTGOXD2,mg/L,reported_gmt_minus_4_unconverted
2017-04-30,24,24,24,1.0,high,True,True,True,True,6.885625,6.9325,0.23959636574510235,6.243,7.209,6.5404,6.82625,7.020250000000001,7.1258,24,0,0,0,0,0.0,23.0,0,BTGOXD2,mg/L,reported_gmt_minus_4_unconverted
2017-05-01,24,24,24,1.0,high,True,True,True,True,6.987708333333334,6.9845,0.12061165823190254,6.607,7.145,6.871600000000001,6.953,7.064500000000001,7.1238,24,0,0,0,0,0.0,23.0,0,BTGOXD2,mg/L,reported_gmt_minus_4_unconverted
2017-05-02,24,24,24,1.0,high,True,True,True,True,6.672250000000001,6.848000000000001,0.3806587253924324,5.83,7.172,6.013,6.499,6.909,6.9783,24,0,0,0,0,0.0,23.0,0,BTGOXD2,mg/L,reported_gmt_minus_4_unconverted
2017-05-03,24,24,24,1.0,high,True,True,True,True,6.019958333333334,6.2155000000000005,0.6672151389669353,4.626,6.88,5.011,5.50925,6.51025,6.7025,24,0,0,0,0,0.0,23.0,0,BTGOXD2,mg/L,reported_gmt_minus_4_unconverted
2017-05-04,24,24,24,1.0,high,True,True,True,True,6.467625000000001,6.665,0.41173512090008624,5.714,6.891,5.8678,6.10775,6.8345,6.8713,24,0,0,0,0,0.0,23.0,0,BTGOXD2,mg/L,reported_gmt_minus_4_unconverted
2017-05-05,24,24,1,0.041667,weak,False,False,False,False,6.315,6.315,,6.315,6.315,6.315,6.315,6.315,6.315,1,23,0,0,0,0.0,0.0,23,BTGOXD2,mg/L,reported_gmt_minus_4_unconverted
2017-05-06,24,24,24,1.0,high,True,True,True,True,6.339041666666667,6.4145,0.41042114946422564,5.359,6.929,5.8449,6.089,6.641249999999999,6.7966999999999995,24,0,0,0,0,0.0,23.0,0,BTGOXD2,mg/L,reported_gmt_minus_4_unconverted
2017-05-07,24,24,24,1.0,high,True,True,True,True,6.66525,6.733499999999999,0.28895602945175186,5.894,7.037,6.2357000000000005,6.58925,6.8215,6.9357,24,0,0,0,0,0.0,23.0,0,BTGOXD2,mg/L,reported_gmt_minus_4_unconverted
2017-05-08,24,24,24,1.0,high,True,True,True,True,6.6038749999999995,6.7044999999999995,0.43817460411992404,5.7,7.195,5.9222,6.3265,6.9515,7.0861,24,0,0,0,0,0.0,23.0,0,BTGOXD2,mg/L,reported_gmt_minus_4_unconverted
2017-05-09,24,24,24,1.0,high,True,True,True,True,6.413374999999999,6.4045000000000005,0.5200102685022922,5.501,7.327,5.8296,5.979,6.771,7.115399999999999,24,0,0,0,0,0.0,23.0,0,BTGOXD2,mg/L,reported_gmt_minus_4_unconverted
2017-05-10,24,24,1,0.041667,weak,False,False,False,False,6.393,6.393,,6.393,6.393,6.393,6.393,6.393,6.393,1,23,0,0,0,0.0,0.0,23,BTGOXD2,mg/L,reported_gmt_minus_4_unconverted
2017-05-11,24,24,0,0.0,missing,False,False,False,False,,,,,,,,,,0,24,0,0,0,,,24,BTGOXD2,mg/L,reported_gmt_minus_4_unconverted
2017-05-12,24,24,0,0.0,missing,False,False,False,False,,,,,,,,,,0,24,0,0,0,,,24,BTGOXD2,mg/L,reported_gmt_minus_4_unconverted
2017-05-13,24,24,0,0.0,missing,False,False,False,False,,,,,,,,,,0,24,0,0,0,,,24,BTGOXD2,mg/L,reported_gmt_minus_4_unconverted
2017-05-14,24,24,0,0.0,missing,False,False,False,False,,,,,,,,,,0,24,0,0,0,,,24,BTGOXD2,mg/L,reported_gmt_minus_4_unconverted
2017-05-15,24,24,6,0.25,weak,False,False,False,False,7.142,7.134,0.05538952969650501,7.075,7.205,7.088,7.10275,7.1922500000000005,7.204000000000001,6,18,0,0,0,18.0,23.0,18,BTGOXD2,mg/L,reported_gmt_minus_4_unconverted
2017-05-16,24,24,19,0.791667,standard,True,True,True,False,7.3713684210526305,7.454,0.2658423113481448,7.012,7.684,7.0604000000000005,7.1315,7.609,7.6774,19,5,0,0,0,0.0,23.0,5,BTGOXD2,mg/L,reported_gmt_minus_4_unconverted
2017-05-17,24,24,1,0.041667,weak,False,False,False,False,7.651,7.651,,7.651,7.651,7.651,7.651,7.651,7.651,1,23,0,0,0,0.0,0.0,23,BTGOXD2,mg/L,reported_gmt_minus_4_unconverted
2017-05-18,24,24,24,1.0,high,True,True,True,True,7.607541666666667,7.649,0.1677085928074326,7.213,8.056,7.4436,7.51675,7.7035,7.731199999999999,24,0,0,0,0,0.0,23.0,0,BTGOXD2,mg/L,reported_gmt_minus_4_unconverted
2017-05-19,24,24,24,1.0,high,True,True,True,True,7.603416666666667,7.6745,0.29229257478656956,6.962,8.012,7.1997,7.414,7.830500000000001,7.9002,24,0,0,0,0,0.0,23.0,0,BTGOXD2,mg/L,reported_gmt_minus_4_unconverted
2017-05-20,24,24,24,1.0,high,True,True,True,True,7.1691666666666665,7.2335,0.31496841341517934,6.567,7.734,6.7729,6.939500000000001,7.41175,7.5078,24,0,0,0,0,0.0,23.0,0,BTGOXD2,mg/L,reported_gmt_minus_4_unconverted
2017-05-21,24,24,24,1.0,high,True,True,True,True,6.993041666666667,6.926,0.2655615017879739,6.563,7.504,6.7128,6.818,7.15075,7.4133000000000004,24,0,0,0,0,0.0,23.0,0,BTGOXD2,mg/L,reported_gmt_minus_4_unconverted
2017-05-22,24,24,24,1.0,high,True,True,True,True,6.8548333333333344,7.002000000000001,0.4290008276739423,5.982,7.312,6.153,6.554,7.235,7.2735,24,0,0,0,0,0.0,23.0,0,BTGOXD2,mg/L,reported_gmt_minus_4_unconverted
2017-05-23,24,24,24,1.0,high,True,True,True,True,7.186541666666667,7.2085,0.461925457864349,6.202,7.838,6.4906,6.9615,7.51375,7.7529,24,0,0,0,0,0.0,23.0,0,BTGOXD2,mg/L,reported_gmt_minus_4_unconverted
2017-05-24,24,24,0,0.0,missing,False,False,False,False,,,,,,,,,,0,24,0,0,0,,,24,BTGOXD2,mg/L,reported_gmt_minus_4_unconverted
2017-05-25,24,24,24,1.0,high,True,True,True,True,7.402666666666666,7.375500000000001,0.21262063924248764,6.904,7.816,7.1646,7.34775,7.554,7.68,24,0,0,0,0,0.0,23.0,0,BTGOXD2,mg/L,reported_gmt_minus_4_unconverted
2017-05-26,24,24,24,1.0,high,True,True,True,True,7.53425,7.5985,0.33236023541777154,6.613,8.035,7.0739,7.4155,7.71625,7.8735,24,0,0,0,0,0.0,23.0,0,BTGOXD2,mg/L,reported_gmt_minus_4_unconverted
2017-05-27,24,24,24,1.0,high,True,True,True,True,7.313958333333333,7.3795,0.34296602432395495,6.621,7.797,6.9031,7.0065,7.62575,7.6979,24,0,0,0,0,0.0,23.0,0,BTGOXD2,mg/L,reported_gmt_minus_4_unconverted
2017-05-28,24,24,24,1.0,high,True,True,True,True,6.822875,6.792,0.5613079688277773,5.916,7.711,6.194000000000001,6.31425,7.33625,7.5226999999999995,24,0,0,0,0,0.0,23.0,0,BTGOXD2,mg/L,reported_gmt_minus_4_unconverted
2017-05-29,24,24,24,1.0,high,True,True,True,True,7.486125,7.5045,0.39177581349986146,6.682,8.068,7.0644,7.14975,7.782500000000001,7.9563,24,0,0,0,0,0.0,23.0,0,BTGOXD2,mg/L,reported_gmt_minus_4_unconverted
2017-05-30,24,24,24,1.0,high,True,True,True,True,7.5897499999999996,7.702,0.37676959283752787,6.627,8.043,7.053,7.4595,7.82025,7.9837,24,0,0,0,0,0.0,23.0,0,BTGOXD2,mg/L,reported_gmt_minus_4_unconverted
2017-05-31,24,24,1,0.041667,weak,False,False,False,False,6.323,6.323,,6.323,6.323,6.323,6.323,6.323,6.323,1,23,0,0,0,0.0,0.0,23,BTGOXD2,mg/L,reported_gmt_minus_4_unconverted
2017-06-01,24,24,24,1.0,high,True,True,True,True,7.0045,7.043,0.471467090464758,6.106,7.651,6.4773000000000005,6.58075,7.48025,7.61,24,0,0,0,0,0.0,23.0,0,BTGOXD2,mg/L,reported_gmt_minus_4_unconverted
2017-06-02,24,24,24,1.0,high,True,True,True,True,6.564333333333334,6.559,0.6153626478799287,4.68,7.457,5.9331,6.2005,6.956,7.1674,24,0,0,0,0,0.0,23.0,0,BTGOXD2,mg/L,reported_gmt_minus_4_unconverted
2017-06-03,24,24,24,1.0,high,True,True,True,True,6.771625,6.7615,0.49898573757608317,5.915,7.434,6.1291,6.39975,7.292,7.396,24,0,0,0,0,0.0,23.0,0,BTGOXD2,mg/L,reported_gmt_minus_4_unconverted
2017-06-04,24,24,24,1.0,high,True,True,True,True,6.437666666666668,6.403499999999999,0.5381181110585996,5.395,7.749,5.6806,6.2255,6.85475,7.0554,24,0,0,0,0,0.0,23.0,0,BTGOXD2,mg/L,reported_gmt_minus_4_unconverted
2017-06-05,24,24,24,1.0,high,True,True,True,True,6.464958333333333,6.458,0.44003186437650926,5.676,7.465,5.8685,6.2265,6.79625,6.9737,24,0,0,0,0,0.0,23.0,0,BTGOXD2,mg/L,reported_gmt_minus_4_unconverted
2017-06-06,24,24,24,1.0,high,True,True,True,True,5.677291666666666,5.794499999999999,0.9217525594198811,4.032,7.395,4.4041,4.84825,6.373,6.7444999999999995,24,0,0,0,0,0.0,23.0,0,BTGOXD2,mg/L,reported_gmt_minus_4_unconverted
2017-06-07,24,24,1,0.041667,weak,False,False,False,False,4.721,4.721,,4.721,4.721,4.721,4.721,4.721,4.721,1,23,0,0,0,0.0,0.0,23,BTGOXD2,mg/L,reported_gmt_minus_4_unconverted
2017-06-08,24,24,24,1.0,high,True,True,True,True,7.499124999999999,7.6905,0.8960936632187895,5.535,9.052,6.5083,6.9755,8.085999999999999,8.4842,24,0,0,0,0,0.0,23.0,0,BTGOXD2,mg/L,reported_gmt_minus_4_unconverted
2017-06-09,24,24,24,1.0,high,True,True,True,True,7.133791666666667,7.3454999999999995,1.0705200678080304,4.935,8.438,5.7357,6.0954999999999995,8.167,8.3162,24,0,0,0,0,0.0,23.0,0,BTGOXD2,mg/L,reported_gmt_minus_4_unconverted
2017-06-10,24,24,24,1.0,high,True,True,True,True,6.124083333333334,5.8629999999999995,1.2239733201364307,4.54,8.412,4.7323,5.2275,6.9735,7.8208,24,0,0,0,0,0.0,23.0,0,BTGOXD2,mg/L,reported_gmt_minus_4_unconverted
2017-06-11,24,24,24,1.0,high,True,True,True,True,7.489541666666667,7.5425,0.5413708830099883,6.745,8.525,6.8786,7.0165,7.8295,8.1753,24,0,0,0,0,0.0,23.0,0,BTGOXD2,mg/L,reported_gmt_minus_4_unconverted
2017-06-12,24,24,24,1.0,high,True,True,True,True,7.616,7.619999999999999,0.2004041568604716,7.16,8.004,7.4081,7.49925,7.719,7.8619,24,0,0,0,0,0.0,23.0,0,BTGOXD2,mg/L,reported_gmt_minus_4_unconverted
2017-06-13,24,24,24,1.0,high,True,True,True,True,7.625708333333333,7.633,0.18520739941239245,7.147,7.844,7.354,7.581,7.745,7.8271999999999995,24,0,0,0,0,0.0,23.0,0,BTGOXD2,mg/L,reported_gmt_minus_4_unconverted
2017-06-14,24,24,1,0.041667,weak,False,False,False,False,7.834,7.834,,7.834,7.834,7.834,7.834,7.834,7.834,1,23,0,0,0,0.0,0.0,23,BTGOXD2,mg/L,reported_gmt_minus_4_unconverted
2017-06-15,24,24,24,1.0,high,True,True,True,True,7.741583333333334,7.830500000000001,0.26169363379917077,7.165,8.061,7.4115,7.551,7.91025,8.015,24,0,0,0,0,0.0,23.0,0,BTGOXD2,mg/L,reported_gmt_minus_4_unconverted
2017-06-16,24,24,24,1.0,high,True,True,True,True,7.35925,7.334,0.16408514491753579,7.151,7.584,7.1616,7.21725,7.543,7.5557,24,0,0,0,0,0.0,23.0,0,BTGOXD2,mg/L,reported_gmt_minus_4_unconverted
2017-06-17,24,24,24,1.0,high,True,True,True,True,7.376041666666667,7.3629999999999995,0.15328844057688346,6.912,7.614,7.2485,7.29575,7.483750000000001,7.5562,24,0,0,0,0,0.0,23.0,0,BTGOXD2,mg/L,reported_gmt_minus_4_unconverted
2017-06-18,24,24,24,1.0,high,True,True,True,True,7.112375,7.297499999999999,0.3896336978217629,6.126,7.465,6.566,6.91,7.41475,7.4454,24,0,0,0,0,0.0,23.0,0,BTGOXD2,mg/L,reported_gmt_minus_4_unconverted
2017-06-19,24,24,24,1.0,high,True,True,True,True,7.0802499999999995,7.157500000000001,0.23737994677401622,6.471,7.341,6.6654,7.06975,7.2165,7.2663,24,0,0,0,0,0.0,23.0,0,BTGOXD2,mg/L,reported_gmt_minus_4_unconverted
2017-06-20,24,24,24,1.0,high,True,True,True,True,7.101541666666667,7.2585,0.3184653389325898,6.438,7.492,6.6722,6.779249999999999,7.34675,7.4171000000000005,24,0,0,0,0,0.0,23.0,0,BTGOXD2,mg/L,reported_gmt_minus_4_unconverted
2017-06-21,24,24,1,0.041667,weak,False,False,False,False,7.411,7.411,,7.411,7.411,7.411,7.411,7.411,7.411,1,23,0,0,0,0.0,0.0,23,BTGOXD2,mg/L,reported_gmt_minus_4_unconverted
2017-06-22,24,24,24,1.0,high,True,True,True,True,7.5836250000000005,7.58,0.05809273882636128,7.504,7.709,7.5145,7.53725,7.6160000000000005,7.652699999999999,24,0,0,0,0,0.0,23.0,0,BTGOXD2,mg/L,reported_gmt_minus_4_unconverted
2017-06-23,24,24,24,1.0,high,True,True,True,True,7.59375,7.5465,0.13163594394818773,7.439,7.871,7.4756,7.51025,7.67,7.812399999999999,24,0,0,0,0,0.0,23.0,0,BTGOXD2,mg/L,reported_gmt_minus_4_unconverted
2017-06-24,24,24,24,1.0,high,True,True,True,True,7.749291666666667,7.7755,0.12119315491025666,7.437,7.876,7.5691999999999995,7.7255,7.82275,7.868600000000001,24,0,0,0,0,0.0,23.0,0,BTGOXD2,mg/L,reported_gmt_minus_4_unconverted
2017-06-25,24,24,24,1.0,high,True,True,True,True,7.832083333333334,7.8469999999999995,0.02719001841575828,7.772,7.867,7.7943,7.813000000000001,7.8505,7.8553999999999995,24,0,0,0,0,0.0,23.0,0,BTGOXD2,mg/L,reported_gmt_minus_4_unconverted
2017-06-26,24,24,24,1.0,high,True,True,True,True,7.765625,7.77,0.015711564558297933,7.722,7.785,7.745,7.757,7.77725,7.781,24,0,0,0,0,0.0,23.0,0,BTGOXD2,mg/L,reported_gmt_minus_4_unconverted
2017-06-27,24,24,24,1.0,high,True,True,True,True,7.801124999999999,7.814500000000001,0.03767632459227697,7.693,7.844,7.7635,7.7785,7.828250000000001,7.831,24,0,0,0,0,0.0,23.0,0,BTGOXD2,mg/L,reported_gmt_minus_4_unconverted
2017-06-28,24,24,24,1.0,high,True,True,True,True,7.83025,7.8355,0.04143748565479452,7.714,7.899,7.7813,7.81675,7.8545,7.8662,24,0,0,0,0,0.0,23.0,0,BTGOXD2,mg/L,reported_gmt_minus_4_unconverted
2017-06-29,24,24,24,1.0,high,True,True,True,True,7.87675,7.904,0.12333490989983334,7.596,8.07,7.7202,7.814500000000001,7.9645,8.0101,24,0,0,0,0,0.0,23.0,0,BTGOXD2,mg/L,reported_gmt_minus_4_unconverted
2017-06-30,24,24,24,1.0,high,True,True,True,True,7.939,7.931,0.07566746472157838,7.83,8.045,7.843,7.86575,8.008000000000001,8.029200000000001,24,0,0,0,0,0.0,23.0,0,BTGOXD2,mg/L,reported_gmt_minus_4_unconverted
2017-07-01,24,24,24,1.0,high,True,True,True,True,8.0195,8.0175,0.04787302044948183,7.945,8.09,7.9622,7.98025,8.059,8.0865,24,0,0,0,0,0.0,23.0,0,BTGOXD2,mg/L,reported_gmt_minus_4_unconverted
2017-07-02,24,24,24,1.0,high,True,True,True,True,7.982499999999999,7.970000000000001,0.038775832903901554,7.896,8.056,7.945600000000001,7.95925,8.01125,8.0281,24,0,0,0,0,0.0,23.0,0,BTGOXD2,mg/L,reported_gmt_minus_4_unconverted
2017-07-03,24,24,24,1.0,high,True,True,True,True,7.962041666666667,7.936,0.048684859861255904,7.9,8.056,7.9182,7.9245,7.9935,8.036399999999999,24,0,0,0,0,0.0,23.0,0,BTGOXD2,mg/L,reported_gmt_minus_4_unconverted
2017-07-04,24,24,24,1.0,high,True,True,True,True,7.880416666666666,7.8985,0.06173852061344064,7.754,7.957,7.7981,7.81975,7.9205,7.9503,24,0,0,0,0,0.0,23.0,0,BTGOXD2,mg/L,reported_gmt_minus_4_unconverted
2017-07-05,24,24,1,0.041667,weak,False,False,False,False,7.898,7.898,,7.898,7.898,7.898,7.898,7.898,7.898,1,23,0,0,0,0.0,0.0,23,BTGOXD2,mg/L,reported_gmt_minus_4_unconverted
2017-07-06,24,24,24,1.0,high,True,True,True,True,7.772291666666667,7.79,0.07169650962741239,7.507,7.838,7.6971,7.76425,7.8185,7.8344,24,0,0,0,0,0.0,23.0,0,BTGOXD2,mg/L,reported_gmt_minus_4_unconverted
2017-07-07,24,24,24,1.0,high,True,True,True,True,7.713708333333333,7.757,0.19627520146504743,7.071,7.925,7.535,7.705500000000001,7.8305,7.856400000000001,24,0,0,0,0,0.0,23.0,0,BTGOXD2,mg/L,reported_gmt_minus_4_unconverted
2017-07-08,24,24,24,1.0,high,True,True,True,True,7.617708333333333,7.6955,0.17833882728906955,7.229,7.85,7.3277,7.5525,7.72525,7.7974,24,0,0,0,0,0.0,23.0,0,BTGOXD2,mg/L,reported_gmt_minus_4_unconverted
2017-07-09,24,24,24,1.0,high,True,True,True,True,7.335916666666666,7.323,0.37489359843151165,6.567,7.856,6.8421,7.1385000000000005,7.68475,7.7332,24,0,0,0,0,0.0,23.0,0,BTGOXD2,mg/L,reported_gmt_minus_4_unconverted
2017-07-10,24,24,24,1.0,high,True,True,True,True,7.479166666666667,7.3955,0.44450516372671117,6.712,8.242,6.9649,7.2219999999999995,7.763,8.1759,24,0,0,0,0,0.0,23.0,0,BTGOXD2,mg/L,reported_gmt_minus_4_unconverted
2017-07-11,24,24,14,0.583333,partial,True,False,False,False,7.458857142857143,7.4879999999999995,0.3748724618285033,6.644,7.866,7.0443,7.268,7.780749999999999,7.8462000000000005,14,10,0,0,0,0.0,13.0,10,BTGOXD2,mg/L,reported_gmt_minus_4_unconverted
2017-07-12,24,24,0,0.0,missing,False,False,False,False,,,,,,,,,,0,24,0,0,0,,,24,BTGOXD2,mg/L,reported_gmt_minus_4_unconverted
2017-07-13,24,24,0,0.0,missing,False,False,False,False,,,,,,,,,,0,24,0,0,0,,,24,BTGOXD2,mg/L,reported_gmt_minus_4_unconverted
2017-07-14,24,24,0,0.0,missing,False,False,False,False,,,,,,,,,,0,24,0,0,0,,,24,BTGOXD2,mg/L,reported_gmt_minus_4_unconverted
2017-07-15,24,24,0,0.0,missing,False,False,False,False,,,,,,,,,,0,24,0,0,0,,,24,BTGOXD2,mg/L,reported_gmt_minus_4_unconverted
2017-07-16,24,24,0,0.0,missing,False,False,False,False,,,,,,,,,,0,24,0,0,0,,,24,BTGOXD2,mg/L,reported_gmt_minus_4_unconverted
2017-07-17,24,24,0,0.0,missing,False,False,False,False,,,,,,,,,,0,24,0,0,0,,,24,BTGOXD2,mg/L,reported_gmt_minus_4_unconverted
2017-07-18,24,24,0,0.0,missing,False,False,False,False,,,,,,,,,,0,24,0,0,0,,,24,BTGOXD2,mg/L,reported_gmt_minus_4_unconverted
2017-07-19,24,24,0,0.0,missing,False,False,False,False,,,,,,,,,,0,24,0,0,0,,,24,BTGOXD2,mg/L,reported_gmt_minus_4_unconverted
2017-07-20,24,24,0,0.0,missing,False,False,False,False,,,,,,,,,,0,24,0,0,0,,,24,BTGOXD2,mg/L,reported_gmt_minus_4_unconverted
2017-07-21,24,24,8,0.333333,weak,False,False,False,False,7.097125,7.051,0.29256620129956423,6.74,7.505,6.7764,6.871499999999999,7.321,7.4791,8,16,0,0,0,16.0,23.0,16,BTGOXD2,mg/L,reported_gmt_minus_4_unconverted
2017-07-22,24,24,24,1.0,high,True,True,True,True,7.186666666666667,7.2775,0.25985224341113,6.39,7.453,6.870500000000001,7.04075,7.37925,7.4162,24,0,0,0,0,0.0,23.0,0,BTGOXD2,mg/L,reported_gmt_minus_4_unconverted
2017-07-23,24,24,24,1.0,high,True,True,True,True,7.205166666666667,7.1965,0.14988246602984748,6.746,7.398,7.0768,7.152,7.32125,7.3704,24,0,0,0,0,0.0,23.0,0,BTGOXD2,mg/L,reported_gmt_minus_4_unconverted
2017-07-24,24,24,24,1.0,high,True,True,True,True,7.095166666666667,7.1579999999999995,0.24258744127977164,6.437,7.386,6.7498000000000005,7.0185,7.25525,7.3315,24,0,0,0,0,0.0,23.0,0,BTGOXD2,mg/L,reported_gmt_minus_4_unconverted
2017-07-25,24,24,24,1.0,high,True,True,True,True,6.528041666666667,6.6685,0.5989192062204302,5.344,7.271,5.7381,6.1057500000000005,7.0255,7.2185,24,0,0,0,0,0.0,23.0,0,BTGOXD2,mg/L,reported_gmt_minus_4_unconverted
2017-07-26,24,24,24,1.0,high,True,True,True,True,6.849041666666667,7.0125,0.7525923591546562,5.454,7.808,5.5601,6.49625,7.2997499999999995,7.7562999999999995,24,0,0,0,0,0.0,23.0,0,BTGOXD2,mg/L,reported_gmt_minus_4_unconverted
2017-07-27,24,24,24,1.0,high,True,True,True,True,7.5499583333333335,7.5535,0.24132433149397622,7.0,7.897,7.202,7.422,7.75,7.8103,24,0,0,0,0,0.0,23.0,0,BTGOXD2,mg/L,reported_gmt_minus_4_unconverted
2017-07-28,24,24,24,1.0,high,True,True,True,True,7.643958333333333,7.7065,0.22182572069604292,7.171,7.969,7.3413,7.4745,7.80725,7.858,24,0,0,0,0,0.0,23.0,0,BTGOXD2,mg/L,reported_gmt_minus_4_unconverted
2017-07-29,24,24,24,1.0,high,True,True,True,True,7.904166666666666,7.886,0.18441391691958386,7.511,8.161,7.747,7.80225,8.08475,8.147799999999998,24,0,0,0,0,0.0,23.0,0,BTGOXD2,mg/L,reported_gmt_minus_4_unconverted
2017-07-30,24,24,24,1.0,high,True,True,True,True,7.991625,8.0195,0.16860316478024082,7.681,8.323,7.7783,7.8572500000000005,8.08025,8.1897,24,0,0,0,0,0.0,23.0,0,BTGOXD2,mg/L,reported_gmt_minus_4_unconverted
2017-07-31,24,24,24,1.0,high,True,True,True,True,7.877666666666667,8.0075,0.45709894910769855,6.429,8.284,7.1832,7.928,8.13775,8.1626,24,0,0,0,0,0.0,23.0,0,BTGOXD2,mg/L,reported_gmt_minus_4_unconverted
2017-08-01,24,24,24,1.0,high,True,True,True,True,8.0085,8.067499999999999,0.4189334283526493,7.081,8.554,7.475,7.73675,8.3075,8.536,24,0,0,0,0,0.0,23.0,0,BTGOXD2,mg/L,reported_gmt_minus_4_unconverted
2017-08-02,24,24,1,0.041667,weak,False,False,False,False,8.383,8.383,,8.383,8.383,8.383,8.383,8.383,8.383,1,23,0,0,0,0.0,0.0,23,BTGOXD2,mg/L,reported_gmt_minus_4_unconverted
2017-08-03,24,24,24,1.0,high,True,True,True,True,8.802083333333334,8.867,0.266772972470188,8.252,9.336,8.3772,8.724,8.94425,9.022,24,0,0,0,0,0.0,23.0,0,BTGOXD2,mg/L,reported_gmt_minus_4_unconverted
2017-08-04,24,24,24,1.0,high,True,True,True,True,8.489916666666668,8.3005,0.5816482514422242,7.54,9.966,8.0639,8.22725,8.561499999999999,9.411,24,0,0,0,0,0.0,23.0,0,BTGOXD2,mg/L,reported_gmt_minus_4_unconverted
2017-08-05,24,24,24,1.0,high,True,True,True,True,7.997583333333334,7.779999999999999,0.8293965808983041,6.871,9.624,7.0577,7.3972500000000005,8.44875,9.256,24,0,0,0,0,0.0,23.0,0,BTGOXD2,mg/L,reported_gmt_minus_4_unconverted
2017-08-06,24,24,24,1.0,high,True,True,True,True,7.837291666666665,7.23,1.4167991628151193,6.046,10.147,6.4519,6.6594999999999995,9.307,9.6891,24,0,0,0,0,0.0,23.0,0,BTGOXD2,mg/L,reported_gmt_minus_4_unconverted
2017-08-07,24,24,24,1.0,high,True,True,True,True,6.903208333333333,6.714,1.0970079060856819,5.405,9.091,5.688300000000001,6.1335,7.49875,8.5634,24,0,0,0,0,0.0,23.0,0,BTGOXD2,mg/L,reported_gmt_minus_4_unconverted
2017-08-08,24,24,24,1.0,high,True,True,True,True,7.27975,6.968,1.3110730835597162,5.062,9.479,5.929,6.3084999999999996,8.47325,9.0284,24,0,0,0,0,0.0,23.0,0,BTGOXD2,mg/L,reported_gmt_minus_4_unconverted
2017-08-09,24,24,1,0.041667,weak,False,False,False,False,8.497,8.497,,8.497,8.497,8.497,8.497,8.497,8.497,1,23,0,0,0,0.0,0.0,23,BTGOXD2,mg/L,reported_gmt_minus_4_unconverted
2017-08-10,24,24,24,1.0,high,True,True,True,True,8.198500000000001,8.180499999999999,0.35049666623732423,7.491,9.213,7.880599999999999,7.99925,8.3345,8.6232,24,0,0,0,0,0.0,23.0,0,BTGOXD2,mg/L,reported_gmt_minus_4_unconverted
2017-08-11,24,24,24,1.0,high,True,True,True,True,8.253958333333335,8.2755,0.552605565690289,6.959,9.185,7.467099999999999,8.06775,8.68675,8.8637,24,0,0,0,0,0.0,23.0,0,BTGOXD2,mg/L,reported_gmt_minus_4_unconverted
2017-08-12,24,24,24,1.0,high,True,True,True,True,8.031458333333333,7.9645,0.7021369852204714,6.759,9.106,7.2407,7.35375,8.70575,8.7963,24,0,0,0,0,0.0,23.0,0,BTGOXD2,mg/L,reported_gmt_minus_4_unconverted
2017-08-13,24,24,24,1.0,high,True,True,True,True,7.772666666666667,7.745,0.9914411410829611,5.825,9.508,6.614599999999999,7.10475,8.6455,9.0277,24,0,0,0,0,0.0,23.0,0,BTGOXD2,mg/L,reported_gmt_minus_4_unconverted
2017-08-14,24,24,24,1.0,high,True,True,True,True,6.922958333333333,7.129,1.008524815032447,5.158,8.604,5.5292,6.00975,7.59425,8.0438,24,0,0,0,0,0.0,23.0,0,BTGOXD2,mg/L,reported_gmt_minus_4_unconverted
2017-08-15,24,24,24,1.0,high,True,True,True,True,7.74975,7.7044999999999995,1.0069704131917074,5.85,9.133,6.5674,6.98325,8.7895,9.0697,24,0,0,0,0,0.0,23.0,0,BTGOXD2,mg/L,reported_gmt_minus_4_unconverted
2017-08-16,24,24,8,0.333333,weak,False,False,False,False,6.495875,6.577500000000001,0.37967596616814486,5.775,7.001,6.1068,6.30375,6.7162500000000005,6.8358,8,16,0,0,0,0.0,7.0,16,BTGOXD2,mg/L,reported_gmt_minus_4_unconverted
2017-08-17,24,24,24,1.0,high,True,True,True,True,9.184125,9.329,1.2273593539365932,6.895,11.017,7.2465,8.2965,9.85275,10.7867,24,0,0,0,0,0.0,23.0,0,BTGOXD2,mg/L,reported_gmt_minus_4_unconverted
2017-08-18,24,24,24,1.0,high,True,True,True,True,9.424999999999999,9.119,1.1902368416119686,7.458,11.347,8.1243,8.61825,10.521,11.2187,24,0,0,0,0,0.0,23.0,0,BTGOXD2,mg/L,reported_gmt_minus_4_unconverted
2017-08-19,24,24,24,1.0,high,True,True,True,True,8.647874999999999,8.99,2.1754175273906067,5.024,11.617,5.5097000000000005,6.731,10.37025,11.3416,24,0,0,0,0,0.0,23.0,0,BTGOXD2,mg/L,reported_gmt_minus_4_unconverted
2017-08-20,24,24,24,1.0,high,True,True,True,True,5.911124999999999,5.741,0.9728676263902819,4.348,8.351,4.947,5.19875,6.42525,6.9052999999999995,24,0,0,0,0,0.0,23.0,0,BTGOXD2,mg/L,reported_gmt_minus_4_unconverted
2017-08-21,24,24,24,1.0,high,True,True,True,True,5.994958333333333,5.0725,1.84410802001747,4.37,10.186,4.685700000000001,4.9185,6.54025,9.203399999999998,24,0,0,0,0,0.0,23.0,0,BTGOXD2,mg/L,reported_gmt_minus_4_unconverted
2017-08-22,24,24,24,1.0,high,True,True,True,True,7.835999999999999,7.5365,0.9264506368979925,6.422,9.874,7.026,7.22525,8.096,9.4146,24,0,0,0,0,0.0,23.0,0,BTGOXD2,mg/L,reported_gmt_minus_4_unconverted
2017-08-23,24,24,1,0.041667,weak,False,False,False,False,7.074,7.074,,7.074,7.074,7.074,7.074,7.074,7.074,1,23,0,0,0,0.0,0.0,23,BTGOXD2,mg/L,reported_gmt_minus_4_unconverted
2017-08-24,24,24,10,0.416667,weak,False,False,False,False,10.452099999999998,10.52,0.1961634522534718,10.113,10.647,10.144499999999999,10.346,10.58825,10.6461,10,14,0,0,0,0.0,9.0,14,BTGOXD2,mg/L,reported_gmt_minus_4_unconverted
2017-08-25,24,24,0,0.0,missing,False,False,False,False,,,,,,,,,,0,24,0,0,0,,,24,BTGOXD2,mg/L,reported_gmt_minus_4_unconverted
2017-08-26,24,24,0,0.0,missing,False,False,False,False,,,,,,,,,,0,24,0,0,0,,,24,BTGOXD2,mg/L,reported_gmt_minus_4_unconverted
2017-08-27,24,24,0,0.0,missing,False,False,False,False,,,,,,,,,,0,24,0,0,0,,,24,BTGOXD2,mg/L,reported_gmt_minus_4_unconverted
2017-08-28,24,24,10,0.416667,weak,False,False,False,False,8.675300000000002,8.757000000000001,0.9151921534725799,6.909,10.06,7.737,8.1115,9.29575,9.493,10,14,0,0,0,14.0,23.0,14,BTGOXD2,mg/L,reported_gmt_minus_4_unconverted
2017-08-29,24,24,24,1.0,high,True,True,True,True,8.286125,8.1895,1.322158291927651,6.212,11.428,6.6743999999999994,7.368499999999999,8.968250000000001,10.0975,24,0,0,0,0,0.0,23.0,0,BTGOXD2,mg/L,reported_gmt_minus_4_unconverted
2017-08-30,24,24,1,0.041667,weak,False,False,False,False,6.378,6.378,,6.378,6.378,6.378,6.378,6.378,6.378,1,23,0,0,0,0.0,0.0,23,BTGOXD2,mg/L,reported_gmt_minus_4_unconverted
2017-08-31,24,24,24,1.0,high,True,True,True,True,7.422375,7.519,0.7536673705520112,6.206,8.946,6.4547,6.87475,7.7517499999999995,8.4581,24,0,0,0,0,0.0,23.0,0,BTGOXD2,mg/L,reported_gmt_minus_4_unconverted
2017-09-01,24,24,24,1.0,high,True,True,True,True,7.094,7.1185,0.9404751343129011,5.197,9.377,6.085100000000001,6.546,7.5009999999999994,8.2852,24,0,0,0,0,0.0,23.0,0,BTGOXD2,mg/L,reported_gmt_minus_4_unconverted
2017-09-02,24,24,24,1.0,high,True,True,True,True,6.386833333333333,5.786,1.3574059232888704,5.093,10.05,5.1861,5.45975,6.87825,8.2162,24,0,0,0,0,0.0,23.0,0,BTGOXD2,mg/L,reported_gmt_minus_4_unconverted
2017-09-03,24,24,24,1.0,high,True,True,True,True,4.425083333333333,4.1975,1.10119373632778,2.807,7.12,3.2259,3.6359999999999997,4.7705,5.933599999999999,24,0,0,0,0,0.0,23.0,0,BTGOXD2,mg/L,reported_gmt_minus_4_unconverted
2017-09-04,24,24,24,1.0,high,True,True,True,True,3.357083333333333,2.9715,1.2054949161044286,1.58,5.19,2.0759,2.42575,4.33625,5.1449,24,0,0,0,0,0.0,23.0,0,BTGOXD2,mg/L,reported_gmt_minus_4_unconverted
2017-09-05,24,24,24,1.0,high,True,True,True,True,3.27975,3.425,1.5412645076717675,0.995,5.75,1.1379000000000001,1.94075,4.5435,4.9894,24,0,0,0,0,0.0,23.0,0,BTGOXD2,mg/L,reported_gmt_minus_4_unconverted
2017-09-06,24,24,1,0.041667,weak,False,False,False,False,2.741,2.741,,2.741,2.741,2.741,2.741,2.741,2.741,1,23,0,0,0,0.0,0.0,23,BTGOXD2,mg/L,reported_gmt_minus_4_unconverted
2017-09-07,24,24,24,1.0,high,True,True,True,True,2.9666250000000005,3.028,0.8703628335105548,1.434,4.391,1.8471,2.48325,3.54,4.1312,24,0,0,0,0,0.0,23.0,0,BTGOXD2,mg/L,reported_gmt_minus_4_unconverted
2017-09-08,24,24,24,1.0,high,True,True,True,True,3.0043333333333333,2.7184999999999997,1.103090704089775,1.439,5.198,1.6772,2.234,3.79975,4.442,24,0,0,0,0,0.0,23.0,0,BTGOXD2,mg/L,reported_gmt_minus_4_unconverted
2017-09-09,24,24,24,1.0,high,True,True,True,True,2.438625,2.2270000000000003,0.8721555411986318,1.303,4.364,1.5610000000000002,1.69775,2.88925,3.7361999999999997,24,0,0,0,0,0.0,23.0,0,BTGOXD2,mg/L,reported_gmt_minus_4_unconverted
2017-09-10,24,24,24,1.0,high,True,True,True,True,4.255625,4.1055,1.6058592935410543,1.981,7.681,2.3586,3.0627500000000003,5.1095,6.6824,24,0,0,0,0,0.0,23.0,0,BTGOXD2,mg/L,reported_gmt_minus_4_unconverted
2017-09-11,24,24,24,1.0,high,True,True,True,True,6.504791666666667,7.002,2.0175123937805117,3.336,9.29,3.8474000000000004,4.7905,8.14375,9.0929,24,0,0,0,0,0.0,23.0,0,BTGOXD2,mg/L,reported_gmt_minus_4_unconverted
2017-09-12,24,24,24,1.0,high,True,True,True,True,6.429083333333334,6.8945,1.8633614066745232,3.165,9.429,3.6617,4.99025,7.7177500000000006,8.4624,24,0,0,0,0,0.0,23.0,0,BTGOXD2,mg/L,reported_gmt_minus_4_unconverted
2017-09-13,24,24,24,1.0,high,True,True,True,True,6.393750000000001,6.1865000000000006,2.0620326453368247,3.082,9.945,3.2778,5.224,8.115749999999998,8.8675,24,0,0,0,0,0.0,23.0,0,BTGOXD2,mg/L,reported_gmt_minus_4_unconverted
2017-09-14,24,24,24,1.0,high,True,True,True,True,4.230708333333333,3.523,2.4533488112155504,0.996,9.366,1.4125,2.58475,5.35325,8.168199999999999,24,0,0,0,0,0.0,23.0,0,BTGOXD2,mg/L,reported_gmt_minus_4_unconverted
2017-09-15,24,24,24,1.0,high,True,True,True,True,3.315208333333333,3.0875,1.9184621553907877,0.758,6.396,0.8802,1.5635,4.7855,5.9269,24,0,0,0,0,0.0,23.0,0,BTGOXD2,mg/L,reported_gmt_minus_4_unconverted
2017-09-16,24,24,24,1.0,high,True,True,True,True,3.921208333333334,4.596,1.332612830011082,1.224,5.206,1.5314,3.744,4.768,4.9854,24,0,0,0,0,0.0,23.0,0,BTGOXD2,mg/L,reported_gmt_minus_4_unconverted
2017-09-17,24,24,24,1.0,high,True,True,True,True,4.552416666666667,4.5295,0.5987027945749746,3.596,6.033,3.9223,4.1525,4.7745,5.3458,24,0,0,0,0,0.0,23.0,0,BTGOXD2,mg/L,reported_gmt_minus_4_unconverted
2017-09-18,24,24,24,1.0,high,True,True,True,True,6.064166666666666,6.186,0.8596426288146503,4.753,7.55,4.9333,5.22225,6.5415,7.0827,24,0,0,0,0,0.0,23.0,0,BTGOXD2,mg/L,reported_gmt_minus_4_unconverted
2017-09-19,24,24,24,1.0,high,True,True,True,True,7.108625,7.2365,0.8779637910974808,5.318,8.462,5.9054,6.53475,7.90125,8.1299,24,0,0,0,0,0.0,23.0,0,BTGOXD2,mg/L,reported_gmt_minus_4_unconverted
2017-09-20,24,24,1,0.041667,weak,False,False,False,False,8.588,8.588,,8.588,8.588,8.588,8.588,8.588,8.588,1,23,0,0,0,0.0,0.0,23,BTGOXD2,mg/L,reported_gmt_minus_4_unconverted
2017-09-21,24,24,24,1.0,high,True,True,True,True,3.84325,3.597,0.8519936849122973,2.744,5.697,2.9495,3.2845,4.258,5.0624,24,0,0,0,0,0.0,23.0,0,BTGOXD2,mg/L,reported_gmt_minus_4_unconverted
2017-09-22,24,24,24,1.0,high,True,True,True,True,4.378375,4.5405,1.041934272002756,3.008,5.626,3.0667,3.29075,5.3149999999999995,5.5524000000000004,24,0,0,0,0,0.0,23.0,0,BTGOXD2,mg/L,reported_gmt_minus_4_unconverted
2017-09-23,24,24,24,1.0,high,True,True,True,True,5.923416666666667,6.0425,0.8418010152496624,4.615,7.599,4.8107,5.20925,6.442,6.8708,24,0,0,0,0,0.0,23.0,0,BTGOXD2,mg/L,reported_gmt_minus_4_unconverted
2017-09-24,24,24,24,1.0,high,True,True,True,True,7.423666666666667,7.9265,1.3707241078022028,4.898,9.092,5.3933,6.4885,8.611,8.849499999999999,24,0,0,0,0,0.0,23.0,0,BTGOXD2,mg/L,reported_gmt_minus_4_unconverted
2017-09-25,24,24,24,1.0,high,True,True,True,True,8.299833333333334,8.8835,1.4454046722861618,5.501,10.333,6.5657,6.88025,9.384,9.9553,24,0,0,0,0,0.0,23.0,0,BTGOXD2,mg/L,reported_gmt_minus_4_unconverted
2017-09-26,24,24,24,1.0,high,True,True,True,True,9.458666666666666,9.8125,0.7774317063067434,7.63,10.366,8.5651,8.847,10.0275,10.3304,24,0,0,0,0,0.0,23.0,0,BTGOXD2,mg/L,reported_gmt_minus_4_unconverted
2017-09-27,24,24,24,1.0,high,True,True,True,True,9.341041666666667,9.538499999999999,0.6626827215891128,7.569,10.263,8.2982,9.223749999999999,9.6745,9.9293,24,0,0,0,0,0.0,23.0,0,BTGOXD2,mg/L,reported_gmt_minus_4_unconverted
2017-09-28,24,24,24,1.0,high,True,True,True,True,8.365875,8.5105,0.8559025905821392,6.915,10.046,7.1873,7.7575,8.8955,9.4079,24,0,0,0,0,0.0,23.0,0,BTGOXD2,mg/L,reported_gmt_minus_4_unconverted
2017-09-29,24,24,24,1.0,high,True,True,True,True,7.89725,7.8294999999999995,0.9229803921795013,6.298,9.65,6.5555,7.441000000000001,8.4105,9.1168,24,0,0,0,0,0.0,23.0,0,BTGOXD2,mg/L,reported_gmt_minus_4_unconverted
2017-09-30,24,24,24,1.0,high,True,True,True,True,6.478666666666666,6.663,1.1907959583794168,4.192,8.637,4.4976,5.97825,7.06475,7.965,24,0,0,0,0,0.0,23.0,0,BTGOXD2,mg/L,reported_gmt_minus_4_unconverted
2017-10-01,24,24,24,1.0,high,True,True,True,True,4.262125,4.5595,1.164917064131326,2.03,5.834,2.6692,3.1872499999999997,5.08275,5.6361,24,0,0,0,0,0.0,23.0,0,BTGOXD2,mg/L,reported_gmt_minus_4_unconverted
2017-10-02,24,24,24,1.0,high,True,True,True,True,2.8189583333333332,2.3745000000000003,1.190373616145155,1.334,4.677,1.4262000000000001,1.6840000000000002,3.84575,4.4873,24,0,0,0,0,0.0,23.0,0,BTGOXD2,mg/L,reported_gmt_minus_4_unconverted
2017-10-03,24,24,24,1.0,high,True,True,True,True,1.9316250000000001,1.8395000000000001,0.7595446469116705,1.07,3.685,1.2112,1.2719999999999998,2.3595,2.8082000000000003,24,0,0,0,0,0.0,23.0,0,BTGOXD2,mg/L,reported_gmt_minus_4_unconverted
2017-10-04,24,24,24,1.0,high,True,True,True,True,3.1234166666666674,2.814,0.6544555597671586,2.11,4.474,2.3919,2.6172500000000003,3.586,3.992,24,0,0,0,0,0.0,23.0,0,BTGOXD2,mg/L,reported_gmt_minus_4_unconverted
2017-10-05,24,24,24,1.0,high,True,True,True,True,4.341916666666667,4.487500000000001,1.0897902437452442,2.857,5.9,3.0504,3.2765,5.25125,5.79,24,0,0,0,0,0.0,23.0,0,BTGOXD2,mg/L,reported_gmt_minus_4_unconverted
2017-10-06,24,24,24,1.0,high,True,True,True,True,4.350958333333334,4.2170000000000005,1.3343939995422986,2.951,8.402,3.0878,3.2195,4.86925,5.6486,24,0,0,0,0,0.0,23.0,0,BTGOXD2,mg/L,reported_gmt_minus_4_unconverted
2017-10-07,24,24,24,1.0,high,True,True,True,True,5.304583333333333,5.3614999999999995,1.536632085655726,2.493,7.28,3.5528,4.1572499999999994,7.02675,7.172,24,0,0,0,0,0.0,23.0,0,BTGOXD2,mg/L,reported_gmt_minus_4_unconverted
2017-10-08,24,24,24,1.0,high,True,True,True,True,4.406166666666667,4.4175,1.314437610495096,2.494,7.183,2.7671,3.36475,5.2845,5.779699999999999,24,0,0,0,0,0.0,23.0,0,BTGOXD2,mg/L,reported_gmt_minus_4_unconverted
2017-10-09,24,24,24,1.0,high,True,True,True,True,4.296291666666666,3.9945,1.0640694027367668,2.975,6.736,3.1258,3.56775,4.94375,5.8252,24,0,0,0,0,0.0,23.0,0,BTGOXD2,mg/L,reported_gmt_minus_4_unconverted
2017-10-10,24,24,24,1.0,high,True,True,True,True,3.795458333333334,3.472,1.765124751821455,1.712,8.735,1.9829,2.7407500000000002,4.30625,6.167499999999999,24,0,0,0,0,0.0,23.0,0,BTGOXD2,mg/L,reported_gmt_minus_4_unconverted
2017-10-11,24,24,24,1.0,high,True,True,True,True,1.8262083333333334,1.717,0.5601353857437671,1.055,2.899,1.217,1.35775,2.208,2.6243999999999996,24,0,0,0,0,0.0,23.0,0,BTGOXD2,mg/L,reported_gmt_minus_4_unconverted
2017-10-12,24,24,24,1.0,high,True,True,True,True,1.8679999999999997,2.1145,0.8710998045948681,0.417,3.166,0.7005,1.14225,2.573,2.8587999999999996,24,0,0,0,0,0.0,23.0,0,BTGOXD2,mg/L,reported_gmt_minus_4_unconverted
2017-10-13,24,24,24,1.0,high,True,True,True,True,1.7761666666666667,1.77,1.0392175847269893,0.509,3.232,0.5628000000000001,0.64875,2.661,3.1799,24,0,0,0,0,0.0,23.0,0,BTGOXD2,mg/L,reported_gmt_minus_4_unconverted
2017-10-14,24,24,24,1.0,high,True,True,True,True,2.6833333333333336,3.1029999999999998,0.8565284160704956,0.897,3.66,1.2661,2.1555,3.2815000000000003,3.3557,24,0,0,0,0,0.0,23.0,0,BTGOXD2,mg/L,reported_gmt_minus_4_unconverted
2017-10-15,24,24,24,1.0,high,True,True,True,True,3.3628750000000003,3.4665,0.7976874353813136,1.111,4.415,2.7003,2.8200000000000003,3.985,4.2052,24,0,0,0,0,0.0,23.0,0,BTGOXD2,mg/L,reported_gmt_minus_4_unconverted
2017-10-16,24,24,24,1.0,high,True,True,True,True,3.4418333333333333,3.5389999999999997,0.658234837614415,2.029,4.627,2.6552000000000002,2.98725,3.8105,4.0945,24,0,0,0,0,0.0,23.0,0,BTGOXD2,mg/L,reported_gmt_minus_4_unconverted
2017-10-17,24,24,24,1.0,high,True,True,True,True,3.26275,3.382,0.718245340789077,2.048,4.324,2.3839,2.61375,3.8252499999999996,4.0889,24,0,0,0,0,0.0,23.0,0,BTGOXD2,mg/L,reported_gmt_minus_4_unconverted
2017-10-18,24,24,1,0.041667,weak,False,False,False,False,2.522,2.522,,2.522,2.522,2.522,2.522,2.522,2.522,1,23,0,0,0,0.0,0.0,23,BTGOXD2,mg/L,reported_gmt_minus_4_unconverted
2017-10-19,24,24,24,1.0,high,True,True,True,True,3.948166666666667,4.172499999999999,1.0167203739674835,2.267,6.821,2.4211,3.5164999999999997,4.4155,4.7913,24,0,0,0,0,0.0,23.0,0,BTGOXD2,mg/L,reported_gmt_minus_4_unconverted
2017-10-20,24,24,24,1.0,high,True,True,True,True,4.9775833333333335,4.9785,1.1617028324896572,3.096,7.153,3.4879000000000002,4.039499999999999,5.731,6.628099999999999,24,0,0,0,0,0.0,23.0,0,BTGOXD2,mg/L,reported_gmt_minus_4_unconverted
2017-10-21,24,24,24,1.0,high,True,True,True,True,5.4959999999999996,5.390499999999999,2.270531904738355,2.586,9.669,3.0021999999999998,3.4364999999999997,6.9830000000000005,8.806799999999999,24,0,0,0,0,0.0,23.0,0,BTGOXD2,mg/L,reported_gmt_minus_4_unconverted
2017-10-22,24,24,24,1.0,high,True,True,True,True,8.451416666666667,8.154,1.4787701681278695,6.118,11.236,6.7023,7.39875,9.362,10.6229,24,0,0,0,0,0.0,23.0,0,BTGOXD2,mg/L,reported_gmt_minus_4_unconverted
2017-10-23,24,24,24,1.0,high,True,True,True,True,7.809875000000001,7.6305,1.5106377090631222,5.243,10.816,5.4326,6.96075,9.186,9.4819,24,0,0,0,0,0.0,23.0,0,BTGOXD2,mg/L,reported_gmt_minus_4_unconverted
2017-10-24,24,24,24,1.0,high,True,True,True,True,7.831916666666667,7.2595,1.2624889122773268,6.269,10.511,6.5235,6.9125,8.808,9.713199999999999,24,0,0,0,0,0.0,23.0,0,BTGOXD2,mg/L,reported_gmt_minus_4_unconverted
2017-10-25,24,24,24,1.0,high,True,True,True,True,5.031666666666667,4.417,1.4837382772451206,3.016,7.551,3.5901,3.9799999999999995,6.13475,7.344799999999999,24,0,0,0,0,0.0,23.0,0,BTGOXD2,mg/L,reported_gmt_minus_4_unconverted
2017-10-26,24,24,24,1.0,high,True,True,True,True,3.0228750000000004,3.0335,1.1285573442886392,1.039,5.79,1.6458,2.21425,3.6100000000000003,4.3357,24,0,0,0,0,0.0,23.0,0,BTGOXD2,mg/L,reported_gmt_minus_4_unconverted
2017-10-27,24,24,24,1.0,high,True,True,True,True,1.4127083333333335,1.0474999999999999,0.7541356975785716,0.761,3.39,0.9025000000000001,0.94575,1.5765,2.5646999999999998,24,0,0,0,0,0.0,23.0,0,BTGOXD2,mg/L,reported_gmt_minus_4_unconverted
2017-10-28,24,24,24,1.0,high,True,True,True,True,1.7077499999999999,1.6575,0.584376981512567,0.781,3.246,0.9028,1.37575,2.03275,2.3193,24,0,0,0,0,0.0,23.0,0,BTGOXD2,mg/L,reported_gmt_minus_4_unconverted
2017-10-29,24,24,24,1.0,high,True,True,True,True,1.645125,1.229,1.0075517599175952,0.61,4.424,0.7634,0.869,2.2175000000000002,2.919,24,0,0,0,0,0.0,23.0,0,BTGOXD2,mg/L,reported_gmt_minus_4_unconverted
2017-10-30,24,24,24,1.0,high,True,True,True,True,1.9945000000000002,1.447,1.0013875590790315,1.025,4.086,1.0956000000000001,1.2734999999999999,2.39475,3.5673,24,0,0,0,0,0.0,23.0,0,BTGOXD2,mg/L,reported_gmt_minus_4_unconverted
2017-10-31,24,24,24,1.0,high,True,True,True,True,2.7942916666666666,2.442,1.1450456030093363,1.524,5.433,1.6422999999999999,1.947,3.27775,4.577699999999999,24,0,0,0,0,0.0,23.0,0,BTGOXD2,mg/L,reported_gmt_minus_4_unconverted
2017-11-01,24,24,24,1.0,high,True,True,True,True,3.011333333333333,2.7809999999999997,0.9956091719085385,1.861,5.012,1.9925,2.14575,3.6334999999999997,4.4478,24,0,0,0,0,0.0,23.0,0,BTGOXD2,mg/L,reported_gmt_minus_4_unconverted
2017-11-02,24,24,24,1.0,high,True,True,True,True,2.6170416666666667,2.227,1.1658433588260648,1.442,5.176,1.5325,1.7435,3.3762499999999998,4.543699999999999,24,0,0,0,0,0.0,23.0,0,BTGOXD2,mg/L,reported_gmt_minus_4_unconverted
2017-11-03,24,24,24,1.0,high,True,True,True,True,3.609166666666667,3.351,0.9323208846121908,2.451,5.251,2.5226,2.87275,4.36075,4.9487,24,0,0,0,0,0.0,23.0,0,BTGOXD2,mg/L,reported_gmt_minus_4_unconverted
2017-11-04,24,24,24,1.0,high,True,True,True,True,3.8865833333333337,3.7960000000000003,0.9941603805819464,2.496,5.601,2.6213,2.97225,4.600750000000001,5.2581,24,0,0,0,0,0.0,23.0,0,BTGOXD2,mg/L,reported_gmt_minus_4_unconverted
2017-11-05,24,24,24,1.0,high,True,True,True,True,3.968,3.9295,0.8699368292907949,2.434,5.381,2.9441,3.245,4.7524999999999995,4.9994,24,0,0,0,0,0.0,23.0,0,BTGOXD2,mg/L,reported_gmt_minus_4_unconverted
2017-11-06,24,24,24,1.0,high,True,True,True,True,4.364458333333333,4.4345,0.574007118511129,3.28,5.263,3.5804,3.9485,4.723000000000001,5.0983,24,0,0,0,0,0.0,23.0,0,BTGOXD2,mg/L,reported_gmt_minus_4_unconverted
2017-11-07,24,24,24,1.0,high,True,True,True,True,5.267499999999999,5.2925,0.5285430343221211,4.167,6.066,4.5684,4.9952499999999995,5.6725,5.845400000000001,24,0,0,0,0,0.0,23.0,0,BTGOXD2,mg/L,reported_gmt_minus_4_unconverted
2017-11-08,24,24,24,1.0,high,True,True,True,True,5.707791666666666,5.651999999999999,0.6306219138187366,4.625,7.276,4.8473999999999995,5.4225,6.051,6.4919,24,0,0,0,0,0.0,23.0,0,BTGOXD2,mg/L,reported_gmt_minus_4_unconverted
2017-11-09,24,24,24,1.0,high,True,True,True,True,5.100041666666667,4.981,1.355701277830092,2.594,6.785,2.9927,4.25925,6.3302499999999995,6.6697999999999995,24,0,0,0,0,0.0,23.0,0,BTGOXD2,mg/L,reported_gmt_minus_4_unconverted
2017-11-10,24,24,24,1.0,high,True,True,True,True,4.361958333333334,4.455,0.9944135470397776,2.466,6.125,3.4188,3.5702499999999997,4.983,5.817399999999999,24,0,0,0,0,0.0,23.0,0,BTGOXD2,mg/L,reported_gmt_minus_4_unconverted
2017-11-11,24,24,1,0.041667,weak,False,False,False,False,4.237,4.237,,4.237,4.237,4.237,4.237,4.237,4.237,1,23,0,0,0,0.0,0.0,23,BTGOXD2,mg/L,reported_gmt_minus_4_unconverted
2017-11-12,24,24,24,1.0,high,True,True,True,True,4.98975,4.6605,0.9839058920180456,3.958,7.069,4.0355,4.3107500000000005,5.45225,6.6485,24,0,0,0,0,0.0,23.0,0,BTGOXD2,mg/L,reported_gmt_minus_4_unconverted
2017-11-13,24,24,24,1.0,high,True,True,True,True,4.986000000000001,4.806,0.8695546086309383,3.724,7.127,4.0213,4.438000000000001,5.372249999999999,6.1685,24,0,0,0,0,0.0,23.0,0,BTGOXD2,mg/L,reported_gmt_minus_4_unconverted
2017-11-14,24,24,24,1.0,high,True,True,True,True,5.2160416666666665,5.292,1.2914409033649423,3.201,8.057,3.6393,3.9539999999999997,5.904,6.9646,24,0,0,0,0,0.0,23.0,0,BTGOXD2,mg/L,reported_gmt_minus_4_unconverted
2017-11-15,24,24,24,1.0,high,True,True,True,True,4.822500000000001,4.5685,1.2976887481043065,3.382,8.22,3.5535,3.88325,5.1535,6.396999999999999,24,0,0,0,0,0.0,23.0,0,BTGOXD2,mg/L,reported_gmt_minus_4_unconverted
2017-11-16,24,24,24,1.0,high,True,True,True,True,4.608,4.526,0.7668329561310571,3.072,5.994,3.6281,4.17,5.16275,5.4913,24,0,0,0,0,0.0,23.0,0,BTGOXD2,mg/L,reported_gmt_minus_4_unconverted
2017-11-17,24,24,24,1.0,high,True,True,True,True,4.866791666666667,4.467499999999999,1.0040711467588455,3.693,7.135,3.8354,4.30675,5.4365,6.454299999999999,24,0,0,0,0,0.0,23.0,0,BTGOXD2,mg/L,reported_gmt_minus_4_unconverted
2017-11-18,24,24,1,0.041667,weak,False,False,False,False,3.82,3.82,,3.82,3.82,3.82,3.82,3.82,3.82,1,23,0,0,0,0.0,0.0,23,BTGOXD2,mg/L,reported_gmt_minus_4_unconverted
2017-11-19,24,24,24,1.0,high,True,True,True,True,7.1349583333333335,6.8545,0.9872275399216283,5.942,9.492,6.2157,6.62,7.09375,8.9621,24,0,0,0,0,0.0,23.0,0,BTGOXD2,mg/L,reported_gmt_minus_4_unconverted
2017-11-20,24,24,24,1.0,high,True,True,True,True,8.916625000000002,9.1785,0.9912599717136464,6.787,10.718,7.6027000000000005,8.2245,9.47975,9.7762,24,0,0,0,0,0.0,23.0,0,BTGOXD2,mg/L,reported_gmt_minus_4_unconverted
2017-11-21,24,24,24,1.0,high,True,True,True,True,7.646333333333334,7.6975,0.8546620316860913,5.702,9.162,6.706799999999999,7.20575,8.23075,8.549,24,0,0,0,0,0.0,23.0,0,BTGOXD2,mg/L,reported_gmt_minus_4_unconverted
2017-11-22,24,24,24,1.0,high,True,True,True,True,8.753458333333333,8.75,1.6256633958016264,6.277,12.014,6.5723,7.53975,9.826,10.8445,24,0,0,0,0,0.0,23.0,0,BTGOXD2,mg/L,reported_gmt_minus_4_unconverted
2017-11-23,24,24,24,1.0,high,True,True,True,True,9.506958333333333,9.537500000000001,0.41168059370327875,8.474,10.176,9.0055,9.20925,9.8125,9.9809,24,0,0,0,0,0.0,23.0,0,BTGOXD2,mg/L,reported_gmt_minus_4_unconverted
2017-11-24,24,24,24,1.0,high,True,True,True,True,9.387916666666667,9.7425,0.9843658261592307,7.121,10.251,7.5783000000000005,9.2035,10.0975,10.192499999999999,24,0,0,0,0,0.0,23.0,0,BTGOXD2,mg/L,reported_gmt_minus_4_unconverted
2017-11-25,24,24,1,0.041667,weak,False,False,False,False,8.49,8.49,,8.49,8.49,8.49,8.49,8.49,8.49,1,23,0,0,0,0.0,0.0,23,BTGOXD2,mg/L,reported_gmt_minus_4_unconverted
2017-11-26,24,24,24,1.0,high,True,True,True,True,8.053375,7.765499999999999,1.2827759576826718,5.122,10.717,7.2777,7.313,8.558,10.1106,24,0,0,0,0,0.0,23.0,0,BTGOXD2,mg/L,reported_gmt_minus_4_unconverted
2017-11-27,24,24,24,1.0,high,True,True,True,True,8.517375,9.1,1.932456463596438,3.618,10.475,6.515700000000001,7.5257499999999995,10.01425,10.421800000000001,24,0,0,0,0,0.0,23.0,0,BTGOXD2,mg/L,reported_gmt_minus_4_unconverted
2017-11-28,24,24,24,1.0,high,True,True,True,True,9.020833333333334,9.0835,1.1417867259415098,6.75,10.425,7.4671,8.2225,10.0655,10.3241,24,0,0,0,0,0.0,23.0,0,BTGOXD2,mg/L,reported_gmt_minus_4_unconverted
2017-11-29,24,24,24,1.0,high,True,True,True,True,8.159708333333333,8.198,1.1659867804145334,5.73,9.67,6.569,7.673,9.03275,9.5744,24,0,0,0,0,0.0,23.0,0,BTGOXD2,mg/L,reported_gmt_minus_4_unconverted
2017-11-30,24,24,24,1.0,high,True,True,True,True,6.597041666666667,6.4655000000000005,1.4358693921216803,4.103,9.029,4.805000000000001,5.68125,7.8015,8.5364,24,0,0,0,0,0.0,23.0,0,BTGOXD2,mg/L,reported_gmt_minus_4_unconverted
2017-12-01,24,24,24,1.0,high,True,True,True,True,6.815458333333333,6.843500000000001,1.2781457690279532,4.77,8.604,5.1946,5.60775,7.9675,8.4869,24,0,0,0,0,0.0,23.0,0,BTGOXD2,mg/L,reported_gmt_minus_4_unconverted
2017-12-02,24,24,1,0.041667,weak,False,False,False,False,6.373,6.373,,6.373,6.373,6.373,6.373,6.373,6.373,1,23,0,0,0,0.0,0.0,23,BTGOXD2,mg/L,reported_gmt_minus_4_unconverted
2017-12-03,24,24,24,1.0,high,True,True,True,True,5.634833333333333,5.4605,0.6420432510601479,4.616,6.703,4.856,5.154,6.27325,6.5202,24,0,0,0,0,0.0,23.0,0,BTGOXD2,mg/L,reported_gmt_minus_4_unconverted
2017-12-04,24,24,24,1.0,high,True,True,True,True,4.7288749999999995,4.551,0.6585791235352983,3.63,5.782,4.0499,4.1955,5.24925,5.6255,24,0,0,0,0,0.0,23.0,0,BTGOXD2,mg/L,reported_gmt_minus_4_unconverted
2017-12-05,24,24,24,1.0,high,True,True,True,True,5.442041666666667,5.3555,0.7012900212041946,4.153,6.813,4.6108,5.0035,6.002000000000001,6.3742,24,0,0,0,0,0.0,23.0,0,BTGOXD2,mg/L,reported_gmt_minus_4_unconverted
2017-12-06,24,24,24,1.0,high,True,True,True,True,6.129958333333334,6.3265,0.8636253958026955,4.772,7.481,5.1102,5.3715,6.76775,7.2744,24,0,0,0,0,0.0,23.0,0,BTGOXD2,mg/L,reported_gmt_minus_4_unconverted
2017-12-07,24,24,24,1.0,high,True,True,True,True,6.377791666666667,6.2275,1.0826563539725342,4.905,8.549,5.1167,5.3995,6.988,8.0317,24,0,0,0,0,0.0,23.0,0,BTGOXD2,mg/L,reported_gmt_minus_4_unconverted
2017-12-08,24,24,24,1.0,high,True,True,True,True,6.535083333333334,6.154,1.1749448059808807,5.009,8.826,5.3332,5.675750000000001,7.5335,8.377999999999998,24,0,0,0,0,0.0,23.0,0,BTGOXD2,mg/L,reported_gmt_minus_4_unconverted
2017-12-09,24,24,1,0.041667,weak,False,False,False,False,6.728,6.728,,6.728,6.728,6.728,6.728,6.728,6.728,1,23,0,0,0,0.0,0.0,23,BTGOXD2,mg/L,reported_gmt_minus_4_unconverted
2017-12-10,24,24,24,1.0,high,True,True,True,True,7.609291666666667,7.7219999999999995,0.5025447831367579,6.132,8.349,7.0945,7.232749999999999,7.91625,8.1691,24,0,0,0,0,0.0,23.0,0,BTGOXD2,mg/L,reported_gmt_minus_4_unconverted
2017-12-11,24,24,24,1.0,high,True,True,True,True,7.850083333333333,7.8245000000000005,0.39216377642030104,7.15,8.734,7.354,7.599,8.09075,8.3474,24,0,0,0,0,0.0,23.0,0,BTGOXD2,mg/L,reported_gmt_minus_4_unconverted
2017-12-12,24,24,24,1.0,high,True,True,True,True,7.333500000000001,6.975,0.9735404683310607,5.711,8.774,6.3033,6.4555,8.2195,8.5541,24,0,0,0,0,0.0,23.0,0,BTGOXD2,mg/L,reported_gmt_minus_4_unconverted
2017-12-13,24,24,24,1.0,high,True,True,True,True,6.2854166666666655,6.293,0.9394739470051574,4.722,8.083,5.0584999999999996,5.5675,6.88725,7.4471,24,0,0,0,0,0.0,23.0,0,BTGOXD2,mg/L,reported_gmt_minus_4_unconverted
2017-12-14,24,24,24,1.0,high,True,True,True,True,5.119791666666667,5.0125,0.6227053863492797,3.709,6.377,4.6705,4.7802500000000006,5.55825,6.0355,24,0,0,0,0,0.0,23.0,0,BTGOXD2,mg/L,reported_gmt_minus_4_unconverted
2017-12-15,24,24,24,1.0,high,True,True,True,True,5.231083333333333,5.274,0.7316889881379375,4.241,6.385,4.2976,4.394,5.8652500000000005,6.0916999999999994,24,0,0,0,0,0.0,23.0,0,BTGOXD2,mg/L,reported_gmt_minus_4_unconverted
2017-12-16,24,24,1,0.041667,weak,False,False,False,False,6.323,6.323,,6.323,6.323,6.323,6.323,6.323,6.323,1,23,0,0,0,0.0,0.0,23,BTGOXD2,mg/L,reported_gmt_minus_4_unconverted
2017-12-17,24,24,24,1.0,high,True,True,True,True,6.883875,6.737500000000001,1.0496403654295745,5.331,8.643,5.5676,6.32275,7.83075,8.466,24,0,0,0,0,0.0,23.0,0,BTGOXD2,mg/L,reported_gmt_minus_4_unconverted
2017-12-18,24,24,24,1.0,high,True,True,True,True,7.700458333333334,7.758,0.5116312343158267,6.645,8.391,6.811,7.47825,8.028500000000001,8.3122,24,0,0,0,0,0.0,23.0,0,BTGOXD2,mg/L,reported_gmt_minus_4_unconverted
2017-12-19,24,24,0,0.0,missing,False,False,False,False,,,,,,,,,,0,24,0,0,0,,,24,BTGOXD2,mg/L,reported_gmt_minus_4_unconverted
2017-12-20,24,24,24,1.0,high,True,True,True,True,8.177958333333335,8.296,0.3373815385231264,7.435,8.794,7.6515,8.059249999999999,8.36025,8.4858,24,0,0,0,0,0.0,23.0,0,BTGOXD2,mg/L,reported_gmt_minus_4_unconverted
2017-12-21,24,24,24,1.0,high,True,True,True,True,7.801208333333332,7.5825,0.6597058619380021,6.982,8.858,7.0579,7.19575,8.51175,8.6881,24,0,0,0,0,0.0,23.0,0,BTGOXD2,mg/L,reported_gmt_minus_4_unconverted
2017-12-22,24,24,24,1.0,high,True,True,True,True,7.723833333333334,7.7005,0.5831686061409733,6.718,8.642,6.909800000000001,7.2625,8.077,8.5091,24,0,0,0,0,0.0,23.0,0,BTGOXD2,mg/L,reported_gmt_minus_4_unconverted
2017-12-23,24,24,24,1.0,high,True,True,True,True,6.978999999999999,7.109,0.7958982893288072,5.128,8.479,5.9066,6.6225,7.47325,7.7614,24,0,0,0,0,0.0,23.0,0,BTGOXD2,mg/L,reported_gmt_minus_4_unconverted
2017-12-24,24,24,24,1.0,high,True,True,True,True,5.614166666666667,5.5845,0.35921395667020883,4.96,6.732,5.2693,5.4065,5.72775,5.977399999999999,24,0,0,0,0,0.0,23.0,0,BTGOXD2,mg/L,reported_gmt_minus_4_unconverted
2017-12-25,24,24,24,1.0,high,True,True,True,True,5.832375,5.7355,1.1058930608139839,4.166,7.605,4.6152999999999995,4.741,6.92575,7.2458,24,0,0,0,0,0.0,23.0,0,BTGOXD2,mg/L,reported_gmt_minus_4_unconverted
2017-12-26,24,24,24,1.0,high,True,True,True,True,7.5499583333333335,7.67,0.8729954170489133,5.453,8.594,6.2565,7.10075,8.243749999999999,8.4788,24,0,0,0,0,0.0,23.0,0,BTGOXD2,mg/L,reported_gmt_minus_4_unconverted
2017-12-27,24,24,24,1.0,high,True,True,True,True,6.901375000000001,6.8665,0.7499777279301728,5.619,8.478,6.0428,6.391,7.298500000000001,7.8642,24,0,0,0,0,0.0,23.0,0,BTGOXD2,mg/L,reported_gmt_minus_4_unconverted
2017-12-28,24,24,24,1.0,high,True,True,True,True,7.436208333333333,7.6045,0.43720674436568396,6.479,7.966,6.9099,7.0245,7.78525,7.8835,24,0,0,0,0,0.0,23.0,0,BTGOXD2,mg/L,reported_gmt_minus_4_unconverted
2017-12-29,24,24,1,0.041667,weak,False,False,False,False,7.397,7.397,,7.397,7.397,7.397,7.397,7.397,7.397,1,23,0,0,0,0.0,0.0,23,BTGOXD2,mg/L,reported_gmt_minus_4_unconverted
2017-12-30,24,24,24,1.0,high,True,True,True,True,5.974916666666668,5.7524999999999995,0.9598554201212972,4.471,7.547,4.7943,5.3295,6.91775,7.3056,24,0,0,0,0,0.0,23.0,0,BTGOXD2,mg/L,reported_gmt_minus_4_unconverted
2017-12-31,24,24,24,1.0,high,True,True,True,True,5.386958333333333,5.3885000000000005,0.990270471580395,3.86,7.086,4.2467,4.561,6.17775,6.5752999999999995,24,0,0,0,0,0.0,23.0,0,BTGOXD2,mg/L,reported_gmt_minus_4_unconverted
2018-01-01,24,24,24,1.0,high,True,True,True,True,6.0921666666666665,6.1434999999999995,0.709383422825562,4.599,7.336,5.163600000000001,5.578749999999999,6.5794999999999995,6.9475999999999996,24,0,0,0,0,0.0,23.0,0,BTGOXD2,mg/L,reported_gmt_minus_4_unconverted
2018-01-02,24,24,24,1.0,high,True,True,True,True,5.412458333333333,5.2925,0.5859710616958209,4.321,6.444,4.7107,5.05975,5.7444999999999995,6.3355,24,0,0,0,0,0.0,23.0,0,BTGOXD2,mg/L,reported_gmt_minus_4_unconverted
2018-01-03,24,24,24,1.0,high,True,True,True,True,6.734708333333334,7.0055,1.0555873897119274,5.149,8.537,5.3032,5.539499999999999,7.278499999999999,8.0329,24,0,0,0,0,0.0,23.0,0,BTGOXD2,mg/L,reported_gmt_minus_4_unconverted
2018-01-04,24,24,24,1.0,high,True,True,True,True,7.325125,7.5165,0.735546842565921,5.356,8.544,6.2484,7.0605,7.872,7.952299999999999,24,0,0,0,0,0.0,23.0,0,BTGOXD2,mg/L,reported_gmt_minus_4_unconverted
2018-01-05,24,24,1,0.041667,weak,False,False,False,False,4.2,4.2,,4.2,4.2,4.2,4.2,4.2,4.2,1,23,0,0,0,0.0,0.0,23,BTGOXD2,mg/L,reported_gmt_minus_4_unconverted
2018-01-06,24,24,24,1.0,high,True,True,True,True,6.198666666666667,6.672499999999999,1.2648822824301862,4.205,7.872,4.3661,4.91875,7.18325,7.5685,24,0,0,0,0,0.0,23.0,0,BTGOXD2,mg/L,reported_gmt_minus_4_unconverted
2018-01-07,24,24,24,1.0,high,True,True,True,True,7.485208333333333,7.5015,0.11459720732869644,7.112,7.604,7.346,7.4475,7.57275,7.5947,24,0,0,0,0,0.0,23.0,0,BTGOXD2,mg/L,reported_gmt_minus_4_unconverted
2018-01-08,24,24,24,1.0,high,True,True,True,True,6.650791666666667,6.895,0.7216369061206351,5.097,7.662,5.9062,6.0725,7.1785,7.5169,24,0,0,0,0,0.0,23.0,0,BTGOXD2,mg/L,reported_gmt_minus_4_unconverted
2018-01-09,24,24,24,1.0,high,True,True,True,True,5.310166666666667,5.3774999999999995,0.7771403357497765,4.171,7.433,4.394,4.82125,5.50875,6.1107000000000005,24,0,0,0,0,0.0,23.0,0,BTGOXD2,mg/L,reported_gmt_minus_4_unconverted
2018-01-10,24,24,24,1.0,high,True,True,True,True,4.729541666666667,4.6975,0.6917406512727068,3.609,6.134,3.7517,4.35775,5.1065000000000005,5.5818,24,0,0,0,0,0.0,23.0,0,BTGOXD2,mg/L,reported_gmt_minus_4_unconverted
2018-01-11,24,24,24,1.0,high,True,True,True,True,5.286416666666667,5.0515,1.2825642086364963,3.8,8.715,3.9067,4.17875,5.987500000000001,6.783099999999999,24,0,0,0,0,0.0,23.0,0,BTGOXD2,mg/L,reported_gmt_minus_4_unconverted
2018-01-12,24,24,1,0.041667,weak,False,False,False,False,5.616,5.616,,5.616,5.616,5.616,5.616,5.616,5.616,1,23,0,0,0,0.0,0.0,23,BTGOXD2,mg/L,reported_gmt_minus_4_unconverted
2018-01-13,24,24,24,1.0,high,True,True,True,True,7.136541666666666,6.972,0.496729475772728,6.324,8.1,6.5373,6.76,7.55175,7.7761,24,0,0,0,0,0.0,23.0,0,BTGOXD2,mg/L,reported_gmt_minus_4_unconverted
2018-01-14,24,24,24,1.0,high,True,True,True,True,6.600000000000001,6.54,0.5210521963338681,5.595,7.484,6.040500000000001,6.2435,7.055,7.255,24,0,0,0,0,0.0,23.0,0,BTGOXD2,mg/L,reported_gmt_minus_4_unconverted
2018-01-15,24,24,24,1.0,high,True,True,True,True,5.576708333333333,5.5395,0.37059957051603104,5.051,6.3,5.132499999999999,5.3185,5.87125,6.0961,24,0,0,0,0,0.0,23.0,0,BTGOXD2,mg/L,reported_gmt_minus_4_unconverted
2018-01-16,24,24,24,1.0,high,True,True,True,True,4.4191666666666665,4.38,0.45333197996387925,3.68,5.608,3.8158,4.1667499999999995,4.7330000000000005,4.9033999999999995,24,0,0,0,0,0.0,23.0,0,BTGOXD2,mg/L,reported_gmt_minus_4_unconverted
2018-01-17,24,24,24,1.0,high,True,True,True,True,4.189708333333333,4.145,0.5917925223359565,3.104,5.293,3.5277,3.803,4.589,4.9067,24,0,0,0,0,0.0,23.0,0,BTGOXD2,mg/L,reported_gmt_minus_4_unconverted
2018-01-18,24,24,24,1.0,high,True,True,True,True,4.767541666666667,4.4855,0.4960225257127873,4.194,5.715,4.2431,4.36825,5.127000000000001,5.394,24,0,0,0,0,0.0,23.0,0,BTGOXD2,mg/L,reported_gmt_minus_4_unconverted
2018-01-19,24,24,1,0.041667,weak,False,False,False,False,5.537,5.537,,5.537,5.537,5.537,5.537,5.537,5.537,1,23,0,0,0,0.0,0.0,23,BTGOXD2,mg/L,reported_gmt_minus_4_unconverted
2018-01-20,24,24,24,1.0,high,True,True,True,True,6.692125,6.587,0.36185768431201254,6.167,7.387,6.2799,6.41175,6.876250000000001,7.2277000000000005,24,0,0,0,0,0.0,23.0,0,BTGOXD2,mg/L,reported_gmt_minus_4_unconverted
2018-01-21,24,24,24,1.0,high,True,True,True,True,6.635916666666667,6.647,0.6090535720469821,5.298,7.998,5.8231,6.409000000000001,6.827,7.3276,24,0,0,0,0,0.0,23.0,0,BTGOXD2,mg/L,reported_gmt_minus_4_unconverted
2018-01-22,24,24,24,1.0,high,True,True,True,True,5.858624999999999,5.702999999999999,0.7733421995524979,4.985,7.749,5.0593,5.26,6.125,6.8948,24,0,0,0,0,0.0,23.0,0,BTGOXD2,mg/L,reported_gmt_minus_4_unconverted
2018-01-23,24,24,24,1.0,high,True,True,True,True,6.646,6.6135,0.5394470599000264,5.669,7.611,5.9372,6.2835,7.04725,7.3457,24,0,0,0,0,0.0,23.0,0,BTGOXD2,mg/L,reported_gmt_minus_4_unconverted
2018-01-24,24,24,24,1.0,high,True,True,True,True,6.482583333333333,6.432,0.40429368540452243,5.858,7.18,5.9427,6.192,6.89775,7.0085,24,0,0,0,0,0.0,23.0,0,BTGOXD2,mg/L,reported_gmt_minus_4_unconverted
2018-01-25,24,24,24,1.0,high,True,True,True,True,6.213208333333333,6.349,0.7719722893859016,4.689,7.539,5.3922,5.66525,6.8397499999999996,7.0772,24,0,0,0,0,0.0,23.0,0,BTGOXD2,mg/L,reported_gmt_minus_4_unconverted
2018-01-26,24,24,1,0.041667,weak,False,False,False,False,6.239,6.239,,6.239,6.239,6.239,6.239,6.239,6.239,1,23,0,0,0,0.0,0.0,23,BTGOXD2,mg/L,reported_gmt_minus_4_unconverted
2018-01-27,24,24,24,1.0,high,True,True,True,True,4.033416666666667,3.9815,0.2018766124806603,3.812,4.564,3.8304,3.87725,4.1295,4.3233,24,0,0,0,0,0.0,23.0,0,BTGOXD2,mg/L,reported_gmt_minus_4_unconverted
2018-01-28,24,24,24,1.0,high,True,True,True,True,4.646541666666667,4.6095,0.33634169726461294,4.115,5.65,4.2847,4.433,4.80425,4.947699999999999,24,0,0,0,0,0.0,23.0,0,BTGOXD2,mg/L,reported_gmt_minus_4_unconverted
2018-01-29,24,24,24,1.0,high,True,True,True,True,6.151125,6.4815000000000005,1.0625507992971237,4.225,7.528,4.5092,5.010999999999999,6.93975,7.2751,24,0,0,0,0,0.0,23.0,0,BTGOXD2,mg/L,reported_gmt_minus_4_unconverted
2018-01-30,24,24,24,1.0,high,True,True,True,True,5.607541666666667,5.5600000000000005,0.8858302899180135,4.15,6.82,4.277,5.16525,6.47375,6.657900000000001,24,0,0,0,0,0.0,23.0,0,BTGOXD2,mg/L,reported_gmt_minus_4_unconverted
2018-01-31,24,24,24,1.0,high,True,True,True,True,4.236291666666666,4.2915,0.23451809593044326,3.733,4.811,3.921,4.1015,4.383,4.4226,24,0,0,0,0,0.0,23.0,0,BTGOXD2,mg/L,reported_gmt_minus_4_unconverted
2018-02-01,24,24,24,1.0,high,True,True,True,True,5.999208333333333,6.7305,1.6774878209670416,3.343,8.073,3.7227,4.30025,7.49525,7.7911,24,0,0,0,0,0.0,23.0,0,BTGOXD2,mg/L,reported_gmt_minus_4_unconverted
2018-02-02,24,24,2,0.083333,weak,False,False,False,False,7.3260000000000005,7.3260000000000005,1.1794541110191614,6.492,8.16,6.6588,6.909,7.743,7.9932,2,22,0,0,0,0.0,1.0,22,BTGOXD2,mg/L,reported_gmt_minus_4_unconverted
2018-02-03,24,24,24,1.0,high,True,True,True,True,8.302916666666667,8.067,1.2347137994963315,6.324,10.478,7.0109,7.329000000000001,9.187,10.073500000000001,24,0,0,0,0,0.0,23.0,0,BTGOXD2,mg/L,reported_gmt_minus_4_unconverted
2018-02-04,24,24,24,1.0,high,True,True,True,True,7.158,6.8965,1.5441868269486496,5.018,10.511,5.3135,5.865,8.25525,9.1394,24,0,0,0,0,0.0,23.0,0,BTGOXD2,mg/L,reported_gmt_minus_4_unconverted
2018-02-05,24,24,24,1.0,high,True,True,True,True,7.233958333333333,7.342,1.2001778664980802,5.304,9.96,5.7792,6.006,8.08125,8.289399999999999,24,0,0,0,0,0.0,23.0,0,BTGOXD2,mg/L,reported_gmt_minus_4_unconverted
2018-02-06,24,24,24,1.0,high,True,True,True,True,7.351624999999999,7.615,1.2887864130561977,4.955,9.706,5.5482,6.469,7.9565,9.077,24,0,0,0,0,0.0,23.0,0,BTGOXD2,mg/L,reported_gmt_minus_4_unconverted
2018-02-07,24,24,24,1.0,high,True,True,True,True,7.335125000000001,7.3425,1.7818559282144681,4.38,9.403,5.0047999999999995,5.5745000000000005,9.15875,9.3184,24,0,0,0,0,0.0,23.0,0,BTGOXD2,mg/L,reported_gmt_minus_4_unconverted
2018-02-08,24,24,24,1.0,high,True,True,True,True,5.264083333333333,4.7095,1.2622508507206194,3.58,8.692,4.1189,4.4365000000000006,5.75775,6.5459,24,0,0,0,0,0.0,23.0,0,BTGOXD2,mg/L,reported_gmt_minus_4_unconverted
2018-02-09,24,24,1,0.041667,weak,False,False,False,False,6.288,6.288,,6.288,6.288,6.288,6.288,6.288,6.288,1,23,0,0,0,0.0,0.0,23,BTGOXD2,mg/L,reported_gmt_minus_4_unconverted
2018-02-10,24,24,24,1.0,high,True,True,True,True,7.602833333333334,7.828,0.5270843234796221,6.453,8.173,6.775,7.219,7.99325,8.0707,24,0,0,0,0,0.0,23.0,0,BTGOXD2,mg/L,reported_gmt_minus_4_unconverted
2018-02-11,24,24,24,1.0,high,True,True,True,True,7.488541666666667,7.4585,0.25750761561835267,7.106,7.828,7.1637,7.2935,7.732,7.7907,24,0,0,0,0,0.0,23.0,0,BTGOXD2,mg/L,reported_gmt_minus_4_unconverted
2018-02-12,24,24,24,1.0,high,True,True,True,True,7.5681666666666665,7.612500000000001,0.13455746038376154,7.196,7.727,7.4183,7.49575,7.662,7.6982,24,0,0,0,0,0.0,23.0,0,BTGOXD2,mg/L,reported_gmt_minus_4_unconverted
2018-02-13,24,24,24,1.0,high,True,True,True,True,7.294083333333333,7.325,0.1705464151195941,6.852,7.473,7.0771,7.26225,7.413,7.4387,24,0,0,0,0,0.0,23.0,0,BTGOXD2,mg/L,reported_gmt_minus_4_unconverted
2018-02-14,24,24,24,1.0,high,True,True,True,True,7.316791666666667,7.259,0.27319557879907624,6.898,7.72,6.964700000000001,7.08725,7.60525,7.6518,24,0,0,0,0,0.0,23.0,0,BTGOXD2,mg/L,reported_gmt_minus_4_unconverted
2018-02-15,24,24,24,1.0,high,True,True,True,True,7.542958333333334,7.4830000000000005,0.25348398099917163,6.91,7.978,7.2957,7.39625,7.6665,7.9132,24,0,0,0,0,0.0,23.0,0,BTGOXD2,mg/L,reported_gmt_minus_4_unconverted
2018-02-16,24,24,1,0.041667,weak,False,False,False,False,7.018,7.018,,7.018,7.018,7.018,7.018,7.018,7.018,1,23,0,0,0,0.0,0.0,23,BTGOXD2,mg/L,reported_gmt_minus_4_unconverted
2018-02-17,24,24,24,1.0,high,True,True,True,True,7.12325,7.175,0.304558875581803,6.478,7.523,6.6686000000000005,6.965,7.336,7.4444,24,0,0,0,0,0.0,23.0,0,BTGOXD2,mg/L,reported_gmt_minus_4_unconverted
2018-02-18,24,24,24,1.0,high,True,True,True,True,6.349958333333333,6.3774999999999995,0.3284058304792314,5.542,7.121,5.933800000000001,6.29425,6.49775,6.6575,24,0,0,0,0,0.0,23.0,0,BTGOXD2,mg/L,reported_gmt_minus_4_unconverted
2018-02-19,24,24,24,1.0,high,True,True,True,True,6.756125,6.781000000000001,0.3023531353868534,6.029,7.186,6.3658,6.62475,7.00025,7.1381000000000006,24,0,0,0,0,0.0,23.0,0,BTGOXD2,mg/L,reported_gmt_minus_4_unconverted
2018-02-20,24,24,24,1.0,high,True,True,True,True,6.517541666666666,6.6225000000000005,0.34459705254570655,5.762,7.005,5.9942,6.335500000000001,6.7467500000000005,6.9355,24,0,0,0,0,0.0,23.0,0,BTGOXD2,mg/L,reported_gmt_minus_4_unconverted
2018-02-21,24,24,24,1.0,high,True,True,True,True,7.471708333333333,7.375500000000001,0.8329855930257173,6.3,9.841,6.7794,6.96775,7.713,8.1598,24,0,0,0,0,0.0,23.0,0,BTGOXD2,mg/L,reported_gmt_minus_4_unconverted
2018-02-22,24,24,24,1.0,high,True,True,True,True,6.559750000000001,6.5649999999999995,0.336194205003984,5.863,7.143,6.2296,6.27225,6.805000000000001,6.9628,24,0,0,0,0,0.0,23.0,0,BTGOXD2,mg/L,reported_gmt_minus_4_unconverted
2018-02-23,24,24,24,1.0,high,True,True,True,True,6.369416666666666,6.3919999999999995,0.5017911324243486,5.591,7.443,5.7386,5.94375,6.7315000000000005,6.9731000000000005,24,0,0,0,0,0.0,23.0,0,BTGOXD2,mg/L,reported_gmt_minus_4_unconverted
2018-02-24,24,24,24,1.0,high,True,True,True,True,6.058333333333334,5.9215,0.418459666818229,5.215,7.089,5.6894,5.79075,6.37125,6.5684,24,0,0,0,0,0.0,23.0,0,BTGOXD2,mg/L,reported_gmt_minus_4_unconverted
2018-02-25,24,24,24,1.0,high,True,True,True,True,5.611875,5.6825,0.2236124972201765,5.158,6.003,5.3122,5.443250000000001,5.768,5.8656,24,0,0,0,0,0.0,23.0,0,BTGOXD2,mg/L,reported_gmt_minus_4_unconverted
2018-02-26,24,24,24,1.0,high,True,True,True,True,5.499375000000001,5.5675,0.2981789384712243,4.342,5.931,5.2436,5.4425,5.64175,5.7134,24,0,0,0,0,0.0,23.0,0,BTGOXD2,mg/L,reported_gmt_minus_4_unconverted
2018-02-27,24,24,24,1.0,high,True,True,True,True,5.522000000000001,5.4055,0.4538592005380563,4.521,6.44,5.0398000000000005,5.3315,5.817,6.1063,24,0,0,0,0,0.0,23.0,0,BTGOXD2,mg/L,reported_gmt_minus_4_unconverted
2018-02-28,24,24,24,1.0,high,True,True,True,True,5.6323333333333325,6.011,1.0864229965976566,3.756,7.146,4.0822,4.567,6.423,6.7833,24,0,0,0,0,0.0,23.0,0,BTGOXD2,mg/L,reported_gmt_minus_4_unconverted
2018-03-01,24,24,24,1.0,high,True,True,True,True,5.6888749999999995,5.644,0.43453616575358395,5.038,6.424,5.1204,5.4079999999999995,5.93525,6.3746,24,0,0,0,0,0.0,23.0,0,BTGOXD2,mg/L,reported_gmt_minus_4_unconverted
2018-03-02,24,24,24,1.0,high,True,True,True,True,5.637833333333333,5.7044999999999995,0.6012243064503187,4.34,6.991,5.1318,5.29575,5.9115,6.2912,24,0,0,0,0,0.0,23.0,0,BTGOXD2,mg/L,reported_gmt_minus_4_unconverted
2018-03-03,24,24,24,1.0,high,True,True,True,True,6.574583333333333,6.5585,0.7224327810865214,5.266,7.707,5.6329,6.1415,7.0245,7.6281,24,0,0,0,0,0.0,23.0,0,BTGOXD2,mg/L,reported_gmt_minus_4_unconverted
2018-03-04,24,24,24,1.0,high,True,True,True,True,6.1925,6.2835,0.54807743026439,4.988,7.075,5.5258,5.86825,6.622,6.8284,24,0,0,0,0,0.0,23.0,0,BTGOXD2,mg/L,reported_gmt_minus_4_unconverted
2018-03-05,24,24,24,1.0,high,True,True,True,True,5.9446666666666665,5.7745,0.5451810761546125,4.84,6.931,5.4491,5.52675,6.487,6.6476999999999995,24,0,0,0,0,0.0,23.0,0,BTGOXD2,mg/L,reported_gmt_minus_4_unconverted
2018-03-06,24,24,24,1.0,high,True,True,True,True,6.513041666666666,6.5440000000000005,0.5450966790329526,5.209,7.388,5.7179,6.24375,6.85625,7.0871,24,0,0,0,0,0.0,23.0,0,BTGOXD2,mg/L,reported_gmt_minus_4_unconverted
2018-03-07,24,24,24,1.0,high,True,True,True,True,6.600416666666667,6.6805,0.6079406375959578,5.58,7.463,5.7012,5.9935,7.09425,7.3124,24,0,0,0,0,0.0,23.0,0,BTGOXD2,mg/L,reported_gmt_minus_4_unconverted
2018-03-08,24,24,2,0.083333,weak,False,False,False,False,6.8035,6.8035,0.7855956338982542,6.248,7.359,6.3591,6.52575,7.08125,7.2479000000000005,2,22,0,0,0,0.0,1.0,22,BTGOXD2,mg/L,reported_gmt_minus_4_unconverted
2018-03-09,24,24,1,0.041667,weak,False,False,False,False,6.395,6.395,,6.395,6.395,6.395,6.395,6.395,6.395,1,23,0,0,0,0.0,0.0,23,BTGOXD2,mg/L,reported_gmt_minus_4_unconverted
2018-03-10,24,24,24,1.0,high,True,True,True,True,5.566208333333333,5.494,0.7257897634970484,4.409,6.93,4.7308,4.973,6.14375,6.5462,24,0,0,0,0,0.0,23.0,0,BTGOXD2,mg/L,reported_gmt_minus_4_unconverted
2018-03-11,24,24,24,1.0,high,True,True,True,True,4.376125,4.193,0.7209990841518636,3.553,6.176,3.639,3.77,4.718,5.3709,24,0,0,0,0,0.0,23.0,0,BTGOXD2,mg/L,reported_gmt_minus_4_unconverted
2018-03-12,24,24,24,1.0,high,True,True,True,True,5.7685,6.103,0.6333568950613383,4.295,6.687,5.0153,5.24075,6.2465,6.3142,24,0,0,0,0,0.0,23.0,0,BTGOXD2,mg/L,reported_gmt_minus_4_unconverted
2018-03-13,24,24,24,1.0,high,True,True,True,True,6.743333333333333,6.9510000000000005,0.5133198567777394,5.736,7.379,5.9372,6.364,7.11675,7.2255,24,0,0,0,0,0.0,23.0,0,BTGOXD2,mg/L,reported_gmt_minus_4_unconverted
2018-03-14,24,24,24,1.0,high,True,True,True,True,6.445583333333334,6.5329999999999995,0.5282400571435438,5.509,7.218,5.800400000000001,5.994999999999999,6.809749999999999,7.1021,24,0,0,0,0,0.0,23.0,0,BTGOXD2,mg/L,reported_gmt_minus_4_unconverted
2018-03-15,24,24,24,1.0,high,True,True,True,True,6.013749999999999,6.0205,0.6093846682622096,4.839,7.161,5.103400000000001,5.739,6.37775,6.8065,24,0,0,0,0,0.0,23.0,0,BTGOXD2,mg/L,reported_gmt_minus_4_unconverted
2018-03-16,24,24,1,0.041667,weak,False,False,False,False,7.095,7.095,,7.095,7.095,7.095,7.095,7.095,7.095,1,23,0,0,0,0.0,0.0,23,BTGOXD2,mg/L,reported_gmt_minus_4_unconverted
2018-03-17,24,24,24,1.0,high,True,True,True,True,7.191749999999999,7.277,0.3815545148810153,6.292,7.702,6.6671,6.99375,7.46275,7.566,24,0,0,0,0,0.0,23.0,0,BTGOXD2,mg/L,reported_gmt_minus_4_unconverted
2018-03-18,24,24,24,1.0,high,True,True,True,True,6.262708333333333,6.2795000000000005,0.6526414209007596,4.262,7.325,5.534000000000001,6.0992500000000005,6.632000000000001,6.9383,24,0,0,0,0,0.0,23.0,0,BTGOXD2,mg/L,reported_gmt_minus_4_unconverted
2018-03-19,24,24,24,1.0,high,True,True,True,True,5.006291666666667,4.819,1.0220292890879514,3.798,6.986,3.8525,4.1955,5.9275,6.3021,24,0,0,0,0,0.0,23.0,0,BTGOXD2,mg/L,reported_gmt_minus_4_unconverted
2018-03-20,24,24,24,1.0,high,True,True,True,True,4.511458333333334,4.4725,1.1653531272673894,2.691,7.396,3.2841,3.6662500000000002,5.26325,5.896599999999999,24,0,0,0,0,0.0,23.0,0,BTGOXD2,mg/L,reported_gmt_minus_4_unconverted
2018-03-21,24,24,24,1.0,high,True,True,True,True,5.678083333333333,5.6705,0.5466936123617153,4.69,6.509,4.9053,5.32775,6.02875,6.412,24,0,0,0,0,0.0,23.0,0,BTGOXD2,mg/L,reported_gmt_minus_4_unconverted
2018-03-22,24,24,24,1.0,high,True,True,True,True,4.7555000000000005,4.5305,0.7944922359869091,3.763,6.633,3.8774,4.29075,5.1215,6.0077,24,0,0,0,0,0.0,23.0,0,BTGOXD2,mg/L,reported_gmt_minus_4_unconverted
2018-03-23,24,24,8,0.333333,weak,False,False,False,False,4.11625,4.108499999999999,0.7251440743544889,3.093,5.169,3.38,3.5225,4.60375,4.9954,8,16,0,0,0,0.0,7.0,16,BTGOXD2,mg/L,reported_gmt_minus_4_unconverted
2018-03-24,24,24,24,1.0,high,True,True,True,True,5.1605,4.862,0.936229440477809,3.641,7.211,4.2196,4.56525,5.66175,6.679599999999999,24,0,0,0,0,0.0,23.0,0,BTGOXD2,mg/L,reported_gmt_minus_4_unconverted
2018-03-25,24,24,24,1.0,high,True,True,True,True,6.151041666666667,5.830500000000001,1.6421509616344967,4.016,9.873,4.4571,4.68675,7.357,8.4839,24,0,0,0,0,0.0,23.0,0,BTGOXD2,mg/L,reported_gmt_minus_4_unconverted
2018-03-26,24,24,24,1.0,high,True,True,True,True,7.433666666666666,7.6155,0.8337108594119724,6.213,8.647,6.3362,6.684,8.1985,8.4331,24,0,0,0,0,0.0,23.0,0,BTGOXD2,mg/L,reported_gmt_minus_4_unconverted
2018-03-27,24,24,24,1.0,high,True,True,True,True,7.329708333333333,8.072,1.3222869016829588,4.766,9.241,5.6299,6.0794999999999995,8.281,8.6246,24,0,0,0,0,0.0,23.0,0,BTGOXD2,mg/L,reported_gmt_minus_4_unconverted
2018-03-28,24,24,24,1.0,high,True,True,True,True,8.290958333333334,8.4735,0.5578635082532103,7.038,8.955,7.419,7.959,8.70575,8.8294,24,0,0,0,0,0.0,23.0,0,BTGOXD2,mg/L,reported_gmt_minus_4_unconverted
2018-03-29,24,24,24,1.0,high,True,True,True,True,8.014875,8.0445,0.4340117522452088,7.167,8.706,7.4821,7.66425,8.36575,8.5312,24,0,0,0,0,0.0,23.0,0,BTGOXD2,mg/L,reported_gmt_minus_4_unconverted
2018-03-30,24,24,1,0.041667,weak,False,False,False,False,8.63,8.63,,8.63,8.63,8.63,8.63,8.63,8.63,1,23,0,0,0,0.0,0.0,23,BTGOXD2,mg/L,reported_gmt_minus_4_unconverted
2018-03-31,24,24,24,1.0,high,True,True,True,True,7.5879166666666675,7.6805,0.6058063915624949,5.721,8.533,6.9819,7.309749999999999,8.00975,8.125,24,0,0,0,0,0.0,23.0,0,BTGOXD2,mg/L,reported_gmt_minus_4_unconverted
2018-04-01,24,24,24,1.0,high,True,True,True,True,6.0110833333333344,6.2115,1.0757989110895443,3.46,7.512,4.7758,5.4015,6.7780000000000005,7.1899,24,0,0,0,0,0.0,23.0,0,BTGOXD2,mg/L,reported_gmt_minus_4_unconverted
2018-04-02,24,24,24,1.0,high,True,True,True,True,7.314333333333333,7.2545,0.6422883455587372,6.295,8.546,6.6057999999999995,6.7455,7.8645,8.0048,24,0,0,0,0,0.0,23.0,0,BTGOXD2,mg/L,reported_gmt_minus_4_unconverted
2018-04-03,24,24,24,1.0,high,True,True,True,True,6.625,6.776,0.657385202410144,5.125,7.386,5.6683,6.26475,7.1705,7.2942,24,0,0,0,0,0.0,23.0,0,BTGOXD2,mg/L,reported_gmt_minus_4_unconverted
2018-04-04,24,24,24,1.0,high,True,True,True,True,6.853958333333334,6.806,0.4574245938490529,6.15,7.848,6.3606,6.454000000000001,7.0835,7.4851,24,0,0,0,0,0.0,23.0,0,BTGOXD2,mg/L,reported_gmt_minus_4_unconverted
2018-04-05,24,24,22,0.916667,high,True,True,True,True,7.402863636363637,7.293,0.5530749794561609,6.376,8.298,6.8253,7.06225,7.938250000000001,8.1875,22,2,0,0,0,0.0,23.0,2,BTGOXD2,mg/L,reported_gmt_minus_4_unconverted
2018-04-06,24,24,1,0.041667,weak,False,False,False,False,7.811,7.811,,7.811,7.811,7.811,7.811,7.811,7.811,1,23,0,0,0,0.0,0.0,23,BTGOXD2,mg/L,reported_gmt_minus_4_unconverted
2018-04-07,24,24,24,1.0,high,True,True,True,True,7.341,7.3965,0.3718130666366354,6.665,7.911,6.7961,7.0329999999999995,7.60325,7.7449,24,0,0,0,0,0.0,23.0,0,BTGOXD2,mg/L,reported_gmt_minus_4_unconverted
2018-04-08,24,24,24,1.0,high,True,True,True,True,6.921083333333333,7.0045,0.5924652928133477,5.446,7.789,6.3433,6.552,7.28775,7.6174,24,0,0,0,0,0.0,23.0,0,BTGOXD2,mg/L,reported_gmt_minus_4_unconverted
2018-04-09,24,24,24,1.0,high,True,True,True,True,7.079,7.1285,0.3695621380945882,6.071,7.631,6.6509,6.82925,7.33775,7.505,24,0,0,0,0,0.0,23.0,0,BTGOXD2,mg/L,reported_gmt_minus_4_unconverted
2018-04-10,24,24,24,1.0,high,True,True,True,True,7.1394166666666665,7.116,0.4592699231593994,6.225,7.973,6.5625,6.82575,7.50575,7.6076,24,0,0,0,0,0.0,23.0,0,BTGOXD2,mg/L,reported_gmt_minus_4_unconverted
2018-04-11,24,24,24,1.0,high,True,True,True,True,6.7536249999999995,6.896,0.4509462334189992,5.844,7.662,6.031499999999999,6.593,6.989,7.153,24,0,0,0,0,0.0,23.0,0,BTGOXD2,mg/L,reported_gmt_minus_4_unconverted
2018-04-12,24,24,24,1.0,high,True,True,True,True,6.267083333333333,6.255000000000001,0.33917443462243624,5.601,6.817,5.8456,6.0615,6.47675,6.764,24,0,0,0,0,0.0,23.0,0,BTGOXD2,mg/L,reported_gmt_minus_4_unconverted
2018-04-13,24,24,24,1.0,high,True,True,True,True,5.787916666666668,5.8515,0.27771112871920123,5.316,6.478,5.3904,5.58575,5.91375,6.0566,24,0,0,0,0,0.0,23.0,0,BTGOXD2,mg/L,reported_gmt_minus_4_unconverted
2018-04-14,24,24,24,1.0,high,True,True,True,True,6.1697083333333325,6.036,0.48161137852789176,5.523,7.311,5.6792,5.835,6.551500000000001,6.6009,24,0,0,0,0,0.0,23.0,0,BTGOXD2,mg/L,reported_gmt_minus_4_unconverted
2018-04-15,24,24,24,1.0,high,True,True,True,True,6.384833333333333,6.391,0.3769082077926259,5.699,6.93,5.799799999999999,6.1855,6.653499999999999,6.8774,24,0,0,0,0,0.0,23.0,0,BTGOXD2,mg/L,reported_gmt_minus_4_unconverted
2018-04-16,24,24,24,1.0,high,True,True,True,True,6.702500000000001,6.682,0.1768133380764559,6.349,7.02,6.4744,6.58775,6.8462499999999995,6.9268,24,0,0,0,0,0.0,23.0,0,BTGOXD2,mg/L,reported_gmt_minus_4_unconverted
2018-04-17,24,24,24,1.0,high,True,True,True,True,6.623041666666666,6.753,0.5554466654759985,5.617,7.325,5.7001,6.302,7.07125,7.1791,24,0,0,0,0,0.0,23.0,0,BTGOXD2,mg/L,reported_gmt_minus_4_unconverted
2018-04-18,24,24,24,1.0,high,True,True,True,True,6.527874999999999,6.686,0.8209747818242071,5.318,8.07,5.513,5.8025,7.0265,7.6051,24,0,0,0,0,0.0,23.0,0,BTGOXD2,mg/L,reported_gmt_minus_4_unconverted
2018-04-19,24,24,24,1.0,high,True,True,True,True,6.426166666666667,6.432,0.7636350520724039,5.065,7.767,5.4725,5.92525,6.9567499999999995,7.545699999999999,24,0,0,0,0,0.0,23.0,0,BTGOXD2,mg/L,reported_gmt_minus_4_unconverted
2018-04-20,24,24,1,0.041667,weak,False,False,False,False,5.969,5.969,,5.969,5.969,5.969,5.969,5.969,5.969,1,23,0,0,0,0.0,0.0,23,BTGOXD2,mg/L,reported_gmt_minus_4_unconverted
2018-04-21,24,24,24,1.0,high,True,True,True,True,6.767500000000001,6.8134999999999994,0.4005453890580344,5.988,7.383,6.256200000000001,6.4185,7.0634999999999994,7.2487,24,0,0,0,0,0.0,23.0,0,BTGOXD2,mg/L,reported_gmt_minus_4_unconverted
2018-04-22,24,24,24,1.0,high,True,True,True,True,6.974791666666667,6.936,0.41599006877429245,6.083,7.659,6.519,6.753,7.3025,7.575699999999999,24,0,0,0,0,0.0,23.0,0,BTGOXD2,mg/L,reported_gmt_minus_4_unconverted
2018-04-23,24,24,24,1.0,high,True,True,True,True,6.726958333333333,6.7575,0.4820845568233194,5.715,7.394,6.0749,6.364,7.1145,7.2671,24,0,0,0,0,0.0,23.0,0,BTGOXD2,mg/L,reported_gmt_minus_4_unconverted
2018-04-24,24,24,24,1.0,high,True,True,True,True,6.481958333333334,6.371,0.6078499156268233,5.18,7.931,5.9441999999999995,6.117999999999999,6.927,7.2554,24,0,0,0,0,0.0,23.0,0,BTGOXD2,mg/L,reported_gmt_minus_4_unconverted
2018-04-25,24,24,24,1.0,high,True,True,True,True,6.8339583333333325,6.7745,0.4358712892553276,5.934,7.661,6.3088,6.549,7.0817499999999995,7.4828,24,0,0,0,0,0.0,23.0,0,BTGOXD2,mg/L,reported_gmt_minus_4_unconverted
2018-04-26,24,24,24,1.0,high,True,True,True,True,6.792999999999999,6.7855,0.8317404486455156,5.515,8.605,5.651,6.11425,7.4615,7.738,24,0,0,0,0,0.0,23.0,0,BTGOXD2,mg/L,reported_gmt_minus_4_unconverted
2018-04-27,24,24,24,1.0,high,True,True,True,True,6.591166666666666,6.4085,1.1530830380998685,4.576,9.157,4.9987,5.978,7.107749999999999,8.0627,24,0,0,0,0,0.0,23.0,0,BTGOXD2,mg/L,reported_gmt_minus_4_unconverted
2018-04-28,24,24,24,1.0,high,True,True,True,True,7.1957916666666675,7.253,0.7756474983306958,5.601,8.666,6.2273,6.77175,7.569249999999999,8.1442,24,0,0,0,0,0.0,23.0,0,BTGOXD2,mg/L,reported_gmt_minus_4_unconverted
2018-04-29,24,24,24,1.0,high,True,True,True,True,6.746791666666667,6.676,0.4397132444205434,5.876,7.515,6.208699999999999,6.5969999999999995,7.0205,7.3652,24,0,0,0,0,0.0,23.0,0,BTGOXD2,mg/L,reported_gmt_minus_4_unconverted
2018-04-30,24,24,24,1.0,high,True,True,True,True,6.846541666666667,6.8715,0.5496232685384057,5.527,8.213,6.2136,6.626250000000001,7.19425,7.3042,24,0,0,0,0,0.0,23.0,0,BTGOXD2,mg/L,reported_gmt_minus_4_unconverted
2018-05-01,24,24,24,1.0,high,True,True,True,True,6.422250000000001,6.393,0.9191240749851955,4.302,8.193,5.5905,6.06125,6.867,7.5493999999999994,24,0,0,0,0,0.0,23.0,0,BTGOXD2,mg/L,reported_gmt_minus_4_unconverted
2018-05-02,24,24,24,1.0,high,True,True,True,True,5.081416666666667,4.763,0.9520547534796454,3.72,7.338,4.1924,4.63775,5.14525,6.6297999999999995,24,0,0,0,0,0.0,23.0,0,BTGOXD2,mg/L,reported_gmt_minus_4_unconverted
2018-05-03,24,24,24,1.0,high,True,True,True,True,5.983208333333333,5.8725000000000005,1.580177672430944,3.644,9.028,4.2657,4.65975,7.04875,8.0146,24,0,0,0,0,0.0,23.0,0,BTGOXD2,mg/L,reported_gmt_minus_4_unconverted
2018-05-04,24,24,8,0.333333,weak,False,False,False,False,7.4445,7.2885,1.2043815247432421,6.126,9.834,6.3451,6.640750000000001,7.6610000000000005,8.8904,8,16,0,0,0,0.0,7.0,16,BTGOXD2,mg/L,reported_gmt_minus_4_unconverted
2018-05-05,24,24,24,1.0,high,True,True,True,True,5.9003749999999995,5.4335,1.593099407703765,3.315,10.192,4.2793,5.0809999999999995,6.8655,7.872299999999999,24,0,0,0,0,0.0,23.0,0,BTGOXD2,mg/L,reported_gmt_minus_4_unconverted
2018-05-06,24,24,24,1.0,high,True,True,True,True,5.718458333333333,5.0335,1.835798487074474,3.238,9.243,3.8977,4.25075,7.46275,8.3813,24,0,0,0,0,0.0,23.0,0,BTGOXD2,mg/L,reported_gmt_minus_4_unconverted
2018-05-07,24,24,24,1.0,high,True,True,True,True,4.910208333333333,3.95,2.008497404597617,2.525,8.867,3.0753000000000004,3.09825,6.27275,7.954899999999999,24,0,0,0,0,0.0,23.0,0,BTGOXD2,mg/L,reported_gmt_minus_4_unconverted
2018-05-08,24,24,24,1.0,high,True,True,True,True,4.45825,3.952,2.196092958553598,1.781,9.823,2.356,2.7407500000000002,5.32325,7.6272,24,0,0,0,0,0.0,23.0,0,BTGOXD2,mg/L,reported_gmt_minus_4_unconverted
2018-05-09,24,24,24,1.0,high,True,True,True,True,4.5449166666666665,4.6685,1.4144226942364204,2.399,7.888,2.8113,3.402,5.47025,6.0907,24,0,0,0,0,0.0,23.0,0,BTGOXD2,mg/L,reported_gmt_minus_4_unconverted
2018-05-10,24,24,24,1.0,high,True,True,True,True,4.702333333333333,4.5895,2.226730546684136,1.483,8.612,1.6560000000000001,3.1445,6.78675,7.1907,24,0,0,0,0,0.0,23.0,0,BTGOXD2,mg/L,reported_gmt_minus_4_unconverted
2018-05-11,24,24,2,0.083333,weak,False,False,False,False,2.7015000000000002,2.7015000000000002,0.4320422433049807,2.396,3.007,2.4571,2.54875,2.85425,2.9459,2,22,0,0,0,0.0,1.0,22,BTGOXD2,mg/L,reported_gmt_minus_4_unconverted
2018-05-12,24,24,24,1.0,high,True,True,True,True,6.738458333333334,6.8465,0.6152845915697779,5.242,7.557,5.775,6.53275,7.157,7.3656,24,0,0,0,0,0.0,23.0,0,BTGOXD2,mg/L,reported_gmt_minus_4_unconverted
2018-05-13,24,24,24,1.0,high,True,True,True,True,6.367208333333333,6.271,0.2935783695335388,5.971,6.886,6.048,6.1195,6.61825,6.7894000000000005,24,0,0,0,0,0.0,23.0,0,BTGOXD2,mg/L,reported_gmt_minus_4_unconverted
2018-05-14,24,24,24,1.0,high,True,True,True,True,6.214083333333332,6.3515,0.46743787466000936,4.767,6.71,5.8227,5.964,6.5402499999999995,6.6179,24,0,0,0,0,0.0,23.0,0,BTGOXD2,mg/L,reported_gmt_minus_4_unconverted
2018-05-15,24,24,24,1.0,high,True,True,True,True,6.105208333333334,6.247999999999999,0.5270586947898906,4.654,6.626,5.3828000000000005,5.9445,6.507000000000001,6.585,24,0,0,0,0,0.0,23.0,0,BTGOXD2,mg/L,reported_gmt_minus_4_unconverted
2018-05-16,24,24,24,1.0,high,True,True,True,True,6.326291666666666,6.4585,0.282010403626574,5.554,6.641,5.9887,6.19425,6.55075,6.5976,24,0,0,0,0,0.0,23.0,0,BTGOXD2,mg/L,reported_gmt_minus_4_unconverted
2018-05-17,24,24,24,1.0,high,True,True,True,True,6.500166666666668,6.538,0.31832737683174495,5.52,6.996,6.2029,6.2909999999999995,6.662999999999999,6.8954,24,0,0,0,0,0.0,23.0,0,BTGOXD2,mg/L,reported_gmt_minus_4_unconverted
2018-05-18,24,24,24,1.0,high,True,True,True,True,6.2885833333333325,6.3555,0.34935865670467187,5.29,6.7,5.9108,6.08075,6.56325,6.6391,24,0,0,0,0,0.0,23.0,0,BTGOXD2,mg/L,reported_gmt_minus_4_unconverted
2018-05-19,24,24,24,1.0,high,True,True,True,True,6.375041666666667,6.506,0.6304842499957899,4.654,7.053,5.4193999999999996,6.19275,6.890499999999999,6.9722,24,0,0,0,0,0.0,23.0,0,BTGOXD2,mg/L,reported_gmt_minus_4_unconverted
2018-05-20,24,24,24,1.0,high,True,True,True,True,6.785083333333333,6.8925,0.4795192263150636,5.403,7.238,6.3477,6.5912500000000005,7.1385000000000005,7.2071000000000005,24,0,0,0,0,0.0,23.0,0,BTGOXD2,mg/L,reported_gmt_minus_4_unconverted
2018-05-21,24,24,24,1.0,high,True,True,True,True,6.926875,7.1745,0.6388184958594842,5.068,7.544,6.0288,6.57575,7.3755,7.4817,24,0,0,0,0,0.0,23.0,0,BTGOXD2,mg/L,reported_gmt_minus_4_unconverted
2018-05-22,24,24,24,1.0,high,True,True,True,True,7.174875,7.2775,0.3607676974477331,6.211,7.522,6.6245,7.14275,7.438,7.4877,24,0,0,0,0,0.0,23.0,0,BTGOXD2,mg/L,reported_gmt_minus_4_unconverted
2018-05-23,24,24,24,1.0,high,True,True,True,True,7.458833333333334,7.445,0.11444142859869477,7.231,7.647,7.3483,7.361000000000001,7.56175,7.6216,24,0,0,0,0,0.0,23.0,0,BTGOXD2,mg/L,reported_gmt_minus_4_unconverted
2018-05-24,24,24,24,1.0,high,True,True,True,True,7.594458333333333,7.7115,0.4983625342857446,5.892,8.149,7.1498,7.5809999999999995,7.789999999999999,8.030299999999999,24,0,0,0,0,0.0,23.0,0,BTGOXD2,mg/L,reported_gmt_minus_4_unconverted
2018-05-25,24,24,3,0.125,weak,False,False,False,False,7.4433333333333325,7.435,0.5975435827898526,6.85,8.045,6.967,7.1425,7.74,7.923,3,21,0,0,0,0.0,2.0,21,BTGOXD2,mg/L,reported_gmt_minus_4_unconverted
2018-05-26,24,24,24,1.0,high,True,True,True,True,7.155083333333333,6.611000000000001,1.2061961739886788,5.873,9.333,5.9599,6.11375,8.30675,8.9406,24,0,0,0,0,0.0,23.0,0,BTGOXD2,mg/L,reported_gmt_minus_4_unconverted
2018-05-27,24,24,24,1.0,high,True,True,True,True,7.934833333333334,8.4875,1.1095948993122264,5.791,9.046,6.1077,6.961,8.666,8.846300000000001,24,0,0,0,0,0.0,23.0,0,BTGOXD2,mg/L,reported_gmt_minus_4_unconverted
2018-05-28,24,24,24,1.0,high,True,True,True,True,7.3101666666666665,6.9905,1.277874344597195,5.277,9.553,5.7319,6.33825,8.28275,9.2106,24,0,0,0,0,0.0,23.0,0,BTGOXD2,mg/L,reported_gmt_minus_4_unconverted
2018-05-29,24,24,24,1.0,high,True,True,True,True,6.892500000000001,6.724,0.8421806064693271,5.789,8.387,5.9369000000000005,6.12275,7.349,8.247499999999999,24,0,0,0,0,0.0,23.0,0,BTGOXD2,mg/L,reported_gmt_minus_4_unconverted
2018-05-30,24,24,24,1.0,high,True,True,True,True,6.6705,6.7364999999999995,0.553118353558692,5.458,8.091,6.0812,6.39375,6.86875,7.3207,24,0,0,0,0,0.0,23.0,0,BTGOXD2,mg/L,reported_gmt_minus_4_unconverted
2018-05-31,24,24,24,1.0,high,True,True,True,True,5.541666666666667,5.5405,0.7679597853299729,4.11,6.588,4.3891,5.15175,6.1819999999999995,6.4994,24,0,0,0,0,0.0,23.0,0,BTGOXD2,mg/L,reported_gmt_minus_4_unconverted
2018-06-01,24,24,1,0.041667,weak,False,False,False,False,4.468,4.468,,4.468,4.468,4.468,4.468,4.468,4.468,1,23,0,0,0,0.0,0.0,23,BTGOXD2,mg/L,reported_gmt_minus_4_unconverted
2018-06-02,24,24,24,1.0,high,True,True,True,True,4.171833333333333,4.1594999999999995,0.8002946015533045,2.782,5.71,3.0658,3.74625,4.6362499999999995,5.1196,24,0,0,0,0,0.0,23.0,0,BTGOXD2,mg/L,reported_gmt_minus_4_unconverted
2018-06-03,24,24,24,1.0,high,True,True,True,True,2.8567083333333336,2.6020000000000003,0.9205767322323198,1.802,4.726,1.9492,2.118,3.5345,4.4216999999999995,24,0,0,0,0,0.0,23.0,0,BTGOXD2,mg/L,reported_gmt_minus_4_unconverted
2018-06-04,24,24,24,1.0,high,True,True,True,True,3.339458333333333,3.518,0.9800808298150794,1.673,4.652,1.8881,2.6217499999999996,4.1635,4.5131,24,0,0,0,0,0.0,23.0,0,BTGOXD2,mg/L,reported_gmt_minus_4_unconverted
2018-06-05,24,24,24,1.0,high,True,True,True,True,3.3317916666666663,3.6704999999999997,0.8114077932113162,1.556,4.363,1.8914000000000004,2.9325,3.7685,4.0538,24,0,0,0,0,0.0,23.0,0,BTGOXD2,mg/L,reported_gmt_minus_4_unconverted
2018-06-06,24,24,24,1.0,high,True,True,True,True,3.798833333333333,3.84,0.3711414434073521,3.14,4.362,3.2019,3.56725,4.0192499999999995,4.2513,24,0,0,0,0,0.0,23.0,0,BTGOXD2,mg/L,reported_gmt_minus_4_unconverted
2018-06-07,24,24,24,1.0,high,True,True,True,True,4.3875416666666665,4.5760000000000005,0.5038997466859304,3.08,4.888,3.6637,4.14775,4.76725,4.7997,24,0,0,0,0,0.0,23.0,0,BTGOXD2,mg/L,reported_gmt_minus_4_unconverted
2018-06-08,24,24,2,0.083333,weak,False,False,False,False,4.828,4.828,0.04101219330881964,4.799,4.857,4.8048,4.8135,4.8425,4.8512,2,22,0,0,0,0.0,1.0,22,BTGOXD2,mg/L,reported_gmt_minus_4_unconverted
2018-06-09,24,24,24,1.0,high,True,True,True,True,4.927416666666667,4.9985,0.220686264946942,4.24,5.094,4.786,4.947,5.037,5.059399999999999,24,0,0,0,0,0.0,23.0,0,BTGOXD2,mg/L,reported_gmt_minus_4_unconverted
2018-06-10,24,24,24,1.0,high,True,True,True,True,5.275333333333333,5.225,0.21408098156227393,4.976,5.838,5.049300000000001,5.1685,5.348000000000001,5.4963,24,0,0,0,0,0.0,23.0,0,BTGOXD2,mg/L,reported_gmt_minus_4_unconverted
2018-06-11,24,24,24,1.0,high,True,True,True,True,5.8496250000000005,5.834,0.19971061945159335,5.46,6.319,5.6452,5.7445,5.920249999999999,6.0939,24,0,0,0,0,0.0,23.0,0,BTGOXD2,mg/L,reported_gmt_minus_4_unconverted
2018-06-12,24,24,24,1.0,high,True,True,True,True,5.9355416666666665,6.1530000000000005,0.49735194250163023,4.865,6.372,5.1348,5.65425,6.284,6.348,24,0,0,0,0,0.0,23.0,0,BTGOXD2,mg/L,reported_gmt_minus_4_unconverted
2018-06-13,24,24,24,1.0,high,True,True,True,True,5.7080416666666665,5.8585,0.4063802544808053,4.699,6.183,5.0417000000000005,5.60825,5.9105,6.043699999999999,24,0,0,0,0,0.0,23.0,0,BTGOXD2,mg/L,reported_gmt_minus_4_unconverted
2018-06-14,24,24,24,1.0,high,True,True,True,True,4.9891250000000005,5.2435,0.6313495767350116,3.586,5.677,3.9449,4.7825,5.489,5.5829,24,0,0,0,0,0.0,23.0,0,BTGOXD2,mg/L,reported_gmt_minus_4_unconverted
2018-06-15,24,24,1,0.041667,weak,False,False,False,False,4.549,4.549,,4.549,4.549,4.549,4.549,4.549,4.549,1,23,0,0,0,0.0,0.0,23,BTGOXD2,mg/L,reported_gmt_minus_4_unconverted
2018-06-16,24,24,24,1.0,high,True,True,True,True,5.595708333333334,5.7285,0.3704053571739863,4.498,5.924,5.0952,5.545,5.8,5.8852,24,0,0,0,0,0.0,23.0,0,BTGOXD2,mg/L,reported_gmt_minus_4_unconverted
2018-06-17,24,24,24,1.0,high,True,True,True,True,5.848999999999999,5.938000000000001,0.24500771948796965,4.916,5.999,5.6143,5.90475,5.9575,5.9817,24,0,0,0,0,0.0,23.0,0,BTGOXD2,mg/L,reported_gmt_minus_4_unconverted
2018-06-18,24,24,15,0.625,partial,True,False,False,False,6.061400000000001,5.845,0.779027305591494,5.479,7.995,5.5668,5.728,5.896,7.106199999999999,15,9,0,0,0,0.0,14.0,9,BTGOXD2,mg/L,reported_gmt_minus_4_unconverted
2018-06-19,24,24,0,0.0,missing,False,False,False,False,,,,,,,,,,0,24,0,0,0,,,24,BTGOXD2,mg/L,reported_gmt_minus_4_unconverted
2018-06-20,24,24,0,0.0,missing,False,False,False,False,,,,,,,,,,0,24,0,0,0,,,24,BTGOXD2,mg/L,reported_gmt_minus_4_unconverted
2018-06-21,24,24,0,0.0,missing,False,False,False,False,,,,,,,,,,0,24,0,0,0,,,24,BTGOXD2,mg/L,reported_gmt_minus_4_unconverted
2018-06-22,24,24,0,0.0,missing,False,False,False,False,,,,,,,,,,0,24,0,0,0,,,24,BTGOXD2,mg/L,reported_gmt_minus_4_unconverted
2018-06-23,24,24,0,0.0,missing,False,False,False,False,,,,,,,,,,0,24,0,0,0,,,24,BTGOXD2,mg/L,reported_gmt_minus_4_unconverted
2018-06-24,24,24,0,0.0,missing,False,False,False,False,,,,,,,,,,0,24,0,0,0,,,24,BTGOXD2,mg/L,reported_gmt_minus_4_unconverted
2018-06-25,24,24,0,0.0,missing,False,False,False,False,,,,,,,,,,0,24,0,0,0,,,24,BTGOXD2,mg/L,reported_gmt_minus_4_unconverted
2018-06-26,24,24,0,0.0,missing,False,False,False,False,,,,,,,,,,0,24,0,0,0,,,24,BTGOXD2,mg/L,reported_gmt_minus_4_unconverted
2018-06-27,24,24,0,0.0,missing,False,False,False,False,,,,,,,,,,0,24,0,0,0,,,24,BTGOXD2,mg/L,reported_gmt_minus_4_unconverted
2018-06-28,24,24,0,0.0,missing,False,False,False,False,,,,,,,,,,0,24,0,0,0,,,24,BTGOXD2,mg/L,reported_gmt_minus_4_unconverted
2018-06-29,24,24,0,0.0,missing,False,False,False,False,,,,,,,,,,0,24,0,0,0,,,24,BTGOXD2,mg/L,reported_gmt_minus_4_unconverted
2018-06-30,24,24,0,0.0,missing,False,False,False,False,,,,,,,,,,0,24,0,0,0,,,24,BTGOXD2,mg/L,reported_gmt_minus_4_unconverted
2018-07-01,24,24,0,0.0,missing,False,False,False,False,,,,,,,,,,0,24,0,0,0,,,24,BTGOXD2,mg/L,reported_gmt_minus_4_unconverted
2018-07-02,24,24,0,0.0,missing,False,False,False,False,,,,,,,,,,0,24,0,0,0,,,24,BTGOXD2,mg/L,reported_gmt_minus_4_unconverted
2018-07-03,24,24,0,0.0,missing,False,False,False,False,,,,,,,,,,0,24,0,0,0,,,24,BTGOXD2,mg/L,reported_gmt_minus_4_unconverted
2018-07-04,24,24,0,0.0,missing,False,False,False,False,,,,,,,,,,0,24,0,0,0,,,24,BTGOXD2,mg/L,reported_gmt_minus_4_unconverted
2018-07-05,24,24,0,0.0,missing,False,False,False,False,,,,,,,,,,0,24,0,0,0,,,24,BTGOXD2,mg/L,reported_gmt_minus_4_unconverted
2018-07-06,24,24,0,0.0,missing,False,False,False,False,,,,,,,,,,0,24,0,0,0,,,24,BTGOXD2,mg/L,reported_gmt_minus_4_unconverted
2018-07-07,24,24,0,0.0,missing,False,False,False,False,,,,,,,,,,0,24,0,0,0,,,24,BTGOXD2,mg/L,reported_gmt_minus_4_unconverted
2018-07-08,24,24,0,0.0,missing,False,False,False,False,,,,,,,,,,0,24,0,0,0,,,24,BTGOXD2,mg/L,reported_gmt_minus_4_unconverted
2018-07-09,24,24,0,0.0,missing,False,False,False,False,,,,,,,,,,0,24,0,0,0,,,24,BTGOXD2,mg/L,reported_gmt_minus_4_unconverted
2018-07-10,24,24,0,0.0,missing,False,False,False,False,,,,,,,,,,0,24,0,0,0,,,24,BTGOXD2,mg/L,reported_gmt_minus_4_unconverted
2018-07-11,24,24,0,0.0,missing,False,False,False,False,,,,,,,,,,0,24,0,0,0,,,24,BTGOXD2,mg/L,reported_gmt_minus_4_unconverted
2018-07-12,24,24,0,0.0,missing,False,False,False,False,,,,,,,,,,0,24,0,0,0,,,24,BTGOXD2,mg/L,reported_gmt_minus_4_unconverted
2018-07-13,24,24,0,0.0,missing,False,False,False,False,,,,,,,,,,0,24,0,0,0,,,24,BTGOXD2,mg/L,reported_gmt_minus_4_unconverted
2018-07-14,24,24,0,0.0,missing,False,False,False,False,,,,,,,,,,0,24,0,0,0,,,24,BTGOXD2,mg/L,reported_gmt_minus_4_unconverted
2018-07-15,24,24,0,0.0,missing,False,False,False,False,,,,,,,,,,0,24,0,0,0,,,24,BTGOXD2,mg/L,reported_gmt_minus_4_unconverted
2018-07-16,24,24,0,0.0,missing,False,False,False,False,,,,,,,,,,0,24,0,0,0,,,24,BTGOXD2,mg/L,reported_gmt_minus_4_unconverted
2018-07-17,24,24,0,0.0,missing,False,False,False,False,,,,,,,,,,0,24,0,0,0,,,24,BTGOXD2,mg/L,reported_gmt_minus_4_unconverted
2018-07-18,24,24,0,0.0,missing,False,False,False,False,,,,,,,,,,0,24,0,0,0,,,24,BTGOXD2,mg/L,reported_gmt_minus_4_unconverted
2018-07-19,24,24,0,0.0,missing,False,False,False,False,,,,,,,,,,0,24,0,0,0,,,24,BTGOXD2,mg/L,reported_gmt_minus_4_unconverted
2018-07-20,24,24,0,0.0,missing,False,False,False,False,,,,,,,,,,0,24,0,0,0,,,24,BTGOXD2,mg/L,reported_gmt_minus_4_unconverted
2018-07-21,24,24,24,1.0,high,True,True,True,True,6.998875000000001,7.0805,0.3413760278509672,6.151,7.376,6.435700000000001,6.914,7.218249999999999,7.333699999999999,24,0,0,0,0,0.0,23.0,0,BTGOXD2,mg/L,reported_gmt_minus_4_unconverted
2018-07-22,24,24,24,1.0,high,True,True,True,True,5.751333333333332,6.0905000000000005,1.0088121584390688,3.829,6.929,3.9477,5.30575,6.420249999999999,6.646199999999999,24,0,0,0,0,0.0,23.0,0,BTGOXD2,mg/L,reported_gmt_minus_4_unconverted
2018-07-23,24,24,24,1.0,high,True,True,True,True,4.418041666666666,4.955500000000001,1.2589802111635628,2.376,6.218,2.5277,3.093,5.41375,5.4737,24,0,0,0,0,0.0,23.0,0,BTGOXD2,mg/L,reported_gmt_minus_4_unconverted
2018-07-24,24,24,24,1.0,high,True,True,True,True,4.823291666666667,4.978,0.5012006002257645,3.369,5.379,4.1457,4.82125,5.11875,5.190300000000001,24,0,0,0,0,0.0,23.0,0,BTGOXD2,mg/L,reported_gmt_minus_4_unconverted
2018-07-25,24,24,24,1.0,high,True,True,True,True,5.077833333333333,5.1195,0.2965468900039494,4.078,5.432,4.7729,5.0115,5.252750000000001,5.3371,24,0,0,0,0,0.0,23.0,0,BTGOXD2,mg/L,reported_gmt_minus_4_unconverted
2018-07-26,24,24,24,1.0,high,True,True,True,True,5.240708333333333,5.2485,0.1323353707907257,4.877,5.409,5.1308,5.20775,5.322,5.391699999999999,24,0,0,0,0,0.0,23.0,0,BTGOXD2,mg/L,reported_gmt_minus_4_unconverted
2018-07-27,24,24,9,0.375,weak,False,False,False,False,5.7554444444444455,5.919,0.312201101499943,5.208,6.073,5.2864,5.67,5.958,6.0241999999999996,9,15,0,0,0,0.0,8.0,15,BTGOXD2,mg/L,reported_gmt_minus_4_unconverted
2018-07-28,24,24,24,1.0,high,True,True,True,True,6.069875,5.979,0.1956586007398556,5.799,6.465,5.8852,5.92225,6.18125,6.3674,24,0,0,0,0,0.0,23.0,0,BTGOXD2,mg/L,reported_gmt_minus_4_unconverted
2018-07-29,24,24,24,1.0,high,True,True,True,True,6.0925,6.1245,0.2606116551165905,5.429,6.383,5.8139,5.9325,6.3229999999999995,6.3484,24,0,0,0,0,0.0,23.0,0,BTGOXD2,mg/L,reported_gmt_minus_4_unconverted
2018-07-30,24,24,24,1.0,high,True,True,True,True,5.985416666666666,5.977,0.17534733646621806,5.418,6.18,5.8272,5.8915,6.148,6.1707,24,0,0,0,0,0.0,23.0,0,BTGOXD2,mg/L,reported_gmt_minus_4_unconverted
2018-07-31,24,24,24,1.0,high,True,True,True,True,6.190416666666667,6.088,0.36107001810038797,5.575,6.836,5.7904,5.957,6.50925,6.6777999999999995,24,0,0,0,0,0.0,23.0,0,BTGOXD2,mg/L,reported_gmt_minus_4_unconverted
2018-08-01,24,24,24,1.0,high,True,True,True,True,6.878291666666667,6.833,0.40625302451493966,6.222,7.545,6.411,6.562749999999999,7.248749999999999,7.4141,24,0,0,0,0,0.0,23.0,0,BTGOXD2,mg/L,reported_gmt_minus_4_unconverted
2018-08-02,24,24,24,1.0,high,True,True,True,True,7.322416666666666,7.362,0.27472403808449186,6.689,7.719,6.931299999999999,7.1884999999999994,7.50475,7.66,24,0,0,0,0,0.0,23.0,0,BTGOXD2,mg/L,reported_gmt_minus_4_unconverted
2018-08-03,24,24,1,0.041667,weak,False,False,False,False,7.191,7.191,,7.191,7.191,7.191,7.191,7.191,7.191,1,23,0,0,0,0.0,0.0,23,BTGOXD2,mg/L,reported_gmt_minus_4_unconverted
2018-08-04,24,24,24,1.0,high,True,True,True,True,7.108541666666667,7.1705,0.25740156061259056,6.346,7.493,6.8172,6.93175,7.26225,7.368399999999999,24,0,0,0,0,0.0,23.0,0,BTGOXD2,mg/L,reported_gmt_minus_4_unconverted
2018-08-05,24,24,24,1.0,high,True,True,True,True,6.987125,7.1035,0.3467795080074846,6.044,7.29,6.4443,6.978,7.21775,7.2623999999999995,24,0,0,0,0,0.0,23.0,0,BTGOXD2,mg/L,reported_gmt_minus_4_unconverted
2018-08-06,24,24,24,1.0,high,True,True,True,True,7.114666666666667,7.127000000000001,0.18073248707428885,6.487,7.343,6.9460999999999995,7.07025,7.21225,7.3164,24,0,0,0,0,0.0,23.0,0,BTGOXD2,mg/L,reported_gmt_minus_4_unconverted
2018-08-07,24,24,24,1.0,high,True,True,True,True,6.562208333333333,6.7555,0.6761173026066246,4.769,7.293,5.6583000000000006,6.1442499999999995,7.155749999999999,7.2272,24,0,0,0,0,0.0,23.0,0,BTGOXD2,mg/L,reported_gmt_minus_4_unconverted
2018-08-08,24,24,24,1.0,high,True,True,True,True,6.095666666666666,6.4555,0.9210151141972155,4.533,7.192,4.5926,5.22625,6.7635,7.036099999999999,24,0,0,0,0,0.0,23.0,0,BTGOXD2,mg/L,reported_gmt_minus_4_unconverted
2018-08-09,24,24,24,1.0,high,True,True,True,True,6.031125,6.1395,0.8013772553765066,3.988,6.868,5.1866,5.648,6.7285,6.8183,24,0,0,0,0,0.0,23.0,0,BTGOXD2,mg/L,reported_gmt_minus_4_unconverted
2018-08-10,24,24,7,0.291667,weak,False,False,False,False,6.396285714285716,6.395,0.1065875450599401,6.237,6.569,6.3018,6.345,6.4415,6.518,7,17,0,0,0,0.0,6.0,17,BTGOXD2,mg/L,reported_gmt_minus_4_unconverted
2018-08-11,24,24,24,1.0,high,True,True,True,True,6.709874999999999,6.75,0.2453353184485692,6.095,7.016,6.3508,6.59975,6.8755,6.967,24,0,0,0,0,0.0,23.0,0,BTGOXD2,mg/L,reported_gmt_minus_4_unconverted
2018-08-12,24,24,24,1.0,high,True,True,True,True,6.730458333333334,6.842499999999999,0.2626268603049262,5.911,7.017,6.3934,6.611,6.90075,6.9221,24,0,0,0,0,0.0,23.0,0,BTGOXD2,mg/L,reported_gmt_minus_4_unconverted
2018-08-13,24,24,24,1.0,high,True,True,True,True,6.2805833333333325,6.322,0.5823494331746538,5.145,7.002,5.418200000000001,5.937749999999999,6.8005,6.9119,24,0,0,0,0,0.0,23.0,0,BTGOXD2,mg/L,reported_gmt_minus_4_unconverted
2018-08-14,24,24,24,1.0,high,True,True,True,True,6.096625,6.1675,0.5003948712506084,4.981,6.896,5.4687,5.841749999999999,6.46775,6.5765,24,0,0,0,0,0.0,23.0,0,BTGOXD2,mg/L,reported_gmt_minus_4_unconverted
2018-08-15,24,24,24,1.0,high,True,True,True,True,6.3215,6.335,0.5935995575997414,5.301,7.503,5.5597,5.88725,6.78775,6.9748,24,0,0,0,0,0.0,23.0,0,BTGOXD2,mg/L,reported_gmt_minus_4_unconverted
2018-08-16,24,24,24,1.0,high,True,True,True,True,6.902333333333334,6.8149999999999995,0.5420905320401163,6.199,7.783,6.2456000000000005,6.4319999999999995,7.327,7.739,24,0,0,0,0,0.0,23.0,0,BTGOXD2,mg/L,reported_gmt_minus_4_unconverted
2018-08-17,24,24,1,0.041667,weak,False,False,False,False,8.008,8.008,,8.008,8.008,8.008,8.008,8.008,8.008,1,23,0,0,0,0.0,0.0,23,BTGOXD2,mg/L,reported_gmt_minus_4_unconverted
2018-08-18,24,24,24,1.0,high,True,True,True,True,5.177625,5.309,1.0050473842387817,3.069,6.473,3.7247000000000003,4.58675,6.01275,6.3123000000000005,24,0,0,0,0,0.0,23.0,0,BTGOXD2,mg/L,reported_gmt_minus_4_unconverted
2018-08-19,24,24,24,1.0,high,True,True,True,True,4.3885000000000005,4.7625,0.9997814978675394,2.209,5.356,2.4052000000000002,4.3705,5.038250000000001,5.0951,24,0,0,0,0,0.0,23.0,0,BTGOXD2,mg/L,reported_gmt_minus_4_unconverted
2018-08-20,24,24,24,1.0,high,True,True,True,True,3.90675,4.029999999999999,1.1473471196823908,2.461,5.264,2.5191,2.7265,5.093500000000001,5.1826,24,0,0,0,0,0.0,23.0,0,BTGOXD2,mg/L,reported_gmt_minus_4_unconverted
2018-08-21,24,24,24,1.0,high,True,True,True,True,4.7433749999999995,4.9145,0.49314446357687297,3.954,5.366,4.124,4.14775,5.09375,5.3256,24,0,0,0,0,0.0,23.0,0,BTGOXD2,mg/L,reported_gmt_minus_4_unconverted
2018-08-22,24,24,24,1.0,high,True,True,True,True,5.763083333333334,5.8485,0.6273307786145214,4.217,6.687,4.9366,5.511,6.08975,6.586,24,0,0,0,0,0.0,23.0,0,BTGOXD2,mg/L,reported_gmt_minus_4_unconverted
2018-08-23,24,24,24,1.0,high,True,True,True,True,5.155208333333333,5.18,0.5053699444932409,3.783,5.848,4.4511,5.03425,5.5409999999999995,5.6987,24,0,0,0,0,0.0,23.0,0,BTGOXD2,mg/L,reported_gmt_minus_4_unconverted
2018-08-24,24,24,24,1.0,high,True,True,True,True,3.8958333333333335,4.0600000000000005,1.031447849707714,1.956,5.197,2.7036,3.1145,4.88675,4.9925999999999995,24,0,0,0,0,0.0,23.0,0,BTGOXD2,mg/L,reported_gmt_minus_4_unconverted
2018-08-25,24,24,24,1.0,high,True,True,True,True,4.019375,4.6665,1.1093581698049748,1.653,5.032,2.2664,3.33425,4.80375,4.9493,24,0,0,0,0,0.0,23.0,0,BTGOXD2,mg/L,reported_gmt_minus_4_unconverted
2018-08-26,24,24,1,0.041667,weak,False,False,False,False,5.01,5.01,,5.01,5.01,5.01,5.01,5.01,5.01,1,23,0,0,0,0.0,0.0,23,BTGOXD2,mg/L,reported_gmt_minus_4_unconverted
2018-08-27,24,24,24,1.0,high,True,True,True,True,5.519166666666666,5.3870000000000005,0.2729805960084003,5.253,6.134,5.3101,5.33575,5.62275,5.9696,24,0,0,0,0,0.0,23.0,0,BTGOXD2,mg/L,reported_gmt_minus_4_unconverted
2018-08-28,24,24,24,1.0,high,True,True,True,True,5.132083333333333,5.1365,0.270536972747143,4.466,5.518,4.7461,5.0169999999999995,5.3084999999999996,5.465,24,0,0,0,0,0.0,23.0,0,BTGOXD2,mg/L,reported_gmt_minus_4_unconverted
2018-08-29,24,24,12,0.5,partial,True,False,False,False,4.969833333333333,4.8035,0.4142609703015136,4.428,5.697,4.5867,4.67175,5.25875,5.5211,12,12,0,0,0,0.0,11.0,12,BTGOXD2,mg/L,reported_gmt_minus_4_unconverted
2018-08-30,24,24,24,1.0,high,True,True,True,True,6.163083333333333,6.103,0.6264439262644528,4.944,6.924,5.3958,5.7482500000000005,6.7775,6.911499999999999,24,0,0,0,0,0.0,23.0,0,BTGOXD2,mg/L,reported_gmt_minus_4_unconverted
2018-08-31,24,24,24,1.0,high,True,True,True,True,5.994708333333333,5.9415,0.5273923940661646,5.071,6.79,5.208,5.7627500000000005,6.334,6.6959,24,0,0,0,0,0.0,23.0,0,BTGOXD2,mg/L,reported_gmt_minus_4_unconverted
2018-09-01,24,24,24,1.0,high,True,True,True,True,6.952416666666667,6.7115,0.5991268949328549,6.317,8.175,6.4098999999999995,6.614,7.11525,7.9197,24,0,0,0,0,0.0,23.0,0,BTGOXD2,mg/L,reported_gmt_minus_4_unconverted
2018-09-02,24,24,24,1.0,high,True,True,True,True,7.297791666666666,7.245,0.5284509749929641,6.622,8.64,6.6813,6.78125,7.66775,7.9077,24,0,0,0,0,0.0,23.0,0,BTGOXD2,mg/L,reported_gmt_minus_4_unconverted
2018-09-03,24,24,24,1.0,high,True,True,True,True,7.278166666666667,7.359,0.2687225280869642,6.682,7.644,6.8352,7.14925,7.49425,7.5225,24,0,0,0,0,0.0,23.0,0,BTGOXD2,mg/L,reported_gmt_minus_4_unconverted
2018-09-04,24,24,24,1.0,high,True,True,True,True,7.476666666666667,7.4785,0.2589456324785381,6.883,7.84,7.2334000000000005,7.31975,7.686,7.792199999999999,24,0,0,0,0,0.0,23.0,0,BTGOXD2,mg/L,reported_gmt_minus_4_unconverted
2018-09-05,24,24,1,0.041667,weak,False,False,False,False,6.606,6.606,,6.606,6.606,6.606,6.606,6.606,6.606,1,23,0,0,0,0.0,0.0,23,BTGOXD2,mg/L,reported_gmt_minus_4_unconverted
2018-09-06,24,24,8,0.333333,weak,False,False,False,False,6.404375,6.330500000000001,0.5335026944636735,5.509,7.209,5.943,6.16275,6.65175,7.0809,8,16,0,0,0,0.0,7.0,16,BTGOXD2,mg/L,reported_gmt_minus_4_unconverted
2018-09-07,24,24,24,1.0,high,True,True,True,True,6.894083333333334,7.0015,0.277027532247588,6.093,7.214,6.5552,6.803,7.068,7.1521,24,0,0,0,0,0.0,23.0,0,BTGOXD2,mg/L,reported_gmt_minus_4_unconverted
2018-09-08,24,24,24,1.0,high,True,True,True,True,6.985083333333333,7.208,0.4974551687615038,5.729,7.468,6.3023,6.725,7.3655,7.4186000000000005,24,0,0,0,0,0.0,23.0,0,BTGOXD2,mg/L,reported_gmt_minus_4_unconverted
2018-09-09,24,24,24,1.0,high,True,True,True,True,7.4025,7.431,0.25101255814764745,6.774,7.726,7.0796,7.25125,7.6107499999999995,7.6824,24,0,0,0,0,0.0,23.0,0,BTGOXD2,mg/L,reported_gmt_minus_4_unconverted
2018-09-10,24,24,24,1.0,high,True,True,True,True,7.566458333333333,7.494,0.2110250302826589,7.204,7.911,7.3812,7.40675,7.78725,7.8795,24,0,0,0,0,0.0,23.0,0,BTGOXD2,mg/L,reported_gmt_minus_4_unconverted
2018-09-11,24,24,24,1.0,high,True,True,True,True,7.634875000000001,7.7055,0.19960228117978487,7.048,7.813,7.4456999999999995,7.549250000000001,7.782,7.8054,24,0,0,0,0,0.0,23.0,0,BTGOXD2,mg/L,reported_gmt_minus_4_unconverted
2018-09-12,24,24,24,1.0,high,True,True,True,True,7.627375,7.714,0.18125907773369462,7.293,7.819,7.3417,7.501250000000001,7.7675,7.7915,24,0,0,0,0,0.0,23.0,0,BTGOXD2,mg/L,reported_gmt_minus_4_unconverted
2018-09-13,24,24,1,0.041667,weak,False,False,False,False,7.772,7.772,,7.772,7.772,7.772,7.772,7.772,7.772,1,23,0,0,0,0.0,0.0,23,BTGOXD2,mg/L,reported_gmt_minus_4_unconverted
2018-09-14,24,24,1,0.041667,weak,False,False,False,False,7.827,7.827,,7.827,7.827,7.827,7.827,7.827,7.827,1,23,0,0,0,0.0,0.0,23,BTGOXD2,mg/L,reported_gmt_minus_4_unconverted
2018-09-15,24,24,24,1.0,high,True,True,True,True,7.454166666666666,7.516,0.26966156997028806,6.804,7.77,7.1347000000000005,7.2627500000000005,7.67425,7.7425,24,0,0,0,0,0.0,23.0,0,BTGOXD2,mg/L,reported_gmt_minus_4_unconverted
2018-09-16,24,24,24,1.0,high,True,True,True,True,7.428166666666667,7.5600000000000005,0.5029548053571852,6.317,7.996,6.5813,7.1625000000000005,7.82625,7.9051,24,0,0,0,0,0.0,23.0,0,BTGOXD2,mg/L,reported_gmt_minus_4_unconverted
2018-09-17,24,24,24,1.0,high,True,True,True,True,7.058791666666667,7.1895,0.5528758001236072,6.008,7.823,6.287100000000001,6.66225,7.461,7.7071,24,0,0,0,0,0.0,23.0,0,BTGOXD2,mg/L,reported_gmt_minus_4_unconverted
2018-09-18,24,24,24,1.0,high,True,True,True,True,6.952041666666667,7.1105,0.49931766303946074,5.98,7.656,6.1556,6.64,7.293749999999999,7.4077,24,0,0,0,0,0.0,23.0,0,BTGOXD2,mg/L,reported_gmt_minus_4_unconverted
2018-09-19,24,24,24,1.0,high,True,True,True,True,6.238083333333333,6.2595,0.5300716864289426,4.935,7.135,5.532,5.9915,6.54875,6.9047,24,0,0,0,0,0.0,23.0,0,BTGOXD2,mg/L,reported_gmt_minus_4_unconverted
2018-09-20,24,24,8,0.333333,weak,False,False,False,False,5.365125,5.379,0.2013933163169593,5.026,5.669,5.1331,5.263,5.4985,5.5507,8,16,0,0,0,0.0,7.0,16,BTGOXD2,mg/L,reported_gmt_minus_4_unconverted
2018-09-21,24,24,3,0.125,weak,False,False,False,False,5.0553333333333335,4.706,0.8170718042701836,4.471,5.989,4.518,4.5885,5.3475,5.7324,3,21,0,0,0,0.0,2.0,21,BTGOXD2,mg/L,reported_gmt_minus_4_unconverted
2018-09-22,24,24,24,1.0,high,True,True,True,True,7.420916666666667,7.481,0.19193475265142135,6.801,7.647,7.1612,7.3765,7.545,7.5908,24,0,0,0,0,0.0,23.0,0,BTGOXD2,mg/L,reported_gmt_minus_4_unconverted
2018-09-23,24,24,24,1.0,high,True,True,True,True,6.927291666666666,7.1835,0.9372335553739211,4.58,7.905,5.2736,6.96825,7.41875,7.5865,24,0,0,0,0,0.0,23.0,0,BTGOXD2,mg/L,reported_gmt_minus_4_unconverted
2018-09-24,24,24,24,1.0,high,True,True,True,True,5.554958333333334,5.103,1.4412398188988917,3.74,8.608,3.9006,4.3885,6.444500000000001,7.6118999999999994,24,0,0,0,0,0.0,23.0,0,BTGOXD2,mg/L,reported_gmt_minus_4_unconverted
2018-09-25,24,24,24,1.0,high,True,True,True,True,7.398125,7.1645,1.035455930349357,5.826,9.278,6.1674,6.68825,8.357,8.8116,24,0,0,0,0,0.0,23.0,0,BTGOXD2,mg/L,reported_gmt_minus_4_unconverted
2018-09-26,24,24,24,1.0,high,True,True,True,True,8.404083333333334,7.6985,1.9086180959615477,5.633,10.965,6.0923,7.21625,10.63925,10.8706,24,0,0,0,0,0.0,23.0,0,BTGOXD2,mg/L,reported_gmt_minus_4_unconverted
2018-09-27,24,24,1,0.041667,weak,False,False,False,False,10.589,10.589,,10.589,10.589,10.589,10.589,10.589,10.589,1,23,0,0,0,0.0,0.0,23,BTGOXD2,mg/L,reported_gmt_minus_4_unconverted
2018-09-28,24,24,1,0.041667,weak,False,False,False,False,7.332,7.332,,7.332,7.332,7.332,7.332,7.332,7.332,1,23,0,0,0,0.0,0.0,23,BTGOXD2,mg/L,reported_gmt_minus_4_unconverted
2018-09-29,24,24,24,1.0,high,True,True,True,True,7.077875,6.7515,0.8907910169448079,6.142,9.534,6.2204,6.421250000000001,7.4335,8.294599999999999,24,0,0,0,0,0.0,23.0,0,BTGOXD2,mg/L,reported_gmt_minus_4_unconverted
2018-09-30,24,24,24,1.0,high,True,True,True,True,6.161458333333333,6.1445,0.981561487992548,4.89,8.179,4.991499999999999,5.346,6.8214999999999995,7.3534,24,0,0,0,0,0.0,23.0,0,BTGOXD2,mg/L,reported_gmt_minus_4_unconverted
2018-10-01,24,24,24,1.0,high,True,True,True,True,4.220416666666666,4.4745,0.93623161927353,2.271,5.574,2.5856,3.94275,4.798,5.1933,24,0,0,0,0,0.0,23.0,0,BTGOXD2,mg/L,reported_gmt_minus_4_unconverted
2018-10-02,24,24,24,1.0,high,True,True,True,True,2.761791666666667,2.6020000000000003,0.5582677384137679,2.08,3.957,2.1654,2.3064999999999998,3.134,3.6315999999999997,24,0,0,0,0,0.0,23.0,0,BTGOXD2,mg/L,reported_gmt_minus_4_unconverted
2018-10-03,24,24,24,1.0,high,True,True,True,True,4.094166666666667,3.3005,1.8543950769588653,1.781,6.873,1.974,2.372,5.83525,6.5893999999999995,24,0,0,0,0,0.0,23.0,0,BTGOXD2,mg/L,reported_gmt_minus_4_unconverted
2018-10-04,24,24,2,0.083333,weak,False,False,False,False,7.0255,7.0255,0.023334523779155694,7.009,7.042,7.012300000000001,7.017250000000001,7.0337499999999995,7.0386999999999995,2,22,0,0,0,0.0,1.0,22,BTGOXD2,mg/L,reported_gmt_minus_4_unconverted
2018-10-05,24,24,7,0.291667,weak,False,False,False,False,5.796714285714286,5.721,0.44802370260426866,5.378,6.533,5.4224,5.4555,6.0169999999999995,6.3884,7,17,0,0,0,0.0,6.0,17,BTGOXD2,mg/L,reported_gmt_minus_4_unconverted
2018-10-06,24,24,24,1.0,high,True,True,True,True,6.2443333333333335,5.6385000000000005,1.465899387574998,4.486,9.442,4.985,5.1865000000000006,6.715,8.8354,24,0,0,0,0,0.0,23.0,0,BTGOXD2,mg/L,reported_gmt_minus_4_unconverted
2018-10-07,24,24,24,1.0,high,True,True,True,True,7.349791666666666,7.006,0.8829844146128941,6.059,8.77,6.28,6.73275,8.071,8.5311,24,0,0,0,0,0.0,23.0,0,BTGOXD2,mg/L,reported_gmt_minus_4_unconverted
2018-10-08,24,24,24,1.0,high,True,True,True,True,7.134458333333334,7.133,1.0446714473799954,4.424,8.971,6.0025,6.62625,7.533,8.5028,24,0,0,0,0,0.0,23.0,0,BTGOXD2,mg/L,reported_gmt_minus_4_unconverted
2018-10-09,24,24,24,1.0,high,True,True,True,True,6.5289166666666665,6.414,0.9344831129591359,4.726,7.88,5.4348,5.73975,7.527,7.6777,24,0,0,0,0,0.0,23.0,0,BTGOXD2,mg/L,reported_gmt_minus_4_unconverted
2018-10-10,24,24,24,1.0,high,True,True,True,True,6.848166666666667,6.837,1.2842490502968673,4.896,9.148,5.0994,5.984,7.905,8.4895,24,0,0,0,0,0.0,23.0,0,BTGOXD2,mg/L,reported_gmt_minus_4_unconverted
2018-10-11,24,24,1,0.041667,weak,False,False,False,False,8.39,8.39,,8.39,8.39,8.39,8.39,8.39,8.39,1,23,0,0,0,0.0,0.0,23,BTGOXD2,mg/L,reported_gmt_minus_4_unconverted
2018-10-12,24,24,24,1.0,high,True,True,True,True,7.542791666666666,7.7645,1.370976769510057,4.984,9.527,5.5387,6.51525,8.773249999999999,8.9818,24,0,0,0,0,0.0,23.0,0,BTGOXD2,mg/L,reported_gmt_minus_4_unconverted
2018-10-13,24,24,24,1.0,high,True,True,True,True,6.2852500000000004,6.1915,1.874748081627294,3.481,9.278,3.8224,4.9727500000000004,8.0515,9.0646,24,0,0,0,0,0.0,23.0,0,BTGOXD2,mg/L,reported_gmt_minus_4_unconverted
2018-10-14,24,24,24,1.0,high,True,True,True,True,5.318874999999999,4.941000000000001,1.6106130702178354,2.821,8.09,3.7323000000000004,4.3347500000000005,6.02825,8.004,24,0,0,0,0,0.0,23.0,0,BTGOXD2,mg/L,reported_gmt_minus_4_unconverted
2018-10-15,24,24,24,1.0,high,True,True,True,True,4.856041666666666,4.431,1.4472912473687336,2.415,7.258,3.083,3.9010000000000002,6.0875,6.6577,24,0,0,0,0,0.0,23.0,0,BTGOXD2,mg/L,reported_gmt_minus_4_unconverted
2018-10-16,24,24,24,1.0,high,True,True,True,True,6.631125,6.547,0.9282607538692526,4.905,8.965,5.5565,6.095,7.0954999999999995,7.7528999999999995,24,0,0,0,0,0.0,23.0,0,BTGOXD2,mg/L,reported_gmt_minus_4_unconverted
2018-10-17,24,24,24,1.0,high,True,True,True,True,6.468083333333333,6.0085,1.6449746903475622,4.245,9.636,4.6404000000000005,5.1145,7.3957500000000005,8.9498,24,0,0,0,0,0.0,23.0,0,BTGOXD2,mg/L,reported_gmt_minus_4_unconverted
2018-10-18,24,24,24,1.0,high,True,True,True,True,6.640208333333334,6.418,1.4679435476400209,3.751,9.123,4.8546000000000005,5.66075,7.757750000000001,8.4383,24,0,0,0,0,0.0,23.0,0,BTGOXD2,mg/L,reported_gmt_minus_4_unconverted
2018-10-19,24,24,24,1.0,high,True,True,True,True,3.7879583333333335,3.5825,1.4364253178778839,1.745,6.71,1.9542000000000002,2.7672499999999998,4.549,5.765,24,0,0,0,0,0.0,23.0,0,BTGOXD2,mg/L,reported_gmt_minus_4_unconverted
2018-10-20,24,24,24,1.0,high,True,True,True,True,2.266458333333333,1.9500000000000002,1.2429428256173425,0.519,4.748,0.812,1.3210000000000002,3.0309999999999997,3.7868,24,0,0,0,0,0.0,23.0,0,BTGOXD2,mg/L,reported_gmt_minus_4_unconverted
2018-10-21,24,24,24,1.0,high,True,True,True,True,1.5165833333333332,1.582,0.5371563545890176,0.6,2.539,0.8078000000000001,1.041,1.984,2.1161000000000003,24,0,0,0,0,0.0,23.0,0,BTGOXD2,mg/L,reported_gmt_minus_4_unconverted
2018-10-22,24,24,21,0.875,standard,True,True,True,False,2.6240952380952383,2.893,1.0300482466740042,1.009,4.241,1.192,1.838,3.366,3.8,21,3,0,0,0,0.0,20.0,3,BTGOXD2,mg/L,reported_gmt_minus_4_unconverted
2018-10-23,24,24,0,0.0,missing,False,False,False,False,,,,,,,,,,0,24,0,0,0,,,24,BTGOXD2,mg/L,reported_gmt_minus_4_unconverted
2018-10-24,24,24,24,1.0,high,True,True,True,True,5.929958333333334,6.1295,1.805400099680826,3.081,8.46,3.4257,4.41475,7.522,8.1188,24,0,0,0,0,0.0,23.0,0,BTGOXD2,mg/L,reported_gmt_minus_4_unconverted
2018-10-25,24,24,24,1.0,high,True,True,True,True,5.114625,4.9955,1.6622743668396545,2.539,7.864,3.0131,3.83275,6.92325,7.142799999999999,24,0,0,0,0,0.0,23.0,0,BTGOXD2,mg/L,reported_gmt_minus_4_unconverted
2018-10-26,24,24,24,1.0,high,True,True,True,True,4.2985,4.016500000000001,1.50182054737633,2.461,7.513,2.5589999999999997,3.047,5.12,6.592099999999999,24,0,0,0,0,0.0,23.0,0,BTGOXD2,mg/L,reported_gmt_minus_4_unconverted
2018-10-27,24,24,24,1.0,high,True,True,True,True,3.645875,3.316,1.3052134362357886,1.974,6.193,2.2095000000000002,2.7915,4.3165,5.7202,24,0,0,0,0,0.0,23.0,0,BTGOXD2,mg/L,reported_gmt_minus_4_unconverted
2018-10-28,24,24,24,1.0,high,True,True,True,True,6.041458333333334,5.868499999999999,2.1640457075291555,2.56,8.961,3.2142,4.31375,8.15775,8.724,24,0,0,0,0,0.0,23.0,0,BTGOXD2,mg/L,reported_gmt_minus_4_unconverted
2018-10-29,24,24,24,1.0,high,True,True,True,True,8.05475,8.1615,0.4678549803183628,6.541,8.618,7.7577,8.00175,8.3065,8.4312,24,0,0,0,0,0.0,23.0,0,BTGOXD2,mg/L,reported_gmt_minus_4_unconverted
2018-10-30,24,24,24,1.0,high,True,True,True,True,7.525333333333333,7.6850000000000005,0.9690685651995792,5.337,9.172,6.3097,6.7330000000000005,8.091249999999999,8.7199,24,0,0,0,0,0.0,23.0,0,BTGOXD2,mg/L,reported_gmt_minus_4_unconverted
2018-10-31,24,24,24,1.0,high,True,True,True,True,5.586833333333334,5.085,1.166647581624436,4.215,7.975,4.5464,4.67275,6.30325,7.4397,24,0,0,0,0,0.0,23.0,0,BTGOXD2,mg/L,reported_gmt_minus_4_unconverted
2018-11-01,24,24,24,1.0,high,True,True,True,True,4.662166666666667,4.639,1.249635169948019,1.23,6.842,3.2076000000000002,4.09075,5.59925,5.956099999999999,24,0,0,0,0,0.0,23.0,0,BTGOXD2,mg/L,reported_gmt_minus_4_unconverted
2018-11-02,24,24,24,1.0,high,True,True,True,True,6.276416666666667,6.3215,0.7383893703994124,4.884,7.543,5.412,5.717,6.729,7.4198,24,0,0,0,0,0.0,23.0,0,BTGOXD2,mg/L,reported_gmt_minus_4_unconverted
2018-11-03,24,24,24,1.0,high,True,True,True,True,4.449666666666666,4.543,1.54487541826874,2.11,6.74,2.5063,3.0564999999999998,5.82175,6.215699999999999,24,0,0,0,0,0.0,23.0,0,BTGOXD2,mg/L,reported_gmt_minus_4_unconverted
2018-11-04,24,24,24,1.0,high,True,True,True,True,3.0518750000000003,2.9775,0.8074360554840564,1.93,4.696,2.1429,2.52825,3.36125,4.469,24,0,0,0,0,0.0,23.0,0,BTGOXD2,mg/L,reported_gmt_minus_4_unconverted
2018-11-05,24,24,24,1.0,high,True,True,True,True,3.6818333333333335,3.3525,1.6474937927353321,1.479,6.867,2.2421,2.39275,4.654999999999999,6.0774,24,0,0,0,0,0.0,23.0,0,BTGOXD2,mg/L,reported_gmt_minus_4_unconverted
2018-11-06,24,24,24,1.0,high,True,True,True,True,5.407875000000001,5.285500000000001,0.47294262107161256,4.815,6.387,4.9439,5.07075,5.55325,6.1372,24,0,0,0,0,0.0,23.0,0,BTGOXD2,mg/L,reported_gmt_minus_4_unconverted
2018-11-07,24,24,24,1.0,high,True,True,True,True,6.026458333333333,5.932499999999999,0.4280243775226163,5.339,6.816,5.5447,5.66575,6.41225,6.4936,24,0,0,0,0,0.0,23.0,0,BTGOXD2,mg/L,reported_gmt_minus_4_unconverted
2018-11-08,24,24,22,0.916667,high,True,True,True,True,5.889818181818182,5.91,0.28467736731816856,5.34,6.378,5.4633,5.76725,6.08225,6.166,22,2,0,0,0,0.0,23.0,2,BTGOXD2,mg/L,reported_gmt_minus_4_unconverted
2018-11-09,24,24,24,1.0,high,True,True,True,True,5.9524583333333325,5.915,0.30387282511040653,5.145,6.398,5.6659,5.73875,6.17475,6.3151,24,0,0,0,0,0.0,23.0,0,BTGOXD2,mg/L,reported_gmt_minus_4_unconverted
2018-11-10,24,24,24,1.0,high,True,True,True,True,5.653666666666666,5.5275,0.36163645769782654,5.429,7.056,5.4562,5.47575,5.63275,6.018199999999999,24,0,0,0,0,0.0,23.0,0,BTGOXD2,mg/L,reported_gmt_minus_4_unconverted
2018-11-11,24,24,24,1.0,high,True,True,True,True,6.393458333333332,6.5105,0.4790620345748706,5.463,7.216,5.7786,6.017250000000001,6.77475,6.8218,24,0,0,0,0,0.0,23.0,0,BTGOXD2,mg/L,reported_gmt_minus_4_unconverted
2018-11-12,24,24,24,1.0,high,True,True,True,True,6.884916666666666,7.0305,0.6441107733967791,5.934,8.177,5.9865,6.298,7.264,7.5978,24,0,0,0,0,0.0,23.0,0,BTGOXD2,mg/L,reported_gmt_minus_4_unconverted
2018-11-13,24,24,24,1.0,high,True,True,True,True,6.297875,6.231,1.0365450267071394,4.91,8.772,5.225,5.393750000000001,6.87325,7.6579999999999995,24,0,0,0,0,0.0,23.0,0,BTGOXD2,mg/L,reported_gmt_minus_4_unconverted
2018-11-14,24,24,24,1.0,high,True,True,True,True,4.242249999999999,3.722,1.550925789439271,2.478,7.453,2.5953,2.94525,5.422,6.1924,24,0,0,0,0,0.0,23.0,0,BTGOXD2,mg/L,reported_gmt_minus_4_unconverted
2018-11-15,24,24,24,1.0,high,True,True,True,True,3.74625,3.7995,0.9780863858887258,2.107,5.369,2.4207,3.05525,4.4185,5.0374,24,0,0,0,0,0.0,23.0,0,BTGOXD2,mg/L,reported_gmt_minus_4_unconverted
2018-11-16,24,24,24,1.0,high,True,True,True,True,5.476125000000001,5.6035,0.6872238615397207,4.125,6.325,4.5783000000000005,4.83225,6.15725,6.2159,24,0,0,0,0,0.0,23.0,0,BTGOXD2,mg/L,reported_gmt_minus_4_unconverted
2018-11-17,24,24,24,1.0,high,True,True,True,True,4.679625,4.731,0.8480432111888393,3.407,6.187,3.7895,3.945,5.32975,5.713,24,0,0,0,0,0.0,23.0,0,BTGOXD2,mg/L,reported_gmt_minus_4_unconverted
2018-11-18,24,24,24,1.0,high,True,True,True,True,3.323916666666667,3.237,0.550380099225243,2.516,4.72,2.7244,2.89075,3.673,4.0015,24,0,0,0,0,0.0,23.0,0,BTGOXD2,mg/L,reported_gmt_minus_4_unconverted
2018-11-19,24,24,24,1.0,high,True,True,True,True,4.302166666666667,4.609,0.8396374303785852,2.051,4.98,2.7524,4.40675,4.71225,4.925,24,0,0,0,0,0.0,23.0,0,BTGOXD2,mg/L,reported_gmt_minus_4_unconverted
2018-11-20,24,24,24,1.0,high,True,True,True,True,4.839791666666667,4.742,0.3715069171533063,4.242,5.493,4.4399,4.5432500000000005,5.218,5.3245,24,0,0,0,0,0.0,23.0,0,BTGOXD2,mg/L,reported_gmt_minus_4_unconverted
2018-11-21,24,24,24,1.0,high,True,True,True,True,4.39625,4.3885000000000005,0.5482483767497134,3.098,5.485,3.7043000000000004,4.20475,4.58575,5.1438,24,0,0,0,0,0.0,23.0,0,BTGOXD2,mg/L,reported_gmt_minus_4_unconverted
2018-11-22,24,24,24,1.0,high,True,True,True,True,3.791625,3.758,0.3957631936332415,3.191,5.068,3.3434,3.55175,3.944,4.1897,24,0,0,0,0,0.0,23.0,0,BTGOXD2,mg/L,reported_gmt_minus_4_unconverted
2018-11-23,24,24,24,1.0,high,True,True,True,True,3.70225,3.5015,0.7062932787816786,2.684,5.159,2.9308,3.3105,3.93375,4.8579,24,0,0,0,0,0.0,23.0,0,BTGOXD2,mg/L,reported_gmt_minus_4_unconverted
2018-11-24,24,24,24,1.0,high,True,True,True,True,4.87225,4.9315,0.7333694276361022,3.658,6.003,3.9646,4.1835,5.418749999999999,5.808199999999999,24,0,0,0,0,0.0,23.0,0,BTGOXD2,mg/L,reported_gmt_minus_4_unconverted
2018-11-25,24,24,24,1.0,high,True,True,True,True,5.126166666666666,5.438,1.1028260798144196,2.44,6.749,3.4107000000000003,4.971,5.65775,6.1333,24,0,0,0,0,0.0,23.0,0,BTGOXD2,mg/L,reported_gmt_minus_4_unconverted
2018-11-26,24,24,24,1.0,high,True,True,True,True,3.5223333333333335,3.3305,1.1313929339599451,1.756,6.244,2.0399,2.79975,4.24025,4.9202,24,0,0,0,0,0.0,23.0,0,BTGOXD2,mg/L,reported_gmt_minus_4_unconverted
2018-11-27,24,24,24,1.0,high,True,True,True,True,3.1462083333333335,2.6185,1.7898335841798172,1.482,7.199,1.6819,1.8977499999999998,3.458,6.5738,24,0,0,0,0,0.0,23.0,0,BTGOXD2,mg/L,reported_gmt_minus_4_unconverted
2018-11-28,24,24,24,1.0,high,True,True,True,True,6.385208333333334,6.2805,0.6407904750938598,5.147,7.987,5.7641,5.91075,6.769,7.179,24,0,0,0,0,0.0,23.0,0,BTGOXD2,mg/L,reported_gmt_minus_4_unconverted
2018-11-29,24,24,24,1.0,high,True,True,True,True,6.325333333333333,6.1855,1.0450753110647584,3.997,8.508,5.2501,5.5685,7.03075,7.6301,24,0,0,0,0,0.0,23.0,0,BTGOXD2,mg/L,reported_gmt_minus_4_unconverted
2018-11-30,24,24,24,1.0,high,True,True,True,True,6.321333333333333,6.176,1.1224100105950845,4.762,7.905,4.945600000000001,5.2635000000000005,7.5085,7.8023,24,0,0,0,0,0.0,23.0,0,BTGOXD2,mg/L,reported_gmt_minus_4_unconverted
2018-12-01,24,24,24,1.0,high,True,True,True,True,7.67875,7.6675,0.5849359125059175,6.372,8.782,7.1277,7.343,8.0185,8.4606,24,0,0,0,0,0.0,23.0,0,BTGOXD2,mg/L,reported_gmt_minus_4_unconverted
2018-12-02,24,24,24,1.0,high,True,True,True,True,8.397,8.568,0.8931936836553084,6.654,9.517,7.1342,7.7715,9.13275,9.3997,24,0,0,0,0,0.0,23.0,0,BTGOXD2,mg/L,reported_gmt_minus_4_unconverted
2018-12-03,24,24,24,1.0,high,True,True,True,True,8.560291666666666,8.521999999999998,0.7065239144336634,7.389,9.58,7.7629,7.9270000000000005,9.285,9.5147,24,0,0,0,0,0.0,23.0,0,BTGOXD2,mg/L,reported_gmt_minus_4_unconverted
2018-12-04,24,24,24,1.0,high,True,True,True,True,8.858125000000001,9.004000000000001,0.7397492708314433,7.275,9.833,7.5619000000000005,8.591750000000001,9.404499999999999,9.6456,24,0,0,0,0,0.0,23.0,0,BTGOXD2,mg/L,reported_gmt_minus_4_unconverted
2018-12-05,24,24,24,1.0,high,True,True,True,True,8.893875,8.9885,0.5302311483232328,7.49,9.601,8.2477,8.61975,9.304,9.4498,24,0,0,0,0,0.0,23.0,0,BTGOXD2,mg/L,reported_gmt_minus_4_unconverted
2018-12-06,24,24,24,1.0,high,True,True,True,True,8.585833333333333,8.6875,0.5438624879481039,7.275,9.295,7.932300000000001,8.3275,8.9575,9.1996,24,0,0,0,0,0.0,23.0,0,BTGOXD2,mg/L,reported_gmt_minus_4_unconverted
2018-12-07,24,24,24,1.0,high,True,True,True,True,8.783541666666666,8.650500000000001,0.4830650311038488,7.956,9.584,8.234300000000001,8.439499999999999,9.190750000000001,9.469899999999999,24,0,0,0,0,0.0,23.0,0,BTGOXD2,mg/L,reported_gmt_minus_4_unconverted
2018-12-08,24,24,24,1.0,high,True,True,True,True,7.249625000000001,7.4305,0.9964538782712118,5.295,8.423,5.5849,6.94525,7.9975,8.2561,24,0,0,0,0,0.0,23.0,0,BTGOXD2,mg/L,reported_gmt_minus_4_unconverted
2018-12-09,24,24,24,1.0,high,True,True,True,True,6.288833333333333,6.225,1.2178433777598923,4.526,8.037,4.7163,5.1295,7.43725,7.7154,24,0,0,0,0,0.0,23.0,0,BTGOXD2,mg/L,reported_gmt_minus_4_unconverted
2018-12-10,24,24,24,1.0,high,True,True,True,True,5.2625,4.823,1.1017971879970745,3.983,7.94,4.1351,4.53,5.76775,6.906299999999999,24,0,0,0,0,0.0,23.0,0,BTGOXD2,mg/L,reported_gmt_minus_4_unconverted
2018-12-11,24,24,24,1.0,high,True,True,True,True,3.910458333333333,3.8445,1.0239464141535783,1.953,6.402,2.8659000000000003,3.2055,4.3945,5.2082,24,0,0,0,0,0.0,23.0,0,BTGOXD2,mg/L,reported_gmt_minus_4_unconverted
2018-12-12,24,24,24,1.0,high,True,True,True,True,3.3020416666666663,3.1950000000000003,1.5668996382823233,0.669,6.174,1.2623,2.3425000000000002,4.698,5.216799999999999,24,0,0,0,0,0.0,23.0,0,BTGOXD2,mg/L,reported_gmt_minus_4_unconverted
2018-12-13,24,24,24,1.0,high,True,True,True,True,1.7947083333333331,1.849,1.0361493294747695,0.277,4.132,0.49160000000000004,1.004,2.44725,2.9335,24,0,0,0,0,0.0,23.0,0,BTGOXD2,mg/L,reported_gmt_minus_4_unconverted
2018-12-14,24,24,24,1.0,high,True,True,True,True,2.4743749999999998,2.999,1.1318980140147057,0.389,3.953,0.7768,1.216,3.28625,3.5169,24,0,0,0,0,0.0,23.0,0,BTGOXD2,mg/L,reported_gmt_minus_4_unconverted
2018-12-15,24,24,24,1.0,high,True,True,True,True,1.9716250000000002,1.8445,0.7884263805890159,0.913,4.006,1.0472,1.551,2.2664999999999997,2.9032999999999998,24,0,0,0,0,0.0,23.0,0,BTGOXD2,mg/L,reported_gmt_minus_4_unconverted
2018-12-16,24,24,24,1.0,high,True,True,True,True,2.294625,2.175,0.8611274617818099,1.141,4.082,1.2628,1.7015,2.8339999999999996,3.597399999999999,24,0,0,0,0,0.0,23.0,0,BTGOXD2,mg/L,reported_gmt_minus_4_unconverted
2018-12-17,24,24,24,1.0,high,True,True,True,True,4.538625,4.345,0.9007704823963326,2.905,6.581,3.6851000000000003,4.0955,4.88175,5.792299999999999,24,0,0,0,0,0.0,23.0,0,BTGOXD2,mg/L,reported_gmt_minus_4_unconverted
2018-12-18,24,24,24,1.0,high,True,True,True,True,7.195208333333333,7.0440000000000005,1.5134164914025732,3.14,9.982,6.2172,6.5075,7.891,9.3332,24,0,0,0,0,0.0,23.0,0,BTGOXD2,mg/L,reported_gmt_minus_4_unconverted
2018-12-19,24,24,24,1.0,high,True,True,True,True,8.192749999999998,7.8915,0.9346847992307586,6.928,10.989,7.260800000000001,7.63125,8.73625,9.3494,24,0,0,0,0,0.0,23.0,0,BTGOXD2,mg/L,reported_gmt_minus_4_unconverted
2018-12-20,24,24,24,1.0,high,True,True,True,True,9.271708333333333,9.432500000000001,1.522537826449975,6.062,11.669,7.5316,7.91625,10.489749999999999,11.184,24,0,0,0,0,0.0,23.0,0,BTGOXD2,mg/L,reported_gmt_minus_4_unconverted
2018-12-21,24,24,24,1.0,high,True,True,True,True,7.274500000000001,7.7445,2.2070588337541377,4.436,10.099,4.7479,4.95,9.0895,9.9302,24,0,0,0,0,0.0,23.0,0,BTGOXD2,mg/L,reported_gmt_minus_4_unconverted
2018-12-22,24,24,24,1.0,high,True,True,True,True,8.378583333333333,8.414,0.9414621799264608,6.417,9.684,6.9829,7.9785,9.05275,9.6017,24,0,0,0,0,0.0,23.0,0,BTGOXD2,mg/L,reported_gmt_minus_4_unconverted
2018-12-23,24,24,24,1.0,high,True,True,True,True,7.457083333333333,7.157,1.1461666893214726,5.949,9.517,6.2074,6.472,8.527750000000001,9.051599999999999,24,0,0,0,0,0.0,23.0,0,BTGOXD2,mg/L,reported_gmt_minus_4_unconverted
2018-12-24,24,24,24,1.0,high,True,True,True,True,9.030041666666666,8.9535,0.413936193273129,8.358,9.982,8.514999999999999,8.7645,9.26775,9.5428,24,0,0,0,0,0.0,23.0,0,BTGOXD2,mg/L,reported_gmt_minus_4_unconverted
2018-12-25,24,24,24,1.0,high,True,True,True,True,8.872666666666666,8.819500000000001,0.24846969313338207,8.317,9.484,8.638,8.72175,9.002749999999999,9.177900000000001,24,0,0,0,0,0.0,23.0,0,BTGOXD2,mg/L,reported_gmt_minus_4_unconverted
2018-12-26,24,24,24,1.0,high,True,True,True,True,8.119083333333334,8.157,0.25113168495513627,7.693,8.526,7.7966,7.93075,8.3345,8.4165,24,0,0,0,0,0.0,23.0,0,BTGOXD2,mg/L,reported_gmt_minus_4_unconverted
2018-12-27,24,24,24,1.0,high,True,True,True,True,7.373375,7.4475,0.3731447804457581,6.487,8.054,6.9141,7.2805,7.510999999999999,7.7607,24,0,0,0,0,0.0,23.0,0,BTGOXD2,mg/L,reported_gmt_minus_4_unconverted
2018-12-28,24,24,24,1.0,high,True,True,True,True,6.4282916666666665,6.477,0.6740089329279447,5.315,7.735,5.6279,5.8485000000000005,6.914,7.259399999999999,24,0,0,0,0,0.0,23.0,0,BTGOXD2,mg/L,reported_gmt_minus_4_unconverted
2018-12-29,24,24,24,1.0,high,True,True,True,True,6.168041666666667,6.14,0.6351524622972967,4.97,7.313,5.220000000000001,5.90625,6.6405,6.9177,24,0,0,0,0,0.0,23.0,0,BTGOXD2,mg/L,reported_gmt_minus_4_unconverted
2018-12-30,24,24,24,1.0,high,True,True,True,True,5.6194999999999995,5.893000000000001,0.8993859257728358,4.079,6.677,4.284,4.686,6.43275,6.6001,24,0,0,0,0,0.0,23.0,0,BTGOXD2,mg/L,reported_gmt_minus_4_unconverted
2018-12-31,24,24,24,1.0,high,True,True,True,True,5.689166666666668,6.0245,1.0668259165542822,4.105,7.123,4.1998,4.7145,6.54525,6.9673,24,0,0,0,0,0.0,23.0,0,BTGOXD2,mg/L,reported_gmt_minus_4_unconverted
2019-01-01,24,24,24,1.0,high,True,True,True,True,6.364791666666666,6.317,0.9123657246848492,4.837,7.766,5.3824000000000005,5.57875,7.2780000000000005,7.5518,24,0,0,0,0,0.0,23.0,0,BTGOXD2,mg/L,reported_gmt_minus_4_unconverted
2019-01-02,24,24,24,1.0,high,True,True,True,True,6.604291666666666,6.743499999999999,0.6935484359228378,5.501,7.605,5.6899999999999995,5.9785,7.09325,7.5347,24,0,0,0,0,0.0,23.0,0,BTGOXD2,mg/L,reported_gmt_minus_4_unconverted
2019-01-03,24,24,24,1.0,high,True,True,True,True,6.679375,7.2235,0.9896568053579505,5.242,7.729,5.4563999999999995,5.60225,7.571000000000001,7.721,24,0,0,0,0,0.0,23.0,0,BTGOXD2,mg/L,reported_gmt_minus_4_unconverted
2019-01-04,24,24,24,1.0,high,True,True,True,True,7.634333333333334,7.818,0.48693171261853874,6.598,8.326,6.8864,7.33175,7.92925,8.1872,24,0,0,0,0,0.0,23.0,0,BTGOXD2,mg/L,reported_gmt_minus_4_unconverted
2019-01-05,24,24,24,1.0,high,True,True,True,True,8.188333333333333,7.714,0.935163490317703,7.373,10.402,7.4051,7.4775,8.806750000000001,9.4368,24,0,0,0,0,0.0,23.0,0,BTGOXD2,mg/L,reported_gmt_minus_4_unconverted
2019-01-06,24,24,24,1.0,high,True,True,True,True,8.174958333333333,8.2495,1.0081410563471531,6.373,9.461,6.7485,7.5235,9.22725,9.3152,24,0,0,0,0,0.0,23.0,0,BTGOXD2,mg/L,reported_gmt_minus_4_unconverted
2019-01-07,24,24,24,1.0,high,True,True,True,True,7.821749999999999,7.8100000000000005,0.6471172362032281,6.719,9.377,7.1515,7.4015,8.04325,8.7608,24,0,0,0,0,0.0,23.0,0,BTGOXD2,mg/L,reported_gmt_minus_4_unconverted
2019-01-08,24,24,24,1.0,high,True,True,True,True,7.613333333333334,7.73,0.46201596684875346,6.592,8.162,6.8305,7.58675,7.8732500000000005,8.0955,24,0,0,0,0,0.0,23.0,0,BTGOXD2,mg/L,reported_gmt_minus_4_unconverted
2019-01-09,24,24,10,0.416667,weak,False,False,False,False,6.1388,6.1045,0.4107813151652456,5.74,7.06,5.7562,5.8084999999999996,6.25225,6.570399999999999,10,14,0,0,0,0.0,23.0,14,BTGOXD2,mg/L,reported_gmt_minus_4_unconverted
2019-01-10,24,24,24,1.0,high,True,True,True,True,4.760458333333333,5.2485,1.1812563679760875,2.178,6.68,2.8395,4.50525,5.49125,5.657,24,0,0,0,0,0.0,23.0,0,BTGOXD2,mg/L,reported_gmt_minus_4_unconverted
2019-01-11,24,24,24,1.0,high,True,True,True,True,5.354208333333333,5.0515,0.8689010540140152,4.249,7.947,4.6289,4.8622499999999995,5.62975,6.4627,24,0,0,0,0,0.0,23.0,0,BTGOXD2,mg/L,reported_gmt_minus_4_unconverted
2019-01-12,24,24,24,1.0,high,True,True,True,True,6.955541666666666,6.765499999999999,1.234919535458878,4.286,8.86,5.4353,6.328250000000001,7.98125,8.6814,24,0,0,0,0,0.0,23.0,0,BTGOXD2,mg/L,reported_gmt_minus_4_unconverted
2019-01-13,24,24,24,1.0,high,True,True,True,True,7.165875,7.1805,1.336909684845907,4.778,9.898,5.3819,6.356249999999999,8.166,8.843599999999999,24,0,0,0,0,0.0,23.0,0,BTGOXD2,mg/L,reported_gmt_minus_4_unconverted
2019-01-14,24,24,24,1.0,high,True,True,True,True,6.738666666666667,6.804,0.8188034040554262,5.288,8.475,5.536700000000001,6.30475,7.320250000000001,7.663399999999999,24,0,0,0,0,0.0,23.0,0,BTGOXD2,mg/L,reported_gmt_minus_4_unconverted
2019-01-15,24,24,24,1.0,high,True,True,True,True,6.901958333333333,7.0280000000000005,0.9991913025331891,5.097,8.641,5.4839,6.1875,7.6555,8.0297,24,0,0,0,0,0.0,23.0,0,BTGOXD2,mg/L,reported_gmt_minus_4_unconverted
2019-01-16,24,24,24,1.0,high,True,True,True,True,7.749416666666666,7.8605,1.2291061763548432,5.058,9.932,6.4961,6.95975,8.54975,9.1569,24,0,0,0,0,0.0,23.0,0,BTGOXD2,mg/L,reported_gmt_minus_4_unconverted
2019-01-17,24,24,24,1.0,high,True,True,True,True,5.302666666666667,5.6655,1.0000675049679164,2.998,6.818,3.7064,4.8085,5.8934999999999995,6.2145,24,0,0,0,0,0.0,23.0,0,BTGOXD2,mg/L,reported_gmt_minus_4_unconverted
2019-01-18,24,24,24,1.0,high,True,True,True,True,5.816041666666666,4.865,1.9763674512944784,3.963,9.462,4.0019,4.05275,7.5607500000000005,8.6563,24,0,0,0,0,0.0,23.0,0,BTGOXD2,mg/L,reported_gmt_minus_4_unconverted
2019-01-19,24,24,24,1.0,high,True,True,True,True,7.935291666666667,7.7885,1.2578983327676803,5.544,9.92,6.3285,7.03225,8.97975,9.4595,24,0,0,0,0,0.0,23.0,0,BTGOXD2,mg/L,reported_gmt_minus_4_unconverted
2019-01-20,24,24,24,1.0,high,True,True,True,True,7.5345,6.9355,1.518204975563605,5.039,10.786,6.1591,6.55475,8.59375,9.5346,24,0,0,0,0,0.0,23.0,0,BTGOXD2,mg/L,reported_gmt_minus_4_unconverted
2019-01-21,24,24,24,1.0,high,True,True,True,True,8.211916666666667,8.076,1.3174649872970527,6.273,10.616,6.7458,6.89325,9.529,10.063099999999999,24,0,0,0,0,0.0,23.0,0,BTGOXD2,mg/L,reported_gmt_minus_4_unconverted
2019-01-22,24,24,24,1.0,high,True,True,True,True,9.076125,9.308499999999999,1.1638906758947691,6.518,10.667,7.4072000000000005,8.1695,10.059999999999999,10.2963,24,0,0,0,0,0.0,23.0,0,BTGOXD2,mg/L,reported_gmt_minus_4_unconverted
2019-01-23,24,24,24,1.0,high,True,True,True,True,9.599124999999999,9.5725,0.54603721106676,7.592,10.455,9.3026,9.4695,9.8795,10.1462,24,0,0,0,0,0.0,23.0,0,BTGOXD2,mg/L,reported_gmt_minus_4_unconverted
2019-01-24,24,24,24,1.0,high,True,True,True,True,9.347333333333333,9.498000000000001,0.6558806669473969,7.589,10.191,8.6058,9.064,9.8655,9.9658,24,0,0,0,0,0.0,23.0,0,BTGOXD2,mg/L,reported_gmt_minus_4_unconverted
2019-01-25,24,24,24,1.0,high,True,True,True,True,9.038041666666667,9.164,0.5767766110531624,7.81,9.968,8.2393,8.70225,9.4545,9.6884,24,0,0,0,0,0.0,23.0,0,BTGOXD2,mg/L,reported_gmt_minus_4_unconverted
2019-01-26,24,24,24,1.0,high,True,True,True,True,8.564708333333334,8.8515,0.8473179927259314,6.671,9.374,7.5657,7.9955,9.30275,9.3406,24,0,0,0,0,0.0,23.0,0,BTGOXD2,mg/L,reported_gmt_minus_4_unconverted
2019-01-27,24,24,24,1.0,high,True,True,True,True,8.624708333333333,8.9185,0.5941773618363801,7.164,9.262,7.8349,8.325000000000001,9.01525,9.131499999999999,24,0,0,0,0,0.0,23.0,0,BTGOXD2,mg/L,reported_gmt_minus_4_unconverted
2019-01-28,24,24,24,1.0,high,True,True,True,True,8.256583333333333,8.341,0.47866234960307485,7.197,8.866,7.5289,8.0475,8.6365,8.7666,24,0,0,0,0,0.0,23.0,0,BTGOXD2,mg/L,reported_gmt_minus_4_unconverted
2019-01-29,24,24,24,1.0,high,True,True,True,True,8.406833333333333,8.3335,0.4876120755599518,7.356,9.167,7.8297,8.20725,8.782,9.0812,24,0,0,0,0,0.0,23.0,0,BTGOXD2,mg/L,reported_gmt_minus_4_unconverted
2019-01-30,24,24,24,1.0,high,True,True,True,True,8.660833333333334,8.733,0.4834474627871806,7.578,9.503,8.0537,8.339500000000001,8.89425,9.2536,24,0,0,0,0,0.0,23.0,0,BTGOXD2,mg/L,reported_gmt_minus_4_unconverted
2019-01-31,24,24,24,1.0,high,True,True,True,True,8.790958333333334,8.832,0.3892121897155693,7.76,9.415,8.3303,8.646,9.04725,9.1852,24,0,0,0,0,0.0,23.0,0,BTGOXD2,mg/L,reported_gmt_minus_4_unconverted
2019-02-01,24,24,24,1.0,high,True,True,True,True,8.671541666666668,8.695,0.17755292638159104,8.235,8.946,8.4664,8.5975,8.78025,8.892,24,0,0,0,0,0.0,23.0,0,BTGOXD2,mg/L,reported_gmt_minus_4_unconverted
2019-02-02,24,24,24,1.0,high,True,True,True,True,8.622083333333334,8.620000000000001,0.6998655098546134,5.858,9.33,8.2673,8.35475,9.163,9.234499999999999,24,0,0,0,0,0.0,23.0,0,BTGOXD2,mg/L,reported_gmt_minus_4_unconverted
2019-02-03,24,24,24,1.0,high,True,True,True,True,8.760458333333334,8.7925,0.38789789996479923,7.938,9.417,8.2297,8.4545,9.04975,9.1859,24,0,0,0,0,0.0,23.0,0,BTGOXD2,mg/L,reported_gmt_minus_4_unconverted
2019-02-04,24,24,24,1.0,high,True,True,True,True,8.657291666666667,8.692499999999999,0.658017541669618,7.549,9.595,7.741700000000001,7.9955,9.153,9.4701,24,0,0,0,0,0.0,23.0,0,BTGOXD2,mg/L,reported_gmt_minus_4_unconverted
2019-02-05,24,24,24,1.0,high,True,True,True,True,8.999791666666667,9.0525,0.7876695389160558,7.218,10.075,7.7728,8.7575,9.535499999999999,10.0025,24,0,0,0,0,0.0,23.0,0,BTGOXD2,mg/L,reported_gmt_minus_4_unconverted
2019-02-06,24,24,24,1.0,high,True,True,True,True,8.620083333333334,8.6275,0.7267107502251178,6.143,9.598,7.9997,8.486,9.132,9.3275,24,0,0,0,0,0.0,23.0,0,BTGOXD2,mg/L,reported_gmt_minus_4_unconverted
2019-02-07,24,24,24,1.0,high,True,True,True,True,8.312041666666666,8.3545,0.6016780504965054,7.155,9.36,7.5833,7.9705,8.629000000000001,9.1435,24,0,0,0,0,0.0,23.0,0,BTGOXD2,mg/L,reported_gmt_minus_4_unconverted
2019-02-08,24,24,24,1.0,high,True,True,True,True,6.7459999999999996,6.7170000000000005,1.4162695027246144,4.645,8.977,5.0027,5.54275,7.903,8.537899999999999,24,0,0,0,0,0.0,23.0,0,BTGOXD2,mg/L,reported_gmt_minus_4_unconverted
2019-02-09,24,24,24,1.0,high,True,True,True,True,8.123208333333332,8.357,1.2196480240365384,5.951,10.099,6.4184,7.269,8.79225,9.6404,24,0,0,0,0,0.0,23.0,0,BTGOXD2,mg/L,reported_gmt_minus_4_unconverted
2019-02-10,24,24,24,1.0,high,True,True,True,True,7.5674166666666665,7.7545,1.2669163493427198,5.575,9.806,6.09,6.437749999999999,8.50075,9.1451,24,0,0,0,0,0.0,23.0,0,BTGOXD2,mg/L,reported_gmt_minus_4_unconverted
2019-02-11,24,24,24,1.0,high,True,True,True,True,7.136541666666666,7.3235,1.1382337950093775,5.19,9.409,5.4804,6.3252500000000005,7.85475,8.4374,24,0,0,0,0,0.0,23.0,0,BTGOXD2,mg/L,reported_gmt_minus_4_unconverted
2019-02-12,24,24,24,1.0,high,True,True,True,True,6.339833333333334,6.2235,1.6294955919111815,4.276,9.711,4.6693999999999996,4.9334999999999996,7.49225,8.537700000000001,24,0,0,0,0,0.0,23.0,0,BTGOXD2,mg/L,reported_gmt_minus_4_unconverted
2019-02-13,24,24,24,1.0,high,True,True,True,True,6.5412083333333335,6.7485,1.6887549305863507,3.855,9.366,4.2505999999999995,4.78325,7.766,8.3984,24,0,0,0,0,0.0,23.0,0,BTGOXD2,mg/L,reported_gmt_minus_4_unconverted
2019-02-14,24,24,24,1.0,high,True,True,True,True,5.588208333333334,5.3705,1.4065187050848713,4.018,8.345,4.1589,4.3285,6.59075,7.6337,24,0,0,0,0,0.0,23.0,0,BTGOXD2,mg/L,reported_gmt_minus_4_unconverted
2019-02-15,24,24,24,1.0,high,True,True,True,True,7.951833333333333,8.2395,0.7871256275990437,6.179,8.715,6.836,7.43,8.596,8.6783,24,0,0,0,0,0.0,23.0,0,BTGOXD2,mg/L,reported_gmt_minus_4_unconverted
2019-02-16,24,24,24,1.0,high,True,True,True,True,9.011416666666667,9.0055,0.5723848596322512,7.579,9.778,8.2928,8.76625,9.503499999999999,9.6208,24,0,0,0,0,0.0,23.0,0,BTGOXD2,mg/L,reported_gmt_minus_4_unconverted
2019-02-17,24,24,24,1.0,high,True,True,True,True,8.190875,8.4725,1.0651844221827833,5.786,10.016,7.1402,7.4045,9.042250000000001,9.3666,24,0,0,0,0,0.0,23.0,0,BTGOXD2,mg/L,reported_gmt_minus_4_unconverted
2019-02-18,24,24,24,1.0,high,True,True,True,True,8.266375,8.434,0.8268982805063436,6.609,9.576,7.244,7.5817499999999995,8.7935,9.2627,24,0,0,0,0,0.0,23.0,0,BTGOXD2,mg/L,reported_gmt_minus_4_unconverted
2019-02-19,24,24,24,1.0,high,True,True,True,True,8.425208333333332,8.5815,0.8431440115872036,6.788,9.553,7.2594,7.918,9.09925,9.4281,24,0,0,0,0,0.0,23.0,0,BTGOXD2,mg/L,reported_gmt_minus_4_unconverted
2019-02-20,24,24,24,1.0,high,True,True,True,True,8.144333333333334,8.2555,0.3761310671961901,7.183,8.649,7.5767999999999995,7.9975,8.39175,8.5339,24,0,0,0,0,0.0,23.0,0,BTGOXD2,mg/L,reported_gmt_minus_4_unconverted
2019-02-21,24,24,24,1.0,high,True,True,True,True,7.853916666666667,7.853,0.46907484492874635,6.848,8.57,7.2957,7.6445,8.18625,8.4627,24,0,0,0,0,0.0,23.0,0,BTGOXD2,mg/L,reported_gmt_minus_4_unconverted
2019-02-22,24,24,24,1.0,high,True,True,True,True,7.252375,7.3870000000000005,0.6053960121455535,5.933,8.034,6.3652999999999995,6.8485000000000005,7.69225,7.9006,24,0,0,0,0,0.0,23.0,0,BTGOXD2,mg/L,reported_gmt_minus_4_unconverted
2019-02-23,24,24,24,1.0,high,True,True,True,True,6.198041666666668,6.2385,0.5470174052684856,5.23,7.328,5.5788,5.8115,6.53675,6.8506,24,0,0,0,0,0.0,23.0,0,BTGOXD2,mg/L,reported_gmt_minus_4_unconverted
2019-02-24,24,24,22,0.916667,high,True,True,True,True,6.322,6.3145,0.8196331932203402,4.771,7.714,5.217899999999999,5.663250000000001,6.95175,7.2069,22,2,0,0,0,0.0,23.0,2,BTGOXD2,mg/L,reported_gmt_minus_4_unconverted
2019-02-25,24,24,24,1.0,high,True,True,True,True,6.800999999999999,6.7735,0.945564381731884,5.004,7.952,5.3269,6.27775,7.5705,7.8161000000000005,24,0,0,0,0,0.0,23.0,0,BTGOXD2,mg/L,reported_gmt_minus_4_unconverted
2019-02-26,24,24,11,0.458333,weak,False,False,False,False,7.339545454545453,7.036,0.6904635202002148,6.608,8.484,6.617,6.8155,8.041,8.11,11,13,0,0,0,0.0,10.0,13,BTGOXD2,mg/L,reported_gmt_minus_4_unconverted
2019-02-27,24,24,0,0.0,missing,False,False,False,False,,,,,,,,,,0,24,0,0,0,,,24,BTGOXD2,mg/L,reported_gmt_minus_4_unconverted
2019-02-28,24,24,0,0.0,missing,False,False,False,False,,,,,,,,,,0,24,0,0,0,,,24,BTGOXD2,mg/L,reported_gmt_minus_4_unconverted
2019-03-01,24,24,24,1.0,high,True,True,True,True,8.526333333333334,8.7475,1.3591218285818,5.847,10.31,6.9233,7.50275,9.709,10.036200000000001,24,0,0,0,0,0.0,23.0,0,BTGOXD2,mg/L,reported_gmt_minus_4_unconverted
2019-03-02,24,24,24,1.0,high,True,True,True,True,8.358291666666666,8.3655,1.448033163179168,5.802,10.155,6.4556000000000004,7.1745,9.7725,10.126,24,0,0,0,0,0.0,23.0,0,BTGOXD2,mg/L,reported_gmt_minus_4_unconverted
2019-03-03,24,24,24,1.0,high,True,True,True,True,6.8415,6.7765,0.8548770061547883,5.712,8.806,5.850099999999999,6.2219999999999995,7.1185,8.1645,24,0,0,0,0,0.0,23.0,0,BTGOXD2,mg/L,reported_gmt_minus_4_unconverted
2019-03-04,24,24,24,1.0,high,True,True,True,True,6.035,5.8855,0.8127933584117558,4.477,7.892,5.308,5.46125,6.4392499999999995,7.2361,24,0,0,0,0,0.0,23.0,0,BTGOXD2,mg/L,reported_gmt_minus_4_unconverted
2019-03-05,24,24,24,1.0,high,True,True,True,True,6.694916666666667,6.0280000000000005,1.4813871265947265,5.085,9.716,5.4227,5.8214999999999995,7.1085,9.3978,24,0,0,0,0,0.0,23.0,0,BTGOXD2,mg/L,reported_gmt_minus_4_unconverted
2019-03-06,24,24,24,1.0,high,True,True,True,True,8.650583333333334,8.7825,1.1562186462650628,6.203,10.163,6.7721,8.22025,9.51975,9.7744,24,0,0,0,0,0.0,23.0,0,BTGOXD2,mg/L,reported_gmt_minus_4_unconverted
2019-03-07,24,24,20,0.833333,standard,True,True,True,False,9.089200000000002,9.2855,0.5141981596314994,8.247,9.863,8.3156,8.55725,9.412749999999999,9.5942,20,4,0,0,0,0.0,19.0,4,BTGOXD2,mg/L,reported_gmt_minus_4_unconverted
2019-03-08,24,24,12,0.5,partial,True,False,False,False,8.288333333333332,8.305499999999999,0.19408636003468968,7.966,8.726,8.055800000000001,8.19125,8.368500000000001,8.407200000000001,12,12,0,0,0,0.0,11.0,12,BTGOXD2,mg/L,reported_gmt_minus_4_unconverted
2019-03-09,24,24,0,0.0,missing,False,False,False,False,,,,,,,,,,0,24,0,0,0,,,24,BTGOXD2,mg/L,reported_gmt_minus_4_unconverted
2019-03-10,24,24,0,0.0,missing,False,False,False,False,,,,,,,,,,0,24,0,0,0,,,24,BTGOXD2,mg/L,reported_gmt_minus_4_unconverted
2019-03-11,24,24,0,0.0,missing,False,False,False,False,,,,,,,,,,0,24,0,0,0,,,24,BTGOXD2,mg/L,reported_gmt_minus_4_unconverted
2019-03-12,24,24,0,0.0,missing,False,False,False,False,,,,,,,,,,0,24,0,0,0,,,24,BTGOXD2,mg/L,reported_gmt_minus_4_unconverted
2019-03-13,24,24,0,0.0,missing,False,False,False,False,,,,,,,,,,0,24,0,0,0,,,24,BTGOXD2,mg/L,reported_gmt_minus_4_unconverted
2019-03-14,24,24,0,0.0,missing,False,False,False,False,,,,,,,,,,0,24,0,0,0,,,24,BTGOXD2,mg/L,reported_gmt_minus_4_unconverted
2019-03-15,24,24,0,0.0,missing,False,False,False,False,,,,,,,,,,0,24,0,0,0,,,24,BTGOXD2,mg/L,reported_gmt_minus_4_unconverted
2019-03-16,24,24,0,0.0,missing,False,False,False,False,,,,,,,,,,0,24,0,0,0,,,24,BTGOXD2,mg/L,reported_gmt_minus_4_unconverted
2019-03-17,24,24,0,0.0,missing,False,False,False,False,,,,,,,,,,0,24,0,0,0,,,24,BTGOXD2,mg/L,reported_gmt_minus_4_unconverted
2019-03-18,24,24,0,0.0,missing,False,False,False,False,,,,,,,,,,0,24,0,0,0,,,24,BTGOXD2,mg/L,reported_gmt_minus_4_unconverted
2019-03-19,24,24,0,0.0,missing,False,False,False,False,,,,,,,,,,0,24,0,0,0,,,24,BTGOXD2,mg/L,reported_gmt_minus_4_unconverted
2019-03-20,24,24,0,0.0,missing,False,False,False,False,,,,,,,,,,0,24,0,0,0,,,24,BTGOXD2,mg/L,reported_gmt_minus_4_unconverted
2019-03-21,24,24,0,0.0,missing,False,False,False,False,,,,,,,,,,0,24,0,0,0,,,24,BTGOXD2,mg/L,reported_gmt_minus_4_unconverted
2019-03-22,24,24,0,0.0,missing,False,False,False,False,,,,,,,,,,0,24,0,0,0,,,24,BTGOXD2,mg/L,reported_gmt_minus_4_unconverted
2019-03-23,24,24,0,0.0,missing,False,False,False,False,,,,,,,,,,0,24,0,0,0,,,24,BTGOXD2,mg/L,reported_gmt_minus_4_unconverted
2019-03-24,24,24,0,0.0,missing,False,False,False,False,,,,,,,,,,0,24,0,0,0,,,24,BTGOXD2,mg/L,reported_gmt_minus_4_unconverted
2019-03-25,24,24,0,0.0,missing,False,False,False,False,,,,,,,,,,0,24,0,0,0,,,24,BTGOXD2,mg/L,reported_gmt_minus_4_unconverted
2019-03-26,24,24,0,0.0,missing,False,False,False,False,,,,,,,,,,0,24,0,0,0,,,24,BTGOXD2,mg/L,reported_gmt_minus_4_unconverted
2019-03-27,24,24,0,0.0,missing,False,False,False,False,,,,,,,,,,0,24,0,0,0,,,24,BTGOXD2,mg/L,reported_gmt_minus_4_unconverted
2019-03-28,24,24,0,0.0,missing,False,False,False,False,,,,,,,,,,0,24,0,0,0,,,24,BTGOXD2,mg/L,reported_gmt_minus_4_unconverted
2019-03-29,24,24,0,0.0,missing,False,False,False,False,,,,,,,,,,0,24,0,0,0,,,24,BTGOXD2,mg/L,reported_gmt_minus_4_unconverted
2019-03-30,24,24,0,0.0,missing,False,False,False,False,,,,,,,,,,0,24,0,0,0,,,24,BTGOXD2,mg/L,reported_gmt_minus_4_unconverted
2019-03-31,24,24,0,0.0,missing,False,False,False,False,,,,,,,,,,0,24,0,0,0,,,24,BTGOXD2,mg/L,reported_gmt_minus_4_unconverted
2019-04-01,24,24,0,0.0,missing,False,False,False,False,,,,,,,,,,0,24,0,0,0,,,24,BTGOXD2,mg/L,reported_gmt_minus_4_unconverted
2019-04-02,24,24,0,0.0,missing,False,False,False,False,,,,,,,,,,0,24,0,0,0,,,24,BTGOXD2,mg/L,reported_gmt_minus_4_unconverted
2019-04-03,24,24,0,0.0,missing,False,False,False,False,,,,,,,,,,0,24,0,0,0,,,24,BTGOXD2,mg/L,reported_gmt_minus_4_unconverted
2019-04-04,24,24,0,0.0,missing,False,False,False,False,,,,,,,,,,0,24,0,0,0,,,24,BTGOXD2,mg/L,reported_gmt_minus_4_unconverted
2019-04-05,24,24,0,0.0,missing,False,False,False,False,,,,,,,,,,0,24,0,0,0,,,24,BTGOXD2,mg/L,reported_gmt_minus_4_unconverted
2019-04-06,24,24,0,0.0,missing,False,False,False,False,,,,,,,,,,0,24,0,0,0,,,24,BTGOXD2,mg/L,reported_gmt_minus_4_unconverted
2019-04-07,24,24,0,0.0,missing,False,False,False,False,,,,,,,,,,0,24,0,0,0,,,24,BTGOXD2,mg/L,reported_gmt_minus_4_unconverted
2019-04-08,24,24,0,0.0,missing,False,False,False,False,,,,,,,,,,0,24,0,0,0,,,24,BTGOXD2,mg/L,reported_gmt_minus_4_unconverted
2019-04-09,24,24,0,0.0,missing,False,False,False,False,,,,,,,,,,0,24,0,0,0,,,24,BTGOXD2,mg/L,reported_gmt_minus_4_unconverted
2019-04-10,24,24,0,0.0,missing,False,False,False,False,,,,,,,,,,0,24,0,0,0,,,24,BTGOXD2,mg/L,reported_gmt_minus_4_unconverted
2019-04-11,24,24,0,0.0,missing,False,False,False,False,,,,,,,,,,0,24,0,0,0,,,24,BTGOXD2,mg/L,reported_gmt_minus_4_unconverted
2019-04-12,24,24,0,0.0,missing,False,False,False,False,,,,,,,,,,0,24,0,0,0,,,24,BTGOXD2,mg/L,reported_gmt_minus_4_unconverted
2019-04-13,24,24,0,0.0,missing,False,False,False,False,,,,,,,,,,0,24,0,0,0,,,24,BTGOXD2,mg/L,reported_gmt_minus_4_unconverted
2019-04-14,24,24,0,0.0,missing,False,False,False,False,,,,,,,,,,0,24,0,0,0,,,24,BTGOXD2,mg/L,reported_gmt_minus_4_unconverted
2019-04-15,24,24,0,0.0,missing,False,False,False,False,,,,,,,,,,0,24,0,0,0,,,24,BTGOXD2,mg/L,reported_gmt_minus_4_unconverted
2019-04-16,24,24,0,0.0,missing,False,False,False,False,,,,,,,,,,0,24,0,0,0,,,24,BTGOXD2,mg/L,reported_gmt_minus_4_unconverted
2019-04-17,24,24,0,0.0,missing,False,False,False,False,,,,,,,,,,0,24,0,0,0,,,24,BTGOXD2,mg/L,reported_gmt_minus_4_unconverted
2019-04-18,24,24,0,0.0,missing,False,False,False,False,,,,,,,,,,0,24,0,0,0,,,24,BTGOXD2,mg/L,reported_gmt_minus_4_unconverted
2019-04-19,24,24,0,0.0,missing,False,False,False,False,,,,,,,,,,0,24,0,0,0,,,24,BTGOXD2,mg/L,reported_gmt_minus_4_unconverted
2019-04-20,24,24,0,0.0,missing,False,False,False,False,,,,,,,,,,0,24,0,0,0,,,24,BTGOXD2,mg/L,reported_gmt_minus_4_unconverted
2019-04-21,24,24,0,0.0,missing,False,False,False,False,,,,,,,,,,0,24,0,0,0,,,24,BTGOXD2,mg/L,reported_gmt_minus_4_unconverted
2019-04-22,24,24,0,0.0,missing,False,False,False,False,,,,,,,,,,0,24,0,0,0,,,24,BTGOXD2,mg/L,reported_gmt_minus_4_unconverted
2019-04-23,24,24,0,0.0,missing,False,False,False,False,,,,,,,,,,0,24,0,0,0,,,24,BTGOXD2,mg/L,reported_gmt_minus_4_unconverted
2019-04-24,24,24,12,0.5,partial,True,False,False,False,6.914083333333334,6.726,1.0837896859323464,6.257,10.278,6.3484,6.3835,6.81025,6.9544,12,12,0,0,0,12.0,23.0,12,BTGOXD2,mg/L,reported_gmt_minus_4_unconverted
2019-04-25,24,24,24,1.0,high,True,True,True,True,6.4839166666666666,6.603,0.7438139035998224,5.311,7.433,5.363300000000001,5.9719999999999995,7.2090000000000005,7.3858,24,0,0,0,0,0.0,23.0,0,BTGOXD2,mg/L,reported_gmt_minus_4_unconverted
2019-04-26,24,24,24,1.0,high,True,True,True,True,6.477791666666666,6.556,0.7439638244575132,5.26,7.706,5.509799999999999,5.781499999999999,6.8815,7.4726,24,0,0,0,0,0.0,23.0,0,BTGOXD2,mg/L,reported_gmt_minus_4_unconverted
2019-04-27,24,24,24,1.0,high,True,True,True,True,6.605833333333334,6.502,0.6163657628577276,5.635,7.663,5.824599999999999,6.20525,7.044499999999999,7.4431,24,0,0,0,0,0.0,23.0,0,BTGOXD2,mg/L,reported_gmt_minus_4_unconverted
2019-04-28,24,24,24,1.0,high,True,True,True,True,6.785416666666667,6.7855,0.47486986012798393,5.584,7.316,6.173,6.54425,7.12275,7.2838,24,0,0,0,0,0.0,23.0,0,BTGOXD2,mg/L,reported_gmt_minus_4_unconverted
2019-04-29,24,24,1,0.041667,weak,False,False,False,False,7.385,7.385,,7.385,7.385,7.385,7.385,7.385,7.385,1,23,0,0,0,0.0,0.0,23,BTGOXD2,mg/L,reported_gmt_minus_4_unconverted
2019-04-30,24,24,0,0.0,missing,False,False,False,False,,,,,,,,,,0,24,0,0,0,,,24,BTGOXD2,mg/L,reported_gmt_minus_4_unconverted
2019-05-01,24,24,0,0.0,missing,False,False,False,False,,,,,,,,,,0,24,0,0,0,,,24,BTGOXD2,mg/L,reported_gmt_minus_4_unconverted
2019-05-02,24,24,0,0.0,missing,False,False,False,False,,,,,,,,,,0,24,0,0,0,,,24,BTGOXD2,mg/L,reported_gmt_minus_4_unconverted
2019-05-03,24,24,0,0.0,missing,False,False,False,False,,,,,,,,,,0,24,0,0,0,,,24,BTGOXD2,mg/L,reported_gmt_minus_4_unconverted
2019-05-04,24,24,0,0.0,missing,False,False,False,False,,,,,,,,,,0,24,0,0,0,,,24,BTGOXD2,mg/L,reported_gmt_minus_4_unconverted
2019-05-05,24,24,0,0.0,missing,False,False,False,False,,,,,,,,,,0,24,0,0,0,,,24,BTGOXD2,mg/L,reported_gmt_minus_4_unconverted
2019-05-06,24,24,0,0.0,missing,False,False,False,False,,,,,,,,,,0,24,0,0,0,,,24,BTGOXD2,mg/L,reported_gmt_minus_4_unconverted
2019-05-07,24,24,0,0.0,missing,False,False,False,False,,,,,,,,,,0,24,0,0,0,,,24,BTGOXD2,mg/L,reported_gmt_minus_4_unconverted
2019-05-08,24,24,24,1.0,high,True,True,True,True,5.953291666666668,5.9030000000000005,0.47557548472000394,5.129,6.973,5.368,5.54675,6.2315,6.5582,24,0,0,0,0,0.0,23.0,0,BTGOXD2,mg/L,reported_gmt_minus_4_unconverted
2019-05-09,24,24,24,1.0,high,True,True,True,True,5.041166666666666,5.2585,0.6267872301539479,3.763,5.828,4.2534,4.536,5.48,5.7466,24,0,0,0,0,0.0,23.0,0,BTGOXD2,mg/L,reported_gmt_minus_4_unconverted
2019-05-10,24,24,24,1.0,high,True,True,True,True,4.412916666666667,4.2765,0.7100369810740521,3.359,5.825,3.6891000000000003,3.8972499999999997,4.6375,5.6354,24,0,0,0,0,0.0,23.0,0,BTGOXD2,mg/L,reported_gmt_minus_4_unconverted
2019-05-11,24,24,24,1.0,high,True,True,True,True,4.504875,4.481999999999999,0.6949135268381302,3.282,5.933,3.7217000000000002,3.93825,4.995,5.3263,24,0,0,0,0,0.0,23.0,0,BTGOXD2,mg/L,reported_gmt_minus_4_unconverted
2019-05-12,24,24,24,1.0,high,True,True,True,True,4.383583333333333,4.4495000000000005,0.7381764792329498,3.368,5.494,3.3847,3.74625,4.89475,5.3972,24,0,0,0,0,0.0,23.0,0,BTGOXD2,mg/L,reported_gmt_minus_4_unconverted
2019-05-13,24,24,24,1.0,high,True,True,True,True,5.456041666666667,5.691000000000001,0.6678253142568936,4.149,6.159,4.4299,5.11125,5.9905,6.035699999999999,24,0,0,0,0,0.0,23.0,0,BTGOXD2,mg/L,reported_gmt_minus_4_unconverted
2019-05-14,24,24,1,0.041667,weak,False,False,False,False,5.462,5.462,,5.462,5.462,5.462,5.462,5.462,5.462,1,23,0,0,0,0.0,0.0,23,BTGOXD2,mg/L,reported_gmt_minus_4_unconverted
2019-05-15,24,24,24,1.0,high,True,True,True,True,6.114,6.2005,0.45562522738110867,4.875,6.577,5.5665,6.04,6.468249999999999,6.516100000000001,24,0,0,0,0,0.0,23.0,0,BTGOXD2,mg/L,reported_gmt_minus_4_unconverted
2019-05-16,24,24,24,1.0,high,True,True,True,True,6.3401250000000005,6.584,0.5950037129953567,4.842,6.945,5.411,6.15175,6.73975,6.8637999999999995,24,0,0,0,0,0.0,23.0,0,BTGOXD2,mg/L,reported_gmt_minus_4_unconverted
2019-05-17,24,24,24,1.0,high,True,True,True,True,6.66225,6.677,0.5203768074569911,5.483,7.6,5.9892,6.417249999999999,7.0435,7.2749999999999995,24,0,0,0,0,0.0,23.0,0,BTGOXD2,mg/L,reported_gmt_minus_4_unconverted
2019-05-18,24,24,24,1.0,high,True,True,True,True,6.332000000000001,6.3309999999999995,0.8215092685179332,4.46,7.992,5.4112,5.7532499999999995,7.02275,7.1593,24,0,0,0,0,0.0,23.0,0,BTGOXD2,mg/L,reported_gmt_minus_4_unconverted
2019-05-19,24,24,24,1.0,high,True,True,True,True,5.901958333333333,6.067,1.2791521131684023,3.38,8.465,3.8787000000000003,5.3305,6.9355,7.1948,24,0,0,0,0,0.0,23.0,0,BTGOXD2,mg/L,reported_gmt_minus_4_unconverted
2019-05-20,24,24,24,1.0,high,True,True,True,True,6.174541666666667,6.084,0.9610866575943073,4.348,7.9,5.3586,5.4342500000000005,6.864000000000001,7.5254,24,0,0,0,0,0.0,23.0,0,BTGOXD2,mg/L,reported_gmt_minus_4_unconverted
2019-05-21,24,24,24,1.0,high,True,True,True,True,4.957791666666666,5.1185,1.5164883055259943,1.72,7.259,3.4307000000000003,3.957,6.23125,6.7216,24,0,0,0,0,0.0,23.0,0,BTGOXD2,mg/L,reported_gmt_minus_4_unconverted
2019-05-22,24,24,24,1.0,high,True,True,True,True,4.4779583333333335,5.1185,1.429282990787207,1.808,6.156,2.2575000000000003,3.2005,5.32325,6.1321,24,0,0,0,0,0.0,23.0,0,BTGOXD2,mg/L,reported_gmt_minus_4_unconverted
2019-05-23,24,24,24,1.0,high,True,True,True,True,5.251124999999999,5.6715,0.976557409986735,2.909,6.418,3.58,4.96125,5.8092500000000005,6.001,24,0,0,0,0,0.0,23.0,0,BTGOXD2,mg/L,reported_gmt_minus_4_unconverted
2019-05-24,24,24,24,1.0,high,True,True,True,True,5.124666666666666,5.3265,0.710008001587898,3.491,6.145,4.1105,4.6375,5.6045,5.9517,24,0,0,0,0,0.0,23.0,0,BTGOXD2,mg/L,reported_gmt_minus_4_unconverted
2019-05-25,24,24,24,1.0,high,True,True,True,True,5.047041666666666,5.0625,0.4826515062125834,4.266,5.586,4.3408999999999995,4.69525,5.535,5.5737,24,0,0,0,0,0.0,23.0,0,BTGOXD2,mg/L,reported_gmt_minus_4_unconverted
2019-05-26,24,24,24,1.0,high,True,True,True,True,5.64725,5.612500000000001,0.11467164844250619,5.45,5.847,5.551,5.56975,5.769,5.814,24,0,0,0,0,0.0,23.0,0,BTGOXD2,mg/L,reported_gmt_minus_4_unconverted
2019-05-27,24,24,24,1.0,high,True,True,True,True,5.7171666666666665,5.784000000000001,0.376877637467638,4.889,6.146,5.1677,5.60475,6.0497499999999995,6.1059,24,0,0,0,0,0.0,23.0,0,BTGOXD2,mg/L,reported_gmt_minus_4_unconverted
2019-05-28,24,24,24,1.0,high,True,True,True,True,5.659416666666666,5.787,0.5542632333865002,4.592,6.526,4.8137,5.31025,5.9425,6.308999999999999,24,0,0,0,0,0.0,23.0,0,BTGOXD2,mg/L,reported_gmt_minus_4_unconverted
2019-05-29,24,24,24,1.0,high,True,True,True,True,5.581958333333333,5.994,0.78204667264071,3.661,6.439,4.4081,5.142,6.17325,6.2419,24,0,0,0,0,0.0,23.0,0,BTGOXD2,mg/L,reported_gmt_minus_4_unconverted
2019-05-30,24,24,24,1.0,high,True,True,True,True,6.433458333333333,6.67,0.6519297094123666,4.678,7.144,5.5484,6.3155,6.86525,6.929,24,0,0,0,0,0.0,23.0,0,BTGOXD2,mg/L,reported_gmt_minus_4_unconverted
2019-05-31,24,24,24,1.0,high,True,True,True,True,7.04925,7.007,0.25696459746009,6.663,7.616,6.8122,6.8635,7.1572499999999994,7.442,24,0,0,0,0,0.0,23.0,0,BTGOXD2,mg/L,reported_gmt_minus_4_unconverted
2019-06-01,24,24,24,1.0,high,True,True,True,True,6.845791666666667,7.0535,0.6470901408322637,5.361,7.565,6.0006,6.3885,7.3445,7.5436,24,0,0,0,0,0.0,23.0,0,BTGOXD2,mg/L,reported_gmt_minus_4_unconverted
2019-06-02,24,24,24,1.0,high,True,True,True,True,6.783791666666666,6.9094999999999995,0.7361041974426947,5.145,7.676,5.5885,6.44625,7.38325,7.5600000000000005,24,0,0,0,0,0.0,23.0,0,BTGOXD2,mg/L,reported_gmt_minus_4_unconverted
2019-06-03,24,24,24,1.0,high,True,True,True,True,6.958708333333334,7.2875,0.8174933308685111,4.885,7.633,5.7153,6.86725,7.5447500000000005,7.5632,24,0,0,0,0,0.0,23.0,0,BTGOXD2,mg/L,reported_gmt_minus_4_unconverted
2019-06-04,24,24,24,1.0,high,True,True,True,True,7.272125,7.399,0.40402435489438754,6.195,7.822,6.8018,6.943,7.50875,7.7251,24,0,0,0,0,0.0,23.0,0,BTGOXD2,mg/L,reported_gmt_minus_4_unconverted
2019-06-05,24,24,24,1.0,high,True,True,True,True,7.251625,7.586,0.6203482060416797,5.581,7.79,6.4838000000000005,6.717499999999999,7.7467500000000005,7.779,24,0,0,0,0,0.0,23.0,0,BTGOXD2,mg/L,reported_gmt_minus_4_unconverted
2019-06-06,24,24,24,1.0,high,True,True,True,True,7.111083333333333,7.3695,0.755648751889318,5.548,7.827,6.1598,6.31225,7.73725,7.813,24,0,0,0,0,0.0,23.0,0,BTGOXD2,mg/L,reported_gmt_minus_4_unconverted
2019-06-07,24,24,24,1.0,high,True,True,True,True,6.59625,6.709,0.5976518726395537,5.286,7.435,5.5964,6.371,6.8045,7.3283,24,0,0,0,0,0.0,23.0,0,BTGOXD2,mg/L,reported_gmt_minus_4_unconverted
2019-06-08,24,24,24,1.0,high,True,True,True,True,6.167999999999999,6.484999999999999,0.6465591199976796,4.487,6.767,5.2426,5.844250000000001,6.685,6.7092,24,0,0,0,0,0.0,23.0,0,BTGOXD2,mg/L,reported_gmt_minus_4_unconverted
2019-06-09,24,24,24,1.0,high,True,True,True,True,5.763791666666667,6.144,0.7235212192535511,4.381,6.471,4.6037,5.323499999999999,6.34725,6.4307,24,0,0,0,0,0.0,23.0,0,BTGOXD2,mg/L,reported_gmt_minus_4_unconverted
2019-06-10,24,24,24,1.0,high,True,True,True,True,6.173875,6.1625,0.3913921987736464,5.415,6.729,5.599,5.929250000000001,6.475,6.6589,24,0,0,0,0,0.0,23.0,0,BTGOXD2,mg/L,reported_gmt_minus_4_unconverted
2019-06-11,24,24,24,1.0,high,True,True,True,True,6.689708333333333,6.7125,0.40140302626257507,5.7,7.156,6.262700000000001,6.4742500000000005,7.030749999999999,7.1136,24,0,0,0,0,0.0,23.0,0,BTGOXD2,mg/L,reported_gmt_minus_4_unconverted
2019-06-12,24,24,24,1.0,high,True,True,True,True,6.857333333333333,6.861000000000001,0.07453080289189255,6.598,7.007,6.8075,6.8325,6.89325,6.9265,24,0,0,0,0,0.0,23.0,0,BTGOXD2,mg/L,reported_gmt_minus_4_unconverted
2019-06-13,24,24,24,1.0,high,True,True,True,True,6.701791666666666,6.777,0.36307179541130485,5.359,7.096,6.4063,6.60375,6.952500000000001,7.0074000000000005,24,0,0,0,0,0.0,23.0,0,BTGOXD2,mg/L,reported_gmt_minus_4_unconverted
2019-06-14,24,24,24,1.0,high,True,True,True,True,6.174708333333332,6.4445,0.5611618753642472,4.91,7.033,5.4921999999999995,5.71,6.581250000000001,6.6414,24,0,0,0,0,0.0,23.0,0,BTGOXD2,mg/L,reported_gmt_minus_4_unconverted
2019-06-15,24,24,24,1.0,high,True,True,True,True,6.089958333333333,6.2575,0.5468174704730022,4.763,6.812,5.3955,5.70725,6.44825,6.661899999999999,24,0,0,0,0,0.0,23.0,0,BTGOXD2,mg/L,reported_gmt_minus_4_unconverted
2019-06-16,24,24,24,1.0,high,True,True,True,True,6.491125,6.484999999999999,0.1774050419606034,6.119,6.747,6.2195,6.42075,6.65825,6.7155,24,0,0,0,0,0.0,23.0,0,BTGOXD2,mg/L,reported_gmt_minus_4_unconverted
2019-06-17,24,24,24,1.0,high,True,True,True,True,6.327625,6.3985,0.2223125126052728,5.845,6.634,6.0584,6.12825,6.518000000000001,6.552,24,0,0,0,0,0.0,23.0,0,BTGOXD2,mg/L,reported_gmt_minus_4_unconverted
2019-06-18,24,24,24,1.0,high,True,True,True,True,6.400625000000001,6.422,0.13511888887359452,6.199,6.619,6.2167,6.29325,6.49575,6.587400000000001,24,0,0,0,0,0.0,23.0,0,BTGOXD2,mg/L,reported_gmt_minus_4_unconverted
2019-06-19,24,24,24,1.0,high,True,True,True,True,6.596583333333332,6.5905000000000005,0.12351444790217743,6.407,6.818,6.453399999999999,6.493,6.6659999999999995,6.7879,24,0,0,0,0,0.0,23.0,0,BTGOXD2,mg/L,reported_gmt_minus_4_unconverted
2019-06-20,24,24,24,1.0,high,True,True,True,True,6.933708333333333,7.027,0.23192642745841452,6.373,7.119,6.543699999999999,6.93,7.0947499999999994,7.1031,24,0,0,0,0,0.0,23.0,0,BTGOXD2,mg/L,reported_gmt_minus_4_unconverted
2019-06-21,24,24,24,1.0,high,True,True,True,True,7.108041666666668,7.0905000000000005,0.057026675044812715,6.969,7.205,7.0569,7.0735,7.1419999999999995,7.1944,24,0,0,0,0,0.0,23.0,0,BTGOXD2,mg/L,reported_gmt_minus_4_unconverted
2019-06-22,24,24,24,1.0,high,True,True,True,True,6.886333333333333,6.9415,0.18901453053567907,6.44,7.122,6.583,6.8382499999999995,7.021,7.0484,24,0,0,0,0,0.0,23.0,0,BTGOXD2,mg/L,reported_gmt_minus_4_unconverted
2019-06-23,24,24,24,1.0,high,True,True,True,True,6.957958333333334,7.016,0.20579484912780546,6.404,7.202,6.652900000000001,6.90075,7.066,7.1779,24,0,0,0,0,0.0,23.0,0,BTGOXD2,mg/L,reported_gmt_minus_4_unconverted
2019-06-24,24,24,24,1.0,high,True,True,True,True,7.1427499999999995,7.1815,0.11778434604782176,6.86,7.279,7.001,7.0715,7.233499999999999,7.2524999999999995,24,0,0,0,0,0.0,23.0,0,BTGOXD2,mg/L,reported_gmt_minus_4_unconverted
2019-06-25,24,24,24,1.0,high,True,True,True,True,6.803999999999999,6.758,0.2970110523488837,6.058,7.214,6.5052,6.66725,7.05825,7.1678,24,0,0,0,0,0.0,23.0,0,BTGOXD2,mg/L,reported_gmt_minus_4_unconverted
2019-06-26,24,24,24,1.0,high,True,True,True,True,6.324000000000001,6.477,0.5614728302691367,5.0,7.2,5.4527,6.1725,6.54,6.9719999999999995,24,0,0,0,0,0.0,23.0,0,BTGOXD2,mg/L,reported_gmt_minus_4_unconverted
2019-06-27,24,24,24,1.0,high,True,True,True,True,6.037458333333333,6.46,0.6954674986415015,4.356,6.633,5.0376,5.6025,6.55825,6.6017,24,0,0,0,0,0.0,23.0,0,BTGOXD2,mg/L,reported_gmt_minus_4_unconverted
2019-06-28,24,24,24,1.0,high,True,True,True,True,6.642916666666667,6.5809999999999995,0.2888736622705906,5.966,7.079,6.3499,6.4775,6.9265,7.0066999999999995,24,0,0,0,0,0.0,23.0,0,BTGOXD2,mg/L,reported_gmt_minus_4_unconverted
2019-06-29,24,24,24,1.0,high,True,True,True,True,7.058625,7.05,0.05413494611897532,6.986,7.23,7.0113,7.018,7.0835,7.1189,24,0,0,0,0,0.0,23.0,0,BTGOXD2,mg/L,reported_gmt_minus_4_unconverted
2019-06-30,24,24,24,1.0,high,True,True,True,True,6.774583333333332,6.96,0.7395778417840618,4.181,7.736,6.3843,6.819,7.039,7.2427,24,0,0,0,0,0.0,23.0,0,BTGOXD2,mg/L,reported_gmt_minus_4_unconverted
2019-07-01,24,24,24,1.0,high,True,True,True,True,6.665166666666667,6.8715,0.5024566316277124,5.291,7.227,5.9225,6.4285,6.98875,7.1105,24,0,0,0,0,0.0,23.0,0,BTGOXD2,mg/L,reported_gmt_minus_4_unconverted
2019-07-02,24,24,24,1.0,high,True,True,True,True,6.049875,6.349,0.9217462780434519,4.191,6.955,4.329,5.8854999999999995,6.796,6.8493,24,0,0,0,0,0.0,23.0,0,BTGOXD2,mg/L,reported_gmt_minus_4_unconverted
2019-07-03,24,24,24,1.0,high,True,True,True,True,5.954875000000001,6.1625,0.6245241884479109,4.039,6.612,4.967300000000001,5.954750000000001,6.327500000000001,6.3626000000000005,24,0,0,0,0,0.0,23.0,0,BTGOXD2,mg/L,reported_gmt_minus_4_unconverted
2019-07-04,24,24,24,1.0,high,True,True,True,True,6.31375,6.3365,0.23482227321955637,5.82,6.645,6.0113,6.15275,6.5295000000000005,6.5754,24,0,0,0,0,0.0,23.0,0,BTGOXD2,mg/L,reported_gmt_minus_4_unconverted
2019-07-05,24,24,24,1.0,high,True,True,True,True,6.121333333333333,6.2364999999999995,0.5669661186615518,4.471,6.656,5.4118,5.97325,6.55825,6.6308,24,0,0,0,0,0.0,23.0,0,BTGOXD2,mg/L,reported_gmt_minus_4_unconverted
2019-07-06,24,24,24,1.0,high,True,True,True,True,6.56775,6.5395,0.07516546963923632,6.487,6.734,6.5,6.50625,6.61975,6.684699999999999,24,0,0,0,0,0.0,23.0,0,BTGOXD2,mg/L,reported_gmt_minus_4_unconverted
2019-07-07,24,24,24,1.0,high,True,True,True,True,6.367583333333333,6.4505,0.36047286778036025,5.043,6.771,6.1876,6.3347500000000005,6.52825,6.5961,24,0,0,0,0,0.0,23.0,0,BTGOXD2,mg/L,reported_gmt_minus_4_unconverted
2019-07-08,24,24,24,1.0,high,True,True,True,True,6.373541666666667,6.4384999999999994,0.39240639749767264,5.528,6.846,5.968500000000001,6.0905000000000005,6.7387500000000005,6.818099999999999,24,0,0,0,0,0.0,23.0,0,BTGOXD2,mg/L,reported_gmt_minus_4_unconverted
2019-07-09,24,24,24,1.0,high,True,True,True,True,6.025416666666666,6.2010000000000005,0.4614144526360756,4.9,6.552,5.4708,5.7615,6.37425,6.4116,24,0,0,0,0,0.0,23.0,0,BTGOXD2,mg/L,reported_gmt_minus_4_unconverted
2019-07-10,24,24,24,1.0,high,True,True,True,True,5.831666666666667,5.896,0.20939865592082788,5.125,6.142,5.603800000000001,5.811,5.93525,5.9467,24,0,0,0,0,0.0,23.0,0,BTGOXD2,mg/L,reported_gmt_minus_4_unconverted
2019-07-11,24,24,24,1.0,high,True,True,True,True,5.91675,5.9155,0.13310350663397594,5.6,6.197,5.8121,5.864,6.0085,6.047899999999999,24,0,0,0,0,0.0,23.0,0,BTGOXD2,mg/L,reported_gmt_minus_4_unconverted
2019-07-12,24,24,24,1.0,high,True,True,True,True,5.635833333333334,5.84,0.5416082867090238,4.275,6.191,4.9314,5.32475,6.0055000000000005,6.1612,24,0,0,0,0,0.0,23.0,0,BTGOXD2,mg/L,reported_gmt_minus_4_unconverted
2019-07-13,24,24,24,1.0,high,True,True,True,True,5.157208333333334,5.2295,0.39564037020535686,4.3,5.664,4.610200000000001,4.89025,5.4357500000000005,5.6216,24,0,0,0,0,0.0,23.0,0,BTGOXD2,mg/L,reported_gmt_minus_4_unconverted
2019-07-14,24,24,24,1.0,high,True,True,True,True,5.298541666666666,5.4005,0.6373149504087384,3.723,6.003,4.1530000000000005,5.27325,5.7065,5.8956,24,0,0,0,0,0.0,23.0,0,BTGOXD2,mg/L,reported_gmt_minus_4_unconverted
2019-07-15,24,24,24,1.0,high,True,True,True,True,5.459625,5.516500000000001,0.36917520437014606,4.251,5.85,5.007,5.34875,5.71375,5.8203000000000005,24,0,0,0,0,0.0,23.0,0,BTGOXD2,mg/L,reported_gmt_minus_4_unconverted
2019-07-16,24,24,24,1.0,high,True,True,True,True,5.900458333333334,5.8575,0.27002125184747106,5.215,6.284,5.6079,5.7835,6.1995000000000005,6.2254,24,0,0,0,0,0.0,23.0,0,BTGOXD2,mg/L,reported_gmt_minus_4_unconverted
2019-07-17,24,24,24,1.0,high,True,True,True,True,6.005541666666667,5.9945,0.1575803395281185,5.676,6.333,5.8548,5.943,6.138,6.1705,24,0,0,0,0,0.0,23.0,0,BTGOXD2,mg/L,reported_gmt_minus_4_unconverted
2019-07-18,24,24,24,1.0,high,True,True,True,True,6.306291666666667,6.286,0.14738163391173528,6.058,6.537,6.1197,6.2002500000000005,6.431,6.4874,24,0,0,0,0,0.0,23.0,0,BTGOXD2,mg/L,reported_gmt_minus_4_unconverted
2019-07-19,24,24,24,1.0,high,True,True,True,True,6.397541666666666,6.385,0.06462667316254157,6.325,6.548,6.3362,6.346500000000001,6.42225,6.4966,24,0,0,0,0,0.0,23.0,0,BTGOXD2,mg/L,reported_gmt_minus_4_unconverted
2019-07-20,24,24,24,1.0,high,True,True,True,True,6.503958333333333,6.5055,0.07312673880008749,6.322,6.619,6.4222,6.45575,6.5465,6.606,24,0,0,0,0,0.0,23.0,0,BTGOXD2,mg/L,reported_gmt_minus_4_unconverted
2019-07-21,24,24,24,1.0,high,True,True,True,True,6.6315833333333325,6.615,0.11251470113284973,6.454,6.876,6.5008,6.569500000000001,6.69125,6.7878,24,0,0,0,0,0.0,23.0,0,BTGOXD2,mg/L,reported_gmt_minus_4_unconverted
2019-07-22,24,24,24,1.0,high,True,True,True,True,6.14975,6.337,0.49349615654201306,4.683,6.648,5.5117,5.839,6.4525,6.5898,24,0,0,0,0,0.0,23.0,0,BTGOXD2,mg/L,reported_gmt_minus_4_unconverted
2019-07-23,24,24,24,1.0,high,True,True,True,True,5.096208333333333,5.721,1.1590952985979557,2.809,6.023,2.9647,4.74875,5.86275,5.9357,24,0,0,0,0,0.0,23.0,0,BTGOXD2,mg/L,reported_gmt_minus_4_unconverted
2019-07-24,24,24,24,1.0,high,True,True,True,True,5.226041666666666,5.560499999999999,0.7227541213493952,3.352,6.001,4.3501,4.81125,5.6745,5.853000000000001,24,0,0,0,0,0.0,23.0,0,BTGOXD2,mg/L,reported_gmt_minus_4_unconverted
2019-07-25,24,24,24,1.0,high,True,True,True,True,5.060250000000001,5.378,0.8302779131372087,3.114,5.783,3.5768000000000004,4.8535,5.6080000000000005,5.7373,24,0,0,0,0,0.0,23.0,0,BTGOXD2,mg/L,reported_gmt_minus_4_unconverted
2019-07-26,24,24,24,1.0,high,True,True,True,True,4.717083333333334,4.904999999999999,0.39352961511303636,3.885,5.346,4.0064,4.566,4.957000000000001,4.9855,24,0,0,0,0,0.0,23.0,0,BTGOXD2,mg/L,reported_gmt_minus_4_unconverted
2019-07-27,24,24,24,1.0,high,True,True,True,True,5.129458333333333,5.192500000000001,0.32996073273183213,4.197,5.587,4.7267,5.073499999999999,5.30375,5.4722,24,0,0,0,0,0.0,23.0,0,BTGOXD2,mg/L,reported_gmt_minus_4_unconverted
2019-07-28,24,24,24,1.0,high,True,True,True,True,5.469083333333334,5.555,0.2801352028647202,4.827,5.817,5.0253000000000005,5.3915,5.634,5.7836,24,0,0,0,0,0.0,23.0,0,BTGOXD2,mg/L,reported_gmt_minus_4_unconverted
2019-07-29,24,24,24,1.0,high,True,True,True,True,5.90925,5.9559999999999995,0.4764779524074905,5.164,6.678,5.2764,5.53,6.202,6.5993,24,0,0,0,0,0.0,23.0,0,BTGOXD2,mg/L,reported_gmt_minus_4_unconverted
2019-07-30,24,24,24,1.0,high,True,True,True,True,6.454125,6.521,0.39650914924473385,5.723,6.957,5.9381,6.0920000000000005,6.797499999999999,6.8966,24,0,0,0,0,0.0,23.0,0,BTGOXD2,mg/L,reported_gmt_minus_4_unconverted
2019-07-31,24,24,24,1.0,high,True,True,True,True,6.895125,6.983,0.4588448930407368,5.973,7.509,6.2396,6.607,7.29,7.396,24,0,0,0,0,0.0,23.0,0,BTGOXD2,mg/L,reported_gmt_minus_4_unconverted
2019-08-01,24,24,24,1.0,high,True,True,True,True,5.2861666666666665,5.3,0.7858029217838642,3.285,6.528,4.3697,4.9805,5.84825,6.1375,24,0,0,0,0,0.0,23.0,0,BTGOXD2,mg/L,reported_gmt_minus_4_unconverted
2019-08-02,24,24,24,1.0,high,True,True,True,True,5.064416666666666,5.14,0.5724483585341177,3.768,5.861,4.2772,4.83275,5.52175,5.6749,24,0,0,0,0,0.0,23.0,0,BTGOXD2,mg/L,reported_gmt_minus_4_unconverted
2019-08-03,24,24,24,1.0,high,True,True,True,True,5.328125,5.4125,0.3332427385946871,4.754,5.841,4.8286,5.1615,5.5625,5.6652,24,0,0,0,0,0.0,23.0,0,BTGOXD2,mg/L,reported_gmt_minus_4_unconverted
2019-08-04,24,24,24,1.0,high,True,True,True,True,5.644708333333334,5.769,0.3034473636995911,4.849,5.969,5.1921,5.4845,5.8415,5.9188,24,0,0,0,0,0.0,23.0,0,BTGOXD2,mg/L,reported_gmt_minus_4_unconverted
2019-08-05,24,24,24,1.0,high,True,True,True,True,5.512833333333333,5.5325,0.22423796883370725,5.135,5.909,5.2307999999999995,5.343,5.682,5.8026,24,0,0,0,0,0.0,23.0,0,BTGOXD2,mg/L,reported_gmt_minus_4_unconverted
2019-08-06,24,24,24,1.0,high,True,True,True,True,5.695333333333333,5.8135,0.42145943810883446,4.901,6.629,5.0607,5.44075,5.8709999999999996,6.0586,24,0,0,0,0,0.0,23.0,0,BTGOXD2,mg/L,reported_gmt_minus_4_unconverted
2019-08-07,24,24,24,1.0,high,True,True,True,True,6.124208333333333,6.2805,0.6174159319057247,5.127,7.022,5.3281,5.5325,6.56475,6.9063,24,0,0,0,0,0.0,23.0,0,BTGOXD2,mg/L,reported_gmt_minus_4_unconverted
2019-08-08,24,24,24,1.0,high,True,True,True,True,5.2627500000000005,5.2865,0.4395947986003948,4.581,6.082,4.6373999999999995,4.964499999999999,5.592499999999999,5.7758,24,0,0,0,0,0.0,23.0,0,BTGOXD2,mg/L,reported_gmt_minus_4_unconverted
2019-08-09,24,24,24,1.0,high,True,True,True,True,4.074083333333333,4.4415,1.228031047499691,1.812,5.602,2.4831000000000003,2.897,5.18675,5.43,24,0,0,0,0,0.0,23.0,0,BTGOXD2,mg/L,reported_gmt_minus_4_unconverted
2019-08-10,24,24,24,1.0,high,True,True,True,True,4.145583333333334,4.5605,1.0227859615718264,1.726,5.12,2.2282,4.067,4.7295,4.9972,24,0,0,0,0,0.0,23.0,0,BTGOXD2,mg/L,reported_gmt_minus_4_unconverted
2019-08-11,24,24,24,1.0,high,True,True,True,True,4.544708333333333,4.494999999999999,1.126629234917599,2.622,6.238,3.055,3.714,5.40975,5.963,24,0,0,0,0,0.0,23.0,0,BTGOXD2,mg/L,reported_gmt_minus_4_unconverted
2019-08-12,24,24,24,1.0,high,True,True,True,True,4.713125000000001,4.9254999999999995,1.444875481696847,2.342,6.515,2.3932,3.52875,5.933,6.2917000000000005,24,0,0,0,0,0.0,23.0,0,BTGOXD2,mg/L,reported_gmt_minus_4_unconverted
2019-08-13,24,24,24,1.0,high,True,True,True,True,5.421291666666666,6.178,1.9336396067062727,1.26,7.829,2.1263,4.646,6.671749999999999,7.0116,24,0,0,0,0,0.0,23.0,0,BTGOXD2,mg/L,reported_gmt_minus_4_unconverted
2019-08-14,24,24,24,1.0,high,True,True,True,True,6.999708333333333,7.196,0.7206187847752892,4.362,7.587,6.4327,6.8825,7.47175,7.5343,24,0,0,0,0,0.0,23.0,0,BTGOXD2,mg/L,reported_gmt_minus_4_unconverted
2019-08-15,24,24,24,1.0,high,True,True,True,True,6.7253333333333325,6.787,0.681440779695407,5.617,7.992,5.9654,6.12125,7.34975,7.6299,24,0,0,0,0,0.0,23.0,0,BTGOXD2,mg/L,reported_gmt_minus_4_unconverted
2019-08-16,24,24,24,1.0,high,True,True,True,True,5.117708333333333,5.1370000000000005,0.19489517342199209,4.589,5.396,4.9018,5.0275,5.256,5.3462,24,0,0,0,0,0.0,23.0,0,BTGOXD2,mg/L,reported_gmt_minus_4_unconverted
2019-08-17,24,24,24,1.0,high,True,True,True,True,5.330958333333333,5.2855,0.8583391687574256,3.779,6.612,4.3143,4.7132499999999995,6.141500000000001,6.3487,24,0,0,0,0,0.0,23.0,0,BTGOXD2,mg/L,reported_gmt_minus_4_unconverted
2019-08-18,24,24,24,1.0,high,True,True,True,True,5.326041666666667,5.182,1.0610235615613848,3.484,7.11,4.2699,4.35075,6.3325,6.7633,24,0,0,0,0,0.0,23.0,0,BTGOXD2,mg/L,reported_gmt_minus_4_unconverted
2019-08-19,24,24,24,1.0,high,True,True,True,True,5.332291666666666,5.6080000000000005,1.0957978819966783,3.325,6.925,3.6414999999999997,4.704,6.127750000000001,6.5188,24,0,0,0,0,0.0,23.0,0,BTGOXD2,mg/L,reported_gmt_minus_4_unconverted
2019-08-20,24,24,24,1.0,high,True,True,True,True,6.057375,6.104,0.4785764045583526,5.032,6.747,5.306,5.84775,6.41825,6.5817,24,0,0,0,0,0.0,23.0,0,BTGOXD2,mg/L,reported_gmt_minus_4_unconverted
2019-08-21,24,24,24,1.0,high,True,True,True,True,6.979958333333333,6.958,0.3170966769555176,6.408,7.405,6.5328,6.77925,7.276,7.3834,24,0,0,0,0,0.0,23.0,0,BTGOXD2,mg/L,reported_gmt_minus_4_unconverted
2019-08-22,24,24,24,1.0,high,True,True,True,True,7.268000000000001,7.2905,0.2132659087291894,6.761,7.543,6.9922,7.08675,7.468249999999999,7.521100000000001,24,0,0,0,0,0.0,23.0,0,BTGOXD2,mg/L,reported_gmt_minus_4_unconverted
2019-08-23,24,24,24,1.0,high,True,True,True,True,7.461625000000001,7.4885,0.09938760857939209,7.129,7.605,7.3377,7.43575,7.518,7.5426,24,0,0,0,0,0.0,23.0,0,BTGOXD2,mg/L,reported_gmt_minus_4_unconverted
2019-08-24,24,24,8,0.333333,weak,False,False,False,False,7.3055,7.385999999999999,0.2076322298130587,6.936,7.479,7.0186,7.2175,7.46175,7.4748,8,16,0,0,0,0.0,7.0,16,BTGOXD2,mg/L,reported_gmt_minus_4_unconverted
2019-08-25,24,24,0,0.0,missing,False,False,False,False,,,,,,,,,,0,24,0,0,0,,,24,BTGOXD2,mg/L,reported_gmt_minus_4_unconverted
2019-08-26,24,24,0,0.0,missing,False,False,False,False,,,,,,,,,,0,24,0,0,0,,,24,BTGOXD2,mg/L,reported_gmt_minus_4_unconverted
2019-08-27,24,24,1,0.041667,weak,False,False,False,False,1.429,1.429,,1.429,1.429,1.429,1.429,1.429,1.429,1,23,0,0,0,19.0,19.0,19,BTGOXD2,mg/L,reported_gmt_minus_4_unconverted
2019-08-28,24,24,0,0.0,missing,False,False,False,False,,,,,,,,,,0,24,0,0,0,,,24,BTGOXD2,mg/L,reported_gmt_minus_4_unconverted
2019-08-29,24,24,0,0.0,missing,False,False,False,False,,,,,,,,,,0,24,0,0,0,,,24,BTGOXD2,mg/L,reported_gmt_minus_4_unconverted
2019-08-30,24,24,0,0.0,missing,False,False,False,False,,,,,,,,,,0,24,0,0,0,,,24,BTGOXD2,mg/L,reported_gmt_minus_4_unconverted
2019-08-31,24,24,0,0.0,missing,False,False,False,False,,,,,,,,,,0,24,0,0,0,,,24,BTGOXD2,mg/L,reported_gmt_minus_4_unconverted
2019-09-01,24,24,0,0.0,missing,False,False,False,False,,,,,,,,,,0,24,0,0,0,,,24,BTGOXD2,mg/L,reported_gmt_minus_4_unconverted
2019-09-02,24,24,0,0.0,missing,False,False,False,False,,,,,,,,,,0,24,0,0,0,,,24,BTGOXD2,mg/L,reported_gmt_minus_4_unconverted
2019-09-03,24,24,0,0.0,missing,False,False,False,False,,,,,,,,,,0,24,0,0,0,,,24,BTGOXD2,mg/L,reported_gmt_minus_4_unconverted
2019-09-04,24,24,0,0.0,missing,False,False,False,False,,,,,,,,,,0,24,0,0,0,,,24,BTGOXD2,mg/L,reported_gmt_minus_4_unconverted
2019-09-05,24,24,0,0.0,missing,False,False,False,False,,,,,,,,,,0,24,0,0,0,,,24,BTGOXD2,mg/L,reported_gmt_minus_4_unconverted
2019-09-06,24,24,0,0.0,missing,False,False,False,False,,,,,,,,,,0,24,0,0,0,,,24,BTGOXD2,mg/L,reported_gmt_minus_4_unconverted
2019-09-07,24,24,0,0.0,missing,False,False,False,False,,,,,,,,,,0,24,0,0,0,,,24,BTGOXD2,mg/L,reported_gmt_minus_4_unconverted
2019-09-08,24,24,0,0.0,missing,False,False,False,False,,,,,,,,,,0,24,0,0,0,,,24,BTGOXD2,mg/L,reported_gmt_minus_4_unconverted
2019-09-09,24,24,0,0.0,missing,False,False,False,False,,,,,,,,,,0,24,0,0,0,,,24,BTGOXD2,mg/L,reported_gmt_minus_4_unconverted
2019-09-10,24,24,0,0.0,missing,False,False,False,False,,,,,,,,,,0,24,0,0,0,,,24,BTGOXD2,mg/L,reported_gmt_minus_4_unconverted
2019-09-11,24,24,0,0.0,missing,False,False,False,False,,,,,,,,,,0,24,0,0,0,,,24,BTGOXD2,mg/L,reported_gmt_minus_4_unconverted
2019-09-12,24,24,0,0.0,missing,False,False,False,False,,,,,,,,,,0,24,0,0,0,,,24,BTGOXD2,mg/L,reported_gmt_minus_4_unconverted
2019-09-13,24,24,0,0.0,missing,False,False,False,False,,,,,,,,,,0,24,0,0,0,,,24,BTGOXD2,mg/L,reported_gmt_minus_4_unconverted
2019-09-14,24,24,0,0.0,missing,False,False,False,False,,,,,,,,,,0,24,0,0,0,,,24,BTGOXD2,mg/L,reported_gmt_minus_4_unconverted
2019-09-15,24,24,0,0.0,missing,False,False,False,False,,,,,,,,,,0,24,0,0,0,,,24,BTGOXD2,mg/L,reported_gmt_minus_4_unconverted
2019-09-16,24,24,0,0.0,missing,False,False,False,False,,,,,,,,,,0,24,0,0,0,,,24,BTGOXD2,mg/L,reported_gmt_minus_4_unconverted
2019-09-17,24,24,0,0.0,missing,False,False,False,False,,,,,,,,,,0,24,0,0,0,,,24,BTGOXD2,mg/L,reported_gmt_minus_4_unconverted
2019-09-18,24,24,0,0.0,missing,False,False,False,False,,,,,,,,,,0,24,0,0,0,,,24,BTGOXD2,mg/L,reported_gmt_minus_4_unconverted
2019-09-19,24,24,0,0.0,missing,False,False,False,False,,,,,,,,,,0,24,0,0,0,,,24,BTGOXD2,mg/L,reported_gmt_minus_4_unconverted
2019-09-20,24,24,0,0.0,missing,False,False,False,False,,,,,,,,,,0,24,0,0,0,,,24,BTGOXD2,mg/L,reported_gmt_minus_4_unconverted
2019-09-21,24,24,0,0.0,missing,False,False,False,False,,,,,,,,,,0,24,0,0,0,,,24,BTGOXD2,mg/L,reported_gmt_minus_4_unconverted
2019-09-22,24,24,0,0.0,missing,False,False,False,False,,,,,,,,,,0,24,0,0,0,,,24,BTGOXD2,mg/L,reported_gmt_minus_4_unconverted
2019-09-23,24,24,0,0.0,missing,False,False,False,False,,,,,,,,,,0,24,0,0,0,,,24,BTGOXD2,mg/L,reported_gmt_minus_4_unconverted
2019-09-24,24,24,0,0.0,missing,False,False,False,False,,,,,,,,,,0,24,0,0,0,,,24,BTGOXD2,mg/L,reported_gmt_minus_4_unconverted
2019-09-25,24,24,0,0.0,missing,False,False,False,False,,,,,,,,,,0,24,0,0,0,,,24,BTGOXD2,mg/L,reported_gmt_minus_4_unconverted
2019-09-26,24,24,0,0.0,missing,False,False,False,False,,,,,,,,,,0,24,0,0,0,,,24,BTGOXD2,mg/L,reported_gmt_minus_4_unconverted
2019-09-27,24,24,0,0.0,missing,False,False,False,False,,,,,,,,,,0,24,0,0,0,,,24,BTGOXD2,mg/L,reported_gmt_minus_4_unconverted
2019-09-28,24,24,0,0.0,missing,False,False,False,False,,,,,,,,,,0,24,0,0,0,,,24,BTGOXD2,mg/L,reported_gmt_minus_4_unconverted
2019-09-29,24,24,0,0.0,missing,False,False,False,False,,,,,,,,,,0,24,0,0,0,,,24,BTGOXD2,mg/L,reported_gmt_minus_4_unconverted
2019-09-30,24,24,0,0.0,missing,False,False,False,False,,,,,,,,,,0,24,0,0,0,,,24,BTGOXD2,mg/L,reported_gmt_minus_4_unconverted
2019-10-01,24,24,0,0.0,missing,False,False,False,False,,,,,,,,,,0,24,0,0,0,,,24,BTGOXD2,mg/L,reported_gmt_minus_4_unconverted
2019-10-02,24,24,0,0.0,missing,False,False,False,False,,,,,,,,,,0,24,0,0,0,,,24,BTGOXD2,mg/L,reported_gmt_minus_4_unconverted
2019-10-03,24,24,0,0.0,missing,False,False,False,False,,,,,,,,,,0,24,0,0,0,,,24,BTGOXD2,mg/L,reported_gmt_minus_4_unconverted
2019-10-04,24,24,0,0.0,missing,False,False,False,False,,,,,,,,,,0,24,0,0,0,,,24,BTGOXD2,mg/L,reported_gmt_minus_4_unconverted
2019-10-05,24,24,0,0.0,missing,False,False,False,False,,,,,,,,,,0,24,0,0,0,,,24,BTGOXD2,mg/L,reported_gmt_minus_4_unconverted
2019-10-06,24,24,0,0.0,missing,False,False,False,False,,,,,,,,,,0,24,0,0,0,,,24,BTGOXD2,mg/L,reported_gmt_minus_4_unconverted
2019-10-07,24,24,0,0.0,missing,False,False,False,False,,,,,,,,,,0,24,0,0,0,,,24,BTGOXD2,mg/L,reported_gmt_minus_4_unconverted
2019-10-08,24,24,0,0.0,missing,False,False,False,False,,,,,,,,,,0,24,0,0,0,,,24,BTGOXD2,mg/L,reported_gmt_minus_4_unconverted
2019-10-09,24,24,0,0.0,missing,False,False,False,False,,,,,,,,,,0,24,0,0,0,,,24,BTGOXD2,mg/L,reported_gmt_minus_4_unconverted
2019-10-10,24,24,0,0.0,missing,False,False,False,False,,,,,,,,,,0,24,0,0,0,,,24,BTGOXD2,mg/L,reported_gmt_minus_4_unconverted
2019-10-11,24,24,0,0.0,missing,False,False,False,False,,,,,,,,,,0,24,0,0,0,,,24,BTGOXD2,mg/L,reported_gmt_minus_4_unconverted
2019-10-12,24,24,0,0.0,missing,False,False,False,False,,,,,,,,,,0,24,0,0,0,,,24,BTGOXD2,mg/L,reported_gmt_minus_4_unconverted
2019-10-13,24,24,0,0.0,missing,False,False,False,False,,,,,,,,,,0,24,0,0,0,,,24,BTGOXD2,mg/L,reported_gmt_minus_4_unconverted
2019-10-14,24,24,0,0.0,missing,False,False,False,False,,,,,,,,,,0,24,0,0,0,,,24,BTGOXD2,mg/L,reported_gmt_minus_4_unconverted
2019-10-15,24,24,0,0.0,missing,False,False,False,False,,,,,,,,,,0,24,0,0,0,,,24,BTGOXD2,mg/L,reported_gmt_minus_4_unconverted
2019-10-16,24,24,16,0.666667,partial,True,False,False,False,8.4103125,8.154499999999999,0.980544251508654,7.373,10.758,7.4695,7.603999999999999,8.92225,9.5335,16,8,0,0,0,8.0,23.0,8,BTGOXD2,mg/L,reported_gmt_minus_4_unconverted
2019-10-17,24,24,24,1.0,high,True,True,True,True,7.588416666666667,7.4155,0.5378541031096482,6.929,9.087,7.047,7.25875,7.828,8.3084,24,0,0,0,0,0.0,23.0,0,BTGOXD2,mg/L,reported_gmt_minus_4_unconverted
2019-10-18,24,24,24,1.0,high,True,True,True,True,7.086291666666667,6.795999999999999,0.8049298364867999,6.006,8.789,6.263,6.45425,7.69175,8.178199999999999,24,0,0,0,0,0.0,23.0,0,BTGOXD2,mg/L,reported_gmt_minus_4_unconverted
2019-10-19,24,24,24,1.0,high,True,True,True,True,7.533291666666667,7.414,1.232898263695423,5.786,9.423,6.0882,6.4815,8.8445,9.2156,24,0,0,0,0,0.0,23.0,0,BTGOXD2,mg/L,reported_gmt_minus_4_unconverted
2019-10-20,24,24,24,1.0,high,True,True,True,True,7.017791666666667,6.9295,1.0539572625262772,5.414,9.055,5.8052,6.2547500000000005,7.8015,8.6182,24,0,0,0,0,0.0,23.0,0,BTGOXD2,mg/L,reported_gmt_minus_4_unconverted
2019-10-21,24,24,24,1.0,high,True,True,True,True,6.971666666666667,6.714,1.2739572945769402,5.296,9.367,5.5045,5.97875,7.874,8.7898,24,0,0,0,0,0.0,23.0,0,BTGOXD2,mg/L,reported_gmt_minus_4_unconverted
2019-10-22,24,24,24,1.0,high,True,True,True,True,7.025708333333334,7.18,1.1552378817394267,4.638,8.393,5.8367,6.075,8.0945,8.2392,24,0,0,0,0,0.0,23.0,0,BTGOXD2,mg/L,reported_gmt_minus_4_unconverted
2019-10-23,24,24,24,1.0,high,True,True,True,True,8.039875,7.9445,0.4358535167272123,7.096,9.009,7.6013,7.7677499999999995,8.33575,8.5595,24,0,0,0,0,0.0,23.0,0,BTGOXD2,mg/L,reported_gmt_minus_4_unconverted
2019-10-24,24,24,24,1.0,high,True,True,True,True,7.942374999999999,7.833,0.6762911524085519,6.684,8.983,7.246700000000001,7.4975,8.5485,8.885399999999999,24,0,0,0,0,0.0,23.0,0,BTGOXD2,mg/L,reported_gmt_minus_4_unconverted
2019-10-25,24,24,24,1.0,high,True,True,True,True,8.492875,8.139,1.1154516461953876,6.836,10.584,7.1751,7.85125,9.36475,10.0809,24,0,0,0,0,0.0,23.0,0,BTGOXD2,mg/L,reported_gmt_minus_4_unconverted
2019-10-26,24,24,24,1.0,high,True,True,True,True,8.735125,8.532499999999999,0.8445948507755193,6.841,10.472,7.8206,8.289,9.34,9.8185,24,0,0,0,0,0.0,23.0,0,BTGOXD2,mg/L,reported_gmt_minus_4_unconverted
2019-10-27,24,24,24,1.0,high,True,True,True,True,8.8605,8.7735,1.3479246527774529,6.877,11.245,7.4839,7.7067499999999995,9.77525,10.893899999999999,24,0,0,0,0,0.0,23.0,0,BTGOXD2,mg/L,reported_gmt_minus_4_unconverted
2019-10-28,24,24,24,1.0,high,True,True,True,True,8.017875,8.045,0.8338876116798015,6.468,9.853,6.8472,7.6850000000000005,8.407499999999999,8.954699999999999,24,0,0,0,0,0.0,23.0,0,BTGOXD2,mg/L,reported_gmt_minus_4_unconverted
2019-10-29,24,24,24,1.0,high,True,True,True,True,5.915916666666668,5.4079999999999995,1.6951822761211734,4.023,9.478,4.2102,4.64475,6.964499999999999,8.5708,24,0,0,0,0,0.0,23.0,0,BTGOXD2,mg/L,reported_gmt_minus_4_unconverted
2019-10-30,24,24,24,1.0,high,True,True,True,True,4.381374999999999,4.001,1.1098156843642415,3.021,7.475,3.5745,3.7249999999999996,4.6075,5.835,24,0,0,0,0,0.0,23.0,0,BTGOXD2,mg/L,reported_gmt_minus_4_unconverted
2019-10-31,24,24,24,1.0,high,True,True,True,True,3.9370833333333333,3.6470000000000002,0.9861759220724071,2.659,6.329,2.9631,3.25575,4.5352500000000004,5.0889999999999995,24,0,0,0,0,0.0,23.0,0,BTGOXD2,mg/L,reported_gmt_minus_4_unconverted
2019-11-01,24,24,24,1.0,high,True,True,True,True,4.144291666666667,3.7465,1.1623097873057193,3.103,7.122,3.2372,3.3935,4.2155,5.9634,24,0,0,0,0,0.0,23.0,0,BTGOXD2,mg/L,reported_gmt_minus_4_unconverted
2019-11-02,24,24,24,1.0,high,True,True,True,True,4.057208333333333,3.6865,1.3122727705303354,2.509,7.476,2.8993,3.33925,4.27125,5.7345999999999995,24,0,0,0,0,0.0,23.0,0,BTGOXD2,mg/L,reported_gmt_minus_4_unconverted
2019-11-03,24,24,24,1.0,high,True,True,True,True,4.3455,4.5175,1.2608124709712076,2.264,6.461,2.6142,3.3472500000000003,5.30225,5.7191,24,0,0,0,0,0.0,23.0,0,BTGOXD2,mg/L,reported_gmt_minus_4_unconverted
2019-11-04,24,24,24,1.0,high,True,True,True,True,5.702875,5.7425,1.0737728005373917,3.683,7.33,4.5111,4.8955,6.5395,6.9234,24,0,0,0,0,0.0,23.0,0,BTGOXD2,mg/L,reported_gmt_minus_4_unconverted
2019-11-05,24,24,24,1.0,high,True,True,True,True,4.934041666666666,4.941000000000001,0.8332118828165298,3.626,6.584,3.8302,4.489,5.55875,6.0116,24,0,0,0,0,0.0,23.0,0,BTGOXD2,mg/L,reported_gmt_minus_4_unconverted
2019-11-06,24,24,24,1.0,high,True,True,True,True,5.578291666666666,5.4065,0.73966963713637,4.665,7.331,4.771199999999999,5.09475,5.80275,6.855999999999999,24,0,0,0,0,0.0,23.0,0,BTGOXD2,mg/L,reported_gmt_minus_4_unconverted
2019-11-07,24,24,24,1.0,high,True,True,True,True,6.930375000000001,6.9879999999999995,0.8034042683968395,5.159,8.102,6.0487,6.3505,7.66425,7.8774,24,0,0,0,0,0.0,23.0,0,BTGOXD2,mg/L,reported_gmt_minus_4_unconverted
2019-11-08,24,24,24,1.0,high,True,True,True,True,8.174791666666668,8.4085,0.8371543922415241,6.081,9.944,7.3986,7.751,8.6875,9.0596,24,0,0,0,0,0.0,23.0,0,BTGOXD2,mg/L,reported_gmt_minus_4_unconverted
2019-11-09,24,24,24,1.0,high,True,True,True,True,8.785541666666667,8.626000000000001,1.2078171103695496,6.601,10.639,7.2286,7.997,9.9005,10.2342,24,0,0,0,0,0.0,23.0,0,BTGOXD2,mg/L,reported_gmt_minus_4_unconverted
2019-11-10,24,24,24,1.0,high,True,True,True,True,9.466083333333334,9.5845,0.5961137122823249,7.841,10.111,8.8006,9.263000000000002,9.853,10.051,24,0,0,0,0,0.0,23.0,0,BTGOXD2,mg/L,reported_gmt_minus_4_unconverted
2019-11-11,24,24,24,1.0,high,True,True,True,True,8.816916666666666,9.1155,0.9856938812512898,6.606,10.049,7.347,8.335749999999999,9.32,10.0109,24,0,0,0,0,0.0,23.0,0,BTGOXD2,mg/L,reported_gmt_minus_4_unconverted
2019-11-12,24,24,24,1.0,high,True,True,True,True,7.654916666666668,8.048,1.2547618834097451,5.495,9.16,5.5831,6.77275,8.67775,8.9937,24,0,0,0,0,0.0,23.0,0,BTGOXD2,mg/L,reported_gmt_minus_4_unconverted
2019-11-13,24,24,24,1.0,high,True,True,True,True,6.558708333333333,6.3315,0.9915797443941428,5.264,9.023,5.5446,5.71425,7.1775,7.7287,24,0,0,0,0,0.0,23.0,0,BTGOXD2,mg/L,reported_gmt_minus_4_unconverted
2019-11-14,24,24,24,1.0,high,True,True,True,True,7.241624999999999,7.0805,1.4393941603720097,5.062,9.78,5.6344,6.2325,7.91125,9.4575,24,0,0,0,0,0.0,23.0,0,BTGOXD2,mg/L,reported_gmt_minus_4_unconverted
2019-11-15,24,24,24,1.0,high,True,True,True,True,10.047166666666667,10.0945,0.3849758509271736,9.372,10.5,9.5107,9.73075,10.423,10.4795,24,0,0,0,0,0.0,23.0,0,BTGOXD2,mg/L,reported_gmt_minus_4_unconverted
2019-11-16,24,24,24,1.0,high,True,True,True,True,9.400458333333333,9.5115,0.7824941716225038,7.44,10.321,8.2745,9.003,10.10825,10.2007,24,0,0,0,0,0.0,23.0,0,BTGOXD2,mg/L,reported_gmt_minus_4_unconverted
2019-11-17,24,24,24,1.0,high,True,True,True,True,9.964458333333333,10.6045,1.6280761380328268,5.822,11.579,7.1671,9.84775,10.97825,11.2073,24,0,0,0,0,0.0,23.0,0,BTGOXD2,mg/L,reported_gmt_minus_4_unconverted
2019-11-18,24,24,24,1.0,high,True,True,True,True,8.305083333333334,9.304,1.841798268627387,5.837,10.606,5.9307,6.2315,9.763499999999999,10.2013,24,0,0,0,0,0.0,23.0,0,BTGOXD2,mg/L,reported_gmt_minus_4_unconverted
2019-11-19,24,24,24,1.0,high,True,True,True,True,9.882375000000001,9.8585,0.5705358893943102,8.544,10.825,9.1517,9.5085,10.27975,10.4597,24,0,0,0,0,0.0,23.0,0,BTGOXD2,mg/L,reported_gmt_minus_4_unconverted
2019-11-20,24,24,24,1.0,high,True,True,True,True,9.346916666666667,9.4605,0.921668096285287,7.227,10.551,8.0849,8.827750000000002,10.09,10.3133,24,0,0,0,0,0.0,23.0,0,BTGOXD2,mg/L,reported_gmt_minus_4_unconverted
2019-11-21,24,24,24,1.0,high,True,True,True,True,8.784875,8.927,0.6231251749814415,7.48,9.792,7.738300000000001,8.592,9.21725,9.434899999999999,24,0,0,0,0,0.0,23.0,0,BTGOXD2,mg/L,reported_gmt_minus_4_unconverted
2019-11-22,24,24,24,1.0,high,True,True,True,True,8.3445,8.306000000000001,0.4642336368308713,7.623,9.324,7.7748,8.01475,8.7085,8.848700000000001,24,0,0,0,0,0.0,23.0,0,BTGOXD2,mg/L,reported_gmt_minus_4_unconverted
2019-11-23,24,24,24,1.0,high,True,True,True,True,7.836666666666667,7.703,0.4486250169095581,7.129,8.886,7.45,7.517,8.1175,8.4968,24,0,0,0,0,0.0,23.0,0,BTGOXD2,mg/L,reported_gmt_minus_4_unconverted
2019-11-24,24,24,24,1.0,high,True,True,True,True,7.445250000000001,7.3870000000000005,0.7791437468534735,6.165,9.555,6.8210999999999995,6.9905,7.70075,8.4832,24,0,0,0,0,0.0,23.0,0,BTGOXD2,mg/L,reported_gmt_minus_4_unconverted
2019-11-25,24,24,24,1.0,high,True,True,True,True,6.829374999999999,6.567,0.8680166203828529,5.689,8.653,5.7989,6.131,7.6015,7.8751,24,0,0,0,0,0.0,23.0,0,BTGOXD2,mg/L,reported_gmt_minus_4_unconverted
2019-11-26,24,24,24,1.0,high,True,True,True,True,5.668291666666668,5.849,0.9552416256664055,3.721,7.449,4.2726999999999995,5.37525,6.19925,6.5257,24,0,0,0,0,0.0,23.0,0,BTGOXD2,mg/L,reported_gmt_minus_4_unconverted
2019-11-27,24,24,24,1.0,high,True,True,True,True,3.583458333333333,3.5995,0.8835133413114723,2.268,5.626,2.5773,2.938,3.98075,4.6617,24,0,0,0,0,0.0,23.0,0,BTGOXD2,mg/L,reported_gmt_minus_4_unconverted
2019-11-28,24,24,24,1.0,high,True,True,True,True,3.9807500000000005,3.9465000000000003,1.1861864084755709,2.154,5.986,2.286,3.1870000000000003,4.8695,5.5451999999999995,24,0,0,0,0,0.0,23.0,0,BTGOXD2,mg/L,reported_gmt_minus_4_unconverted
2019-11-29,24,24,24,1.0,high,True,True,True,True,4.646583333333333,5.0489999999999995,1.2897055584652768,2.386,6.631,2.7472000000000003,3.4505,5.5175,5.9242,24,0,0,0,0,0.0,23.0,0,BTGOXD2,mg/L,reported_gmt_minus_4_unconverted
2019-11-30,24,24,24,1.0,high,True,True,True,True,5.099208333333333,4.9905,1.1185195564622041,3.492,7.896,3.8703,4.3500000000000005,5.609999999999999,6.677499999999999,24,0,0,0,0,0.0,23.0,0,BTGOXD2,mg/L,reported_gmt_minus_4_unconverted
2019-12-01,24,24,24,1.0,high,True,True,True,True,6.805125,7.0255,0.9808494682405787,4.705,8.217,5.2743,6.384,7.4765,7.8662,24,0,0,0,0,0.0,23.0,0,BTGOXD2,mg/L,reported_gmt_minus_4_unconverted
2019-12-02,24,24,24,1.0,high,True,True,True,True,7.060083333333334,7.018000000000001,1.3436418038679243,3.89,9.238,5.4352,5.998,8.13175,8.426,24,0,0,0,0,0.0,23.0,0,BTGOXD2,mg/L,reported_gmt_minus_4_unconverted
2019-12-03,24,24,24,1.0,high,True,True,True,True,6.171625,6.461,1.697557114682359,2.267,8.504,3.8912999999999998,4.913,7.3919999999999995,8.1092,24,0,0,0,0,0.0,23.0,0,BTGOXD2,mg/L,reported_gmt_minus_4_unconverted
2019-12-04,24,24,24,1.0,high,True,True,True,True,5.317833333333334,5.3865,0.8734153186431869,3.669,6.777,4.1000000000000005,4.86,5.89625,6.3818,24,0,0,0,0,0.0,23.0,0,BTGOXD2,mg/L,reported_gmt_minus_4_unconverted
2019-12-05,24,24,24,1.0,high,True,True,True,True,6.6072500000000005,5.5525,1.966575930724351,4.029,9.761,4.8655,5.092499999999999,8.881,9.4123,24,0,0,0,0,0.0,23.0,0,BTGOXD2,mg/L,reported_gmt_minus_4_unconverted
2019-12-06,24,24,24,1.0,high,True,True,True,True,9.682916666666667,9.783000000000001,0.8244097185610874,8.013,11.019,8.5881,9.17125,10.1515,10.811300000000001,24,0,0,0,0,0.0,23.0,0,BTGOXD2,mg/L,reported_gmt_minus_4_unconverted
2019-12-07,24,24,24,1.0,high,True,True,True,True,7.960791666666668,7.6025,1.2119291118301638,6.378,11.157,6.8444,7.16325,8.2085,9.643,24,0,0,0,0,0.0,23.0,0,BTGOXD2,mg/L,reported_gmt_minus_4_unconverted
2019-12-08,24,24,24,1.0,high,True,True,True,True,6.411916666666667,6.3555,1.1164112502613655,4.227,8.083,4.8647,5.7875,7.338749999999999,7.8322,24,0,0,0,0,0.0,23.0,0,BTGOXD2,mg/L,reported_gmt_minus_4_unconverted
2019-12-09,24,24,24,1.0,high,True,True,True,True,6.879166666666667,7.448499999999999,1.7492180779016577,3.12,8.824,4.2316,6.0835,8.120249999999999,8.6105,24,0,0,0,0,0.0,23.0,0,BTGOXD2,mg/L,reported_gmt_minus_4_unconverted
2019-12-10,24,24,24,1.0,high,True,True,True,True,8.24225,8.357,0.6703405526459957,6.551,9.618,7.4956000000000005,7.85175,8.597249999999999,8.7623,24,0,0,0,0,0.0,23.0,0,BTGOXD2,mg/L,reported_gmt_minus_4_unconverted
2019-12-11,24,24,24,1.0,high,True,True,True,True,6.044250000000001,6.088,0.9856655773814883,4.243,7.549,4.5565999999999995,5.34725,6.712,7.348,24,0,0,0,0,0.0,23.0,0,BTGOXD2,mg/L,reported_gmt_minus_4_unconverted
2019-12-12,24,24,24,1.0,high,True,True,True,True,6.810791666666667,7.677,2.009257963379963,3.15,9.066,3.7263,5.52075,8.496749999999999,8.6867,24,0,0,0,0,0.0,23.0,0,BTGOXD2,mg/L,reported_gmt_minus_4_unconverted
2019-12-13,24,24,24,1.0,high,True,True,True,True,8.737,8.861,0.3584713923459371,7.926,9.167,8.288400000000001,8.4985,9.0115,9.1117,24,0,0,0,0,0.0,23.0,0,BTGOXD2,mg/L,reported_gmt_minus_4_unconverted
2019-12-14,24,24,24,1.0,high,True,True,True,True,8.697625,8.593499999999999,0.7643180428670867,7.179,9.777,7.5344999999999995,8.33175,9.411,9.5672,24,0,0,0,0,0.0,23.0,0,BTGOXD2,mg/L,reported_gmt_minus_4_unconverted
2019-12-15,24,24,24,1.0,high,True,True,True,True,7.391000000000001,7.366,0.8887919500281168,5.577,9.046,5.9694,7.12225,7.789,8.6214,24,0,0,0,0,0.0,23.0,0,BTGOXD2,mg/L,reported_gmt_minus_4_unconverted
2019-12-16,24,24,24,1.0,high,True,True,True,True,4.647625,4.888999999999999,1.065046551850526,2.063,6.386,3.213,4.152749999999999,5.3015,5.8369,24,0,0,0,0,0.0,23.0,0,BTGOXD2,mg/L,reported_gmt_minus_4_unconverted
2019-12-17,24,24,24,1.0,high,True,True,True,True,4.233958333333334,4.144,1.3686577518381529,2.741,8.265,2.8308999999999997,3.0,5.02625,5.2985999999999995,24,0,0,0,0,0.0,23.0,0,BTGOXD2,mg/L,reported_gmt_minus_4_unconverted
2019-12-18,24,24,24,1.0,high,True,True,True,True,8.31325,8.496500000000001,0.6376945057068436,7.291,9.307,7.5894,7.67075,8.87275,9.0488,24,0,0,0,0,0.0,23.0,0,BTGOXD2,mg/L,reported_gmt_minus_4_unconverted
2019-12-19,24,24,24,1.0,high,True,True,True,True,8.0905,8.3005,0.7606655552583682,6.039,9.253,7.1836,7.67,8.5595,8.9163,24,0,0,0,0,0.0,23.0,0,BTGOXD2,mg/L,reported_gmt_minus_4_unconverted
2019-12-20,24,24,0,0.0,missing,False,False,False,False,,,,,,,,,,0,24,0,0,0,,,24,BTGOXD2,mg/L,reported_gmt_minus_4_unconverted
2019-12-21,24,24,0,0.0,missing,False,False,False,False,,,,,,,,,,0,24,0,0,0,,,24,BTGOXD2,mg/L,reported_gmt_minus_4_unconverted
2019-12-22,24,24,0,0.0,missing,False,False,False,False,,,,,,,,,,0,24,0,0,0,,,24,BTGOXD2,mg/L,reported_gmt_minus_4_unconverted
2019-12-23,24,24,0,0.0,missing,False,False,False,False,,,,,,,,,,0,24,0,0,0,,,24,BTGOXD2,mg/L,reported_gmt_minus_4_unconverted
2019-12-24,24,24,0,0.0,missing,False,False,False,False,,,,,,,,,,0,24,0,0,0,,,24,BTGOXD2,mg/L,reported_gmt_minus_4_unconverted
2019-12-25,24,24,0,0.0,missing,False,False,False,False,,,,,,,,,,0,24,0,0,0,,,24,BTGOXD2,mg/L,reported_gmt_minus_4_unconverted
2019-12-26,24,24,0,0.0,missing,False,False,False,False,,,,,,,,,,0,24,0,0,0,,,24,BTGOXD2,mg/L,reported_gmt_minus_4_unconverted
2019-12-27,24,24,0,0.0,missing,False,False,False,False,,,,,,,,,,0,24,0,0,0,,,24,BTGOXD2,mg/L,reported_gmt_minus_4_unconverted
2019-12-28,24,24,0,0.0,missing,False,False,False,False,,,,,,,,,,0,24,0,0,0,,,24,BTGOXD2,mg/L,reported_gmt_minus_4_unconverted
2019-12-29,24,24,0,0.0,missing,False,False,False,False,,,,,,,,,,0,24,0,0,0,,,24,BTGOXD2,mg/L,reported_gmt_minus_4_unconverted
2019-12-30,24,24,0,0.0,missing,False,False,False,False,,,,,,,,,,0,24,0,0,0,,,24,BTGOXD2,mg/L,reported_gmt_minus_4_unconverted
2019-12-31,24,24,0,0.0,missing,False,False,False,False,,,,,,,,,,0,24,0,0,0,,,24,BTGOXD2,mg/L,reported_gmt_minus_4_unconverted
2020-01-01,24,24,24,1.0,high,True,True,True,True,8.651708333333334,8.5295,0.6399772739964165,7.814,10.698,7.9897,8.254,8.8465,9.3223,24,0,0,0,0,0.0,23.0,0,BTGOXD2,mg/L,reported_gmt_minus_4_unconverted
2020-01-02,24,24,24,1.0,high,True,True,True,True,7.884125,7.906499999999999,0.7737021847275435,6.29,9.455,6.6626,7.648750000000001,8.30875,8.7867,24,0,0,0,0,0.0,23.0,0,BTGOXD2,mg/L,reported_gmt_minus_4_unconverted
2020-01-03,24,24,24,1.0,high,True,True,True,True,8.021041666666667,7.910500000000001,0.9985308546828302,5.935,9.771,7.027200000000001,7.21275,8.945,9.389,24,0,0,0,0,0.0,23.0,0,BTGOXD2,mg/L,reported_gmt_minus_4_unconverted
2020-01-04,24,24,24,1.0,high,True,True,True,True,8.04125,8.3505,0.9663032312802274,6.604,9.271,6.6895,7.044,9.0235,9.214099999999998,24,0,0,0,0,0.0,23.0,0,BTGOXD2,mg/L,reported_gmt_minus_4_unconverted
2020-01-05,24,24,24,1.0,high,True,True,True,True,7.551708333333334,7.5440000000000005,0.5425986168964781,6.582,8.477,6.8787,7.17425,7.8782499999999995,8.2614,24,0,0,0,0,0.0,23.0,0,BTGOXD2,mg/L,reported_gmt_minus_4_unconverted
2020-01-06,24,24,24,1.0,high,True,True,True,True,6.534166666666667,6.6585,0.898467084232514,5.084,8.368,5.4092,5.71075,7.2219999999999995,7.6371,24,0,0,0,0,0.0,23.0,0,BTGOXD2,mg/L,reported_gmt_minus_4_unconverted
2020-01-07,24,24,24,1.0,high,True,True,True,True,6.252291666666667,6.289,0.6682242190193781,5.141,7.64,5.3222000000000005,5.793749999999999,6.468999999999999,7.225,24,0,0,0,0,0.0,23.0,0,BTGOXD2,mg/L,reported_gmt_minus_4_unconverted
2020-01-08,24,24,24,1.0,high,True,True,True,True,7.516458333333333,7.4225,1.0408392090318133,5.744,9.093,6.2128000000000005,6.69725,8.61175,8.8835,24,0,0,0,0,0.0,23.0,0,BTGOXD2,mg/L,reported_gmt_minus_4_unconverted
2020-01-09,24,24,24,1.0,high,True,True,True,True,7.170999999999999,7.188,0.8411586212403439,5.041,8.446,6.2249,6.85475,7.75725,8.117099999999999,24,0,0,0,0,0.0,23.0,0,BTGOXD2,mg/L,reported_gmt_minus_4_unconverted
2020-01-10,24,24,24,1.0,high,True,True,True,True,6.254958333333334,6.2755,0.9408264858353401,4.684,7.757,5.1956,5.45325,6.78475,7.623,24,0,0,0,0,0.0,23.0,0,BTGOXD2,mg/L,reported_gmt_minus_4_unconverted
2020-01-11,24,24,24,1.0,high,True,True,True,True,8.446333333333333,8.6425,0.9500908728467327,6.978,9.796,7.3966,7.431,9.4025,9.5085,24,0,0,0,0,0.0,23.0,0,BTGOXD2,mg/L,reported_gmt_minus_4_unconverted
2020-01-12,24,24,24,1.0,high,True,True,True,True,8.600958333333333,9.004999999999999,0.9182498702833355,6.725,9.607,7.1328,7.93675,9.208,9.3384,24,0,0,0,0,0.0,23.0,0,BTGOXD2,mg/L,reported_gmt_minus_4_unconverted
2020-01-13,24,24,24,1.0,high,True,True,True,True,6.177499999999999,6.2515,0.9511753370116,4.832,8.332,5.0062,5.4355,6.6325,7.1324,24,0,0,0,0,0.0,23.0,0,BTGOXD2,mg/L,reported_gmt_minus_4_unconverted
2020-01-14,24,24,24,1.0,high,True,True,True,True,6.645875,6.603999999999999,1.1698819454561848,4.467,8.785,5.2132000000000005,5.708500000000001,7.34175,8.1961,24,0,0,0,0,0.0,23.0,0,BTGOXD2,mg/L,reported_gmt_minus_4_unconverted
2020-01-15,24,24,24,1.0,high,True,True,True,True,6.521708333333334,6.6925,1.1743646378089863,4.768,8.007,5.116700000000001,5.3875,7.6765,7.9357,24,0,0,0,0,0.0,23.0,0,BTGOXD2,mg/L,reported_gmt_minus_4_unconverted
2020-01-16,24,24,24,1.0,high,True,True,True,True,7.6766250000000005,8.1945,1.4203432167123795,4.387,9.271,5.3373,7.1975,8.572750000000001,9.1396,24,0,0,0,0,0.0,23.0,0,BTGOXD2,mg/L,reported_gmt_minus_4_unconverted
2020-01-17,24,24,24,1.0,high,True,True,True,True,7.2185,7.336,1.0752336854195323,5.018,8.762,5.9228,6.51725,8.14175,8.6177,24,0,0,0,0,0.0,23.0,0,BTGOXD2,mg/L,reported_gmt_minus_4_unconverted
2020-01-18,24,24,24,1.0,high,True,True,True,True,6.750541666666667,6.6185,1.1924834509531366,4.671,9.052,5.4849000000000006,5.79475,7.58525,8.4807,24,0,0,0,0,0.0,23.0,0,BTGOXD2,mg/L,reported_gmt_minus_4_unconverted
2020-01-19,24,24,24,1.0,high,True,True,True,True,6.448666666666667,6.3395,1.1285275387854306,4.347,8.702,5.2068,5.7365,7.28575,7.5108999999999995,24,0,0,0,0,0.0,23.0,0,BTGOXD2,mg/L,reported_gmt_minus_4_unconverted
2020-01-20,24,24,24,1.0,high,True,True,True,True,6.643000000000001,6.5655,0.6140927560584625,5.429,8.333,6.1337,6.2780000000000005,7.02625,7.2902,24,0,0,0,0,0.0,23.0,0,BTGOXD2,mg/L,reported_gmt_minus_4_unconverted
2020-01-21,24,24,24,1.0,high,True,True,True,True,6.678208333333333,6.6715,1.0568141615730975,4.898,9.112,5.2937,6.0592500000000005,7.1785,7.9876,24,0,0,0,0,0.0,23.0,0,BTGOXD2,mg/L,reported_gmt_minus_4_unconverted
2020-01-22,24,24,24,1.0,high,True,True,True,True,7.110041666666667,6.9285,1.1084808828994857,5.171,9.447,5.8826,6.42425,7.55675,8.6942,24,0,0,0,0,0.0,23.0,0,BTGOXD2,mg/L,reported_gmt_minus_4_unconverted
2020-01-23,24,24,23,0.958333,high,True,True,True,True,7.233043478260871,7.361,1.152056441099246,4.431,9.261,5.9182,6.643,8.0855,8.3734,23,1,0,0,0,0.0,23.0,1,BTGOXD2,mg/L,reported_gmt_minus_4_unconverted
2020-01-24,24,24,24,1.0,high,True,True,True,True,7.996583333333334,7.825,0.8617122952065526,6.364,9.468,6.8812999999999995,7.3345,8.6185,9.1569,24,0,0,0,0,0.0,23.0,0,BTGOXD2,mg/L,reported_gmt_minus_4_unconverted
2020-01-25,24,24,24,1.0,high,True,True,True,True,8.190875,8.265,0.7710279029801147,6.941,9.484,7.2761000000000005,7.52375,8.66325,9.3561,24,0,0,0,0,0.0,23.0,0,BTGOXD2,mg/L,reported_gmt_minus_4_unconverted
2020-01-26,24,24,24,1.0,high,True,True,True,True,7.229291666666666,7.022,0.6842159256923318,6.348,9.167,6.5613,6.914000000000001,7.27725,8.3185,24,0,0,0,0,0.0,23.0,0,BTGOXD2,mg/L,reported_gmt_minus_4_unconverted
2020-01-27,24,24,24,1.0,high,True,True,True,True,7.969625,8.133,1.0498297921050364,5.916,9.604,6.5171,7.37875,8.73875,9.151499999999999,24,0,0,0,0,0.0,23.0,0,BTGOXD2,mg/L,reported_gmt_minus_4_unconverted
2020-01-28,24,24,24,1.0,high,True,True,True,True,8.294708333333334,8.568999999999999,0.7910588104980986,6.485,9.471,7.3348,7.8625,8.862,9.0078,24,0,0,0,0,0.0,23.0,0,BTGOXD2,mg/L,reported_gmt_minus_4_unconverted
2020-01-29,24,24,24,1.0,high,True,True,True,True,7.223875,7.163,1.0748782463912911,5.435,9.217,5.7568,6.53125,8.113249999999999,8.3895,24,0,0,0,0,0.0,23.0,0,BTGOXD2,mg/L,reported_gmt_minus_4_unconverted
2020-01-30,24,24,24,1.0,high,True,True,True,True,6.415125,6.3294999999999995,0.7646009651246625,5.476,8.395,5.702500000000001,5.9685,6.50375,7.4211,24,0,0,0,0,0.0,23.0,0,BTGOXD2,mg/L,reported_gmt_minus_4_unconverted
2020-01-31,24,24,24,1.0,high,True,True,True,True,6.761333333333333,6.5600000000000005,0.6281031946968634,5.793,8.342,6.052700000000001,6.3325000000000005,7.14975,7.5089,24,0,0,0,0,0.0,23.0,0,BTGOXD2,mg/L,reported_gmt_minus_4_unconverted
2020-02-01,24,24,24,1.0,high,True,True,True,True,7.020499999999999,7.2505,0.9876164543331409,5.279,9.036,5.4758,6.3877500000000005,7.49075,8.003,24,0,0,0,0,0.0,23.0,0,BTGOXD2,mg/L,reported_gmt_minus_4_unconverted
2020-02-02,24,24,24,1.0,high,True,True,True,True,6.385833333333333,6.3855,0.6034435002309781,5.434,7.95,5.6939,5.94625,6.802,7.0132,24,0,0,0,0,0.0,23.0,0,BTGOXD2,mg/L,reported_gmt_minus_4_unconverted
2020-02-03,24,24,24,1.0,high,True,True,True,True,5.969541666666667,5.898999999999999,0.4310209294995623,5.359,7.111,5.5254,5.6655,6.07975,6.5663,24,0,0,0,0,0.0,23.0,0,BTGOXD2,mg/L,reported_gmt_minus_4_unconverted
2020-02-04,24,24,24,1.0,high,True,True,True,True,5.951249999999999,5.714,0.9728147976027003,4.789,8.989,4.8817,5.31325,6.5265,7.0185,24,0,0,0,0,0.0,23.0,0,BTGOXD2,mg/L,reported_gmt_minus_4_unconverted
2020-02-05,24,24,24,1.0,high,True,True,True,True,4.892916666666667,4.91,0.4182588044933805,3.99,5.926,4.3875,4.77975,5.1105,5.2382,24,0,0,0,0,0.0,23.0,0,BTGOXD2,mg/L,reported_gmt_minus_4_unconverted
2020-02-06,24,24,24,1.0,high,True,True,True,True,4.533166666666666,4.2785,0.4960419570846864,3.894,5.843,4.0138,4.16075,4.9485,5.1045,24,0,0,0,0,0.0,23.0,0,BTGOXD2,mg/L,reported_gmt_minus_4_unconverted
2020-02-07,24,24,24,1.0,high,True,True,True,True,5.071041666666667,5.027,0.5266704669877564,3.824,6.269,4.6645,4.7485,5.273,5.6585,24,0,0,0,0,0.0,23.0,0,BTGOXD2,mg/L,reported_gmt_minus_4_unconverted
2020-02-08,24,24,24,1.0,high,True,True,True,True,7.233791666666668,6.965,1.7099471382413287,4.758,10.923,5.4073,5.97675,8.1205,9.6169,24,0,0,0,0,0.0,23.0,0,BTGOXD2,mg/L,reported_gmt_minus_4_unconverted
2020-02-09,24,24,24,1.0,high,True,True,True,True,8.627041666666665,9.0805,1.3069877907405745,5.798,10.371,6.6918,7.92675,9.57325,9.9686,24,0,0,0,0,0.0,23.0,0,BTGOXD2,mg/L,reported_gmt_minus_4_unconverted
2020-02-10,24,24,24,1.0,high,True,True,True,True,8.278583333333334,8.3235,0.8458145503733002,6.195,9.628,7.3182,7.91375,8.919,9.176599999999999,24,0,0,0,0,0.0,23.0,0,BTGOXD2,mg/L,reported_gmt_minus_4_unconverted
2020-02-11,24,24,1,0.041667,weak,False,False,False,False,8.118,8.118,,8.118,8.118,8.118,8.118,8.118,8.118,1,23,0,0,0,0.0,0.0,23,BTGOXD2,mg/L,reported_gmt_minus_4_unconverted
2020-02-12,24,24,14,0.583333,partial,True,False,False,False,6.801499999999999,6.7835,0.7114502793590007,5.672,8.361,6.0479,6.42875,7.091,7.6764,14,10,0,0,0,0.0,13.0,10,BTGOXD2,mg/L,reported_gmt_minus_4_unconverted
2020-02-13,24,24,0,0.0,missing,False,False,False,False,,,,,,,,,,0,24,0,0,0,,,24,BTGOXD2,mg/L,reported_gmt_minus_4_unconverted
2020-02-14,24,24,0,0.0,missing,False,False,False,False,,,,,,,,,,0,24,0,0,0,,,24,BTGOXD2,mg/L,reported_gmt_minus_4_unconverted
2020-02-15,24,24,0,0.0,missing,False,False,False,False,,,,,,,,,,0,24,0,0,0,,,24,BTGOXD2,mg/L,reported_gmt_minus_4_unconverted
2020-02-16,24,24,0,0.0,missing,False,False,False,False,,,,,,,,,,0,24,0,0,0,,,24,BTGOXD2,mg/L,reported_gmt_minus_4_unconverted
2020-02-17,24,24,0,0.0,missing,False,False,False,False,,,,,,,,,,0,24,0,0,0,,,24,BTGOXD2,mg/L,reported_gmt_minus_4_unconverted
2020-02-18,24,24,0,0.0,missing,False,False,False,False,,,,,,,,,,0,24,0,0,0,,,24,BTGOXD2,mg/L,reported_gmt_minus_4_unconverted
2020-02-19,24,24,0,0.0,missing,False,False,False,False,,,,,,,,,,0,24,0,0,0,,,24,BTGOXD2,mg/L,reported_gmt_minus_4_unconverted
2020-02-20,24,24,0,0.0,missing,False,False,False,False,,,,,,,,,,0,24,0,0,0,,,24,BTGOXD2,mg/L,reported_gmt_minus_4_unconverted
2020-02-21,24,24,0,0.0,missing,False,False,False,False,,,,,,,,,,0,24,0,0,0,,,24,BTGOXD2,mg/L,reported_gmt_minus_4_unconverted
2020-02-22,24,24,0,0.0,missing,False,False,False,False,,,,,,,,,,0,24,0,0,0,,,24,BTGOXD2,mg/L,reported_gmt_minus_4_unconverted
2020-02-23,24,24,0,0.0,missing,False,False,False,False,,,,,,,,,,0,24,0,0,0,,,24,BTGOXD2,mg/L,reported_gmt_minus_4_unconverted
2020-02-24,24,24,0,0.0,missing,False,False,False,False,,,,,,,,,,0,24,0,0,0,,,24,BTGOXD2,mg/L,reported_gmt_minus_4_unconverted
2020-02-25,24,24,0,0.0,missing,False,False,False,False,,,,,,,,,,0,24,0,0,0,,,24,BTGOXD2,mg/L,reported_gmt_minus_4_unconverted
2020-02-26,24,24,0,0.0,missing,False,False,False,False,,,,,,,,,,0,24,0,0,0,,,24,BTGOXD2,mg/L,reported_gmt_minus_4_unconverted
2020-02-27,24,24,0,0.0,missing,False,False,False,False,,,,,,,,,,0,24,0,0,0,,,24,BTGOXD2,mg/L,reported_gmt_minus_4_unconverted
2020-02-28,24,24,0,0.0,missing,False,False,False,False,,,,,,,,,,0,24,0,0,0,,,24,BTGOXD2,mg/L,reported_gmt_minus_4_unconverted
2020-02-29,24,24,0,0.0,missing,False,False,False,False,,,,,,,,,,0,24,0,0,0,,,24,BTGOXD2,mg/L,reported_gmt_minus_4_unconverted
2020-03-01,24,24,0,0.0,missing,False,False,False,False,,,,,,,,,,0,24,0,0,0,,,24,BTGOXD2,mg/L,reported_gmt_minus_4_unconverted
2020-03-02,24,24,0,0.0,missing,False,False,False,False,,,,,,,,,,0,24,0,0,0,,,24,BTGOXD2,mg/L,reported_gmt_minus_4_unconverted
2020-03-03,24,24,0,0.0,missing,False,False,False,False,,,,,,,,,,0,24,0,0,0,,,24,BTGOXD2,mg/L,reported_gmt_minus_4_unconverted
2020-03-04,24,24,0,0.0,missing,False,False,False,False,,,,,,,,,,0,24,0,0,0,,,24,BTGOXD2,mg/L,reported_gmt_minus_4_unconverted
2020-03-05,24,24,0,0.0,missing,False,False,False,False,,,,,,,,,,0,24,0,0,0,,,24,BTGOXD2,mg/L,reported_gmt_minus_4_unconverted
2020-03-06,24,24,0,0.0,missing,False,False,False,False,,,,,,,,,,0,24,0,0,0,,,24,BTGOXD2,mg/L,reported_gmt_minus_4_unconverted
2020-03-07,24,24,0,0.0,missing,False,False,False,False,,,,,,,,,,0,24,0,0,0,,,24,BTGOXD2,mg/L,reported_gmt_minus_4_unconverted
2020-03-08,24,24,0,0.0,missing,False,False,False,False,,,,,,,,,,0,24,0,0,0,,,24,BTGOXD2,mg/L,reported_gmt_minus_4_unconverted
2020-03-09,24,24,0,0.0,missing,False,False,False,False,,,,,,,,,,0,24,0,0,0,,,24,BTGOXD2,mg/L,reported_gmt_minus_4_unconverted
2020-03-10,24,24,0,0.0,missing,False,False,False,False,,,,,,,,,,0,24,0,0,0,,,24,BTGOXD2,mg/L,reported_gmt_minus_4_unconverted
2020-03-11,24,24,0,0.0,missing,False,False,False,False,,,,,,,,,,0,24,0,0,0,,,24,BTGOXD2,mg/L,reported_gmt_minus_4_unconverted
2020-03-12,24,24,0,0.0,missing,False,False,False,False,,,,,,,,,,0,24,0,0,0,,,24,BTGOXD2,mg/L,reported_gmt_minus_4_unconverted
2020-03-13,24,24,0,0.0,missing,False,False,False,False,,,,,,,,,,0,24,0,0,0,,,24,BTGOXD2,mg/L,reported_gmt_minus_4_unconverted
2020-03-14,24,24,0,0.0,missing,False,False,False,False,,,,,,,,,,0,24,0,0,0,,,24,BTGOXD2,mg/L,reported_gmt_minus_4_unconverted
2020-03-15,24,24,0,0.0,missing,False,False,False,False,,,,,,,,,,0,24,0,0,0,,,24,BTGOXD2,mg/L,reported_gmt_minus_4_unconverted
2020-03-16,24,24,0,0.0,missing,False,False,False,False,,,,,,,,,,0,24,0,0,0,,,24,BTGOXD2,mg/L,reported_gmt_minus_4_unconverted
2020-03-17,24,24,0,0.0,missing,False,False,False,False,,,,,,,,,,0,24,0,0,0,,,24,BTGOXD2,mg/L,reported_gmt_minus_4_unconverted
2020-03-18,24,24,0,0.0,missing,False,False,False,False,,,,,,,,,,0,24,0,0,0,,,24,BTGOXD2,mg/L,reported_gmt_minus_4_unconverted
2020-03-19,24,24,0,0.0,missing,False,False,False,False,,,,,,,,,,0,24,0,0,0,,,24,BTGOXD2,mg/L,reported_gmt_minus_4_unconverted
2020-03-20,24,24,0,0.0,missing,False,False,False,False,,,,,,,,,,0,24,0,0,0,,,24,BTGOXD2,mg/L,reported_gmt_minus_4_unconverted
2020-03-21,24,24,0,0.0,missing,False,False,False,False,,,,,,,,,,0,24,0,0,0,,,24,BTGOXD2,mg/L,reported_gmt_minus_4_unconverted
2020-03-22,24,24,0,0.0,missing,False,False,False,False,,,,,,,,,,0,24,0,0,0,,,24,BTGOXD2,mg/L,reported_gmt_minus_4_unconverted
2020-03-23,24,24,0,0.0,missing,False,False,False,False,,,,,,,,,,0,24,0,0,0,,,24,BTGOXD2,mg/L,reported_gmt_minus_4_unconverted
2020-03-24,24,24,0,0.0,missing,False,False,False,False,,,,,,,,,,0,24,0,0,0,,,24,BTGOXD2,mg/L,reported_gmt_minus_4_unconverted
2020-03-25,24,24,0,0.0,missing,False,False,False,False,,,,,,,,,,0,24,0,0,0,,,24,BTGOXD2,mg/L,reported_gmt_minus_4_unconverted
2020-03-26,24,24,0,0.0,missing,False,False,False,False,,,,,,,,,,0,24,0,0,0,,,24,BTGOXD2,mg/L,reported_gmt_minus_4_unconverted
2020-03-27,24,24,0,0.0,missing,False,False,False,False,,,,,,,,,,0,24,0,0,0,,,24,BTGOXD2,mg/L,reported_gmt_minus_4_unconverted
2020-03-28,24,24,0,0.0,missing,False,False,False,False,,,,,,,,,,0,24,0,0,0,,,24,BTGOXD2,mg/L,reported_gmt_minus_4_unconverted
2020-03-29,24,24,0,0.0,missing,False,False,False,False,,,,,,,,,,0,24,0,0,0,,,24,BTGOXD2,mg/L,reported_gmt_minus_4_unconverted
2020-03-30,24,24,0,0.0,missing,False,False,False,False,,,,,,,,,,0,24,0,0,0,,,24,BTGOXD2,mg/L,reported_gmt_minus_4_unconverted
2020-03-31,24,24,0,0.0,missing,False,False,False,False,,,,,,,,,,0,24,0,0,0,,,24,BTGOXD2,mg/L,reported_gmt_minus_4_unconverted
2020-04-01,24,24,0,0.0,missing,False,False,False,False,,,,,,,,,,0,24,0,0,0,,,24,BTGOXD2,mg/L,reported_gmt_minus_4_unconverted
2020-04-02,24,24,0,0.0,missing,False,False,False,False,,,,,,,,,,0,24,0,0,0,,,24,BTGOXD2,mg/L,reported_gmt_minus_4_unconverted
2020-04-03,24,24,0,0.0,missing,False,False,False,False,,,,,,,,,,0,24,0,0,0,,,24,BTGOXD2,mg/L,reported_gmt_minus_4_unconverted
2020-04-04,24,24,0,0.0,missing,False,False,False,False,,,,,,,,,,0,24,0,0,0,,,24,BTGOXD2,mg/L,reported_gmt_minus_4_unconverted
2020-04-05,24,24,0,0.0,missing,False,False,False,False,,,,,,,,,,0,24,0,0,0,,,24,BTGOXD2,mg/L,reported_gmt_minus_4_unconverted
2020-04-06,24,24,0,0.0,missing,False,False,False,False,,,,,,,,,,0,24,0,0,0,,,24,BTGOXD2,mg/L,reported_gmt_minus_4_unconverted
2020-04-07,24,24,0,0.0,missing,False,False,False,False,,,,,,,,,,0,24,0,0,0,,,24,BTGOXD2,mg/L,reported_gmt_minus_4_unconverted
2020-04-08,24,24,0,0.0,missing,False,False,False,False,,,,,,,,,,0,24,0,0,0,,,24,BTGOXD2,mg/L,reported_gmt_minus_4_unconverted
2020-04-09,24,24,0,0.0,missing,False,False,False,False,,,,,,,,,,0,24,0,0,0,,,24,BTGOXD2,mg/L,reported_gmt_minus_4_unconverted
2020-04-10,24,24,0,0.0,missing,False,False,False,False,,,,,,,,,,0,24,0,0,0,,,24,BTGOXD2,mg/L,reported_gmt_minus_4_unconverted
2020-04-11,24,24,0,0.0,missing,False,False,False,False,,,,,,,,,,0,24,0,0,0,,,24,BTGOXD2,mg/L,reported_gmt_minus_4_unconverted
2020-04-12,24,24,0,0.0,missing,False,False,False,False,,,,,,,,,,0,24,0,0,0,,,24,BTGOXD2,mg/L,reported_gmt_minus_4_unconverted
2020-04-13,24,24,0,0.0,missing,False,False,False,False,,,,,,,,,,0,24,0,0,0,,,24,BTGOXD2,mg/L,reported_gmt_minus_4_unconverted
2020-04-14,24,24,0,0.0,missing,False,False,False,False,,,,,,,,,,0,24,0,0,0,,,24,BTGOXD2,mg/L,reported_gmt_minus_4_unconverted
2020-04-15,24,24,0,0.0,missing,False,False,False,False,,,,,,,,,,0,24,0,0,0,,,24,BTGOXD2,mg/L,reported_gmt_minus_4_unconverted
2020-04-16,24,24,0,0.0,missing,False,False,False,False,,,,,,,,,,0,24,0,0,0,,,24,BTGOXD2,mg/L,reported_gmt_minus_4_unconverted
2020-04-17,24,24,0,0.0,missing,False,False,False,False,,,,,,,,,,0,24,0,0,0,,,24,BTGOXD2,mg/L,reported_gmt_minus_4_unconverted
2020-04-18,24,24,0,0.0,missing,False,False,False,False,,,,,,,,,,0,24,0,0,0,,,24,BTGOXD2,mg/L,reported_gmt_minus_4_unconverted
2020-04-19,24,24,0,0.0,missing,False,False,False,False,,,,,,,,,,0,24,0,0,0,,,24,BTGOXD2,mg/L,reported_gmt_minus_4_unconverted
2020-04-20,24,24,0,0.0,missing,False,False,False,False,,,,,,,,,,0,24,0,0,0,,,24,BTGOXD2,mg/L,reported_gmt_minus_4_unconverted
2020-04-21,24,24,0,0.0,missing,False,False,False,False,,,,,,,,,,0,24,0,0,0,,,24,BTGOXD2,mg/L,reported_gmt_minus_4_unconverted
2020-04-22,24,24,0,0.0,missing,False,False,False,False,,,,,,,,,,0,24,0,0,0,,,24,BTGOXD2,mg/L,reported_gmt_minus_4_unconverted
2020-04-23,24,24,0,0.0,missing,False,False,False,False,,,,,,,,,,0,24,0,0,0,,,24,BTGOXD2,mg/L,reported_gmt_minus_4_unconverted
2020-04-24,24,24,0,0.0,missing,False,False,False,False,,,,,,,,,,0,24,0,0,0,,,24,BTGOXD2,mg/L,reported_gmt_minus_4_unconverted
2020-04-25,24,24,0,0.0,missing,False,False,False,False,,,,,,,,,,0,24,0,0,0,,,24,BTGOXD2,mg/L,reported_gmt_minus_4_unconverted
2020-04-26,24,24,0,0.0,missing,False,False,False,False,,,,,,,,,,0,24,0,0,0,,,24,BTGOXD2,mg/L,reported_gmt_minus_4_unconverted
2020-04-27,24,24,0,0.0,missing,False,False,False,False,,,,,,,,,,0,24,0,0,0,,,24,BTGOXD2,mg/L,reported_gmt_minus_4_unconverted
2020-04-28,24,24,0,0.0,missing,False,False,False,False,,,,,,,,,,0,24,0,0,0,,,24,BTGOXD2,mg/L,reported_gmt_minus_4_unconverted
2020-04-29,24,24,0,0.0,missing,False,False,False,False,,,,,,,,,,0,24,0,0,0,,,24,BTGOXD2,mg/L,reported_gmt_minus_4_unconverted
2020-04-30,24,24,0,0.0,missing,False,False,False,False,,,,,,,,,,0,24,0,0,0,,,24,BTGOXD2,mg/L,reported_gmt_minus_4_unconverted
2020-05-01,24,24,0,0.0,missing,False,False,False,False,,,,,,,,,,0,24,0,0,0,,,24,BTGOXD2,mg/L,reported_gmt_minus_4_unconverted
2020-05-02,24,24,0,0.0,missing,False,False,False,False,,,,,,,,,,0,24,0,0,0,,,24,BTGOXD2,mg/L,reported_gmt_minus_4_unconverted
2020-05-03,24,24,0,0.0,missing,False,False,False,False,,,,,,,,,,0,24,0,0,0,,,24,BTGOXD2,mg/L,reported_gmt_minus_4_unconverted
2020-05-04,24,24,0,0.0,missing,False,False,False,False,,,,,,,,,,0,24,0,0,0,,,24,BTGOXD2,mg/L,reported_gmt_minus_4_unconverted
2020-05-05,24,24,0,0.0,missing,False,False,False,False,,,,,,,,,,0,24,0,0,0,,,24,BTGOXD2,mg/L,reported_gmt_minus_4_unconverted
2020-05-06,24,24,0,0.0,missing,False,False,False,False,,,,,,,,,,0,24,0,0,0,,,24,BTGOXD2,mg/L,reported_gmt_minus_4_unconverted
2020-05-07,24,24,0,0.0,missing,False,False,False,False,,,,,,,,,,0,24,0,0,0,,,24,BTGOXD2,mg/L,reported_gmt_minus_4_unconverted
2020-05-08,24,24,0,0.0,missing,False,False,False,False,,,,,,,,,,0,24,0,0,0,,,24,BTGOXD2,mg/L,reported_gmt_minus_4_unconverted
2020-05-09,24,24,0,0.0,missing,False,False,False,False,,,,,,,,,,0,24,0,0,0,,,24,BTGOXD2,mg/L,reported_gmt_minus_4_unconverted
2020-05-10,24,24,0,0.0,missing,False,False,False,False,,,,,,,,,,0,24,0,0,0,,,24,BTGOXD2,mg/L,reported_gmt_minus_4_unconverted
2020-05-11,24,24,0,0.0,missing,False,False,False,False,,,,,,,,,,0,24,0,0,0,,,24,BTGOXD2,mg/L,reported_gmt_minus_4_unconverted
2020-05-12,24,24,0,0.0,missing,False,False,False,False,,,,,,,,,,0,24,0,0,0,,,24,BTGOXD2,mg/L,reported_gmt_minus_4_unconverted
2020-05-13,24,24,0,0.0,missing,False,False,False,False,,,,,,,,,,0,24,0,0,0,,,24,BTGOXD2,mg/L,reported_gmt_minus_4_unconverted
2020-05-14,24,24,0,0.0,missing,False,False,False,False,,,,,,,,,,0,24,0,0,0,,,24,BTGOXD2,mg/L,reported_gmt_minus_4_unconverted
2020-05-15,24,24,0,0.0,missing,False,False,False,False,,,,,,,,,,0,24,0,0,0,,,24,BTGOXD2,mg/L,reported_gmt_minus_4_unconverted
2020-05-16,24,24,0,0.0,missing,False,False,False,False,,,,,,,,,,0,24,0,0,0,,,24,BTGOXD2,mg/L,reported_gmt_minus_4_unconverted
2020-05-17,24,24,0,0.0,missing,False,False,False,False,,,,,,,,,,0,24,0,0,0,,,24,BTGOXD2,mg/L,reported_gmt_minus_4_unconverted
2020-05-18,24,24,0,0.0,missing,False,False,False,False,,,,,,,,,,0,24,0,0,0,,,24,BTGOXD2,mg/L,reported_gmt_minus_4_unconverted
2020-05-19,24,24,0,0.0,missing,False,False,False,False,,,,,,,,,,0,24,0,0,0,,,24,BTGOXD2,mg/L,reported_gmt_minus_4_unconverted
2020-05-20,24,24,0,0.0,missing,False,False,False,False,,,,,,,,,,0,24,0,0,0,,,24,BTGOXD2,mg/L,reported_gmt_minus_4_unconverted
2020-05-21,24,24,0,0.0,missing,False,False,False,False,,,,,,,,,,0,24,0,0,0,,,24,BTGOXD2,mg/L,reported_gmt_minus_4_unconverted
2020-05-22,24,24,0,0.0,missing,False,False,False,False,,,,,,,,,,0,24,0,0,0,,,24,BTGOXD2,mg/L,reported_gmt_minus_4_unconverted
2020-05-23,24,24,0,0.0,missing,False,False,False,False,,,,,,,,,,0,24,0,0,0,,,24,BTGOXD2,mg/L,reported_gmt_minus_4_unconverted
2020-05-24,24,24,0,0.0,missing,False,False,False,False,,,,,,,,,,0,24,0,0,0,,,24,BTGOXD2,mg/L,reported_gmt_minus_4_unconverted
2020-05-25,24,24,0,0.0,missing,False,False,False,False,,,,,,,,,,0,24,0,0,0,,,24,BTGOXD2,mg/L,reported_gmt_minus_4_unconverted
2020-05-26,24,24,0,0.0,missing,False,False,False,False,,,,,,,,,,0,24,0,0,0,,,24,BTGOXD2,mg/L,reported_gmt_minus_4_unconverted
2020-05-27,24,24,0,0.0,missing,False,False,False,False,,,,,,,,,,0,24,0,0,0,,,24,BTGOXD2,mg/L,reported_gmt_minus_4_unconverted
2020-05-28,24,24,0,0.0,missing,False,False,False,False,,,,,,,,,,0,24,0,0,0,,,24,BTGOXD2,mg/L,reported_gmt_minus_4_unconverted
2020-05-29,24,24,0,0.0,missing,False,False,False,False,,,,,,,,,,0,24,0,0,0,,,24,BTGOXD2,mg/L,reported_gmt_minus_4_unconverted
2020-05-30,24,24,0,0.0,missing,False,False,False,False,,,,,,,,,,0,24,0,0,0,,,24,BTGOXD2,mg/L,reported_gmt_minus_4_unconverted
2020-05-31,24,24,0,0.0,missing,False,False,False,False,,,,,,,,,,0,24,0,0,0,,,24,BTGOXD2,mg/L,reported_gmt_minus_4_unconverted
2020-06-01,24,24,0,0.0,missing,False,False,False,False,,,,,,,,,,0,24,0,0,0,,,24,BTGOXD2,mg/L,reported_gmt_minus_4_unconverted
2020-06-02,24,24,0,0.0,missing,False,False,False,False,,,,,,,,,,0,24,0,0,0,,,24,BTGOXD2,mg/L,reported_gmt_minus_4_unconverted
2020-06-03,24,24,0,0.0,missing,False,False,False,False,,,,,,,,,,0,24,0,0,0,,,24,BTGOXD2,mg/L,reported_gmt_minus_4_unconverted
2020-06-04,24,24,0,0.0,missing,False,False,False,False,,,,,,,,,,0,24,0,0,0,,,24,BTGOXD2,mg/L,reported_gmt_minus_4_unconverted
2020-06-05,24,24,0,0.0,missing,False,False,False,False,,,,,,,,,,0,24,0,0,0,,,24,BTGOXD2,mg/L,reported_gmt_minus_4_unconverted
2020-06-06,24,24,0,0.0,missing,False,False,False,False,,,,,,,,,,0,24,0,0,0,,,24,BTGOXD2,mg/L,reported_gmt_minus_4_unconverted
2020-06-07,24,24,0,0.0,missing,False,False,False,False,,,,,,,,,,0,24,0,0,0,,,24,BTGOXD2,mg/L,reported_gmt_minus_4_unconverted
2020-06-08,24,24,0,0.0,missing,False,False,False,False,,,,,,,,,,0,24,0,0,0,,,24,BTGOXD2,mg/L,reported_gmt_minus_4_unconverted
2020-06-09,24,24,0,0.0,missing,False,False,False,False,,,,,,,,,,0,24,0,0,0,,,24,BTGOXD2,mg/L,reported_gmt_minus_4_unconverted
2020-06-10,24,24,0,0.0,missing,False,False,False,False,,,,,,,,,,0,24,0,0,0,,,24,BTGOXD2,mg/L,reported_gmt_minus_4_unconverted
2020-06-11,24,24,0,0.0,missing,False,False,False,False,,,,,,,,,,0,24,0,0,0,,,24,BTGOXD2,mg/L,reported_gmt_minus_4_unconverted
2020-06-12,24,24,0,0.0,missing,False,False,False,False,,,,,,,,,,0,24,0,0,0,,,24,BTGOXD2,mg/L,reported_gmt_minus_4_unconverted
2020-06-13,24,24,0,0.0,missing,False,False,False,False,,,,,,,,,,0,24,0,0,0,,,24,BTGOXD2,mg/L,reported_gmt_minus_4_unconverted
2020-06-14,24,24,0,0.0,missing,False,False,False,False,,,,,,,,,,0,24,0,0,0,,,24,BTGOXD2,mg/L,reported_gmt_minus_4_unconverted
2020-06-15,24,24,0,0.0,missing,False,False,False,False,,,,,,,,,,0,24,0,0,0,,,24,BTGOXD2,mg/L,reported_gmt_minus_4_unconverted
2020-06-16,24,24,0,0.0,missing,False,False,False,False,,,,,,,,,,0,24,0,0,0,,,24,BTGOXD2,mg/L,reported_gmt_minus_4_unconverted
2020-06-17,24,24,0,0.0,missing,False,False,False,False,,,,,,,,,,0,24,0,0,0,,,24,BTGOXD2,mg/L,reported_gmt_minus_4_unconverted
2020-06-18,24,24,0,0.0,missing,False,False,False,False,,,,,,,,,,0,24,0,0,0,,,24,BTGOXD2,mg/L,reported_gmt_minus_4_unconverted
2020-06-19,24,24,0,0.0,missing,False,False,False,False,,,,,,,,,,0,24,0,0,0,,,24,BTGOXD2,mg/L,reported_gmt_minus_4_unconverted
2020-06-20,24,24,0,0.0,missing,False,False,False,False,,,,,,,,,,0,24,0,0,0,,,24,BTGOXD2,mg/L,reported_gmt_minus_4_unconverted
2020-06-21,24,24,0,0.0,missing,False,False,False,False,,,,,,,,,,0,24,0,0,0,,,24,BTGOXD2,mg/L,reported_gmt_minus_4_unconverted
2020-06-22,24,24,0,0.0,missing,False,False,False,False,,,,,,,,,,0,24,0,0,0,,,24,BTGOXD2,mg/L,reported_gmt_minus_4_unconverted
2020-06-23,24,24,0,0.0,missing,False,False,False,False,,,,,,,,,,0,24,0,0,0,,,24,BTGOXD2,mg/L,reported_gmt_minus_4_unconverted
2020-06-24,24,24,0,0.0,missing,False,False,False,False,,,,,,,,,,0,24,0,0,0,,,24,BTGOXD2,mg/L,reported_gmt_minus_4_unconverted
2020-06-25,24,24,0,0.0,missing,False,False,False,False,,,,,,,,,,0,24,0,0,0,,,24,BTGOXD2,mg/L,reported_gmt_minus_4_unconverted
2020-06-26,24,24,0,0.0,missing,False,False,False,False,,,,,,,,,,0,24,0,0,0,,,24,BTGOXD2,mg/L,reported_gmt_minus_4_unconverted
2020-06-27,24,24,0,0.0,missing,False,False,False,False,,,,,,,,,,0,24,0,0,0,,,24,BTGOXD2,mg/L,reported_gmt_minus_4_unconverted
2020-06-28,24,24,0,0.0,missing,False,False,False,False,,,,,,,,,,0,24,0,0,0,,,24,BTGOXD2,mg/L,reported_gmt_minus_4_unconverted
2020-06-29,24,24,0,0.0,missing,False,False,False,False,,,,,,,,,,0,24,0,0,0,,,24,BTGOXD2,mg/L,reported_gmt_minus_4_unconverted
2020-06-30,24,24,0,0.0,missing,False,False,False,False,,,,,,,,,,0,24,0,0,0,,,24,BTGOXD2,mg/L,reported_gmt_minus_4_unconverted
2020-07-01,24,24,0,0.0,missing,False,False,False,False,,,,,,,,,,0,24,0,0,0,,,24,BTGOXD2,mg/L,reported_gmt_minus_4_unconverted
2020-07-02,24,24,0,0.0,missing,False,False,False,False,,,,,,,,,,0,24,0,0,0,,,24,BTGOXD2,mg/L,reported_gmt_minus_4_unconverted
2020-07-03,24,24,0,0.0,missing,False,False,False,False,,,,,,,,,,0,24,0,0,0,,,24,BTGOXD2,mg/L,reported_gmt_minus_4_unconverted
2020-07-04,24,24,0,0.0,missing,False,False,False,False,,,,,,,,,,0,24,0,0,0,,,24,BTGOXD2,mg/L,reported_gmt_minus_4_unconverted
2020-07-05,24,24,0,0.0,missing,False,False,False,False,,,,,,,,,,0,24,0,0,0,,,24,BTGOXD2,mg/L,reported_gmt_minus_4_unconverted
2020-07-06,24,24,0,0.0,missing,False,False,False,False,,,,,,,,,,0,24,0,0,0,,,24,BTGOXD2,mg/L,reported_gmt_minus_4_unconverted
2020-07-07,24,24,0,0.0,missing,False,False,False,False,,,,,,,,,,0,24,0,0,0,,,24,BTGOXD2,mg/L,reported_gmt_minus_4_unconverted
2020-07-08,24,24,0,0.0,missing,False,False,False,False,,,,,,,,,,0,24,0,0,0,,,24,BTGOXD2,mg/L,reported_gmt_minus_4_unconverted
2020-07-09,24,24,0,0.0,missing,False,False,False,False,,,,,,,,,,0,24,0,0,0,,,24,BTGOXD2,mg/L,reported_gmt_minus_4_unconverted
2020-07-10,24,24,0,0.0,missing,False,False,False,False,,,,,,,,,,0,24,0,0,0,,,24,BTGOXD2,mg/L,reported_gmt_minus_4_unconverted
2020-07-11,24,24,0,0.0,missing,False,False,False,False,,,,,,,,,,0,24,0,0,0,,,24,BTGOXD2,mg/L,reported_gmt_minus_4_unconverted
2020-07-12,24,24,0,0.0,missing,False,False,False,False,,,,,,,,,,0,24,0,0,0,,,24,BTGOXD2,mg/L,reported_gmt_minus_4_unconverted
2020-07-13,24,24,0,0.0,missing,False,False,False,False,,,,,,,,,,0,24,0,0,0,,,24,BTGOXD2,mg/L,reported_gmt_minus_4_unconverted
2020-07-14,24,24,0,0.0,missing,False,False,False,False,,,,,,,,,,0,24,0,0,0,,,24,BTGOXD2,mg/L,reported_gmt_minus_4_unconverted
2020-07-15,24,24,0,0.0,missing,False,False,False,False,,,,,,,,,,0,24,0,0,0,,,24,BTGOXD2,mg/L,reported_gmt_minus_4_unconverted
2020-07-16,24,24,0,0.0,missing,False,False,False,False,,,,,,,,,,0,24,0,0,0,,,24,BTGOXD2,mg/L,reported_gmt_minus_4_unconverted
2020-07-17,24,24,0,0.0,missing,False,False,False,False,,,,,,,,,,0,24,0,0,0,,,24,BTGOXD2,mg/L,reported_gmt_minus_4_unconverted
2020-07-18,24,24,0,0.0,missing,False,False,False,False,,,,,,,,,,0,24,0,0,0,,,24,BTGOXD2,mg/L,reported_gmt_minus_4_unconverted
2020-07-19,24,24,0,0.0,missing,False,False,False,False,,,,,,,,,,0,24,0,0,0,,,24,BTGOXD2,mg/L,reported_gmt_minus_4_unconverted
2020-07-20,24,24,0,0.0,missing,False,False,False,False,,,,,,,,,,0,24,0,0,0,,,24,BTGOXD2,mg/L,reported_gmt_minus_4_unconverted
2020-07-21,24,24,0,0.0,missing,False,False,False,False,,,,,,,,,,0,24,0,0,0,,,24,BTGOXD2,mg/L,reported_gmt_minus_4_unconverted
2020-07-22,24,24,0,0.0,missing,False,False,False,False,,,,,,,,,,0,24,0,0,0,,,24,BTGOXD2,mg/L,reported_gmt_minus_4_unconverted
2020-07-23,24,24,0,0.0,missing,False,False,False,False,,,,,,,,,,0,24,0,0,0,,,24,BTGOXD2,mg/L,reported_gmt_minus_4_unconverted
2020-07-24,24,24,0,0.0,missing,False,False,False,False,,,,,,,,,,0,24,0,0,0,,,24,BTGOXD2,mg/L,reported_gmt_minus_4_unconverted
2020-07-25,24,24,0,0.0,missing,False,False,False,False,,,,,,,,,,0,24,0,0,0,,,24,BTGOXD2,mg/L,reported_gmt_minus_4_unconverted
2020-07-26,24,24,0,0.0,missing,False,False,False,False,,,,,,,,,,0,24,0,0,0,,,24,BTGOXD2,mg/L,reported_gmt_minus_4_unconverted
2020-07-27,24,24,0,0.0,missing,False,False,False,False,,,,,,,,,,0,24,0,0,0,,,24,BTGOXD2,mg/L,reported_gmt_minus_4_unconverted
2020-07-28,24,24,0,0.0,missing,False,False,False,False,,,,,,,,,,0,24,0,0,0,,,24,BTGOXD2,mg/L,reported_gmt_minus_4_unconverted
2020-07-29,24,24,0,0.0,missing,False,False,False,False,,,,,,,,,,0,24,0,0,0,,,24,BTGOXD2,mg/L,reported_gmt_minus_4_unconverted
2020-07-30,24,24,0,0.0,missing,False,False,False,False,,,,,,,,,,0,24,0,0,0,,,24,BTGOXD2,mg/L,reported_gmt_minus_4_unconverted
2020-07-31,24,24,0,0.0,missing,False,False,False,False,,,,,,,,,,0,24,0,0,0,,,24,BTGOXD2,mg/L,reported_gmt_minus_4_unconverted
2020-08-01,24,24,0,0.0,missing,False,False,False,False,,,,,,,,,,0,24,0,0,0,,,24,BTGOXD2,mg/L,reported_gmt_minus_4_unconverted
2020-08-02,24,24,0,0.0,missing,False,False,False,False,,,,,,,,,,0,24,0,0,0,,,24,BTGOXD2,mg/L,reported_gmt_minus_4_unconverted
2020-08-03,24,24,0,0.0,missing,False,False,False,False,,,,,,,,,,0,24,0,0,0,,,24,BTGOXD2,mg/L,reported_gmt_minus_4_unconverted
2020-08-04,24,24,0,0.0,missing,False,False,False,False,,,,,,,,,,0,24,0,0,0,,,24,BTGOXD2,mg/L,reported_gmt_minus_4_unconverted
2020-08-05,24,24,0,0.0,missing,False,False,False,False,,,,,,,,,,0,24,0,0,0,,,24,BTGOXD2,mg/L,reported_gmt_minus_4_unconverted
2020-08-06,24,24,0,0.0,missing,False,False,False,False,,,,,,,,,,0,24,0,0,0,,,24,BTGOXD2,mg/L,reported_gmt_minus_4_unconverted
2020-08-07,24,24,0,0.0,missing,False,False,False,False,,,,,,,,,,0,24,0,0,0,,,24,BTGOXD2,mg/L,reported_gmt_minus_4_unconverted
2020-08-08,24,24,0,0.0,missing,False,False,False,False,,,,,,,,,,0,24,0,0,0,,,24,BTGOXD2,mg/L,reported_gmt_minus_4_unconverted
2020-08-09,24,24,0,0.0,missing,False,False,False,False,,,,,,,,,,0,24,0,0,0,,,24,BTGOXD2,mg/L,reported_gmt_minus_4_unconverted
2020-08-10,24,24,0,0.0,missing,False,False,False,False,,,,,,,,,,0,24,0,0,0,,,24,BTGOXD2,mg/L,reported_gmt_minus_4_unconverted
2020-08-11,24,24,0,0.0,missing,False,False,False,False,,,,,,,,,,0,24,0,0,0,,,24,BTGOXD2,mg/L,reported_gmt_minus_4_unconverted
2020-08-12,24,24,0,0.0,missing,False,False,False,False,,,,,,,,,,0,24,0,0,0,,,24,BTGOXD2,mg/L,reported_gmt_minus_4_unconverted
2020-08-13,24,24,0,0.0,missing,False,False,False,False,,,,,,,,,,0,24,0,0,0,,,24,BTGOXD2,mg/L,reported_gmt_minus_4_unconverted
2020-08-14,24,24,0,0.0,missing,False,False,False,False,,,,,,,,,,0,24,0,0,0,,,24,BTGOXD2,mg/L,reported_gmt_minus_4_unconverted
2020-08-15,24,24,0,0.0,missing,False,False,False,False,,,,,,,,,,0,24,0,0,0,,,24,BTGOXD2,mg/L,reported_gmt_minus_4_unconverted
2020-08-16,24,24,0,0.0,missing,False,False,False,False,,,,,,,,,,0,24,0,0,0,,,24,BTGOXD2,mg/L,reported_gmt_minus_4_unconverted
2020-08-17,24,24,0,0.0,missing,False,False,False,False,,,,,,,,,,0,24,0,0,0,,,24,BTGOXD2,mg/L,reported_gmt_minus_4_unconverted
2020-08-18,24,24,0,0.0,missing,False,False,False,False,,,,,,,,,,0,24,0,0,0,,,24,BTGOXD2,mg/L,reported_gmt_minus_4_unconverted
2020-08-19,24,24,0,0.0,missing,False,False,False,False,,,,,,,,,,0,24,0,0,0,,,24,BTGOXD2,mg/L,reported_gmt_minus_4_unconverted
2020-08-20,24,24,0,0.0,missing,False,False,False,False,,,,,,,,,,0,24,0,0,0,,,24,BTGOXD2,mg/L,reported_gmt_minus_4_unconverted
2020-08-21,24,24,0,0.0,missing,False,False,False,False,,,,,,,,,,0,24,0,0,0,,,24,BTGOXD2,mg/L,reported_gmt_minus_4_unconverted
2020-08-22,24,24,0,0.0,missing,False,False,False,False,,,,,,,,,,0,24,0,0,0,,,24,BTGOXD2,mg/L,reported_gmt_minus_4_unconverted
2020-08-23,24,24,0,0.0,missing,False,False,False,False,,,,,,,,,,0,24,0,0,0,,,24,BTGOXD2,mg/L,reported_gmt_minus_4_unconverted
2020-08-24,24,24,0,0.0,missing,False,False,False,False,,,,,,,,,,0,24,0,0,0,,,24,BTGOXD2,mg/L,reported_gmt_minus_4_unconverted
2020-08-25,24,24,0,0.0,missing,False,False,False,False,,,,,,,,,,0,24,0,0,0,,,24,BTGOXD2,mg/L,reported_gmt_minus_4_unconverted
2020-08-26,24,24,0,0.0,missing,False,False,False,False,,,,,,,,,,0,24,0,0,0,,,24,BTGOXD2,mg/L,reported_gmt_minus_4_unconverted
2020-08-27,24,24,0,0.0,missing,False,False,False,False,,,,,,,,,,0,24,0,0,0,,,24,BTGOXD2,mg/L,reported_gmt_minus_4_unconverted
2020-08-28,24,24,0,0.0,missing,False,False,False,False,,,,,,,,,,0,24,0,0,0,,,24,BTGOXD2,mg/L,reported_gmt_minus_4_unconverted
2020-08-29,24,24,0,0.0,missing,False,False,False,False,,,,,,,,,,0,24,0,0,0,,,24,BTGOXD2,mg/L,reported_gmt_minus_4_unconverted
2020-08-30,24,24,0,0.0,missing,False,False,False,False,,,,,,,,,,0,24,0,0,0,,,24,BTGOXD2,mg/L,reported_gmt_minus_4_unconverted
2020-08-31,24,24,0,0.0,missing,False,False,False,False,,,,,,,,,,0,24,0,0,0,,,24,BTGOXD2,mg/L,reported_gmt_minus_4_unconverted
2020-09-01,24,24,0,0.0,missing,False,False,False,False,,,,,,,,,,0,24,0,0,0,,,24,BTGOXD2,mg/L,reported_gmt_minus_4_unconverted
2020-09-02,24,24,0,0.0,missing,False,False,False,False,,,,,,,,,,0,24,0,0,0,,,24,BTGOXD2,mg/L,reported_gmt_minus_4_unconverted
2020-09-03,24,24,0,0.0,missing,False,False,False,False,,,,,,,,,,0,24,0,0,0,,,24,BTGOXD2,mg/L,reported_gmt_minus_4_unconverted
2020-09-04,24,24,0,0.0,missing,False,False,False,False,,,,,,,,,,0,24,0,0,0,,,24,BTGOXD2,mg/L,reported_gmt_minus_4_unconverted
2020-09-05,24,24,0,0.0,missing,False,False,False,False,,,,,,,,,,0,24,0,0,0,,,24,BTGOXD2,mg/L,reported_gmt_minus_4_unconverted
2020-09-06,24,24,0,0.0,missing,False,False,False,False,,,,,,,,,,0,24,0,0,0,,,24,BTGOXD2,mg/L,reported_gmt_minus_4_unconverted
2020-09-07,24,24,0,0.0,missing,False,False,False,False,,,,,,,,,,0,24,0,0,0,,,24,BTGOXD2,mg/L,reported_gmt_minus_4_unconverted
2020-09-08,24,24,0,0.0,missing,False,False,False,False,,,,,,,,,,0,24,0,0,0,,,24,BTGOXD2,mg/L,reported_gmt_minus_4_unconverted
2020-09-09,24,24,0,0.0,missing,False,False,False,False,,,,,,,,,,0,24,0,0,0,,,24,BTGOXD2,mg/L,reported_gmt_minus_4_unconverted
2020-09-10,24,24,0,0.0,missing,False,False,False,False,,,,,,,,,,0,24,0,0,0,,,24,BTGOXD2,mg/L,reported_gmt_minus_4_unconverted
2020-09-11,24,24,0,0.0,missing,False,False,False,False,,,,,,,,,,0,24,0,0,0,,,24,BTGOXD2,mg/L,reported_gmt_minus_4_unconverted
2020-09-12,24,24,0,0.0,missing,False,False,False,False,,,,,,,,,,0,24,0,0,0,,,24,BTGOXD2,mg/L,reported_gmt_minus_4_unconverted
2020-09-13,24,24,0,0.0,missing,False,False,False,False,,,,,,,,,,0,24,0,0,0,,,24,BTGOXD2,mg/L,reported_gmt_minus_4_unconverted
2020-09-14,24,24,0,0.0,missing,False,False,False,False,,,,,,,,,,0,24,0,0,0,,,24,BTGOXD2,mg/L,reported_gmt_minus_4_unconverted
2020-09-15,24,24,0,0.0,missing,False,False,False,False,,,,,,,,,,0,24,0,0,0,,,24,BTGOXD2,mg/L,reported_gmt_minus_4_unconverted
2020-09-16,24,24,0,0.0,missing,False,False,False,False,,,,,,,,,,0,24,0,0,0,,,24,BTGOXD2,mg/L,reported_gmt_minus_4_unconverted
2020-09-17,24,24,0,0.0,missing,False,False,False,False,,,,,,,,,,0,24,0,0,0,,,24,BTGOXD2,mg/L,reported_gmt_minus_4_unconverted
2020-09-18,24,24,0,0.0,missing,False,False,False,False,,,,,,,,,,0,24,0,0,0,,,24,BTGOXD2,mg/L,reported_gmt_minus_4_unconverted
2020-09-19,24,24,0,0.0,missing,False,False,False,False,,,,,,,,,,0,24,0,0,0,,,24,BTGOXD2,mg/L,reported_gmt_minus_4_unconverted
2020-09-20,24,24,0,0.0,missing,False,False,False,False,,,,,,,,,,0,24,0,0,0,,,24,BTGOXD2,mg/L,reported_gmt_minus_4_unconverted
2020-09-21,24,24,0,0.0,missing,False,False,False,False,,,,,,,,,,0,24,0,0,0,,,24,BTGOXD2,mg/L,reported_gmt_minus_4_unconverted
2020-09-22,24,24,0,0.0,missing,False,False,False,False,,,,,,,,,,0,24,0,0,0,,,24,BTGOXD2,mg/L,reported_gmt_minus_4_unconverted
2020-09-23,24,24,0,0.0,missing,False,False,False,False,,,,,,,,,,0,24,0,0,0,,,24,BTGOXD2,mg/L,reported_gmt_minus_4_unconverted
2020-09-24,24,24,0,0.0,missing,False,False,False,False,,,,,,,,,,0,24,0,0,0,,,24,BTGOXD2,mg/L,reported_gmt_minus_4_unconverted
2020-09-25,24,24,0,0.0,missing,False,False,False,False,,,,,,,,,,0,24,0,0,0,,,24,BTGOXD2,mg/L,reported_gmt_minus_4_unconverted
2020-09-26,24,24,0,0.0,missing,False,False,False,False,,,,,,,,,,0,24,0,0,0,,,24,BTGOXD2,mg/L,reported_gmt_minus_4_unconverted
2020-09-27,24,24,0,0.0,missing,False,False,False,False,,,,,,,,,,0,24,0,0,0,,,24,BTGOXD2,mg/L,reported_gmt_minus_4_unconverted
2020-09-28,24,24,0,0.0,missing,False,False,False,False,,,,,,,,,,0,24,0,0,0,,,24,BTGOXD2,mg/L,reported_gmt_minus_4_unconverted
2020-09-29,24,24,0,0.0,missing,False,False,False,False,,,,,,,,,,0,24,0,0,0,,,24,BTGOXD2,mg/L,reported_gmt_minus_4_unconverted
2020-09-30,24,24,0,0.0,missing,False,False,False,False,,,,,,,,,,0,24,0,0,0,,,24,BTGOXD2,mg/L,reported_gmt_minus_4_unconverted
2020-10-01,24,24,0,0.0,missing,False,False,False,False,,,,,,,,,,0,24,0,0,0,,,24,BTGOXD2,mg/L,reported_gmt_minus_4_unconverted
2020-10-02,24,24,0,0.0,missing,False,False,False,False,,,,,,,,,,0,24,0,0,0,,,24,BTGOXD2,mg/L,reported_gmt_minus_4_unconverted
2020-10-03,24,24,0,0.0,missing,False,False,False,False,,,,,,,,,,0,24,0,0,0,,,24,BTGOXD2,mg/L,reported_gmt_minus_4_unconverted
2020-10-04,24,24,0,0.0,missing,False,False,False,False,,,,,,,,,,0,24,0,0,0,,,24,BTGOXD2,mg/L,reported_gmt_minus_4_unconverted
2020-10-05,24,24,0,0.0,missing,False,False,False,False,,,,,,,,,,0,24,0,0,0,,,24,BTGOXD2,mg/L,reported_gmt_minus_4_unconverted
2020-10-06,24,24,0,0.0,missing,False,False,False,False,,,,,,,,,,0,24,0,0,0,,,24,BTGOXD2,mg/L,reported_gmt_minus_4_unconverted
2020-10-07,24,24,0,0.0,missing,False,False,False,False,,,,,,,,,,0,24,0,0,0,,,24,BTGOXD2,mg/L,reported_gmt_minus_4_unconverted
2020-10-08,24,24,0,0.0,missing,False,False,False,False,,,,,,,,,,0,24,0,0,0,,,24,BTGOXD2,mg/L,reported_gmt_minus_4_unconverted
2020-10-09,24,24,0,0.0,missing,False,False,False,False,,,,,,,,,,0,24,0,0,0,,,24,BTGOXD2,mg/L,reported_gmt_minus_4_unconverted
2020-10-10,24,24,0,0.0,missing,False,False,False,False,,,,,,,,,,0,24,0,0,0,,,24,BTGOXD2,mg/L,reported_gmt_minus_4_unconverted
2020-10-11,24,24,0,0.0,missing,False,False,False,False,,,,,,,,,,0,24,0,0,0,,,24,BTGOXD2,mg/L,reported_gmt_minus_4_unconverted
2020-10-12,24,24,0,0.0,missing,False,False,False,False,,,,,,,,,,0,24,0,0,0,,,24,BTGOXD2,mg/L,reported_gmt_minus_4_unconverted
2020-10-13,24,24,0,0.0,missing,False,False,False,False,,,,,,,,,,0,24,0,0,0,,,24,BTGOXD2,mg/L,reported_gmt_minus_4_unconverted
2020-10-14,24,24,0,0.0,missing,False,False,False,False,,,,,,,,,,0,24,0,0,0,,,24,BTGOXD2,mg/L,reported_gmt_minus_4_unconverted
2020-10-15,24,24,0,0.0,missing,False,False,False,False,,,,,,,,,,0,24,0,0,0,,,24,BTGOXD2,mg/L,reported_gmt_minus_4_unconverted
2020-10-16,24,24,0,0.0,missing,False,False,False,False,,,,,,,,,,0,24,0,0,0,,,24,BTGOXD2,mg/L,reported_gmt_minus_4_unconverted
2020-10-17,24,24,0,0.0,missing,False,False,False,False,,,,,,,,,,0,24,0,0,0,,,24,BTGOXD2,mg/L,reported_gmt_minus_4_unconverted
2020-10-18,24,24,0,0.0,missing,False,False,False,False,,,,,,,,,,0,24,0,0,0,,,24,BTGOXD2,mg/L,reported_gmt_minus_4_unconverted
2020-10-19,24,24,0,0.0,missing,False,False,False,False,,,,,,,,,,0,24,0,0,0,,,24,BTGOXD2,mg/L,reported_gmt_minus_4_unconverted
2020-10-20,24,24,0,0.0,missing,False,False,False,False,,,,,,,,,,0,24,0,0,0,,,24,BTGOXD2,mg/L,reported_gmt_minus_4_unconverted
2020-10-21,24,24,0,0.0,missing,False,False,False,False,,,,,,,,,,0,24,0,0,0,,,24,BTGOXD2,mg/L,reported_gmt_minus_4_unconverted
2020-10-22,24,24,0,0.0,missing,False,False,False,False,,,,,,,,,,0,24,0,0,0,,,24,BTGOXD2,mg/L,reported_gmt_minus_4_unconverted
2020-10-23,24,24,0,0.0,missing,False,False,False,False,,,,,,,,,,0,24,0,0,0,,,24,BTGOXD2,mg/L,reported_gmt_minus_4_unconverted
2020-10-24,24,24,24,1.0,high,True,True,True,True,3.8221249999999998,3.4989999999999997,1.2506213173250431,2.179,6.742,2.6571000000000002,2.86125,4.583,5.6919,24,0,0,0,0,0.0,23.0,0,BTGOXD2,mg/L,reported_gmt_minus_4_unconverted
2020-10-25,24,24,24,1.0,high,True,True,True,True,3.233916666666667,3.1805000000000003,1.0881531188876534,1.225,5.358,1.8960000000000001,2.526,4.327,4.457,24,0,0,0,0,0.0,23.0,0,BTGOXD2,mg/L,reported_gmt_minus_4_unconverted
2020-10-26,24,24,24,1.0,high,True,True,True,True,2.6317500000000003,2.6795,0.9070139373839278,1.124,4.136,1.4457,1.93425,3.31625,3.8161,24,0,0,0,0,0.0,23.0,0,BTGOXD2,mg/L,reported_gmt_minus_4_unconverted
2020-10-27,24,24,24,1.0,high,True,True,True,True,2.718083333333333,2.6985,1.077957243512274,1.091,5.465,1.4779,2.14125,3.1395,3.9236999999999993,24,0,0,0,0,0.0,23.0,0,BTGOXD2,mg/L,reported_gmt_minus_4_unconverted
2020-10-28,24,24,24,1.0,high,True,True,True,True,2.065375,1.7165,1.2919541253297353,0.324,4.644,0.7688,1.04525,2.8754999999999997,4.0747,24,0,0,0,0,0.0,23.0,0,BTGOXD2,mg/L,reported_gmt_minus_4_unconverted
2020-10-29,24,24,24,1.0,high,True,True,True,True,2.1973333333333334,1.954,1.0521784303412431,0.233,3.855,1.2025000000000001,1.4657499999999999,3.156,3.3882,24,0,0,0,0,0.0,23.0,0,BTGOXD2,mg/L,reported_gmt_minus_4_unconverted
2020-10-30,24,24,24,1.0,high,True,True,True,True,3.1859583333333332,3.1755,0.7656168004589029,1.678,5.057,2.3178,2.8112500000000002,3.45725,4.0543000000000005,24,0,0,0,0,0.0,23.0,0,BTGOXD2,mg/L,reported_gmt_minus_4_unconverted
2020-10-31,24,24,24,1.0,high,True,True,True,True,4.352,4.4185,1.129015731395772,2.547,6.316,2.7471,3.512,5.09375,5.9146,24,0,0,0,0,0.0,23.0,0,BTGOXD2,mg/L,reported_gmt_minus_4_unconverted
2020-11-01,24,24,24,1.0,high,True,True,True,True,4.894458333333334,5.1055,0.7618888415537125,3.436,5.988,3.8867,4.221,5.54825,5.67,24,0,0,0,0,0.0,23.0,0,BTGOXD2,mg/L,reported_gmt_minus_4_unconverted
2020-11-02,24,24,24,1.0,high,True,True,True,True,5.118333333333333,5.1745,1.0945699042831019,3.193,7.305,3.4712,4.492,5.696,6.345899999999999,24,0,0,0,0,0.0,23.0,0,BTGOXD2,mg/L,reported_gmt_minus_4_unconverted
2020-11-03,24,24,24,1.0,high,True,True,True,True,5.316875,5.336,0.8704429813007009,3.245,6.822,4.2634,4.74425,6.10425,6.3003,24,0,0,0,0,0.0,23.0,0,BTGOXD2,mg/L,reported_gmt_minus_4_unconverted
2020-11-04,24,24,24,1.0,high,True,True,True,True,6.180875,6.22,0.6951766939919413,4.218,7.065,5.5091,5.71475,6.74925,6.9101,24,0,0,0,0,0.0,23.0,0,BTGOXD2,mg/L,reported_gmt_minus_4_unconverted
2020-11-05,24,24,24,1.0,high,True,True,True,True,6.046625,6.412,0.9266917226958724,3.872,7.223,4.8597,5.5192499999999995,6.6565,6.9267,24,0,0,0,0,0.0,23.0,0,BTGOXD2,mg/L,reported_gmt_minus_4_unconverted
2020-11-06,24,24,24,1.0,high,True,True,True,True,3.9638333333333335,3.7675,1.2653823847794565,1.429,6.09,2.2413000000000003,3.3042499999999997,4.99775,5.4246,24,0,0,0,0,0.0,23.0,0,BTGOXD2,mg/L,reported_gmt_minus_4_unconverted
2020-11-07,24,24,24,1.0,high,True,True,True,True,3.958375,4.3295,1.441058753667504,1.237,5.826,2.1541,2.72125,5.13475,5.4497,24,0,0,0,0,0.0,23.0,0,BTGOXD2,mg/L,reported_gmt_minus_4_unconverted
2020-11-08,24,24,24,1.0,high,True,True,True,True,5.056166666666667,5.615,1.0147767656277764,2.777,5.986,3.4002,4.32575,5.7815,5.9036,24,0,0,0,0,0.0,23.0,0,BTGOXD2,mg/L,reported_gmt_minus_4_unconverted
2020-11-09,24,24,24,1.0,high,True,True,True,True,4.786666666666666,4.7765,1.1783205316730754,2.361,6.858,3.099,4.261,5.36325,6.321999999999999,24,0,0,0,0,0.0,23.0,0,BTGOXD2,mg/L,reported_gmt_minus_4_unconverted
2020-11-10,24,24,24,1.0,high,True,True,True,True,4.769166666666666,4.8415,1.0731203857530804,2.71,6.853,3.0603,4.298,5.25775,6.0108999999999995,24,0,0,0,0,0.0,23.0,0,BTGOXD2,mg/L,reported_gmt_minus_4_unconverted
2020-11-11,24,24,24,1.0,high,True,True,True,True,4.273416666666667,4.3395,0.5522718231692313,3.391,5.536,3.5967000000000002,3.76375,4.509499999999999,4.9643999999999995,24,0,0,0,0,0.0,23.0,0,BTGOXD2,mg/L,reported_gmt_minus_4_unconverted
2020-11-12,24,24,24,1.0,high,True,True,True,True,4.4874583333333335,4.417,0.985605396793466,2.607,6.489,3.4478999999999997,3.79,5.24325,5.611599999999999,24,0,0,0,0,0.0,23.0,0,BTGOXD2,mg/L,reported_gmt_minus_4_unconverted
2020-11-13,24,24,24,1.0,high,True,True,True,True,4.996041666666667,4.8115,1.235402010935383,2.791,6.974,3.3441000000000005,4.3235,5.80175,6.9147,24,0,0,0,0,0.0,23.0,0,BTGOXD2,mg/L,reported_gmt_minus_4_unconverted
2020-11-14,24,24,24,1.0,high,True,True,True,True,4.089083333333333,3.9775,0.6487765688061523,2.936,5.216,3.2692,3.72125,4.5275,4.9508,24,0,0,0,0,0.0,23.0,0,BTGOXD2,mg/L,reported_gmt_minus_4_unconverted
2020-11-15,24,24,24,1.0,high,True,True,True,True,3.612916666666667,3.5365,0.9357283569343267,2.263,5.697,2.6330999999999998,2.95375,3.95,5.1335,24,0,0,0,0,0.0,23.0,0,BTGOXD2,mg/L,reported_gmt_minus_4_unconverted
2020-11-16,24,24,24,1.0,high,True,True,True,True,3.0561666666666674,3.323,1.0505197747312753,1.203,4.365,1.4307,2.15625,3.947,4.152,24,0,0,0,0,0.0,23.0,0,BTGOXD2,mg/L,reported_gmt_minus_4_unconverted
2020-11-17,24,24,24,1.0,high,True,True,True,True,3.5336250000000002,2.93,1.250436404255313,1.812,5.607,2.4107,2.55175,4.73975,5.3594,24,0,0,0,0,0.0,23.0,0,BTGOXD2,mg/L,reported_gmt_minus_4_unconverted
2020-11-18,24,24,24,1.0,high,True,True,True,True,3.446333333333333,3.05,1.3381559559030631,1.96,6.384,2.1380000000000003,2.45075,4.167,5.697699999999999,24,0,0,0,0,0.0,23.0,0,BTGOXD2,mg/L,reported_gmt_minus_4_unconverted
2020-11-19,24,24,24,1.0,high,True,True,True,True,3.6797916666666666,3.2495000000000003,1.2073131137820647,2.485,7.366,2.6144,2.7835,4.1315,4.7722,24,0,0,0,0,0.0,23.0,0,BTGOXD2,mg/L,reported_gmt_minus_4_unconverted
2020-11-20,24,24,24,1.0,high,True,True,True,True,4.074833333333333,3.793,1.3642753026604548,1.589,6.894,2.5090000000000003,3.5755,4.79225,6.250799999999999,24,0,0,0,0,0.0,23.0,0,BTGOXD2,mg/L,reported_gmt_minus_4_unconverted
2020-11-21,24,24,24,1.0,high,True,True,True,True,2.2375833333333333,2.197,0.9301457537334705,0.954,5.246,1.2195,1.6265,2.7537499999999997,3.1321,24,0,0,0,0,0.0,23.0,0,BTGOXD2,mg/L,reported_gmt_minus_4_unconverted
2020-11-22,24,24,24,1.0,high,True,True,True,True,2.379166666666667,2.213,0.8462245393596742,1.047,4.915,1.4111000000000002,1.8820000000000001,2.92025,3.0902,24,0,0,0,0,0.0,23.0,0,BTGOXD2,mg/L,reported_gmt_minus_4_unconverted
2020-11-23,24,24,24,1.0,high,True,True,True,True,3.9432916666666666,3.9565,0.618851986178522,2.415,5.073,3.2606,3.6239999999999997,4.17425,4.7805,24,0,0,0,0,0.0,23.0,0,BTGOXD2,mg/L,reported_gmt_minus_4_unconverted
2020-11-24,24,24,24,1.0,high,True,True,True,True,3.432541666666667,3.1645000000000003,0.8751897672066261,2.207,5.379,2.5399000000000003,2.8202499999999997,3.92975,4.5533,24,0,0,0,0,0.0,23.0,0,BTGOXD2,mg/L,reported_gmt_minus_4_unconverted
2020-11-25,24,24,24,1.0,high,True,True,True,True,2.9472500000000004,2.689,0.7918241048638759,1.9,5.065,2.1421,2.5149999999999997,3.27325,3.9017999999999997,24,0,0,0,0,0.0,23.0,0,BTGOXD2,mg/L,reported_gmt_minus_4_unconverted
2020-11-26,24,24,24,1.0,high,True,True,True,True,3.5978333333333326,3.9395,0.896341776171425,1.969,4.48,2.378,2.46175,4.328749999999999,4.4394,24,0,0,0,0,0.0,23.0,0,BTGOXD2,mg/L,reported_gmt_minus_4_unconverted
2020-11-27,24,24,24,1.0,high,True,True,True,True,4.962375,4.932,1.0362362418449973,3.727,6.797,3.8023,3.9555,5.8485,6.4519,24,0,0,0,0,0.0,23.0,0,BTGOXD2,mg/L,reported_gmt_minus_4_unconverted
2020-11-28,24,24,24,1.0,high,True,True,True,True,5.434458333333333,5.633,1.1287568374935346,3.071,6.86,4.0367999999999995,4.529,6.4197500000000005,6.647600000000001,24,0,0,0,0,0.0,23.0,0,BTGOXD2,mg/L,reported_gmt_minus_4_unconverted
2020-11-29,24,24,24,1.0,high,True,True,True,True,4.385916666666667,4.066000000000001,0.6572399414062646,3.47,5.414,3.6619,3.8507499999999997,5.01225,5.2667,24,0,0,0,0,0.0,23.0,0,BTGOXD2,mg/L,reported_gmt_minus_4_unconverted
2020-11-30,24,24,24,1.0,high,True,True,True,True,4.346,4.2940000000000005,1.043040038416134,2.798,6.604,3.0821,3.69925,4.9087499999999995,5.6552999999999995,24,0,0,0,0,0.0,23.0,0,BTGOXD2,mg/L,reported_gmt_minus_4_unconverted
2020-12-01,24,24,24,1.0,high,True,True,True,True,6.074000000000001,6.33,0.9726359969735316,3.739,7.488,4.3249,5.911,6.628,6.8321000000000005,24,0,0,0,0,0.0,23.0,0,BTGOXD2,mg/L,reported_gmt_minus_4_unconverted
2020-12-02,24,24,24,1.0,high,True,True,True,True,5.069791666666667,5.177,1.207695433069932,1.759,6.786,3.8647,4.8725000000000005,5.65525,6.5331,24,0,0,0,0,0.0,23.0,0,BTGOXD2,mg/L,reported_gmt_minus_4_unconverted
2020-12-03,24,24,24,1.0,high,True,True,True,True,3.98775,3.6,1.3889861566906492,1.726,6.043,2.3774,3.00275,5.36625,5.926399999999999,24,0,0,0,0,0.0,23.0,0,BTGOXD2,mg/L,reported_gmt_minus_4_unconverted
2020-12-04,24,24,24,1.0,high,True,True,True,True,6.5027083333333335,6.436,0.9819336061486327,5.11,8.204,5.4111,5.7787500000000005,7.247249999999999,7.9722,24,0,0,0,0,0.0,23.0,0,BTGOXD2,mg/L,reported_gmt_minus_4_unconverted
2020-12-05,24,24,24,1.0,high,True,True,True,True,6.729291666666666,6.593500000000001,1.1387756766223394,5.104,8.63,5.5259,5.5865,7.42275,8.4578,24,0,0,0,0,0.0,23.0,0,BTGOXD2,mg/L,reported_gmt_minus_4_unconverted
2020-12-06,24,24,24,1.0,high,True,True,True,True,6.839666666666666,7.2125,1.0751182611054093,4.542,8.223,4.882000000000001,6.51425,7.499750000000001,7.7716,24,0,0,0,0,0.0,23.0,0,BTGOXD2,mg/L,reported_gmt_minus_4_unconverted
2020-12-07,24,24,24,1.0,high,True,True,True,True,5.764500000000001,5.8175,1.2985826721937035,3.636,8.18,4.1735,4.7515,6.622,7.3946,24,0,0,0,0,0.0,23.0,0,BTGOXD2,mg/L,reported_gmt_minus_4_unconverted
2020-12-08,24,24,24,1.0,high,True,True,True,True,4.446750000000001,4.1185,0.9274039150980172,2.983,6.726,3.6655,3.92475,4.6365,5.968399999999999,24,0,0,0,0,0.0,23.0,0,BTGOXD2,mg/L,reported_gmt_minus_4_unconverted
2020-12-09,24,24,24,1.0,high,True,True,True,True,5.532541666666667,5.3805,1.5589367329429507,3.441,7.815,3.6717,4.16875,7.0165,7.6146,24,0,0,0,0,0.0,23.0,0,BTGOXD2,mg/L,reported_gmt_minus_4_unconverted
2020-12-10,24,24,24,1.0,high,True,True,True,True,5.921624999999999,6.037,0.7753149605440864,4.47,7.084,4.692200000000001,5.6265,6.5365,6.8897,24,0,0,0,0,0.0,23.0,0,BTGOXD2,mg/L,reported_gmt_minus_4_unconverted
2020-12-11,24,24,24,1.0,high,True,True,True,True,4.663541666666667,4.825,0.8028956280194541,2.843,5.753,3.8550999999999997,4.0425,5.26025,5.4433,24,0,0,0,0,0.0,23.0,0,BTGOXD2,mg/L,reported_gmt_minus_4_unconverted
2020-12-12,24,24,24,1.0,high,True,True,True,True,4.815416666666667,4.884,0.8925535870731245,3.203,5.913,3.3744,4.3252500000000005,5.605,5.8236,24,0,0,0,0,0.0,23.0,0,BTGOXD2,mg/L,reported_gmt_minus_4_unconverted
2020-12-13,24,24,24,1.0,high,True,True,True,True,6.0535,6.132999999999999,0.23876712321933016,5.422,6.352,5.826899999999999,6.002,6.2095,6.2707,24,0,0,0,0,0.0,23.0,0,BTGOXD2,mg/L,reported_gmt_minus_4_unconverted
2020-12-14,24,24,24,1.0,high,True,True,True,True,6.040208333333333,5.9435,0.5130398729454506,5.061,6.743,5.5327,5.681,6.541,6.6880999999999995,24,0,0,0,0,0.0,23.0,0,BTGOXD2,mg/L,reported_gmt_minus_4_unconverted
2020-12-15,24,24,24,1.0,high,True,True,True,True,6.547208333333333,6.616,0.41733658391682166,5.587,7.081,5.9462,6.35425,6.89475,6.9376,24,0,0,0,0,0.0,23.0,0,BTGOXD2,mg/L,reported_gmt_minus_4_unconverted
2020-12-16,24,24,24,1.0,high,True,True,True,True,6.617541666666667,6.7364999999999995,0.3206424229664519,5.53,6.927,6.297300000000001,6.4685,6.82675,6.8851,24,0,0,0,0,0.0,23.0,0,BTGOXD2,mg/L,reported_gmt_minus_4_unconverted
2020-12-17,24,24,24,1.0,high,True,True,True,True,6.4163749999999995,6.5335,0.3192330227687714,5.724,6.772,5.9392,6.2565,6.66575,6.7414,24,0,0,0,0,0.0,23.0,0,BTGOXD2,mg/L,reported_gmt_minus_4_unconverted
2020-12-18,24,24,24,1.0,high,True,True,True,True,5.293416666666666,5.692,1.2460100466015047,2.57,6.896,3.2808,4.498749999999999,6.2285,6.3452,24,0,0,0,0,0.0,23.0,0,BTGOXD2,mg/L,reported_gmt_minus_4_unconverted
2020-12-19,24,24,24,1.0,high,True,True,True,True,2.703125,2.7605,0.7176674967347798,1.616,4.593,1.8558000000000001,2.072,3.024,3.5147999999999997,24,0,0,0,0,0.0,23.0,0,BTGOXD2,mg/L,reported_gmt_minus_4_unconverted
2020-12-20,24,24,24,1.0,high,True,True,True,True,2.034708333333333,1.9649999999999999,0.604559593866669,1.29,3.376,1.3720999999999999,1.533,2.3675,2.8799,24,0,0,0,0,0.0,23.0,0,BTGOXD2,mg/L,reported_gmt_minus_4_unconverted
2020-12-21,24,24,24,1.0,high,True,True,True,True,4.896624999999999,5.2965,1.1325154692292192,1.957,5.792,3.22,5.042999999999999,5.57225,5.7729,24,0,0,0,0,0.0,23.0,0,BTGOXD2,mg/L,reported_gmt_minus_4_unconverted
2020-12-22,24,24,24,1.0,high,True,True,True,True,4.9095,5.3025,0.9484427969732464,2.719,5.939,3.616,4.2395,5.67,5.7671,24,0,0,0,0,0.0,23.0,0,BTGOXD2,mg/L,reported_gmt_minus_4_unconverted
2020-12-23,24,24,24,1.0,high,True,True,True,True,5.637125,5.771,0.6163229893277655,3.765,6.383,4.7194,5.5809999999999995,5.97775,6.1937999999999995,24,0,0,0,0,0.0,23.0,0,BTGOXD2,mg/L,reported_gmt_minus_4_unconverted
2020-12-24,24,24,24,1.0,high,True,True,True,True,5.579666666666665,5.6695,0.672143661317486,3.694,6.704,4.9013,5.409,5.97625,6.2082,24,0,0,0,0,0.0,23.0,0,BTGOXD2,mg/L,reported_gmt_minus_4_unconverted
2020-12-25,24,24,24,1.0,high,True,True,True,True,6.179708333333333,6.4485,0.7856938489484071,4.684,7.426,5.0982,5.51375,6.68125,7.1478,24,0,0,0,0,0.0,23.0,0,BTGOXD2,mg/L,reported_gmt_minus_4_unconverted
2020-12-26,24,24,24,1.0,high,True,True,True,True,6.482875,6.917,1.0644354418106383,4.515,8.367,4.9393,5.77175,7.2604999999999995,7.5465,24,0,0,0,0,0.0,23.0,0,BTGOXD2,mg/L,reported_gmt_minus_4_unconverted
2020-12-27,24,24,24,1.0,high,True,True,True,True,7.181750000000001,7.1265,1.1353488737905153,5.567,8.842,5.7549,6.1745,8.40975,8.5061,24,0,0,0,0,0.0,23.0,0,BTGOXD2,mg/L,reported_gmt_minus_4_unconverted
2020-12-28,24,24,24,1.0,high,True,True,True,True,7.526416666666667,7.7905,1.0151264181999877,5.243,8.653,6.2986,6.7025,8.327,8.5402,24,0,0,0,0,0.0,23.0,0,BTGOXD2,mg/L,reported_gmt_minus_4_unconverted
2020-12-29,24,24,24,1.0,high,True,True,True,True,7.523958333333333,7.4865,0.5663263369538241,6.602,8.5,6.7376,7.170249999999999,7.89575,8.29,24,0,0,0,0,0.0,23.0,0,BTGOXD2,mg/L,reported_gmt_minus_4_unconverted
2020-12-30,24,24,24,1.0,high,True,True,True,True,7.660666666666667,7.691,0.591610746489885,5.844,8.425,6.9277999999999995,7.5024999999999995,8.03275,8.2911,24,0,0,0,0,0.0,23.0,0,BTGOXD2,mg/L,reported_gmt_minus_4_unconverted
2020-12-31,24,24,24,1.0,high,True,True,True,True,6.9975,7.383,0.9731069470694281,5.207,8.006,5.597,5.8815,7.80375,7.9703,24,0,0,0,0,0.0,23.0,0,BTGOXD2,mg/L,reported_gmt_minus_4_unconverted
2021-01-01,24,24,24,1.0,high,True,True,True,True,7.089208333333333,7.207000000000001,0.5050438619924332,5.647,7.697,6.4329,7.000500000000001,7.42275,7.555,24,0,0,0,0,0.0,23.0,0,BTGOXD2,mg/L,reported_gmt_minus_4_unconverted
2021-01-02,24,24,24,1.0,high,True,True,True,True,7.185875,7.51,1.0318294564383754,3.68,7.953,6.9279,7.2615,7.614,7.7035,24,0,0,0,0,0.0,23.0,0,BTGOXD2,mg/L,reported_gmt_minus_4_unconverted
2021-01-03,24,24,24,1.0,high,True,True,True,True,4.4322083333333335,4.551,0.9059405383677072,2.529,5.815,3.1167,3.6822500000000002,5.05575,5.4563999999999995,24,0,0,0,0,0.0,23.0,0,BTGOXD2,mg/L,reported_gmt_minus_4_unconverted
2021-01-04,24,24,24,1.0,high,True,True,True,True,4.178458333333333,4.0655,0.6240273112171675,3.372,5.332,3.4735,3.59775,4.828,5.0039,24,0,0,0,0,0.0,23.0,0,BTGOXD2,mg/L,reported_gmt_minus_4_unconverted
2021-01-05,24,24,24,1.0,high,True,True,True,True,4.022166666666666,3.9314999999999998,0.7892588524887663,2.529,5.968,3.3148999999999997,3.59325,4.281499999999999,4.8911,24,0,0,0,0,0.0,23.0,0,BTGOXD2,mg/L,reported_gmt_minus_4_unconverted
2021-01-06,24,24,24,1.0,high,True,True,True,True,3.3011250000000003,3.1965000000000003,0.8704145095747546,1.769,5.095,2.4068,2.60475,3.84475,4.5447999999999995,24,0,0,0,0,0.0,23.0,0,BTGOXD2,mg/L,reported_gmt_minus_4_unconverted
2021-01-07,24,24,24,1.0,high,True,True,True,True,3.1439583333333334,3.11,0.958784260956536,1.962,5.411,2.0439000000000003,2.395,3.628,4.4247,24,0,0,0,0,0.0,23.0,0,BTGOXD2,mg/L,reported_gmt_minus_4_unconverted
2021-01-08,24,24,24,1.0,high,True,True,True,True,5.759291666666667,5.724,1.2872065973554372,3.555,7.525,4.2709,4.56025,7.033,7.4093,24,0,0,0,0,0.0,23.0,0,BTGOXD2,mg/L,reported_gmt_minus_4_unconverted
2021-01-09,24,24,24,1.0,high,True,True,True,True,4.198125,4.4185,1.652874263675776,1.837,6.851,2.0235,2.7920000000000003,5.593500000000001,6.145499999999999,24,0,0,0,0,0.0,23.0,0,BTGOXD2,mg/L,reported_gmt_minus_4_unconverted
2021-01-10,24,24,24,1.0,high,True,True,True,True,2.7630416666666666,2.5995,0.9168989076687014,1.665,5.103,1.8733,2.0175,3.19275,4.169499999999999,24,0,0,0,0,0.0,23.0,0,BTGOXD2,mg/L,reported_gmt_minus_4_unconverted
2021-01-11,24,24,24,1.0,high,True,True,True,True,2.393666666666667,2.252,0.48615229915224567,1.715,3.573,1.9227,2.0134999999999996,2.64975,2.9876,24,0,0,0,0,0.0,23.0,0,BTGOXD2,mg/L,reported_gmt_minus_4_unconverted
2021-01-12,24,24,24,1.0,high,True,True,True,True,1.9643750000000002,1.936,0.5194502790366989,0.835,2.847,1.2909,1.60875,2.4052499999999997,2.5783,24,0,0,0,0,0.0,23.0,0,BTGOXD2,mg/L,reported_gmt_minus_4_unconverted
2021-01-13,24,24,24,1.0,high,True,True,True,True,2.7724999999999995,2.588,0.9030053685622106,1.256,4.337,1.7788,2.096,3.3667499999999997,4.1055,24,0,0,0,0,0.0,23.0,0,BTGOXD2,mg/L,reported_gmt_minus_4_unconverted
2021-01-14,24,24,24,1.0,high,True,True,True,True,1.7664166666666665,1.793,0.5017520534969496,0.982,3.06,1.1242,1.4575,2.01675,2.3583,24,0,0,0,0,0.0,23.0,0,BTGOXD2,mg/L,reported_gmt_minus_4_unconverted
2021-01-15,24,24,24,1.0,high,True,True,True,True,2.2964583333333333,1.9569999999999999,1.1802000559657033,1.115,5.763,1.1546,1.296,2.90425,3.1844,24,0,0,0,0,0.0,23.0,0,BTGOXD2,mg/L,reported_gmt_minus_4_unconverted
2021-01-16,24,24,24,1.0,high,True,True,True,True,4.26875,3.925,1.8012717065644388,1.676,8.054,2.286,2.954,5.419,6.7736,24,0,0,0,0,0.0,23.0,0,BTGOXD2,mg/L,reported_gmt_minus_4_unconverted
2021-01-17,24,24,24,1.0,high,True,True,True,True,5.461541666666666,5.0,2.0065307065802096,2.629,9.337,3.053,3.80825,6.9205,7.7002,24,0,0,0,0,0.0,23.0,0,BTGOXD2,mg/L,reported_gmt_minus_4_unconverted
2021-01-18,24,24,24,1.0,high,True,True,True,True,7.541166666666666,7.923500000000001,1.5878468513016,3.56,9.354,5.3362,7.01825,8.646,9.0787,24,0,0,0,0,0.0,23.0,0,BTGOXD2,mg/L,reported_gmt_minus_4_unconverted
2021-01-19,24,24,24,1.0,high,True,True,True,True,6.9472499999999995,6.3535,1.384487167651367,5.181,9.548,5.5927,5.727250000000001,8.177,8.6365,24,0,0,0,0,0.0,23.0,0,BTGOXD2,mg/L,reported_gmt_minus_4_unconverted
2021-01-20,24,24,24,1.0,high,True,True,True,True,5.175208333333333,5.093,1.425315464064517,2.692,7.517,3.3186,4.265,5.91175,7.2858,24,0,0,0,0,0.0,23.0,0,BTGOXD2,mg/L,reported_gmt_minus_4_unconverted
2021-01-21,24,24,24,1.0,high,True,True,True,True,4.5415,4.51,1.295902740580279,2.559,8.274,3.1102000000000003,3.594,5.29975,5.864,24,0,0,0,0,0.0,23.0,0,BTGOXD2,mg/L,reported_gmt_minus_4_unconverted
2021-01-22,24,24,24,1.0,high,True,True,True,True,4.222958333333334,3.4299999999999997,1.6313627400099444,2.247,7.145,2.6083000000000003,3.016,5.8,6.7863,24,0,0,0,0,0.0,23.0,0,BTGOXD2,mg/L,reported_gmt_minus_4_unconverted
2021-01-23,24,24,24,1.0,high,True,True,True,True,3.0346249999999997,2.951,1.676840813592762,0.728,7.268,0.8688,1.9739999999999998,4.01825,5.0473,24,0,0,0,0,0.0,23.0,0,BTGOXD2,mg/L,reported_gmt_minus_4_unconverted
2021-01-24,24,24,24,1.0,high,True,True,True,True,3.0709166666666667,3.1135,1.2482572517981487,1.199,5.845,1.6422,2.0607499999999996,3.908,4.57,24,0,0,0,0,0.0,23.0,0,BTGOXD2,mg/L,reported_gmt_minus_4_unconverted
2021-01-25,24,24,24,1.0,high,True,True,True,True,3.8180833333333335,3.8285,0.8967282520200948,1.887,5.164,2.6724,3.3405,4.3934999999999995,4.9403,24,0,0,0,0,0.0,23.0,0,BTGOXD2,mg/L,reported_gmt_minus_4_unconverted
2021-01-26,24,24,24,1.0,high,True,True,True,True,3.5222499999999997,3.5949999999999998,0.7376680795941858,2.025,4.666,2.547,3.1505,4.0245,4.3378,24,0,0,0,0,0.0,23.0,0,BTGOXD2,mg/L,reported_gmt_minus_4_unconverted
2021-01-27,24,24,24,1.0,high,True,True,True,True,3.715708333333333,3.4535,1.3505226195863926,1.756,6.124,1.9462,2.8215,4.7515,5.7871,24,0,0,0,0,0.0,23.0,0,BTGOXD2,mg/L,reported_gmt_minus_4_unconverted
2021-01-28,24,24,24,1.0,high,True,True,True,True,3.398666666666667,3.061,1.0100030420387536,1.929,5.347,2.3552999999999997,2.76,3.77,5.1029,24,0,0,0,0,0.0,23.0,0,BTGOXD2,mg/L,reported_gmt_minus_4_unconverted
2021-01-29,24,24,24,1.0,high,True,True,True,True,5.349083333333333,5.5595,1.1413641310774336,3.226,7.142,3.3955,5.16775,5.973000000000001,6.586799999999999,24,0,0,0,0,0.0,23.0,0,BTGOXD2,mg/L,reported_gmt_minus_4_unconverted
2021-01-30,24,24,24,1.0,high,True,True,True,True,5.417166666666667,5.0425,1.5824864768064726,2.375,7.982,3.3055000000000003,4.498749999999999,6.7585,7.2363,24,0,0,0,0,0.0,23.0,0,BTGOXD2,mg/L,reported_gmt_minus_4_unconverted
2021-01-31,24,24,24,1.0,high,True,True,True,True,6.670416666666665,6.958,0.6851416811057446,4.86,7.429,5.578600000000001,6.44175,7.153,7.1842,24,0,0,0,0,0.0,23.0,0,BTGOXD2,mg/L,reported_gmt_minus_4_unconverted
2021-02-01,24,24,24,1.0,high,True,True,True,True,3.0345833333333334,3.4415,1.5806081360381976,0.641,4.907,1.0494,1.6395,4.5882499999999995,4.8533,24,0,0,0,0,0.0,23.0,0,BTGOXD2,mg/L,reported_gmt_minus_4_unconverted
2021-02-02,24,24,23,0.958333,high,True,True,True,True,0.4764347826086956,0.496,0.17765667249116315,0.063,0.826,0.2918,0.437,0.5465,0.7146000000000001,23,1,0,0,0,0.0,23.0,1,BTGOXD2,mg/L,reported_gmt_minus_4_unconverted
2021-02-03,24,24,24,1.0,high,True,True,True,True,0.39083333333333337,0.2905,0.2713370544202344,0.113,1.196,0.20459999999999998,0.22475,0.439,0.6941999999999999,24,0,0,0,0,0.0,23.0,0,BTGOXD2,mg/L,reported_gmt_minus_4_unconverted
2021-02-04,24,24,24,1.0,high,True,True,True,True,0.9709166666666667,0.7905,0.5844732237454188,0.296,2.283,0.40580000000000005,0.51425,1.27525,1.8072,24,0,0,0,0,0.0,23.0,0,BTGOXD2,mg/L,reported_gmt_minus_4_unconverted
2021-02-05,24,24,24,1.0,high,True,True,True,True,1.8139166666666666,1.7029999999999998,0.788069623754182,0.787,3.463,1.0121,1.19825,2.45525,2.9332999999999996,24,0,0,0,0,0.0,23.0,0,BTGOXD2,mg/L,reported_gmt_minus_4_unconverted
2021-02-06,24,24,24,1.0,high,True,True,True,True,2.016125,2.0885,0.5806887449212882,1.069,3.011,1.1748,1.452,2.4595000000000002,2.7119,24,0,0,0,0,0.0,23.0,0,BTGOXD2,mg/L,reported_gmt_minus_4_unconverted
2021-02-07,24,24,24,1.0,high,True,True,True,True,2.1763333333333335,2.3495,0.5607094626000844,0.763,2.92,1.4245,2.09975,2.566,2.6751,24,0,0,0,0,0.0,23.0,0,BTGOXD2,mg/L,reported_gmt_minus_4_unconverted
2021-02-08,24,24,24,1.0,high,True,True,True,True,1.493,1.4995,0.5158406393619945,0.631,2.458,0.8632,1.135,1.93975,2.0721000000000003,24,0,0,0,0,0.0,23.0,0,BTGOXD2,mg/L,reported_gmt_minus_4_unconverted
2021-02-09,24,24,24,1.0,high,True,True,True,True,1.7727916666666665,1.5135,0.8682116040993426,0.878,3.539,0.96,1.16825,2.02325,3.2882999999999996,24,0,0,0,0,0.0,23.0,0,BTGOXD2,mg/L,reported_gmt_minus_4_unconverted
2021-02-10,24,24,24,1.0,high,True,True,True,True,3.7086666666666663,3.643,1.359828271340257,1.848,7.352,2.3261,2.5605,4.516500000000001,4.8154,24,0,0,0,0,0.0,23.0,0,BTGOXD2,mg/L,reported_gmt_minus_4_unconverted
2021-02-11,24,24,24,1.0,high,True,True,True,True,5.259125,4.978,1.4569510842703408,2.474,7.829,3.7518000000000002,4.1865,6.4334999999999996,7.2,24,0,0,0,0,0.0,23.0,0,BTGOXD2,mg/L,reported_gmt_minus_4_unconverted
2021-02-12,24,24,24,1.0,high,True,True,True,True,5.391166666666667,5.811999999999999,1.721096760200023,2.311,8.411,2.8495,4.27075,6.321000000000001,7.803299999999999,24,0,0,0,0,0.0,23.0,0,BTGOXD2,mg/L,reported_gmt_minus_4_unconverted
2021-02-13,24,24,24,1.0,high,True,True,True,True,5.769416666666667,5.872,0.4624807320702473,4.661,6.417,5.0986,5.69625,6.083,6.2449,24,0,0,0,0,0.0,23.0,0,BTGOXD2,mg/L,reported_gmt_minus_4_unconverted
2021-02-14,24,24,24,1.0,high,True,True,True,True,5.4178749999999996,5.4350000000000005,0.20331092327206407,4.823,5.732,5.2059,5.35825,5.563750000000001,5.5835,24,0,0,0,0,0.0,23.0,0,BTGOXD2,mg/L,reported_gmt_minus_4_unconverted
2021-02-15,24,24,24,1.0,high,True,True,True,True,5.363583333333332,5.369,0.20095141456205962,4.676,5.718,5.1846,5.29,5.4990000000000006,5.5502,24,0,0,0,0,0.0,23.0,0,BTGOXD2,mg/L,reported_gmt_minus_4_unconverted
2021-02-16,24,24,24,1.0,high,True,True,True,True,4.651833333333333,4.8445,0.6855701953510109,3.233,5.519,3.6506,4.359,5.111,5.4197,24,0,0,0,0,0.0,23.0,0,BTGOXD2,mg/L,reported_gmt_minus_4_unconverted
2021-02-17,24,24,24,1.0,high,True,True,True,True,3.90775,3.8529999999999998,0.4558884541296212,3.079,4.667,3.3249,3.6545,4.149,4.6427000000000005,24,0,0,0,0,0.0,23.0,0,BTGOXD2,mg/L,reported_gmt_minus_4_unconverted
2021-02-18,24,24,24,1.0,high,True,True,True,True,3.6621666666666663,3.854,0.817852631918631,2.141,5.182,2.5613,2.97275,4.309,4.5600000000000005,24,0,0,0,0,0.0,23.0,0,BTGOXD2,mg/L,reported_gmt_minus_4_unconverted
2021-02-19,24,24,24,1.0,high,True,True,True,True,3.894833333333333,4.252000000000001,0.8486462706885733,1.949,5.053,2.6752,3.18525,4.4865,4.7069,24,0,0,0,0,0.0,23.0,0,BTGOXD2,mg/L,reported_gmt_minus_4_unconverted
2021-02-20,24,24,24,1.0,high,True,True,True,True,4.32575,4.2010000000000005,0.6701890875293914,3.041,5.204,3.5217,3.8275,5.00575,5.0967,24,0,0,0,0,0.0,23.0,0,BTGOXD2,mg/L,reported_gmt_minus_4_unconverted
2021-02-21,24,24,24,1.0,high,True,True,True,True,4.346291666666667,4.709,0.8679864494617848,2.69,5.22,2.8941999999999997,3.7359999999999998,5.0365,5.1498,24,0,0,0,0,0.0,23.0,0,BTGOXD2,mg/L,reported_gmt_minus_4_unconverted
2021-02-22,24,24,24,1.0,high,True,True,True,True,2.935208333333333,3.074,0.5773585261807633,2.009,4.385,2.1222,2.4805,3.318,3.4387,24,0,0,0,0,0.0,23.0,0,BTGOXD2,mg/L,reported_gmt_minus_4_unconverted
2021-02-23,24,24,24,1.0,high,True,True,True,True,2.7159166666666668,2.7365,0.5561160276703812,1.534,3.697,1.9167,2.526,3.05775,3.2829,24,0,0,0,0,0.0,23.0,0,BTGOXD2,mg/L,reported_gmt_minus_4_unconverted
2021-02-24,24,24,24,1.0,high,True,True,True,True,3.532625,3.2555,0.8606637889493758,2.324,5.293,2.7119,2.8925,3.95425,5.0325,24,0,0,0,0,0.0,23.0,0,BTGOXD2,mg/L,reported_gmt_minus_4_unconverted
2021-02-25,24,24,24,1.0,high,True,True,True,True,4.604333333333333,4.511,1.254820744747741,2.795,7.157,2.9324,3.792,5.41175,6.2166999999999994,24,0,0,0,0,0.0,23.0,0,BTGOXD2,mg/L,reported_gmt_minus_4_unconverted
2021-02-26,24,24,24,1.0,high,True,True,True,True,5.265458333333334,5.4795,1.673693649677567,2.672,7.854,3.2929,3.797,6.84025,7.309699999999999,24,0,0,0,0,0.0,23.0,0,BTGOXD2,mg/L,reported_gmt_minus_4_unconverted
2021-02-27,24,24,24,1.0,high,True,True,True,True,3.6999166666666667,3.9145000000000003,0.8310896941426629,1.884,5.066,2.5850999999999997,3.11,4.36725,4.5571,24,0,0,0,0,0.0,23.0,0,BTGOXD2,mg/L,reported_gmt_minus_4_unconverted
2021-02-28,24,24,24,1.0,high,True,True,True,True,5.437458333333335,5.636,1.610772943791047,2.162,7.578,3.321,4.102,6.97625,7.2692000000000005,24,0,0,0,0,0.0,23.0,0,BTGOXD2,mg/L,reported_gmt_minus_4_unconverted
2021-03-01,24,24,24,1.0,high,True,True,True,True,6.593916666666668,6.891,0.8518066690565854,4.737,7.387,5.1406,6.442500000000001,7.20925,7.3223,24,0,0,0,0,0.0,23.0,0,BTGOXD2,mg/L,reported_gmt_minus_4_unconverted
2021-03-02,24,24,24,1.0,high,True,True,True,True,7.176916666666666,7.162,0.6040467097304909,6.119,8.188,6.3703,6.8165,7.5825,8.074,24,0,0,0,0,0.0,23.0,0,BTGOXD2,mg/L,reported_gmt_minus_4_unconverted
2021-03-03,24,24,24,1.0,high,True,True,True,True,6.209,6.104,1.1679515326453815,4.376,7.954,4.8112,5.1105,7.28625,7.792599999999999,24,0,0,0,0,0.0,23.0,0,BTGOXD2,mg/L,reported_gmt_minus_4_unconverted
2021-03-04,24,24,24,1.0,high,True,True,True,True,6.052916666666666,6.286,0.8706625621338323,3.893,7.3,4.7258000000000004,5.818,6.67425,6.856299999999999,24,0,0,0,0,0.0,23.0,0,BTGOXD2,mg/L,reported_gmt_minus_4_unconverted
2021-03-05,24,24,24,1.0,high,True,True,True,True,6.5255833333333335,6.4355,0.7436067752729827,5.223,7.549,5.7723,5.9435,7.23275,7.3975,24,0,0,0,0,0.0,23.0,0,BTGOXD2,mg/L,reported_gmt_minus_4_unconverted
2021-03-06,24,24,24,1.0,high,True,True,True,True,6.535125,6.517,0.6648866076910832,5.006,7.425,5.7613,6.17975,7.1335,7.282,24,0,0,0,0,0.0,23.0,0,BTGOXD2,mg/L,reported_gmt_minus_4_unconverted
2021-03-07,24,24,24,1.0,high,True,True,True,True,5.456416666666667,5.6335,0.6410053867145745,3.728,6.5,4.586,5.138,5.94425,6.066599999999999,24,0,0,0,0,0.0,23.0,0,BTGOXD2,mg/L,reported_gmt_minus_4_unconverted
2021-03-08,24,24,24,1.0,high,True,True,True,True,5.761500000000001,5.731,0.8981572439069946,4.168,6.949,4.5456,5.1445,6.789999999999999,6.881799999999999,24,0,0,0,0,0.0,23.0,0,BTGOXD2,mg/L,reported_gmt_minus_4_unconverted
2021-03-09,24,24,24,1.0,high,True,True,True,True,5.791499999999999,5.841,0.5584742413584262,4.736,6.532,4.944,5.442,6.2627500000000005,6.4754000000000005,24,0,0,0,0,0.0,23.0,0,BTGOXD2,mg/L,reported_gmt_minus_4_unconverted
2021-03-10,24,24,24,1.0,high,True,True,True,True,4.729666666666667,4.6805,0.9420537078138363,3.395,6.199,3.5772,4.00875,5.66875,5.9368,24,0,0,0,0,0.0,23.0,0,BTGOXD2,mg/L,reported_gmt_minus_4_unconverted
2021-03-11,24,24,24,1.0,high,True,True,True,True,3.8709166666666666,3.858,0.43909936645728426,3.006,4.892,3.3,3.6565,4.10425,4.441599999999999,24,0,0,0,0,0.0,23.0,0,BTGOXD2,mg/L,reported_gmt_minus_4_unconverted
2021-03-12,24,24,24,1.0,high,True,True,True,True,4.115291666666667,4.0600000000000005,0.6231985153165511,3.165,5.343,3.3379000000000003,3.70425,4.41525,5.0706999999999995,24,0,0,0,0,0.0,23.0,0,BTGOXD2,mg/L,reported_gmt_minus_4_unconverted
2021-03-13,24,24,24,1.0,high,True,True,True,True,4.182625000000001,4.225,0.7280797144902293,2.452,5.267,3.1964,3.9735,4.396750000000001,5.1821,24,0,0,0,0,0.0,23.0,0,BTGOXD2,mg/L,reported_gmt_minus_4_unconverted
2021-03-14,24,24,24,1.0,high,True,True,True,True,4.080333333333333,4.2170000000000005,0.7950929760598506,2.569,5.652,3.0085,3.4989999999999997,4.56175,5.0129,24,0,0,0,0,0.0,23.0,0,BTGOXD2,mg/L,reported_gmt_minus_4_unconverted
2021-03-15,24,24,24,1.0,high,True,True,True,True,4.072583333333333,3.768,0.8343527518338713,2.925,5.947,3.1661,3.5445,4.49725,5.1712,24,0,0,0,0,0.0,23.0,0,BTGOXD2,mg/L,reported_gmt_minus_4_unconverted
2021-03-16,24,24,24,1.0,high,True,True,True,True,3.907375,3.8120000000000003,0.738842091295268,2.703,5.041,2.8975,3.3815,4.5275,4.9497,24,0,0,0,0,0.0,23.0,0,BTGOXD2,mg/L,reported_gmt_minus_4_unconverted
2021-03-17,24,24,24,1.0,high,True,True,True,True,3.078958333333334,3.172,0.8481987810068164,0.981,4.279,2.1388,2.6155,3.68175,3.9682,24,0,0,0,0,0.0,23.0,0,BTGOXD2,mg/L,reported_gmt_minus_4_unconverted
2021-03-18,24,24,24,1.0,high,True,True,True,True,2.7432083333333335,2.815,0.5590393141006677,1.468,3.716,2.0134,2.4282500000000002,3.09375,3.4064,24,0,0,0,0,0.0,23.0,0,BTGOXD2,mg/L,reported_gmt_minus_4_unconverted
2021-03-19,24,24,24,1.0,high,True,True,True,True,2.7565000000000004,2.6785,0.5555447776732313,1.858,3.934,2.1086,2.38575,3.1595,3.427,24,0,0,0,0,0.0,23.0,0,BTGOXD2,mg/L,reported_gmt_minus_4_unconverted
2021-03-20,24,24,24,1.0,high,True,True,True,True,2.840125,2.6665,0.8510495470427906,1.932,5.13,1.98,2.25525,3.0625,4.153,24,0,0,0,0,0.0,23.0,0,BTGOXD2,mg/L,reported_gmt_minus_4_unconverted
2021-03-21,24,24,24,1.0,high,True,True,True,True,2.6630000000000003,2.5140000000000002,0.512838647393963,1.972,3.538,2.0994,2.29575,3.03075,3.4838999999999998,24,0,0,0,0,0.0,23.0,0,BTGOXD2,mg/L,reported_gmt_minus_4_unconverted
2021-03-22,24,24,24,1.0,high,True,True,True,True,2.3781250000000003,2.2325,0.47000613432629557,1.865,3.827,2.0384,2.104,2.4885,2.8870999999999998,24,0,0,0,0,0.0,23.0,0,BTGOXD2,mg/L,reported_gmt_minus_4_unconverted
2021-03-23,24,24,24,1.0,high,True,True,True,True,2.564,2.5789999999999997,0.5722892245375053,1.667,4.031,1.8934,2.1435,2.82475,3.3048,24,0,0,0,0,0.0,23.0,0,BTGOXD2,mg/L,reported_gmt_minus_4_unconverted
2021-03-24,24,24,24,1.0,high,True,True,True,True,2.731708333333333,2.7775,0.4655421784624206,2.022,3.588,2.1543,2.3019999999999996,3.047,3.3493999999999997,24,0,0,0,0,0.0,23.0,0,BTGOXD2,mg/L,reported_gmt_minus_4_unconverted
2021-03-25,24,24,24,1.0,high,True,True,True,True,2.682458333333333,2.656,0.7604096710021666,1.687,4.829,1.7909,2.0692500000000003,3.058,3.6121999999999996,24,0,0,0,0,0.0,23.0,0,BTGOXD2,mg/L,reported_gmt_minus_4_unconverted
2021-03-26,24,24,24,1.0,high,True,True,True,True,2.225375,2.2095000000000002,0.6319739821625846,1.097,3.044,1.3062,1.7662499999999999,2.7965,2.9339,24,0,0,0,0,0.0,23.0,0,BTGOXD2,mg/L,reported_gmt_minus_4_unconverted
2021-03-27,24,24,24,1.0,high,True,True,True,True,2.3249583333333335,2.3635,0.5285670110259697,1.117,3.806,1.6616000000000002,2.16625,2.562,2.7637,24,0,0,0,0,0.0,23.0,0,BTGOXD2,mg/L,reported_gmt_minus_4_unconverted
2021-03-28,24,24,24,1.0,high,True,True,True,True,3.7897499999999997,3.5869999999999997,1.0589640651619618,2.376,5.753,2.5313,2.81475,4.73175,5.0494,24,0,0,0,0,0.0,23.0,0,BTGOXD2,mg/L,reported_gmt_minus_4_unconverted
2021-03-29,24,24,24,1.0,high,True,True,True,True,4.609541666666666,4.5135000000000005,1.3462041959965958,1.978,6.98,3.2374,3.713,5.1465000000000005,6.7063,24,0,0,0,0,0.0,23.0,0,BTGOXD2,mg/L,reported_gmt_minus_4_unconverted
2021-03-30,24,24,24,1.0,high,True,True,True,True,2.8187916666666673,2.8565,1.2760058259089664,0.223,5.288,1.0838,2.07825,3.64475,3.7577,24,0,0,0,0,0.0,23.0,0,BTGOXD2,mg/L,reported_gmt_minus_4_unconverted
2021-03-31,24,24,24,1.0,high,True,True,True,True,1.9875,2.013,0.7595547322638098,0.451,3.316,1.0877999999999999,1.30175,2.68875,2.7941000000000003,24,0,0,0,0,0.0,23.0,0,BTGOXD2,mg/L,reported_gmt_minus_4_unconverted
2021-04-01,24,24,24,1.0,high,True,True,True,True,2.6206666666666667,2.628,0.7177235550330471,1.415,3.917,1.7584,2.133,2.94175,3.7801,24,0,0,0,0,0.0,23.0,0,BTGOXD2,mg/L,reported_gmt_minus_4_unconverted
2021-04-02,24,24,24,1.0,high,True,True,True,True,2.986541666666666,2.9185,0.9228156337213732,1.507,4.924,2.0549,2.2305,3.6175,4.045,24,0,0,0,0,0.0,23.0,0,BTGOXD2,mg/L,reported_gmt_minus_4_unconverted
2021-04-03,24,24,24,1.0,high,True,True,True,True,4.619791666666667,3.9130000000000003,2.370581546320148,2.0,8.729,2.2144999999999997,2.5437499999999997,7.125,8.3996,24,0,0,0,0,0.0,23.0,0,BTGOXD2,mg/L,reported_gmt_minus_4_unconverted
2021-04-04,24,24,24,1.0,high,True,True,True,True,7.554166666666667,7.718,0.3466971697839945,6.972,8.067,7.0007,7.29,7.8100000000000005,7.8663,24,0,0,0,0,0.0,23.0,0,BTGOXD2,mg/L,reported_gmt_minus_4_unconverted
2021-04-05,24,24,24,1.0,high,True,True,True,True,6.823875000000001,7.5575,1.3378601120251048,4.484,8.185,4.8953,5.19625,7.892,8.0003,24,0,0,0,0,0.0,23.0,0,BTGOXD2,mg/L,reported_gmt_minus_4_unconverted
2021-04-06,24,24,24,1.0,high,True,True,True,True,4.602166666666666,5.001,1.9357307723927948,1.633,7.242,2.2287999999999997,2.7295,6.18925,6.9761,24,0,0,0,0,0.0,23.0,0,BTGOXD2,mg/L,reported_gmt_minus_4_unconverted
2021-04-07,24,24,24,1.0,high,True,True,True,True,3.4854583333333333,2.9225,1.6935535569807996,0.915,6.902,1.9266,2.5627500000000003,4.02925,6.2763,24,0,0,0,0,0.0,23.0,0,BTGOXD2,mg/L,reported_gmt_minus_4_unconverted
2021-04-08,24,24,24,1.0,high,True,True,True,True,3.31275,3.2235,1.285412512031432,1.295,5.806,1.6835,2.3785,4.11275,4.875,24,0,0,0,0,0.0,23.0,0,BTGOXD2,mg/L,reported_gmt_minus_4_unconverted
2021-04-09,24,24,24,1.0,high,True,True,True,True,1.9711666666666667,1.9,0.5922359009033821,0.843,3.254,1.3564,1.6444999999999999,2.2635,2.7811999999999997,24,0,0,0,0,0.0,23.0,0,BTGOXD2,mg/L,reported_gmt_minus_4_unconverted
2021-04-10,24,24,24,1.0,high,True,True,True,True,1.0389166666666665,1.2265,0.5786307613418202,0.102,1.78,0.19060000000000005,0.46775,1.51375,1.6703,24,0,0,0,0,0.0,23.0,0,BTGOXD2,mg/L,reported_gmt_minus_4_unconverted
2021-04-11,24,24,24,1.0,high,True,True,True,True,1.094125,0.886,0.6296567948873626,0.041,2.224,0.24440000000000012,0.67475,1.7445,1.8572000000000002,24,0,0,0,0,0.0,23.0,0,BTGOXD2,mg/L,reported_gmt_minus_4_unconverted
2021-04-12,24,24,24,1.0,high,True,True,True,True,2.9158333333333335,3.0229999999999997,0.8236252665564268,1.564,4.333,1.7931,2.35275,3.439,4.068,24,0,0,0,0,0.0,23.0,0,BTGOXD2,mg/L,reported_gmt_minus_4_unconverted
2021-04-13,24,24,24,1.0,high,True,True,True,True,4.364,4.4185,0.6029093954570909,3.221,5.18,3.6774999999999998,3.84975,4.8825,5.0165,24,0,0,0,0,0.0,23.0,0,BTGOXD2,mg/L,reported_gmt_minus_4_unconverted
2021-04-14,24,24,24,1.0,high,True,True,True,True,4.761458333333333,4.8895,0.36463060273278675,3.756,5.106,4.1498,4.785,4.97975,5.009399999999999,24,0,0,0,0,0.0,23.0,0,BTGOXD2,mg/L,reported_gmt_minus_4_unconverted
2021-04-15,24,24,24,1.0,high,True,True,True,True,4.476875,4.7625,0.5218357489795458,3.311,4.992,3.7241,3.9725,4.8557500000000005,4.9336,24,0,0,0,0,0.0,23.0,0,BTGOXD2,mg/L,reported_gmt_minus_4_unconverted
2021-04-16,24,24,24,1.0,high,True,True,True,True,3.6497916666666668,3.7005,0.6239935185816309,2.259,4.455,2.7261,3.3495,4.17175,4.3132,24,0,0,0,0,0.0,23.0,0,BTGOXD2,mg/L,reported_gmt_minus_4_unconverted
2021-04-17,24,24,24,1.0,high,True,True,True,True,3.1517916666666665,3.2735,0.8892898964497101,1.613,5.292,2.0441000000000003,2.52625,3.53825,4.0447,24,0,0,0,0,0.0,23.0,0,BTGOXD2,mg/L,reported_gmt_minus_4_unconverted
2021-04-18,24,24,24,1.0,high,True,True,True,True,2.629208333333333,2.564,0.6993846350568642,1.592,3.786,1.8354,2.11325,3.24925,3.6595,24,0,0,0,0,0.0,23.0,0,BTGOXD2,mg/L,reported_gmt_minus_4_unconverted
2021-04-19,24,24,24,1.0,high,True,True,True,True,3.510125,3.629,0.7206972657871289,1.843,4.76,2.5679,3.0932500000000003,3.9015,4.432099999999999,24,0,0,0,0,0.0,23.0,0,BTGOXD2,mg/L,reported_gmt_minus_4_unconverted
2021-04-20,24,24,24,1.0,high,True,True,True,True,4.522458333333334,4.596,0.2842261774142843,3.825,4.852,4.1191,4.3732500000000005,4.7684999999999995,4.8051,24,0,0,0,0,0.0,23.0,0,BTGOXD2,mg/L,reported_gmt_minus_4_unconverted
2021-04-21,24,24,24,1.0,high,True,True,True,True,4.64775,4.559,0.32777885572573107,4.169,5.248,4.2895,4.394500000000001,4.8865,5.1052,24,0,0,0,0,0.0,23.0,0,BTGOXD2,mg/L,reported_gmt_minus_4_unconverted
2021-04-22,24,24,24,1.0,high,True,True,True,True,5.363083333333333,4.6274999999999995,1.8177623587129377,3.029,10.5,3.8658,3.942,6.2475000000000005,7.777699999999999,24,0,0,0,0,0.0,23.0,0,BTGOXD2,mg/L,reported_gmt_minus_4_unconverted
2021-04-23,24,24,24,1.0,high,True,True,True,True,4.732625,4.8035,0.3852613807815924,4.013,5.331,4.1811,4.50625,5.010999999999999,5.1777999999999995,24,0,0,0,0,0.0,23.0,0,BTGOXD2,mg/L,reported_gmt_minus_4_unconverted
2021-04-24,24,24,24,1.0,high,True,True,True,True,4.841125000000001,4.852,0.497735770001645,3.831,5.553,4.1834999999999996,4.48825,5.23875,5.4825,24,0,0,0,0,0.0,23.0,0,BTGOXD2,mg/L,reported_gmt_minus_4_unconverted
2021-04-25,24,24,24,1.0,high,True,True,True,True,4.770666666666667,4.708,0.657988744892948,3.43,5.688,3.8984,4.33575,5.375,5.5861,24,0,0,0,0,0.0,23.0,0,BTGOXD2,mg/L,reported_gmt_minus_4_unconverted
2021-04-26,24,24,24,1.0,high,True,True,True,True,4.894291666666667,4.672000000000001,0.6170913172623479,3.921,5.738,4.24,4.375500000000001,5.531499999999999,5.6918,24,0,0,0,0,0.0,23.0,0,BTGOXD2,mg/L,reported_gmt_minus_4_unconverted
2021-04-27,24,24,24,1.0,high,True,True,True,True,4.8395,5.084,0.7282441062314678,3.262,5.976,3.9072999999999998,4.486,5.3015,5.6425,24,0,0,0,0,0.0,23.0,0,BTGOXD2,mg/L,reported_gmt_minus_4_unconverted
2021-04-28,24,24,24,1.0,high,True,True,True,True,5.407374999999999,5.5649999999999995,0.5252368254664623,4.553,6.042,4.6144,4.8927499999999995,5.84425,5.9478,24,0,0,0,0,0.0,23.0,0,BTGOXD2,mg/L,reported_gmt_minus_4_unconverted
2021-04-29,24,24,24,1.0,high,True,True,True,True,5.209916666666667,5.297000000000001,0.5705085387210459,3.909,5.966,4.4066,4.825,5.61925,5.9188,24,0,0,0,0,0.0,23.0,0,BTGOXD2,mg/L,reported_gmt_minus_4_unconverted
2021-04-30,24,24,24,1.0,high,True,True,True,True,5.03925,5.050000000000001,0.6196233954378361,3.988,6.12,4.3079,4.6025,5.39925,6.0043,24,0,0,0,0,0.0,23.0,0,BTGOXD2,mg/L,reported_gmt_minus_4_unconverted
2021-05-01,24,24,24,1.0,high,True,True,True,True,5.110333333333333,5.1605,0.608243491479799,3.989,6.051,4.432300000000001,4.65025,5.62525,5.9076,24,0,0,0,0,0.0,23.0,0,BTGOXD2,mg/L,reported_gmt_minus_4_unconverted
2021-05-02,24,24,24,1.0,high,True,True,True,True,5.417958333333334,5.3469999999999995,0.6684053364842172,4.36,6.782,4.721,4.8735,5.851,6.2726999999999995,24,0,0,0,0,0.0,23.0,0,BTGOXD2,mg/L,reported_gmt_minus_4_unconverted
2021-05-03,24,24,24,1.0,high,True,True,True,True,5.382000000000001,5.409,0.36813017546372984,4.645,5.925,4.9615,5.056,5.749499999999999,5.8168999999999995,24,0,0,0,0,0.0,23.0,0,BTGOXD2,mg/L,reported_gmt_minus_4_unconverted
2021-05-04,24,24,24,1.0,high,True,True,True,True,5.083208333333333,5.135,0.5361961013080672,4.117,6.161,4.4684,4.6575,5.41975,5.7965,24,0,0,0,0,0.0,23.0,0,BTGOXD2,mg/L,reported_gmt_minus_4_unconverted
2021-05-05,24,24,24,1.0,high,True,True,True,True,4.313416666666667,4.4225,1.347655191246171,2.634,6.963,2.7112000000000003,3.04075,5.3447499999999994,5.9460999999999995,24,0,0,0,0,0.0,23.0,0,BTGOXD2,mg/L,reported_gmt_minus_4_unconverted
2021-05-06,24,24,24,1.0,high,True,True,True,True,3.826416666666667,3.591,0.9144154187080479,2.654,5.881,3.0180000000000002,3.11325,4.346500000000001,5.1625,24,0,0,0,0,0.0,23.0,0,BTGOXD2,mg/L,reported_gmt_minus_4_unconverted
2021-05-07,24,24,24,1.0,high,True,True,True,True,5.048583333333333,4.8865,0.7798151908523313,3.97,6.581,4.1452,4.454000000000001,5.452,6.2627,24,0,0,0,0,0.0,23.0,0,BTGOXD2,mg/L,reported_gmt_minus_4_unconverted
2021-05-08,24,24,24,1.0,high,True,True,True,True,5.556208333333333,5.4925,0.7395676750740888,4.079,7.214,4.798900000000001,5.05675,5.981,6.3476,24,0,0,0,0,0.0,23.0,0,BTGOXD2,mg/L,reported_gmt_minus_4_unconverted
2021-05-09,24,24,24,1.0,high,True,True,True,True,5.074916666666667,5.032500000000001,1.0317152841439503,3.544,7.633,4.0440000000000005,4.22775,5.59825,6.167,24,0,0,0,0,0.0,23.0,0,BTGOXD2,mg/L,reported_gmt_minus_4_unconverted
2021-05-10,24,24,24,1.0,high,True,True,True,True,4.440958333333334,4.2435,0.8396596867140601,3.552,6.951,3.7425,3.91375,4.65,5.4647,24,0,0,0,0,0.0,23.0,0,BTGOXD2,mg/L,reported_gmt_minus_4_unconverted
2021-05-11,24,24,24,1.0,high,True,True,True,True,4.747916666666666,4.3825,1.1608163513016498,3.161,7.171,3.5837,3.9145,5.34325,6.570799999999999,24,0,0,0,0,0.0,23.0,0,BTGOXD2,mg/L,reported_gmt_minus_4_unconverted
2021-05-12,24,24,24,1.0,high,True,True,True,True,5.957166666666666,5.563,1.2735914868443174,4.046,7.635,4.1445,5.068,7.258,7.3258,24,0,0,0,0,0.0,23.0,0,BTGOXD2,mg/L,reported_gmt_minus_4_unconverted
2021-05-13,24,24,24,1.0,high,True,True,True,True,5.513708333333334,5.4350000000000005,1.1596183209842448,3.832,7.489,4.123,4.589499999999999,6.3825,7.2089,24,0,0,0,0,0.0,23.0,0,BTGOXD2,mg/L,reported_gmt_minus_4_unconverted
2021-05-14,24,24,24,1.0,high,True,True,True,True,4.911625,4.7615,1.0922669212119869,3.451,7.228,3.6755,3.9837499999999997,5.36275,6.612799999999999,24,0,0,0,0,0.0,23.0,0,BTGOXD2,mg/L,reported_gmt_minus_4_unconverted
2021-05-15,24,24,24,1.0,high,True,True,True,True,4.4093333333333335,4.4295,0.7977923161513558,2.811,6.613,3.5977,3.92725,4.7735,5.084599999999999,24,0,0,0,0,0.0,23.0,0,BTGOXD2,mg/L,reported_gmt_minus_4_unconverted
2021-05-16,24,24,24,1.0,high,True,True,True,True,4.075125,4.1675,0.9963940338300776,2.139,5.943,2.6044,3.39875,4.77175,5.1661,24,0,0,0,0,0.0,23.0,0,BTGOXD2,mg/L,reported_gmt_minus_4_unconverted
2021-05-17,24,24,24,1.0,high,True,True,True,True,5.312583333333333,5.343,1.078156636061782,3.107,6.549,3.6236,4.914,6.337,6.482200000000001,24,0,0,0,0,0.0,23.0,0,BTGOXD2,mg/L,reported_gmt_minus_4_unconverted
2021-05-18,24,24,24,1.0,high,True,True,True,True,5.416999999999999,5.330500000000001,0.80425942169881,3.952,6.376,4.3126999999999995,4.8797500000000005,6.24675,6.2861,24,0,0,0,0,0.0,23.0,0,BTGOXD2,mg/L,reported_gmt_minus_4_unconverted
2021-05-19,24,24,24,1.0,high,True,True,True,True,5.202625,5.34,0.5780831753378536,3.954,6.039,4.4211,4.7982499999999995,5.6267499999999995,5.8416,24,0,0,0,0,0.0,23.0,0,BTGOXD2,mg/L,reported_gmt_minus_4_unconverted
2021-05-20,24,24,24,1.0,high,True,True,True,True,5.057666666666666,5.0920000000000005,0.7344396069329895,3.713,6.244,4.0377,4.6165,5.39775,6.1389000000000005,24,0,0,0,0,0.0,23.0,0,BTGOXD2,mg/L,reported_gmt_minus_4_unconverted
2021-05-21,24,24,24,1.0,high,True,True,True,True,4.7605,4.582,1.0879319432039296,2.927,6.559,3.3409,4.02425,5.50475,6.3445,24,0,0,0,0,0.0,23.0,0,BTGOXD2,mg/L,reported_gmt_minus_4_unconverted
2021-05-22,24,24,24,1.0,high,True,True,True,True,4.447,4.462,1.0108489329357733,2.711,5.952,3.0802,3.5147500000000003,5.29175,5.5736,24,0,0,0,0,0.0,23.0,0,BTGOXD2,mg/L,reported_gmt_minus_4_unconverted
2021-05-23,24,24,24,1.0,high,True,True,True,True,4.143375,4.3260000000000005,0.760876143294546,2.301,5.133,3.2002,3.62825,4.672499999999999,5.034400000000001,24,0,0,0,0,0.0,23.0,0,BTGOXD2,mg/L,reported_gmt_minus_4_unconverted
2021-05-24,24,24,24,1.0,high,True,True,True,True,4.505291666666667,4.3825,1.1436053012927703,2.965,6.634,3.0287,3.62,5.250500000000001,6.1076,24,0,0,0,0,0.0,23.0,0,BTGOXD2,mg/L,reported_gmt_minus_4_unconverted
2021-05-25,24,24,24,1.0,high,True,True,True,True,5.364375,5.6845,1.098587544254578,3.188,6.858,3.7035,4.6755,6.2965,6.4323,24,0,0,0,0,0.0,23.0,0,BTGOXD2,mg/L,reported_gmt_minus_4_unconverted
2021-05-26,24,24,24,1.0,high,True,True,True,True,6.388125,6.5055,1.3047234027213184,3.674,7.819,4.4258,5.61325,7.6245,7.7402,24,0,0,0,0,0.0,23.0,0,BTGOXD2,mg/L,reported_gmt_minus_4_unconverted
2021-05-27,24,24,24,1.0,high,True,True,True,True,7.14225,7.287,0.7642961098149467,5.451,8.171,6.1732000000000005,6.64625,7.781750000000001,8.097,24,0,0,0,0,0.0,23.0,0,BTGOXD2,mg/L,reported_gmt_minus_4_unconverted
2021-05-28,24,24,24,1.0,high,True,True,True,True,7.031166666666667,7.3165,1.2746676520522537,4.881,8.854,5.2663,5.96575,8.1865,8.3396,24,0,0,0,0,0.0,23.0,0,BTGOXD2,mg/L,reported_gmt_minus_4_unconverted
2021-05-29,24,24,24,1.0,high,True,True,True,True,7.650166666666667,8.009,1.058652123617848,5.634,9.193,5.9811000000000005,6.801,8.37525,8.5399,24,0,0,0,0,0.0,23.0,0,BTGOXD2,mg/L,reported_gmt_minus_4_unconverted
2021-05-30,24,24,24,1.0,high,True,True,True,True,7.011458333333334,7.1945,1.1965587606773112,3.868,8.497,5.6504,6.175,7.944,8.3065,24,0,0,0,0,0.0,23.0,0,BTGOXD2,mg/L,reported_gmt_minus_4_unconverted
2021-05-31,24,24,24,1.0,high,True,True,True,True,6.531333333333333,6.489,1.129466232790734,3.962,8.089,5.0347,5.77625,7.562749999999999,7.8687000000000005,24,0,0,0,0,0.0,23.0,0,BTGOXD2,mg/L,reported_gmt_minus_4_unconverted
2021-06-01,24,24,24,1.0,high,True,True,True,True,6.270500000000001,6.2675,1.5162746682462307,2.833,8.014,4.295800000000001,5.418,7.6205,7.8402,24,0,0,0,0,0.0,23.0,0,BTGOXD2,mg/L,reported_gmt_minus_4_unconverted
2021-06-02,24,24,24,1.0,high,True,True,True,True,6.21725,5.9465,1.2679892075387638,3.205,8.443,4.88,5.64825,7.15875,7.7706,24,0,0,0,0,0.0,23.0,0,BTGOXD2,mg/L,reported_gmt_minus_4_unconverted
2021-06-03,24,24,24,1.0,high,True,True,True,True,6.716125000000001,7.192,0.9133890219587614,4.64,7.742,5.25,6.273000000000001,7.3260000000000005,7.6373,24,0,0,0,0,0.0,23.0,0,BTGOXD2,mg/L,reported_gmt_minus_4_unconverted
2021-06-04,24,24,24,1.0,high,True,True,True,True,5.519375,4.9495000000000005,1.501945689184822,3.577,7.553,3.8197,4.1754999999999995,7.2945,7.4738999999999995,24,0,0,0,0,0.0,23.0,0,BTGOXD2,mg/L,reported_gmt_minus_4_unconverted
2021-06-05,24,24,24,1.0,high,True,True,True,True,4.80675,4.5015,1.1003746891499,3.172,6.556,3.7033,3.92,5.9635,6.3905,24,0,0,0,0,0.0,23.0,0,BTGOXD2,mg/L,reported_gmt_minus_4_unconverted
2021-06-06,24,24,24,1.0,high,True,True,True,True,4.775875,4.7455,0.47775164664244246,3.944,5.899,4.3004,4.495,4.98425,5.2519,24,0,0,0,0,0.0,23.0,0,BTGOXD2,mg/L,reported_gmt_minus_4_unconverted
2021-06-07,24,24,24,1.0,high,True,True,True,True,4.6062916666666665,4.645,0.44619029661916837,3.626,5.221,4.0835,4.24575,4.9635,5.1705,24,0,0,0,0,0.0,23.0,0,BTGOXD2,mg/L,reported_gmt_minus_4_unconverted
2021-06-08,24,24,24,1.0,high,True,True,True,True,4.723999999999999,4.802,0.22359863109171071,4.143,5.027,4.4966,4.64975,4.87075,4.9186,24,0,0,0,0,0.0,23.0,0,BTGOXD2,mg/L,reported_gmt_minus_4_unconverted
2021-06-09,24,24,24,1.0,high,True,True,True,True,4.064708333333333,4.149,0.6089687276304785,2.782,4.742,3.1228000000000002,3.8207500000000003,4.5855,4.653499999999999,24,0,0,0,0,0.0,23.0,0,BTGOXD2,mg/L,reported_gmt_minus_4_unconverted
2021-06-10,24,24,24,1.0,high,True,True,True,True,4.090958333333333,4.079,0.5835056334564067,3.062,5.08,3.2359,3.77025,4.534,4.739,24,0,0,0,0,0.0,23.0,0,BTGOXD2,mg/L,reported_gmt_minus_4_unconverted
2021-06-11,24,24,24,1.0,high,True,True,True,True,4.983083333333333,4.9465,0.2982203615750793,4.507,5.443,4.6355,4.7175,5.2585,5.367,24,0,0,0,0,0.0,23.0,0,BTGOXD2,mg/L,reported_gmt_minus_4_unconverted
2021-06-12,24,24,24,1.0,high,True,True,True,True,5.437791666666666,5.419499999999999,0.07848620990293478,5.309,5.592,5.372800000000001,5.38075,5.4670000000000005,5.5631,24,0,0,0,0,0.0,23.0,0,BTGOXD2,mg/L,reported_gmt_minus_4_unconverted
2021-06-13,24,24,24,1.0,high,True,True,True,True,5.354333333333333,5.356999999999999,0.09574498132683174,5.179,5.544,5.2542,5.28425,5.4095,5.4847,24,0,0,0,0,0.0,23.0,0,BTGOXD2,mg/L,reported_gmt_minus_4_unconverted
2021-06-14,24,24,24,1.0,high,True,True,True,True,5.366625,5.34,0.2593451305483302,4.862,5.718,5.063300000000001,5.17825,5.5945,5.691,24,0,0,0,0,0.0,23.0,0,BTGOXD2,mg/L,reported_gmt_minus_4_unconverted
2021-06-15,24,24,24,1.0,high,True,True,True,True,5.356583333333333,5.3755,0.22195179983337682,4.576,5.634,5.155200000000001,5.3475,5.4807500000000005,5.5550999999999995,24,0,0,0,0,0.0,23.0,0,BTGOXD2,mg/L,reported_gmt_minus_4_unconverted
2021-06-16,24,24,24,1.0,high,True,True,True,True,5.288749999999999,5.324,0.18787466913968956,4.815,5.561,4.9703,5.23975,5.405,5.4445,24,0,0,0,0,0.0,23.0,0,BTGOXD2,mg/L,reported_gmt_minus_4_unconverted
2021-06-17,24,24,24,1.0,high,True,True,True,True,5.218625,5.231999999999999,0.4814813927056155,4.31,5.949,4.5483,4.9115,5.64575,5.7961,24,0,0,0,0,0.0,23.0,0,BTGOXD2,mg/L,reported_gmt_minus_4_unconverted
2021-06-18,24,24,24,1.0,high,True,True,True,True,5.004541666666666,5.016,0.34939002489016996,4.373,5.692,4.5899,4.7715,5.24775,5.4483,24,0,0,0,0,0.0,23.0,0,BTGOXD2,mg/L,reported_gmt_minus_4_unconverted
2021-06-19,24,24,24,1.0,high,True,True,True,True,4.331375,4.2635000000000005,0.4131670693241573,3.434,5.082,3.8944,4.14825,4.6552500000000006,4.9381,24,0,0,0,0,0.0,23.0,0,BTGOXD2,mg/L,reported_gmt_minus_4_unconverted
2021-06-20,24,24,24,1.0,high,True,True,True,True,4.6669583333333335,4.478,0.7496812353995163,3.708,5.985,3.9493,4.1105,5.40925,5.8455,24,0,0,0,0,0.0,23.0,0,BTGOXD2,mg/L,reported_gmt_minus_4_unconverted
2021-06-21,24,24,24,1.0,high,True,True,True,True,5.214541666666666,5.522,0.7315384015696063,3.435,5.92,4.1613999999999995,4.664,5.7597499999999995,5.8463,24,0,0,0,0,0.0,23.0,0,BTGOXD2,mg/L,reported_gmt_minus_4_unconverted
2021-06-22,24,24,24,1.0,high,True,True,True,True,5.236,5.288,0.5118430465951708,3.719,5.873,4.6272,5.024,5.62975,5.773,24,0,0,0,0,0.0,23.0,0,BTGOXD2,mg/L,reported_gmt_minus_4_unconverted
2021-06-23,24,24,24,1.0,high,True,True,True,True,5.256291666666667,5.2545,0.06369525213803237,5.138,5.443,5.1875,5.22425,5.28625,5.317,24,0,0,0,0,0.0,23.0,0,BTGOXD2,mg/L,reported_gmt_minus_4_unconverted
2021-06-24,24,24,23,0.958333,high,True,True,True,True,5.43408695652174,5.287,0.5936025539827652,4.955,7.571,5.0527999999999995,5.130000000000001,5.465,5.6294,23,1,0,0,0,0.0,23.0,1,BTGOXD2,mg/L,reported_gmt_minus_4_unconverted
2021-06-25,24,24,24,1.0,high,True,True,True,True,4.703375,4.763,0.397659654839357,3.893,5.31,4.2141,4.39025,5.02375,5.1843,24,0,0,0,0,0.0,23.0,0,BTGOXD2,mg/L,reported_gmt_minus_4_unconverted
2021-06-26,24,24,24,1.0,high,True,True,True,True,4.877541666666667,5.082,0.4786104869185441,3.808,5.355,4.118799999999999,4.71375,5.22125,5.2812,24,0,0,0,0,0.0,23.0,0,BTGOXD2,mg/L,reported_gmt_minus_4_unconverted
2021-06-27,24,24,24,1.0,high,True,True,True,True,4.879291666666667,4.9275,0.2367296162964915,4.154,5.219,4.6011,4.78075,5.02275,5.104100000000001,24,0,0,0,0,0.0,23.0,0,BTGOXD2,mg/L,reported_gmt_minus_4_unconverted
2021-06-28,24,24,24,1.0,high,True,True,True,True,5.421708333333332,5.3185,0.22454697952654082,5.16,5.891,5.2456000000000005,5.27475,5.50925,5.8187999999999995,24,0,0,0,0,0.0,23.0,0,BTGOXD2,mg/L,reported_gmt_minus_4_unconverted
2021-06-29,24,24,24,1.0,high,True,True,True,True,5.628375000000001,5.64,0.18916655014999914,5.299,5.949,5.4256,5.44275,5.7675,5.8525,24,0,0,0,0,0.0,23.0,0,BTGOXD2,mg/L,reported_gmt_minus_4_unconverted
2021-06-30,24,24,24,1.0,high,True,True,True,True,5.428916666666666,5.4445,0.16419180635878974,5.12,5.669,5.2078999999999995,5.32,5.55,5.6502,24,0,0,0,0,0.0,23.0,0,BTGOXD2,mg/L,reported_gmt_minus_4_unconverted
2021-07-01,24,24,24,1.0,high,True,True,True,True,4.993625,5.087999999999999,0.4318333829756262,3.929,5.518,4.4087000000000005,4.77325,5.362,5.4204,24,0,0,0,0,0.0,23.0,0,BTGOXD2,mg/L,reported_gmt_minus_4_unconverted
2021-07-02,24,24,24,1.0,high,True,True,True,True,4.488041666666667,4.7010000000000005,0.5749142453381666,3.198,5.206,3.527,4.1875,4.913,5.0013,24,0,0,0,0,0.0,23.0,0,BTGOXD2,mg/L,reported_gmt_minus_4_unconverted
2021-07-03,24,24,24,1.0,high,True,True,True,True,4.454958333333333,4.614,0.7790741706704164,3.136,5.846,3.3175,3.7975,5.074999999999999,5.3185,24,0,0,0,0,0.0,23.0,0,BTGOXD2,mg/L,reported_gmt_minus_4_unconverted
2021-07-04,24,24,24,1.0,high,True,True,True,True,4.63375,4.681,0.3657438222010877,3.853,5.192,4.2168,4.333,4.8905,5.052,24,0,0,0,0,0.0,23.0,0,BTGOXD2,mg/L,reported_gmt_minus_4_unconverted
2021-07-05,24,24,24,1.0,high,True,True,True,True,4.73125,4.802,0.35427221786054036,3.993,5.181,4.2863999999999995,4.4544999999999995,5.0280000000000005,5.1202,24,0,0,0,0,0.0,23.0,0,BTGOXD2,mg/L,reported_gmt_minus_4_unconverted
2021-07-06,24,24,24,1.0,high,True,True,True,True,4.608583333333333,4.617,0.323917315894399,4.105,5.183,4.1583000000000006,4.3877500000000005,4.81625,5.1057,24,0,0,0,0,0.0,23.0,0,BTGOXD2,mg/L,reported_gmt_minus_4_unconverted
2021-07-07,24,24,24,1.0,high,True,True,True,True,2.5745,2.7835,0.8026554840571118,1.07,3.903,1.3959000000000001,1.957,3.1494999999999997,3.3844,24,0,0,0,0,0.0,23.0,0,BTGOXD2,mg/L,reported_gmt_minus_4_unconverted
2021-07-08,24,24,4,0.166667,weak,False,False,False,False,0.53525,0.542,0.336676278740672,0.139,0.918,0.2194,0.33999999999999997,0.7372500000000001,0.8457000000000001,4,20,0,0,0,0.0,3.0,20,BTGOXD2,mg/L,reported_gmt_minus_4_unconverted
2021-07-09,24,24,11,0.458333,weak,False,False,False,False,6.406363636363636,6.499,0.332239453625626,5.663,6.743,6.034,6.266500000000001,6.622,6.685,11,13,0,0,0,13.0,23.0,13,BTGOXD2,mg/L,reported_gmt_minus_4_unconverted
2021-07-10,24,24,24,1.0,high,True,True,True,True,6.172375,6.122,0.5308651521644726,5.054,6.903,5.567,5.816,6.7085,6.8036,24,0,0,0,0,0.0,23.0,0,BTGOXD2,mg/L,reported_gmt_minus_4_unconverted
2021-07-11,24,24,24,1.0,high,True,True,True,True,6.462791666666667,6.5815,0.39661458448119175,5.58,6.946,5.8098,6.286,6.68075,6.8989,24,0,0,0,0,0.0,23.0,0,BTGOXD2,mg/L,reported_gmt_minus_4_unconverted
2021-07-12,24,24,24,1.0,high,True,True,True,True,6.702791666666667,6.683999999999999,0.10098944377321416,6.579,6.971,6.616899999999999,6.63475,6.70325,6.8639,24,0,0,0,0,0.0,23.0,0,BTGOXD2,mg/L,reported_gmt_minus_4_unconverted
2021-07-13,24,24,24,1.0,high,True,True,True,True,6.585333333333334,6.577999999999999,0.2223185467564145,6.017,6.925,6.3159,6.49875,6.72225,6.8733,24,0,0,0,0,0.0,23.0,0,BTGOXD2,mg/L,reported_gmt_minus_4_unconverted
2021-07-14,24,24,24,1.0,high,True,True,True,True,6.320083333333334,6.4,0.26368243691272253,5.587,6.59,5.9657,6.2565,6.476,6.568700000000001,24,0,0,0,0,0.0,23.0,0,BTGOXD2,mg/L,reported_gmt_minus_4_unconverted
2021-07-15,24,24,24,1.0,high,True,True,True,True,5.768583333333333,6.0135000000000005,0.7366961450590925,3.311,6.499,5.0619000000000005,5.64075,6.2175,6.2735,24,0,0,0,0,0.0,23.0,0,BTGOXD2,mg/L,reported_gmt_minus_4_unconverted
2021-07-16,24,24,24,1.0,high,True,True,True,True,5.283083333333333,5.4045000000000005,0.7948191435883339,3.633,6.271,4.1104,4.8115000000000006,5.957000000000001,6.1529,24,0,0,0,0,0.0,23.0,0,BTGOXD2,mg/L,reported_gmt_minus_4_unconverted
2021-07-17,24,24,24,1.0,high,True,True,True,True,5.0765416666666665,5.204000000000001,1.1012815056606304,2.615,6.618,3.895,4.1855,6.13825,6.3442,24,0,0,0,0,0.0,23.0,0,BTGOXD2,mg/L,reported_gmt_minus_4_unconverted
2021-07-18,24,24,24,1.0,high,True,True,True,True,6.2795,6.6775,0.8371929807138385,4.192,7.097,5.118,5.612,6.91125,6.9574,24,0,0,0,0,0.0,23.0,0,BTGOXD2,mg/L,reported_gmt_minus_4_unconverted
2021-07-19,24,24,24,1.0,high,True,True,True,True,5.745416666666667,5.771,0.5566250722115316,4.032,6.914,5.2878,5.47475,6.0525,6.2322999999999995,24,0,0,0,0,0.0,23.0,0,BTGOXD2,mg/L,reported_gmt_minus_4_unconverted
2021-07-20,24,24,24,1.0,high,True,True,True,True,6.131749999999999,6.539,1.1150203839041415,3.551,7.845,4.2532,5.9704999999999995,6.705500000000001,7.0146,24,0,0,0,0,0.0,23.0,0,BTGOXD2,mg/L,reported_gmt_minus_4_unconverted
2021-07-21,24,24,24,1.0,high,True,True,True,True,5.640208333333334,5.9575,1.1531045798631836,3.222,7.073,3.9772,4.9105,6.62525,6.7763,24,0,0,0,0,0.0,23.0,0,BTGOXD2,mg/L,reported_gmt_minus_4_unconverted
2021-07-22,24,24,24,1.0,high,True,True,True,True,5.642166666666667,5.8215,1.0054115171612963,3.703,7.307,4.3161000000000005,5.062250000000001,6.24925,6.9237,24,0,0,0,0,0.0,23.0,0,BTGOXD2,mg/L,reported_gmt_minus_4_unconverted
2021-07-23,24,24,24,1.0,high,True,True,True,True,5.649375,5.6690000000000005,0.5235186814074629,4.823,6.837,4.9481,5.2285,6.0040000000000004,6.2056000000000004,24,0,0,0,0,0.0,23.0,0,BTGOXD2,mg/L,reported_gmt_minus_4_unconverted
2021-07-24,24,24,24,1.0,high,True,True,True,True,5.62125,5.466,0.2773875408631162,5.373,6.173,5.3875,5.42525,5.827999999999999,6.0808,24,0,0,0,0,0.0,23.0,0,BTGOXD2,mg/L,reported_gmt_minus_4_unconverted
2021-07-25,24,24,24,1.0,high,True,True,True,True,5.868458333333334,5.949,0.28683474702596484,5.333,6.294,5.5096,5.64625,6.1135,6.1531,24,0,0,0,0,0.0,23.0,0,BTGOXD2,mg/L,reported_gmt_minus_4_unconverted
2021-07-26,24,24,24,1.0,high,True,True,True,True,5.519500000000001,5.9055,1.1599532974106814,2.488,6.776,3.8972,4.81825,6.3805000000000005,6.5675,24,0,0,0,0,0.0,23.0,0,BTGOXD2,mg/L,reported_gmt_minus_4_unconverted
2021-07-27,24,24,24,1.0,high,True,True,True,True,4.346041666666666,4.571,1.030555547905517,2.616,5.649,2.9516999999999998,3.3235,5.2585,5.4556,24,0,0,0,0,0.0,23.0,0,BTGOXD2,mg/L,reported_gmt_minus_4_unconverted
2021-07-28,24,24,24,1.0,high,True,True,True,True,4.960333333333334,5.134,0.8974251896478573,3.122,6.369,3.6821,4.5525,5.3732500000000005,6.185899999999999,24,0,0,0,0,0.0,23.0,0,BTGOXD2,mg/L,reported_gmt_minus_4_unconverted
2021-07-29,24,24,24,1.0,high,True,True,True,True,6.226125,6.349,0.6862735107242149,4.79,7.326,5.3182,5.758,6.741,7.0636,24,0,0,0,0,0.0,23.0,0,BTGOXD2,mg/L,reported_gmt_minus_4_unconverted
2021-07-30,24,24,24,1.0,high,True,True,True,True,5.869375000000001,5.844,0.4131308680435714,5.018,6.544,5.4241,5.57375,6.22625,6.4573,24,0,0,0,0,0.0,23.0,0,BTGOXD2,mg/L,reported_gmt_minus_4_unconverted
2021-07-31,24,24,24,1.0,high,True,True,True,True,5.635458333333333,5.560499999999999,0.2307309706066817,5.374,6.3,5.4495000000000005,5.487,5.674,5.9327,24,0,0,0,0,0.0,23.0,0,BTGOXD2,mg/L,reported_gmt_minus_4_unconverted
2021-08-01,24,24,24,1.0,high,True,True,True,True,5.997458333333333,5.976,0.09455708152574659,5.837,6.195,5.89,5.9275,6.06375,6.1238,24,0,0,0,0,0.0,23.0,0,BTGOXD2,mg/L,reported_gmt_minus_4_unconverted
2021-08-02,24,24,24,1.0,high,True,True,True,True,6.148125,6.167,0.13394850162266278,5.806,6.313,5.9633,6.08975,6.2565,6.294,24,0,0,0,0,0.0,23.0,0,BTGOXD2,mg/L,reported_gmt_minus_4_unconverted
2021-08-03,24,24,24,1.0,high,True,True,True,True,5.823833333333333,5.7669999999999995,0.20409325802440043,5.526,6.177,5.6149,5.6705000000000005,6.03775,6.1046000000000005,24,0,0,0,0,0.0,23.0,0,BTGOXD2,mg/L,reported_gmt_minus_4_unconverted
2021-08-04,24,24,24,1.0,high,True,True,True,True,5.692708333333333,5.948,0.6563994991895041,4.203,6.379,4.7083,5.3004999999999995,6.1575,6.2145,24,0,0,0,0,0.0,23.0,0,BTGOXD2,mg/L,reported_gmt_minus_4_unconverted
2021-08-05,24,24,24,1.0,high,True,True,True,True,5.346416666666666,5.3015,0.839207592945852,3.992,6.574,4.2547999999999995,4.672000000000001,6.0195,6.4324,24,0,0,0,0,0.0,23.0,0,BTGOXD2,mg/L,reported_gmt_minus_4_unconverted
2021-08-06,24,24,11,0.458333,weak,False,False,False,False,4.807727272727273,4.717,1.0343210421246483,3.378,6.171,3.441,4.0575,5.6745,6.076,11,13,0,0,0,0.0,10.0,13,BTGOXD2,mg/L,reported_gmt_minus_4_unconverted
2021-08-07,24,24,0,0.0,missing,False,False,False,False,,,,,,,,,,0,24,0,0,0,,,24,BTGOXD2,mg/L,reported_gmt_minus_4_unconverted
2021-08-08,24,24,0,0.0,missing,False,False,False,False,,,,,,,,,,0,24,0,0,0,,,24,BTGOXD2,mg/L,reported_gmt_minus_4_unconverted
2021-08-09,24,24,0,0.0,missing,False,False,False,False,,,,,,,,,,0,24,0,0,0,,,24,BTGOXD2,mg/L,reported_gmt_minus_4_unconverted
2021-08-10,24,24,0,0.0,missing,False,False,False,False,,,,,,,,,,0,24,0,0,0,,,24,BTGOXD2,mg/L,reported_gmt_minus_4_unconverted
2021-08-11,24,24,0,0.0,missing,False,False,False,False,,,,,,,,,,0,24,0,0,0,,,24,BTGOXD2,mg/L,reported_gmt_minus_4_unconverted
2021-08-12,24,24,0,0.0,missing,False,False,False,False,,,,,,,,,,0,24,0,0,0,,,24,BTGOXD2,mg/L,reported_gmt_minus_4_unconverted
2021-08-13,24,24,0,0.0,missing,False,False,False,False,,,,,,,,,,0,24,0,0,0,,,24,BTGOXD2,mg/L,reported_gmt_minus_4_unconverted
2021-08-14,24,24,0,0.0,missing,False,False,False,False,,,,,,,,,,0,24,0,0,0,,,24,BTGOXD2,mg/L,reported_gmt_minus_4_unconverted
2021-08-15,24,24,0,0.0,missing,False,False,False,False,,,,,,,,,,0,24,0,0,0,,,24,BTGOXD2,mg/L,reported_gmt_minus_4_unconverted
2021-08-16,24,24,0,0.0,missing,False,False,False,False,,,,,,,,,,0,24,0,0,0,,,24,BTGOXD2,mg/L,reported_gmt_minus_4_unconverted
2021-08-17,24,24,0,0.0,missing,False,False,False,False,,,,,,,,,,0,24,0,0,0,,,24,BTGOXD2,mg/L,reported_gmt_minus_4_unconverted
2021-08-18,24,24,0,0.0,missing,False,False,False,False,,,,,,,,,,0,24,0,0,0,,,24,BTGOXD2,mg/L,reported_gmt_minus_4_unconverted
2021-08-19,24,24,0,0.0,missing,False,False,False,False,,,,,,,,,,0,24,0,0,0,,,24,BTGOXD2,mg/L,reported_gmt_minus_4_unconverted
2021-08-20,24,24,0,0.0,missing,False,False,False,False,,,,,,,,,,0,24,0,0,0,,,24,BTGOXD2,mg/L,reported_gmt_minus_4_unconverted
2021-08-21,24,24,0,0.0,missing,False,False,False,False,,,,,,,,,,0,24,0,0,0,,,24,BTGOXD2,mg/L,reported_gmt_minus_4_unconverted
2021-08-22,24,24,0,0.0,missing,False,False,False,False,,,,,,,,,,0,24,0,0,0,,,24,BTGOXD2,mg/L,reported_gmt_minus_4_unconverted
2021-08-23,24,24,0,0.0,missing,False,False,False,False,,,,,,,,,,0,24,0,0,0,,,24,BTGOXD2,mg/L,reported_gmt_minus_4_unconverted
2021-08-24,24,24,0,0.0,missing,False,False,False,False,,,,,,,,,,0,24,0,0,0,,,24,BTGOXD2,mg/L,reported_gmt_minus_4_unconverted
2021-08-25,24,24,0,0.0,missing,False,False,False,False,,,,,,,,,,0,24,0,0,0,,,24,BTGOXD2,mg/L,reported_gmt_minus_4_unconverted
2021-08-26,24,24,0,0.0,missing,False,False,False,False,,,,,,,,,,0,24,0,0,0,,,24,BTGOXD2,mg/L,reported_gmt_minus_4_unconverted
2021-08-27,24,24,0,0.0,missing,False,False,False,False,,,,,,,,,,0,24,0,0,0,,,24,BTGOXD2,mg/L,reported_gmt_minus_4_unconverted
2021-08-28,24,24,0,0.0,missing,False,False,False,False,,,,,,,,,,0,24,0,0,0,,,24,BTGOXD2,mg/L,reported_gmt_minus_4_unconverted
2021-08-29,24,24,0,0.0,missing,False,False,False,False,,,,,,,,,,0,24,0,0,0,,,24,BTGOXD2,mg/L,reported_gmt_minus_4_unconverted
2021-08-30,24,24,0,0.0,missing,False,False,False,False,,,,,,,,,,0,24,0,0,0,,,24,BTGOXD2,mg/L,reported_gmt_minus_4_unconverted
2021-08-31,24,24,24,1.0,high,True,True,True,True,5.395416666666667,5.34,1.032992736060435,3.505,7.149,3.968,4.803,6.52225,6.7355,24,0,0,0,0,0.0,23.0,0,BTGOXD2,mg/L,reported_gmt_minus_4_unconverted
2021-09-01,24,24,24,1.0,high,True,True,True,True,4.634416666666667,4.453,1.2273328423036276,2.758,6.514,3.0051,3.6545,5.774249999999999,6.1786,24,0,0,0,0,0.0,23.0,0,BTGOXD2,mg/L,reported_gmt_minus_4_unconverted
2021-09-02,24,24,24,1.0,high,True,True,True,True,4.584708333333333,4.64,0.7198261552906923,3.253,5.988,3.7593,4.1209999999999996,4.8315,5.6067,24,0,0,0,0,0.0,23.0,0,BTGOXD2,mg/L,reported_gmt_minus_4_unconverted
2021-09-03,24,24,24,1.0,high,True,True,True,True,5.079625,5.2585,0.8708212921294972,3.239,7.214,4.1961,4.5017499999999995,5.5725,5.8421,24,0,0,0,0,0.0,23.0,0,BTGOXD2,mg/L,reported_gmt_minus_4_unconverted
2021-09-04,24,24,24,1.0,high,True,True,True,True,4.624,4.798,1.0143824851045864,2.611,6.191,3.1612,4.05125,5.08,5.9611,24,0,0,0,0,0.0,23.0,0,BTGOXD2,mg/L,reported_gmt_minus_4_unconverted
2021-09-05,24,24,24,1.0,high,True,True,True,True,3.234208333333333,2.58,1.5457058604029608,1.716,7.289,2.0941,2.20725,3.73225,5.9773,24,0,0,0,0,0.0,23.0,0,BTGOXD2,mg/L,reported_gmt_minus_4_unconverted
2021-09-06,24,24,24,1.0,high,True,True,True,True,3.1288749999999994,2.689,1.568549490910243,1.211,6.547,1.5429,2.17925,3.5975,5.722799999999999,24,0,0,0,0,0.0,23.0,0,BTGOXD2,mg/L,reported_gmt_minus_4_unconverted
2021-09-07,24,24,24,1.0,high,True,True,True,True,2.7384166666666663,2.4455,1.5299081221821265,0.56,5.287,0.8149,1.41,3.87225,4.8354,24,0,0,0,0,0.0,23.0,0,BTGOXD2,mg/L,reported_gmt_minus_4_unconverted
2021-09-08,24,24,24,1.0,high,True,True,True,True,2.0528750000000002,1.9540000000000002,1.266999478826975,0.46,4.047,0.603,0.7535000000000001,3.132,3.9181999999999997,24,0,0,0,0,0.0,23.0,0,BTGOXD2,mg/L,reported_gmt_minus_4_unconverted
2021-09-09,24,24,24,1.0,high,True,True,True,True,1.8160416666666668,1.798,0.9241408456162036,0.636,3.089,0.7321,0.87175,2.752,3.0252,24,0,0,0,0,0.0,23.0,0,BTGOXD2,mg/L,reported_gmt_minus_4_unconverted
2021-09-10,24,24,24,1.0,high,True,True,True,True,4.039124999999999,4.034000000000001,0.9239446770799362,2.476,5.432,3.0798,3.2235,4.83425,5.1097,24,0,0,0,0,0.0,23.0,0,BTGOXD2,mg/L,reported_gmt_minus_4_unconverted
2021-09-11,24,24,24,1.0,high,True,True,True,True,5.3275,5.5405,0.5259213034202972,4.066,5.917,4.5402000000000005,5.262,5.645250000000001,5.7611,24,0,0,0,0,0.0,23.0,0,BTGOXD2,mg/L,reported_gmt_minus_4_unconverted
2021-09-12,24,24,24,1.0,high,True,True,True,True,5.894166666666666,5.7915,0.3615984641496175,5.485,6.736,5.5656,5.6235,6.02425,6.5116,24,0,0,0,0,0.0,23.0,0,BTGOXD2,mg/L,reported_gmt_minus_4_unconverted
2021-09-13,24,24,24,1.0,high,True,True,True,True,5.674916666666667,5.728,1.0688902785301362,3.007,6.911,4.181,5.49925,6.57625,6.795,24,0,0,0,0,0.0,23.0,0,BTGOXD2,mg/L,reported_gmt_minus_4_unconverted
2021-09-14,24,24,24,1.0,high,True,True,True,True,5.687708333333333,6.033,1.0020705294611219,3.011,7.139,4.2262,5.288,6.3180000000000005,6.4937000000000005,24,0,0,0,0,0.0,23.0,0,BTGOXD2,mg/L,reported_gmt_minus_4_unconverted
2021-09-15,24,24,24,1.0,high,True,True,True,True,5.156666666666667,4.6505,1.3814576632536804,3.362,8.035,4.0877,4.2225,5.3975,7.507499999999999,24,0,0,0,0,0.0,23.0,0,BTGOXD2,mg/L,reported_gmt_minus_4_unconverted
2021-09-16,24,24,24,1.0,high,True,True,True,True,4.919375,4.797000000000001,1.6119677365554348,2.957,8.322,3.2779,3.6215,5.6055,7.4472,24,0,0,0,0,0.0,23.0,0,BTGOXD2,mg/L,reported_gmt_minus_4_unconverted
2021-09-17,24,24,24,1.0,high,True,True,True,True,5.365875,4.9615,1.4794175796576166,3.539,8.544,3.9876,4.20625,6.01175,7.7962,24,0,0,0,0,0.0,23.0,0,BTGOXD2,mg/L,reported_gmt_minus_4_unconverted
2021-09-18,24,24,24,1.0,high,True,True,True,True,5.668333333333333,5.152,1.3099905630813982,4.324,8.529,4.499300000000001,4.54175,6.19325,7.6571,24,0,0,0,0,0.0,23.0,0,BTGOXD2,mg/L,reported_gmt_minus_4_unconverted
2021-09-19,24,24,24,1.0,high,True,True,True,True,3.9012083333333334,3.597,1.179476928250554,2.405,7.175,2.5642,3.28125,4.40475,5.39,24,0,0,0,0,0.0,23.0,0,BTGOXD2,mg/L,reported_gmt_minus_4_unconverted
2021-09-20,24,24,24,1.0,high,True,True,True,True,3.580166666666667,3.3045,0.923654258045616,2.116,5.478,2.7673,2.8235,4.436999999999999,4.712,24,0,0,0,0,0.0,23.0,0,BTGOXD2,mg/L,reported_gmt_minus_4_unconverted
2021-09-21,24,24,24,1.0,high,True,True,True,True,3.776,3.9845,0.6983833505660241,2.362,4.643,2.6170999999999998,3.46125,4.217,4.462,24,0,0,0,0,0.0,23.0,0,BTGOXD2,mg/L,reported_gmt_minus_4_unconverted
2021-09-22,24,24,24,1.0,high,True,True,True,True,4.5564583333333335,4.839,0.6623030292367926,3.224,5.435,3.665,3.9825,5.1265,5.2266,24,0,0,0,0,0.0,23.0,0,BTGOXD2,mg/L,reported_gmt_minus_4_unconverted
2021-09-23,24,24,24,1.0,high,True,True,True,True,4.495416666666666,4.6915,1.2248640711334557,2.038,6.216,2.6672,3.78125,5.3965,5.9667,24,0,0,0,0,0.0,23.0,0,BTGOXD2,mg/L,reported_gmt_minus_4_unconverted
2021-09-24,24,24,24,1.0,high,True,True,True,True,5.09875,5.409,1.1919506938299667,2.707,6.357,3.2587,4.38175,6.17225,6.2429,24,0,0,0,0,0.0,23.0,0,BTGOXD2,mg/L,reported_gmt_minus_4_unconverted
2021-09-25,24,24,24,1.0,high,True,True,True,True,5.442916666666666,5.428000000000001,0.40336151835884604,4.374,6.353,4.9666,5.304,5.7235,5.8556,24,0,0,0,0,0.0,23.0,0,BTGOXD2,mg/L,reported_gmt_minus_4_unconverted
2021-09-26,24,24,24,1.0,high,True,True,True,True,5.187708333333333,5.574999999999999,1.2663980581423309,2.405,6.771,3.1204000000000005,4.61325,5.97525,6.5058,24,0,0,0,0,0.0,23.0,0,BTGOXD2,mg/L,reported_gmt_minus_4_unconverted
2021-09-27,24,24,24,1.0,high,True,True,True,True,5.068083333333333,5.093999999999999,0.9574852441440668,3.507,6.717,3.8159,4.2615,5.6995,6.3266,24,0,0,0,0,0.0,23.0,0,BTGOXD2,mg/L,reported_gmt_minus_4_unconverted
2021-09-28,24,24,24,1.0,high,True,True,True,True,6.07675,6.2915,1.1768196363596841,3.899,7.821,4.3601,5.1775,6.9545,7.3919999999999995,24,0,0,0,0,0.0,23.0,0,BTGOXD2,mg/L,reported_gmt_minus_4_unconverted
2021-09-29,24,24,24,1.0,high,True,True,True,True,6.637666666666667,6.9025,0.8787951072802523,5.061,7.675,5.2339,5.8495,7.28125,7.5948,24,0,0,0,0,0.0,23.0,0,BTGOXD2,mg/L,reported_gmt_minus_4_unconverted
2021-09-30,24,24,24,1.0,high,True,True,True,True,4.632208333333334,5.138,1.6363757668586756,1.58,7.068,2.0502000000000002,3.7304999999999997,5.63825,6.4806,24,0,0,0,0,0.0,23.0,0,BTGOXD2,mg/L,reported_gmt_minus_4_unconverted
2021-10-01,24,24,24,1.0,high,True,True,True,True,1.8564583333333333,1.6275,0.671662180820781,0.967,3.071,1.0790000000000002,1.29975,2.4042499999999998,2.7504,24,0,0,0,0,0.0,23.0,0,BTGOXD2,mg/L,reported_gmt_minus_4_unconverted
2021-10-02,24,24,24,1.0,high,True,True,True,True,0.973375,0.992,0.18406681501917818,0.701,1.411,0.7488,0.817,1.09725,1.1875,24,0,0,0,0,0.0,23.0,0,BTGOXD2,mg/L,reported_gmt_minus_4_unconverted
2021-10-03,24,24,24,1.0,high,True,True,True,True,1.2624166666666667,1.183,0.39116080499242106,0.663,2.17,0.8263,1.01375,1.4725000000000001,1.8015999999999999,24,0,0,0,0,0.0,23.0,0,BTGOXD2,mg/L,reported_gmt_minus_4_unconverted
2021-10-04,24,24,24,1.0,high,True,True,True,True,1.1555833333333334,1.0365,0.5147684930619544,0.499,2.157,0.594,0.8282499999999999,1.3872499999999999,2.0867999999999998,24,0,0,0,0,0.0,23.0,0,BTGOXD2,mg/L,reported_gmt_minus_4_unconverted
2021-10-05,24,24,24,1.0,high,True,True,True,True,2.061958333333333,1.9165,0.6210275831699998,1.176,3.25,1.3612,1.5995,2.50675,2.8928,24,0,0,0,0,0.0,23.0,0,BTGOXD2,mg/L,reported_gmt_minus_4_unconverted
2021-10-06,24,24,24,1.0,high,True,True,True,True,3.9671250000000007,3.5665,1.266107877555738,2.213,6.432,2.3629000000000002,3.13775,5.21925,5.4068,24,0,0,0,0,0.0,23.0,0,BTGOXD2,mg/L,reported_gmt_minus_4_unconverted
2021-10-07,24,24,24,1.0,high,True,True,True,True,5.835583333333332,5.743,0.472068612981544,5.019,6.842,5.2462,5.545999999999999,6.10575,6.5125,24,0,0,0,0,0.0,23.0,0,BTGOXD2,mg/L,reported_gmt_minus_4_unconverted
2021-10-08,24,24,24,1.0,high,True,True,True,True,5.797791666666668,5.805,0.3922138923072978,5.04,6.847,5.3195,5.56875,6.0455,6.163,24,0,0,0,0,0.0,23.0,0,BTGOXD2,mg/L,reported_gmt_minus_4_unconverted
2021-10-09,24,24,24,1.0,high,True,True,True,True,5.388999999999999,5.5035,0.6153423932003752,4.344,6.656,4.4542,5.0687500000000005,5.68225,6.0552,24,0,0,0,0,0.0,23.0,0,BTGOXD2,mg/L,reported_gmt_minus_4_unconverted
2021-10-10,24,24,24,1.0,high,True,True,True,True,4.208666666666667,4.3865,0.9550420280607125,2.336,5.515,2.8292,3.6125,4.88675,5.2531,24,0,0,0,0,0.0,23.0,0,BTGOXD2,mg/L,reported_gmt_minus_4_unconverted
2021-10-11,24,24,24,1.0,high,True,True,True,True,2.611083333333333,2.4825,0.6088610833684313,1.676,3.805,2.0019,2.156,3.07775,3.4928999999999997,24,0,0,0,0,0.0,23.0,0,BTGOXD2,mg/L,reported_gmt_minus_4_unconverted
2021-10-12,24,24,24,1.0,high,True,True,True,True,3.3065833333333337,2.8194999999999997,1.4182782555425884,1.569,6.502,1.8585,2.21725,4.2177500000000006,5.417,24,0,0,0,0,0.0,23.0,0,BTGOXD2,mg/L,reported_gmt_minus_4_unconverted
2021-10-13,24,24,12,0.5,partial,True,False,False,False,2.9144166666666664,3.0775,0.6435323624458613,1.77,3.601,1.9637,2.48,3.43525,3.5815,12,12,0,0,0,0.0,11.0,12,BTGOXD2,mg/L,reported_gmt_minus_4_unconverted
2021-10-14,24,24,0,0.0,missing,False,False,False,False,,,,,,,,,,0,24,0,0,0,,,24,BTGOXD2,mg/L,reported_gmt_minus_4_unconverted
2021-10-15,24,24,0,0.0,missing,False,False,False,False,,,,,,,,,,0,24,0,0,0,,,24,BTGOXD2,mg/L,reported_gmt_minus_4_unconverted
2021-10-16,24,24,0,0.0,missing,False,False,False,False,,,,,,,,,,0,24,0,0,0,,,24,BTGOXD2,mg/L,reported_gmt_minus_4_unconverted
2021-10-17,24,24,0,0.0,missing,False,False,False,False,,,,,,,,,,0,24,0,0,0,,,24,BTGOXD2,mg/L,reported_gmt_minus_4_unconverted
2021-10-18,24,24,0,0.0,missing,False,False,False,False,,,,,,,,,,0,24,0,0,0,,,24,BTGOXD2,mg/L,reported_gmt_minus_4_unconverted
2021-10-19,24,24,0,0.0,missing,False,False,False,False,,,,,,,,,,0,24,0,0,0,,,24,BTGOXD2,mg/L,reported_gmt_minus_4_unconverted
2021-10-20,24,24,0,0.0,missing,False,False,False,False,,,,,,,,,,0,24,0,0,0,,,24,BTGOXD2,mg/L,reported_gmt_minus_4_unconverted
2021-10-21,24,24,0,0.0,missing,False,False,False,False,,,,,,,,,,0,24,0,0,0,,,24,BTGOXD2,mg/L,reported_gmt_minus_4_unconverted
2021-10-22,24,24,0,0.0,missing,False,False,False,False,,,,,,,,,,0,24,0,0,0,,,24,BTGOXD2,mg/L,reported_gmt_minus_4_unconverted
2021-10-23,24,24,0,0.0,missing,False,False,False,False,,,,,,,,,,0,24,0,0,0,,,24,BTGOXD2,mg/L,reported_gmt_minus_4_unconverted
2021-10-24,24,24,0,0.0,missing,False,False,False,False,,,,,,,,,,0,24,0,0,0,,,24,BTGOXD2,mg/L,reported_gmt_minus_4_unconverted
2021-10-25,24,24,0,0.0,missing,False,False,False,False,,,,,,,,,,0,24,0,0,0,,,24,BTGOXD2,mg/L,reported_gmt_minus_4_unconverted
2021-10-26,24,24,0,0.0,missing,False,False,False,False,,,,,,,,,,0,24,0,0,0,,,24,BTGOXD2,mg/L,reported_gmt_minus_4_unconverted
2021-10-27,24,24,24,1.0,high,True,True,True,True,4.53275,4.2509999999999994,0.999351539749652,3.128,6.591,3.5462,4.02425,4.707,6.3994,24,0,0,0,0,0.0,23.0,0,BTGOXD2,mg/L,reported_gmt_minus_4_unconverted
2021-10-28,24,24,24,1.0,high,True,True,True,True,4.536874999999999,4.3255,0.9348813601782291,3.122,6.245,3.6123,3.79775,5.05025,6.138,24,0,0,0,0,0.0,23.0,0,BTGOXD2,mg/L,reported_gmt_minus_4_unconverted
2021-10-29,24,24,24,1.0,high,True,True,True,True,5.1626666666666665,5.1475,0.9858821107170391,3.108,6.415,3.6451,4.55175,6.0024999999999995,6.355,24,0,0,0,0,0.0,23.0,0,BTGOXD2,mg/L,reported_gmt_minus_4_unconverted
2021-10-30,24,24,24,1.0,high,True,True,True,True,5.216291666666667,5.443,0.9889538380736381,3.013,6.576,3.9730000000000003,4.69525,6.01975,6.393999999999999,24,0,0,0,0,0.0,23.0,0,BTGOXD2,mg/L,reported_gmt_minus_4_unconverted
2021-10-31,24,24,24,1.0,high,True,True,True,True,6.224291666666667,6.375,0.36224967118737633,5.365,6.636,5.6814,6.0875,6.468249999999999,6.5786999999999995,24,0,0,0,0,0.0,23.0,0,BTGOXD2,mg/L,reported_gmt_minus_4_unconverted
2021-11-01,24,24,24,1.0,high,True,True,True,True,6.138791666666667,6.246499999999999,0.38551783121978384,4.594,6.444,5.9102,6.053,6.34525,6.399,24,0,0,0,0,0.0,23.0,0,BTGOXD2,mg/L,reported_gmt_minus_4_unconverted
2021-11-02,24,24,24,1.0,high,True,True,True,True,4.856958333333334,5.0265,0.6882729159890414,3.356,5.89,4.0144,4.25875,5.31025,5.623,24,0,0,0,0,0.0,23.0,0,BTGOXD2,mg/L,reported_gmt_minus_4_unconverted
2021-11-03,24,24,24,1.0,high,True,True,True,True,4.307958333333333,4.2905,0.6435026758612428,2.982,5.405,3.4944,3.92625,4.87125,5.1201,24,0,0,0,0,0.0,23.0,0,BTGOXD2,mg/L,reported_gmt_minus_4_unconverted
2021-11-04,24,24,24,1.0,high,True,True,True,True,4.3373333333333335,4.300000000000001,0.6270651215517147,3.399,5.283,3.5149,3.8225000000000002,4.9190000000000005,5.208500000000001,24,0,0,0,0,0.0,23.0,0,BTGOXD2,mg/L,reported_gmt_minus_4_unconverted
2021-11-05,24,24,24,1.0,high,True,True,True,True,3.8380833333333335,3.9219999999999997,0.5322306558387001,2.996,4.535,3.2262,3.3042499999999997,4.30775,4.4526,24,0,0,0,0,0.0,23.0,0,BTGOXD2,mg/L,reported_gmt_minus_4_unconverted
2021-11-06,24,24,24,1.0,high,True,True,True,True,3.4839583333333337,3.6205,0.4037431899187861,2.68,4.289,2.8404000000000003,3.3347499999999997,3.7199999999999998,3.8992,24,0,0,0,0,0.0,23.0,0,BTGOXD2,mg/L,reported_gmt_minus_4_unconverted
2021-11-07,24,24,24,1.0,high,True,True,True,True,3.1375833333333336,3.1445,0.34312159293205646,2.431,3.742,2.6941,2.92275,3.2685000000000004,3.6231999999999998,24,0,0,0,0,0.0,23.0,0,BTGOXD2,mg/L,reported_gmt_minus_4_unconverted
2021-11-08,24,24,24,1.0,high,True,True,True,True,3.6169166666666666,3.6395,0.5619292015336379,2.829,4.949,2.8944,3.15825,4.02275,4.1996,24,0,0,0,0,0.0,23.0,0,BTGOXD2,mg/L,reported_gmt_minus_4_unconverted
2021-11-09,24,24,24,1.0,high,True,True,True,True,4.427083333333333,4.5329999999999995,0.4654390089093229,3.039,4.967,3.8765,4.385,4.71225,4.7906,24,0,0,0,0,0.0,23.0,0,BTGOXD2,mg/L,reported_gmt_minus_4_unconverted
2021-11-10,24,24,24,1.0,high,True,True,True,True,4.089791666666667,3.9245,0.5332747867548266,3.42,5.588,3.5524,3.753,4.304,4.6932,24,0,0,0,0,0.0,23.0,0,BTGOXD2,mg/L,reported_gmt_minus_4_unconverted
2021-11-11,24,24,24,1.0,high,True,True,True,True,3.8971249999999995,3.7439999999999998,0.6492565187766027,2.598,5.292,3.2105,3.4772499999999997,4.38025,4.528,24,0,0,0,0,0.0,23.0,0,BTGOXD2,mg/L,reported_gmt_minus_4_unconverted
2021-11-12,24,24,24,1.0,high,True,True,True,True,3.835625,3.426,1.0472714781340335,2.516,6.55,2.9541999999999997,3.13725,4.27625,5.321899999999999,24,0,0,0,0,0.0,23.0,0,BTGOXD2,mg/L,reported_gmt_minus_4_unconverted
2021-11-13,24,24,24,1.0,high,True,True,True,True,2.294583333333333,2.248,1.1213100225480315,0.341,3.792,0.899,1.21775,3.3525,3.6205,24,0,0,0,0,0.0,23.0,0,BTGOXD2,mg/L,reported_gmt_minus_4_unconverted
2021-11-14,24,24,24,1.0,high,True,True,True,True,1.2916666666666667,1.037,0.7408047719506992,0.438,3.309,0.6191,0.82075,1.51425,2.2725999999999997,24,0,0,0,0,0.0,23.0,0,BTGOXD2,mg/L,reported_gmt_minus_4_unconverted
2021-11-15,24,24,24,1.0,high,True,True,True,True,1.1712083333333334,1.177,0.5641618623090877,0.24,2.035,0.3966,0.68375,1.658,1.8018999999999998,24,0,0,0,0,0.0,23.0,0,BTGOXD2,mg/L,reported_gmt_minus_4_unconverted
2021-11-16,24,24,24,1.0,high,True,True,True,True,0.8405416666666667,0.757,0.3237626585293168,0.416,1.522,0.459,0.60125,1.11775,1.2521,24,0,0,0,0,0.0,23.0,0,BTGOXD2,mg/L,reported_gmt_minus_4_unconverted
2021-11-17,24,24,24,1.0,high,True,True,True,True,1.8339583333333334,1.3455,1.274736954252222,0.183,3.842,0.3788,0.84525,3.23825,3.5269,24,0,0,0,0,0.0,23.0,0,BTGOXD2,mg/L,reported_gmt_minus_4_unconverted
2021-11-18,24,24,24,1.0,high,True,True,True,True,3.650541666666667,3.628,0.6044159220967447,2.726,4.682,2.9021,3.1225,4.30725,4.3487,24,0,0,0,0,0.0,23.0,0,BTGOXD2,mg/L,reported_gmt_minus_4_unconverted
2021-11-19,24,24,24,1.0,high,True,True,True,True,4.203541666666666,4.357,0.5560326843041627,2.95,5.02,3.5351,3.93525,4.54,4.8692,24,0,0,0,0,0.0,23.0,0,BTGOXD2,mg/L,reported_gmt_minus_4_unconverted
2021-11-20,24,24,24,1.0,high,True,True,True,True,3.6527499999999997,3.634,0.461030249879927,2.381,4.626,3.2064,3.464,3.87975,4.0551,24,0,0,0,0,0.0,23.0,0,BTGOXD2,mg/L,reported_gmt_minus_4_unconverted
2021-11-21,24,24,24,1.0,high,True,True,True,True,3.7940416666666668,3.6609999999999996,0.9226129000863781,2.52,5.696,2.6607,3.1395,4.612,5.0124,24,0,0,0,0,0.0,23.0,0,BTGOXD2,mg/L,reported_gmt_minus_4_unconverted
2021-11-22,24,24,24,1.0,high,True,True,True,True,4.438791666666667,4.552,0.5867110969053544,3.231,5.277,3.5265,4.1205,4.85,5.1071,24,0,0,0,0,0.0,23.0,0,BTGOXD2,mg/L,reported_gmt_minus_4_unconverted
2021-11-23,24,24,24,1.0,high,True,True,True,True,4.550833333333333,4.59,0.3177292621997084,3.924,5.005,4.142,4.255,4.8025,4.9451,24,0,0,0,0,0.0,23.0,0,BTGOXD2,mg/L,reported_gmt_minus_4_unconverted
2021-11-24,24,24,24,1.0,high,True,True,True,True,4.5985000000000005,4.6434999999999995,0.18456764990459285,4.061,4.854,4.3450999999999995,4.6065000000000005,4.6935,4.7415,24,0,0,0,0,0.0,23.0,0,BTGOXD2,mg/L,reported_gmt_minus_4_unconverted
2021-11-25,24,24,24,1.0,high,True,True,True,True,4.239625,4.404,0.9266131791074699,2.542,5.756,2.9988,3.45475,5.0585,5.2181,24,0,0,0,0,0.0,23.0,0,BTGOXD2,mg/L,reported_gmt_minus_4_unconverted
2021-11-26,24,24,24,1.0,high,True,True,True,True,4.080541666666666,4.0765,1.0149591972594016,2.907,6.155,2.9811,3.1505,4.552250000000001,5.6511,24,0,0,0,0,0.0,23.0,0,BTGOXD2,mg/L,reported_gmt_minus_4_unconverted
2021-11-27,24,24,24,1.0,high,True,True,True,True,3.6991666666666667,3.7135,1.266695895925152,1.622,5.685,1.8853,2.73325,4.79525,5.1295,24,0,0,0,0,0.0,23.0,0,BTGOXD2,mg/L,reported_gmt_minus_4_unconverted
2021-11-28,24,24,24,1.0,high,True,True,True,True,2.797375,2.1875,1.4675221000483893,1.538,6.548,1.7247000000000001,1.9285,2.9065,5.363699999999999,24,0,0,0,0,0.0,23.0,0,BTGOXD2,mg/L,reported_gmt_minus_4_unconverted
2021-11-29,24,24,24,1.0,high,True,True,True,True,3.2122499999999996,2.8994999999999997,1.1003071606720038,1.768,4.695,2.0465,2.2495000000000003,4.321,4.6163,24,0,0,0,0,0.0,23.0,0,BTGOXD2,mg/L,reported_gmt_minus_4_unconverted
2021-11-30,24,24,24,1.0,high,True,True,True,True,4.417041666666667,4.499499999999999,0.5178252583530527,3.225,5.013,3.5876,4.258249999999999,4.8092500000000005,4.9112,24,0,0,0,0,0.0,23.0,0,BTGOXD2,mg/L,reported_gmt_minus_4_unconverted
2021-12-01,24,24,24,1.0,high,True,True,True,True,3.6178333333333335,3.8335,1.150685000777577,1.339,5.436,2.0579,2.7517500000000004,4.499750000000001,4.7818,24,0,0,0,0,0.0,23.0,0,BTGOXD2,mg/L,reported_gmt_minus_4_unconverted
2021-12-02,24,24,24,1.0,high,True,True,True,True,3.215208333333333,2.8165,1.0649422511049158,1.663,5.341,2.1689000000000003,2.53125,3.90325,4.7572,24,0,0,0,0,0.0,23.0,0,BTGOXD2,mg/L,reported_gmt_minus_4_unconverted
2021-12-03,24,24,24,1.0,high,True,True,True,True,3.7500416666666667,3.385,1.0106860553783414,2.408,6.003,2.7761,3.05525,4.480499999999999,5.1785,24,0,0,0,0,0.0,23.0,0,BTGOXD2,mg/L,reported_gmt_minus_4_unconverted
2021-12-04,24,24,24,1.0,high,True,True,True,True,3.5175,3.356,0.8563644084150157,2.384,5.329,2.5140000000000002,2.82625,3.83025,4.9306,24,0,0,0,0,0.0,23.0,0,BTGOXD2,mg/L,reported_gmt_minus_4_unconverted
2021-12-05,24,24,24,1.0,high,True,True,True,True,4.318124999999999,4.225,0.8755561369284345,2.912,5.736,3.2687,3.57,5.037,5.4601,24,0,0,0,0,0.0,23.0,0,BTGOXD2,mg/L,reported_gmt_minus_4_unconverted
2021-12-06,24,24,24,1.0,high,True,True,True,True,4.028708333333333,3.9955000000000003,0.6958780802239943,2.906,5.392,3.2720000000000002,3.48025,4.655749999999999,4.8483,24,0,0,0,0,0.0,23.0,0,BTGOXD2,mg/L,reported_gmt_minus_4_unconverted
2021-12-07,24,24,24,1.0,high,True,True,True,True,3.7737916666666664,3.8425,0.6964853991519736,2.586,4.842,2.7764,3.209,4.2044999999999995,4.7336,24,0,0,0,0,0.0,23.0,0,BTGOXD2,mg/L,reported_gmt_minus_4_unconverted
2021-12-08,24,24,24,1.0,high,True,True,True,True,3.7385416666666664,3.7885,0.477412134339391,2.711,4.665,3.1492,3.37,4.11875,4.2076,24,0,0,0,0,0.0,23.0,0,BTGOXD2,mg/L,reported_gmt_minus_4_unconverted
2021-12-09,24,24,24,1.0,high,True,True,True,True,3.801,3.8725,0.5098462683900945,2.789,4.774,3.1091,3.50125,4.149,4.3476,24,0,0,0,0,0.0,23.0,0,BTGOXD2,mg/L,reported_gmt_minus_4_unconverted
2021-12-10,24,24,24,1.0,high,True,True,True,True,4.527916666666666,4.7555,0.5596762974890167,3.554,5.143,3.697,3.92025,4.98225,5.0698,24,0,0,0,0,0.0,23.0,0,BTGOXD2,mg/L,reported_gmt_minus_4_unconverted
2021-12-11,24,24,24,1.0,high,True,True,True,True,4.476375,4.603,0.6506377348083353,2.863,5.316,3.4915000000000003,4.2722500000000005,4.93075,5.1944,24,0,0,0,0,0.0,23.0,0,BTGOXD2,mg/L,reported_gmt_minus_4_unconverted
2021-12-12,24,24,24,1.0,high,True,True,True,True,3.7127499999999998,3.6445,0.6216275447145388,2.314,4.943,3.1058,3.36625,3.9880000000000004,4.7524999999999995,24,0,0,0,0,0.0,23.0,0,BTGOXD2,mg/L,reported_gmt_minus_4_unconverted
2021-12-13,24,24,24,1.0,high,True,True,True,True,3.206916666666667,2.9795,0.6329213782252048,2.252,4.839,2.7074000000000003,2.81525,3.484,4.1061,24,0,0,0,0,0.0,23.0,0,BTGOXD2,mg/L,reported_gmt_minus_4_unconverted
2021-12-14,24,24,24,1.0,high,True,True,True,True,2.9305833333333333,2.893,0.5319523447654397,2.064,3.93,2.3783000000000003,2.4974999999999996,3.3265000000000002,3.6437999999999997,24,0,0,0,0,0.0,23.0,0,BTGOXD2,mg/L,reported_gmt_minus_4_unconverted
2021-12-15,24,24,24,1.0,high,True,True,True,True,3.154625,3.0975,0.26165157922902643,2.625,3.773,2.8815999999999997,3.017,3.29325,3.5195,24,0,0,0,0,0.0,23.0,0,BTGOXD2,mg/L,reported_gmt_minus_4_unconverted
2021-12-16,24,24,24,1.0,high,True,True,True,True,3.6117499999999993,3.688,0.7434179145354072,1.781,5.374,2.628,3.4467499999999998,3.917,4.2672,24,0,0,0,0,0.0,23.0,0,BTGOXD2,mg/L,reported_gmt_minus_4_unconverted
2021-12-17,24,24,24,1.0,high,True,True,True,True,2.487833333333333,2.64,0.6922700947303523,1.265,3.674,1.5619,1.82975,2.96875,3.2914,24,0,0,0,0,0.0,23.0,0,BTGOXD2,mg/L,reported_gmt_minus_4_unconverted
2021-12-18,24,24,24,1.0,high,True,True,True,True,1.3151249999999999,1.335,0.3144605197449449,0.803,1.911,0.9096000000000001,1.001,1.54425,1.7174,24,0,0,0,0,0.0,23.0,0,BTGOXD2,mg/L,reported_gmt_minus_4_unconverted
2021-12-19,24,24,24,1.0,high,True,True,True,True,0.936875,0.8280000000000001,0.24595798731031104,0.656,1.52,0.6737000000000001,0.753,1.1047500000000001,1.2909,24,0,0,0,0,0.0,23.0,0,BTGOXD2,mg/L,reported_gmt_minus_4_unconverted
2021-12-20,24,24,24,1.0,high,True,True,True,True,1.5268333333333333,1.5225,0.7147423778304086,0.475,2.872,0.6637000000000001,0.88725,2.043,2.4722,24,0,0,0,0,0.0,23.0,0,BTGOXD2,mg/L,reported_gmt_minus_4_unconverted
2021-12-21,24,24,24,1.0,high,True,True,True,True,2.484458333333333,2.545,0.833771002820875,1.246,4.299,1.3874,1.7447499999999998,3.0315,3.4638,24,0,0,0,0,0.0,23.0,0,BTGOXD2,mg/L,reported_gmt_minus_4_unconverted
2021-12-22,24,24,24,1.0,high,True,True,True,True,3.638333333333333,3.6955,0.9445494746941144,2.004,4.921,2.3422,2.777,4.514,4.6954,24,0,0,0,0,0.0,23.0,0,BTGOXD2,mg/L,reported_gmt_minus_4_unconverted
2021-12-23,24,24,24,1.0,high,True,True,True,True,3.8377916666666665,4.2829999999999995,1.100289960959567,1.012,4.796,1.8451,3.6815,4.53375,4.7066,24,0,0,0,0,0.0,23.0,0,BTGOXD2,mg/L,reported_gmt_minus_4_unconverted
2021-12-24,24,24,24,1.0,high,True,True,True,True,2.6957083333333336,2.9210000000000003,0.710897135539904,1.146,3.675,1.6143,2.42875,3.2325,3.362,24,0,0,0,0,0.0,23.0,0,BTGOXD2,mg/L,reported_gmt_minus_4_unconverted
2021-12-25,24,24,24,1.0,high,True,True,True,True,2.744375,2.983,1.3534959826316442,0.315,5.072,0.8388000000000002,1.83325,3.9139999999999997,4.3458,24,0,0,0,0,0.0,23.0,0,BTGOXD2,mg/L,reported_gmt_minus_4_unconverted
2021-12-26,24,24,24,1.0,high,True,True,True,True,3.037625,3.245,0.9818826553682692,1.018,4.441,1.5790000000000002,2.5220000000000002,3.751,4.1286,24,0,0,0,0,0.0,23.0,0,BTGOXD2,mg/L,reported_gmt_minus_4_unconverted
2021-12-27,24,24,24,1.0,high,True,True,True,True,2.986708333333333,3.058,0.9397278736151627,0.719,4.875,2.0879000000000003,2.383,3.30025,4.2189,24,0,0,0,0,0.0,23.0,0,BTGOXD2,mg/L,reported_gmt_minus_4_unconverted
2021-12-28,24,24,24,1.0,high,True,True,True,True,2.770208333333333,2.615,0.6849262086034407,1.675,4.22,2.0569,2.30025,3.27275,3.7468,24,0,0,0,0,0.0,23.0,0,BTGOXD2,mg/L,reported_gmt_minus_4_unconverted
2021-12-29,24,24,24,1.0,high,True,True,True,True,2.6305416666666663,2.5785,0.9645221830868725,1.307,5.119,1.557,1.9012499999999999,3.034,3.7956,24,0,0,0,0,0.0,23.0,0,BTGOXD2,mg/L,reported_gmt_minus_4_unconverted
2021-12-30,24,24,24,1.0,high,True,True,True,True,2.178916666666667,2.0065,0.849233102462946,0.709,3.857,1.4111,1.563,2.7685,3.4583,24,0,0,0,0,0.0,23.0,0,BTGOXD2,mg/L,reported_gmt_minus_4_unconverted
2021-12-31,24,24,24,1.0,high,True,True,True,True,2.0432083333333337,1.724,0.9309655099933088,1.066,3.803,1.1182,1.205,2.87225,3.3051,24,0,0,0,0,0.0,23.0,0,BTGOXD2,mg/L,reported_gmt_minus_4_unconverted
2022-01-01,24,24,24,1.0,high,True,True,True,True,3.1201666666666665,2.9445,0.9699508578617096,1.574,4.734,1.8739000000000001,2.46125,4.0447500000000005,4.386299999999999,24,0,0,0,0,0.0,23.0,0,BTGOXD2,mg/L,reported_gmt_minus_4_unconverted
2022-01-02,24,24,24,1.0,high,True,True,True,True,2.12425,2.0585,0.38946264541533765,1.606,3.008,1.6909,1.8615,2.30925,2.6929,24,0,0,0,0,0.0,23.0,0,BTGOXD2,mg/L,reported_gmt_minus_4_unconverted
2022-01-03,24,24,24,1.0,high,True,True,True,True,1.8995,1.82,0.41647454121261823,1.393,3.085,1.5008000000000001,1.59225,2.0465,2.3429,24,0,0,0,0,0.0,23.0,0,BTGOXD2,mg/L,reported_gmt_minus_4_unconverted
2022-01-04,24,24,24,1.0,high,True,True,True,True,2.2950833333333334,2.1685,1.1491728184510224,0.605,4.176,1.1215,1.26125,3.2104999999999997,4.0279,24,0,0,0,0,0.0,23.0,0,BTGOXD2,mg/L,reported_gmt_minus_4_unconverted
2022-01-05,24,24,24,1.0,high,True,True,True,True,2.09125,1.8504999999999998,0.9230374362373674,0.799,4.532,1.0451000000000001,1.54,2.56175,3.2387,24,0,0,0,0,0.0,23.0,0,BTGOXD2,mg/L,reported_gmt_minus_4_unconverted
2022-01-06,24,24,24,1.0,high,True,True,True,True,1.1199583333333334,0.9755,0.5190794928790158,0.358,2.167,0.5295,0.70475,1.63,1.7081,24,0,0,0,0,0.0,23.0,0,BTGOXD2,mg/L,reported_gmt_minus_4_unconverted
2022-01-07,24,24,21,0.875,standard,True,True,True,False,1.0542380952380954,0.954,0.7608392014586199,0.032,2.684,0.128,0.725,1.286,2.375,21,3,0,0,0,0.0,23.0,3,BTGOXD2,mg/L,reported_gmt_minus_4_unconverted
2022-01-08,24,24,24,1.0,high,True,True,True,True,3.639625,3.934,0.9582691739707632,1.635,5.085,2.0094,3.35525,4.24675,4.3707,24,0,0,0,0,0.0,23.0,0,BTGOXD2,mg/L,reported_gmt_minus_4_unconverted
2022-01-09,24,24,24,1.0,high,True,True,True,True,2.981041666666666,2.857,0.9970694659488556,1.288,4.75,1.6219000000000001,2.24625,3.84525,4.1974,24,0,0,0,0,0.0,23.0,0,BTGOXD2,mg/L,reported_gmt_minus_4_unconverted
2022-01-10,24,24,24,1.0,high,True,True,True,True,4.0566249999999995,3.605,1.5094542870074659,1.676,6.662,2.2505,2.9855,5.5405,5.8976,24,0,0,0,0,0.0,23.0,0,BTGOXD2,mg/L,reported_gmt_minus_4_unconverted
2022-01-11,24,24,24,1.0,high,True,True,True,True,4.483083333333334,4.21,1.1339025307650399,2.749,6.384,3.035,3.73075,5.2837499999999995,6.0948,24,0,0,0,0,0.0,23.0,0,BTGOXD2,mg/L,reported_gmt_minus_4_unconverted
2022-01-12,24,24,24,1.0,high,True,True,True,True,2.7635,2.7785,0.4686013416447976,1.939,3.619,2.1412,2.4764999999999997,3.05375,3.3405,24,0,0,0,0,0.0,23.0,0,BTGOXD2,mg/L,reported_gmt_minus_4_unconverted
2022-01-13,24,24,24,1.0,high,True,True,True,True,2.7015,2.635,0.4987941110492297,1.94,3.745,2.1683000000000003,2.36,2.826,3.5212999999999997,24,0,0,0,0,0.0,23.0,0,BTGOXD2,mg/L,reported_gmt_minus_4_unconverted
2022-01-14,24,24,24,1.0,high,True,True,True,True,2.30375,2.2325,0.5515154812758718,1.522,3.588,1.6902,1.9297499999999999,2.4915000000000003,3.094,24,0,0,0,0,0.0,23.0,0,BTGOXD2,mg/L,reported_gmt_minus_4_unconverted
2022-01-15,24,24,24,1.0,high,True,True,True,True,2.4957499999999997,2.512,0.6644648222441877,1.584,3.672,1.6128,1.8872499999999999,2.9697500000000003,3.4154999999999998,24,0,0,0,0,0.0,23.0,0,BTGOXD2,mg/L,reported_gmt_minus_4_unconverted
2022-01-16,24,24,24,1.0,high,True,True,True,True,3.436125,3.5425,0.8304591350572285,1.995,5.004,2.5384,2.596,3.9194999999999998,4.5233,24,0,0,0,0,0.0,23.0,0,BTGOXD2,mg/L,reported_gmt_minus_4_unconverted
2022-01-17,24,24,24,1.0,high,True,True,True,True,2.9666666666666663,2.689,1.0065834450675502,2.143,6.664,2.2689,2.4125,2.9945,3.5182,24,0,0,0,0,0.0,23.0,0,BTGOXD2,mg/L,reported_gmt_minus_4_unconverted
2022-01-18,24,24,24,1.0,high,True,True,True,True,2.2402916666666663,2.1875,0.21632372664630423,2.008,2.716,2.0353000000000003,2.0645,2.31325,2.614,24,0,0,0,0,0.0,23.0,0,BTGOXD2,mg/L,reported_gmt_minus_4_unconverted
2022-01-19,24,24,24,1.0,high,True,True,True,True,3.305708333333333,3.009,1.165387469775673,1.829,5.46,2.0404,2.29425,4.396,4.8466000000000005,24,0,0,0,0,0.0,23.0,0,BTGOXD2,mg/L,reported_gmt_minus_4_unconverted
2022-01-20,24,24,24,1.0,high,True,True,True,True,3.7564166666666665,3.54,1.1905931264515275,1.949,6.819,2.4601,3.1014999999999997,4.06175,5.3866,24,0,0,0,0,0.0,23.0,0,BTGOXD2,mg/L,reported_gmt_minus_4_unconverted
2022-01-21,24,24,24,1.0,high,True,True,True,True,3.3859999999999997,3.3955,0.7236873574302288,2.229,4.76,2.5718,2.8525,3.9147499999999997,4.2021,24,0,0,0,0,0.0,23.0,0,BTGOXD2,mg/L,reported_gmt_minus_4_unconverted
2022-01-22,24,24,24,1.0,high,True,True,True,True,2.3175,2.527,0.9321671337358935,0.963,4.119,1.0308,1.52175,2.978,3.4229,24,0,0,0,0,0.0,23.0,0,BTGOXD2,mg/L,reported_gmt_minus_4_unconverted
2022-01-23,24,24,24,1.0,high,True,True,True,True,2.542875,2.3775000000000004,1.3866648544180602,0.902,6.805,0.9442999999999999,1.64225,2.9985,4.1416,24,0,0,0,0,0.0,23.0,0,BTGOXD2,mg/L,reported_gmt_minus_4_unconverted
2022-01-24,24,24,24,1.0,high,True,True,True,True,5.353333333333333,5.176500000000001,0.7534092176734782,4.278,7.262,4.5234000000000005,4.839,5.603,6.4183,24,0,0,0,0,0.0,23.0,0,BTGOXD2,mg/L,reported_gmt_minus_4_unconverted
2022-01-25,24,24,24,1.0,high,True,True,True,True,6.30875,6.375,0.769405205054669,4.878,7.784,5.204000000000001,5.7989999999999995,6.80875,7.1559,24,0,0,0,0,0.0,23.0,0,BTGOXD2,mg/L,reported_gmt_minus_4_unconverted
2022-01-26,24,24,1,0.041667,weak,False,False,False,False,5.76,5.76,,5.76,5.76,5.76,5.76,5.76,5.76,1,23,0,0,0,0.0,0.0,23,BTGOXD2,mg/L,reported_gmt_minus_4_unconverted
2022-01-27,24,24,24,1.0,high,True,True,True,True,6.199541666666666,6.5615000000000006,1.2587585664547385,3.694,7.841,4.561599999999999,5.159750000000001,7.190250000000001,7.6422,24,0,0,0,0,0.0,23.0,0,BTGOXD2,mg/L,reported_gmt_minus_4_unconverted
2022-01-28,24,24,24,1.0,high,True,True,True,True,7.134166666666666,7.4079999999999995,1.6820289938737334,3.734,9.497,4.762700000000001,5.882499999999999,8.06625,9.296,24,0,0,0,0,0.0,23.0,0,BTGOXD2,mg/L,reported_gmt_minus_4_unconverted
2022-01-29,24,24,24,1.0,high,True,True,True,True,6.896708333333334,6.621,1.3161468624001642,4.049,9.829,5.5507,6.1035,7.817749999999999,8.4735,24,0,0,0,0,0.0,23.0,0,BTGOXD2,mg/L,reported_gmt_minus_4_unconverted
2022-01-30,24,24,24,1.0,high,True,True,True,True,7.188791666666667,6.8045,1.0426173994647636,5.669,9.149,6.0352,6.3607499999999995,7.9704999999999995,8.603299999999999,24,0,0,0,0,0.0,23.0,0,BTGOXD2,mg/L,reported_gmt_minus_4_unconverted
2022-01-31,24,24,24,1.0,high,True,True,True,True,6.883541666666666,6.4975000000000005,1.3092009836460214,5.263,10.205,5.4188,5.93725,7.611750000000001,8.4169,24,0,0,0,0,0.0,23.0,0,BTGOXD2,mg/L,reported_gmt_minus_4_unconverted
2022-02-01,24,24,24,1.0,high,True,True,True,True,8.461625,8.301,1.3514725885524634,6.413,10.525,6.9998000000000005,7.22825,9.7105,10.3225,24,0,0,0,0,0.0,23.0,0,BTGOXD2,mg/L,reported_gmt_minus_4_unconverted
2022-02-02,24,24,24,1.0,high,True,True,True,True,8.453666666666667,8.582,0.9426981473947265,6.913,10.096,7.1397,7.781000000000001,8.95275,9.7911,24,0,0,0,0,0.0,23.0,0,BTGOXD2,mg/L,reported_gmt_minus_4_unconverted
2022-02-03,24,24,24,1.0,high,True,True,True,True,7.68225,7.843500000000001,0.563749269738272,6.507,8.586,6.999099999999999,7.235250000000001,8.0245,8.2829,24,0,0,0,0,0.0,23.0,0,BTGOXD2,mg/L,reported_gmt_minus_4_unconverted
2022-02-04,24,24,24,1.0,high,True,True,True,True,7.458833333333334,7.446,0.4285627818313374,6.493,8.128,6.9202,7.264749999999999,7.78175,8.013,24,0,0,0,0,0.0,23.0,0,BTGOXD2,mg/L,reported_gmt_minus_4_unconverted
2022-02-05,24,24,24,1.0,high,True,True,True,True,7.339083333333334,7.2335,0.3300312128409605,6.83,8.116,6.9817,7.1445,7.4915,7.7964,24,0,0,0,0,0.0,23.0,0,BTGOXD2,mg/L,reported_gmt_minus_4_unconverted
2022-02-06,24,24,24,1.0,high,True,True,True,True,7.376333333333332,7.327500000000001,0.39362437034250847,6.78,8.682,6.961600000000001,7.1845,7.531,7.6815,24,0,0,0,0,0.0,23.0,0,BTGOXD2,mg/L,reported_gmt_minus_4_unconverted
2022-02-07,24,24,24,1.0,high,True,True,True,True,7.890583333333333,7.936999999999999,0.642498581738693,6.873,8.906,6.9432,7.4185,8.3835,8.7616,24,0,0,0,0,0.0,23.0,0,BTGOXD2,mg/L,reported_gmt_minus_4_unconverted
2022-02-08,24,24,24,1.0,high,True,True,True,True,7.770333333333333,7.73,0.6221196352629534,6.658,8.869,6.9329,7.311,8.153,8.6717,24,0,0,0,0,0.0,23.0,0,BTGOXD2,mg/L,reported_gmt_minus_4_unconverted
2022-02-09,24,24,24,1.0,high,True,True,True,True,8.001875,8.3625,0.8036988573221127,5.985,8.786,6.7503,7.693,8.492,8.687800000000001,24,0,0,0,0,0.0,23.0,0,BTGOXD2,mg/L,reported_gmt_minus_4_unconverted
2022-02-10,24,24,24,1.0,high,True,True,True,True,7.27675,7.399,1.2173855896605,4.347,9.019,5.576700000000001,6.86925,8.14175,8.501999999999999,24,0,0,0,0,0.0,23.0,0,BTGOXD2,mg/L,reported_gmt_minus_4_unconverted
2022-02-11,24,24,24,1.0,high,True,True,True,True,6.732875,6.921,1.072338984062004,4.428,8.476,5.5258,6.02475,7.401,7.9193,24,0,0,0,0,0.0,23.0,0,BTGOXD2,mg/L,reported_gmt_minus_4_unconverted
2022-02-12,24,24,24,1.0,high,True,True,True,True,6.2912083333333335,6.3645,0.5130809732828996,5.078,7.052,5.6856,6.028499999999999,6.5665000000000004,6.9692,24,0,0,0,0,0.0,23.0,0,BTGOXD2,mg/L,reported_gmt_minus_4_unconverted
2022-02-13,24,24,24,1.0,high,True,True,True,True,6.278708333333334,6.041,0.7248293039933859,5.446,7.857,5.535200000000001,5.7005,6.6635,7.3589,24,0,0,0,0,0.0,23.0,0,BTGOXD2,mg/L,reported_gmt_minus_4_unconverted
2022-02-14,24,24,24,1.0,high,True,True,True,True,6.417625,6.431,0.8692150288072266,4.487,8.481,5.492,5.93675,7.00575,7.2661999999999995,24,0,0,0,0,0.0,23.0,0,BTGOXD2,mg/L,reported_gmt_minus_4_unconverted
2022-02-15,24,24,24,1.0,high,True,True,True,True,6.5424999999999995,6.403499999999999,0.8827413821873805,4.762,8.065,5.699800000000001,5.8759999999999994,7.1735,7.8189,24,0,0,0,0,0.0,23.0,0,BTGOXD2,mg/L,reported_gmt_minus_4_unconverted
2022-02-16,24,24,24,1.0,high,True,True,True,True,5.088958333333333,4.9985,0.7285751120101341,3.924,6.946,4.3569,4.50725,5.532,6.029699999999999,24,0,0,0,0,0.0,23.0,0,BTGOXD2,mg/L,reported_gmt_minus_4_unconverted
2022-02-17,24,24,24,1.0,high,True,True,True,True,4.6105833333333335,4.6205,0.9421089624355823,3.211,6.689,3.4749,3.7515,5.49675,5.5571,24,0,0,0,0,0.0,23.0,0,BTGOXD2,mg/L,reported_gmt_minus_4_unconverted
2022-02-18,24,24,24,1.0,high,True,True,True,True,6.4411249999999995,6.5525,1.6742815542273906,4.275,8.882,4.4243,4.833,8.105,8.5649,24,0,0,0,0,0.0,23.0,0,BTGOXD2,mg/L,reported_gmt_minus_4_unconverted
2022-02-19,24,24,24,1.0,high,True,True,True,True,7.606958333333334,7.5715,1.5401078584241137,5.48,10.949,5.7554,6.48325,8.332,9.7492,24,0,0,0,0,0.0,23.0,0,BTGOXD2,mg/L,reported_gmt_minus_4_unconverted
2022-02-20,24,24,24,1.0,high,True,True,True,True,5.382666666666668,5.269500000000001,0.9875034690821474,3.505,7.456,4.2813,4.8075,6.1175,6.5519,24,0,0,0,0,0.0,23.0,0,BTGOXD2,mg/L,reported_gmt_minus_4_unconverted
2022-02-21,24,24,24,1.0,high,True,True,True,True,4.978958333333334,4.651,1.1803376259494078,2.799,7.581,4.052,4.356,5.36725,6.6822,24,0,0,0,0,0.0,23.0,0,BTGOXD2,mg/L,reported_gmt_minus_4_unconverted
2022-02-22,24,24,24,1.0,high,True,True,True,True,5.626416666666667,5.423,1.4274315613432542,3.788,10.129,4.2488,4.61575,6.154249999999999,6.9183,24,0,0,0,0,0.0,23.0,0,BTGOXD2,mg/L,reported_gmt_minus_4_unconverted
2022-02-23,24,24,24,1.0,high,True,True,True,True,6.487833333333334,6.118,1.2239557631487044,4.733,9.279,5.3204,5.66225,6.98575,8.2577,24,0,0,0,0,0.0,23.0,0,BTGOXD2,mg/L,reported_gmt_minus_4_unconverted
2022-02-24,24,24,24,1.0,high,True,True,True,True,4.896041666666666,4.891,1.243227968152704,2.853,7.933,3.2508,4.01925,5.6605,5.9304,24,0,0,0,0,0.0,23.0,0,BTGOXD2,mg/L,reported_gmt_minus_4_unconverted
2022-02-25,24,24,24,1.0,high,True,True,True,True,4.706041666666667,4.4094999999999995,1.1047876238628762,3.241,7.089,3.6769000000000003,3.8515,5.17725,6.4449,24,0,0,0,0,0.0,23.0,0,BTGOXD2,mg/L,reported_gmt_minus_4_unconverted
2022-02-26,24,24,24,1.0,high,True,True,True,True,4.94,4.999499999999999,0.9307221600082566,3.296,6.707,3.7188,4.29275,5.49575,6.1373,24,0,0,0,0,0.0,23.0,0,BTGOXD2,mg/L,reported_gmt_minus_4_unconverted
2022-02-27,24,24,24,1.0,high,True,True,True,True,4.255916666666667,4.497,1.0082667399257894,2.002,5.733,2.9266000000000005,3.6980000000000004,5.0112499999999995,5.2619,24,0,0,0,0,0.0,23.0,0,BTGOXD2,mg/L,reported_gmt_minus_4_unconverted
2022-02-28,24,24,24,1.0,high,True,True,True,True,2.6300833333333333,2.372,1.0652168146996368,1.478,4.701,1.5352000000000001,1.8205,3.18125,4.4061,24,0,0,0,0,0.0,23.0,0,BTGOXD2,mg/L,reported_gmt_minus_4_unconverted
2022-03-01,24,24,24,1.0,high,True,True,True,True,2.6559166666666667,2.6675,0.8974930745362772,1.33,4.098,1.4814,1.8675,3.34775,3.8423,24,0,0,0,0,0.0,23.0,0,BTGOXD2,mg/L,reported_gmt_minus_4_unconverted
2022-03-02,24,24,24,1.0,high,True,True,True,True,5.022541666666666,4.6735,1.7323803673901526,2.058,7.842,2.8009,3.83125,6.353,7.3736999999999995,24,0,0,0,0,0.0,23.0,0,BTGOXD2,mg/L,reported_gmt_minus_4_unconverted
2022-03-03,24,24,24,1.0,high,True,True,True,True,7.262375,8.0135,1.7505943788747371,3.321,9.063,3.9364,6.9995,8.383000000000001,8.609399999999999,24,0,0,0,0,0.0,23.0,0,BTGOXD2,mg/L,reported_gmt_minus_4_unconverted
2022-03-04,24,24,24,1.0,high,True,True,True,True,7.355916666666666,6.5835,1.9471809481729059,5.289,11.651,5.5665000000000004,5.898,8.77325,10.604899999999999,24,0,0,0,0,0.0,23.0,0,BTGOXD2,mg/L,reported_gmt_minus_4_unconverted
2022-03-05,24,24,24,1.0,high,True,True,True,True,6.8905,6.26,1.7945062055448933,4.263,10.494,5.2391,5.6005,8.07175,9.8326,24,0,0,0,0,0.0,23.0,0,BTGOXD2,mg/L,reported_gmt_minus_4_unconverted
2022-03-06,24,24,24,1.0,high,True,True,True,True,6.073666666666668,5.929500000000001,0.8208603475286935,4.556,7.596,5.2221,5.4345,6.64775,7.2817,24,0,0,0,0,0.0,23.0,0,BTGOXD2,mg/L,reported_gmt_minus_4_unconverted
2022-03-07,24,24,24,1.0,high,True,True,True,True,5.793541666666667,5.8100000000000005,1.0446799376370972,3.745,7.217,4.2252,5.12475,6.65325,6.9594,24,0,0,0,0,0.0,23.0,0,BTGOXD2,mg/L,reported_gmt_minus_4_unconverted
2022-03-08,24,24,24,1.0,high,True,True,True,True,5.748541666666667,5.584,1.7886334103021992,2.301,10.685,4.0999,4.7565,6.68825,7.6246,24,0,0,0,0,0.0,23.0,0,BTGOXD2,mg/L,reported_gmt_minus_4_unconverted
2022-03-09,24,24,24,1.0,high,True,True,True,True,4.456791666666667,3.9050000000000002,1.8425427840980744,2.448,8.95,2.9209,3.1237500000000002,5.087,7.2135,24,0,0,0,0,0.0,23.0,0,BTGOXD2,mg/L,reported_gmt_minus_4_unconverted
2022-03-10,24,24,24,1.0,high,True,True,True,True,5.027791666666666,5.0385,1.9535508357228952,2.092,9.77,2.7058999999999997,3.598,6.1375,7.3877999999999995,24,0,0,0,0,0.0,23.0,0,BTGOXD2,mg/L,reported_gmt_minus_4_unconverted
2022-03-11,24,24,24,1.0,high,True,True,True,True,7.2117916666666675,7.0975,2.01102545719659,4.537,11.024,5.0487,5.4725,8.485249999999999,10.1438,24,0,0,0,0,0.0,23.0,0,BTGOXD2,mg/L,reported_gmt_minus_4_unconverted
2022-03-12,24,24,24,1.0,high,True,True,True,True,6.2610833333333344,6.4975000000000005,2.094092164340821,2.674,10.231,3.7157999999999998,4.698499999999999,7.5687500000000005,8.9756,24,0,0,0,0,0.0,23.0,0,BTGOXD2,mg/L,reported_gmt_minus_4_unconverted
2022-03-13,24,24,24,1.0,high,True,True,True,True,5.596583333333334,5.0435,1.8279510248568922,3.275,8.906,3.3516,4.54,6.49275,8.5078,24,0,0,0,0,0.0,23.0,0,BTGOXD2,mg/L,reported_gmt_minus_4_unconverted
2022-03-14,24,24,24,1.0,high,True,True,True,True,6.691291666666667,6.1925,1.9761772601175727,3.641,11.343,4.8932,5.2669999999999995,7.34,9.8793,24,0,0,0,0,0.0,23.0,0,BTGOXD2,mg/L,reported_gmt_minus_4_unconverted
2022-03-15,24,24,24,1.0,high,True,True,True,True,6.787208333333333,6.95,1.5063762443336504,3.81,9.295,4.8605,5.63625,7.96075,8.5162,24,0,0,0,0,0.0,23.0,0,BTGOXD2,mg/L,reported_gmt_minus_4_unconverted
2022-03-16,24,24,22,0.916667,high,True,True,True,True,6.818818181818182,7.019,1.6809547920711647,3.734,10.208,4.7970999999999995,5.5409999999999995,7.74075,9.243000000000002,22,2,0,0,0,0.0,23.0,2,BTGOXD2,mg/L,reported_gmt_minus_4_unconverted
2022-03-17,24,24,24,1.0,high,True,True,True,True,6.025916666666667,5.586,1.3224376344846849,4.156,8.39,4.6872,4.974,6.93725,8.1114,24,0,0,0,0,0.0,23.0,0,BTGOXD2,mg/L,reported_gmt_minus_4_unconverted
2022-03-18,24,24,24,1.0,high,True,True,True,True,5.057916666666666,5.001,0.8656331142035851,3.915,6.591,4.021,4.3095,5.8157499999999995,6.3069999999999995,24,0,0,0,0,0.0,23.0,0,BTGOXD2,mg/L,reported_gmt_minus_4_unconverted
2022-03-19,24,24,24,1.0,high,True,True,True,True,5.410374999999999,5.3315,1.4701117322961483,2.632,8.504,3.861,4.27475,6.35125,7.0756,24,0,0,0,0,0.0,23.0,0,BTGOXD2,mg/L,reported_gmt_minus_4_unconverted
2022-03-20,24,24,24,1.0,high,True,True,True,True,8.394625,8.622,1.3184032771071816,5.593,9.91,6.2847,7.6522499999999996,9.4865,9.7416,24,0,0,0,0,0.0,23.0,0,BTGOXD2,mg/L,reported_gmt_minus_4_unconverted
2022-03-21,24,24,24,1.0,high,True,True,True,True,7.537875,7.181,1.5010454997738423,4.037,9.254,5.6653,6.90225,9.07275,9.2036,24,0,0,0,0,0.0,23.0,0,BTGOXD2,mg/L,reported_gmt_minus_4_unconverted
2022-03-22,24,24,24,1.0,high,True,True,True,True,4.52575,4.2829999999999995,0.9716794627143612,2.996,7.319,3.6555,3.9575,4.879250000000001,5.7603,24,0,0,0,0,0.0,23.0,0,BTGOXD2,mg/L,reported_gmt_minus_4_unconverted
2022-03-23,24,24,24,1.0,high,True,True,True,True,4.312333333333333,4.059,0.9855586659646249,2.365,6.994,3.6589,3.9735000000000005,4.482749999999999,5.6014,24,0,0,0,0,0.0,23.0,0,BTGOXD2,mg/L,reported_gmt_minus_4_unconverted
2022-03-24,24,24,24,1.0,high,True,True,True,True,3.9655416666666667,3.5004999999999997,1.2497311703676137,2.017,6.235,2.7707,3.2035,4.7745,6.1065000000000005,24,0,0,0,0,0.0,23.0,0,BTGOXD2,mg/L,reported_gmt_minus_4_unconverted
2022-03-25,24,24,24,1.0,high,True,True,True,True,6.522166666666666,7.0745000000000005,1.351663505419917,3.655,7.972,4.0993,6.085999999999999,7.4864999999999995,7.6838999999999995,24,0,0,0,0,0.0,23.0,0,BTGOXD2,mg/L,reported_gmt_minus_4_unconverted
2022-03-26,24,24,24,1.0,high,True,True,True,True,6.844375,7.249,0.9684323420285779,4.662,7.708,5.2293,6.336749999999999,7.5225,7.684,24,0,0,0,0,0.0,23.0,0,BTGOXD2,mg/L,reported_gmt_minus_4_unconverted
2022-03-27,24,24,24,1.0,high,True,True,True,True,5.137416666666668,5.169499999999999,1.3067466710571105,2.606,7.949,3.5448,4.4262500000000005,6.0495,6.432799999999999,24,0,0,0,0,0.0,23.0,0,BTGOXD2,mg/L,reported_gmt_minus_4_unconverted
2022-03-28,24,24,24,1.0,high,True,True,True,True,5.248708333333333,5.0955,1.1944783281622464,3.055,8.035,4.0731,4.41875,5.6065000000000005,6.972700000000001,24,0,0,0,0,0.0,23.0,0,BTGOXD2,mg/L,reported_gmt_minus_4_unconverted
2022-03-29,24,24,24,1.0,high,True,True,True,True,5.957416666666667,5.822,0.7586079881665793,4.531,7.591,5.2539,5.513999999999999,6.247999999999999,6.965199999999999,24,0,0,0,0,0.0,23.0,0,BTGOXD2,mg/L,reported_gmt_minus_4_unconverted
2022-03-30,24,24,24,1.0,high,True,True,True,True,5.170166666666667,4.596,1.4678421508153203,2.994,7.644,3.5183,4.15475,6.0135,7.5346,24,0,0,0,0,0.0,23.0,0,BTGOXD2,mg/L,reported_gmt_minus_4_unconverted
2022-03-31,24,24,24,1.0,high,True,True,True,True,6.173500000000001,6.058,1.5608694901295854,3.8,8.72,4.0697,5.170999999999999,7.22425,8.4889,24,0,0,0,0,0.0,23.0,0,BTGOXD2,mg/L,reported_gmt_minus_4_unconverted
2022-04-01,24,24,24,1.0,high,True,True,True,True,8.588916666666666,8.6755,0.5857617052712807,7.721,9.524,7.8207,8.00475,9.062,9.3466,24,0,0,0,0,0.0,23.0,0,BTGOXD2,mg/L,reported_gmt_minus_4_unconverted
2022-04-02,24,24,24,1.0,high,True,True,True,True,8.442416666666666,8.2655,0.7968695772762354,7.107,10.319,7.7151,8.0985,8.58325,9.7647,24,0,0,0,0,0.0,23.0,0,BTGOXD2,mg/L,reported_gmt_minus_4_unconverted
2022-04-03,24,24,24,1.0,high,True,True,True,True,7.930416666666666,7.4455,1.4743777439598231,6.097,11.558,6.9782,7.17825,7.86325,10.518099999999999,24,0,0,0,0,0.0,23.0,0,BTGOXD2,mg/L,reported_gmt_minus_4_unconverted
2022-04-04,24,24,24,1.0,high,True,True,True,True,7.351541666666667,7.189500000000001,0.97938827310355,6.152,10.534,6.2846,6.59375,7.90575,8.1309,24,0,0,0,0,0.0,23.0,0,BTGOXD2,mg/L,reported_gmt_minus_4_unconverted
2022-04-05,24,24,24,1.0,high,True,True,True,True,7.699000000000001,7.784,0.6523903872615724,6.424,8.947,6.892600000000001,7.0365,8.174000000000001,8.3958,24,0,0,0,0,0.0,23.0,0,BTGOXD2,mg/L,reported_gmt_minus_4_unconverted
2022-04-06,24,24,24,1.0,high,True,True,True,True,8.079,7.726,1.2789423279651313,6.014,10.907,7.1093,7.28275,8.237,10.4704,24,0,0,0,0,0.0,23.0,0,BTGOXD2,mg/L,reported_gmt_minus_4_unconverted
2022-04-07,24,24,24,1.0,high,True,True,True,True,9.246958333333334,9.52,0.8832079118643075,7.036,10.667,7.7822000000000005,9.15675,9.67775,9.801,24,0,0,0,0,0.0,23.0,0,BTGOXD2,mg/L,reported_gmt_minus_4_unconverted
2022-04-08,24,24,24,1.0,high,True,True,True,True,8.471375,8.42,0.8925175342328259,7.009,10.098,7.391,7.783250000000001,9.149750000000001,9.6162,24,0,0,0,0,0.0,23.0,0,BTGOXD2,mg/L,reported_gmt_minus_4_unconverted
2022-04-09,24,24,2,0.083333,weak,False,False,False,False,10.434000000000001,10.434000000000001,0.17960512242138277,10.307,10.561,10.3324,10.3705,10.4975,10.5356,2,22,0,0,0,0.0,1.0,22,BTGOXD2,mg/L,reported_gmt_minus_4_unconverted
2022-04-10,24,24,24,1.0,high,True,True,True,True,7.538041666666667,7.808,1.3888897185746316,4.032,9.392,5.99,7.004,8.56625,8.7772,24,0,0,0,0,0.0,23.0,0,BTGOXD2,mg/L,reported_gmt_minus_4_unconverted
2022-04-11,24,24,24,1.0,high,True,True,True,True,5.421458333333334,5.119,1.3440342897788915,3.656,8.384,4.1986,4.4455,5.830500000000001,7.7063,24,0,0,0,0,0.0,23.0,0,BTGOXD2,mg/L,reported_gmt_minus_4_unconverted
2022-04-12,24,24,24,1.0,high,True,True,True,True,5.31275,5.207,1.1551883057489503,3.696,8.04,4.1107000000000005,4.51,5.8205,6.5903,24,0,0,0,0,0.0,23.0,0,BTGOXD2,mg/L,reported_gmt_minus_4_unconverted
2022-04-13,24,24,24,1.0,high,True,True,True,True,6.560875,6.2715,1.423491277977586,4.099,9.661,5.0217,5.44675,7.5625,8.0557,24,0,0,0,0,0.0,23.0,0,BTGOXD2,mg/L,reported_gmt_minus_4_unconverted
2022-04-14,24,24,24,1.0,high,True,True,True,True,7.745958333333333,7.913,1.382151394185628,4.195,9.691,6.243,6.73175,8.861,9.375300000000001,24,0,0,0,0,0.0,23.0,0,BTGOXD2,mg/L,reported_gmt_minus_4_unconverted
2022-04-15,24,24,24,1.0,high,True,True,True,True,6.337458333333333,6.205,1.7536552380215957,3.896,10.323,4.397600000000001,4.994,7.3435,8.995199999999999,24,0,0,0,0,0.0,23.0,0,BTGOXD2,mg/L,reported_gmt_minus_4_unconverted
2022-04-16,24,24,24,1.0,high,True,True,True,True,5.322583333333333,4.974,1.5438211181764343,3.28,8.716,3.566,4.396,5.8004999999999995,7.912999999999999,24,0,0,0,0,0.0,23.0,0,BTGOXD2,mg/L,reported_gmt_minus_4_unconverted
2022-04-17,24,24,24,1.0,high,True,True,True,True,4.976958333333333,4.926,0.9307356827971538,3.366,7.016,3.9283,4.2585,5.58675,6.1451,24,0,0,0,0,0.0,23.0,0,BTGOXD2,mg/L,reported_gmt_minus_4_unconverted
2022-04-18,24,24,24,1.0,high,True,True,True,True,6.338541666666667,6.859500000000001,1.163775676097143,4.203,8.108,4.4748,5.4265,7.07275,7.574999999999999,24,0,0,0,0,0.0,23.0,0,BTGOXD2,mg/L,reported_gmt_minus_4_unconverted
2022-04-19,24,24,24,1.0,high,True,True,True,True,7.795958333333334,7.9115,0.8638129064321977,6.181,8.706,6.439,7.32825,8.60025,8.672,24,0,0,0,0,0.0,23.0,0,BTGOXD2,mg/L,reported_gmt_minus_4_unconverted
2022-04-20,24,24,24,1.0,high,True,True,True,True,8.136083333333334,7.978,0.8285064045128684,6.886,9.507,7.184,7.63075,8.52,9.4407,24,0,0,0,0,0.0,23.0,0,BTGOXD2,mg/L,reported_gmt_minus_4_unconverted
2022-04-21,24,24,24,1.0,high,True,True,True,True,8.686291666666667,8.594000000000001,0.7525264969575415,7.626,9.936,7.7621,8.01525,9.3035,9.7367,24,0,0,0,0,0.0,23.0,0,BTGOXD2,mg/L,reported_gmt_minus_4_unconverted
2022-04-22,24,24,24,1.0,high,True,True,True,True,8.224958333333333,8.267,0.9592100227549872,6.288,10.006,7.1256,7.49575,9.008000000000001,9.3408,24,0,0,0,0,0.0,23.0,0,BTGOXD2,mg/L,reported_gmt_minus_4_unconverted
2022-04-23,24,24,24,1.0,high,True,True,True,True,6.2112083333333326,5.8625,1.32522687078778,4.321,9.635,4.7991,5.3845,6.58325,8.246599999999999,24,0,0,0,0,0.0,23.0,0,BTGOXD2,mg/L,reported_gmt_minus_4_unconverted
2022-04-24,24,24,24,1.0,high,True,True,True,True,6.410166666666666,5.551,2.144625773916029,3.477,9.793,4.4605,4.59025,8.40375,9.578,24,0,0,0,0,0.0,23.0,0,BTGOXD2,mg/L,reported_gmt_minus_4_unconverted
2022-04-25,24,24,24,1.0,high,True,True,True,True,7.077000000000001,6.991,1.4035372394805548,4.963,9.4,5.3069,6.048,8.1085,9.209,24,0,0,0,0,0.0,23.0,0,BTGOXD2,mg/L,reported_gmt_minus_4_unconverted
2022-04-26,24,24,24,1.0,high,True,True,True,True,7.801624999999999,7.913,1.0334436234386892,5.413,9.215,6.6247,7.06775,8.70425,9.0704,24,0,0,0,0,0.0,23.0,0,BTGOXD2,mg/L,reported_gmt_minus_4_unconverted
2022-04-27,24,24,24,1.0,high,True,True,True,True,6.483333333333333,6.382,1.480150805086124,3.595,8.664,4.4937000000000005,5.7005,7.9215,8.442400000000001,24,0,0,0,0,0.0,23.0,0,BTGOXD2,mg/L,reported_gmt_minus_4_unconverted
2022-04-28,24,24,24,1.0,high,True,True,True,True,5.156083333333333,5.1845,0.7528602224136652,3.867,6.473,4.2098,4.6265,5.5835,6.2459,24,0,0,0,0,0.0,23.0,0,BTGOXD2,mg/L,reported_gmt_minus_4_unconverted
2022-04-29,24,24,24,1.0,high,True,True,True,True,5.405874999999999,5.4975000000000005,1.072572985760227,3.412,6.741,4.0784,4.5165,6.3795,6.6643,24,0,0,0,0,0.0,23.0,0,BTGOXD2,mg/L,reported_gmt_minus_4_unconverted
2022-04-30,24,24,24,1.0,high,True,True,True,True,6.426166666666666,6.247,0.9423758904177142,4.356,7.77,5.3288,5.683,7.23925,7.5182,24,0,0,0,0,0.0,23.0,0,BTGOXD2,mg/L,reported_gmt_minus_4_unconverted
2022-05-01,24,24,24,1.0,high,True,True,True,True,6.6687916666666665,6.5645,1.0894712710128336,4.082,8.115,5.5211,5.948,7.7845,7.9876000000000005,24,0,0,0,0,0.0,23.0,0,BTGOXD2,mg/L,reported_gmt_minus_4_unconverted
2022-05-02,24,24,24,1.0,high,True,True,True,True,7.012958333333333,6.9559999999999995,0.9070278016527469,5.383,8.534,5.9006,6.2692499999999995,7.63225,8.3262,24,0,0,0,0,0.0,23.0,0,BTGOXD2,mg/L,reported_gmt_minus_4_unconverted
2022-05-03,24,24,24,1.0,high,True,True,True,True,6.972041666666667,6.92,1.063598832478334,4.525,8.614,5.835,6.06225,7.9955,8.2774,24,0,0,0,0,0.0,23.0,0,BTGOXD2,mg/L,reported_gmt_minus_4_unconverted
2022-05-04,24,24,24,1.0,high,True,True,True,True,7.198291666666666,7.4165,0.5743818968297982,5.719,7.696,6.2877,7.13825,7.5495,7.6102,24,0,0,0,0,0.0,23.0,0,BTGOXD2,mg/L,reported_gmt_minus_4_unconverted
2022-05-05,24,24,24,1.0,high,True,True,True,True,6.975291666666666,7.0649999999999995,0.4126112476250093,6.344,7.53,6.4311,6.53975,7.38825,7.4412,24,0,0,0,0,0.0,23.0,0,BTGOXD2,mg/L,reported_gmt_minus_4_unconverted
2022-05-06,24,24,24,1.0,high,True,True,True,True,6.394958333333332,6.4265,0.7671745722293997,4.301,7.764,5.7308,5.97825,6.796,7.2668,24,0,0,0,0,0.0,23.0,0,BTGOXD2,mg/L,reported_gmt_minus_4_unconverted
2022-05-07,24,24,24,1.0,high,True,True,True,True,6.984416666666665,7.311,0.9126419802189527,5.132,7.943,5.5576,6.234249999999999,7.79425,7.8963,24,0,0,0,0,0.0,23.0,0,BTGOXD2,mg/L,reported_gmt_minus_4_unconverted
2022-05-08,24,24,24,1.0,high,True,True,True,True,7.058458333333333,7.5275,1.192517431434594,3.803,8.401,5.5682,6.77475,7.748,8.0953,24,0,0,0,0,0.0,23.0,0,BTGOXD2,mg/L,reported_gmt_minus_4_unconverted
2022-05-09,24,24,24,1.0,high,True,True,True,True,6.044375,6.0415,1.3221431486169652,3.885,8.346,4.1476999999999995,4.89225,7.212,7.5216,24,0,0,0,0,0.0,23.0,0,BTGOXD2,mg/L,reported_gmt_minus_4_unconverted
2022-05-10,24,24,24,1.0,high,True,True,True,True,6.875166666666668,7.286,1.4082973582576097,4.349,8.469,4.5979,6.17675,7.98,8.3322,24,0,0,0,0,0.0,23.0,0,BTGOXD2,mg/L,reported_gmt_minus_4_unconverted
2022-05-11,24,24,21,0.875,standard,True,True,True,False,7.107714285714286,7.014,0.6121063749755546,5.669,8.18,6.27,6.863,7.556,7.77,21,3,0,0,0,0.0,23.0,3,BTGOXD2,mg/L,reported_gmt_minus_4_unconverted
2022-05-12,24,24,24,1.0,high,True,True,True,True,7.164791666666666,7.291,0.46515420343259767,6.109,7.8,6.348400000000001,7.02675,7.43875,7.6347,24,0,0,0,0,0.0,23.0,0,BTGOXD2,mg/L,reported_gmt_minus_4_unconverted
2022-05-13,24,24,24,1.0,high,True,True,True,True,7.136583333333333,7.117,0.8575066949499915,5.776,8.413,6.1354999999999995,6.3847499999999995,7.955,8.2662,24,0,0,0,0,0.0,23.0,0,BTGOXD2,mg/L,reported_gmt_minus_4_unconverted
2022-05-14,24,24,24,1.0,high,True,True,True,True,7.108958333333334,6.993499999999999,0.6525039716132114,5.693,7.989,6.412,6.67025,7.7620000000000005,7.9073,24,0,0,0,0,0.0,23.0,0,BTGOXD2,mg/L,reported_gmt_minus_4_unconverted
2022-05-15,24,24,24,1.0,high,True,True,True,True,7.498666666666666,7.5815,0.4781725781480507,6.327,7.978,6.817,7.4037500000000005,7.87125,7.9639,24,0,0,0,0,0.0,23.0,0,BTGOXD2,mg/L,reported_gmt_minus_4_unconverted
2022-05-16,24,24,3,0.125,weak,False,False,False,False,7.776,7.778,0.09301612763386785,7.682,7.868,7.7012,7.73,7.823,7.8500000000000005,3,21,0,0,0,0.0,2.0,21,BTGOXD2,mg/L,reported_gmt_minus_4_unconverted
2022-05-17,24,24,24,1.0,high,True,True,True,True,7.594125000000001,7.561999999999999,1.00931532163059,5.59,10.367,6.580100000000001,7.211,7.819,7.9732,24,0,0,0,0,0.0,23.0,0,BTGOXD2,mg/L,reported_gmt_minus_4_unconverted
2022-05-18,24,24,24,1.0,high,True,True,True,True,7.5594583333333345,7.705,0.477642851763302,6.067,7.923,7.1577,7.5120000000000005,7.86,7.899,24,0,0,0,0,0.0,23.0,0,BTGOXD2,mg/L,reported_gmt_minus_4_unconverted
2022-05-19,24,24,24,1.0,high,True,True,True,True,7.577833333333333,7.7065,0.6137875051263878,5.549,8.111,7.1193,7.578,7.9535,8.0183,24,0,0,0,0,0.0,23.0,0,BTGOXD2,mg/L,reported_gmt_minus_4_unconverted
2022-05-20,24,24,24,1.0,high,True,True,True,True,7.187333333333332,7.101,0.5925627955471612,6.098,7.98,6.3153,6.8465,7.7965,7.8976999999999995,24,0,0,0,0,0.0,23.0,0,BTGOXD2,mg/L,reported_gmt_minus_4_unconverted
2022-05-21,24,24,24,1.0,high,True,True,True,True,7.0335833333333335,7.1985,0.9850694046025681,4.922,8.149,5.4991,6.60425,7.838,7.9818,24,0,0,0,0,0.0,23.0,0,BTGOXD2,mg/L,reported_gmt_minus_4_unconverted
2022-05-22,24,24,24,1.0,high,True,True,True,True,7.477666666666667,7.477,0.7631200638720346,5.9,8.61,6.6960999999999995,6.950749999999999,8.07175,8.3541,24,0,0,0,0,0.0,23.0,0,BTGOXD2,mg/L,reported_gmt_minus_4_unconverted
2022-05-23,24,24,24,1.0,high,True,True,True,True,8.269,8.120000000000001,1.4145046144667843,6.094,10.237,6.4725,6.89175,9.633750000000001,9.7617,24,0,0,0,0,0.0,23.0,0,BTGOXD2,mg/L,reported_gmt_minus_4_unconverted
2022-05-24,24,24,24,1.0,high,True,True,True,True,8.665541666666668,8.836500000000001,0.8843049335945774,6.79,10.206,7.37,8.27325,9.158,9.6949,24,0,0,0,0,0.0,23.0,0,BTGOXD2,mg/L,reported_gmt_minus_4_unconverted
2022-05-25,24,24,24,1.0,high,True,True,True,True,9.15075,9.279,0.6510119380458862,7.307,10.36,8.4426,8.848749999999999,9.500499999999999,9.7396,24,0,0,0,0,0.0,23.0,0,BTGOXD2,mg/L,reported_gmt_minus_4_unconverted
2022-05-26,24,24,24,1.0,high,True,True,True,True,9.266958333333333,9.6445,1.2641193352846793,6.156,10.549,7.5772,8.6135,10.20325,10.4915,24,0,0,0,0,0.0,23.0,0,BTGOXD2,mg/L,reported_gmt_minus_4_unconverted
2022-05-27,24,24,24,1.0,high,True,True,True,True,9.621791666666667,9.921,1.125865540630723,6.068,10.721,7.9731,9.36225,10.414,10.5045,24,0,0,0,0,0.0,23.0,0,BTGOXD2,mg/L,reported_gmt_minus_4_unconverted
2022-05-28,24,24,24,1.0,high,True,True,True,True,8.437916666666666,8.544,1.568297107961556,5.71,10.737,6.5479,6.9727500000000004,9.873,10.4821,24,0,0,0,0,0.0,23.0,0,BTGOXD2,mg/L,reported_gmt_minus_4_unconverted
2022-05-29,24,24,24,1.0,high,True,True,True,True,7.447916666666667,7.027,1.90508034559921,4.929,10.567,5.1391,5.8515,8.8235,10.362,24,0,0,0,0,0.0,23.0,0,BTGOXD2,mg/L,reported_gmt_minus_4_unconverted
2022-05-30,24,24,24,1.0,high,True,True,True,True,7.273125,7.0875,1.6200687669918858,4.422,10.038,5.2265,6.2135,8.58025,9.0898,24,0,0,0,0,0.0,23.0,0,BTGOXD2,mg/L,reported_gmt_minus_4_unconverted
2022-05-31,24,24,24,1.0,high,True,True,True,True,4.611458333333333,4.516500000000001,1.2777629221201119,2.705,8.774,3.2044,3.91825,4.97075,5.930899999999999,24,0,0,0,0,0.0,23.0,0,BTGOXD2,mg/L,reported_gmt_minus_4_unconverted
2022-06-01,24,24,24,1.0,high,True,True,True,True,4.7832083333333335,4.6135,1.420474353690609,2.947,9.131,3.5528,3.8207500000000003,5.1965,5.8161000000000005,24,0,0,0,0,0.0,23.0,0,BTGOXD2,mg/L,reported_gmt_minus_4_unconverted
2022-06-02,24,24,24,1.0,high,True,True,True,True,5.538666666666667,5.438,0.9650374927011077,3.447,7.248,4.1939,5.14025,6.09575,6.7497,24,0,0,0,0,0.0,23.0,0,BTGOXD2,mg/L,reported_gmt_minus_4_unconverted
2022-06-03,24,24,24,1.0,high,True,True,True,True,5.740958333333334,5.6235,1.1344828923218782,3.978,7.34,4.2211,4.74325,6.78525,7.2181,24,0,0,0,0,0.0,23.0,0,BTGOXD2,mg/L,reported_gmt_minus_4_unconverted
2022-06-04,24,24,24,1.0,high,True,True,True,True,6.032041666666667,6.1075,1.2033515688228464,3.556,7.602,4.5517,5.484,6.846,7.4985,24,0,0,0,0,0.0,23.0,0,BTGOXD2,mg/L,reported_gmt_minus_4_unconverted
2022-06-05,24,24,24,1.0,high,True,True,True,True,6.135166666666667,6.5245,1.3472880866413823,3.822,7.873,4.3414,4.977,7.38175,7.5796,24,0,0,0,0,0.0,23.0,0,BTGOXD2,mg/L,reported_gmt_minus_4_unconverted
2022-06-06,24,24,24,1.0,high,True,True,True,True,6.211625000000001,6.6345,1.097941465633083,3.86,7.448,4.3707,5.670249999999999,7.02725,7.2360999999999995,24,0,0,0,0,0.0,23.0,0,BTGOXD2,mg/L,reported_gmt_minus_4_unconverted
2022-06-07,24,24,24,1.0,high,True,True,True,True,6.7675833333333335,7.064,0.6037960292412797,5.409,7.438,6.033200000000001,6.273,7.2095,7.3228,24,0,0,0,0,0.0,23.0,0,BTGOXD2,mg/L,reported_gmt_minus_4_unconverted
2022-06-08,24,24,24,1.0,high,True,True,True,True,6.734958333333334,6.7315000000000005,0.6092565304759041,5.035,7.525,6.0823,6.40525,7.2695,7.4308,24,0,0,0,0,0.0,23.0,0,BTGOXD2,mg/L,reported_gmt_minus_4_unconverted
2022-06-09,24,24,24,1.0,high,True,True,True,True,6.632791666666666,6.6865,0.6366402969916555,5.45,7.429,5.7455,6.2902499999999995,7.24275,7.3143,24,0,0,0,0,0.0,23.0,0,BTGOXD2,mg/L,reported_gmt_minus_4_unconverted
2022-06-10,24,24,24,1.0,high,True,True,True,True,7.062583333333333,7.379,0.7243009773547882,5.219,7.729,6.0099,6.766,7.59025,7.6857,24,0,0,0,0,0.0,23.0,0,BTGOXD2,mg/L,reported_gmt_minus_4_unconverted
2022-06-11,24,24,24,1.0,high,True,True,True,True,7.1905833333333335,7.4719999999999995,0.6631457913458474,5.249,7.795,6.3848,6.848,7.6375,7.7052000000000005,24,0,0,0,0,0.0,23.0,0,BTGOXD2,mg/L,reported_gmt_minus_4_unconverted
2022-06-12,24,24,24,1.0,high,True,True,True,True,6.918416666666666,7.1175,0.8114876792799681,4.931,7.659,5.6577,6.75725,7.52075,7.6494,24,0,0,0,0,0.0,23.0,0,BTGOXD2,mg/L,reported_gmt_minus_4_unconverted
2022-06-13,24,24,24,1.0,high,True,True,True,True,6.7982916666666675,6.782500000000001,0.8919253468062012,4.466,7.851,5.8504,6.23625,7.64475,7.7801,24,0,0,0,0,0.0,23.0,0,BTGOXD2,mg/L,reported_gmt_minus_4_unconverted
2022-06-14,24,24,24,1.0,high,True,True,True,True,7.037416666666666,7.326499999999999,0.9939466750050644,4.658,7.999,5.5869,6.41075,7.8895,7.9495,24,0,0,0,0,0.0,23.0,0,BTGOXD2,mg/L,reported_gmt_minus_4_unconverted
2022-06-15,24,24,24,1.0,high,True,True,True,True,6.617625,6.6175,1.0670219757526695,3.655,8.21,5.5353,5.96825,7.52225,7.6745,24,0,0,0,0,0.0,23.0,0,BTGOXD2,mg/L,reported_gmt_minus_4_unconverted
2022-06-16,24,24,24,1.0,high,True,True,True,True,5.508416666666666,5.605,1.2719377861688275,2.849,7.412,3.6876,4.786,6.3605,7.219399999999999,24,0,0,0,0,0.0,23.0,0,BTGOXD2,mg/L,reported_gmt_minus_4_unconverted
2022-06-17,24,24,24,1.0,high,True,True,True,True,5.378333333333333,5.523,0.992004850385524,3.439,6.758,4.2176,4.50025,6.18025,6.5923,24,0,0,0,0,0.0,23.0,0,BTGOXD2,mg/L,reported_gmt_minus_4_unconverted
2022-06-18,24,24,24,1.0,high,True,True,True,True,5.683208333333333,6.0805,1.5933928792842094,2.963,7.723,3.5963,3.9080000000000004,7.2764999999999995,7.4014,24,0,0,0,0,0.0,23.0,0,BTGOXD2,mg/L,reported_gmt_minus_4_unconverted
2022-06-19,24,24,24,1.0,high,True,True,True,True,7.153000000000001,7.3525,1.0327507380566339,4.515,9.177,5.952500000000001,6.501250000000001,7.5897499999999996,8.3886,24,0,0,0,0,0.0,23.0,0,BTGOXD2,mg/L,reported_gmt_minus_4_unconverted
2022-06-20,24,24,24,1.0,high,True,True,True,True,7.591208333333334,7.8765,0.7361421754907347,5.517,8.661,6.4604,7.38025,7.99625,8.0289,24,0,0,0,0,0.0,23.0,0,BTGOXD2,mg/L,reported_gmt_minus_4_unconverted
2022-06-21,24,24,24,1.0,high,True,True,True,True,7.726749999999999,7.669499999999999,0.4131021823271795,7.074,8.388,7.2771,7.38075,8.0815,8.3088,24,0,0,0,0,0.0,23.0,0,BTGOXD2,mg/L,reported_gmt_minus_4_unconverted
2022-06-22,24,24,24,1.0,high,True,True,True,True,8.185,8.2025,0.1723477273724106,7.95,8.69,7.9867,8.06175,8.255500000000001,8.3346,24,0,0,0,0,0.0,23.0,0,BTGOXD2,mg/L,reported_gmt_minus_4_unconverted
2022-06-23,24,24,24,1.0,high,True,True,True,True,8.244625,8.3635,0.4607373874751118,7.295,8.839,7.4546,8.038,8.509,8.7881,24,0,0,0,0,0.0,23.0,0,BTGOXD2,mg/L,reported_gmt_minus_4_unconverted
2022-06-24,24,24,24,1.0,high,True,True,True,True,6.60175,6.6965,0.42205473063593774,5.894,7.255,6.0065,6.249,6.89775,7.0621,24,0,0,0,0,0.0,23.0,0,BTGOXD2,mg/L,reported_gmt_minus_4_unconverted
2022-06-25,24,24,24,1.0,high,True,True,True,True,6.5865,6.546,0.3677710771898618,6.033,7.062,6.0825000000000005,6.25925,6.94175,6.999,24,0,0,0,0,0.0,23.0,0,BTGOXD2,mg/L,reported_gmt_minus_4_unconverted
2022-06-26,24,24,24,1.0,high,True,True,True,True,7.082708333333334,7.095000000000001,0.17485310087058217,6.813,7.538,6.8549999999999995,6.94225,7.197,7.2325,24,0,0,0,0,0.0,23.0,0,BTGOXD2,mg/L,reported_gmt_minus_4_unconverted
2022-06-27,24,24,24,1.0,high,True,True,True,True,7.505624999999999,7.5085,0.14933790470811054,7.264,7.728,7.3008999999999995,7.3815,7.65525,7.6883,24,0,0,0,0,0.0,23.0,0,BTGOXD2,mg/L,reported_gmt_minus_4_unconverted
2022-06-28,24,24,24,1.0,high,True,True,True,True,6.974499999999999,7.0344999999999995,0.2842749740472511,6.451,7.431,6.5274,6.811999999999999,7.21775,7.2916,24,0,0,0,0,0.0,23.0,0,BTGOXD2,mg/L,reported_gmt_minus_4_unconverted
2022-06-29,24,24,24,1.0,high,True,True,True,True,6.586874999999999,6.58,0.236074290536208,6.098,7.097,6.3549,6.4422500000000005,6.664,6.9051,24,0,0,0,0,0.0,23.0,0,BTGOXD2,mg/L,reported_gmt_minus_4_unconverted
2022-06-30,24,24,24,1.0,high,True,True,True,True,6.829041666666666,6.8870000000000005,0.32649648498895806,6.333,7.43,6.4253,6.5445,7.045249999999999,7.1331999999999995,24,0,0,0,0,0.0,23.0,0,BTGOXD2,mg/L,reported_gmt_minus_4_unconverted
2022-07-01,24,24,24,1.0,high,True,True,True,True,7.335125000000001,7.348000000000001,0.5117056144596864,6.039,8.051,6.6872,7.15375,7.7795000000000005,7.8948,24,0,0,0,0,0.0,23.0,0,BTGOXD2,mg/L,reported_gmt_minus_4_unconverted
2022-07-02,24,24,24,1.0,high,True,True,True,True,7.208374999999999,7.711,0.9970728817502456,5.201,8.218,6.0498,6.13525,8.039,8.1531,24,0,0,0,0,0.0,23.0,0,BTGOXD2,mg/L,reported_gmt_minus_4_unconverted
2022-07-03,24,24,24,1.0,high,True,True,True,True,7.000083333333333,7.3035,1.0646915012122635,5.016,8.353,5.1814,6.2379999999999995,7.7775,8.1766,24,0,0,0,0,0.0,23.0,0,BTGOXD2,mg/L,reported_gmt_minus_4_unconverted
2022-07-04,24,24,24,1.0,high,True,True,True,True,7.014500000000001,6.9355,0.5866454376923232,5.935,8.202,6.3382,6.709,7.36975,7.6811,24,0,0,0,0,0.0,23.0,0,BTGOXD2,mg/L,reported_gmt_minus_4_unconverted
2022-07-05,24,24,24,1.0,high,True,True,True,True,6.345833333333334,6.487,1.490994610163374,3.533,8.061,3.8920000000000003,5.638999999999999,7.69475,7.991600000000001,24,0,0,0,0,0.0,23.0,0,BTGOXD2,mg/L,reported_gmt_minus_4_unconverted
2022-07-06,24,24,24,1.0,high,True,True,True,True,4.85025,4.8895,1.273002279788935,2.923,6.943,3.1952,3.6535,5.77075,6.456899999999999,24,0,0,0,0,0.0,23.0,0,BTGOXD2,mg/L,reported_gmt_minus_4_unconverted
2022-07-07,24,24,24,1.0,high,True,True,True,True,5.096374999999999,5.2875,1.6066692474346342,2.204,7.105,2.4707000000000003,3.95625,6.4025,6.9308,24,0,0,0,0,0.0,23.0,0,BTGOXD2,mg/L,reported_gmt_minus_4_unconverted
2022-07-08,24,24,24,1.0,high,True,True,True,True,5.251166666666667,4.959,1.1914037634388401,3.656,7.245,3.9048,4.1615,6.278499999999999,6.9086,24,0,0,0,0,0.0,23.0,0,BTGOXD2,mg/L,reported_gmt_minus_4_unconverted
2022-07-09,24,24,24,1.0,high,True,True,True,True,8.390791666666667,8.862,1.2345308906331733,4.807,9.35,6.330500000000001,8.559000000000001,8.955,9.162899999999999,24,0,0,0,0,0.0,23.0,0,BTGOXD2,mg/L,reported_gmt_minus_4_unconverted
2022-07-10,24,24,24,1.0,high,True,True,True,True,7.745916666666666,7.8085,0.340695569408369,7.067,8.277,7.2732,7.522,7.96825,8.1549,24,0,0,0,0,0.0,23.0,0,BTGOXD2,mg/L,reported_gmt_minus_4_unconverted
2022-07-11,24,24,24,1.0,high,True,True,True,True,7.252625000000001,7.106,0.37294746249654065,6.874,8.165,6.9234,6.96375,7.44875,7.821,24,0,0,0,0,0.0,23.0,0,BTGOXD2,mg/L,reported_gmt_minus_4_unconverted
2022-07-12,24,24,24,1.0,high,True,True,True,True,6.776708333333333,6.8375,0.4953049547383973,5.359,7.493,6.0181000000000004,6.73375,7.02775,7.2139,24,0,0,0,0,0.0,23.0,0,BTGOXD2,mg/L,reported_gmt_minus_4_unconverted
2022-07-13,24,24,24,1.0,high,True,True,True,True,6.979041666666667,7.17,0.7158834905914854,4.701,7.594,6.6465000000000005,6.9035,7.3635,7.4663,24,0,0,0,0,0.0,23.0,0,BTGOXD2,mg/L,reported_gmt_minus_4_unconverted
2022-07-14,24,24,24,1.0,high,True,True,True,True,7.430958333333334,7.435499999999999,0.07501389967817654,7.332,7.564,7.3421,7.3635,7.49475,7.5236,24,0,0,0,0,0.0,23.0,0,BTGOXD2,mg/L,reported_gmt_minus_4_unconverted
2022-07-15,24,24,24,1.0,high,True,True,True,True,7.1825833333333335,7.239,0.18152180768895698,6.813,7.492,6.9178,7.08525,7.2825,7.3841,24,0,0,0,0,0.0,23.0,0,BTGOXD2,mg/L,reported_gmt_minus_4_unconverted
2022-07-16,24,24,24,1.0,high,True,True,True,True,7.431958333333333,7.466,0.1541525159976502,7.175,7.631,7.2165,7.306749999999999,7.5785,7.599399999999999,24,0,0,0,0,0.0,23.0,0,BTGOXD2,mg/L,reported_gmt_minus_4_unconverted
2022-07-17,24,24,24,1.0,high,True,True,True,True,7.584083333333332,7.584,0.0877253206552018,7.466,7.722,7.473,7.5104999999999995,7.662,7.6893,24,0,0,0,0,0.0,23.0,0,BTGOXD2,mg/L,reported_gmt_minus_4_unconverted
2022-07-18,24,24,24,1.0,high,True,True,True,True,7.603541666666666,7.587,0.11438150472514513,7.418,7.862,7.4703,7.53925,7.6685,7.7314,24,0,0,0,0,0.0,23.0,0,BTGOXD2,mg/L,reported_gmt_minus_4_unconverted
2022-07-19,24,24,24,1.0,high,True,True,True,True,7.847333333333334,7.7669999999999995,0.19733808259071453,7.605,8.223,7.6684,7.709,7.938,8.1958,24,0,0,0,0,0.0,23.0,0,BTGOXD2,mg/L,reported_gmt_minus_4_unconverted
2022-07-20,24,24,24,1.0,high,True,True,True,True,8.148666666666667,8.134,0.09687089869766241,8.007,8.363,8.0381,8.0795,8.21725,8.2825,24,0,0,0,0,0.0,23.0,0,BTGOXD2,mg/L,reported_gmt_minus_4_unconverted
2022-07-21,24,24,24,1.0,high,True,True,True,True,7.872708333333333,7.9605,0.24838582875747217,7.265,8.138,7.5069,7.8035,8.02075,8.1238,24,0,0,0,0,0.0,23.0,0,BTGOXD2,mg/L,reported_gmt_minus_4_unconverted
2022-07-22,24,24,24,1.0,high,True,True,True,True,7.809416666666667,7.8629999999999995,0.3871073232453047,7.084,8.354,7.200699999999999,7.58825,8.10925,8.245999999999999,24,0,0,0,0,0.0,23.0,0,BTGOXD2,mg/L,reported_gmt_minus_4_unconverted
2022-07-23,24,24,24,1.0,high,True,True,True,True,7.639125,7.837999999999999,0.43007151200094923,6.33,8.069,7.0608,7.5405,7.908,7.9407,24,0,0,0,0,0.0,23.0,0,BTGOXD2,mg/L,reported_gmt_minus_4_unconverted
2022-07-24,24,24,24,1.0,high,True,True,True,True,7.807875,7.7965,0.15054663079417707,7.409,8.064,7.6605,7.7305,7.90175,7.9989,24,0,0,0,0,0.0,23.0,0,BTGOXD2,mg/L,reported_gmt_minus_4_unconverted
2022-07-25,24,24,24,1.0,high,True,True,True,True,7.876,7.916,0.28305645465478996,7.256,8.191,7.4055,7.77275,8.1105,8.1815,24,0,0,0,0,0.0,23.0,0,BTGOXD2,mg/L,reported_gmt_minus_4_unconverted
2022-07-26,24,24,24,1.0,high,True,True,True,True,7.794416666666667,7.803,0.16897772342676637,7.453,8.16,7.5853,7.6747499999999995,7.9232499999999995,7.984,24,0,0,0,0,0.0,23.0,0,BTGOXD2,mg/L,reported_gmt_minus_4_unconverted
2022-07-27,24,24,11,0.458333,weak,False,False,False,False,7.321636363636364,7.277,0.30346376150284327,6.889,7.811,7.028,7.1055,7.5665,7.699,11,13,0,0,0,0.0,10.0,13,BTGOXD2,mg/L,reported_gmt_minus_4_unconverted
2022-07-28,24,24,0,0.0,missing,False,False,False,False,,,,,,,,,,0,24,0,0,0,,,24,BTGOXD2,mg/L,reported_gmt_minus_4_unconverted
2022-07-29,24,24,0,0.0,missing,False,False,False,False,,,,,,,,,,0,24,0,0,0,,,24,BTGOXD2,mg/L,reported_gmt_minus_4_unconverted
2022-07-30,24,24,0,0.0,missing,False,False,False,False,,,,,,,,,,0,24,0,0,0,,,24,BTGOXD2,mg/L,reported_gmt_minus_4_unconverted
2022-07-31,24,24,0,0.0,missing,False,False,False,False,,,,,,,,,,0,24,0,0,0,,,24,BTGOXD2,mg/L,reported_gmt_minus_4_unconverted
2022-08-01,24,24,0,0.0,missing,False,False,False,False,,,,,,,,,,0,24,0,0,0,,,24,BTGOXD2,mg/L,reported_gmt_minus_4_unconverted
2022-08-02,24,24,0,0.0,missing,False,False,False,False,,,,,,,,,,0,24,0,0,0,,,24,BTGOXD2,mg/L,reported_gmt_minus_4_unconverted
2022-08-03,24,24,0,0.0,missing,False,False,False,False,,,,,,,,,,0,24,0,0,0,,,24,BTGOXD2,mg/L,reported_gmt_minus_4_unconverted
2022-08-04,24,24,0,0.0,missing,False,False,False,False,,,,,,,,,,0,24,0,0,0,,,24,BTGOXD2,mg/L,reported_gmt_minus_4_unconverted
2022-08-05,24,24,0,0.0,missing,False,False,False,False,,,,,,,,,,0,24,0,0,0,,,24,BTGOXD2,mg/L,reported_gmt_minus_4_unconverted
2022-08-06,24,24,0,0.0,missing,False,False,False,False,,,,,,,,,,0,24,0,0,0,,,24,BTGOXD2,mg/L,reported_gmt_minus_4_unconverted
2022-08-07,24,24,0,0.0,missing,False,False,False,False,,,,,,,,,,0,24,0,0,0,,,24,BTGOXD2,mg/L,reported_gmt_minus_4_unconverted
2022-08-08,24,24,0,0.0,missing,False,False,False,False,,,,,,,,,,0,24,0,0,0,,,24,BTGOXD2,mg/L,reported_gmt_minus_4_unconverted
2022-08-09,24,24,0,0.0,missing,False,False,False,False,,,,,,,,,,0,24,0,0,0,,,24,BTGOXD2,mg/L,reported_gmt_minus_4_unconverted
2022-08-10,24,24,0,0.0,missing,False,False,False,False,,,,,,,,,,0,24,0,0,0,,,24,BTGOXD2,mg/L,reported_gmt_minus_4_unconverted
2022-08-11,24,24,0,0.0,missing,False,False,False,False,,,,,,,,,,0,24,0,0,0,,,24,BTGOXD2,mg/L,reported_gmt_minus_4_unconverted
2022-08-12,24,24,0,0.0,missing,False,False,False,False,,,,,,,,,,0,24,0,0,0,,,24,BTGOXD2,mg/L,reported_gmt_minus_4_unconverted
2022-08-13,24,24,0,0.0,missing,False,False,False,False,,,,,,,,,,0,24,0,0,0,,,24,BTGOXD2,mg/L,reported_gmt_minus_4_unconverted
2022-08-14,24,24,0,0.0,missing,False,False,False,False,,,,,,,,,,0,24,0,0,0,,,24,BTGOXD2,mg/L,reported_gmt_minus_4_unconverted
2022-08-15,24,24,0,0.0,missing,False,False,False,False,,,,,,,,,,0,24,0,0,0,,,24,BTGOXD2,mg/L,reported_gmt_minus_4_unconverted
2022-08-16,24,24,0,0.0,missing,False,False,False,False,,,,,,,,,,0,24,0,0,0,,,24,BTGOXD2,mg/L,reported_gmt_minus_4_unconverted
2022-08-17,24,24,0,0.0,missing,False,False,False,False,,,,,,,,,,0,24,0,0,0,,,24,BTGOXD2,mg/L,reported_gmt_minus_4_unconverted
2022-08-18,24,24,0,0.0,missing,False,False,False,False,,,,,,,,,,0,24,0,0,0,,,24,BTGOXD2,mg/L,reported_gmt_minus_4_unconverted
2022-08-19,24,24,0,0.0,missing,False,False,False,False,,,,,,,,,,0,24,0,0,0,,,24,BTGOXD2,mg/L,reported_gmt_minus_4_unconverted
2022-08-20,24,24,0,0.0,missing,False,False,False,False,,,,,,,,,,0,24,0,0,0,,,24,BTGOXD2,mg/L,reported_gmt_minus_4_unconverted
2022-08-21,24,24,0,0.0,missing,False,False,False,False,,,,,,,,,,0,24,0,0,0,,,24,BTGOXD2,mg/L,reported_gmt_minus_4_unconverted
2022-08-22,24,24,0,0.0,missing,False,False,False,False,,,,,,,,,,0,24,0,0,0,,,24,BTGOXD2,mg/L,reported_gmt_minus_4_unconverted
2022-08-23,24,24,0,0.0,missing,False,False,False,False,,,,,,,,,,0,24,0,0,0,,,24,BTGOXD2,mg/L,reported_gmt_minus_4_unconverted
2022-08-24,24,24,0,0.0,missing,False,False,False,False,,,,,,,,,,0,24,0,0,0,,,24,BTGOXD2,mg/L,reported_gmt_minus_4_unconverted
2022-08-25,24,24,0,0.0,missing,False,False,False,False,,,,,,,,,,0,24,0,0,0,,,24,BTGOXD2,mg/L,reported_gmt_minus_4_unconverted
2022-08-26,24,24,0,0.0,missing,False,False,False,False,,,,,,,,,,0,24,0,0,0,,,24,BTGOXD2,mg/L,reported_gmt_minus_4_unconverted
2022-08-27,24,24,0,0.0,missing,False,False,False,False,,,,,,,,,,0,24,0,0,0,,,24,BTGOXD2,mg/L,reported_gmt_minus_4_unconverted
2022-08-28,24,24,0,0.0,missing,False,False,False,False,,,,,,,,,,0,24,0,0,0,,,24,BTGOXD2,mg/L,reported_gmt_minus_4_unconverted
2022-08-29,24,24,0,0.0,missing,False,False,False,False,,,,,,,,,,0,24,0,0,0,,,24,BTGOXD2,mg/L,reported_gmt_minus_4_unconverted
2022-08-30,24,24,0,0.0,missing,False,False,False,False,,,,,,,,,,0,24,0,0,0,,,24,BTGOXD2,mg/L,reported_gmt_minus_4_unconverted
2022-08-31,24,24,0,0.0,missing,False,False,False,False,,,,,,,,,,0,24,0,0,0,,,24,BTGOXD2,mg/L,reported_gmt_minus_4_unconverted
2022-09-01,24,24,0,0.0,missing,False,False,False,False,,,,,,,,,,0,24,0,0,0,,,24,BTGOXD2,mg/L,reported_gmt_minus_4_unconverted
2022-09-02,24,24,0,0.0,missing,False,False,False,False,,,,,,,,,,0,24,0,0,0,,,24,BTGOXD2,mg/L,reported_gmt_minus_4_unconverted
2022-09-03,24,24,0,0.0,missing,False,False,False,False,,,,,,,,,,0,24,0,0,0,,,24,BTGOXD2,mg/L,reported_gmt_minus_4_unconverted
2022-09-04,24,24,0,0.0,missing,False,False,False,False,,,,,,,,,,0,24,0,0,0,,,24,BTGOXD2,mg/L,reported_gmt_minus_4_unconverted
2022-09-05,24,24,0,0.0,missing,False,False,False,False,,,,,,,,,,0,24,0,0,0,,,24,BTGOXD2,mg/L,reported_gmt_minus_4_unconverted
2022-09-06,24,24,0,0.0,missing,False,False,False,False,,,,,,,,,,0,24,0,0,0,,,24,BTGOXD2,mg/L,reported_gmt_minus_4_unconverted
2022-09-07,24,24,0,0.0,missing,False,False,False,False,,,,,,,,,,0,24,0,0,0,,,24,BTGOXD2,mg/L,reported_gmt_minus_4_unconverted
2022-09-08,24,24,0,0.0,missing,False,False,False,False,,,,,,,,,,0,24,0,0,0,,,24,BTGOXD2,mg/L,reported_gmt_minus_4_unconverted
2022-09-09,24,24,0,0.0,missing,False,False,False,False,,,,,,,,,,0,24,0,0,0,,,24,BTGOXD2,mg/L,reported_gmt_minus_4_unconverted
2022-09-10,24,24,0,0.0,missing,False,False,False,False,,,,,,,,,,0,24,0,0,0,,,24,BTGOXD2,mg/L,reported_gmt_minus_4_unconverted
2022-09-11,24,24,0,0.0,missing,False,False,False,False,,,,,,,,,,0,24,0,0,0,,,24,BTGOXD2,mg/L,reported_gmt_minus_4_unconverted
2022-09-12,24,24,0,0.0,missing,False,False,False,False,,,,,,,,,,0,24,0,0,0,,,24,BTGOXD2,mg/L,reported_gmt_minus_4_unconverted
2022-09-13,24,24,0,0.0,missing,False,False,False,False,,,,,,,,,,0,24,0,0,0,,,24,BTGOXD2,mg/L,reported_gmt_minus_4_unconverted
2022-09-14,24,24,0,0.0,missing,False,False,False,False,,,,,,,,,,0,24,0,0,0,,,24,BTGOXD2,mg/L,reported_gmt_minus_4_unconverted
2022-09-15,24,24,0,0.0,missing,False,False,False,False,,,,,,,,,,0,24,0,0,0,,,24,BTGOXD2,mg/L,reported_gmt_minus_4_unconverted
2022-09-16,24,24,0,0.0,missing,False,False,False,False,,,,,,,,,,0,24,0,0,0,,,24,BTGOXD2,mg/L,reported_gmt_minus_4_unconverted
2022-09-17,24,24,0,0.0,missing,False,False,False,False,,,,,,,,,,0,24,0,0,0,,,24,BTGOXD2,mg/L,reported_gmt_minus_4_unconverted
2022-09-18,24,24,0,0.0,missing,False,False,False,False,,,,,,,,,,0,24,0,0,0,,,24,BTGOXD2,mg/L,reported_gmt_minus_4_unconverted
2022-09-19,24,24,0,0.0,missing,False,False,False,False,,,,,,,,,,0,24,0,0,0,,,24,BTGOXD2,mg/L,reported_gmt_minus_4_unconverted
2022-09-20,24,24,0,0.0,missing,False,False,False,False,,,,,,,,,,0,24,0,0,0,,,24,BTGOXD2,mg/L,reported_gmt_minus_4_unconverted
2022-09-21,24,24,0,0.0,missing,False,False,False,False,,,,,,,,,,0,24,0,0,0,,,24,BTGOXD2,mg/L,reported_gmt_minus_4_unconverted
2022-09-22,24,24,0,0.0,missing,False,False,False,False,,,,,,,,,,0,24,0,0,0,,,24,BTGOXD2,mg/L,reported_gmt_minus_4_unconverted
2022-09-23,24,24,0,0.0,missing,False,False,False,False,,,,,,,,,,0,24,0,0,0,,,24,BTGOXD2,mg/L,reported_gmt_minus_4_unconverted
2022-09-24,24,24,0,0.0,missing,False,False,False,False,,,,,,,,,,0,24,0,0,0,,,24,BTGOXD2,mg/L,reported_gmt_minus_4_unconverted
2022-09-25,24,24,0,0.0,missing,False,False,False,False,,,,,,,,,,0,24,0,0,0,,,24,BTGOXD2,mg/L,reported_gmt_minus_4_unconverted
2022-09-26,24,24,0,0.0,missing,False,False,False,False,,,,,,,,,,0,24,0,0,0,,,24,BTGOXD2,mg/L,reported_gmt_minus_4_unconverted
2022-09-27,24,24,0,0.0,missing,False,False,False,False,,,,,,,,,,0,24,0,0,0,,,24,BTGOXD2,mg/L,reported_gmt_minus_4_unconverted
2022-09-28,24,24,0,0.0,missing,False,False,False,False,,,,,,,,,,0,24,0,0,0,,,24,BTGOXD2,mg/L,reported_gmt_minus_4_unconverted
2022-09-29,24,24,0,0.0,missing,False,False,False,False,,,,,,,,,,0,24,0,0,0,,,24,BTGOXD2,mg/L,reported_gmt_minus_4_unconverted
2022-09-30,24,24,0,0.0,missing,False,False,False,False,,,,,,,,,,0,24,0,0,0,,,24,BTGOXD2,mg/L,reported_gmt_minus_4_unconverted
2022-10-01,24,24,0,0.0,missing,False,False,False,False,,,,,,,,,,0,24,0,0,0,,,24,BTGOXD2,mg/L,reported_gmt_minus_4_unconverted
2022-10-02,24,24,0,0.0,missing,False,False,False,False,,,,,,,,,,0,24,0,0,0,,,24,BTGOXD2,mg/L,reported_gmt_minus_4_unconverted
2022-10-03,24,24,0,0.0,missing,False,False,False,False,,,,,,,,,,0,24,0,0,0,,,24,BTGOXD2,mg/L,reported_gmt_minus_4_unconverted
2022-10-04,24,24,0,0.0,missing,False,False,False,False,,,,,,,,,,0,24,0,0,0,,,24,BTGOXD2,mg/L,reported_gmt_minus_4_unconverted
2022-10-05,24,24,15,0.625,partial,True,False,False,False,5.3274,5.638,2.3722387798388738,1.84,10.324,2.2646,3.4935,6.884499999999999,7.4038,15,9,0,0,0,9.0,23.0,9,BTGOXD2,mg/L,reported_gmt_minus_4_unconverted
2022-10-06,24,24,24,1.0,high,True,True,True,True,4.05525,4.0555,1.892640627134021,1.115,7.643,1.8751,2.5012499999999998,5.6615,6.2021,24,0,0,0,0,0.0,23.0,0,BTGOXD2,mg/L,reported_gmt_minus_4_unconverted
2022-10-07,24,24,24,1.0,high,True,True,True,True,3.61025,3.2035,1.2860832432994578,1.898,6.727,2.5482,2.79525,4.23125,5.6916,24,0,0,0,0,0.0,23.0,0,BTGOXD2,mg/L,reported_gmt_minus_4_unconverted
2022-10-08,24,24,24,1.0,high,True,True,True,True,5.847375,5.877000000000001,0.795385321578547,4.301,7.393,5.0859,5.187250000000001,6.347,6.9413,24,0,0,0,0,0.0,23.0,0,BTGOXD2,mg/L,reported_gmt_minus_4_unconverted
2022-10-09,24,24,24,1.0,high,True,True,True,True,4.180208333333334,3.613,1.5450611632516058,1.728,6.352,2.5578,2.895,5.7935,6.1404,24,0,0,0,0,0.0,23.0,0,BTGOXD2,mg/L,reported_gmt_minus_4_unconverted
2022-10-10,24,24,24,1.0,high,True,True,True,True,4.905375,4.641500000000001,1.1155979411527917,3.446,7.208,3.6942,4.0635,5.68075,6.5252,24,0,0,0,0,0.0,23.0,0,BTGOXD2,mg/L,reported_gmt_minus_4_unconverted
2022-10-11,24,24,24,1.0,high,True,True,True,True,3.279833333333333,2.7750000000000004,1.2334342536069827,1.617,6.07,2.0111,2.4082500000000002,4.1015,4.7828,24,0,0,0,0,0.0,23.0,0,BTGOXD2,mg/L,reported_gmt_minus_4_unconverted
2022-10-12,24,24,24,1.0,high,True,True,True,True,2.863958333333333,2.2945,1.605589082715821,1.252,6.319,1.2878,1.5925,3.682,5.377,24,0,0,0,0,0.0,23.0,0,BTGOXD2,mg/L,reported_gmt_minus_4_unconverted
2022-10-13,24,24,24,1.0,high,True,True,True,True,3.456875,3.4365,1.4215819208222562,1.194,6.148,1.8856,2.0532500000000002,4.4035,5.5116,24,0,0,0,0,0.0,23.0,0,BTGOXD2,mg/L,reported_gmt_minus_4_unconverted
2022-10-14,24,24,24,1.0,high,True,True,True,True,4.1985,4.043,1.755743840878449,1.607,7.602,2.0263,2.75725,5.47325,6.1807,24,0,0,0,0,0.0,23.0,0,BTGOXD2,mg/L,reported_gmt_minus_4_unconverted
2022-10-15,24,24,24,1.0,high,True,True,True,True,7.102374999999999,7.1745,2.090772642963653,2.792,9.933,4.3252,5.77125,8.89575,9.6343,24,0,0,0,0,0.0,23.0,0,BTGOXD2,mg/L,reported_gmt_minus_4_unconverted
2022-10-16,24,24,24,1.0,high,True,True,True,True,7.366041666666667,7.0985,1.0218677902728421,5.736,9.362,6.2097999999999995,6.53425,8.025500000000001,8.9831,24,0,0,0,0,0.0,23.0,0,BTGOXD2,mg/L,reported_gmt_minus_4_unconverted
2022-10-17,24,24,24,1.0,high,True,True,True,True,6.256625,6.4305,1.7807107963443674,3.319,9.902,4.2334000000000005,4.7775,7.454,8.1674,24,0,0,0,0,0.0,23.0,0,BTGOXD2,mg/L,reported_gmt_minus_4_unconverted
2022-10-18,24,24,24,1.0,high,True,True,True,True,4.195083333333334,3.9589999999999996,0.9181199086539114,2.7,6.284,3.2916,3.6719999999999997,4.51475,5.668899999999999,24,0,0,0,0,0.0,23.0,0,BTGOXD2,mg/L,reported_gmt_minus_4_unconverted
2022-10-19,24,24,24,1.0,high,True,True,True,True,3.2133750000000005,3.0300000000000002,0.7822111808979332,1.963,4.931,2.4998,2.6942500000000003,3.6325,4.3262,24,0,0,0,0,0.0,23.0,0,BTGOXD2,mg/L,reported_gmt_minus_4_unconverted
2022-10-20,24,24,24,1.0,high,True,True,True,True,3.2561666666666667,3.2055,0.6972505423738153,2.096,4.826,2.3639,2.97975,3.4452499999999997,4.358899999999999,24,0,0,0,0,0.0,23.0,0,BTGOXD2,mg/L,reported_gmt_minus_4_unconverted
2022-10-21,24,24,24,1.0,high,True,True,True,True,5.596875,5.1114999999999995,2.22574707169838,2.742,10.545,3.4244,4.11275,6.13225,9.073599999999999,24,0,0,0,0,0.0,23.0,0,BTGOXD2,mg/L,reported_gmt_minus_4_unconverted
2022-10-22,24,24,24,1.0,high,True,True,True,True,7.270874999999999,7.422,0.6750256879170052,6.098,8.219,6.4508,6.62575,7.871,8.0428,24,0,0,0,0,0.0,23.0,0,BTGOXD2,mg/L,reported_gmt_minus_4_unconverted
2022-10-23,24,24,24,1.0,high,True,True,True,True,7.052041666666667,6.877000000000001,0.9543153466213888,5.499,9.439,6.1039,6.4515,7.52775,8.2896,24,0,0,0,0,0.0,23.0,0,BTGOXD2,mg/L,reported_gmt_minus_4_unconverted
2022-10-24,24,24,24,1.0,high,True,True,True,True,6.843791666666667,6.865,0.971496558617578,5.376,8.784,5.4862,6.258,7.40375,8.1545,24,0,0,0,0,0.0,23.0,0,BTGOXD2,mg/L,reported_gmt_minus_4_unconverted
2022-10-25,24,24,24,1.0,high,True,True,True,True,7.731166666666667,7.853,0.8770935038482235,6.223,8.878,6.6042000000000005,6.94775,8.58425,8.690399999999999,24,0,0,0,0,0.0,23.0,0,BTGOXD2,mg/L,reported_gmt_minus_4_unconverted
2022-10-26,24,24,24,1.0,high,True,True,True,True,6.860083333333333,7.0345,1.2632480191834914,4.498,8.842,4.9577,5.9115,7.8045,8.3304,24,0,0,0,0,0.0,23.0,0,BTGOXD2,mg/L,reported_gmt_minus_4_unconverted
2022-10-27,24,24,24,1.0,high,True,True,True,True,5.80675,5.9254999999999995,1.3225201321719076,3.513,8.198,4.275600000000001,4.6392500000000005,6.65125,7.5267,24,0,0,0,0,0.0,23.0,0,BTGOXD2,mg/L,reported_gmt_minus_4_unconverted
2022-10-28,24,24,24,1.0,high,True,True,True,True,5.513791666666667,5.4895,1.3714992107708,2.607,7.898,4.1428,4.56025,6.86525,7.1816,24,0,0,0,0,0.0,23.0,0,BTGOXD2,mg/L,reported_gmt_minus_4_unconverted
2022-10-29,24,24,24,1.0,high,True,True,True,True,5.648416666666667,6.0504999999999995,1.3418583452960224,3.318,7.404,3.6356,4.5495,6.687250000000001,7.2245,24,0,0,0,0,0.0,23.0,0,BTGOXD2,mg/L,reported_gmt_minus_4_unconverted
2022-10-30,24,24,24,1.0,high,True,True,True,True,6.125083333333333,6.321,0.81065560782169,3.818,7.554,5.1071,6.0120000000000005,6.5115,6.8713999999999995,24,0,0,0,0,0.0,23.0,0,BTGOXD2,mg/L,reported_gmt_minus_4_unconverted
2022-10-31,24,24,24,1.0,high,True,True,True,True,5.697083333333334,5.714,0.9726963830626637,3.629,7.162,4.3554,5.216,6.3180000000000005,6.744199999999999,24,0,0,0,0,0.0,23.0,0,BTGOXD2,mg/L,reported_gmt_minus_4_unconverted
2022-11-01,24,24,24,1.0,high,True,True,True,True,6.390875,6.5875,0.847722796801756,4.367,7.773,5.4742999999999995,5.83775,7.00175,7.1462,24,0,0,0,0,0.0,23.0,0,BTGOXD2,mg/L,reported_gmt_minus_4_unconverted
2022-11-02,24,24,24,1.0,high,True,True,True,True,6.808875,6.966,0.6359667965423571,5.682,7.684,5.8195,6.383,7.2620000000000005,7.5914,24,0,0,0,0,0.0,23.0,0,BTGOXD2,mg/L,reported_gmt_minus_4_unconverted
2022-11-03,24,24,24,1.0,high,True,True,True,True,6.427208333333333,6.3455,0.9901624802621237,4.683,8.163,5.1359,5.83125,7.02875,7.790299999999999,24,0,0,0,0,0.0,23.0,0,BTGOXD2,mg/L,reported_gmt_minus_4_unconverted
2022-11-04,24,24,24,1.0,high,True,True,True,True,6.130166666666667,6.009,0.7522470493052171,4.927,7.521,5.2994,5.5635,6.74275,7.1528,24,0,0,0,0,0.0,23.0,0,BTGOXD2,mg/L,reported_gmt_minus_4_unconverted
2022-11-05,24,24,24,1.0,high,True,True,True,True,5.862666666666667,6.0865,0.8635894589578942,4.654,7.227,4.7274,5.067,6.374499999999999,7.0131,24,0,0,0,0,0.0,23.0,0,BTGOXD2,mg/L,reported_gmt_minus_4_unconverted
2022-11-06,24,24,24,1.0,high,True,True,True,True,4.402666666666667,4.702500000000001,1.0280558125039654,2.148,5.757,2.7438,3.9290000000000003,5.11775,5.4266,24,0,0,0,0,0.0,23.0,0,BTGOXD2,mg/L,reported_gmt_minus_4_unconverted
2022-11-07,24,24,24,1.0,high,True,True,True,True,4.127208333333333,4.176,1.1708095667813219,2.466,7.018,2.6406,3.30075,4.75475,5.0599,24,0,0,0,0,0.0,23.0,0,BTGOXD2,mg/L,reported_gmt_minus_4_unconverted
2022-11-08,24,24,24,1.0,high,True,True,True,True,5.185791666666667,5.2785,0.7653839604303567,3.587,6.34,4.2091,4.604749999999999,5.68275,6.2164,24,0,0,0,0,0.0,23.0,0,BTGOXD2,mg/L,reported_gmt_minus_4_unconverted
2022-11-09,24,24,24,1.0,high,True,True,True,True,6.62825,6.773,0.6553376992055319,5.026,7.815,5.8362,6.1935,7.087,7.3064,24,0,0,0,0,0.0,23.0,0,BTGOXD2,mg/L,reported_gmt_minus_4_unconverted
2022-11-10,24,24,24,1.0,high,True,True,True,True,7.293666666666667,7.3260000000000005,0.8698112572210168,5.453,8.623,6.4114,6.784,7.8790000000000004,8.5457,24,0,0,0,0,0.0,23.0,0,BTGOXD2,mg/L,reported_gmt_minus_4_unconverted
2022-11-11,24,24,24,1.0,high,True,True,True,True,7.057249999999999,7.1715,0.8896546594288584,5.522,8.482,5.78,6.30225,7.707,8.168399999999998,24,0,0,0,0,0.0,23.0,0,BTGOXD2,mg/L,reported_gmt_minus_4_unconverted
2022-11-12,24,24,24,1.0,high,True,True,True,True,6.1174583333333326,6.0385,0.9143927887409488,4.716,7.774,5.1001,5.4415,6.8919999999999995,7.4493,24,0,0,0,0,0.0,23.0,0,BTGOXD2,mg/L,reported_gmt_minus_4_unconverted
2022-11-13,24,24,24,1.0,high,True,True,True,True,4.772333333333333,4.8265,0.897937717732993,3.158,6.176,3.6766,3.88625,5.50075,5.8847,24,0,0,0,0,0.0,23.0,0,BTGOXD2,mg/L,reported_gmt_minus_4_unconverted
2022-11-14,24,24,24,1.0,high,True,True,True,True,3.284708333333333,3.259,0.5465396663409327,2.488,4.354,2.5713,2.91575,3.57875,4.0686,24,0,0,0,0,0.0,23.0,0,BTGOXD2,mg/L,reported_gmt_minus_4_unconverted
2022-11-15,24,24,24,1.0,high,True,True,True,True,5.215583333333333,5.9335,1.268581985377054,2.746,6.435,3.2252,4.0135000000000005,6.124499999999999,6.2267,24,0,0,0,0,0.0,23.0,0,BTGOXD2,mg/L,reported_gmt_minus_4_unconverted
2022-11-16,24,24,24,1.0,high,True,True,True,True,5.912041666666667,6.015499999999999,0.44007118783478527,5.05,6.622,5.188,5.7177500000000006,6.18725,6.402200000000001,24,0,0,0,0,0.0,23.0,0,BTGOXD2,mg/L,reported_gmt_minus_4_unconverted
2022-11-17,24,24,24,1.0,high,True,True,True,True,5.758875,5.6205,0.7862649908711217,4.849,7.661,4.9689,5.0845,6.1107499999999995,6.9081,24,0,0,0,0,0.0,23.0,0,BTGOXD2,mg/L,reported_gmt_minus_4_unconverted
2022-11-18,24,24,24,1.0,high,True,True,True,True,5.3995,5.442,0.8139104747265299,3.746,6.546,4.3329,5.01025,6.085,6.5047999999999995,24,0,0,0,0,0.0,23.0,0,BTGOXD2,mg/L,reported_gmt_minus_4_unconverted
2022-11-19,24,24,24,1.0,high,True,True,True,True,4.639666666666667,4.346,0.9153563652274008,3.399,7.344,3.9836,4.0765,5.098750000000001,5.8401,24,0,0,0,0,0.0,23.0,0,BTGOXD2,mg/L,reported_gmt_minus_4_unconverted
2022-11-20,24,24,24,1.0,high,True,True,True,True,3.782666666666666,3.6945,0.8179389084589475,2.362,5.201,2.6963,3.1605,4.38225,4.9246,24,0,0,0,0,0.0,23.0,0,BTGOXD2,mg/L,reported_gmt_minus_4_unconverted
2022-11-21,24,24,24,1.0,high,True,True,True,True,4.112708333333333,3.9699999999999998,1.0608021361693467,2.251,6.139,2.8649,3.37525,5.15925,5.5409999999999995,24,0,0,0,0,0.0,23.0,0,BTGOXD2,mg/L,reported_gmt_minus_4_unconverted
2022-11-22,24,24,24,1.0,high,True,True,True,True,6.394208333333332,6.431,0.8076641025427787,4.729,7.613,5.4432,5.87525,6.89775,7.451300000000001,24,0,0,0,0,0.0,23.0,0,BTGOXD2,mg/L,reported_gmt_minus_4_unconverted
2022-11-23,24,24,24,1.0,high,True,True,True,True,5.843958333333333,5.874499999999999,0.8900591323378302,3.663,7.485,4.6864,5.57775,6.20025,6.861,24,0,0,0,0,0.0,23.0,0,BTGOXD2,mg/L,reported_gmt_minus_4_unconverted
2022-11-24,24,24,24,1.0,high,True,True,True,True,5.552166666666667,5.4375,1.4962494173233885,3.149,9.274,3.3827000000000003,4.87275,6.1555,7.264799999999999,24,0,0,0,0,0.0,23.0,0,BTGOXD2,mg/L,reported_gmt_minus_4_unconverted
2022-11-25,24,24,24,1.0,high,True,True,True,True,4.208083333333334,4.2155000000000005,1.232651222459899,2.087,7.521,2.9519,3.4130000000000003,4.943,5.5112,24,0,0,0,0,0.0,23.0,0,BTGOXD2,mg/L,reported_gmt_minus_4_unconverted
2022-11-26,24,24,24,1.0,high,True,True,True,True,4.7216249999999995,4.9145,1.0037188161813655,2.745,6.138,3.2295000000000003,4.13,5.5185,5.7863,24,0,0,0,0,0.0,23.0,0,BTGOXD2,mg/L,reported_gmt_minus_4_unconverted
2022-11-27,24,24,24,1.0,high,True,True,True,True,4.9155,4.452999999999999,1.5719286409293243,3.149,8.806,3.5324,3.6765,5.65325,6.7996,24,0,0,0,0,0.0,23.0,0,BTGOXD2,mg/L,reported_gmt_minus_4_unconverted
2022-11-28,24,24,24,1.0,high,True,True,True,True,4.638833333333333,4.008,1.8062506606989415,2.81,8.343,2.9704,3.16575,5.441,8.0177,24,0,0,0,0,0.0,23.0,0,BTGOXD2,mg/L,reported_gmt_minus_4_unconverted
2022-11-29,24,24,24,1.0,high,True,True,True,True,5.333541666666666,5.09,1.2481017927817137,3.78,8.355,4.1880999999999995,4.41,5.65175,7.3046999999999995,24,0,0,0,0,0.0,23.0,0,BTGOXD2,mg/L,reported_gmt_minus_4_unconverted
2022-11-30,24,24,24,1.0,high,True,True,True,True,4.820708333333333,4.441000000000001,1.8477675244130043,2.47,8.358,2.8954999999999997,3.32275,6.354,7.4872,24,0,0,0,0,0.0,23.0,0,BTGOXD2,mg/L,reported_gmt_minus_4_unconverted
2022-12-01,24,24,24,1.0,high,True,True,True,True,1.763708333333333,1.5594999999999999,1.2541088462284309,0.487,6.814,0.7602,1.1159999999999999,1.98975,2.4049,24,0,0,0,0,0.0,23.0,0,BTGOXD2,mg/L,reported_gmt_minus_4_unconverted
2022-12-02,24,24,24,1.0,high,True,True,True,True,2.1540833333333333,1.909,0.8034062222630681,0.998,3.981,1.3408,1.5895000000000001,2.77825,3.3068999999999997,24,0,0,0,0,0.0,23.0,0,BTGOXD2,mg/L,reported_gmt_minus_4_unconverted
2022-12-03,24,24,24,1.0,high,True,True,True,True,3.397458333333333,3.5164999999999997,1.186791801790483,0.864,5.903,1.8667,2.73375,4.02275,4.9735,24,0,0,0,0,0.0,23.0,0,BTGOXD2,mg/L,reported_gmt_minus_4_unconverted
2022-12-04,24,24,24,1.0,high,True,True,True,True,5.424708333333332,5.304,0.9401284130218673,4.036,7.272,4.3419,4.69425,5.9065,6.853999999999999,24,0,0,0,0,0.0,23.0,0,BTGOXD2,mg/L,reported_gmt_minus_4_unconverted
2022-12-05,24,24,24,1.0,high,True,True,True,True,6.408833333333334,6.388999999999999,0.5075144604208158,5.351,7.204,5.8842,6.1895,6.750249999999999,7.057799999999999,24,0,0,0,0,0.0,23.0,0,BTGOXD2,mg/L,reported_gmt_minus_4_unconverted
2022-12-06,24,24,24,1.0,high,True,True,True,True,6.963666666666666,7.0675,0.9444935917874383,5.374,8.147,5.8808,6.07925,7.8485,7.9816,24,0,0,0,0,0.0,23.0,0,BTGOXD2,mg/L,reported_gmt_minus_4_unconverted
2022-12-07,24,24,24,1.0,high,True,True,True,True,7.346875,7.491,0.6307547109889727,6.022,8.59,6.5376,6.97725,7.6795,8.0186,24,0,0,0,0,0.0,23.0,0,BTGOXD2,mg/L,reported_gmt_minus_4_unconverted
2022-12-08,24,24,24,1.0,high,True,True,True,True,6.780416666666667,6.843999999999999,0.915917972246455,4.892,8.219,5.482200000000001,6.2997499999999995,7.2415,7.9074,24,0,0,0,0,0.0,23.0,0,BTGOXD2,mg/L,reported_gmt_minus_4_unconverted
2022-12-09,24,24,24,1.0,high,True,True,True,True,5.854208333333332,6.0325,1.1934666706031551,3.377,8.171,4.394,4.9445,6.60975,7.2976,24,0,0,0,0,0.0,23.0,0,BTGOXD2,mg/L,reported_gmt_minus_4_unconverted
2022-12-10,24,24,24,1.0,high,True,True,True,True,6.254124999999999,6.2365,0.9941223488913311,4.05,7.647,5.2776000000000005,5.345750000000001,7.20275,7.5348,24,0,0,0,0,0.0,23.0,0,BTGOXD2,mg/L,reported_gmt_minus_4_unconverted
2022-12-11,24,24,24,1.0,high,True,True,True,True,8.8395,9.0395,0.44834546074864307,7.767,9.351,8.252500000000001,8.50825,9.132249999999999,9.2295,24,0,0,0,0,0.0,23.0,0,BTGOXD2,mg/L,reported_gmt_minus_4_unconverted
2022-12-12,24,24,24,1.0,high,True,True,True,True,9.019375,8.9335,0.5162433545208658,8.326,10.19,8.4589,8.734,9.190249999999999,9.871799999999999,24,0,0,0,0,0.0,23.0,0,BTGOXD2,mg/L,reported_gmt_minus_4_unconverted
2022-12-13,24,24,24,1.0,high,True,True,True,True,9.328833333333334,9.475999999999999,0.6357082778230543,7.91,10.021,8.4693,8.90975,9.90275,9.9734,24,0,0,0,0,0.0,23.0,0,BTGOXD2,mg/L,reported_gmt_minus_4_unconverted
2022-12-14,24,24,24,1.0,high,True,True,True,True,8.872291666666667,8.858,0.6963972179330755,7.082,9.767,8.0726,8.5175,9.557500000000001,9.642399999999999,24,0,0,0,0,0.0,23.0,0,BTGOXD2,mg/L,reported_gmt_minus_4_unconverted
2022-12-15,24,24,24,1.0,high,True,True,True,True,7.988333333333334,8.256499999999999,0.6358062780347532,6.787,8.782,6.9896,7.56475,8.48625,8.5471,24,0,0,0,0,0.0,23.0,0,BTGOXD2,mg/L,reported_gmt_minus_4_unconverted
2022-12-16,24,24,24,1.0,high,True,True,True,True,7.628208333333333,7.681,0.269133388484412,7.0,7.936,7.1466,7.58925,7.7989999999999995,7.891500000000001,24,0,0,0,0,0.0,23.0,0,BTGOXD2,mg/L,reported_gmt_minus_4_unconverted
2022-12-17,24,24,24,1.0,high,True,True,True,True,7.484541666666666,7.691,0.5650540550645818,6.513,8.261,6.740200000000001,6.9495000000000005,7.983750000000001,8.0942,24,0,0,0,0,0.0,23.0,0,BTGOXD2,mg/L,reported_gmt_minus_4_unconverted
2022-12-18,24,24,24,1.0,high,True,True,True,True,7.131625,7.1135,0.3397519315618381,6.304,7.747,6.8017,6.9775,7.32425,7.5702,24,0,0,0,0,0.0,23.0,0,BTGOXD2,mg/L,reported_gmt_minus_4_unconverted
2022-12-19,24,24,22,0.916667,high,True,True,True,True,5.570227272727274,4.3919999999999995,1.469011975438827,3.527,7.613,4.3131,4.3475,6.99475,7.3774,22,2,0,0,0,0.0,23.0,1,BTGOXD2,mg/L,reported_gmt_minus_4_unconverted
2022-12-20,24,24,22,0.916667,high,True,True,True,True,4.321681818181818,4.3185,0.048739723081492894,4.2,4.405,4.2611,4.2995,4.341749999999999,4.3935,22,2,0,0,0,0.0,23.0,1,BTGOXD2,mg/L,reported_gmt_minus_4_unconverted
2022-12-21,24,24,6,0.25,weak,False,False,False,False,4.382166666666667,4.405,0.19212851601640688,4.026,4.607,4.208,4.39375,4.44625,4.5335,6,18,0,0,0,0.0,11.0,12,BTGOXD2,mg/L,reported_gmt_minus_4_unconverted
2022-12-22,24,24,24,1.0,high,True,True,True,True,6.392500000000001,6.5945,1.7806745912715214,3.295,9.363,3.9117,5.42375,7.89325,8.455,24,0,0,0,0,0.0,23.0,0,BTGOXD2,mg/L,reported_gmt_minus_4_unconverted
2022-12-23,24,24,24,1.0,high,True,True,True,True,3.901666666666667,4.164,0.6662606009706692,2.704,4.973,3.0507,3.18025,4.41775,4.5551,24,0,0,0,0,0.0,23.0,0,BTGOXD2,mg/L,reported_gmt_minus_4_unconverted
2022-12-24,24,24,24,1.0,high,True,True,True,True,3.242416666666667,3.214,0.4786646204187016,2.541,4.319,2.7019,2.82725,3.564,3.7282,24,0,0,0,0,0.0,23.0,0,BTGOXD2,mg/L,reported_gmt_minus_4_unconverted
2022-12-25,24,24,24,1.0,high,True,True,True,True,4.486791666666666,3.8815,1.005795423021508,3.519,6.445,3.6792,3.7415,5.2982499999999995,6.0905,24,0,0,0,0,0.0,23.0,0,BTGOXD2,mg/L,reported_gmt_minus_4_unconverted
2022-12-26,24,24,24,1.0,high,True,True,True,True,5.565458333333333,5.755,1.0177694698902005,3.451,7.072,4.4611,4.72775,6.1465,6.9174,24,0,0,0,0,0.0,23.0,0,BTGOXD2,mg/L,reported_gmt_minus_4_unconverted
2022-12-27,24,24,24,1.0,high,True,True,True,True,5.083291666666667,4.259,1.8903245978257088,3.14,10.451,3.5116,3.7765,5.92125,7.5851999999999995,24,0,0,0,0,0.0,23.0,0,BTGOXD2,mg/L,reported_gmt_minus_4_unconverted
2022-12-28,24,24,24,1.0,high,True,True,True,True,4.776833333333333,4.709,1.5051049556546652,2.639,7.853,2.8533000000000004,3.63,5.5625,6.713899999999999,24,0,0,0,0,0.0,23.0,0,BTGOXD2,mg/L,reported_gmt_minus_4_unconverted
2022-12-29,24,24,24,1.0,high,True,True,True,True,7.261416666666666,7.128,1.2390436324796663,5.18,9.679,5.9805,6.2955000000000005,7.9995,9.1936,24,0,0,0,0,0.0,23.0,0,BTGOXD2,mg/L,reported_gmt_minus_4_unconverted
2022-12-30,24,24,24,1.0,high,True,True,True,True,7.528333333333333,7.518,1.9947352590314305,3.901,10.343,4.2512,6.7615,9.152,9.9097,24,0,0,0,0,0.0,23.0,0,BTGOXD2,mg/L,reported_gmt_minus_4_unconverted
2022-12-31,24,24,24,1.0,high,True,True,True,True,5.931541666666665,6.103,1.6022724346097155,3.32,8.742,3.7206,4.6855,6.8815,8.0554,24,0,0,0,0,0.0,23.0,0,BTGOXD2,mg/L,reported_gmt_minus_4_unconverted
2023-01-01,24,24,24,1.0,high,True,True,True,True,4.57325,4.396,1.7027024364099916,2.101,7.506,2.4751000000000003,3.02725,6.01125,6.665699999999999,24,0,0,0,0,0.0,23.0,0,BTGOXD2,mg/L,reported_gmt_minus_4_unconverted
2023-01-02,24,24,24,1.0,high,True,True,True,True,3.15475,2.9875,0.822501711376573,2.168,5.275,2.3318,2.56975,3.7235,4.1533,24,0,0,0,0,0.0,23.0,0,BTGOXD2,mg/L,reported_gmt_minus_4_unconverted
2023-01-03,24,24,24,1.0,high,True,True,True,True,2.783958333333333,2.7409999999999997,0.6562195734837452,1.689,3.781,1.7910000000000001,2.315,3.2835,3.5948,24,0,0,0,0,0.0,23.0,0,BTGOXD2,mg/L,reported_gmt_minus_4_unconverted
2023-01-04,24,24,24,1.0,high,True,True,True,True,7.694125,8.404499999999999,2.0896409159491247,3.554,10.382,3.7199999999999998,8.082999999999998,8.76025,9.341899999999999,24,0,0,0,0,0.0,23.0,0,BTGOXD2,mg/L,reported_gmt_minus_4_unconverted
2023-01-05,24,24,24,1.0,high,True,True,True,True,9.166333333333334,9.220500000000001,0.5311566269179373,8.327,10.034,8.5105,8.76125,9.60825,9.8603,24,0,0,0,0,0.0,23.0,0,BTGOXD2,mg/L,reported_gmt_minus_4_unconverted
2023-01-06,24,24,24,1.0,high,True,True,True,True,8.036458333333334,8.2485,0.7341493142268202,6.335,9.129,7.2409,7.498,8.680250000000001,8.7727,24,0,0,0,0,0.0,23.0,0,BTGOXD2,mg/L,reported_gmt_minus_4_unconverted
2023-01-07,24,24,24,1.0,high,True,True,True,True,6.44275,6.436,0.8039093205406775,4.737,7.473,5.503299999999999,5.80625,7.187749999999999,7.3618,24,0,0,0,0,0.0,23.0,0,BTGOXD2,mg/L,reported_gmt_minus_4_unconverted
2023-01-08,24,24,24,1.0,high,True,True,True,True,5.548750000000001,5.564500000000001,0.6415565480515543,4.225,6.408,4.857600000000001,5.06675,6.0745,6.3326,24,0,0,0,0,0.0,23.0,0,BTGOXD2,mg/L,reported_gmt_minus_4_unconverted
2023-01-09,24,24,24,1.0,high,True,True,True,True,4.754458333333333,4.859999999999999,0.7543363901421921,2.882,6.879,3.8596,4.3847499999999995,5.1259999999999994,5.3005,24,0,0,0,0,0.0,23.0,0,BTGOXD2,mg/L,reported_gmt_minus_4_unconverted
2023-01-10,24,24,24,1.0,high,True,True,True,True,4.807291666666667,4.784,0.6133473006640562,3.863,6.502,4.0268,4.432,5.07,5.4674,24,0,0,0,0,0.0,23.0,0,BTGOXD2,mg/L,reported_gmt_minus_4_unconverted
2023-01-11,24,24,24,1.0,high,True,True,True,True,4.8719166666666665,4.688000000000001,0.5982677106640374,3.846,6.281,4.302,4.4965,5.25925,5.6192,24,0,0,0,0,0.0,23.0,0,BTGOXD2,mg/L,reported_gmt_minus_4_unconverted
2023-01-12,24,24,24,1.0,high,True,True,True,True,6.759125,6.713,1.4908018068052886,4.562,10.064,4.7108,5.80025,7.8925,8.4995,24,0,0,0,0,0.0,23.0,0,BTGOXD2,mg/L,reported_gmt_minus_4_unconverted
2023-01-13,24,24,24,1.0,high,True,True,True,True,7.690291666666666,7.407,1.307877386859323,5.789,10.021,6.1002,6.6535,8.594,9.6146,24,0,0,0,0,0.0,23.0,0,BTGOXD2,mg/L,reported_gmt_minus_4_unconverted
2023-01-14,24,24,24,1.0,high,True,True,True,True,5.9708749999999995,5.6675,1.022885531123893,4.322,7.522,4.8002,5.043,7.004,7.1859,24,0,0,0,0,0.0,23.0,0,BTGOXD2,mg/L,reported_gmt_minus_4_unconverted
2023-01-15,24,24,24,1.0,high,True,True,True,True,5.2400416666666665,5.0504999999999995,0.9714387572348402,4.025,7.553,4.144,4.412,5.93875,6.4228,24,0,0,0,0,0.0,23.0,0,BTGOXD2,mg/L,reported_gmt_minus_4_unconverted
2023-01-16,24,24,24,1.0,high,True,True,True,True,6.478583333333333,6.327500000000001,0.6984149082443551,4.99,7.57,5.599,6.062749999999999,7.0912500000000005,7.2728,24,0,0,0,0,0.0,23.0,0,BTGOXD2,mg/L,reported_gmt_minus_4_unconverted
2023-01-17,24,24,24,1.0,high,True,True,True,True,6.717,6.398,1.1149933515106911,5.495,8.816,5.5636,5.74525,7.427,8.3697,24,0,0,0,0,0.0,23.0,0,BTGOXD2,mg/L,reported_gmt_minus_4_unconverted
2023-01-18,24,24,24,1.0,high,True,True,True,True,6.395958333333333,6.138,1.1321069038154774,4.326,8.835,5.027,5.69325,7.1205,7.6627,24,0,0,0,0,0.0,23.0,0,BTGOXD2,mg/L,reported_gmt_minus_4_unconverted
2023-01-19,24,24,24,1.0,high,True,True,True,True,5.744875,5.9125,0.8932196921688755,4.171,7.226,4.4424,5.04375,6.46925,6.705,24,0,0,0,0,0.0,23.0,0,BTGOXD2,mg/L,reported_gmt_minus_4_unconverted
2023-01-20,24,24,24,1.0,high,True,True,True,True,5.09475,5.006,0.7653091020882545,3.751,7.609,4.4146,4.67175,5.521000000000001,5.7801,24,0,0,0,0,0.0,23.0,0,BTGOXD2,mg/L,reported_gmt_minus_4_unconverted
2023-01-21,24,24,24,1.0,high,True,True,True,True,4.797750000000001,4.781000000000001,0.3658844258006594,4.172,5.439,4.3073,4.56175,5.058999999999999,5.288499999999999,24,0,0,0,0,0.0,23.0,0,BTGOXD2,mg/L,reported_gmt_minus_4_unconverted
2023-01-22,24,24,24,1.0,high,True,True,True,True,5.119375000000001,5.077500000000001,0.5088298436438341,4.09,6.354,4.5123,4.86575,5.3585,5.781899999999999,24,0,0,0,0,0.0,23.0,0,BTGOXD2,mg/L,reported_gmt_minus_4_unconverted
2023-01-23,24,24,24,1.0,high,True,True,True,True,7.135916666666667,7.194,1.0617239843012778,5.27,8.661,5.736,6.08075,7.92625,8.5662,24,0,0,0,0,0.0,23.0,0,BTGOXD2,mg/L,reported_gmt_minus_4_unconverted
2023-01-24,24,24,24,1.0,high,True,True,True,True,6.461666666666666,6.698,0.9318433189192767,5.0,7.896,5.1696,5.6049999999999995,7.27525,7.6114,24,0,0,0,0,0.0,23.0,0,BTGOXD2,mg/L,reported_gmt_minus_4_unconverted
2023-01-25,24,24,24,1.0,high,True,True,True,True,6.422999999999999,6.093500000000001,1.353633724782877,4.769,9.157,4.9919,5.26225,7.28475,8.4019,24,0,0,0,0,0.0,23.0,0,BTGOXD2,mg/L,reported_gmt_minus_4_unconverted
2023-01-26,24,24,24,1.0,high,True,True,True,True,5.746833333333332,5.8105,1.214116413968062,3.945,8.206,4.1104,5.0165,6.46225,7.2589999999999995,24,0,0,0,0,0.0,23.0,0,BTGOXD2,mg/L,reported_gmt_minus_4_unconverted
2023-01-27,24,24,24,1.0,high,True,True,True,True,6.40625,6.367,1.0305075258675045,4.854,8.224,5.0069,5.750500000000001,7.284750000000001,7.6937,24,0,0,0,0,0.0,23.0,0,BTGOXD2,mg/L,reported_gmt_minus_4_unconverted
2023-01-28,24,24,24,1.0,high,True,True,True,True,6.915291666666666,7.258,1.2167428179960331,4.764,8.89,5.2921000000000005,5.774,7.80025,8.209299999999999,24,0,0,0,0,0.0,23.0,0,BTGOXD2,mg/L,reported_gmt_minus_4_unconverted
2023-01-29,24,24,24,1.0,high,True,True,True,True,7.461500000000001,7.5825,0.4677968715623034,6.444,8.171,6.7475,7.14525,7.8454999999999995,7.9067,24,0,0,0,0,0.0,23.0,0,BTGOXD2,mg/L,reported_gmt_minus_4_unconverted
2023-01-30,24,24,24,1.0,high,True,True,True,True,7.990583333333333,8.1025,0.5598442265228913,7.181,8.855,7.333,7.44275,8.450000000000001,8.645,24,0,0,0,0,0.0,23.0,0,BTGOXD2,mg/L,reported_gmt_minus_4_unconverted
2023-01-31,24,24,24,1.0,high,True,True,True,True,8.487333333333334,8.512,0.8353941879588118,7.069,9.9,7.3461,7.7935,9.33025,9.4276,24,0,0,0,0,0.0,23.0,0,BTGOXD2,mg/L,reported_gmt_minus_4_unconverted
2023-02-01,24,24,24,1.0,high,True,True,True,True,8.43675,8.348500000000001,1.3011698498892716,5.725,10.36,6.7933,7.51675,9.626000000000001,10.1378,24,0,0,0,0,0.0,23.0,0,BTGOXD2,mg/L,reported_gmt_minus_4_unconverted
2023-02-02,24,24,24,1.0,high,True,True,True,True,7.2842916666666655,7.077999999999999,0.950757385921381,5.562,9.122,6.135,6.65625,7.9065,8.5361,24,0,0,0,0,0.0,23.0,0,BTGOXD2,mg/L,reported_gmt_minus_4_unconverted
2023-02-03,24,24,24,1.0,high,True,True,True,True,7.822541666666666,8.2665,1.5059563184139886,4.761,10.728,5.7843,6.454000000000001,8.79325,9.302800000000001,24,0,0,0,0,0.0,23.0,0,BTGOXD2,mg/L,reported_gmt_minus_4_unconverted
2023-02-04,24,24,24,1.0,high,True,True,True,True,9.538166666666667,9.7955,0.9995606716112254,7.184,11.006,8.2924,8.84525,10.179,10.598700000000001,24,0,0,0,0,0.0,23.0,0,BTGOXD2,mg/L,reported_gmt_minus_4_unconverted
2023-02-05,24,24,24,1.0,high,True,True,True,True,8.295708333333334,8.182500000000001,1.521014091898436,5.577,10.444,6.6903999999999995,6.9830000000000005,9.671,10.2907,24,0,0,0,0,0.0,23.0,0,BTGOXD2,mg/L,reported_gmt_minus_4_unconverted
2023-02-06,24,24,24,1.0,high,True,True,True,True,7.061333333333334,6.8265,1.05134595583023,5.687,8.96,5.9834,6.18675,7.7459999999999996,8.8124,24,0,0,0,0,0.0,23.0,0,BTGOXD2,mg/L,reported_gmt_minus_4_unconverted
2023-02-07,24,24,24,1.0,high,True,True,True,True,9.580875,9.8335,1.0700057826946543,7.797,11.109,8.0198,8.79525,10.587,10.7285,24,0,0,0,0,0.0,23.0,0,BTGOXD2,mg/L,reported_gmt_minus_4_unconverted
2023-02-08,24,24,24,1.0,high,True,True,True,True,9.299666666666667,9.322,0.9231148436098043,7.538,10.427,7.919,8.78625,10.19625,10.301,24,0,0,0,0,0.0,23.0,0,BTGOXD2,mg/L,reported_gmt_minus_4_unconverted
2023-02-09,24,24,24,1.0,high,True,True,True,True,8.32775,8.781500000000001,0.945811326437462,6.563,9.649,7.0391,7.4525,9.1065,9.2132,24,0,0,0,0,0.0,23.0,0,BTGOXD2,mg/L,reported_gmt_minus_4_unconverted
2023-02-10,24,24,24,1.0,high,True,True,True,True,8.161583333333335,8.2195,0.5240335963895135,7.133,9.038,7.4783,7.88625,8.588000000000001,8.7707,24,0,0,0,0,0.0,23.0,0,BTGOXD2,mg/L,reported_gmt_minus_4_unconverted
2023-02-11,24,24,24,1.0,high,True,True,True,True,8.136208333333332,8.128,0.7704838106905505,6.813,9.21,6.9065,7.64975,8.71575,9.025,24,0,0,0,0,0.0,23.0,0,BTGOXD2,mg/L,reported_gmt_minus_4_unconverted
2023-02-12,24,24,24,1.0,high,True,True,True,True,8.231333333333334,8.785499999999999,0.8617022923142947,6.594,9.047,7.0031,7.47825,8.958,9.0,24,0,0,0,0,0.0,23.0,0,BTGOXD2,mg/L,reported_gmt_minus_4_unconverted
2023-02-13,24,24,24,1.0,high,True,True,True,True,7.371458333333334,7.529999999999999,0.7348708836113389,6.234,8.751,6.4585,6.6445,7.876,8.2556,24,0,0,0,0,0.0,23.0,0,BTGOXD2,mg/L,reported_gmt_minus_4_unconverted
2023-02-14,24,24,24,1.0,high,True,True,True,True,7.5921666666666665,7.6055,0.676671178681323,6.48,8.986,6.640300000000001,7.166,8.041500000000001,8.451699999999999,24,0,0,0,0,0.0,23.0,0,BTGOXD2,mg/L,reported_gmt_minus_4_unconverted
2023-02-15,24,24,24,1.0,high,True,True,True,True,8.314291666666668,8.8255,1.3115935040733986,6.229,9.855,6.4291,7.1165,9.46825,9.6878,24,0,0,0,0,0.0,23.0,0,BTGOXD2,mg/L,reported_gmt_minus_4_unconverted
2023-02-16,24,24,24,1.0,high,True,True,True,True,9.701208333333334,9.741,0.29925908204832424,9.227,10.253,9.2939,9.456999999999999,9.8545,10.075899999999999,24,0,0,0,0,0.0,23.0,0,BTGOXD2,mg/L,reported_gmt_minus_4_unconverted
2023-02-17,24,24,24,1.0,high,True,True,True,True,9.729208333333334,9.776,0.5555771757266545,8.171,10.395,9.045300000000001,9.436,10.219249999999999,10.3765,24,0,0,0,0,0.0,23.0,0,BTGOXD2,mg/L,reported_gmt_minus_4_unconverted
2023-02-18,24,24,24,1.0,high,True,True,True,True,9.667250000000001,9.724,0.9700365860424387,7.575,11.182,8.5028,9.046,10.29525,10.9353,24,0,0,0,0,0.0,23.0,0,BTGOXD2,mg/L,reported_gmt_minus_4_unconverted
2023-02-19,24,24,24,1.0,high,True,True,True,True,7.640374999999999,7.7844999999999995,1.436190607808212,5.202,10.546,5.5684000000000005,6.92,8.445,9.4884,24,0,0,0,0,0.0,23.0,0,BTGOXD2,mg/L,reported_gmt_minus_4_unconverted
2023-02-20,24,24,24,1.0,high,True,True,True,True,9.512291666666668,9.9085,1.2206161836357992,7.267,11.445,7.8145,8.507,10.244,10.934,24,0,0,0,0,0.0,23.0,0,BTGOXD2,mg/L,reported_gmt_minus_4_unconverted
2023-02-21,24,24,24,1.0,high,True,True,True,True,10.1315,10.215,0.6741767282171383,8.791,11.216,9.108400000000001,9.744,10.548,10.9518,24,0,0,0,0,0.0,23.0,0,BTGOXD2,mg/L,reported_gmt_minus_4_unconverted
2023-02-22,24,24,24,1.0,high,True,True,True,True,8.924916666666666,8.9235,0.5114236665101319,7.668,9.765,8.1799,8.7085,9.317,9.386,24,0,0,0,0,0.0,23.0,0,BTGOXD2,mg/L,reported_gmt_minus_4_unconverted
2023-02-23,24,24,13,0.541667,partial,True,False,False,False,9.93846153846154,10.008,0.7678280640204784,8.314,11.227,9.2636,9.591,10.216,10.9838,13,11,0,0,0,0.0,23.0,11,BTGOXD2,mg/L,reported_gmt_minus_4_unconverted
2023-02-24,24,24,24,1.0,high,True,True,True,True,8.619916666666667,8.55,0.6037329467690932,7.423,9.926,7.9341,8.258,9.05975,9.2382,24,0,0,0,0,0.0,23.0,0,BTGOXD2,mg/L,reported_gmt_minus_4_unconverted
2023-02-25,24,24,24,1.0,high,True,True,True,True,8.852125000000001,8.916,0.811941597412459,7.037,10.363,7.9456,8.14575,9.447750000000001,9.6645,24,0,0,0,0,0.0,23.0,0,BTGOXD2,mg/L,reported_gmt_minus_4_unconverted
2023-02-26,24,24,24,1.0,high,True,True,True,True,8.586,8.578,0.31086471264075227,8.007,9.102,8.2291,8.3895,8.869,8.9688,24,0,0,0,0,0.0,23.0,0,BTGOXD2,mg/L,reported_gmt_minus_4_unconverted
2023-02-27,24,24,24,1.0,high,True,True,True,True,8.436083333333334,8.518,0.42309572528403466,7.53,9.114,7.8273,8.145999999999999,8.78875,8.8916,24,0,0,0,0,0.0,23.0,0,BTGOXD2,mg/L,reported_gmt_minus_4_unconverted
2023-02-28,24,24,24,1.0,high,True,True,True,True,7.835625,8.0705,0.9345162344182707,5.772,9.093,6.3975,7.47475,8.533249999999999,8.6972,24,0,0,0,0,0.0,23.0,0,BTGOXD2,mg/L,reported_gmt_minus_4_unconverted
2023-03-01,24,24,24,1.0,high,True,True,True,True,6.259916666666666,6.146,1.0171619048016447,4.671,9.161,5.2446,5.670249999999999,6.6845,7.108,24,0,0,0,0,0.0,23.0,0,BTGOXD2,mg/L,reported_gmt_minus_4_unconverted
2023-03-02,24,24,24,1.0,high,True,True,True,True,6.692291666666667,6.616,0.7929669371454254,5.062,7.896,5.7174,6.1205,7.348000000000001,7.7276,24,0,0,0,0,0.0,23.0,0,BTGOXD2,mg/L,reported_gmt_minus_4_unconverted
2023-03-03,24,24,24,1.0,high,True,True,True,True,8.709958333333335,8.838999999999999,0.7768802984941799,7.446,9.869,7.6008,8.0555,9.31625,9.728200000000001,24,0,0,0,0,0.0,23.0,0,BTGOXD2,mg/L,reported_gmt_minus_4_unconverted
2023-03-04,24,24,24,1.0,high,True,True,True,True,9.147375,9.306000000000001,1.0471491240713895,6.505,10.632,8.052800000000001,8.60275,9.95,10.3802,24,0,0,0,0,0.0,23.0,0,BTGOXD2,mg/L,reported_gmt_minus_4_unconverted
2023-03-05,24,24,24,1.0,high,True,True,True,True,9.476041666666665,9.4885,0.786883864099214,8.148,10.46,8.3675,8.885,10.22925,10.4341,24,0,0,0,0,0.0,23.0,0,BTGOXD2,mg/L,reported_gmt_minus_4_unconverted
2023-03-06,24,24,24,1.0,high,True,True,True,True,8.366999999999999,8.343,0.45226473586202565,7.462,9.388,7.785,8.16175,8.5685,8.8819,24,0,0,0,0,0.0,23.0,0,BTGOXD2,mg/L,reported_gmt_minus_4_unconverted
2023-03-07,24,24,24,1.0,high,True,True,True,True,8.03375,8.23,0.6631965575250247,5.788,8.791,7.2633,7.93025,8.4155,8.5785,24,0,0,0,0,0.0,23.0,0,BTGOXD2,mg/L,reported_gmt_minus_4_unconverted
2023-03-08,24,24,24,1.0,high,True,True,True,True,7.247583333333334,7.2145,0.7716702335035105,5.668,8.376,6.1967,6.77425,7.9704999999999995,8.1748,24,0,0,0,0,0.0,23.0,0,BTGOXD2,mg/L,reported_gmt_minus_4_unconverted
2023-03-09,24,24,24,1.0,high,True,True,True,True,7.444166666666667,7.461,0.6947158735249513,6.055,8.502,6.6979,6.88025,8.00525,8.361099999999999,24,0,0,0,0,0.0,23.0,0,BTGOXD2,mg/L,reported_gmt_minus_4_unconverted
2023-03-10,24,24,24,1.0,high,True,True,True,True,8.624833333333333,8.6965,0.5391813977782848,7.378,9.268,8.0002,8.27975,9.09825,9.2322,24,0,0,0,0,0.0,23.0,0,BTGOXD2,mg/L,reported_gmt_minus_4_unconverted
2023-03-11,24,24,24,1.0,high,True,True,True,True,8.941416666666667,9.038499999999999,0.41246796098676514,7.296,9.581,8.572299999999998,8.968,9.10475,9.1405,24,0,0,0,0,0.0,23.0,0,BTGOXD2,mg/L,reported_gmt_minus_4_unconverted
2023-03-12,24,24,24,1.0,high,True,True,True,True,7.767,7.7915,0.5636401874153094,6.468,9.039,7.0678,7.417,8.12075,8.3644,24,0,0,0,0,0.0,23.0,0,BTGOXD2,mg/L,reported_gmt_minus_4_unconverted
2023-03-13,24,24,24,1.0,high,True,True,True,True,7.0915,6.9445,0.5641277222017383,6.178,8.311,6.5207,6.755000000000001,7.38725,7.910299999999999,24,0,0,0,0,0.0,23.0,0,BTGOXD2,mg/L,reported_gmt_minus_4_unconverted
2023-03-14,24,24,24,1.0,high,True,True,True,True,7.065375,6.946,0.6551155100604312,5.913,8.644,6.453600000000001,6.6295,7.35,7.9039,24,0,0,0,0,0.0,23.0,0,BTGOXD2,mg/L,reported_gmt_minus_4_unconverted
2023-03-15,24,24,24,1.0,high,True,True,True,True,7.3522083333333335,7.3065,0.7528579737395285,6.065,8.523,6.4095,6.69825,7.92175,8.3932,24,0,0,0,0,0.0,23.0,0,BTGOXD2,mg/L,reported_gmt_minus_4_unconverted
2023-03-16,24,24,24,1.0,high,True,True,True,True,7.260916666666667,7.3255,0.891807101225989,5.259,8.868,6.2033000000000005,6.682,7.89025,8.3217,24,0,0,0,0,0.0,23.0,0,BTGOXD2,mg/L,reported_gmt_minus_4_unconverted
2023-03-17,24,24,24,1.0,high,True,True,True,True,6.895916666666667,7.024,0.39376520444534474,6.08,7.494,6.3015,6.68625,7.187749999999999,7.303100000000001,24,0,0,0,0,0.0,23.0,0,BTGOXD2,mg/L,reported_gmt_minus_4_unconverted
2023-03-18,24,24,24,1.0,high,True,True,True,True,6.3265,6.3375,0.3788805019826286,5.532,7.169,5.850899999999999,6.0969999999999995,6.6145,6.6993,24,0,0,0,0,0.0,23.0,0,BTGOXD2,mg/L,reported_gmt_minus_4_unconverted
2023-03-19,24,24,24,1.0,high,True,True,True,True,6.125375000000001,6.093,0.7170365834157431,5.212,7.444,5.3352,5.422,6.6645,7.0625,24,0,0,0,0,0.0,23.0,0,BTGOXD2,mg/L,reported_gmt_minus_4_unconverted
2023-03-20,24,24,24,1.0,high,True,True,True,True,7.8105416666666665,8.0515,1.0801456817673158,6.107,9.587,6.559699999999999,6.894,8.64775,9.036200000000001,24,0,0,0,0,0.0,23.0,0,BTGOXD2,mg/L,reported_gmt_minus_4_unconverted
2023-03-21,24,24,24,1.0,high,True,True,True,True,9.723958333333334,9.768,0.6608902085472469,8.103,10.718,8.848099999999999,9.41425,10.0155,10.6513,24,0,0,0,0,0.0,23.0,0,BTGOXD2,mg/L,reported_gmt_minus_4_unconverted
2023-03-22,24,24,24,1.0,high,True,True,True,True,10.032208333333331,10.209,1.1747608444558693,7.427,11.681,8.5328,9.422749999999999,10.98075,11.4571,24,0,0,0,0,0.0,23.0,0,BTGOXD2,mg/L,reported_gmt_minus_4_unconverted
2023-03-23,24,24,24,1.0,high,True,True,True,True,9.325625,9.321000000000002,1.0943584109064723,6.917,11.346,8.0983,8.71625,10.06925,10.5634,24,0,0,0,0,0.0,23.0,0,BTGOXD2,mg/L,reported_gmt_minus_4_unconverted
2023-03-24,24,24,24,1.0,high,True,True,True,True,9.622041666666666,9.6,0.9231448837800464,7.805,11.301,8.352599999999999,8.902999999999999,10.3705,10.6067,24,0,0,0,0,0.0,23.0,0,BTGOXD2,mg/L,reported_gmt_minus_4_unconverted
2023-03-25,24,24,24,1.0,high,True,True,True,True,9.293750000000001,9.322,0.7424590312222475,6.843,10.605,8.749,9.0255,9.7535,10.0698,24,0,0,0,0,0.0,23.0,0,BTGOXD2,mg/L,reported_gmt_minus_4_unconverted
2023-03-26,24,24,24,1.0,high,True,True,True,True,7.808541666666668,7.7135,1.2408211859811673,4.912,10.573,6.6208,7.05025,8.2845,9.4308,24,0,0,0,0,0.0,23.0,0,BTGOXD2,mg/L,reported_gmt_minus_4_unconverted
2023-03-27,24,24,24,1.0,high,True,True,True,True,8.019583333333333,8.2605,1.0977323629098805,5.972,9.921,6.373600000000001,7.2822499999999994,8.82325,9.3277,24,0,0,0,0,0.0,23.0,0,BTGOXD2,mg/L,reported_gmt_minus_4_unconverted
2023-03-28,24,24,24,1.0,high,True,True,True,True,7.965708333333333,7.7945,0.8796642877018317,6.65,9.779,6.9323,7.353,8.5635,9.0864,24,0,0,0,0,0.0,23.0,0,BTGOXD2,mg/L,reported_gmt_minus_4_unconverted
2023-03-29,24,24,24,1.0,high,True,True,True,True,7.463208333333333,7.3355,0.6882009299089447,6.52,9.686,6.9263,7.1345,7.497249999999999,8.1068,24,0,0,0,0,0.0,23.0,0,BTGOXD2,mg/L,reported_gmt_minus_4_unconverted
2023-03-30,24,24,24,1.0,high,True,True,True,True,8.067166666666667,8.202,0.6554759085326222,6.373,9.183,7.5386,7.8302499999999995,8.434,8.4855,24,0,0,0,0,0.0,23.0,0,BTGOXD2,mg/L,reported_gmt_minus_4_unconverted
2023-03-31,24,24,24,1.0,high,True,True,True,True,7.797999999999999,8.0075,0.5713350498004081,6.065,8.304,6.9911,7.8092500000000005,8.15075,8.188600000000001,24,0,0,0,0,0.0,23.0,0,BTGOXD2,mg/L,reported_gmt_minus_4_unconverted
2023-04-01,24,24,24,1.0,high,True,True,True,True,7.804833333333335,7.8435,0.28055669297133956,7.239,8.146,7.4023,7.6685,8.0615,8.1174,24,0,0,0,0,0.0,23.0,0,BTGOXD2,mg/L,reported_gmt_minus_4_unconverted
2023-04-02,24,24,24,1.0,high,True,True,True,True,7.862375,7.878,0.27644746532923126,7.297,8.213,7.3614,7.7805,8.06575,8.1362,24,0,0,0,0,0.0,23.0,0,BTGOXD2,mg/L,reported_gmt_minus_4_unconverted
2023-04-03,24,24,24,1.0,high,True,True,True,True,7.774333333333334,7.8095,0.3433709702179346,6.827,8.424,7.5111,7.6530000000000005,7.9415,8.0335,24,0,0,0,0,0.0,23.0,0,BTGOXD2,mg/L,reported_gmt_minus_4_unconverted
2023-04-04,24,24,24,1.0,high,True,True,True,True,7.257000000000001,7.266500000000001,0.7765216198451635,5.342,8.467,6.214300000000001,7.05675,7.6655,8.1347,24,0,0,0,0,0.0,23.0,0,BTGOXD2,mg/L,reported_gmt_minus_4_unconverted
2023-04-05,24,24,24,1.0,high,True,True,True,True,6.515791666666666,6.468999999999999,0.89932032205809,5.298,8.49,5.5359,5.7387500000000005,7.006,7.7221,24,0,0,0,0,0.0,23.0,0,BTGOXD2,mg/L,reported_gmt_minus_4_unconverted
2023-04-06,24,24,24,1.0,high,True,True,True,True,6.724791666666666,6.4975000000000005,0.8303334049680268,5.651,8.509,6.0118,6.14325,7.00925,8.2333,24,0,0,0,0,0.0,23.0,0,BTGOXD2,mg/L,reported_gmt_minus_4_unconverted
2023-04-07,24,24,24,1.0,high,True,True,True,True,7.474666666666667,7.293,0.7816963530718285,6.455,9.142,6.6672,6.9645,7.76575,8.8939,24,0,0,0,0,0.0,23.0,0,BTGOXD2,mg/L,reported_gmt_minus_4_unconverted
2023-04-08,24,24,24,1.0,high,True,True,True,True,8.508166666666666,8.4265,0.3436973727830504,7.713,9.172,8.2244,8.305,8.68175,9.0175,24,0,0,0,0,0.0,23.0,0,BTGOXD2,mg/L,reported_gmt_minus_4_unconverted
2023-04-09,24,24,24,1.0,high,True,True,True,True,7.712708333333333,7.938000000000001,0.5885711865753086,5.869,8.292,6.8759999999999994,7.50525,8.0875,8.1897,24,0,0,0,0,0.0,23.0,0,BTGOXD2,mg/L,reported_gmt_minus_4_unconverted
2023-04-10,24,24,24,1.0,high,True,True,True,True,7.11775,7.0785,0.6269564335463967,6.04,8.071,6.192200000000001,6.764,7.5497499999999995,7.9441,24,0,0,0,0,0.0,23.0,0,BTGOXD2,mg/L,reported_gmt_minus_4_unconverted
2023-04-11,24,24,24,1.0,high,True,True,True,True,7.429666666666666,6.978,1.487281812033549,5.888,10.791,6.1988,6.369,7.64725,10.0562,24,0,0,0,0,0.0,23.0,0,BTGOXD2,mg/L,reported_gmt_minus_4_unconverted
2023-04-12,24,24,24,1.0,high,True,True,True,True,7.276291666666666,7.1145,1.2326118074047574,5.828,9.448,5.8699,6.24925,8.144,9.1778,24,0,0,0,0,0.0,23.0,0,BTGOXD2,mg/L,reported_gmt_minus_4_unconverted
2023-04-13,24,24,24,1.0,high,True,True,True,True,6.399916666666667,6.253500000000001,0.7690005889445737,5.158,8.529,5.5915,6.0055000000000005,6.726999999999999,6.9927,24,0,0,0,0,0.0,23.0,0,BTGOXD2,mg/L,reported_gmt_minus_4_unconverted
2023-04-14,24,24,24,1.0,high,True,True,True,True,6.377833333333334,6.4350000000000005,0.8969802317954861,4.777,8.006,5.1786,5.803750000000001,6.8025,7.5748999999999995,24,0,0,0,0,0.0,23.0,0,BTGOXD2,mg/L,reported_gmt_minus_4_unconverted
2023-04-15,24,24,24,1.0,high,True,True,True,True,5.853083333333333,5.7875,0.756864005742383,4.544,7.614,5.1443,5.33825,6.0515,7.0263,24,0,0,0,0,0.0,23.0,0,BTGOXD2,mg/L,reported_gmt_minus_4_unconverted
2023-04-16,24,24,24,1.0,high,True,True,True,True,5.360375,5.1530000000000005,1.2618430899662811,3.604,7.929,4.1794,4.3635,5.8845,7.6037,24,0,0,0,0,0.0,23.0,0,BTGOXD2,mg/L,reported_gmt_minus_4_unconverted
2023-04-17,24,24,24,1.0,high,True,True,True,True,4.286291666666667,4.3485,0.566725029496643,3.182,5.385,3.6055,3.8315,4.706,4.8325,24,0,0,0,0,0.0,23.0,0,BTGOXD2,mg/L,reported_gmt_minus_4_unconverted
2023-04-18,24,24,24,1.0,high,True,True,True,True,4.048708333333334,3.9905,0.3530267238519248,3.381,5.156,3.7775,3.8145,4.175,4.2917,24,0,0,0,0,0.0,23.0,0,BTGOXD2,mg/L,reported_gmt_minus_4_unconverted
2023-04-19,24,24,24,1.0,high,True,True,True,True,5.237833333333334,5.1445,0.8111149420861155,3.925,7.141,4.1738,4.7835,5.612,6.1731,24,0,0,0,0,0.0,23.0,0,BTGOXD2,mg/L,reported_gmt_minus_4_unconverted
2023-04-20,24,24,24,1.0,high,True,True,True,True,7.082541666666667,7.015499999999999,0.6786411601688791,6.024,8.208,6.2472,6.6075,7.596,8.0342,24,0,0,0,0,0.0,23.0,0,BTGOXD2,mg/L,reported_gmt_minus_4_unconverted
2023-04-21,24,24,24,1.0,high,True,True,True,True,6.788625,6.9215,0.5103177878197246,5.874,7.741,6.1935,6.348,7.1114999999999995,7.3114,24,0,0,0,0,0.0,23.0,0,BTGOXD2,mg/L,reported_gmt_minus_4_unconverted
2023-04-22,24,24,24,1.0,high,True,True,True,True,6.721583333333332,6.444,1.047660329814328,5.477,8.943,5.602,5.8660000000000005,7.3325000000000005,8.3031,24,0,0,0,0,0.0,23.0,0,BTGOXD2,mg/L,reported_gmt_minus_4_unconverted
2023-04-23,24,24,24,1.0,high,True,True,True,True,6.165833333333334,5.827500000000001,1.0116482747892461,4.461,8.049,5.2184,5.371499999999999,7.1315,7.4949,24,0,0,0,0,0.0,23.0,0,BTGOXD2,mg/L,reported_gmt_minus_4_unconverted
2023-04-24,24,24,24,1.0,high,True,True,True,True,6.379666666666666,5.527,1.653200260539925,4.688,10.218,4.8946,5.35925,7.14475,9.0743,24,0,0,0,0,0.0,23.0,0,BTGOXD2,mg/L,reported_gmt_minus_4_unconverted
2023-04-25,24,24,24,1.0,high,True,True,True,True,6.345499999999999,5.744,1.291997610712557,4.961,9.87,5.2391,5.5395,7.05275,7.7863,24,0,0,0,0,0.0,23.0,0,BTGOXD2,mg/L,reported_gmt_minus_4_unconverted
2023-04-26,24,24,24,1.0,high,True,True,True,True,6.17125,6.0954999999999995,0.9446055192282765,4.407,8.153,5.022,5.51525,6.8625,7.1983,24,0,0,0,0,0.0,23.0,0,BTGOXD2,mg/L,reported_gmt_minus_4_unconverted
2023-04-27,24,24,24,1.0,high,True,True,True,True,6.4214166666666666,5.9510000000000005,1.336448210309917,4.389,9.066,5.0233,5.393,7.84075,8.0926,24,0,0,0,0,0.0,23.0,0,BTGOXD2,mg/L,reported_gmt_minus_4_unconverted
2023-04-28,24,24,24,1.0,high,True,True,True,True,6.243416666666666,6.4045000000000005,1.4811660481927205,3.975,9.026,4.4526,4.944500000000001,7.35225,7.798,24,0,0,0,0,0.0,23.0,0,BTGOXD2,mg/L,reported_gmt_minus_4_unconverted
2023-04-29,24,24,24,1.0,high,True,True,True,True,6.287791666666666,6.167999999999999,1.5056557715946335,3.905,9.093,4.4221,5.17875,7.38375,8.0717,24,0,0,0,0,0.0,23.0,0,BTGOXD2,mg/L,reported_gmt_minus_4_unconverted
2023-04-30,24,24,24,1.0,high,True,True,True,True,5.7755,5.9375,1.4393264729213362,3.349,8.175,3.7558,4.7255,6.89625,7.6625000000000005,24,0,0,0,0,0.0,23.0,0,BTGOXD2,mg/L,reported_gmt_minus_4_unconverted
2023-05-01,24,24,24,1.0,high,True,True,True,True,4.022333333333333,4.016,0.9822598463731995,2.536,5.959,2.7724,3.10525,4.8075,5.124499999999999,24,0,0,0,0,0.0,23.0,0,BTGOXD2,mg/L,reported_gmt_minus_4_unconverted
2023-05-02,24,24,24,1.0,high,True,True,True,True,3.7020416666666667,3.4495,0.8992713223671065,2.429,5.573,2.7109,3.10025,4.31475,5.0008,24,0,0,0,0,0.0,23.0,0,BTGOXD2,mg/L,reported_gmt_minus_4_unconverted
2023-05-03,24,24,24,1.0,high,True,True,True,True,3.8679166666666664,3.4435000000000002,1.0520469040902107,2.787,6.604,2.9816000000000003,3.127,4.05375,5.6057,24,0,0,0,0,0.0,23.0,0,BTGOXD2,mg/L,reported_gmt_minus_4_unconverted
2023-05-04,24,24,24,1.0,high,True,True,True,True,4.492916666666667,3.5599999999999996,2.1328436400152784,2.327,10.901,2.7169,3.18925,5.396,6.6789,24,0,0,0,0,0.0,23.0,0,BTGOXD2,mg/L,reported_gmt_minus_4_unconverted
2023-05-05,24,24,24,1.0,high,True,True,True,True,3.4161666666666672,3.3085,0.9951909000469367,1.898,5.535,2.3151,2.66475,4.10825,4.5072,24,0,0,0,0,0.0,23.0,0,BTGOXD2,mg/L,reported_gmt_minus_4_unconverted
2023-05-06,24,24,24,1.0,high,True,True,True,True,4.719166666666667,4.2620000000000005,1.4928835438045123,2.964,7.394,3.0854,3.388,6.19525,6.7742,24,0,0,0,0,0.0,23.0,0,BTGOXD2,mg/L,reported_gmt_minus_4_unconverted
2023-05-07,24,24,24,1.0,high,True,True,True,True,6.392083333333333,5.9385,1.4222995439616872,4.162,8.735,4.773700000000001,5.4825,7.4990000000000006,8.4187,24,0,0,0,0,0.0,23.0,0,BTGOXD2,mg/L,reported_gmt_minus_4_unconverted
2023-05-08,24,24,24,1.0,high,True,True,True,True,5.487875,5.672000000000001,1.190625605100839,3.577,7.64,3.9042,4.52975,6.35775,6.9171,24,0,0,0,0,0.0,23.0,0,BTGOXD2,mg/L,reported_gmt_minus_4_unconverted
2023-05-09,24,24,24,1.0,high,True,True,True,True,6.659625000000001,6.944,1.1545385229982394,4.317,8.8,5.1442000000000005,5.92125,7.307,8.037899999999999,24,0,0,0,0,0.0,23.0,0,BTGOXD2,mg/L,reported_gmt_minus_4_unconverted
2023-05-10,24,24,24,1.0,high,True,True,True,True,6.836541666666666,6.862,0.7093280334640462,5.146,7.952,5.9346,6.3302499999999995,7.25975,7.750500000000001,24,0,0,0,0,0.0,23.0,0,BTGOXD2,mg/L,reported_gmt_minus_4_unconverted
2023-05-11,24,24,24,1.0,high,True,True,True,True,7.006375000000001,7.0344999999999995,0.49631974375746757,5.995,7.632,6.4173,6.6675,7.49425,7.5685,24,0,0,0,0,0.0,23.0,0,BTGOXD2,mg/L,reported_gmt_minus_4_unconverted
2023-05-12,24,24,24,1.0,high,True,True,True,True,7.79025,7.9864999999999995,0.5611062249273071,6.727,8.662,6.9633,7.304500000000001,8.232,8.3021,24,0,0,0,0,0.0,23.0,0,BTGOXD2,mg/L,reported_gmt_minus_4_unconverted
2023-05-13,24,24,24,1.0,high,True,True,True,True,7.797208333333333,7.888,0.21443616242048164,7.381,8.177,7.4624,7.67275,7.93375,7.9735000000000005,24,0,0,0,0,0.0,23.0,0,BTGOXD2,mg/L,reported_gmt_minus_4_unconverted
2023-05-14,24,24,24,1.0,high,True,True,True,True,7.746208333333333,7.8085,0.2347987073452801,7.081,8.022,7.4501,7.6267499999999995,7.91075,7.979,24,0,0,0,0,0.0,23.0,0,BTGOXD2,mg/L,reported_gmt_minus_4_unconverted
2023-05-15,24,24,24,1.0,high,True,True,True,True,7.688208333333333,7.774,0.38313285006261405,6.957,8.299,7.198799999999999,7.47975,7.879,8.1879,24,0,0,0,0,0.0,23.0,0,BTGOXD2,mg/L,reported_gmt_minus_4_unconverted
2023-05-16,24,24,24,1.0,high,True,True,True,True,7.5655,7.4895,0.3820073980617562,6.982,8.238,7.0550999999999995,7.38425,7.883,8.1359,24,0,0,0,0,0.0,23.0,0,BTGOXD2,mg/L,reported_gmt_minus_4_unconverted
2023-05-17,24,24,24,1.0,high,True,True,True,True,7.659958333333333,7.7095,0.42728337803491445,6.893,8.517,7.0379000000000005,7.489000000000001,7.898250000000001,8.1328,24,0,0,0,0,0.0,23.0,0,BTGOXD2,mg/L,reported_gmt_minus_4_unconverted
2023-05-18,24,24,24,1.0,high,True,True,True,True,6.890499999999999,6.8965,0.6010031469207924,6.062,8.523,6.247,6.3965000000000005,7.10775,7.5427,24,0,0,0,0,0.0,23.0,0,BTGOXD2,mg/L,reported_gmt_minus_4_unconverted
2023-05-19,24,24,24,1.0,high,True,True,True,True,7.014,6.947,0.3732823852399612,6.116,7.665,6.6333,6.7669999999999995,7.30975,7.4717,24,0,0,0,0,0.0,23.0,0,BTGOXD2,mg/L,reported_gmt_minus_4_unconverted
2023-05-20,24,24,24,1.0,high,True,True,True,True,7.221541666666667,7.282,0.6180018277141023,5.992,8.005,6.3086,6.812,7.7275,7.9928,24,0,0,0,0,0.0,23.0,0,BTGOXD2,mg/L,reported_gmt_minus_4_unconverted
2023-05-21,24,24,24,1.0,high,True,True,True,True,7.239249999999999,7.443,0.49203881518857234,6.058,8.054,6.7406,6.89925,7.57575,7.7194,24,0,0,0,0,0.0,23.0,0,BTGOXD2,mg/L,reported_gmt_minus_4_unconverted
2023-05-22,24,24,24,1.0,high,True,True,True,True,7.154041666666667,7.293,0.4162920671174597,6.322,7.623,6.5549,6.8317499999999995,7.5045,7.559200000000001,24,0,0,0,0,0.0,23.0,0,BTGOXD2,mg/L,reported_gmt_minus_4_unconverted
2023-05-23,24,24,24,1.0,high,True,True,True,True,7.155500000000001,7.314500000000001,0.42478260424547193,6.294,7.636,6.4372,6.97075,7.385,7.5676000000000005,24,0,0,0,0,0.0,23.0,0,BTGOXD2,mg/L,reported_gmt_minus_4_unconverted
2023-05-24,24,24,24,1.0,high,True,True,True,True,7.107583333333333,7.21,0.44015451009119877,6.126,7.644,6.4214,6.94875,7.452999999999999,7.527,24,0,0,0,0,0.0,23.0,0,BTGOXD2,mg/L,reported_gmt_minus_4_unconverted
2023-05-25,24,24,24,1.0,high,True,True,True,True,6.8449583333333335,6.836,0.3350168690323397,6.182,7.506,6.3742,6.66875,7.109249999999999,7.246700000000001,24,0,0,0,0,0.0,23.0,0,BTGOXD2,mg/L,reported_gmt_minus_4_unconverted
2023-05-26,24,24,24,1.0,high,True,True,True,True,6.8146249999999995,6.842499999999999,0.28735265600485305,5.908,7.261,6.5581,6.67875,7.027749999999999,7.0684,24,0,0,0,0,0.0,23.0,0,BTGOXD2,mg/L,reported_gmt_minus_4_unconverted
2023-05-27,24,24,24,1.0,high,True,True,True,True,6.936041666666667,6.9595,0.5137567923314169,5.833,7.74,6.3705,6.5497499999999995,7.3395,7.56,24,0,0,0,0,0.0,23.0,0,BTGOXD2,mg/L,reported_gmt_minus_4_unconverted
2023-05-28,24,24,24,1.0,high,True,True,True,True,6.972958333333334,6.9615,0.3821660780758596,6.159,7.611,6.4771,6.769,7.2665,7.4509,24,0,0,0,0,0.0,23.0,0,BTGOXD2,mg/L,reported_gmt_minus_4_unconverted
2023-05-29,24,24,24,1.0,high,True,True,True,True,7.50875,7.4335,0.35657699333231385,6.945,8.007,7.0915,7.202500000000001,7.8709999999999996,7.9471,24,0,0,0,0,0.0,23.0,0,BTGOXD2,mg/L,reported_gmt_minus_4_unconverted
2023-05-30,24,24,24,1.0,high,True,True,True,True,7.663083333333333,7.7145,0.1561740714065883,7.181,7.814,7.4302,7.619,7.7635,7.793,24,0,0,0,0,0.0,23.0,0,BTGOXD2,mg/L,reported_gmt_minus_4_unconverted
2023-05-31,24,24,24,1.0,high,True,True,True,True,7.400625000000001,7.521,0.3275286661865081,6.657,7.636,6.728800000000001,7.44025,7.593,7.6123,24,0,0,0,0,0.0,23.0,0,BTGOXD2,mg/L,reported_gmt_minus_4_unconverted
2023-06-01,24,24,24,1.0,high,True,True,True,True,7.4014999999999995,7.4045000000000005,0.3771681668526076,6.597,8.123,7.0026,7.1987499999999995,7.594,7.8854,24,0,0,0,0,0.0,23.0,0,BTGOXD2,mg/L,reported_gmt_minus_4_unconverted
2023-06-02,24,24,24,1.0,high,True,True,True,True,7.3395,7.490500000000001,0.49332386399059264,6.236,7.911,6.5177,7.204,7.667,7.8312,24,0,0,0,0,0.0,23.0,0,BTGOXD2,mg/L,reported_gmt_minus_4_unconverted
2023-06-03,24,24,24,1.0,high,True,True,True,True,6.74775,6.717499999999999,0.7671569336645309,5.272,7.647,5.5428999999999995,6.3557500000000005,7.531000000000001,7.5507,24,0,0,0,0,0.0,23.0,0,BTGOXD2,mg/L,reported_gmt_minus_4_unconverted
2023-06-04,24,24,24,1.0,high,True,True,True,True,6.351333333333334,6.221,0.7999626440553695,5.163,7.718,5.3881,5.596,7.0047500000000005,7.467,24,0,0,0,0,0.0,23.0,0,BTGOXD2,mg/L,reported_gmt_minus_4_unconverted
2023-06-05,24,24,24,1.0,high,True,True,True,True,6.396208333333334,6.3805,0.6410888142477789,4.929,7.577,5.7453,5.9405,6.6732499999999995,7.3019,24,0,0,0,0,0.0,23.0,0,BTGOXD2,mg/L,reported_gmt_minus_4_unconverted
2023-06-06,24,24,24,1.0,high,True,True,True,True,7.287958333333333,7.367,0.4657958574280168,6.347,7.89,6.8209,6.90125,7.713,7.8735,24,0,0,0,0,0.0,23.0,0,BTGOXD2,mg/L,reported_gmt_minus_4_unconverted
2023-06-07,24,24,24,1.0,high,True,True,True,True,7.127041666666666,7.274,0.5144286386617315,6.16,7.836,6.3087,6.8455,7.56525,7.6524,24,0,0,0,0,0.0,23.0,0,BTGOXD2,mg/L,reported_gmt_minus_4_unconverted
2023-06-08,24,24,24,1.0,high,True,True,True,True,6.933666666666667,6.966,0.41879097895963685,5.95,7.524,6.411099999999999,6.76375,7.294,7.3899,24,0,0,0,0,0.0,23.0,0,BTGOXD2,mg/L,reported_gmt_minus_4_unconverted
2023-06-09,24,24,24,1.0,high,True,True,True,True,5.826666666666665,5.9205000000000005,0.9447931757414086,3.843,7.234,4.5286,5.4030000000000005,6.42825,7.056299999999999,24,0,0,0,0,0.0,23.0,0,BTGOXD2,mg/L,reported_gmt_minus_4_unconverted
2023-06-10,24,24,24,1.0,high,True,True,True,True,5.1062916666666665,5.0175,0.5686770673097853,3.996,6.412,4.5365,4.7725,5.3427500000000006,5.8773,24,0,0,0,0,0.0,23.0,0,BTGOXD2,mg/L,reported_gmt_minus_4_unconverted
2023-06-11,24,24,24,1.0,high,True,True,True,True,4.820458333333334,4.8675,0.6886444769107716,3.559,6.059,3.7962,4.45825,5.37375,5.5264,24,0,0,0,0,0.0,23.0,0,BTGOXD2,mg/L,reported_gmt_minus_4_unconverted
2023-06-12,24,24,24,1.0,high,True,True,True,True,4.814291666666667,4.990500000000001,0.48395916816326084,3.523,5.255,4.1015,4.5985,5.17,5.2297,24,0,0,0,0,0.0,23.0,0,BTGOXD2,mg/L,reported_gmt_minus_4_unconverted
2023-06-13,24,24,24,1.0,high,True,True,True,True,4.6963333333333335,4.9725,0.7698317527461646,2.713,5.521,3.5078,4.6485,5.1034999999999995,5.3585,24,0,0,0,0,0.0,23.0,0,BTGOXD2,mg/L,reported_gmt_minus_4_unconverted
2023-06-14,24,24,24,1.0,high,True,True,True,True,4.046458333333333,4.366,0.6328135228565719,2.923,4.586,2.9821,3.74425,4.516,4.5527,24,0,0,0,0,0.0,23.0,0,BTGOXD2,mg/L,reported_gmt_minus_4_unconverted
2023-06-15,24,24,24,1.0,high,True,True,True,True,4.529333333333333,4.2005,1.6101395474674982,3.007,10.472,3.3508999999999998,3.9055,4.6354999999999995,4.7817,24,0,0,0,0,0.0,23.0,0,BTGOXD2,mg/L,reported_gmt_minus_4_unconverted
2023-06-16,24,24,24,1.0,high,True,True,True,True,5.129958333333334,4.9435,0.9301390021957993,3.669,6.968,3.9782,4.57725,5.806,6.2684,24,0,0,0,0,0.0,23.0,0,BTGOXD2,mg/L,reported_gmt_minus_4_unconverted
2023-06-17,24,24,24,1.0,high,True,True,True,True,5.905374999999999,5.9645,0.6616849251852359,4.825,6.916,5.0482000000000005,5.3775,6.3740000000000006,6.7898,24,0,0,0,0,0.0,23.0,0,BTGOXD2,mg/L,reported_gmt_minus_4_unconverted
2023-06-18,24,24,24,1.0,high,True,True,True,True,6.412541666666667,6.396,0.23225304400432592,5.876,6.822,6.2187,6.292249999999999,6.532500000000001,6.721,24,0,0,0,0,0.0,23.0,0,BTGOXD2,mg/L,reported_gmt_minus_4_unconverted
2023-06-19,24,24,24,1.0,high,True,True,True,True,6.429666666666667,6.462,0.07584404288129497,6.309,6.546,6.3228,6.35,6.47775,6.5152,24,0,0,0,0,0.0,23.0,0,BTGOXD2,mg/L,reported_gmt_minus_4_unconverted
2023-06-20,24,24,24,1.0,high,True,True,True,True,6.440375,6.4915,0.19324344018339432,5.882,6.743,6.2159,6.344250000000001,6.550000000000001,6.649100000000001,24,0,0,0,0,0.0,23.0,0,BTGOXD2,mg/L,reported_gmt_minus_4_unconverted
2023-06-21,24,24,24,1.0,high,True,True,True,True,6.454125,6.548,0.27274072932875754,5.897,6.882,6.0655,6.2532499999999995,6.63575,6.7305,24,0,0,0,0,0.0,23.0,0,BTGOXD2,mg/L,reported_gmt_minus_4_unconverted
2023-06-22,24,24,24,1.0,high,True,True,True,True,6.376333333333332,6.481999999999999,0.4043523717992886,5.327,6.893,5.8034,6.231,6.6985,6.7761000000000005,24,0,0,0,0,0.0,23.0,0,BTGOXD2,mg/L,reported_gmt_minus_4_unconverted
2023-06-23,24,24,24,1.0,high,True,True,True,True,6.7000416666666665,6.644,0.3097378245024915,6.096,7.367,6.3651,6.49325,6.912,7.061599999999999,24,0,0,0,0,0.0,23.0,0,BTGOXD2,mg/L,reported_gmt_minus_4_unconverted
2023-06-24,24,24,24,1.0,high,True,True,True,True,6.904625,7.0095,0.49783040699663456,5.984,7.526,6.1928,6.53575,7.361,7.4794,24,0,0,0,0,0.0,23.0,0,BTGOXD2,mg/L,reported_gmt_minus_4_unconverted
2023-06-25,24,24,24,1.0,high,True,True,True,True,6.961958333333333,6.9395,0.3500396846031911,6.103,7.554,6.5599,6.81575,7.21075,7.3532,24,0,0,0,0,0.0,23.0,0,BTGOXD2,mg/L,reported_gmt_minus_4_unconverted
2023-06-26,24,24,24,1.0,high,True,True,True,True,7.368041666666667,7.3485,0.25883072849739613,6.943,7.984,7.119800000000001,7.15675,7.55175,7.609999999999999,24,0,0,0,0,0.0,23.0,0,BTGOXD2,mg/L,reported_gmt_minus_4_unconverted
2023-06-27,24,24,24,1.0,high,True,True,True,True,7.335333333333334,7.333,0.2899950024556894,6.775,7.811,6.9486,7.2215,7.5495,7.7143,24,0,0,0,0,0.0,23.0,0,BTGOXD2,mg/L,reported_gmt_minus_4_unconverted
2023-06-28,24,24,24,1.0,high,True,True,True,True,7.301624999999999,7.3675,0.3071848066470453,6.564,7.676,6.9268,7.12725,7.58625,7.6236,24,0,0,0,0,0.0,23.0,0,BTGOXD2,mg/L,reported_gmt_minus_4_unconverted
2023-06-29,24,24,24,1.0,high,True,True,True,True,7.166625,7.245,0.38178799176005257,6.196,7.556,6.7129,6.968249999999999,7.487500000000001,7.5298,24,0,0,0,0,0.0,23.0,0,BTGOXD2,mg/L,reported_gmt_minus_4_unconverted
2023-06-30,24,24,24,1.0,high,True,True,True,True,7.103416666666667,7.317500000000001,0.4895235409063075,6.015,7.667,6.3216,6.8185,7.4879999999999995,7.625699999999999,24,0,0,0,0,0.0,23.0,0,BTGOXD2,mg/L,reported_gmt_minus_4_unconverted
2023-07-01,24,24,24,1.0,high,True,True,True,True,7.257208333333334,7.481,0.588579053769527,5.785,7.83,6.2977,7.103,7.64875,7.7962,24,0,0,0,0,0.0,23.0,0,BTGOXD2,mg/L,reported_gmt_minus_4_unconverted
2023-07-02,24,24,24,1.0,high,True,True,True,True,7.459041666666667,7.554,0.28474526818478163,6.833,7.779,7.0069,7.314,7.68925,7.7017,24,0,0,0,0,0.0,23.0,0,BTGOXD2,mg/L,reported_gmt_minus_4_unconverted
2023-07-03,24,24,24,1.0,high,True,True,True,True,7.560083333333334,7.587999999999999,0.21280710119458088,7.022,7.853,7.254099999999999,7.483750000000001,7.6735,7.7931,24,0,0,0,0,0.0,23.0,0,BTGOXD2,mg/L,reported_gmt_minus_4_unconverted
2023-07-04,24,24,24,1.0,high,True,True,True,True,7.701708333333333,7.6935,0.0787397911487256,7.52,7.852,7.6272,7.66075,7.72625,7.8327,24,0,0,0,0,0.0,23.0,0,BTGOXD2,mg/L,reported_gmt_minus_4_unconverted
2023-07-05,24,24,24,1.0,high,True,True,True,True,7.649541666666667,7.644,0.07385943121707708,7.493,7.798,7.5617,7.6025,7.70475,7.744,24,0,0,0,0,0.0,23.0,0,BTGOXD2,mg/L,reported_gmt_minus_4_unconverted
2023-07-06,24,24,24,1.0,high,True,True,True,True,7.424625,7.491,0.24221528557301547,6.653,7.667,7.1688,7.355,7.58075,7.6324,24,0,0,0,0,0.0,23.0,0,BTGOXD2,mg/L,reported_gmt_minus_4_unconverted
2023-07-07,24,24,12,0.5,partial,True,False,False,False,6.667583333333334,6.633,0.4438532636998064,6.023,7.368,6.1559,6.36425,7.06525,7.1995000000000005,12,12,0,0,0,0.0,11.0,12,BTGOXD2,mg/L,reported_gmt_minus_4_unconverted
2023-07-08,24,24,0,0.0,missing,False,False,False,False,,,,,,,,,,0,24,0,0,0,,,24,BTGOXD2,mg/L,reported_gmt_minus_4_unconverted
2023-07-09,24,24,0,0.0,missing,False,False,False,False,,,,,,,,,,0,24,0,0,0,,,24,BTGOXD2,mg/L,reported_gmt_minus_4_unconverted
2023-07-10,24,24,0,0.0,missing,False,False,False,False,,,,,,,,,,0,24,0,0,0,,,24,BTGOXD2,mg/L,reported_gmt_minus_4_unconverted
2023-07-11,24,24,0,0.0,missing,False,False,False,False,,,,,,,,,,0,24,0,0,0,,,24,BTGOXD2,mg/L,reported_gmt_minus_4_unconverted
2023-07-12,24,24,0,0.0,missing,False,False,False,False,,,,,,,,,,0,24,0,0,0,,,24,BTGOXD2,mg/L,reported_gmt_minus_4_unconverted
2023-07-13,24,24,0,0.0,missing,False,False,False,False,,,,,,,,,,0,24,0,0,0,,,24,BTGOXD2,mg/L,reported_gmt_minus_4_unconverted
2023-07-14,24,24,0,0.0,missing,False,False,False,False,,,,,,,,,,0,24,0,0,0,,,24,BTGOXD2,mg/L,reported_gmt_minus_4_unconverted
2023-07-15,24,24,0,0.0,missing,False,False,False,False,,,,,,,,,,0,24,0,0,0,,,24,BTGOXD2,mg/L,reported_gmt_minus_4_unconverted
2023-07-16,24,24,0,0.0,missing,False,False,False,False,,,,,,,,,,0,24,0,0,0,,,24,BTGOXD2,mg/L,reported_gmt_minus_4_unconverted
2023-07-17,24,24,0,0.0,missing,False,False,False,False,,,,,,,,,,0,24,0,0,0,,,24,BTGOXD2,mg/L,reported_gmt_minus_4_unconverted
2023-07-18,24,24,0,0.0,missing,False,False,False,False,,,,,,,,,,0,24,0,0,0,,,24,BTGOXD2,mg/L,reported_gmt_minus_4_unconverted
2023-07-19,24,24,0,0.0,missing,False,False,False,False,,,,,,,,,,0,24,0,0,0,,,24,BTGOXD2,mg/L,reported_gmt_minus_4_unconverted
2023-07-20,24,24,0,0.0,missing,False,False,False,False,,,,,,,,,,0,24,0,0,0,,,24,BTGOXD2,mg/L,reported_gmt_minus_4_unconverted
2023-07-21,24,24,0,0.0,missing,False,False,False,False,,,,,,,,,,0,24,0,0,0,,,24,BTGOXD2,mg/L,reported_gmt_minus_4_unconverted
2023-07-22,24,24,0,0.0,missing,False,False,False,False,,,,,,,,,,0,24,0,0,0,,,24,BTGOXD2,mg/L,reported_gmt_minus_4_unconverted
2023-07-23,24,24,0,0.0,missing,False,False,False,False,,,,,,,,,,0,24,0,0,0,,,24,BTGOXD2,mg/L,reported_gmt_minus_4_unconverted
2023-07-24,24,24,0,0.0,missing,False,False,False,False,,,,,,,,,,0,24,0,0,0,,,24,BTGOXD2,mg/L,reported_gmt_minus_4_unconverted
2023-07-25,24,24,0,0.0,missing,False,False,False,False,,,,,,,,,,0,24,0,0,0,,,24,BTGOXD2,mg/L,reported_gmt_minus_4_unconverted
2023-07-26,24,24,0,0.0,missing,False,False,False,False,,,,,,,,,,0,24,0,0,0,,,24,BTGOXD2,mg/L,reported_gmt_minus_4_unconverted
2023-07-27,24,24,0,0.0,missing,False,False,False,False,,,,,,,,,,0,24,0,0,0,,,24,BTGOXD2,mg/L,reported_gmt_minus_4_unconverted
2023-07-28,24,24,0,0.0,missing,False,False,False,False,,,,,,,,,,0,24,0,0,0,,,24,BTGOXD2,mg/L,reported_gmt_minus_4_unconverted
2023-07-29,24,24,0,0.0,missing,False,False,False,False,,,,,,,,,,0,24,0,0,0,,,24,BTGOXD2,mg/L,reported_gmt_minus_4_unconverted
2023-07-30,24,24,0,0.0,missing,False,False,False,False,,,,,,,,,,0,24,0,0,0,,,24,BTGOXD2,mg/L,reported_gmt_minus_4_unconverted
2023-07-31,24,24,0,0.0,missing,False,False,False,False,,,,,,,,,,0,24,0,0,0,,,24,BTGOXD2,mg/L,reported_gmt_minus_4_unconverted
2023-08-01,24,24,0,0.0,missing,False,False,False,False,,,,,,,,,,0,24,0,0,0,,,24,BTGOXD2,mg/L,reported_gmt_minus_4_unconverted
2023-08-02,24,24,0,0.0,missing,False,False,False,False,,,,,,,,,,0,24,0,0,0,,,24,BTGOXD2,mg/L,reported_gmt_minus_4_unconverted
2023-08-03,24,24,0,0.0,missing,False,False,False,False,,,,,,,,,,0,24,0,0,0,,,24,BTGOXD2,mg/L,reported_gmt_minus_4_unconverted
2023-08-04,24,24,0,0.0,missing,False,False,False,False,,,,,,,,,,0,24,0,0,0,,,24,BTGOXD2,mg/L,reported_gmt_minus_4_unconverted
2023-08-05,24,24,0,0.0,missing,False,False,False,False,,,,,,,,,,0,24,0,0,0,,,24,BTGOXD2,mg/L,reported_gmt_minus_4_unconverted
2023-08-06,24,24,0,0.0,missing,False,False,False,False,,,,,,,,,,0,24,0,0,0,,,24,BTGOXD2,mg/L,reported_gmt_minus_4_unconverted
2023-08-07,24,24,0,0.0,missing,False,False,False,False,,,,,,,,,,0,24,0,0,0,,,24,BTGOXD2,mg/L,reported_gmt_minus_4_unconverted
2023-08-08,24,24,0,0.0,missing,False,False,False,False,,,,,,,,,,0,24,0,0,0,,,24,BTGOXD2,mg/L,reported_gmt_minus_4_unconverted
2023-08-09,24,24,0,0.0,missing,False,False,False,False,,,,,,,,,,0,24,0,0,0,,,24,BTGOXD2,mg/L,reported_gmt_minus_4_unconverted
2023-08-10,24,24,0,0.0,missing,False,False,False,False,,,,,,,,,,0,24,0,0,0,,,24,BTGOXD2,mg/L,reported_gmt_minus_4_unconverted
2023-08-11,24,24,0,0.0,missing,False,False,False,False,,,,,,,,,,0,24,0,0,0,,,24,BTGOXD2,mg/L,reported_gmt_minus_4_unconverted
2023-08-12,24,24,0,0.0,missing,False,False,False,False,,,,,,,,,,0,24,0,0,0,,,24,BTGOXD2,mg/L,reported_gmt_minus_4_unconverted
2023-08-13,24,24,0,0.0,missing,False,False,False,False,,,,,,,,,,0,24,0,0,0,,,24,BTGOXD2,mg/L,reported_gmt_minus_4_unconverted
2023-08-14,24,24,0,0.0,missing,False,False,False,False,,,,,,,,,,0,24,0,0,0,,,24,BTGOXD2,mg/L,reported_gmt_minus_4_unconverted
2023-08-15,24,24,0,0.0,missing,False,False,False,False,,,,,,,,,,0,24,0,0,0,,,24,BTGOXD2,mg/L,reported_gmt_minus_4_unconverted
2023-08-16,24,24,0,0.0,missing,False,False,False,False,,,,,,,,,,0,24,0,0,0,,,24,BTGOXD2,mg/L,reported_gmt_minus_4_unconverted
2023-08-17,24,24,0,0.0,missing,False,False,False,False,,,,,,,,,,0,24,0,0,0,,,24,BTGOXD2,mg/L,reported_gmt_minus_4_unconverted
2023-08-18,24,24,0,0.0,missing,False,False,False,False,,,,,,,,,,0,24,0,0,0,,,24,BTGOXD2,mg/L,reported_gmt_minus_4_unconverted
2023-08-19,24,24,0,0.0,missing,False,False,False,False,,,,,,,,,,0,24,0,0,0,,,24,BTGOXD2,mg/L,reported_gmt_minus_4_unconverted
2023-08-20,24,24,0,0.0,missing,False,False,False,False,,,,,,,,,,0,24,0,0,0,,,24,BTGOXD2,mg/L,reported_gmt_minus_4_unconverted
2023-08-21,24,24,0,0.0,missing,False,False,False,False,,,,,,,,,,0,24,0,0,0,,,24,BTGOXD2,mg/L,reported_gmt_minus_4_unconverted
2023-08-22,24,24,0,0.0,missing,False,False,False,False,,,,,,,,,,0,24,0,0,0,,,24,BTGOXD2,mg/L,reported_gmt_minus_4_unconverted
2023-08-23,24,24,0,0.0,missing,False,False,False,False,,,,,,,,,,0,24,0,0,0,,,24,BTGOXD2,mg/L,reported_gmt_minus_4_unconverted
2023-08-24,24,24,0,0.0,missing,False,False,False,False,,,,,,,,,,0,24,0,0,0,,,24,BTGOXD2,mg/L,reported_gmt_minus_4_unconverted
2023-08-25,24,24,0,0.0,missing,False,False,False,False,,,,,,,,,,0,24,0,0,0,,,24,BTGOXD2,mg/L,reported_gmt_minus_4_unconverted
2023-08-26,24,24,0,0.0,missing,False,False,False,False,,,,,,,,,,0,24,0,0,0,,,24,BTGOXD2,mg/L,reported_gmt_minus_4_unconverted
2023-08-27,24,24,0,0.0,missing,False,False,False,False,,,,,,,,,,0,24,0,0,0,,,24,BTGOXD2,mg/L,reported_gmt_minus_4_unconverted
2023-08-28,24,24,0,0.0,missing,False,False,False,False,,,,,,,,,,0,24,0,0,0,,,24,BTGOXD2,mg/L,reported_gmt_minus_4_unconverted
2023-08-29,24,24,0,0.0,missing,False,False,False,False,,,,,,,,,,0,24,0,0,0,,,24,BTGOXD2,mg/L,reported_gmt_minus_4_unconverted
2023-08-30,24,24,0,0.0,missing,False,False,False,False,,,,,,,,,,0,24,0,0,0,,,24,BTGOXD2,mg/L,reported_gmt_minus_4_unconverted
2023-08-31,24,24,0,0.0,missing,False,False,False,False,,,,,,,,,,0,24,0,0,0,,,24,BTGOXD2,mg/L,reported_gmt_minus_4_unconverted
2023-09-01,24,24,0,0.0,missing,False,False,False,False,,,,,,,,,,0,24,0,0,0,,,24,BTGOXD2,mg/L,reported_gmt_minus_4_unconverted
2023-09-02,24,24,0,0.0,missing,False,False,False,False,,,,,,,,,,0,24,0,0,0,,,24,BTGOXD2,mg/L,reported_gmt_minus_4_unconverted
2023-09-03,24,24,0,0.0,missing,False,False,False,False,,,,,,,,,,0,24,0,0,0,,,24,BTGOXD2,mg/L,reported_gmt_minus_4_unconverted
2023-09-04,24,24,0,0.0,missing,False,False,False,False,,,,,,,,,,0,24,0,0,0,,,24,BTGOXD2,mg/L,reported_gmt_minus_4_unconverted
2023-09-05,24,24,0,0.0,missing,False,False,False,False,,,,,,,,,,0,24,0,0,0,,,24,BTGOXD2,mg/L,reported_gmt_minus_4_unconverted
2023-09-06,24,24,0,0.0,missing,False,False,False,False,,,,,,,,,,0,24,0,0,0,,,24,BTGOXD2,mg/L,reported_gmt_minus_4_unconverted
2023-09-07,24,24,0,0.0,missing,False,False,False,False,,,,,,,,,,0,24,0,0,0,,,24,BTGOXD2,mg/L,reported_gmt_minus_4_unconverted
2023-09-08,24,24,0,0.0,missing,False,False,False,False,,,,,,,,,,0,24,0,0,0,,,24,BTGOXD2,mg/L,reported_gmt_minus_4_unconverted
2023-09-09,24,24,24,1.0,high,True,True,True,True,6.126749999999999,6.053,1.0965242418859138,4.547,8.856,4.9277999999999995,5.146,6.893000000000001,7.3396,24,0,0,0,0,0.0,23.0,0,BTGOXD2,mg/L,reported_gmt_minus_4_unconverted
2023-09-10,24,24,24,1.0,high,True,True,True,True,6.560458333333334,6.5055,0.9473879412531512,5.249,8.332,5.3438,5.73175,7.1392500000000005,7.9378,24,0,0,0,0,0.0,23.0,0,BTGOXD2,mg/L,reported_gmt_minus_4_unconverted
2023-09-11,24,24,24,1.0,high,True,True,True,True,5.719500000000001,5.7815,0.7228534038643388,4.236,7.221,4.773,5.3345,6.11375,6.4526,24,0,0,0,0,0.0,23.0,0,BTGOXD2,mg/L,reported_gmt_minus_4_unconverted
2023-09-12,24,24,24,1.0,high,True,True,True,True,4.913583333333333,4.6295,1.0287540761889415,3.52,6.966,3.7515,4.22225,5.3637500000000005,6.6819,24,0,0,0,0,0.0,23.0,0,BTGOXD2,mg/L,reported_gmt_minus_4_unconverted
2023-09-13,24,24,24,1.0,high,True,True,True,True,4.898791666666667,5.065,0.7572859995701278,3.685,6.197,3.8935,4.230499999999999,5.446,5.680400000000001,24,0,0,0,0,0.0,23.0,0,BTGOXD2,mg/L,reported_gmt_minus_4_unconverted
2023-09-14,24,24,24,1.0,high,True,True,True,True,4.98175,5.3865,0.7911549757488566,3.567,5.988,3.8301,4.20325,5.62975,5.695,24,0,0,0,0,0.0,23.0,0,BTGOXD2,mg/L,reported_gmt_minus_4_unconverted
2023-09-15,24,24,24,1.0,high,True,True,True,True,5.891416666666667,5.9085,0.9115846172971293,3.899,7.144,4.4213000000000005,5.54575,6.61075,6.71,24,0,0,0,0,0.0,23.0,0,BTGOXD2,mg/L,reported_gmt_minus_4_unconverted
2023-09-16,24,24,24,1.0,high,True,True,True,True,7.082083333333333,7.166,0.426434246592211,6.254,7.703,6.4294,6.78575,7.41075,7.5236,24,0,0,0,0,0.0,23.0,0,BTGOXD2,mg/L,reported_gmt_minus_4_unconverted
2023-09-17,24,24,24,1.0,high,True,True,True,True,7.023708333333334,7.0995,0.6584898717762362,5.553,8.078,5.9524,6.79475,7.44625,7.6952,24,0,0,0,0,0.0,23.0,0,BTGOXD2,mg/L,reported_gmt_minus_4_unconverted
2023-09-18,24,24,24,1.0,high,True,True,True,True,6.177125,5.993,1.0588287751095546,4.417,8.746,5.0321,5.50825,6.638249999999999,7.6218,24,0,0,0,0,0.0,23.0,0,BTGOXD2,mg/L,reported_gmt_minus_4_unconverted
2023-09-19,24,24,24,1.0,high,True,True,True,True,7.471166666666666,7.6975,1.444066681185514,5.23,9.763,5.4827,6.18825,8.7365,8.981,24,0,0,0,0,0.0,23.0,0,BTGOXD2,mg/L,reported_gmt_minus_4_unconverted
2023-09-20,24,24,24,1.0,high,True,True,True,True,9.580541666666667,10.036,1.6181093363167278,6.396,11.554,7.184,8.261500000000002,10.998249999999999,11.3113,24,0,0,0,0,0.0,23.0,0,BTGOXD2,mg/L,reported_gmt_minus_4_unconverted
2023-09-21,24,24,24,1.0,high,True,True,True,True,8.805125,9.285499999999999,2.114187464694076,4.469,11.934,5.6015999999999995,8.145999999999999,10.1125,11.1423,24,0,0,0,0,0.0,23.0,0,BTGOXD2,mg/L,reported_gmt_minus_4_unconverted
2023-09-22,24,24,24,1.0,high,True,True,True,True,8.070583333333333,8.139,1.963556000389769,5.138,10.997,5.5776,6.4935,9.518749999999999,10.7521,24,0,0,0,0,0.0,23.0,0,BTGOXD2,mg/L,reported_gmt_minus_4_unconverted
2023-09-23,24,24,24,1.0,high,True,True,True,True,7.418166666666667,7.031,1.9324196516659955,4.949,11.023,5.1912,5.66625,8.979000000000001,9.8875,24,0,0,0,0,0.0,23.0,0,BTGOXD2,mg/L,reported_gmt_minus_4_unconverted
2023-09-24,24,24,24,1.0,high,True,True,True,True,6.2612499999999995,6.057,1.535132121491431,4.234,9.393,4.5569999999999995,4.93675,7.3925,8.503699999999998,24,0,0,0,0,0.0,23.0,0,BTGOXD2,mg/L,reported_gmt_minus_4_unconverted
2023-09-25,24,24,24,1.0,high,True,True,True,True,6.715791666666667,6.3445,1.3905709174469583,4.649,9.534,5.216600000000001,5.665,7.83825,8.7296,24,0,0,0,0,0.0,23.0,0,BTGOXD2,mg/L,reported_gmt_minus_4_unconverted
2023-09-26,24,24,24,1.0,high,True,True,True,True,3.9736666666666665,4.108499999999999,1.2592515950794523,1.627,6.403,2.1588,3.08425,4.757,5.4336,24,0,0,0,0,0.0,23.0,0,BTGOXD2,mg/L,reported_gmt_minus_4_unconverted
2023-09-27,24,24,24,1.0,high,True,True,True,True,2.638708333333333,2.275,1.0502263308518276,1.483,4.995,1.6142,1.69675,3.56725,4.1034,24,0,0,0,0,0.0,23.0,0,BTGOXD2,mg/L,reported_gmt_minus_4_unconverted
2023-09-28,24,24,24,1.0,high,True,True,True,True,2.411583333333333,1.8014999999999999,1.1024515730926656,1.239,4.802,1.447,1.5775000000000001,3.3905000000000003,3.8581999999999996,24,0,0,0,0,0.0,23.0,0,BTGOXD2,mg/L,reported_gmt_minus_4_unconverted
2023-09-29,24,24,24,1.0,high,True,True,True,True,2.0408333333333335,1.7469999999999999,0.736149421662812,1.266,3.65,1.3535000000000001,1.52475,2.348,3.2659,24,0,0,0,0,0.0,23.0,0,BTGOXD2,mg/L,reported_gmt_minus_4_unconverted
2023-09-30,24,24,24,1.0,high,True,True,True,True,3.7432916666666665,3.7504999999999997,1.8346085349330727,1.33,7.254,1.5621,1.8667500000000001,4.8955,6.220299999999999,24,0,0,0,0,0.0,23.0,0,BTGOXD2,mg/L,reported_gmt_minus_4_unconverted
2023-10-01,24,24,24,1.0,high,True,True,True,True,5.321166666666667,5.4045000000000005,1.3247781657340965,2.985,7.558,3.6106,4.253,6.64,6.9314,24,0,0,0,0,0.0,23.0,0,BTGOXD2,mg/L,reported_gmt_minus_4_unconverted
2023-10-02,24,24,24,1.0,high,True,True,True,True,4.852666666666667,4.556,2.17648519340276,2.071,9.191,2.2642,3.133,6.022,8.2189,24,0,0,0,0,0.0,23.0,0,BTGOXD2,mg/L,reported_gmt_minus_4_unconverted
2023-10-03,24,24,24,1.0,high,True,True,True,True,4.852333333333334,4.3955,2.311244002821794,1.064,9.285,1.6463000000000003,3.349,6.71075,7.8311,24,0,0,0,0,0.0,23.0,0,BTGOXD2,mg/L,reported_gmt_minus_4_unconverted
2023-10-04,24,24,24,1.0,high,True,True,True,True,2.1095,1.9989999999999999,1.24074725030138,0.541,4.315,0.8605,0.92225,2.90475,3.8849,24,0,0,0,0,0.0,23.0,0,BTGOXD2,mg/L,reported_gmt_minus_4_unconverted
2023-10-05,24,24,24,1.0,high,True,True,True,True,1.5723749999999999,1.2685,1.0248013089502215,0.509,3.377,0.5636,0.62725,2.6325000000000003,2.9388,24,0,0,0,0,0.0,23.0,0,BTGOXD2,mg/L,reported_gmt_minus_4_unconverted
2023-10-06,24,24,24,1.0,high,True,True,True,True,2.0361249999999997,1.8425,1.3789421059354663,0.429,5.196,0.4875,0.80525,2.5197499999999997,4.0618,24,0,0,0,0,0.0,23.0,0,BTGOXD2,mg/L,reported_gmt_minus_4_unconverted
2023-10-07,24,24,24,1.0,high,True,True,True,True,2.136833333333333,2.008,1.1144079990765487,0.733,5.258,0.8552,1.32075,2.6870000000000003,3.6129,24,0,0,0,0,0.0,23.0,0,BTGOXD2,mg/L,reported_gmt_minus_4_unconverted
2023-10-08,24,24,24,1.0,high,True,True,True,True,2.653958333333333,2.3055000000000003,1.2090349180114752,0.574,4.639,1.2935,1.92675,3.7502500000000003,4.468699999999999,24,0,0,0,0,0.0,23.0,0,BTGOXD2,mg/L,reported_gmt_minus_4_unconverted
2023-10-09,24,24,24,1.0,high,True,True,True,True,4.973791666666666,4.789,1.8328708291773523,1.772,9.603,3.0458,3.65275,6.23225,7.1353,24,0,0,0,0,0.0,23.0,0,BTGOXD2,mg/L,reported_gmt_minus_4_unconverted
2023-10-10,24,24,24,1.0,high,True,True,True,True,7.435208333333333,7.4465,1.589334177768536,4.409,9.657,5.4026,6.4392499999999995,8.85225,9.2147,24,0,0,0,0,0.0,23.0,0,BTGOXD2,mg/L,reported_gmt_minus_4_unconverted
2023-10-11,24,24,24,1.0,high,True,True,True,True,4.773666666666667,4.774,1.6943472429552762,2.499,8.433,2.6765000000000003,3.28425,6.011749999999999,6.5976,24,0,0,0,0,0.0,23.0,0,BTGOXD2,mg/L,reported_gmt_minus_4_unconverted
2023-10-12,24,24,24,1.0,high,True,True,True,True,3.2485,2.9154999999999998,1.1578283269909269,1.785,6.412,2.4515000000000002,2.56975,3.49775,5.0836999999999986,24,0,0,0,0,0.0,23.0,0,BTGOXD2,mg/L,reported_gmt_minus_4_unconverted
2023-10-13,24,24,24,1.0,high,True,True,True,True,5.051583333333334,5.6025,2.421231000538985,1.669,8.832,1.8308,2.3965,6.95425,7.6187,24,0,0,0,0,0.0,23.0,0,BTGOXD2,mg/L,reported_gmt_minus_4_unconverted
2023-10-14,24,24,24,1.0,high,True,True,True,True,7.218166666666666,7.224,0.9360078347250446,5.211,9.1,6.1013,6.83175,7.64875,8.3882,24,0,0,0,0,0.0,23.0,0,BTGOXD2,mg/L,reported_gmt_minus_4_unconverted
2023-10-15,24,24,24,1.0,high,True,True,True,True,6.734375,6.8055,1.2728724384498304,3.982,8.788,4.7009,6.3255,7.52525,8.258,24,0,0,0,0,0.0,23.0,0,BTGOXD2,mg/L,reported_gmt_minus_4_unconverted
2023-10-16,24,24,24,1.0,high,True,True,True,True,4.311916666666666,4.108,1.5575418737246831,1.733,7.133,2.556,3.12875,5.342,6.5631,24,0,0,0,0,0.0,23.0,0,BTGOXD2,mg/L,reported_gmt_minus_4_unconverted
2023-10-17,24,24,24,1.0,high,True,True,True,True,5.917791666666667,6.5005,1.7712909804204504,1.909,8.12,3.7087,4.72225,7.37025,7.8199,24,0,0,0,0,0.0,23.0,0,BTGOXD2,mg/L,reported_gmt_minus_4_unconverted
2023-10-18,24,24,24,1.0,high,True,True,True,True,7.049,6.785,1.0097098593160312,5.203,9.758,6.1258,6.59375,7.481,8.152399999999998,24,0,0,0,0,0.0,23.0,0,BTGOXD2,mg/L,reported_gmt_minus_4_unconverted
2023-10-19,24,24,24,1.0,high,True,True,True,True,5.8232083333333335,5.638999999999999,1.3874305616519327,2.907,8.191,4.340400000000001,4.789000000000001,6.9384999999999994,7.6888,24,0,0,0,0,0.0,23.0,0,BTGOXD2,mg/L,reported_gmt_minus_4_unconverted
2023-10-20,24,24,24,1.0,high,True,True,True,True,5.6465,6.6579999999999995,2.1722967408792893,2.491,8.333,3.0811,3.34225,7.53775,7.972,24,0,0,0,0,0.0,23.0,0,BTGOXD2,mg/L,reported_gmt_minus_4_unconverted
2023-10-21,24,24,24,1.0,high,True,True,True,True,9.248208333333332,9.578,0.6643612806537451,7.803,10.096,8.4448,8.722999999999999,9.69575,9.9021,24,0,0,0,0,0.0,23.0,0,BTGOXD2,mg/L,reported_gmt_minus_4_unconverted
2023-10-22,24,24,24,1.0,high,True,True,True,True,8.885208333333333,9.003,0.8534291941882195,7.231,9.784,7.5884,8.3255,9.7085,9.7322,24,0,0,0,0,0.0,23.0,0,BTGOXD2,mg/L,reported_gmt_minus_4_unconverted
2023-10-23,24,24,24,1.0,high,True,True,True,True,8.149500000000002,8.301,0.9953032747337127,5.878,9.444,6.8227,7.4087499999999995,8.9605,9.3259,24,0,0,0,0,0.0,23.0,0,BTGOXD2,mg/L,reported_gmt_minus_4_unconverted
2023-10-24,24,24,24,1.0,high,True,True,True,True,6.105916666666666,6.249499999999999,1.5942459827840836,3.204,8.729,4.127800000000001,4.735,7.4327499999999995,8.284600000000001,24,0,0,0,0,0.0,23.0,0,BTGOXD2,mg/L,reported_gmt_minus_4_unconverted
2023-10-25,24,24,24,1.0,high,True,True,True,True,4.736833333333333,4.4775,1.2551870696076124,3.071,7.218,3.3017,3.6784999999999997,5.68225,6.5399,24,0,0,0,0,0.0,23.0,0,BTGOXD2,mg/L,reported_gmt_minus_4_unconverted
2023-10-26,24,24,24,1.0,high,True,True,True,True,5.624541666666666,5.6465,0.5339665336497887,4.26,6.484,5.1027000000000005,5.24875,6.08325,6.2575,24,0,0,0,0,0.0,23.0,0,BTGOXD2,mg/L,reported_gmt_minus_4_unconverted
2023-10-27,24,24,24,1.0,high,True,True,True,True,6.0915,6.0975,0.5966267495351425,4.817,7.7,5.4249,5.773,6.471,6.6682,24,0,0,0,0,0.0,23.0,0,BTGOXD2,mg/L,reported_gmt_minus_4_unconverted
2023-10-28,24,24,24,1.0,high,True,True,True,True,5.487166666666667,5.6475,0.7575430346028946,3.71,7.093,4.6901,5.023,5.81025,6.3052,24,0,0,0,0,0.0,23.0,0,BTGOXD2,mg/L,reported_gmt_minus_4_unconverted
2023-10-29,24,24,24,1.0,high,True,True,True,True,5.964583333333334,5.978,0.7958789462609557,4.795,7.471,4.9284,5.23625,6.5432500000000005,6.864599999999999,24,0,0,0,0,0.0,23.0,0,BTGOXD2,mg/L,reported_gmt_minus_4_unconverted
2023-10-30,24,24,24,1.0,high,True,True,True,True,5.983541666666667,6.101,0.6731912951959022,4.668,7.386,5.0519,5.617999999999999,6.2947500000000005,6.8237,24,0,0,0,0,0.0,23.0,0,BTGOXD2,mg/L,reported_gmt_minus_4_unconverted
2023-10-31,24,24,24,1.0,high,True,True,True,True,6.022708333333334,6.223000000000001,0.8826069822661317,4.749,7.974,4.9448,5.142250000000001,6.64775,6.978,24,0,0,0,0,0.0,23.0,0,BTGOXD2,mg/L,reported_gmt_minus_4_unconverted
2023-11-01,24,24,24,1.0,high,True,True,True,True,5.568541666666667,5.5445,0.4284029979157342,4.961,6.44,5.08,5.256,5.71375,6.178100000000001,24,0,0,0,0,0.0,23.0,0,BTGOXD2,mg/L,reported_gmt_minus_4_unconverted
2023-11-02,24,24,24,1.0,high,True,True,True,True,4.836125,4.8245000000000005,0.7399272768319871,3.459,6.136,3.9995000000000003,4.30425,5.40625,5.7915,24,0,0,0,0,0.0,23.0,0,BTGOXD2,mg/L,reported_gmt_minus_4_unconverted
2023-11-03,24,24,24,1.0,high,True,True,True,True,4.873166666666666,4.917999999999999,0.5542836086703086,3.91,5.847,4.0481,4.3965,5.2860000000000005,5.5234,24,0,0,0,0,0.0,23.0,0,BTGOXD2,mg/L,reported_gmt_minus_4_unconverted
2023-11-04,24,24,24,1.0,high,True,True,True,True,6.850666666666666,6.8294999999999995,0.190731467654457,6.323,7.165,6.6639,6.7515,7.00525,7.0793,24,0,0,0,0,0.0,23.0,0,BTGOXD2,mg/L,reported_gmt_minus_4_unconverted
2023-11-05,24,24,24,1.0,high,True,True,True,True,6.812083333333334,6.843,0.2887533800542491,6.321,7.244,6.4338,6.544499999999999,7.0135,7.1947,24,0,0,0,0,0.0,23.0,0,BTGOXD2,mg/L,reported_gmt_minus_4_unconverted
2023-11-06,24,24,24,1.0,high,True,True,True,True,6.908083333333334,6.958,0.28793657463839634,6.355,7.44,6.5214,6.6885,7.08875,7.2447,24,0,0,0,0,0.0,23.0,0,BTGOXD2,mg/L,reported_gmt_minus_4_unconverted
2023-11-07,24,24,24,1.0,high,True,True,True,True,7.054166666666667,7.038,0.3163030559264418,6.583,7.666,6.6666,6.8015,7.342,7.4616,24,0,0,0,0,0.0,23.0,0,BTGOXD2,mg/L,reported_gmt_minus_4_unconverted
2023-11-08,24,24,24,1.0,high,True,True,True,True,6.830083333333334,6.843500000000001,0.2154457294049723,6.423,7.343,6.5736,6.6955,6.9365000000000006,7.0484,24,0,0,0,0,0.0,23.0,0,BTGOXD2,mg/L,reported_gmt_minus_4_unconverted
2023-11-09,24,24,24,1.0,high,True,True,True,True,7.144375,7.282500000000001,0.5711937775586663,6.167,7.848,6.350300000000001,6.629,7.6875,7.7139999999999995,24,0,0,0,0,0.0,23.0,0,BTGOXD2,mg/L,reported_gmt_minus_4_unconverted
2023-11-10,24,24,24,1.0,high,True,True,True,True,7.113625,7.214,0.2735545112992544,6.402,7.384,6.7694,6.938,7.3245000000000005,7.3532,24,0,0,0,0,0.0,23.0,0,BTGOXD2,mg/L,reported_gmt_minus_4_unconverted
2023-11-11,24,24,24,1.0,high,True,True,True,True,7.146333333333334,7.167999999999999,0.34992069494904593,6.233,7.599,6.8313,7.03925,7.40175,7.5159,24,0,0,0,0,0.0,23.0,0,BTGOXD2,mg/L,reported_gmt_minus_4_unconverted
2023-11-12,24,24,24,1.0,high,True,True,True,True,6.881249999999999,6.8955,0.3366952240722217,6.244,7.529,6.4515,6.648,7.1285,7.2485,24,0,0,0,0,0.0,23.0,0,BTGOXD2,mg/L,reported_gmt_minus_4_unconverted
2023-11-13,24,24,24,1.0,high,True,True,True,True,6.668166666666667,6.387499999999999,0.5075496691622079,6.175,7.563,6.2071000000000005,6.3185,7.228,7.4479,24,0,0,0,0,0.0,23.0,0,BTGOXD2,mg/L,reported_gmt_minus_4_unconverted
2023-11-14,24,24,24,1.0,high,True,True,True,True,6.507416666666667,6.2865,0.48020067514092185,5.736,7.215,6.0174,6.180999999999999,7.054,7.1723,24,0,0,0,0,0.0,23.0,0,BTGOXD2,mg/L,reported_gmt_minus_4_unconverted
2023-11-15,24,24,24,1.0,high,True,True,True,True,6.257124999999999,6.393,0.372011139676594,5.316,6.663,5.6026,6.21825,6.508249999999999,6.5217,24,0,0,0,0,0.0,23.0,0,BTGOXD2,mg/L,reported_gmt_minus_4_unconverted
2023-11-16,24,24,12,0.5,partial,True,False,False,False,5.405666666666666,5.453,0.8292557817194592,3.265,6.472,4.8942,5.2545,5.742,6.2676,12,12,0,0,0,0.0,11.0,12,BTGOXD2,mg/L,reported_gmt_minus_4_unconverted
2023-11-17,24,24,0,0.0,missing,False,False,False,False,,,,,,,,,,0,24,0,0,0,,,24,BTGOXD2,mg/L,reported_gmt_minus_4_unconverted
2023-11-18,24,24,0,0.0,missing,False,False,False,False,,,,,,,,,,0,24,0,0,0,,,24,BTGOXD2,mg/L,reported_gmt_minus_4_unconverted
2023-11-19,24,24,0,0.0,missing,False,False,False,False,,,,,,,,,,0,24,0,0,0,,,24,BTGOXD2,mg/L,reported_gmt_minus_4_unconverted
2023-11-20,24,24,0,0.0,missing,False,False,False,False,,,,,,,,,,0,24,0,0,0,,,24,BTGOXD2,mg/L,reported_gmt_minus_4_unconverted
2023-11-21,24,24,0,0.0,missing,False,False,False,False,,,,,,,,,,0,24,0,0,0,,,24,BTGOXD2,mg/L,reported_gmt_minus_4_unconverted
2023-11-22,24,24,0,0.0,missing,False,False,False,False,,,,,,,,,,0,24,0,0,0,,,24,BTGOXD2,mg/L,reported_gmt_minus_4_unconverted
2023-11-23,24,24,0,0.0,missing,False,False,False,False,,,,,,,,,,0,24,0,0,0,,,24,BTGOXD2,mg/L,reported_gmt_minus_4_unconverted
2023-11-24,24,24,0,0.0,missing,False,False,False,False,,,,,,,,,,0,24,0,0,0,,,24,BTGOXD2,mg/L,reported_gmt_minus_4_unconverted
2023-11-25,24,24,0,0.0,missing,False,False,False,False,,,,,,,,,,0,24,0,0,0,,,24,BTGOXD2,mg/L,reported_gmt_minus_4_unconverted
2023-11-26,24,24,0,0.0,missing,False,False,False,False,,,,,,,,,,0,24,0,0,0,,,24,BTGOXD2,mg/L,reported_gmt_minus_4_unconverted
2023-11-27,24,24,0,0.0,missing,False,False,False,False,,,,,,,,,,0,24,0,0,0,,,24,BTGOXD2,mg/L,reported_gmt_minus_4_unconverted
2023-11-28,24,24,0,0.0,missing,False,False,False,False,,,,,,,,,,0,24,0,0,0,,,24,BTGOXD2,mg/L,reported_gmt_minus_4_unconverted
2023-11-29,24,24,0,0.0,missing,False,False,False,False,,,,,,,,,,0,24,0,0,0,,,24,BTGOXD2,mg/L,reported_gmt_minus_4_unconverted
2023-11-30,24,24,0,0.0,missing,False,False,False,False,,,,,,,,,,0,24,0,0,0,,,24,BTGOXD2,mg/L,reported_gmt_minus_4_unconverted
2023-12-01,24,24,0,0.0,missing,False,False,False,False,,,,,,,,,,0,24,0,0,0,,,24,BTGOXD2,mg/L,reported_gmt_minus_4_unconverted
2023-12-02,24,24,0,0.0,missing,False,False,False,False,,,,,,,,,,0,24,0,0,0,,,24,BTGOXD2,mg/L,reported_gmt_minus_4_unconverted
2023-12-03,24,24,0,0.0,missing,False,False,False,False,,,,,,,,,,0,24,0,0,0,,,24,BTGOXD2,mg/L,reported_gmt_minus_4_unconverted
2023-12-04,24,24,0,0.0,missing,False,False,False,False,,,,,,,,,,0,24,0,0,0,,,24,BTGOXD2,mg/L,reported_gmt_minus_4_unconverted
2023-12-05,24,24,0,0.0,missing,False,False,False,False,,,,,,,,,,0,24,0,0,0,,,24,BTGOXD2,mg/L,reported_gmt_minus_4_unconverted
2023-12-06,24,24,0,0.0,missing,False,False,False,False,,,,,,,,,,0,24,0,0,0,,,24,BTGOXD2,mg/L,reported_gmt_minus_4_unconverted
2023-12-07,24,24,0,0.0,missing,False,False,False,False,,,,,,,,,,0,24,0,0,0,,,24,BTGOXD2,mg/L,reported_gmt_minus_4_unconverted
2023-12-08,24,24,24,1.0,high,True,True,True,True,3.0396249999999996,3.019,0.5733138462520749,2.196,3.969,2.3653,2.513,3.51425,3.8296,24,0,0,0,0,0.0,23.0,0,BTGOXD2,mg/L,reported_gmt_minus_4_unconverted
2023-12-09,24,24,24,1.0,high,True,True,True,True,2.763375,2.7475,0.39186519559886807,2.023,3.857,2.3027,2.5705,2.92325,3.2304999999999997,24,0,0,0,0,0.0,23.0,0,BTGOXD2,mg/L,reported_gmt_minus_4_unconverted
2023-12-10,24,24,24,1.0,high,True,True,True,True,5.7231250000000005,5.9895,1.363071445781309,2.649,7.509,3.6238,5.351,6.57125,7.085,24,0,0,0,0,0.0,23.0,0,BTGOXD2,mg/L,reported_gmt_minus_4_unconverted
2023-12-11,24,24,24,1.0,high,True,True,True,True,5.718958333333333,5.7829999999999995,0.5745891143785434,4.739,7.089,4.8794,5.4025,6.00825,6.4159,24,0,0,0,0,0.0,23.0,0,BTGOXD2,mg/L,reported_gmt_minus_4_unconverted
2023-12-12,24,24,24,1.0,high,True,True,True,True,4.76675,4.774,0.9511152378403859,2.491,6.82,3.4555,4.6085,5.2955,5.6216,24,0,0,0,0,0.0,23.0,0,BTGOXD2,mg/L,reported_gmt_minus_4_unconverted
2023-12-13,24,24,24,1.0,high,True,True,True,True,5.448458333333334,5.1259999999999994,2.050875485995669,2.874,9.455,3.2223,3.84675,6.719250000000001,8.678,24,0,0,0,0,0.0,23.0,0,BTGOXD2,mg/L,reported_gmt_minus_4_unconverted
2023-12-14,24,24,24,1.0,high,True,True,True,True,7.463958333333333,7.367,1.0046002656980435,5.323,9.58,6.6171999999999995,6.882,8.07375,8.694199999999999,24,0,0,0,0,0.0,23.0,0,BTGOXD2,mg/L,reported_gmt_minus_4_unconverted
2023-12-15,24,24,24,1.0,high,True,True,True,True,6.9264166666666656,6.478,1.1534290621660594,5.159,9.156,5.903700000000001,6.1015,7.7975,8.6829,24,0,0,0,0,0.0,23.0,0,BTGOXD2,mg/L,reported_gmt_minus_4_unconverted
2023-12-16,24,24,24,1.0,high,True,True,True,True,7.781041666666667,8.053999999999998,0.9774636868231835,5.312,8.761,6.1462,7.697,8.38575,8.6317,24,0,0,0,0,0.0,23.0,0,BTGOXD2,mg/L,reported_gmt_minus_4_unconverted
2023-12-17,24,24,24,1.0,high,True,True,True,True,7.159625000000001,7.771,1.7091816962079176,3.283,9.366,4.255,7.02,8.15625,8.4991,24,0,0,0,0,0.0,23.0,0,BTGOXD2,mg/L,reported_gmt_minus_4_unconverted
2023-12-18,24,24,24,1.0,high,True,True,True,True,5.066333333333334,4.898,1.229696486648377,3.518,7.598,3.6522,3.8825,6.1525,6.5767999999999995,24,0,0,0,0,0.0,23.0,0,BTGOXD2,mg/L,reported_gmt_minus_4_unconverted
2023-12-19,24,24,24,1.0,high,True,True,True,True,6.7389166666666656,6.894,1.2589413052819132,4.39,9.205,4.671,6.11025,7.67375,7.8591999999999995,24,0,0,0,0,0.0,23.0,0,BTGOXD2,mg/L,reported_gmt_minus_4_unconverted
2023-12-20,24,24,24,1.0,high,True,True,True,True,8.095333333333334,8.043,1.0910337605531126,6.317,10.094,6.6164000000000005,7.426,8.816500000000001,9.6943,24,0,0,0,0,0.0,23.0,0,BTGOXD2,mg/L,reported_gmt_minus_4_unconverted
2023-12-21,24,24,24,1.0,high,True,True,True,True,7.516166666666666,7.5735,1.3330847739332836,5.297,9.425,5.722,6.41625,8.669,9.0389,24,0,0,0,0,0.0,23.0,0,BTGOXD2,mg/L,reported_gmt_minus_4_unconverted
2023-12-22,24,24,24,1.0,high,True,True,True,True,8.031875,8.035499999999999,0.5901484199832239,7.151,9.348,7.3145999999999995,7.56975,8.385,8.7821,24,0,0,0,0,0.0,23.0,0,BTGOXD2,mg/L,reported_gmt_minus_4_unconverted
2023-12-23,24,24,24,1.0,high,True,True,True,True,8.6045,8.6385,0.21692234635423363,8.023,8.973,8.3662,8.4845,8.74175,8.8415,24,0,0,0,0,0.0,23.0,0,BTGOXD2,mg/L,reported_gmt_minus_4_unconverted
2023-12-24,24,24,24,1.0,high,True,True,True,True,8.152375,8.312000000000001,0.42822016000508734,7.116,8.544,7.4779,8.09825,8.425,8.5011,24,0,0,0,0,0.0,23.0,0,BTGOXD2,mg/L,reported_gmt_minus_4_unconverted
2023-12-25,24,24,24,1.0,high,True,True,True,True,7.290333333333334,7.2955000000000005,0.493151415734133,6.418,8.16,6.6742,6.85375,7.58775,7.9805,24,0,0,0,0,0.0,23.0,0,BTGOXD2,mg/L,reported_gmt_minus_4_unconverted
2023-12-26,24,24,24,1.0,high,True,True,True,True,7.771208333333334,7.7735,0.22506134026984287,7.132,8.097,7.546,7.70725,7.91225,8.0431,24,0,0,0,0,0.0,23.0,0,BTGOXD2,mg/L,reported_gmt_minus_4_unconverted
2023-12-27,24,24,24,1.0,high,True,True,True,True,8.181833333333334,7.946,0.7547822989714184,7.258,10.147,7.5908999999999995,7.7315000000000005,8.34675,9.270999999999999,24,0,0,0,0,0.0,23.0,0,BTGOXD2,mg/L,reported_gmt_minus_4_unconverted
2023-12-28,24,24,24,1.0,high,True,True,True,True,8.343291666666667,8.0765,0.7436724664251333,7.342,9.91,7.8148,7.88375,8.4305,9.7392,24,0,0,0,0,0.0,23.0,0,BTGOXD2,mg/L,reported_gmt_minus_4_unconverted
2023-12-29,24,24,24,1.0,high,True,True,True,True,7.885000000000001,7.9315,0.7834092161827049,6.482,9.902,7.0541,7.45875,8.37825,8.4512,24,0,0,0,0,0.0,23.0,0,BTGOXD2,mg/L,reported_gmt_minus_4_unconverted
2023-12-30,24,24,24,1.0,high,True,True,True,True,6.4223333333333334,6.3895,0.7366738211994368,5.351,8.059,5.688,5.8165000000000004,6.8575,7.3213,24,0,0,0,0,0.0,23.0,0,BTGOXD2,mg/L,reported_gmt_minus_4_unconverted
2023-12-31,24,24,24,1.0,high,True,True,True,True,5.692958333333333,5.5545,0.6448837764628038,4.799,7.514,5.0518,5.218249999999999,5.978,6.4403,24,0,0,0,0,0.0,23.0,0,BTGOXD2,mg/L,reported_gmt_minus_4_unconverted
2024-01-01,24,24,24,1.0,high,True,True,True,True,5.531416666666668,5.442500000000001,0.5435561581855635,4.544,6.813,4.9597999999999995,5.2455,5.78,6.2653,24,0,0,0,0,0.0,23.0,0,BTGOXD2,mg/L,reported_gmt_minus_4_unconverted
2024-01-02,24,24,24,1.0,high,True,True,True,True,5.278041666666667,5.327999999999999,0.33455596518457076,4.724,6.058,4.934,4.982,5.51425,5.644699999999999,24,0,0,0,0,0.0,23.0,0,BTGOXD2,mg/L,reported_gmt_minus_4_unconverted
2024-01-03,24,24,24,1.0,high,True,True,True,True,6.59625,6.5225,1.0110872430425963,5.221,8.276,5.3980999999999995,5.6155,7.63775,8.0093,24,0,0,0,0,0.0,23.0,0,BTGOXD2,mg/L,reported_gmt_minus_4_unconverted
2024-01-04,24,24,24,1.0,high,True,True,True,True,7.701333333333333,7.327999999999999,1.025583001396583,5.653,9.331,6.657,7.0657499999999995,8.6205,9.1624,24,0,0,0,0,0.0,23.0,0,BTGOXD2,mg/L,reported_gmt_minus_4_unconverted
2024-01-05,24,24,24,1.0,high,True,True,True,True,6.790125,6.5215,0.7780582470930858,5.744,8.143,5.9465,6.106,7.313750000000001,7.9338,24,0,0,0,0,0.0,23.0,0,BTGOXD2,mg/L,reported_gmt_minus_4_unconverted
2024-01-06,24,24,24,1.0,high,True,True,True,True,6.156458333333333,6.102,0.5201853331237835,5.33,7.168,5.5565999999999995,5.7165,6.5885,6.8399,24,0,0,0,0,0.0,23.0,0,BTGOXD2,mg/L,reported_gmt_minus_4_unconverted
2024-01-07,24,24,24,1.0,high,True,True,True,True,7.081625,7.297499999999999,0.8774921187556393,5.719,8.406,5.8063,6.3475,7.8225,8.081,24,0,0,0,0,0.0,23.0,0,BTGOXD2,mg/L,reported_gmt_minus_4_unconverted
2024-01-08,24,24,24,1.0,high,True,True,True,True,7.666999999999999,7.635,0.8923175979729268,6.475,9.088,6.6834999999999996,6.93575,8.46275,8.9459,24,0,0,0,0,0.0,23.0,0,BTGOXD2,mg/L,reported_gmt_minus_4_unconverted
2024-01-09,24,24,24,1.0,high,True,True,True,True,7.2355833333333335,6.893,0.8604347696098893,5.667,8.318,6.2338000000000005,6.601500000000001,8.13475,8.2239,24,0,0,0,0,0.0,23.0,0,BTGOXD2,mg/L,reported_gmt_minus_4_unconverted
2024-01-10,24,24,24,1.0,high,True,True,True,True,5.807708333333333,5.6,0.841799443178856,4.777,7.65,4.8961,5.14375,6.1472500000000005,7.0682,24,0,0,0,0,0.0,23.0,0,BTGOXD2,mg/L,reported_gmt_minus_4_unconverted
2024-01-11,24,24,24,1.0,high,True,True,True,True,5.433416666666666,5.1635,0.6690509122543709,4.671,6.945,4.7205,4.9375,5.796250000000001,6.4421,24,0,0,0,0,0.0,23.0,0,BTGOXD2,mg/L,reported_gmt_minus_4_unconverted
2024-01-12,24,24,24,1.0,high,True,True,True,True,6.1626666666666665,6.1575,0.5770801064630129,5.244,7.273,5.4352,5.752,6.504250000000001,7.0141,24,0,0,0,0,0.0,23.0,0,BTGOXD2,mg/L,reported_gmt_minus_4_unconverted
2024-01-13,24,24,24,1.0,high,True,True,True,True,6.409416666666666,6.3614999999999995,0.6038543530605248,5.425,7.673,5.8195,5.9535,6.79,7.2924,24,0,0,0,0,0.0,23.0,0,BTGOXD2,mg/L,reported_gmt_minus_4_unconverted
2024-01-14,24,24,24,1.0,high,True,True,True,True,6.232708333333334,6.323,0.8033599268705461,4.566,7.432,5.1948,5.721,6.8585,7.311999999999999,24,0,0,0,0,0.0,23.0,0,BTGOXD2,mg/L,reported_gmt_minus_4_unconverted
2024-01-15,24,24,24,1.0,high,True,True,True,True,7.27225,7.2669999999999995,0.5222392630069927,5.852,7.992,6.6899,7.0497499999999995,7.708,7.856199999999999,24,0,0,0,0,0.0,23.0,0,BTGOXD2,mg/L,reported_gmt_minus_4_unconverted
2024-01-16,24,24,24,1.0,high,True,True,True,True,6.311208333333333,6.355499999999999,0.7531056845499503,4.835,7.354,5.467,5.65025,7.052,7.2271,24,0,0,0,0,0.0,23.0,0,BTGOXD2,mg/L,reported_gmt_minus_4_unconverted
2024-01-17,24,24,24,1.0,high,True,True,True,True,6.705458333333333,6.9455,0.7932059866887292,5.251,7.653,5.4651000000000005,6.11825,7.33,7.46,24,0,0,0,0,0.0,23.0,0,BTGOXD2,mg/L,reported_gmt_minus_4_unconverted
2024-01-18,24,24,24,1.0,high,True,True,True,True,7.037333333333334,7.0465,0.37304675854103186,6.301,7.681,6.4947,6.805000000000001,7.21725,7.5858,24,0,0,0,0,0.0,23.0,0,BTGOXD2,mg/L,reported_gmt_minus_4_unconverted
2024-01-19,24,24,24,1.0,high,True,True,True,True,7.067708333333333,7.0665,1.001972770573639,4.502,8.328,5.8725,6.6265,8.004999999999999,8.2275,24,0,0,0,0,0.0,23.0,0,BTGOXD2,mg/L,reported_gmt_minus_4_unconverted
2024-01-20,24,24,24,1.0,high,True,True,True,True,9.089416666666667,9.556999999999999,1.0911669826648764,7.325,10.26,7.4269,7.6850000000000005,9.953,10.1501,24,0,0,0,0,0.0,23.0,0,BTGOXD2,mg/L,reported_gmt_minus_4_unconverted
2024-01-21,24,24,24,1.0,high,True,True,True,True,9.278208333333332,9.447,0.60486893867268,7.89,9.918,8.298200000000001,8.97575,9.81475,9.838899999999999,24,0,0,0,0,0.0,23.0,0,BTGOXD2,mg/L,reported_gmt_minus_4_unconverted
2024-01-22,24,24,24,1.0,high,True,True,True,True,7.648291666666668,7.616,0.7091585631955826,6.655,8.775,6.8067,6.980499999999999,8.11825,8.7129,24,0,0,0,0,0.0,23.0,0,BTGOXD2,mg/L,reported_gmt_minus_4_unconverted
2024-01-23,24,24,24,1.0,high,True,True,True,True,6.815333333333332,6.8515,0.388599342865325,6.092,7.654,6.384,6.52875,7.0184999999999995,7.1869000000000005,24,0,0,0,0,0.0,23.0,0,BTGOXD2,mg/L,reported_gmt_minus_4_unconverted
2024-01-24,24,24,24,1.0,high,True,True,True,True,6.435458333333333,6.249499999999999,0.6865090631889572,5.483,8.322,5.8027999999999995,5.96025,6.7947500000000005,7.1798,24,0,0,0,0,0.0,23.0,0,BTGOXD2,mg/L,reported_gmt_minus_4_unconverted
2024-01-25,24,24,24,1.0,high,True,True,True,True,7.839166666666666,8.078,1.0831871919265033,5.785,9.515,6.2588,7.1625000000000005,8.62,8.9797,24,0,0,0,0,0.0,23.0,0,BTGOXD2,mg/L,reported_gmt_minus_4_unconverted
2024-01-26,24,24,10,0.416667,weak,False,False,False,False,6.3968,6.269500000000001,0.6003583744546068,5.55,7.332,5.7912,5.995,6.785,7.2753,10,14,0,0,0,0.0,23.0,6,BTGOXD2,mg/L,reported_gmt_minus_4_unconverted
2024-01-27,24,24,24,1.0,high,True,True,True,True,6.4978333333333325,6.432,0.49690526318374817,5.594,7.499,5.9077,6.21025,6.80775,7.133,24,0,0,0,0,0.0,23.0,0,BTGOXD2,mg/L,reported_gmt_minus_4_unconverted
2024-01-28,24,24,24,1.0,high,True,True,True,True,7.404958333333333,7.495,1.0363866358931741,5.482,9.123,5.803,7.0495,8.124500000000001,8.5381,24,0,0,0,0,0.0,23.0,0,BTGOXD2,mg/L,reported_gmt_minus_4_unconverted
2024-01-29,24,24,24,1.0,high,True,True,True,True,8.789583333333333,8.617999999999999,0.566459708584181,7.742,9.805,8.2353,8.466000000000001,9.05725,9.7157,24,0,0,0,0,0.0,23.0,0,BTGOXD2,mg/L,reported_gmt_minus_4_unconverted
2024-01-30,24,24,24,1.0,high,True,True,True,True,9.343666666666666,9.387,0.7488708988793765,7.863,10.79,8.2746,8.913,9.69575,10.1966,24,0,0,0,0,0.0,23.0,0,BTGOXD2,mg/L,reported_gmt_minus_4_unconverted
2024-01-31,24,24,24,1.0,high,True,True,True,True,9.960166666666666,9.812,1.0550790065890456,8.226,11.479,8.686,9.1975,11.104,11.253,24,0,0,0,0,0.0,23.0,0,BTGOXD2,mg/L,reported_gmt_minus_4_unconverted
2024-02-01,24,24,24,1.0,high,True,True,True,True,10.157375,10.413,0.9854359799866117,8.386,11.465,8.841800000000001,9.3695,11.0075,11.2709,24,0,0,0,0,0.0,23.0,0,BTGOXD2,mg/L,reported_gmt_minus_4_unconverted
2024-02-02,24,24,24,1.0,high,True,True,True,True,9.73075,9.8335,0.5423208780626176,8.582,10.543,9.0106,9.42275,10.15075,10.343,24,0,0,0,0,0.0,23.0,0,BTGOXD2,mg/L,reported_gmt_minus_4_unconverted
2024-02-03,24,24,24,1.0,high,True,True,True,True,9.098374999999999,9.1335,0.2475235276476369,8.37,9.719,8.8867,9.071,9.17375,9.2824,24,0,0,0,0,0.0,23.0,0,BTGOXD2,mg/L,reported_gmt_minus_4_unconverted
2024-02-04,24,24,24,1.0,high,True,True,True,True,8.862708333333334,8.917,0.25624249370412816,7.785,9.059,8.7349,8.80375,9.00525,9.03,24,0,0,0,0,0.0,23.0,0,BTGOXD2,mg/L,reported_gmt_minus_4_unconverted
2024-02-05,24,24,24,1.0,high,True,True,True,True,8.285791666666666,8.336,0.54064076147754,7.08,8.909,7.4509,7.9615,8.764,8.834299999999999,24,0,0,0,0,0.0,23.0,0,BTGOXD2,mg/L,reported_gmt_minus_4_unconverted
2024-02-06,24,24,24,1.0,high,True,True,True,True,7.510208333333334,7.558,0.42124453077772406,6.525,8.282,7.0877,7.1655,7.71575,8.1145,24,0,0,0,0,0.0,23.0,0,BTGOXD2,mg/L,reported_gmt_minus_4_unconverted
2024-02-07,24,24,24,1.0,high,True,True,True,True,8.372083333333334,8.1465,1.0522079855843787,6.622,9.761,7.222600000000001,7.337,9.409500000000001,9.591099999999999,24,0,0,0,0,0.0,23.0,0,BTGOXD2,mg/L,reported_gmt_minus_4_unconverted
2024-02-08,24,24,24,1.0,high,True,True,True,True,9.6905,9.7015,0.31322377054556805,8.782,10.089,9.2928,9.65025,9.88725,10.025400000000001,24,0,0,0,0,0.0,23.0,0,BTGOXD2,mg/L,reported_gmt_minus_4_unconverted
2024-02-09,24,24,9,0.375,weak,False,False,False,False,8.909444444444444,8.943,0.0913524919078715,8.742,9.012,8.7948,8.865,8.982,8.9984,9,15,0,0,0,0.0,8.0,15,BTGOXD2,mg/L,reported_gmt_minus_4_unconverted
2024-02-10,24,24,24,1.0,high,True,True,True,True,8.660958333333333,8.782499999999999,0.9107841570850371,6.859,10.141,7.4242,7.75525,9.29,9.6411,24,0,0,0,0,0.0,23.0,0,BTGOXD2,mg/L,reported_gmt_minus_4_unconverted
2024-02-11,24,24,24,1.0,high,True,True,True,True,8.612666666666668,8.9815,1.008204933734108,6.232,9.221,6.4957,8.8755,9.1815,9.2126,24,0,0,0,0,0.0,23.0,0,BTGOXD2,mg/L,reported_gmt_minus_4_unconverted
2024-02-12,24,24,24,1.0,high,True,True,True,True,6.767083333333335,6.8004999999999995,0.41444115506847623,5.8,7.362,6.2498,6.52175,7.03275,7.2476,24,0,0,0,0,0.0,23.0,0,BTGOXD2,mg/L,reported_gmt_minus_4_unconverted
2024-02-13,24,24,24,1.0,high,True,True,True,True,7.929541666666666,8.049499999999998,0.3244607538626226,7.324,8.321,7.3527000000000005,7.8115,8.146999999999998,8.2337,24,0,0,0,0,0.0,23.0,0,BTGOXD2,mg/L,reported_gmt_minus_4_unconverted
2024-02-14,24,24,24,1.0,high,True,True,True,True,7.935624999999999,7.9715,0.3079799277056302,7.309,8.484,7.5282,7.7455,8.16825,8.3023,24,0,0,0,0,0.0,23.0,0,BTGOXD2,mg/L,reported_gmt_minus_4_unconverted
2024-02-15,24,24,24,1.0,high,True,True,True,True,7.696166666666667,7.726,0.5960643871455402,6.281,8.657,7.236800000000001,7.293,8.065249999999999,8.467,24,0,0,0,0,0.0,23.0,0,BTGOXD2,mg/L,reported_gmt_minus_4_unconverted
2024-02-16,24,24,24,1.0,high,True,True,True,True,7.190124999999999,7.406000000000001,0.6957255401190279,5.924,8.4,6.2635,6.6495,7.593,8.0079,24,0,0,0,0,0.0,23.0,0,BTGOXD2,mg/L,reported_gmt_minus_4_unconverted
2024-02-17,24,24,24,1.0,high,True,True,True,True,6.265041666666666,6.243,0.388432018467858,5.697,6.998,5.803000000000001,5.96425,6.615,6.7801,24,0,0,0,0,0.0,23.0,0,BTGOXD2,mg/L,reported_gmt_minus_4_unconverted
2024-02-18,24,24,24,1.0,high,True,True,True,True,6.500333333333333,6.357,0.6565348870936064,5.679,7.905,5.7458,5.9495,6.8855,7.392399999999999,24,0,0,0,0,0.0,23.0,0,BTGOXD2,mg/L,reported_gmt_minus_4_unconverted
2024-02-19,24,24,24,1.0,high,True,True,True,True,7.5369166666666665,7.626,0.3814605702646956,6.534,7.876,6.8963,7.50475,7.79175,7.838100000000001,24,0,0,0,0,0.0,23.0,0,BTGOXD2,mg/L,reported_gmt_minus_4_unconverted
2024-02-20,24,24,24,1.0,high,True,True,True,True,7.781291666666667,7.849500000000001,0.3618122836820061,6.955,8.287,7.329400000000001,7.6347499999999995,8.0515,8.1639,24,0,0,0,0,0.0,23.0,0,BTGOXD2,mg/L,reported_gmt_minus_4_unconverted
2024-02-21,24,24,24,1.0,high,True,True,True,True,7.589916666666667,7.5015,0.4841414558528967,6.527,8.304,6.9819,7.30825,8.0335,8.0745,24,0,0,0,0,0.0,23.0,0,BTGOXD2,mg/L,reported_gmt_minus_4_unconverted
2024-02-22,24,24,24,1.0,high,True,True,True,True,7.535166666666666,7.3105,0.8504839372593889,6.403,8.99,6.5769,6.8145,8.316,8.7475,24,0,0,0,0,0.0,23.0,0,BTGOXD2,mg/L,reported_gmt_minus_4_unconverted
2024-02-23,24,24,24,1.0,high,True,True,True,True,8.018708333333334,8.047,0.7544724318106784,6.702,9.447,7.0216,7.551,8.57175,8.9393,24,0,0,0,0,0.0,23.0,0,BTGOXD2,mg/L,reported_gmt_minus_4_unconverted
2024-02-24,24,24,24,1.0,high,True,True,True,True,8.488458333333332,8.567499999999999,0.6483624844420629,7.372,9.757,7.779100000000001,8.04575,8.809000000000001,9.3559,24,0,0,0,0,0.0,23.0,0,BTGOXD2,mg/L,reported_gmt_minus_4_unconverted
2024-02-25,24,24,24,1.0,high,True,True,True,True,7.866416666666666,7.891,0.5177104207084737,6.903,8.682,7.1088000000000005,7.54,8.30025,8.418899999999999,24,0,0,0,0,0.0,23.0,0,BTGOXD2,mg/L,reported_gmt_minus_4_unconverted
2024-02-26,24,24,24,1.0,high,True,True,True,True,7.286333333333334,7.2059999999999995,0.5290222865911652,6.557,8.108,6.7360999999999995,6.79,7.7715,8.0066,24,0,0,0,0,0.0,23.0,0,BTGOXD2,mg/L,reported_gmt_minus_4_unconverted
2024-02-27,24,24,24,1.0,high,True,True,True,True,7.313666666666667,7.2245,0.5192988305035153,6.523,8.203,6.6887,6.908250000000001,7.8155,7.982,24,0,0,0,0,0.0,23.0,0,BTGOXD2,mg/L,reported_gmt_minus_4_unconverted
2024-02-28,24,24,24,1.0,high,True,True,True,True,6.925583333333333,6.9955,0.39148801044072934,5.938,7.464,6.4036,6.697,7.198,7.3712,24,0,0,0,0,0.0,23.0,0,BTGOXD2,mg/L,reported_gmt_minus_4_unconverted
2024-02-29,24,24,24,1.0,high,True,True,True,True,7.2253333333333325,7.2044999999999995,0.3164474908934397,6.493,7.854,6.7787,7.1114999999999995,7.4955,7.5852,24,0,0,0,0,0.0,23.0,0,BTGOXD2,mg/L,reported_gmt_minus_4_unconverted
2024-03-01,24,24,24,1.0,high,True,True,True,True,7.192541666666666,7.1579999999999995,0.3367270832932635,6.732,7.859,6.7814,6.901,7.4565,7.606999999999999,24,0,0,0,0,0.0,23.0,0,BTGOXD2,mg/L,reported_gmt_minus_4_unconverted
2024-03-02,24,24,24,1.0,high,True,True,True,True,7.506041666666666,7.369,0.5417608552446017,6.587,8.335,6.8655,7.097,8.03075,8.2471,24,0,0,0,0,0.0,23.0,0,BTGOXD2,mg/L,reported_gmt_minus_4_unconverted
2024-03-03,24,24,24,1.0,high,True,True,True,True,7.921500000000001,8.006,0.36484541097983325,7.301,8.417,7.3519,7.604,8.220749999999999,8.3361,24,0,0,0,0,0.0,23.0,0,BTGOXD2,mg/L,reported_gmt_minus_4_unconverted
2024-03-04,24,24,24,1.0,high,True,True,True,True,7.388291666666667,7.253500000000001,0.6004653615008269,6.384,8.272,6.5557,6.96025,7.979,8.0281,24,0,0,0,0,0.0,23.0,0,BTGOXD2,mg/L,reported_gmt_minus_4_unconverted
2024-03-05,24,24,24,1.0,high,True,True,True,True,7.077916666666667,7.134499999999999,0.54219280355966,5.686,7.955,6.5845,6.9045,7.327249999999999,7.7823,24,0,0,0,0,0.0,23.0,0,BTGOXD2,mg/L,reported_gmt_minus_4_unconverted
2024-03-06,24,24,24,1.0,high,True,True,True,True,6.893541666666667,6.7605,0.6079202592994138,5.963,7.995,6.2026,6.478,7.308249999999999,7.8265,24,0,0,0,0,0.0,23.0,0,BTGOXD2,mg/L,reported_gmt_minus_4_unconverted
2024-03-07,24,24,24,1.0,high,True,True,True,True,7.261916666666667,7.358499999999999,0.4588949786708015,6.354,7.958,6.6930000000000005,6.90025,7.58125,7.7498,24,0,0,0,0,0.0,23.0,0,BTGOXD2,mg/L,reported_gmt_minus_4_unconverted
2024-03-08,24,24,24,1.0,high,True,True,True,True,6.571666666666665,6.5905000000000005,0.3524725911843811,5.857,7.246,6.1144,6.326,6.8020000000000005,6.9878,24,0,0,0,0,0.0,23.0,0,BTGOXD2,mg/L,reported_gmt_minus_4_unconverted
2024-03-09,24,24,24,1.0,high,True,True,True,True,6.532875,6.5425,0.24916369902745356,5.95,6.957,6.2111,6.4185,6.686249999999999,6.8574,24,0,0,0,0,0.0,23.0,0,BTGOXD2,mg/L,reported_gmt_minus_4_unconverted
2024-03-10,24,24,24,1.0,high,True,True,True,True,6.967083333333332,7.141,0.616555926210208,6.097,7.771,6.1229,6.3062499999999995,7.46125,7.6962,24,0,0,0,0,0.0,23.0,0,BTGOXD2,mg/L,reported_gmt_minus_4_unconverted
2024-03-11,24,24,24,1.0,high,True,True,True,True,7.002375,7.1690000000000005,0.53579593880831,5.814,7.585,6.062600000000001,6.8425,7.40275,7.5423,24,0,0,0,0,0.0,23.0,0,BTGOXD2,mg/L,reported_gmt_minus_4_unconverted
2024-03-12,24,24,24,1.0,high,True,True,True,True,6.671250000000001,6.73,0.4651186150724959,5.297,7.431,6.0531999999999995,6.50225,6.963,7.097799999999999,24,0,0,0,0,0.0,23.0,0,BTGOXD2,mg/L,reported_gmt_minus_4_unconverted
2024-03-13,24,24,23,0.958333,high,True,True,True,True,6.718086956521739,6.603,0.46918070884192054,6.23,8.421,6.282,6.432,6.925,7.0668,23,1,0,0,0,0.0,23.0,1,BTGOXD2,mg/L,reported_gmt_minus_4_unconverted
2024-03-14,24,24,24,1.0,high,True,True,True,True,6.23425,6.324,0.544613165467013,5.116,7.76,5.5639,5.97175,6.3785,6.7299,24,0,0,0,0,0.0,23.0,0,BTGOXD2,mg/L,reported_gmt_minus_4_unconverted
2024-03-15,24,24,24,1.0,high,True,True,True,True,6.172916666666667,6.087,0.9908129256439828,4.741,8.265,5.0759,5.41575,6.52125,7.6854000000000005,24,0,0,0,0,0.0,23.0,0,BTGOXD2,mg/L,reported_gmt_minus_4_unconverted
2024-03-16,24,24,24,1.0,high,True,True,True,True,6.632833333333333,6.516500000000001,1.289175087331857,4.605,9.346,5.1743999999999994,5.55175,7.52275,8.4128,24,0,0,0,0,0.0,23.0,0,BTGOXD2,mg/L,reported_gmt_minus_4_unconverted
2024-03-17,24,24,24,1.0,high,True,True,True,True,7.8691249999999995,7.898,0.49702150355895064,6.901,8.606,7.2232,7.513249999999999,8.283,8.5135,24,0,0,0,0,0.0,23.0,0,BTGOXD2,mg/L,reported_gmt_minus_4_unconverted
2024-03-18,24,24,24,1.0,high,True,True,True,True,8.298083333333333,8.391,0.5395116081812501,6.674,8.949,7.7,8.144,8.6815,8.8064,24,0,0,0,0,0.0,23.0,0,BTGOXD2,mg/L,reported_gmt_minus_4_unconverted
2024-03-19,24,24,24,1.0,high,True,True,True,True,8.30325,8.3995,0.304497483390757,7.478,8.664,7.909,8.15,8.523249999999999,8.610899999999999,24,0,0,0,0,0.0,23.0,0,BTGOXD2,mg/L,reported_gmt_minus_4_unconverted
2024-03-20,24,24,24,1.0,high,True,True,True,True,7.881083333333334,7.8774999999999995,0.42810989209564515,7.137,8.684,7.4241,7.5435,8.2125,8.4166,24,0,0,0,0,0.0,23.0,0,BTGOXD2,mg/L,reported_gmt_minus_4_unconverted
2024-03-21,24,24,24,1.0,high,True,True,True,True,7.623666666666666,7.6265,0.15528869794722644,7.301,7.853,7.4233,7.5395,7.722250000000001,7.8221,24,0,0,0,0,0.0,23.0,0,BTGOXD2,mg/L,reported_gmt_minus_4_unconverted
2024-03-22,24,24,24,1.0,high,True,True,True,True,8.279083333333332,8.3945,0.8261695223803313,5.817,9.463,7.3974,7.7805,8.90175,9.0277,24,0,0,0,0,0.0,23.0,0,BTGOXD2,mg/L,reported_gmt_minus_4_unconverted
2024-03-23,24,24,24,1.0,high,True,True,True,True,8.129041666666666,8.1665,0.5981397596728121,6.686,9.105,7.381,7.774,8.56,8.6385,24,0,0,0,0,0.0,23.0,0,BTGOXD2,mg/L,reported_gmt_minus_4_unconverted
2024-03-24,24,24,24,1.0,high,True,True,True,True,8.106083333333332,8.272,0.35249408464560783,7.216,8.505,7.6743,7.844,8.3665,8.4528,24,0,0,0,0,0.0,23.0,0,BTGOXD2,mg/L,reported_gmt_minus_4_unconverted
2024-03-25,24,24,0,0.0,missing,False,False,False,False,,,,,,,,,,0,24,0,0,0,,,24,BTGOXD2,mg/L,reported_gmt_minus_4_unconverted
2024-03-26,24,24,1,0.041667,weak,False,False,False,False,8.696,8.696,,8.696,8.696,8.696,8.696,8.696,8.696,1,23,0,0,0,0.0,0.0,23,BTGOXD2,mg/L,reported_gmt_minus_4_unconverted
2024-03-27,24,24,0,0.0,missing,False,False,False,False,,,,,,,,,,0,24,0,0,0,,,24,BTGOXD2,mg/L,reported_gmt_minus_4_unconverted
2024-03-28,24,24,0,0.0,missing,False,False,False,False,,,,,,,,,,0,24,0,0,0,,,24,BTGOXD2,mg/L,reported_gmt_minus_4_unconverted
2024-03-29,24,24,0,0.0,missing,False,False,False,False,,,,,,,,,,0,24,0,0,0,,,24,BTGOXD2,mg/L,reported_gmt_minus_4_unconverted
2024-03-30,24,24,0,0.0,missing,False,False,False,False,,,,,,,,,,0,24,0,0,0,,,24,BTGOXD2,mg/L,reported_gmt_minus_4_unconverted
2024-03-31,24,24,0,0.0,missing,False,False,False,False,,,,,,,,,,0,24,0,0,0,,,24,BTGOXD2,mg/L,reported_gmt_minus_4_unconverted
2024-04-01,24,24,0,0.0,missing,False,False,False,False,,,,,,,,,,0,24,0,0,0,,,24,BTGOXD2,mg/L,reported_gmt_minus_4_unconverted
2024-04-02,24,24,0,0.0,missing,False,False,False,False,,,,,,,,,,0,24,0,0,0,,,24,BTGOXD2,mg/L,reported_gmt_minus_4_unconverted
2024-04-03,24,24,0,0.0,missing,False,False,False,False,,,,,,,,,,0,24,0,0,0,,,24,BTGOXD2,mg/L,reported_gmt_minus_4_unconverted
2024-04-04,24,24,0,0.0,missing,False,False,False,False,,,,,,,,,,0,24,0,0,0,,,24,BTGOXD2,mg/L,reported_gmt_minus_4_unconverted
2024-04-05,24,24,0,0.0,missing,False,False,False,False,,,,,,,,,,0,24,0,0,0,,,24,BTGOXD2,mg/L,reported_gmt_minus_4_unconverted
2024-04-06,24,24,0,0.0,missing,False,False,False,False,,,,,,,,,,0,24,0,0,0,,,24,BTGOXD2,mg/L,reported_gmt_minus_4_unconverted
2024-04-07,24,24,0,0.0,missing,False,False,False,False,,,,,,,,,,0,24,0,0,0,,,24,BTGOXD2,mg/L,reported_gmt_minus_4_unconverted
2024-04-08,24,24,0,0.0,missing,False,False,False,False,,,,,,,,,,0,24,0,0,0,,,24,BTGOXD2,mg/L,reported_gmt_minus_4_unconverted
2024-04-09,24,24,0,0.0,missing,False,False,False,False,,,,,,,,,,0,24,0,0,0,,,24,BTGOXD2,mg/L,reported_gmt_minus_4_unconverted
2024-04-10,24,24,0,0.0,missing,False,False,False,False,,,,,,,,,,0,24,0,0,0,,,24,BTGOXD2,mg/L,reported_gmt_minus_4_unconverted
2024-04-11,24,24,0,0.0,missing,False,False,False,False,,,,,,,,,,0,24,0,0,0,,,24,BTGOXD2,mg/L,reported_gmt_minus_4_unconverted
2024-04-12,24,24,0,0.0,missing,False,False,False,False,,,,,,,,,,0,24,0,0,0,,,24,BTGOXD2,mg/L,reported_gmt_minus_4_unconverted
2024-04-13,24,24,0,0.0,missing,False,False,False,False,,,,,,,,,,0,24,0,0,0,,,24,BTGOXD2,mg/L,reported_gmt_minus_4_unconverted
2024-04-14,24,24,0,0.0,missing,False,False,False,False,,,,,,,,,,0,24,0,0,0,,,24,BTGOXD2,mg/L,reported_gmt_minus_4_unconverted
2024-04-15,24,24,0,0.0,missing,False,False,False,False,,,,,,,,,,0,24,0,0,0,,,24,BTGOXD2,mg/L,reported_gmt_minus_4_unconverted
2024-04-16,24,24,0,0.0,missing,False,False,False,False,,,,,,,,,,0,24,0,0,0,,,24,BTGOXD2,mg/L,reported_gmt_minus_4_unconverted
2024-04-17,24,24,0,0.0,missing,False,False,False,False,,,,,,,,,,0,24,0,0,0,,,24,BTGOXD2,mg/L,reported_gmt_minus_4_unconverted
2024-04-18,24,24,0,0.0,missing,False,False,False,False,,,,,,,,,,0,24,0,0,0,,,24,BTGOXD2,mg/L,reported_gmt_minus_4_unconverted
2024-04-19,24,24,0,0.0,missing,False,False,False,False,,,,,,,,,,0,24,0,0,0,,,24,BTGOXD2,mg/L,reported_gmt_minus_4_unconverted
2024-04-20,24,24,0,0.0,missing,False,False,False,False,,,,,,,,,,0,24,0,0,0,,,24,BTGOXD2,mg/L,reported_gmt_minus_4_unconverted
2024-04-21,24,24,0,0.0,missing,False,False,False,False,,,,,,,,,,0,24,0,0,0,,,24,BTGOXD2,mg/L,reported_gmt_minus_4_unconverted
2024-04-22,24,24,0,0.0,missing,False,False,False,False,,,,,,,,,,0,24,0,0,0,,,24,BTGOXD2,mg/L,reported_gmt_minus_4_unconverted
2024-04-23,24,24,0,0.0,missing,False,False,False,False,,,,,,,,,,0,24,0,0,0,,,24,BTGOXD2,mg/L,reported_gmt_minus_4_unconverted
2024-04-24,24,24,0,0.0,missing,False,False,False,False,,,,,,,,,,0,24,0,0,0,,,24,BTGOXD2,mg/L,reported_gmt_minus_4_unconverted
2024-04-25,24,24,0,0.0,missing,False,False,False,False,,,,,,,,,,0,24,0,0,0,,,24,BTGOXD2,mg/L,reported_gmt_minus_4_unconverted
2024-04-26,24,24,0,0.0,missing,False,False,False,False,,,,,,,,,,0,24,0,0,0,,,24,BTGOXD2,mg/L,reported_gmt_minus_4_unconverted
2024-04-27,24,24,0,0.0,missing,False,False,False,False,,,,,,,,,,0,24,0,0,0,,,24,BTGOXD2,mg/L,reported_gmt_minus_4_unconverted
2024-04-28,24,24,0,0.0,missing,False,False,False,False,,,,,,,,,,0,24,0,0,0,,,24,BTGOXD2,mg/L,reported_gmt_minus_4_unconverted
2024-04-29,24,24,0,0.0,missing,False,False,False,False,,,,,,,,,,0,24,0,0,0,,,24,BTGOXD2,mg/L,reported_gmt_minus_4_unconverted
2024-04-30,24,24,0,0.0,missing,False,False,False,False,,,,,,,,,,0,24,0,0,0,,,24,BTGOXD2,mg/L,reported_gmt_minus_4_unconverted
2024-05-01,24,24,0,0.0,missing,False,False,False,False,,,,,,,,,,0,24,0,0,0,,,24,BTGOXD2,mg/L,reported_gmt_minus_4_unconverted
2024-05-02,24,24,0,0.0,missing,False,False,False,False,,,,,,,,,,0,24,0,0,0,,,24,BTGOXD2,mg/L,reported_gmt_minus_4_unconverted
2024-05-03,24,24,0,0.0,missing,False,False,False,False,,,,,,,,,,0,24,0,0,0,,,24,BTGOXD2,mg/L,reported_gmt_minus_4_unconverted
2024-05-04,24,24,0,0.0,missing,False,False,False,False,,,,,,,,,,0,24,0,0,0,,,24,BTGOXD2,mg/L,reported_gmt_minus_4_unconverted
2024-05-05,24,24,0,0.0,missing,False,False,False,False,,,,,,,,,,0,24,0,0,0,,,24,BTGOXD2,mg/L,reported_gmt_minus_4_unconverted
2024-05-06,24,24,0,0.0,missing,False,False,False,False,,,,,,,,,,0,24,0,0,0,,,24,BTGOXD2,mg/L,reported_gmt_minus_4_unconverted
2024-05-07,24,24,24,1.0,high,True,True,True,True,7.844083333333333,7.6195,1.6531668664734958,5.482,10.663,6.0158,6.48525,9.36075,10.291,24,0,0,0,0,0.0,23.0,0,BTGOXD2,mg/L,reported_gmt_minus_4_unconverted
2024-05-08,24,24,24,1.0,high,True,True,True,True,7.688041666666666,8.075,1.3898487086625704,4.537,9.315,5.6279,6.9879999999999995,8.82125,9.2084,24,0,0,0,0,0.0,23.0,0,BTGOXD2,mg/L,reported_gmt_minus_4_unconverted
2024-05-09,24,24,24,1.0,high,True,True,True,True,7.079125,7.6845,1.8410865013450026,3.988,9.134,4.1575999999999995,5.864,8.657,9.0593,24,0,0,0,0,0.0,23.0,0,BTGOXD2,mg/L,reported_gmt_minus_4_unconverted
2024-05-10,24,24,24,1.0,high,True,True,True,True,7.926083333333334,8.158,1.3598698440489163,5.656,9.88,6.2264,6.82625,9.048499999999999,9.655,24,0,0,0,0,0.0,23.0,0,BTGOXD2,mg/L,reported_gmt_minus_4_unconverted
2024-05-11,24,24,24,1.0,high,True,True,True,True,8.035333333333334,7.936,1.160473316729247,5.96,9.904,6.5967,7.19725,8.663,9.7446,24,0,0,0,0,0.0,23.0,0,BTGOXD2,mg/L,reported_gmt_minus_4_unconverted
2024-05-12,24,24,24,1.0,high,True,True,True,True,6.293291666666666,6.172,1.5137471352550111,4.055,9.299,4.157900000000001,5.22575,7.2997499999999995,8.250399999999999,24,0,0,0,0,0.0,23.0,0,BTGOXD2,mg/L,reported_gmt_minus_4_unconverted
2024-05-13,24,24,24,1.0,high,True,True,True,True,5.195541666666666,4.8375,1.697577019554294,2.594,8.59,3.3725,3.68675,6.38125,7.6171,24,0,0,0,0,0.0,23.0,0,BTGOXD2,mg/L,reported_gmt_minus_4_unconverted
2024-05-14,24,24,24,1.0,high,True,True,True,True,5.095791666666667,4.345000000000001,1.7091970140890764,3.021,8.596,3.4062,3.887,6.5895,7.7421,24,0,0,0,0,0.0,23.0,0,BTGOXD2,mg/L,reported_gmt_minus_4_unconverted
2024-05-15,24,24,24,1.0,high,True,True,True,True,5.379666666666666,5.317,1.0457422438534796,4.062,7.22,4.1648000000000005,4.28475,6.22025,6.8778,24,0,0,0,0,0.0,23.0,0,BTGOXD2,mg/L,reported_gmt_minus_4_unconverted
2024-05-16,24,24,24,1.0,high,True,True,True,True,6.344708333333333,6.6825,1.316034474213666,3.705,8.01,4.3548,5.4792499999999995,7.26725,7.7371,24,0,0,0,0,0.0,23.0,0,BTGOXD2,mg/L,reported_gmt_minus_4_unconverted
2024-05-17,24,24,24,1.0,high,True,True,True,True,6.694833333333334,7.1025,1.226398143262253,4.504,8.279,4.9189,5.67375,7.801,7.9677999999999995,24,0,0,0,0,0.0,23.0,0,BTGOXD2,mg/L,reported_gmt_minus_4_unconverted
2024-05-18,24,24,24,1.0,high,True,True,True,True,6.680083333333333,7.177,1.3343786346385011,4.359,8.221,4.545,5.5435,7.777749999999999,8.089699999999999,24,0,0,0,0,0.0,23.0,0,BTGOXD2,mg/L,reported_gmt_minus_4_unconverted
2024-05-19,24,24,24,1.0,high,True,True,True,True,6.631583333333334,6.982,1.1336627792696774,4.046,8.009,4.9254,6.2059999999999995,7.407500000000001,7.782299999999999,24,0,0,0,0,0.0,23.0,0,BTGOXD2,mg/L,reported_gmt_minus_4_unconverted
2024-05-20,24,24,24,1.0,high,True,True,True,True,7.529041666666667,7.596,1.227102400998479,4.902,9.09,5.7368,7.05825,8.502500000000001,8.8931,24,0,0,0,0,0.0,23.0,0,BTGOXD2,mg/L,reported_gmt_minus_4_unconverted
2024-05-21,24,24,24,1.0,high,True,True,True,True,7.613875,7.8015,1.0707385225607846,5.731,9.217,6.230700000000001,6.508,8.514249999999999,8.9519,24,0,0,0,0,0.0,23.0,0,BTGOXD2,mg/L,reported_gmt_minus_4_unconverted
2024-05-22,24,24,24,1.0,high,True,True,True,True,8.94675,9.248000000000001,1.1560605238406028,5.882,10.65,7.3308,8.7205,9.5025,10.0671,24,0,0,0,0,0.0,23.0,0,BTGOXD2,mg/L,reported_gmt_minus_4_unconverted
2024-05-23,24,24,24,1.0,high,True,True,True,True,9.026208333333333,8.927,0.9039565677892248,7.032,10.507,7.7951999999999995,8.623249999999999,9.7995,10.0622,24,0,0,0,0,0.0,23.0,0,BTGOXD2,mg/L,reported_gmt_minus_4_unconverted
2024-05-24,24,24,24,1.0,high,True,True,True,True,8.286916666666666,8.372499999999999,1.0870766109023846,5.994,9.973,6.9724,7.3415,8.96075,9.634599999999999,24,0,0,0,0,0.0,23.0,0,BTGOXD2,mg/L,reported_gmt_minus_4_unconverted
2024-05-25,24,24,24,1.0,high,True,True,True,True,9.822875000000002,10.038499999999999,0.7110190673466042,7.749,10.569,8.7752,9.687,10.2795,10.433,24,0,0,0,0,0.0,23.0,0,BTGOXD2,mg/L,reported_gmt_minus_4_unconverted
2024-05-26,24,24,24,1.0,high,True,True,True,True,8.872041666666666,9.118,1.1896735569480603,5.623,10.364,7.341,8.46575,9.57525,10.1191,24,0,0,0,0,0.0,23.0,0,BTGOXD2,mg/L,reported_gmt_minus_4_unconverted
2024-05-27,24,24,24,1.0,high,True,True,True,True,6.851041666666667,6.159000000000001,1.8765437582026365,4.487,10.569,4.9187,5.727250000000001,7.368,10.106,24,0,0,0,0,0.0,23.0,0,BTGOXD2,mg/L,reported_gmt_minus_4_unconverted
2024-05-28,24,24,24,1.0,high,True,True,True,True,7.448041666666666,7.6395,1.1578925939213753,4.123,9.031,6.1685,6.9565,8.12775,8.7259,24,0,0,0,0,0.0,23.0,0,BTGOXD2,mg/L,reported_gmt_minus_4_unconverted
2024-05-29,24,24,24,1.0,high,True,True,True,True,7.9205,7.9485,0.47456057477463803,6.904,8.572,7.343,7.5575,8.39,8.4433,24,0,0,0,0,0.0,23.0,0,BTGOXD2,mg/L,reported_gmt_minus_4_unconverted
2024-05-30,24,24,24,1.0,high,True,True,True,True,7.793583333333333,7.8835,0.46097004681212306,6.674,8.472,7.2292000000000005,7.63625,8.0295,8.2567,24,0,0,0,0,0.0,23.0,0,BTGOXD2,mg/L,reported_gmt_minus_4_unconverted
2024-05-31,24,24,24,1.0,high,True,True,True,True,8.471083333333333,8.356,0.8174786218008698,7.657,11.534,7.9584,8.023,8.504,8.933,24,0,0,0,0,0.0,23.0,0,BTGOXD2,mg/L,reported_gmt_minus_4_unconverted
2024-06-01,24,24,24,1.0,high,True,True,True,True,8.177416666666666,8.276,0.33056011972653815,7.268,8.496,7.7668,8.177499999999998,8.372250000000001,8.4153,24,0,0,0,0,0.0,23.0,0,BTGOXD2,mg/L,reported_gmt_minus_4_unconverted
2024-06-02,24,24,24,1.0,high,True,True,True,True,8.527916666666666,8.493500000000001,0.25686875631538847,8.12,8.962,8.2636,8.3345,8.749749999999999,8.9055,24,0,0,0,0,0.0,23.0,0,BTGOXD2,mg/L,reported_gmt_minus_4_unconverted
2024-06-03,24,24,24,1.0,high,True,True,True,True,8.530208333333334,8.524000000000001,0.03786013064892418,8.473,8.61,8.4865,8.50125,8.55325,8.5786,24,0,0,0,0,0.0,23.0,0,BTGOXD2,mg/L,reported_gmt_minus_4_unconverted
2024-06-04,24,24,24,1.0,high,True,True,True,True,8.414583333333333,8.421,0.037974724622371184,8.354,8.491,8.359300000000001,8.37725,8.43875,8.4559,24,0,0,0,0,0.0,23.0,0,BTGOXD2,mg/L,reported_gmt_minus_4_unconverted
2024-06-05,24,24,24,1.0,high,True,True,True,True,8.647041666666667,8.716999999999999,0.16291194718691418,8.126,8.806,8.473,8.546000000000001,8.759250000000002,8.7865,24,0,0,0,0,0.0,23.0,0,BTGOXD2,mg/L,reported_gmt_minus_4_unconverted
2024-06-06,24,24,24,1.0,high,True,True,True,True,8.487708333333334,8.536000000000001,0.3359618869645092,7.852,8.9,7.9848,8.19925,8.773249999999999,8.8807,24,0,0,0,0,0.0,23.0,0,BTGOXD2,mg/L,reported_gmt_minus_4_unconverted
2024-06-07,24,24,24,1.0,high,True,True,True,True,8.637875,8.701,0.19646535539266274,7.959,8.863,8.4133,8.61225,8.7475,8.7925,24,0,0,0,0,0.0,23.0,0,BTGOXD2,mg/L,reported_gmt_minus_4_unconverted
2024-06-08,24,24,24,1.0,high,True,True,True,True,8.624916666666666,8.619499999999999,0.061762459870663755,8.502,8.728,8.5456,8.587,8.67475,8.6926,24,0,0,0,0,0.0,23.0,0,BTGOXD2,mg/L,reported_gmt_minus_4_unconverted
2024-06-09,24,24,24,1.0,high,True,True,True,True,8.735583333333333,8.739999999999998,0.05480948558547981,8.659,8.818,8.666799999999999,8.681750000000001,8.78,8.8064,24,0,0,0,0,0.0,23.0,0,BTGOXD2,mg/L,reported_gmt_minus_4_unconverted
2024-06-10,24,24,24,1.0,high,True,True,True,True,8.658916666666668,8.6795,0.11413261419589232,8.33,8.777,8.5072,8.602,8.745999999999999,8.773399999999999,24,0,0,0,0,0.0,23.0,0,BTGOXD2,mg/L,reported_gmt_minus_4_unconverted
2024-06-11,24,24,24,1.0,high,True,True,True,True,8.541041666666667,8.5855,0.2202229066722813,7.964,8.86,8.3271,8.44575,8.6925,8.7291,24,0,0,0,0,0.0,23.0,0,BTGOXD2,mg/L,reported_gmt_minus_4_unconverted
2024-06-12,24,24,24,1.0,high,True,True,True,True,8.584333333333333,8.6015,0.09258165217169406,8.38,8.77,8.4504,8.5325,8.6335,8.6646,24,0,0,0,0,0.0,23.0,0,BTGOXD2,mg/L,reported_gmt_minus_4_unconverted
2024-06-13,24,24,24,1.0,high,True,True,True,True,8.467916666666667,8.462,0.03232029469660454,8.429,8.516,8.431,8.43575,8.49725,8.5138,24,0,0,0,0,0.0,23.0,0,BTGOXD2,mg/L,reported_gmt_minus_4_unconverted
2024-06-14,24,24,24,1.0,high,True,True,True,True,8.466583333333332,8.475,0.03181866647475779,8.39,8.506,8.4115,8.4675,8.48425,8.496,24,0,0,0,0,0.0,23.0,0,BTGOXD2,mg/L,reported_gmt_minus_4_unconverted
2024-06-15,24,24,24,1.0,high,True,True,True,True,8.469666666666667,8.4545,0.08471982811220936,8.331,8.623,8.366200000000001,8.414,8.53125,8.5792,24,0,0,0,0,0.0,23.0,0,BTGOXD2,mg/L,reported_gmt_minus_4_unconverted
2024-06-16,24,24,24,1.0,high,True,True,True,True,8.467583333333332,8.4635,0.07175860297866239,8.274,8.565,8.3835,8.4345,8.526,8.5536,24,0,0,0,0,0.0,23.0,0,BTGOXD2,mg/L,reported_gmt_minus_4_unconverted
2024-06-17,24,24,24,1.0,high,True,True,True,True,8.477541666666667,8.474499999999999,0.05564403883589874,8.3,8.576,8.433,8.45,8.50975,8.536,24,0,0,0,0,0.0,23.0,0,BTGOXD2,mg/L,reported_gmt_minus_4_unconverted
2024-06-18,24,24,24,1.0,high,True,True,True,True,8.405333333333333,8.43,0.0961591374240894,8.16,8.503,8.2783,8.3935,8.4775,8.4962,24,0,0,0,0,0.0,23.0,0,BTGOXD2,mg/L,reported_gmt_minus_4_unconverted
2024-06-19,24,24,24,1.0,high,True,True,True,True,8.445708333333334,8.4655,0.26712600497935785,7.9,8.8,8.0175,8.28325,8.69525,8.7146,24,0,0,0,0,0.0,23.0,0,BTGOXD2,mg/L,reported_gmt_minus_4_unconverted
2024-06-20,24,24,24,1.0,high,True,True,True,True,8.526416666666668,8.591000000000001,0.18385010829162038,8.148,8.761,8.2576,8.40575,8.6655,8.6981,24,0,0,0,0,0.0,23.0,0,BTGOXD2,mg/L,reported_gmt_minus_4_unconverted
2024-06-21,24,24,24,1.0,high,True,True,True,True,8.633875,8.661999999999999,0.10497010443972585,8.388,8.759,8.4875,8.58125,8.707,8.7452,24,0,0,0,0,0.0,23.0,0,BTGOXD2,mg/L,reported_gmt_minus_4_unconverted
2024-06-22,24,24,24,1.0,high,True,True,True,True,8.374458333333335,8.3615,0.08584464186093319,8.252,8.531,8.2689,8.30375,8.454,8.481399999999999,24,0,0,0,0,0.0,23.0,0,BTGOXD2,mg/L,reported_gmt_minus_4_unconverted
2024-06-23,24,24,24,1.0,high,True,True,True,True,8.028083333333333,8.096499999999999,0.23467496794441053,7.396,8.348,7.7874,7.85625,8.212,8.254999999999999,24,0,0,0,0,0.0,23.0,0,BTGOXD2,mg/L,reported_gmt_minus_4_unconverted
2024-06-24,24,24,24,1.0,high,True,True,True,True,7.900333333333333,7.997,0.28145687238810296,7.337,8.239,7.426,7.75775,8.1225,8.2017,24,0,0,0,0,0.0,23.0,0,BTGOXD2,mg/L,reported_gmt_minus_4_unconverted
2024-06-25,24,24,24,1.0,high,True,True,True,True,6.509875,6.497,0.722215450962312,5.436,7.708,5.6021,5.830500000000001,7.079,7.4064,24,0,0,0,0,0.0,23.0,0,BTGOXD2,mg/L,reported_gmt_minus_4_unconverted
2024-06-26,24,24,24,1.0,high,True,True,True,True,5.152041666666666,5.5920000000000005,1.3984720071242558,2.681,6.817,2.8524000000000003,4.3785,6.24,6.4337,24,0,0,0,0,0.0,23.0,0,BTGOXD2,mg/L,reported_gmt_minus_4_unconverted
2024-06-27,24,24,24,1.0,high,True,True,True,True,4.918375,5.087,1.1988815009252873,2.838,6.944,3.2889,3.9974999999999996,5.634,6.4866,24,0,0,0,0,0.0,23.0,0,BTGOXD2,mg/L,reported_gmt_minus_4_unconverted
2024-06-28,24,24,21,0.875,standard,True,True,True,False,4.242571428571428,4.525,1.651881096551098,1.382,6.668,1.475,3.068,5.242,6.413,21,3,0,0,0,0.0,23.0,3,BTGOXD2,mg/L,reported_gmt_minus_4_unconverted
2024-06-29,24,24,24,1.0,high,True,True,True,True,4.423333333333333,4.0440000000000005,1.6255436727089365,2.257,7.217,2.4989,3.0515,5.904999999999999,6.6651,24,0,0,0,0,0.0,23.0,0,BTGOXD2,mg/L,reported_gmt_minus_4_unconverted
2024-06-30,24,24,24,1.0,high,True,True,True,True,4.739041666666666,4.7635000000000005,0.9296558259432062,3.213,6.495,3.4539,3.989,5.38375,5.8364,24,0,0,0,0,0.0,23.0,0,BTGOXD2,mg/L,reported_gmt_minus_4_unconverted
2024-07-01,24,24,24,1.0,high,True,True,True,True,5.792083333333333,5.7145,1.146330778450613,3.97,7.54,4.306,4.89875,6.7045,7.4079,24,0,0,0,0,0.0,23.0,0,BTGOXD2,mg/L,reported_gmt_minus_4_unconverted
2024-07-02,24,24,24,1.0,high,True,True,True,True,6.405541666666667,6.489,0.8150896978736207,5.114,7.42,5.345,5.6865000000000006,7.1905,7.3629999999999995,24,0,0,0,0,0.0,23.0,0,BTGOXD2,mg/L,reported_gmt_minus_4_unconverted
2024-07-03,24,24,24,1.0,high,True,True,True,True,6.880791666666667,6.9215,0.4685281281674111,5.917,7.566,6.412,6.497,7.2822499999999994,7.4466,24,0,0,0,0,0.0,23.0,0,BTGOXD2,mg/L,reported_gmt_minus_4_unconverted
2024-07-04,24,24,24,1.0,high,True,True,True,True,7.126874999999999,7.265499999999999,0.36916925686924595,6.409,7.634,6.5309,6.892,7.3675,7.5131,24,0,0,0,0,0.0,23.0,0,BTGOXD2,mg/L,reported_gmt_minus_4_unconverted
2024-07-05,24,24,24,1.0,high,True,True,True,True,7.0973749999999995,7.378,0.66318879287877,5.332,7.69,5.9811,7.1434999999999995,7.48625,7.6109,24,0,0,0,0,0.0,23.0,0,BTGOXD2,mg/L,reported_gmt_minus_4_unconverted
2024-07-06,24,24,24,1.0,high,True,True,True,True,7.421624999999999,7.4864999999999995,0.3074898107184239,6.405,7.922,7.107,7.3665,7.595750000000001,7.659,24,0,0,0,0,0.0,23.0,0,BTGOXD2,mg/L,reported_gmt_minus_4_unconverted
2024-07-07,24,24,24,1.0,high,True,True,True,True,7.428999999999999,7.465,0.35808257488292095,6.491,7.964,7.0904,7.231999999999999,7.62025,7.8798,24,0,0,0,0,0.0,23.0,0,BTGOXD2,mg/L,reported_gmt_minus_4_unconverted
2024-07-08,24,24,24,1.0,high,True,True,True,True,7.292958333333334,7.24,0.14829244877039038,7.084,7.577,7.1343000000000005,7.186,7.39075,7.5217,24,0,0,0,0,0.0,23.0,0,BTGOXD2,mg/L,reported_gmt_minus_4_unconverted
2024-07-09,24,24,24,1.0,high,True,True,True,True,7.338625,7.6075,1.1478472407265168,4.554,8.912,5.5337000000000005,7.16575,8.161249999999999,8.2955,24,0,0,0,0,0.0,23.0,0,BTGOXD2,mg/L,reported_gmt_minus_4_unconverted
2024-07-10,24,24,24,1.0,high,True,True,True,True,6.5343333333333335,6.9145,0.9519751397314252,4.0,7.584,5.163100000000001,5.991750000000001,7.25825,7.4615,24,0,0,0,0,0.0,23.0,0,BTGOXD2,mg/L,reported_gmt_minus_4_unconverted
2024-07-11,24,24,24,1.0,high,True,True,True,True,6.248083333333334,6.538,0.7294579832144976,4.522,7.135,5.0134,5.975,6.6455,6.8547,24,0,0,0,0,0.0,23.0,0,BTGOXD2,mg/L,reported_gmt_minus_4_unconverted
2024-07-12,24,24,24,1.0,high,True,True,True,True,6.05425,5.9935,0.32172419324902984,5.625,6.762,5.7172,5.82425,6.2787500000000005,6.5152,24,0,0,0,0,0.0,23.0,0,BTGOXD2,mg/L,reported_gmt_minus_4_unconverted
2024-07-13,24,24,24,1.0,high,True,True,True,True,6.048208333333332,6.384499999999999,0.7605682646185861,4.007,6.704,4.8097,5.91,6.584,6.638699999999999,24,0,0,0,0,0.0,23.0,0,BTGOXD2,mg/L,reported_gmt_minus_4_unconverted
2024-07-14,24,24,24,1.0,high,True,True,True,True,5.727666666666667,6.107,0.8761206322869247,3.948,6.804,4.3328,5.231999999999999,6.23675,6.6169,24,0,0,0,0,0.0,23.0,0,BTGOXD2,mg/L,reported_gmt_minus_4_unconverted
2024-07-15,24,24,24,1.0,high,True,True,True,True,5.852125000000001,5.903499999999999,0.9823075013324052,3.517,7.084,4.7668,5.62025,6.6115,6.9234,24,0,0,0,0,0.0,23.0,0,BTGOXD2,mg/L,reported_gmt_minus_4_unconverted
2024-07-16,24,24,24,1.0,high,True,True,True,True,5.819208333333333,5.7485,0.4078547246867141,4.887,6.732,5.5206,5.5985000000000005,5.924,6.476299999999999,24,0,0,0,0,0.0,23.0,0,BTGOXD2,mg/L,reported_gmt_minus_4_unconverted
2024-07-17,24,24,24,1.0,high,True,True,True,True,5.990083333333334,5.842,0.382937492534233,5.571,7.015,5.6364,5.692,6.1857500000000005,6.5409999999999995,24,0,0,0,0,0.0,23.0,0,BTGOXD2,mg/L,reported_gmt_minus_4_unconverted
2024-07-18,24,24,24,1.0,high,True,True,True,True,7.046625,6.987500000000001,0.19439019757447512,6.827,7.295,6.835,6.845000000000001,7.2435,7.2869,24,0,0,0,0,0.0,23.0,0,BTGOXD2,mg/L,reported_gmt_minus_4_unconverted
2024-07-19,24,24,24,1.0,high,True,True,True,True,7.260041666666666,7.316,0.1585881949569707,6.832,7.431,7.0992,7.2095,7.35975,7.3987,24,0,0,0,0,0.0,23.0,0,BTGOXD2,mg/L,reported_gmt_minus_4_unconverted
2024-07-20,24,24,22,0.916667,high,True,True,True,True,7.123227272727272,7.2965,0.27921436240487374,6.642,7.399,6.7235,6.8365,7.34225,7.3721000000000005,22,2,0,0,0,0.0,23.0,2,BTGOXD2,mg/L,reported_gmt_minus_4_unconverted
2024-07-21,24,24,24,1.0,high,True,True,True,True,7.233833333333334,7.325,0.21907188946467596,6.72,7.434,6.8638,7.118,7.38975,7.4323999999999995,24,0,0,0,0,0.0,23.0,0,BTGOXD2,mg/L,reported_gmt_minus_4_unconverted
2024-07-22,24,24,24,1.0,high,True,True,True,True,7.284,7.298500000000001,0.37915317542489685,6.337,7.808,6.8873,7.108499999999999,7.58975,7.7012,24,0,0,0,0,0.0,23.0,0,BTGOXD2,mg/L,reported_gmt_minus_4_unconverted
2024-07-23,24,24,24,1.0,high,True,True,True,True,7.577833333333333,7.619,0.2703789075042437,7.013,8.068,7.2939,7.35625,7.689,7.9597999999999995,24,0,0,0,0,0.0,23.0,0,BTGOXD2,mg/L,reported_gmt_minus_4_unconverted
2024-07-24,24,24,24,1.0,high,True,True,True,True,7.339291666666667,7.443,0.4415327531468636,5.833,7.721,6.9582,7.191000000000001,7.6812499999999995,7.7149,24,0,0,0,0,0.0,23.0,0,BTGOXD2,mg/L,reported_gmt_minus_4_unconverted
2024-07-25,24,24,24,1.0,high,True,True,True,True,7.435458333333334,7.739,0.61035556131806,6.095,7.989,6.4099,7.175750000000001,7.8565,7.9556000000000004,24,0,0,0,0,0.0,23.0,0,BTGOXD2,mg/L,reported_gmt_minus_4_unconverted
2024-07-26,24,24,24,1.0,high,True,True,True,True,7.3756666666666675,7.5675,0.3928097965070168,6.232,7.717,6.8288,7.21175,7.668,7.693,24,0,0,0,0,0.0,23.0,0,BTGOXD2,mg/L,reported_gmt_minus_4_unconverted
2024-07-27,24,24,24,1.0,high,True,True,True,True,6.579000000000001,6.9935,1.0437674653576487,4.718,7.649,5.3094,5.51875,7.506,7.5493999999999994,24,0,0,0,0,0.0,23.0,0,BTGOXD2,mg/L,reported_gmt_minus_4_unconverted
2024-07-28,24,24,24,1.0,high,True,True,True,True,7.672916666666666,7.651,0.6690410344643304,5.745,8.574,6.906700000000001,7.372,8.194749999999999,8.456,24,0,0,0,0,0.0,23.0,0,BTGOXD2,mg/L,reported_gmt_minus_4_unconverted
2024-07-29,24,24,24,1.0,high,True,True,True,True,7.162041666666667,7.6370000000000005,0.9324388535339517,5.124,8.026,5.6686,6.6575,7.82675,7.9381,24,0,0,0,0,0.0,23.0,0,BTGOXD2,mg/L,reported_gmt_minus_4_unconverted
2024-07-30,24,24,24,1.0,high,True,True,True,True,6.982333333333333,7.1415,0.5922462521522661,5.599,7.725,6.1985,6.723,7.406,7.5351,24,0,0,0,0,0.0,23.0,0,BTGOXD2,mg/L,reported_gmt_minus_4_unconverted
2024-07-31,24,24,24,1.0,high,True,True,True,True,7.290125000000001,7.408,0.4443216923630308,5.269,7.507,7.1613999999999995,7.312749999999999,7.4505,7.4759,24,0,0,0,0,0.0,23.0,0,BTGOXD2,mg/L,reported_gmt_minus_4_unconverted
2024-08-01,24,24,24,1.0,high,True,True,True,True,7.324333333333333,7.385,0.18252472534514017,6.726,7.497,7.1793000000000005,7.2615,7.4445,7.4837,24,0,0,0,0,0.0,23.0,0,BTGOXD2,mg/L,reported_gmt_minus_4_unconverted
2024-08-02,24,24,24,1.0,high,True,True,True,True,7.455875,7.462,0.04343542183017471,7.366,7.517,7.3884,7.43675,7.48675,7.5085,24,0,0,0,0,0.0,23.0,0,BTGOXD2,mg/L,reported_gmt_minus_4_unconverted
2024-08-03,24,24,24,1.0,high,True,True,True,True,6.599958333333333,6.4615,0.4054540642149316,6.12,7.299,6.1277,6.23475,6.953,7.1027,24,0,0,0,0,0.0,23.0,0,BTGOXD2,mg/L,reported_gmt_minus_4_unconverted
2024-08-04,24,24,24,1.0,high,True,True,True,True,6.732208333333333,6.7075,0.17644631630111146,6.518,7.023,6.5398000000000005,6.56475,6.890499999999999,6.9699,24,0,0,0,0,0.0,23.0,0,BTGOXD2,mg/L,reported_gmt_minus_4_unconverted
2024-08-05,24,24,24,1.0,high,True,True,True,True,6.699375,6.6995000000000005,0.13743261194522557,6.447,6.987,6.5215,6.6427499999999995,6.75075,6.9135,24,0,0,0,0,0.0,23.0,0,BTGOXD2,mg/L,reported_gmt_minus_4_unconverted
2024-08-06,24,24,24,1.0,high,True,True,True,True,6.965541666666667,6.9045,0.1700324723888548,6.697,7.261,6.789300000000001,6.8225,7.099,7.215999999999999,24,0,0,0,0,0.0,23.0,0,BTGOXD2,mg/L,reported_gmt_minus_4_unconverted
2024-08-07,24,24,24,1.0,high,True,True,True,True,6.950833333333333,6.9595,0.27845141121171774,6.419,7.316,6.6525,6.68875,7.223,7.2829,24,0,0,0,0,0.0,23.0,0,BTGOXD2,mg/L,reported_gmt_minus_4_unconverted
2024-08-08,24,24,24,1.0,high,True,True,True,True,7.15575,7.063000000000001,0.2706787362554909,6.732,7.65,6.9228000000000005,6.97625,7.27525,7.6294,24,0,0,0,0,0.0,23.0,0,BTGOXD2,mg/L,reported_gmt_minus_4_unconverted
2024-08-09,24,24,24,1.0,high,True,True,True,True,7.391666666666667,7.552,0.428174554679937,6.545,7.845,6.7734,6.9005,7.70625,7.8033,24,0,0,0,0,0.0,23.0,0,BTGOXD2,mg/L,reported_gmt_minus_4_unconverted
2024-08-10,24,24,24,1.0,high,True,True,True,True,7.532125000000001,7.675000000000001,0.3187123976115526,6.704,7.793,6.990600000000001,7.4645,7.750500000000001,7.7875,24,0,0,0,0,0.0,23.0,0,BTGOXD2,mg/L,reported_gmt_minus_4_unconverted
2024-08-11,24,24,24,1.0,high,True,True,True,True,7.483625,7.593999999999999,0.322241984755448,6.408,7.789,7.1722,7.42025,7.6762500000000005,7.708699999999999,24,0,0,0,0,0.0,23.0,0,BTGOXD2,mg/L,reported_gmt_minus_4_unconverted
2024-08-12,24,24,9,0.375,weak,False,False,False,False,7.478888888888889,7.367,0.4040774815689574,7.047,8.192,7.1142,7.132,7.77,7.9376,9,15,0,0,0,0.0,8.0,15,BTGOXD2,mg/L,reported_gmt_minus_4_unconverted
2024-08-13,24,24,0,0.0,missing,False,False,False,False,,,,,,,,,,0,24,0,0,0,,,24,BTGOXD2,mg/L,reported_gmt_minus_4_unconverted
2024-08-14,24,24,0,0.0,missing,False,False,False,False,,,,,,,,,,0,24,0,0,0,,,24,BTGOXD2,mg/L,reported_gmt_minus_4_unconverted
2024-08-15,24,24,0,0.0,missing,False,False,False,False,,,,,,,,,,0,24,0,0,0,,,24,BTGOXD2,mg/L,reported_gmt_minus_4_unconverted
2024-08-16,24,24,0,0.0,missing,False,False,False,False,,,,,,,,,,0,24,0,0,0,,,24,BTGOXD2,mg/L,reported_gmt_minus_4_unconverted
2024-08-17,24,24,0,0.0,missing,False,False,False,False,,,,,,,,,,0,24,0,0,0,,,24,BTGOXD2,mg/L,reported_gmt_minus_4_unconverted
2024-08-18,24,24,0,0.0,missing,False,False,False,False,,,,,,,,,,0,24,0,0,0,,,24,BTGOXD2,mg/L,reported_gmt_minus_4_unconverted
2024-08-19,24,24,0,0.0,missing,False,False,False,False,,,,,,,,,,0,24,0,0,0,,,24,BTGOXD2,mg/L,reported_gmt_minus_4_unconverted
2024-08-20,24,24,0,0.0,missing,False,False,False,False,,,,,,,,,,0,24,0,0,0,,,24,BTGOXD2,mg/L,reported_gmt_minus_4_unconverted
2024-08-21,24,24,0,0.0,missing,False,False,False,False,,,,,,,,,,0,24,0,0,0,,,24,BTGOXD2,mg/L,reported_gmt_minus_4_unconverted
2024-08-22,24,24,0,0.0,missing,False,False,False,False,,,,,,,,,,0,24,0,0,0,,,24,BTGOXD2,mg/L,reported_gmt_minus_4_unconverted
2024-08-23,24,24,0,0.0,missing,False,False,False,False,,,,,,,,,,0,24,0,0,0,,,24,BTGOXD2,mg/L,reported_gmt_minus_4_unconverted
2024-08-24,24,24,24,1.0,high,True,True,True,True,6.955291666666667,7.2765,1.3230071635142968,4.21,8.981,5.0495,5.9885,7.9502500000000005,8.3453,24,0,0,0,0,0.0,23.0,0,BTGOXD2,mg/L,reported_gmt_minus_4_unconverted
2024-08-25,24,24,24,1.0,high,True,True,True,True,7.013625,6.828,0.9239133599743703,5.427,8.262,5.8971,6.2905,7.885,8.1046,24,0,0,0,0,0.0,23.0,0,BTGOXD2,mg/L,reported_gmt_minus_4_unconverted
2024-08-26,24,24,24,1.0,high,True,True,True,True,8.153708333333332,8.0115,1.32817863122747,6.26,9.95,6.536300000000001,7.00375,9.53575,9.615300000000001,24,0,0,0,0,0.0,23.0,0,BTGOXD2,mg/L,reported_gmt_minus_4_unconverted
2024-08-27,24,24,24,1.0,high,True,True,True,True,8.032874999999999,8.1425,0.9070058871627162,6.231,9.658,6.882099999999999,7.43075,8.66,9.200999999999999,24,0,0,0,0,0.0,23.0,0,BTGOXD2,mg/L,reported_gmt_minus_4_unconverted
2024-08-28,24,24,24,1.0,high,True,True,True,True,8.014666666666667,8.298,0.996203561643846,6.145,9.484,6.5492,7.2185,8.86325,8.9889,24,0,0,0,0,0.0,23.0,0,BTGOXD2,mg/L,reported_gmt_minus_4_unconverted
2024-08-29,24,24,24,1.0,high,True,True,True,True,7.615958333333334,7.284,1.4225736774429727,5.879,10.19,6.0699,6.2535,8.680499999999999,9.6905,24,0,0,0,0,0.0,23.0,0,BTGOXD2,mg/L,reported_gmt_minus_4_unconverted
2024-08-30,24,24,24,1.0,high,True,True,True,True,8.948791666666667,9.346499999999999,1.0611552350957019,6.088,10.328,7.6937999999999995,8.2985,9.65475,9.894499999999999,24,0,0,0,0,0.0,23.0,0,BTGOXD2,mg/L,reported_gmt_minus_4_unconverted
2024-08-31,24,24,24,1.0,high,True,True,True,True,9.475541666666667,9.876000000000001,1.1257694944837264,6.359,10.831,7.692,9.2295,10.117,10.471,24,0,0,0,0,0.0,23.0,0,BTGOXD2,mg/L,reported_gmt_minus_4_unconverted
2024-09-01,24,24,24,1.0,high,True,True,True,True,8.371375,8.502500000000001,0.7009966701217197,6.809,9.454,7.3217,8.13975,8.84525,9.0168,24,0,0,0,0,0.0,23.0,0,BTGOXD2,mg/L,reported_gmt_minus_4_unconverted
2024-09-02,24,24,24,1.0,high,True,True,True,True,8.007416666666666,8.131,0.8145083295096371,6.477,8.898,6.8162,7.52075,8.6515,8.886,24,0,0,0,0,0.0,23.0,0,BTGOXD2,mg/L,reported_gmt_minus_4_unconverted
2024-09-03,24,24,24,1.0,high,True,True,True,True,6.525708333333334,6.355499999999999,1.583400426686782,4.392,10.712,4.6405,5.516500000000001,7.221,7.6792,24,0,0,0,0,0.0,23.0,0,BTGOXD2,mg/L,reported_gmt_minus_4_unconverted
2024-09-04,24,24,24,1.0,high,True,True,True,True,5.857375,5.496,1.4188364434496563,4.069,8.82,4.254,4.60025,6.8375,7.5814,24,0,0,0,0,0.0,23.0,0,BTGOXD2,mg/L,reported_gmt_minus_4_unconverted
2024-09-05,24,24,24,1.0,high,True,True,True,True,5.6981666666666655,5.640499999999999,1.5236945564808175,3.054,8.06,3.4823,4.440250000000001,7.0329999999999995,7.2294,24,0,0,0,0,0.0,23.0,0,BTGOXD2,mg/L,reported_gmt_minus_4_unconverted
2024-09-06,24,24,24,1.0,high,True,True,True,True,6.370333333333334,6.4465,0.9936781766953421,4.706,7.916,4.857,5.926,6.9195,7.692,24,0,0,0,0,0.0,23.0,0,BTGOXD2,mg/L,reported_gmt_minus_4_unconverted
2024-09-07,24,24,24,1.0,high,True,True,True,True,5.724791666666667,5.553,0.8767843906877122,4.599,8.209,4.7489,5.13375,6.14925,6.8391,24,0,0,0,0,0.0,23.0,0,BTGOXD2,mg/L,reported_gmt_minus_4_unconverted
2024-09-08,24,24,24,1.0,high,True,True,True,True,4.773541666666667,4.3655,1.6154600631336296,2.274,9.302,3.0172000000000003,3.7085,5.41925,6.2928,24,0,0,0,0,0.0,23.0,0,BTGOXD2,mg/L,reported_gmt_minus_4_unconverted
2024-09-09,24,24,24,1.0,high,True,True,True,True,5.943749999999999,5.355,1.6345191355098374,3.476,9.138,4.5838,4.8637500000000005,6.6415,8.6758,24,0,0,0,0,0.0,23.0,0,BTGOXD2,mg/L,reported_gmt_minus_4_unconverted
2024-09-10,24,24,24,1.0,high,True,True,True,True,5.9217916666666675,6.0485,1.4579525542219538,3.806,8.338,4.0477,4.52475,6.8735,7.9236,24,0,0,0,0,0.0,23.0,0,BTGOXD2,mg/L,reported_gmt_minus_4_unconverted
2024-09-11,24,24,24,1.0,high,True,True,True,True,5.53275,5.474,1.3256910995040843,3.391,7.461,3.7907,4.30475,6.78425,7.243099999999999,24,0,0,0,0,0.0,23.0,0,BTGOXD2,mg/L,reported_gmt_minus_4_unconverted
2024-09-12,24,24,24,1.0,high,True,True,True,True,7.349333333333334,7.1555,1.7126397795487391,4.463,10.178,4.7791,6.3495,8.9285,9.6383,24,0,0,0,0,0.0,23.0,0,BTGOXD2,mg/L,reported_gmt_minus_4_unconverted
2024-09-13,24,24,24,1.0,high,True,True,True,True,4.855291666666667,4.7195,1.3111044292028617,3.208,7.344,3.2857,3.7385,5.8455,6.6851,24,0,0,0,0,0.0,23.0,0,BTGOXD2,mg/L,reported_gmt_minus_4_unconverted
2024-09-14,24,24,24,1.0,high,True,True,True,True,4.780708333333333,5.0585,1.5182336269541958,2.47,8.463,3.1561,3.423,5.642,6.6598,24,0,0,0,0,0.0,23.0,0,BTGOXD2,mg/L,reported_gmt_minus_4_unconverted
2024-09-15,24,24,24,1.0,high,True,True,True,True,4.808833333333333,4.2445,1.316473374181011,3.066,7.607,3.3825000000000003,3.7750000000000004,5.904,6.5747,24,0,0,0,0,0.0,23.0,0,BTGOXD2,mg/L,reported_gmt_minus_4_unconverted
2024-09-16,24,24,24,1.0,high,True,True,True,True,7.453458333333334,7.3015,1.5414823464040586,4.681,9.496,5.6367,6.31525,8.95075,9.3203,24,0,0,0,0,0.0,23.0,0,BTGOXD2,mg/L,reported_gmt_minus_4_unconverted
2024-09-17,24,24,24,1.0,high,True,True,True,True,7.80375,7.660500000000001,0.9501529053148556,6.085,9.918,6.8172,7.1232500000000005,8.237250000000001,9.058,24,0,0,0,0,0.0,23.0,0,BTGOXD2,mg/L,reported_gmt_minus_4_unconverted
2024-09-18,24,24,24,1.0,high,True,True,True,True,7.793499999999999,7.913,0.40546344927212874,6.945,8.352,7.1533,7.545,8.109,8.1755,24,0,0,0,0,0.0,23.0,0,BTGOXD2,mg/L,reported_gmt_minus_4_unconverted
2024-09-19,24,24,24,1.0,high,True,True,True,True,8.503333333333332,8.386,1.05162382374434,5.434,10.824,7.793,8.12725,9.06025,9.7172,24,0,0,0,0,0.0,23.0,0,BTGOXD2,mg/L,reported_gmt_minus_4_unconverted
2024-09-20,24,24,24,1.0,high,True,True,True,True,6.635791666666667,6.426,1.4942285483520066,3.995,9.927,5.2142,5.58525,7.736000000000001,8.7012,24,0,0,0,0,0.0,23.0,0,BTGOXD2,mg/L,reported_gmt_minus_4_unconverted
2024-09-21,24,24,24,1.0,high,True,True,True,True,6.944458333333333,7.3135,0.8330988760758478,5.498,8.26,5.8391,6.236,7.6065,7.7824,24,0,0,0,0,0.0,23.0,0,BTGOXD2,mg/L,reported_gmt_minus_4_unconverted
2024-09-22,24,24,24,1.0,high,True,True,True,True,7.443708333333333,7.2895,0.928668072829444,6.008,9.571,6.3765,6.69025,8.03125,8.512599999999999,24,0,0,0,0,0.0,23.0,0,BTGOXD2,mg/L,reported_gmt_minus_4_unconverted
2024-09-23,24,24,24,1.0,high,True,True,True,True,7.536958333333334,7.3285,1.3150853660228818,6.097,11.451,6.3367,6.655749999999999,7.9555,9.112,24,0,0,0,0,0.0,23.0,0,BTGOXD2,mg/L,reported_gmt_minus_4_unconverted
2024-09-24,24,24,24,1.0,high,True,True,True,True,6.8215416666666675,6.388,1.3349556898416441,5.08,10.047,5.5327,6.00225,7.516,8.8654,24,0,0,0,0,0.0,23.0,0,BTGOXD2,mg/L,reported_gmt_minus_4_unconverted
2024-09-25,24,24,24,1.0,high,True,True,True,True,5.700916666666667,5.037,1.859148681208843,3.063,9.749,4.138,4.26075,6.58675,8.572199999999999,24,0,0,0,0,0.0,23.0,0,BTGOXD2,mg/L,reported_gmt_minus_4_unconverted
2024-09-26,24,24,24,1.0,high,True,True,True,True,5.52675,4.8614999999999995,1.595181065094111,3.43,8.673,4.1439,4.38475,6.46325,8.0154,24,0,0,0,0,0.0,23.0,0,BTGOXD2,mg/L,reported_gmt_minus_4_unconverted
2024-09-27,24,24,24,1.0,high,True,True,True,True,7.639375,7.9585,1.3771696498853063,5.385,9.88,5.5702,6.586,8.65075,9.2632,24,0,0,0,0,0.0,23.0,0,BTGOXD2,mg/L,reported_gmt_minus_4_unconverted
2024-09-28,24,24,24,1.0,high,True,True,True,True,8.859499999999999,8.9445,0.8018942248364723,7.358,9.895,7.7851,8.317499999999999,9.74575,9.782,24,0,0,0,0,0.0,23.0,0,BTGOXD2,mg/L,reported_gmt_minus_4_unconverted
2024-09-29,24,24,24,1.0,high,True,True,True,True,9.652666666666667,9.6085,0.5007584392626385,8.411,10.55,9.2124,9.407,9.854,10.4045,24,0,0,0,0,0.0,23.0,0,BTGOXD2,mg/L,reported_gmt_minus_4_unconverted
2024-09-30,24,24,24,1.0,high,True,True,True,True,9.174708333333333,9.1445,0.7853400525813042,7.957,10.711,8.2194,8.610750000000001,9.639249999999999,10.380099999999999,24,0,0,0,0,0.0,23.0,0,BTGOXD2,mg/L,reported_gmt_minus_4_unconverted
2024-10-01,24,24,24,1.0,high,True,True,True,True,8.149208333333334,8.357,0.8076564583473254,6.181,9.393,6.9403999999999995,7.9937499999999995,8.59175,8.8729,24,0,0,0,0,0.0,23.0,0,BTGOXD2,mg/L,reported_gmt_minus_4_unconverted
2024-10-02,24,24,24,1.0,high,True,True,True,True,6.099958333333333,5.9155,0.9560689205267063,4.695,8.784,5.1262,5.42225,6.7772499999999996,7.1528,24,0,0,0,0,0.0,23.0,0,BTGOXD2,mg/L,reported_gmt_minus_4_unconverted
2024-10-03,24,24,24,1.0,high,True,True,True,True,6.227583333333333,5.9455,1.7182715763653098,3.355,10.37,4.2473,5.23475,7.27475,8.146600000000001,24,0,0,0,0,0.0,23.0,0,BTGOXD2,mg/L,reported_gmt_minus_4_unconverted
2024-10-04,24,24,24,1.0,high,True,True,True,True,8.450041666666666,8.386,1.4737426322172038,6.388,11.267,6.5484,7.229749999999999,9.267,10.707899999999999,24,0,0,0,0,0.0,23.0,0,BTGOXD2,mg/L,reported_gmt_minus_4_unconverted
2024-10-05,24,24,24,1.0,high,True,True,True,True,7.701958333333334,7.5655,1.3744354565694825,5.84,9.899,6.1441,6.4665,8.9785,9.6677,24,0,0,0,0,0.0,23.0,0,BTGOXD2,mg/L,reported_gmt_minus_4_unconverted
2024-10-06,24,24,24,1.0,high,True,True,True,True,8.679125,8.846499999999999,0.8488194519192652,6.957,10.127,7.3833,8.33975,9.20125,9.443999999999999,24,0,0,0,0,0.0,23.0,0,BTGOXD2,mg/L,reported_gmt_minus_4_unconverted
2024-10-07,24,24,24,1.0,high,True,True,True,True,8.944708333333333,8.913,1.0201875564631826,7.209,10.453,7.6899,8.187000000000001,9.71625,10.3095,24,0,0,0,0,0.0,23.0,0,BTGOXD2,mg/L,reported_gmt_minus_4_unconverted
2024-10-08,24,24,19,0.791667,standard,True,True,True,False,10.042684210526314,10.031,1.2249155550318822,6.714,11.591,8.8778,9.442499999999999,11.012,11.343,19,5,0,0,0,0.0,23.0,5,BTGOXD2,mg/L,reported_gmt_minus_4_unconverted
2024-10-09,24,24,24,1.0,high,True,True,True,True,9.620791666666667,9.9435,1.1811555130525755,6.615,11.037,8.2728,8.70675,10.578249999999999,10.928700000000001,24,0,0,0,0,0.0,23.0,0,BTGOXD2,mg/L,reported_gmt_minus_4_unconverted
2024-10-10,24,24,24,1.0,high,True,True,True,True,7.1507499999999995,6.9455,0.7506884521383775,6.239,9.007,6.3993,6.68425,7.4955,8.035499999999999,24,0,0,0,0,0.0,23.0,0,BTGOXD2,mg/L,reported_gmt_minus_4_unconverted
2024-10-11,24,24,24,1.0,high,True,True,True,True,7.459875,7.3985,1.0487818736411596,6.067,9.865,6.192,6.6335,7.9915,8.6336,24,0,0,0,0,0.0,23.0,0,BTGOXD2,mg/L,reported_gmt_minus_4_unconverted
2024-10-12,24,24,24,1.0,high,True,True,True,True,7.577875,7.5715,0.8010033008942461,6.221,9.262,6.6097,6.9985,8.126249999999999,8.6389,24,0,0,0,0,0.0,23.0,0,BTGOXD2,mg/L,reported_gmt_minus_4_unconverted
2024-10-13,24,24,24,1.0,high,True,True,True,True,8.790208333333334,8.865,0.6532496679089768,7.674,9.86,7.892,8.18075,9.3415,9.451,24,0,0,0,0,0.0,23.0,0,BTGOXD2,mg/L,reported_gmt_minus_4_unconverted
2024-10-14,24,24,24,1.0,high,True,True,True,True,9.276833333333334,9.428,0.32105189431084136,8.661,9.759,8.8201,9.0035,9.498750000000001,9.553700000000001,24,0,0,0,0,0.0,23.0,0,BTGOXD2,mg/L,reported_gmt_minus_4_unconverted
2024-10-15,24,24,24,1.0,high,True,True,True,True,9.088208333333334,9.056000000000001,0.17867190703162833,8.777,9.509,8.9289,8.9805,9.10275,9.3531,24,0,0,0,0,0.0,23.0,0,BTGOXD2,mg/L,reported_gmt_minus_4_unconverted
2024-10-16,24,24,24,1.0,high,True,True,True,True,8.426375,8.6125,0.5738714302683666,6.792,8.985,7.731,8.2105,8.8565,8.899899999999999,24,0,0,0,0,0.0,23.0,0,BTGOXD2,mg/L,reported_gmt_minus_4_unconverted
2024-10-17,24,24,24,1.0,high,True,True,True,True,7.350958333333334,7.2305,1.0818422483718775,4.99,9.755,6.3289,6.78925,7.7905,8.6342,24,0,0,0,0,0.0,23.0,0,BTGOXD2,mg/L,reported_gmt_minus_4_unconverted
2024-10-18,24,24,24,1.0,high,True,True,True,True,6.942,7.038,0.5596431316317647,5.548,7.725,6.1021,6.76825,7.3325,7.5238,24,0,0,0,0,0.0,23.0,0,BTGOXD2,mg/L,reported_gmt_minus_4_unconverted
2024-10-19,24,24,24,1.0,high,True,True,True,True,7.908499999999999,7.9695,0.43834788646144657,7.191,8.475,7.3554,7.4675,8.332,8.385,24,0,0,0,0,0.0,23.0,0,BTGOXD2,mg/L,reported_gmt_minus_4_unconverted
2024-10-20,24,24,24,1.0,high,True,True,True,True,7.9874583333333335,7.9875,0.20755239865731684,7.575,8.325,7.7324,7.830500000000001,8.1365,8.2818,24,0,0,0,0,0.0,23.0,0,BTGOXD2,mg/L,reported_gmt_minus_4_unconverted
2024-10-21,24,24,24,1.0,high,True,True,True,True,6.905666666666666,7.0725,0.9270700300299379,4.911,8.104,5.3975,6.32375,7.569,7.894799999999999,24,0,0,0,0,0.0,23.0,0,BTGOXD2,mg/L,reported_gmt_minus_4_unconverted
2024-10-22,24,24,24,1.0,high,True,True,True,True,6.706916666666667,6.542,0.745780473391972,5.419,8.007,5.961399999999999,6.15275,7.167,7.896,24,0,0,0,0,0.0,23.0,0,BTGOXD2,mg/L,reported_gmt_minus_4_unconverted
2024-10-23,24,24,24,1.0,high,True,True,True,True,6.342708333333334,6.195,0.6434917302375052,5.33,7.65,5.5893999999999995,5.84725,6.84725,7.2396,24,0,0,0,0,0.0,23.0,0,BTGOXD2,mg/L,reported_gmt_minus_4_unconverted
2024-10-24,24,24,24,1.0,high,True,True,True,True,5.270958333333334,4.9465,1.0074087499584037,3.836,6.729,4.1793,4.380750000000001,6.1935,6.603899999999999,24,0,0,0,0,0.0,23.0,0,BTGOXD2,mg/L,reported_gmt_minus_4_unconverted
2024-10-25,24,24,24,1.0,high,True,True,True,True,5.033041666666667,4.61,1.1912808408039923,3.454,7.419,3.7781,4.264,5.93375,7.034999999999999,24,0,0,0,0,0.0,23.0,0,BTGOXD2,mg/L,reported_gmt_minus_4_unconverted
2024-10-26,24,24,24,1.0,high,True,True,True,True,6.452958333333332,7.0745000000000005,1.1086554519921346,4.268,7.708,4.9639999999999995,5.487500000000001,7.376250000000001,7.5084,24,0,0,0,0,0.0,23.0,0,BTGOXD2,mg/L,reported_gmt_minus_4_unconverted
2024-10-27,24,24,24,1.0,high,True,True,True,True,7.447791666666667,7.567500000000001,0.45889280543941624,6.81,8.292,6.8445,6.9735000000000005,7.7844999999999995,7.9533,24,0,0,0,0,0.0,23.0,0,BTGOXD2,mg/L,reported_gmt_minus_4_unconverted
2024-10-28,24,24,24,1.0,high,True,True,True,True,8.261583333333334,8.1845,1.134623818780889,6.032,9.8,6.9363,7.5095,9.34375,9.6435,24,0,0,0,0,0.0,23.0,0,BTGOXD2,mg/L,reported_gmt_minus_4_unconverted
2024-10-29,24,24,24,1.0,high,True,True,True,True,9.001416666666666,8.993500000000001,0.8423124441816043,7.56,10.309,7.7895,8.39925,9.80125,9.9516,24,0,0,0,0,0.0,23.0,0,BTGOXD2,mg/L,reported_gmt_minus_4_unconverted
2024-10-30,24,24,24,1.0,high,True,True,True,True,8.915708333333333,9.165,0.9911688962014,7.011,10.476,7.7219,8.0985,9.594,9.9984,24,0,0,0,0,0.0,23.0,0,BTGOXD2,mg/L,reported_gmt_minus_4_unconverted
2024-10-31,24,24,24,1.0,high,True,True,True,True,8.285791666666666,7.895,1.2391992147514375,6.759,10.889,7.1583000000000006,7.40225,8.8405,10.3897,24,0,0,0,0,0.0,23.0,0,BTGOXD2,mg/L,reported_gmt_minus_4_unconverted
2024-11-01,24,24,24,1.0,high,True,True,True,True,8.937208333333333,8.9685,0.7337826937633966,7.089,9.93,8.2773,8.494,9.526,9.7869,24,0,0,0,0,0.0,23.0,0,BTGOXD2,mg/L,reported_gmt_minus_4_unconverted
2024-11-02,24,24,24,1.0,high,True,True,True,True,8.591541666666666,8.619,0.7956402933796626,6.938,9.713,7.6412,8.097750000000001,9.214,9.6189,24,0,0,0,0,0.0,23.0,0,BTGOXD2,mg/L,reported_gmt_minus_4_unconverted
2024-11-03,24,24,24,1.0,high,True,True,True,True,7.95975,7.968,0.7242050664424197,6.77,9.469,7.1373999999999995,7.35175,8.35375,8.940900000000001,24,0,0,0,0,0.0,23.0,0,BTGOXD2,mg/L,reported_gmt_minus_4_unconverted
2024-11-04,24,24,24,1.0,high,True,True,True,True,7.661874999999999,7.657500000000001,0.7364546275761059,5.93,8.577,6.6284,7.3315,8.271999999999998,8.4986,24,0,0,0,0,0.0,23.0,0,BTGOXD2,mg/L,reported_gmt_minus_4_unconverted
2024-11-05,24,24,24,1.0,high,True,True,True,True,7.201999999999999,7.414999999999999,1.0251681516368107,4.896,8.441,5.6854000000000005,6.622249999999999,8.04475,8.34,24,0,0,0,0,0.0,23.0,0,BTGOXD2,mg/L,reported_gmt_minus_4_unconverted
2024-11-06,24,24,24,1.0,high,True,True,True,True,6.496958333333333,6.428,0.8371389931430621,4.943,7.789,5.479,6.01275,7.3725000000000005,7.591,24,0,0,0,0,0.0,23.0,0,BTGOXD2,mg/L,reported_gmt_minus_4_unconverted
2024-11-07,24,24,24,1.0,high,True,True,True,True,7.870208333333334,7.7755,1.1264283291879256,6.36,9.67,6.4477,6.848,8.65275,9.4952,24,0,0,0,0,0.0,23.0,0,BTGOXD2,mg/L,reported_gmt_minus_4_unconverted
2024-11-08,24,24,24,1.0,high,True,True,True,True,8.220916666666668,8.126999999999999,1.0281445050129898,6.442,10.433,7.100700000000001,7.55725,8.8505,9.6051,24,0,0,0,0,0.0,23.0,0,BTGOXD2,mg/L,reported_gmt_minus_4_unconverted
2024-11-09,24,24,24,1.0,high,True,True,True,True,8.35825,8.058,1.1506072593276089,6.687,11.679,7.5942,7.843999999999999,8.3445,9.3421,24,0,0,0,0,0.0,23.0,0,BTGOXD2,mg/L,reported_gmt_minus_4_unconverted
2024-11-10,24,24,24,1.0,high,True,True,True,True,6.420541666666668,6.4455,1.4726579631568477,3.7,10.223,4.4990000000000006,5.94125,7.077,7.547,24,0,0,0,0,0.0,23.0,0,BTGOXD2,mg/L,reported_gmt_minus_4_unconverted
2024-11-11,24,24,24,1.0,high,True,True,True,True,5.106833333333333,5.193,0.5574257343138748,4.027,6.312,4.3994,4.7735,5.45625,5.717499999999999,24,0,0,0,0,0.0,23.0,0,BTGOXD2,mg/L,reported_gmt_minus_4_unconverted
2024-11-12,24,24,24,1.0,high,True,True,True,True,6.596,5.5954999999999995,2.212674969745699,3.988,10.066,4.3227,4.69525,9.0445,9.5593,24,0,0,0,0,0.0,23.0,0,BTGOXD2,mg/L,reported_gmt_minus_4_unconverted
2024-11-13,24,24,24,1.0,high,True,True,True,True,9.385666666666667,9.49,0.38791209971003643,8.717,9.974,8.8552,9.032,9.655999999999999,9.846,24,0,0,0,0,0.0,23.0,0,BTGOXD2,mg/L,reported_gmt_minus_4_unconverted
2024-11-14,24,24,24,1.0,high,True,True,True,True,8.734916666666667,8.7405,0.5380411263306816,7.318,9.748,8.2424,8.3205,8.993,9.4041,24,0,0,0,0,0.0,23.0,0,BTGOXD2,mg/L,reported_gmt_minus_4_unconverted
2024-11-15,24,24,24,1.0,high,True,True,True,True,8.086791666666668,7.849,1.1981460308459415,5.75,10.641,6.681,7.69275,8.63425,10.0123,24,0,0,0,0,0.0,23.0,0,BTGOXD2,mg/L,reported_gmt_minus_4_unconverted
2024-11-16,24,24,24,1.0,high,True,True,True,True,7.876625,7.841,1.1619661303340465,5.978,9.804,6.2532000000000005,7.005,8.7835,9.326699999999999,24,0,0,0,0,0.0,23.0,0,BTGOXD2,mg/L,reported_gmt_minus_4_unconverted
2024-11-17,24,24,24,1.0,high,True,True,True,True,5.958166666666666,5.9825,0.3809310866201696,5.245,6.845,5.527,5.687749999999999,6.0675,6.4741,24,0,0,0,0,0.0,23.0,0,BTGOXD2,mg/L,reported_gmt_minus_4_unconverted
2024-11-18,24,24,24,1.0,high,True,True,True,True,7.3044166666666674,7.2395,0.8999252585712286,5.957,9.073,6.2721,6.5105,7.888,8.436499999999999,24,0,0,0,0,0.0,23.0,0,BTGOXD2,mg/L,reported_gmt_minus_4_unconverted
2024-11-19,24,24,24,1.0,high,True,True,True,True,8.925541666666666,9.558499999999999,1.4657154353143862,5.328,10.479,6.6576,7.76675,10.04275,10.2844,24,0,0,0,0,0.0,23.0,0,BTGOXD2,mg/L,reported_gmt_minus_4_unconverted
2024-11-20,24,24,24,1.0,high,True,True,True,True,6.518041666666666,6.2125,0.9299268077400625,5.482,8.815,5.6253,5.85275,6.81425,7.899799999999999,24,0,0,0,0,0.0,23.0,0,BTGOXD2,mg/L,reported_gmt_minus_4_unconverted
2024-11-21,24,24,24,1.0,high,True,True,True,True,5.956083333333333,5.85,0.8559350298721969,4.328,7.596,4.9645,5.36,6.431,7.1457,24,0,0,0,0,0.0,23.0,0,BTGOXD2,mg/L,reported_gmt_minus_4_unconverted
2024-11-22,24,24,24,1.0,high,True,True,True,True,6.420916666666667,6.293,0.8232611671124553,5.312,7.896,5.502000000000001,5.818,6.8405000000000005,7.7035,24,0,0,0,0,0.0,23.0,0,BTGOXD2,mg/L,reported_gmt_minus_4_unconverted
2024-11-23,24,24,24,1.0,high,True,True,True,True,6.629416666666667,6.5395,1.085187858578319,4.988,8.329,5.4193,5.696,7.543,8.1915,24,0,0,0,0,0.0,23.0,0,BTGOXD2,mg/L,reported_gmt_minus_4_unconverted
2024-11-24,24,24,24,1.0,high,True,True,True,True,6.3922083333333335,5.9735,1.7285726702829924,3.613,8.984,4.293,5.311,7.73175,8.8819,24,0,0,0,0,0.0,23.0,0,BTGOXD2,mg/L,reported_gmt_minus_4_unconverted
2024-11-25,24,24,24,1.0,high,True,True,True,True,5.184166666666667,4.7245,1.3344402398096322,3.646,7.604,3.8533,4.028499999999999,6.59,6.9300999999999995,24,0,0,0,0,0.0,23.0,0,BTGOXD2,mg/L,reported_gmt_minus_4_unconverted
2024-11-26,24,24,24,1.0,high,True,True,True,True,5.333375,5.0265,1.730210613279305,3.007,8.701,3.2859000000000003,3.72275,6.5835,7.6101,24,0,0,0,0,0.0,23.0,0,BTGOXD2,mg/L,reported_gmt_minus_4_unconverted
2024-11-27,24,24,24,1.0,high,True,True,True,True,4.009083333333334,3.8365,0.7639070576671112,3.044,6.278,3.1158,3.62275,4.28775,5.043399999999999,24,0,0,0,0,0.0,23.0,0,BTGOXD2,mg/L,reported_gmt_minus_4_unconverted
2024-11-28,24,24,24,1.0,high,True,True,True,True,3.2859583333333333,3.4015,0.38061169064805533,2.544,3.711,2.6269,3.14425,3.599,3.6662,24,0,0,0,0,0.0,23.0,0,BTGOXD2,mg/L,reported_gmt_minus_4_unconverted
2024-11-29,24,24,24,1.0,high,True,True,True,True,2.9618750000000005,2.7824999999999998,0.5160855433389684,2.199,4.123,2.4325,2.61775,3.26875,3.6908,24,0,0,0,0,0.0,23.0,0,BTGOXD2,mg/L,reported_gmt_minus_4_unconverted
2024-11-30,24,24,24,1.0,high,True,True,True,True,7.0365,7.131500000000001,1.8930264703356117,3.892,9.57,3.9868,6.0065,8.49975,9.3797,24,0,0,0,0,0.0,23.0,0,BTGOXD2,mg/L,reported_gmt_minus_4_unconverted
2024-12-01,24,24,24,1.0,high,True,True,True,True,4.030625,4.012,1.5647875203028851,2.147,8.59,2.2188,2.7,4.44275,5.8877999999999995,24,0,0,0,0,0.0,23.0,0,BTGOXD2,mg/L,reported_gmt_minus_4_unconverted
2024-12-02,24,24,24,1.0,high,True,True,True,True,2.005875,1.9645000000000001,0.3610833111744375,1.5,2.822,1.6718,1.74825,2.084,2.5848999999999998,24,0,0,0,0,0.0,23.0,0,BTGOXD2,mg/L,reported_gmt_minus_4_unconverted
2024-12-03,24,24,24,1.0,high,True,True,True,True,1.9161666666666666,1.7015,0.5990409484926841,1.124,3.467,1.4381,1.48325,2.093,2.8182,24,0,0,0,0,0.0,23.0,0,BTGOXD2,mg/L,reported_gmt_minus_4_unconverted
2024-12-04,24,24,24,1.0,high,True,True,True,True,1.658875,1.5295,0.47330202807785293,1.145,3.279,1.3034999999999999,1.3955,1.73975,2.2546,24,0,0,0,0,0.0,23.0,0,BTGOXD2,mg/L,reported_gmt_minus_4_unconverted
2024-12-05,24,24,24,1.0,high,True,True,True,True,2.1683749999999997,1.3079999999999998,1.4948401924911427,1.059,5.149,1.095,1.18075,3.32775,4.554799999999999,24,0,0,0,0,0.0,23.0,0,BTGOXD2,mg/L,reported_gmt_minus_4_unconverted
2024-12-06,24,24,24,1.0,high,True,True,True,True,1.8959166666666667,1.7149999999999999,0.8450540459519202,0.884,3.831,0.9848,1.1127500000000001,2.4665,3.1037999999999997,24,0,0,0,0,0.0,23.0,0,BTGOXD2,mg/L,reported_gmt_minus_4_unconverted
2024-12-07,24,24,24,1.0,high,True,True,True,True,1.684375,1.566,0.5366841685191864,0.982,2.696,1.0991,1.25775,2.09125,2.5477999999999996,24,0,0,0,0,0.0,23.0,0,BTGOXD2,mg/L,reported_gmt_minus_4_unconverted
2024-12-08,24,24,24,1.0,high,True,True,True,True,2.9306250000000005,2.9795,0.5113431428919416,1.85,4.112,2.2494,2.69575,3.1689999999999996,3.5307999999999997,24,0,0,0,0,0.0,23.0,0,BTGOXD2,mg/L,reported_gmt_minus_4_unconverted
2024-12-09,24,24,24,1.0,high,True,True,True,True,2.231291666666667,2.0995,0.7608942953020402,1.231,4.198,1.2935999999999999,1.63475,2.698,2.8842999999999996,24,0,0,0,0,0.0,23.0,0,BTGOXD2,mg/L,reported_gmt_minus_4_unconverted
2024-12-10,24,24,24,1.0,high,True,True,True,True,4.231083333333333,3.9995000000000003,1.212797230862771,1.987,6.845,2.7939000000000003,3.5767499999999997,4.94675,5.4806,24,0,0,0,0,0.0,23.0,0,BTGOXD2,mg/L,reported_gmt_minus_4_unconverted
2024-12-11,24,24,24,1.0,high,True,True,True,True,4.134125,3.923,1.056223185921546,2.637,6.167,2.96,3.1767499999999997,4.978,5.397,24,0,0,0,0,0.0,23.0,0,BTGOXD2,mg/L,reported_gmt_minus_4_unconverted
2024-12-12,24,24,24,1.0,high,True,True,True,True,5.5750416666666665,5.8665,1.3504851134561486,2.459,7.594,3.6076000000000006,5.0335,6.3235,6.9317,24,0,0,0,0,0.0,23.0,0,BTGOXD2,mg/L,reported_gmt_minus_4_unconverted
2024-12-13,24,24,24,1.0,high,True,True,True,True,3.918583333333333,4.015,1.8711659679756216,1.681,7.862,1.7447,2.023,5.31275,6.152200000000001,24,0,0,0,0,0.0,23.0,0,BTGOXD2,mg/L,reported_gmt_minus_4_unconverted
2024-12-14,24,24,24,1.0,high,True,True,True,True,6.2339166666666666,6.252,0.7491160539721736,5.037,7.518,5.3241,5.5385,6.8115,7.3191999999999995,24,0,0,0,0,0.0,23.0,0,BTGOXD2,mg/L,reported_gmt_minus_4_unconverted
2024-12-15,24,24,24,1.0,high,True,True,True,True,7.355291666666666,7.32,0.7452597142383764,5.566,9.059,6.5368,7.0285,7.7215,8.2829,24,0,0,0,0,0.0,23.0,0,BTGOXD2,mg/L,reported_gmt_minus_4_unconverted
2024-12-16,24,24,24,1.0,high,True,True,True,True,7.658416666666667,7.535,0.7412446592910712,6.408,9.09,6.7929,7.25075,8.2165,8.5854,24,0,0,0,0,0.0,23.0,0,BTGOXD2,mg/L,reported_gmt_minus_4_unconverted
2024-12-17,24,24,24,1.0,high,True,True,True,True,7.683041666666667,7.7490000000000006,0.7602130982232186,5.435,9.092,6.7986,7.49525,8.119,8.4064,24,0,0,0,0,0.0,23.0,0,BTGOXD2,mg/L,reported_gmt_minus_4_unconverted
2024-12-18,24,24,24,1.0,high,True,True,True,True,6.313375000000001,6.1455,0.9623568357671836,4.71,8.147,5.0328,5.6655,7.10975,7.4262,24,0,0,0,0,0.0,23.0,0,BTGOXD2,mg/L,reported_gmt_minus_4_unconverted
2024-12-19,24,24,24,1.0,high,True,True,True,True,6.611166666666667,7.2655,1.1762376522169122,4.492,7.643,4.9279,5.37225,7.61,7.6245,24,0,0,0,0,0.0,23.0,0,BTGOXD2,mg/L,reported_gmt_minus_4_unconverted
2024-12-20,24,24,24,1.0,high,True,True,True,True,7.779916666666668,7.4725,0.783063100165357,6.742,9.337,7.0324,7.3105,8.03375,9.1095,24,0,0,0,0,0.0,23.0,0,BTGOXD2,mg/L,reported_gmt_minus_4_unconverted
2024-12-21,24,24,24,1.0,high,True,True,True,True,8.126041666666666,8.4015,0.7115293680985112,7.01,9.021,7.268400000000001,7.438,8.74,8.8741,24,0,0,0,0,0.0,23.0,0,BTGOXD2,mg/L,reported_gmt_minus_4_unconverted
2024-12-22,24,24,24,1.0,high,True,True,True,True,7.991166666666666,7.996499999999999,0.3221272590366931,7.415,8.663,7.5831,7.76675,8.16125,8.387,24,0,0,0,0,0.0,23.0,0,BTGOXD2,mg/L,reported_gmt_minus_4_unconverted
2024-12-23,24,24,24,1.0,high,True,True,True,True,7.749583333333334,7.5455000000000005,0.4934555102334051,6.999,8.636,7.2859,7.384,8.15475,8.4905,24,0,0,0,0,0.0,23.0,0,BTGOXD2,mg/L,reported_gmt_minus_4_unconverted
2024-12-24,24,24,24,1.0,high,True,True,True,True,7.98875,8.076,0.6214581905556444,7.145,8.808,7.158600000000001,7.45275,8.61225,8.6967,24,0,0,0,0,0.0,23.0,0,BTGOXD2,mg/L,reported_gmt_minus_4_unconverted
2024-12-25,24,24,24,1.0,high,True,True,True,True,7.449249999999999,7.5085,0.4991742964745577,6.438,8.663,6.6507,7.23775,7.769,7.8736999999999995,24,0,0,0,0,0.0,23.0,0,BTGOXD2,mg/L,reported_gmt_minus_4_unconverted
2024-12-26,24,24,24,1.0,high,True,True,True,True,6.942958333333333,7.0305,0.2847588574286285,6.383,7.345,6.5316,6.701,7.1555,7.259099999999999,24,0,0,0,0,0.0,23.0,0,BTGOXD2,mg/L,reported_gmt_minus_4_unconverted
2024-12-27,24,24,24,1.0,high,True,True,True,True,7.528291666666667,7.2575,1.4984543189615398,5.859,10.882,6.2895,6.518,7.7932500000000005,10.2473,24,0,0,0,0,0.0,23.0,0,BTGOXD2,mg/L,reported_gmt_minus_4_unconverted
2024-12-28,24,24,24,1.0,high,True,True,True,True,9.641125,9.814499999999999,0.8949694341392216,7.675,10.985,8.4419,9.165,10.36525,10.5367,24,0,0,0,0,0.0,23.0,0,BTGOXD2,mg/L,reported_gmt_minus_4_unconverted
2024-12-29,24,24,24,1.0,high,True,True,True,True,7.5722916666666675,7.5515,0.3734876145046924,7.032,8.249,7.134,7.235,7.8759999999999994,8.0815,24,0,0,0,0,0.0,23.0,0,BTGOXD2,mg/L,reported_gmt_minus_4_unconverted
2024-12-30,24,24,24,1.0,high,True,True,True,True,6.9347916666666665,6.725,0.5472469420469247,6.316,8.275,6.411700000000001,6.575,7.2035,7.7064,24,0,0,0,0,0.0,23.0,0,BTGOXD2,mg/L,reported_gmt_minus_4_unconverted
2024-12-31,24,24,24,1.0,high,True,True,True,True,7.24725,7.263999999999999,0.5305207654830258,6.14,8.167,6.6286000000000005,6.91525,7.6525,7.758100000000001,24,0,0,0,0,0.0,23.0,0,BTGOXD2,mg/L,reported_gmt_minus_4_unconverted
2025-01-01,24,24,24,1.0,high,True,True,True,True,8.372583333333333,8.596,0.5479785711985037,7.538,8.997,7.5594,7.83025,8.85925,8.9467,24,0,0,0,0,0.0,23.0,0,BTGOXD2,mg/L,reported_gmt_minus_4_unconverted
2025-01-02,24,24,24,1.0,high,True,True,True,True,8.291833333333333,8.3885,0.3881892934332834,7.338,8.741,7.5957,8.26225,8.546249999999999,8.6079,24,0,0,0,0,0.0,23.0,0,BTGOXD2,mg/L,reported_gmt_minus_4_unconverted
2025-01-03,24,24,24,1.0,high,True,True,True,True,8.483833333333333,8.493500000000001,0.13491854762319988,8.26,8.705,8.2959,8.3665,8.588999999999999,8.6509,24,0,0,0,0,0.0,23.0,0,BTGOXD2,mg/L,reported_gmt_minus_4_unconverted
2025-01-04,24,24,24,1.0,high,True,True,True,True,8.283791666666668,8.3025,0.1607725855839929,7.901,8.56,8.0652,8.2375,8.40175,8.4564,24,0,0,0,0,0.0,23.0,0,BTGOXD2,mg/L,reported_gmt_minus_4_unconverted
2025-01-05,24,24,24,1.0,high,True,True,True,True,8.445416666666667,8.3095,0.3300449135004755,7.998,8.977,8.0953,8.206,8.76875,8.911200000000001,24,0,0,0,0,0.0,23.0,0,BTGOXD2,mg/L,reported_gmt_minus_4_unconverted
2025-01-06,24,24,24,1.0,high,True,True,True,True,7.930583333333334,8.113,0.5205204683497225,6.75,8.913,7.1646,7.6065,8.2485,8.361699999999999,24,0,0,0,0,0.0,23.0,0,BTGOXD2,mg/L,reported_gmt_minus_4_unconverted
2025-01-07,24,24,24,1.0,high,True,True,True,True,6.9517500000000005,6.925000000000001,0.7780806513466325,5.803,8.391,6.0256,6.310499999999999,7.40875,8.146899999999999,24,0,0,0,0,0.0,23.0,0,BTGOXD2,mg/L,reported_gmt_minus_4_unconverted
2025-01-08,24,24,24,1.0,high,True,True,True,True,6.310708333333333,6.1725,0.5375056302367742,5.55,7.289,5.6596,5.9094999999999995,6.701499999999999,7.0358,24,0,0,0,0,0.0,23.0,0,BTGOXD2,mg/L,reported_gmt_minus_4_unconverted
2025-01-09,24,24,24,1.0,high,True,True,True,True,6.15575,5.9510000000000005,0.4811250628339336,5.717,7.3,5.7706,5.823499999999999,6.33225,6.9803,24,0,0,0,0,0.0,23.0,0,BTGOXD2,mg/L,reported_gmt_minus_4_unconverted
2025-01-10,24,24,24,1.0,high,True,True,True,True,7.413916666666668,7.3735,0.45983427228841317,6.852,8.457,6.8883,7.0505,7.66725,8.133099999999999,24,0,0,0,0,0.0,23.0,0,BTGOXD2,mg/L,reported_gmt_minus_4_unconverted
2025-01-11,24,24,24,1.0,high,True,True,True,True,7.968083333333333,7.5035,1.1272150721315695,6.32,10.151,6.8335,7.131,8.89875,9.4658,24,0,0,0,0,0.0,23.0,0,BTGOXD2,mg/L,reported_gmt_minus_4_unconverted
2025-01-12,24,24,24,1.0,high,True,True,True,True,9.594458333333334,9.746500000000001,0.6700893502502787,8.236,10.639,8.7552,8.960749999999999,10.102250000000002,10.1891,24,0,0,0,0,0.0,23.0,0,BTGOXD2,mg/L,reported_gmt_minus_4_unconverted
2025-01-13,24,24,24,1.0,high,True,True,True,True,9.788333333333332,10.039,1.1435423098830904,7.036,11.208,7.9614,9.61825,10.5835,10.871500000000001,24,0,0,0,0,0.0,23.0,0,BTGOXD2,mg/L,reported_gmt_minus_4_unconverted
2025-01-14,24,24,24,1.0,high,True,True,True,True,9.075041666666666,8.803,1.1181209578794575,7.015,11.15,7.707800000000001,8.303249999999998,9.733,10.671199999999999,24,0,0,0,0,0.0,23.0,0,BTGOXD2,mg/L,reported_gmt_minus_4_unconverted
2025-01-15,24,24,24,1.0,high,True,True,True,True,8.70575,8.479500000000002,0.8651877529334814,7.389,10.287,7.8273,8.07775,9.3675,10.0377,24,0,0,0,0,0.0,23.0,0,BTGOXD2,mg/L,reported_gmt_minus_4_unconverted
2025-01-16,24,24,24,1.0,high,True,True,True,True,9.216916666666668,9.273,0.711896665478102,7.685,10.385,8.2183,8.92225,9.80275,10.031500000000001,24,0,0,0,0,0.0,23.0,0,BTGOXD2,mg/L,reported_gmt_minus_4_unconverted
2025-01-17,24,24,24,1.0,high,True,True,True,True,10.803041666666667,10.89,0.8002343395458643,9.13,11.885,9.7637,10.191500000000001,11.47225,11.7151,24,0,0,0,0,0.0,23.0,0,BTGOXD2,mg/L,reported_gmt_minus_4_unconverted
2025-01-18,24,24,24,1.0,high,True,True,True,True,10.679041666666665,11.030000000000001,0.987717900193329,8.645,11.889,9.3576,9.536750000000001,11.4405,11.7179,24,0,0,0,0,0.0,23.0,0,BTGOXD2,mg/L,reported_gmt_minus_4_unconverted
2025-01-19,24,24,24,1.0,high,True,True,True,True,9.187375000000001,9.0455,0.45499334084950244,8.747,10.313,8.7765,8.841000000000001,9.35225,9.8202,24,0,0,0,0,0.0,23.0,0,BTGOXD2,mg/L,reported_gmt_minus_4_unconverted
2025-01-20,24,24,24,1.0,high,True,True,True,True,9.286499999999998,9.274000000000001,0.4172335390245569,8.253,10.05,8.9482,9.05575,9.49375,9.8997,24,0,0,0,0,0.0,23.0,0,BTGOXD2,mg/L,reported_gmt_minus_4_unconverted
2025-01-21,24,24,24,1.0,high,True,True,True,True,9.386375,9.394,0.6713640114495005,8.329,10.623,8.5663,8.81175,9.84,10.415899999999999,24,0,0,0,0,0.0,23.0,0,BTGOXD2,mg/L,reported_gmt_minus_4_unconverted
2025-01-22,24,24,24,1.0,high,True,True,True,True,9.685666666666668,9.851500000000001,0.4595480451455553,8.768,10.28,8.988100000000001,9.291,10.084499999999998,10.1256,24,0,0,0,0,0.0,23.0,0,BTGOXD2,mg/L,reported_gmt_minus_4_unconverted
2025-01-23,24,24,24,1.0,high,True,True,True,True,9.659541666666668,9.795,0.508728079683018,8.513,10.539,9.0334,9.21875,9.962,10.197000000000001,24,0,0,0,0,0.0,23.0,0,BTGOXD2,mg/L,reported_gmt_minus_4_unconverted
2025-01-24,24,24,22,0.916667,high,True,True,True,True,9.560545454545455,9.1325,1.4227032862451119,7.595,11.927,8.0616,8.635000000000002,10.882,11.7796,22,2,0,0,0,0.0,23.0,2,BTGOXD2,mg/L,reported_gmt_minus_4_unconverted
2025-01-25,24,24,24,1.0,high,True,True,True,True,10.374666666666666,10.5415,0.8840074102909293,8.247,11.649,8.9978,9.95875,11.0535,11.364099999999999,24,0,0,0,0,0.0,23.0,0,BTGOXD2,mg/L,reported_gmt_minus_4_unconverted
2025-01-26,24,24,24,1.0,high,True,True,True,True,11.074374999999998,11.030000000000001,0.4893914421969924,10.242,11.92,10.4983,10.6785,11.49025,11.6927,24,0,0,0,0,0.0,23.0,0,BTGOXD2,mg/L,reported_gmt_minus_4_unconverted
2025-01-27,24,24,24,1.0,high,True,True,True,True,11.183166666666665,11.1345,0.27116217939866144,10.566,11.708,10.953,11.036,11.355,11.5257,24,0,0,0,0,0.0,23.0,0,BTGOXD2,mg/L,reported_gmt_minus_4_unconverted
2025-01-28,24,24,23,0.958333,high,True,True,True,True,10.635304347826088,10.477,0.6617363821989024,9.518,11.772,9.787799999999999,10.2365,11.0915,11.5176,23,1,0,0,0,0.0,23.0,1,BTGOXD2,mg/L,reported_gmt_minus_4_unconverted
2025-01-29,24,24,24,1.0,high,True,True,True,True,10.455,10.474499999999999,0.1635106697755068,10.167,10.891,10.2473,10.337,10.548,10.6048,24,0,0,0,0,0.0,23.0,0,BTGOXD2,mg/L,reported_gmt_minus_4_unconverted
2025-01-30,24,24,24,1.0,high,True,True,True,True,10.779125,10.667,0.7039641982312055,9.956,11.91,10.013200000000001,10.168,11.39125,11.7122,24,0,0,0,0,0.0,23.0,0,BTGOXD2,mg/L,reported_gmt_minus_4_unconverted
2025-01-31,24,24,23,0.958333,high,True,True,True,True,9.320521739130434,9.158,0.948517641066849,7.959,11.308,8.1986,8.661,9.663,10.858200000000002,23,1,0,0,0,0.0,23.0,1,BTGOXD2,mg/L,reported_gmt_minus_4_unconverted
2025-02-01,24,24,24,1.0,high,True,True,True,True,9.919333333333334,10.593,1.1983077076939965,7.959,11.397,8.1271,8.857750000000001,10.90325,11.156099999999999,24,0,0,0,0,0.0,23.0,0,BTGOXD2,mg/L,reported_gmt_minus_4_unconverted
2025-02-02,24,24,24,1.0,high,True,True,True,True,10.933875,10.977,0.4044840312320612,10.225,11.762,10.368,10.68675,11.154250000000001,11.435799999999999,24,0,0,0,0,0.0,23.0,0,BTGOXD2,mg/L,reported_gmt_minus_4_unconverted
2025-02-03,24,24,22,0.916667,high,True,True,True,True,10.614772727272726,10.4305,0.6737031939262967,9.33,11.869,9.879900000000001,10.1575,11.055250000000001,11.6263,22,2,0,0,0,0.0,23.0,1,BTGOXD2,mg/L,reported_gmt_minus_4_unconverted
2025-02-04,24,24,24,1.0,high,True,True,True,True,11.215541666666667,11.287,0.38186282298714297,10.412,11.679,10.7052,11.0595,11.50275,11.6519,24,0,0,0,0,0.0,23.0,0,BTGOXD2,mg/L,reported_gmt_minus_4_unconverted
2025-02-05,24,24,24,1.0,high,True,True,True,True,11.45575,11.475000000000001,0.28902523584718665,10.917,11.862,11.028799999999999,11.30525,11.68275,11.8062,24,0,0,0,0,0.0,23.0,0,BTGOXD2,mg/L,reported_gmt_minus_4_unconverted
2025-02-06,24,24,24,1.0,high,True,True,True,True,11.353541666666667,11.462,0.4529535900179454,10.491,11.967,10.7101,11.0685,11.73425,11.7972,24,0,0,0,0,0.0,23.0,0,BTGOXD2,mg/L,reported_gmt_minus_4_unconverted
2025-02-07,24,24,23,0.958333,high,True,True,True,True,11.412565217391304,11.448,0.33846026033507537,10.728,11.848,10.954600000000001,11.161999999999999,11.684000000000001,11.785,23,1,0,0,0,0.0,23.0,1,BTGOXD2,mg/L,reported_gmt_minus_4_unconverted
2025-02-08,24,24,12,0.5,partial,True,False,False,False,11.586916666666665,11.644,0.26178112242980006,11.121,11.95,11.1764,11.4575,11.743500000000001,11.8581,12,12,0,0,0,0.0,12.0,11,BTGOXD2,mg/L,reported_gmt_minus_4_unconverted
2025-02-09,24,24,11,0.458333,weak,False,False,False,False,11.682545454545455,11.851,0.27353550542346927,11.238,11.932,11.298,11.4725,11.895,11.915,11,13,0,0,0,1.0,14.0,9,BTGOXD2,mg/L,reported_gmt_minus_4_unconverted
2025-02-10,24,24,13,0.541667,partial,True,False,False,False,11.737307692307695,11.806,0.13754840639776278,11.502,11.906,11.5468,11.643,11.842,11.879199999999999,13,11,0,0,0,2.0,23.0,5,BTGOXD2,mg/L,reported_gmt_minus_4_unconverted
2025-02-11,24,24,13,0.541667,partial,True,False,False,False,11.84646153846154,11.852,0.14088625162674992,11.507,11.997,11.736,11.756,11.956,11.9844,13,11,0,0,0,0.0,22.0,10,BTGOXD2,mg/L,reported_gmt_minus_4_unconverted
2025-02-12,24,24,6,0.25,weak,False,False,False,False,11.117166666666668,11.624500000000001,1.3727555378386447,8.382,11.972,9.767,11.25875,11.8785,11.96,6,18,0,0,0,3.0,23.0,8,BTGOXD2,mg/L,reported_gmt_minus_4_unconverted
2025-02-13,24,24,16,0.666667,partial,True,False,False,False,8.496125,10.1495,4.129032071805692,0.224,11.904,1.1455,8.134500000000001,11.120999999999999,11.798,16,8,0,0,0,0.0,23.0,2,BTGOXD2,mg/L,reported_gmt_minus_4_unconverted
2025-02-14,24,24,0,0.0,missing,False,False,False,False,,,,,,,,,,0,24,0,0,0,,,24,BTGOXD2,mg/L,reported_gmt_minus_4_unconverted
2025-02-15,24,24,0,0.0,missing,False,False,False,False,,,,,,,,,,0,24,0,0,0,,,24,BTGOXD2,mg/L,reported_gmt_minus_4_unconverted
2025-02-16,24,24,0,0.0,missing,False,False,False,False,,,,,,,,,,0,24,0,0,0,,,24,BTGOXD2,mg/L,reported_gmt_minus_4_unconverted
2025-02-17,24,24,0,0.0,missing,False,False,False,False,,,,,,,,,,0,24,0,0,0,,,24,BTGOXD2,mg/L,reported_gmt_minus_4_unconverted
2025-02-18,24,24,0,0.0,missing,False,False,False,False,,,,,,,,,,0,24,0,0,0,,,24,BTGOXD2,mg/L,reported_gmt_minus_4_unconverted
2025-02-19,24,24,0,0.0,missing,False,False,False,False,,,,,,,,,,0,24,0,0,0,,,24,BTGOXD2,mg/L,reported_gmt_minus_4_unconverted
2025-02-20,24,24,0,0.0,missing,False,False,False,False,,,,,,,,,,0,24,0,0,0,,,24,BTGOXD2,mg/L,reported_gmt_minus_4_unconverted
2025-02-21,24,24,2,0.083333,weak,False,False,False,False,11.915,11.915,0.031112698372207176,11.893,11.937,11.897400000000001,11.904,11.926,11.932599999999999,2,22,0,0,0,16.0,20.0,16,BTGOXD2,mg/L,reported_gmt_minus_4_unconverted
2025-02-22,24,24,1,0.041667,weak,False,False,False,False,4.607,4.607,,4.607,4.607,4.607,4.607,4.607,4.607,1,23,0,0,0,8.0,8.0,15,BTGOXD2,mg/L,reported_gmt_minus_4_unconverted
2025-02-23,24,24,0,0.0,missing,False,False,False,False,,,,,,,,,,0,24,0,0,0,,,24,BTGOXD2,mg/L,reported_gmt_minus_4_unconverted
2025-02-24,24,24,0,0.0,missing,False,False,False,False,,,,,,,,,,0,24,0,0,0,,,24,BTGOXD2,mg/L,reported_gmt_minus_4_unconverted
2025-02-25,24,24,0,0.0,missing,False,False,False,False,,,,,,,,,,0,24,0,0,0,,,24,BTGOXD2,mg/L,reported_gmt_minus_4_unconverted
2025-02-26,24,24,0,0.0,missing,False,False,False,False,,,,,,,,,,0,24,0,0,0,,,24,BTGOXD2,mg/L,reported_gmt_minus_4_unconverted
2025-02-27,24,24,0,0.0,missing,False,False,False,False,,,,,,,,,,0,24,0,0,0,,,24,BTGOXD2,mg/L,reported_gmt_minus_4_unconverted
2025-02-28,24,24,0,0.0,missing,False,False,False,False,,,,,,,,,,0,24,0,0,0,,,24,BTGOXD2,mg/L,reported_gmt_minus_4_unconverted
2025-03-01,24,24,0,0.0,missing,False,False,False,False,,,,,,,,,,0,24,0,0,0,,,24,BTGOXD2,mg/L,reported_gmt_minus_4_unconverted
2025-03-02,24,24,0,0.0,missing,False,False,False,False,,,,,,,,,,0,24,0,0,0,,,24,BTGOXD2,mg/L,reported_gmt_minus_4_unconverted
2025-03-03,24,24,4,0.166667,weak,False,False,False,False,5.54575,5.9495000000000005,3.6405804825604386,0.869,9.415,2.0516000000000005,3.8255,7.66975,8.716899999999999,4,20,0,0,0,0.0,3.0,20,BTGOXD2,mg/L,reported_gmt_minus_4_unconverted
2025-03-04,24,24,0,0.0,missing,False,False,False,False,,,,,,,,,,0,24,0,0,0,,,24,BTGOXD2,mg/L,reported_gmt_minus_4_unconverted
2025-03-05,24,24,0,0.0,missing,False,False,False,False,,,,,,,,,,0,24,0,0,0,,,24,BTGOXD2,mg/L,reported_gmt_minus_4_unconverted
2025-03-06,24,24,0,0.0,missing,False,False,False,False,,,,,,,,,,0,24,0,0,0,,,24,BTGOXD2,mg/L,reported_gmt_minus_4_unconverted
2025-03-07,24,24,0,0.0,missing,False,False,False,False,,,,,,,,,,0,24,0,0,0,,,24,BTGOXD2,mg/L,reported_gmt_minus_4_unconverted
2025-03-08,24,24,0,0.0,missing,False,False,False,False,,,,,,,,,,0,24,0,0,0,,,24,BTGOXD2,mg/L,reported_gmt_minus_4_unconverted
2025-03-09,24,24,0,0.0,missing,False,False,False,False,,,,,,,,,,0,24,0,0,0,,,24,BTGOXD2,mg/L,reported_gmt_minus_4_unconverted
2025-03-10,24,24,0,0.0,missing,False,False,False,False,,,,,,,,,,0,24,0,0,0,,,24,BTGOXD2,mg/L,reported_gmt_minus_4_unconverted
2025-03-11,24,24,0,0.0,missing,False,False,False,False,,,,,,,,,,0,24,0,0,0,,,24,BTGOXD2,mg/L,reported_gmt_minus_4_unconverted
2025-03-12,24,24,0,0.0,missing,False,False,False,False,,,,,,,,,,0,24,0,0,0,,,24,BTGOXD2,mg/L,reported_gmt_minus_4_unconverted
2025-03-13,24,24,0,0.0,missing,False,False,False,False,,,,,,,,,,0,24,0,0,0,,,24,BTGOXD2,mg/L,reported_gmt_minus_4_unconverted
2025-03-14,24,24,0,0.0,missing,False,False,False,False,,,,,,,,,,0,24,0,0,0,,,24,BTGOXD2,mg/L,reported_gmt_minus_4_unconverted
2025-03-15,24,24,0,0.0,missing,False,False,False,False,,,,,,,,,,0,24,0,0,0,,,24,BTGOXD2,mg/L,reported_gmt_minus_4_unconverted
2025-03-16,24,24,0,0.0,missing,False,False,False,False,,,,,,,,,,0,24,0,0,0,,,24,BTGOXD2,mg/L,reported_gmt_minus_4_unconverted
2025-03-17,24,24,0,0.0,missing,False,False,False,False,,,,,,,,,,0,24,0,0,0,,,24,BTGOXD2,mg/L,reported_gmt_minus_4_unconverted
2025-03-18,24,24,0,0.0,missing,False,False,False,False,,,,,,,,,,0,24,0,0,0,,,24,BTGOXD2,mg/L,reported_gmt_minus_4_unconverted
2025-03-19,24,24,0,0.0,missing,False,False,False,False,,,,,,,,,,0,24,0,0,0,,,24,BTGOXD2,mg/L,reported_gmt_minus_4_unconverted
2025-03-20,24,24,0,0.0,missing,False,False,False,False,,,,,,,,,,0,24,0,0,0,,,24,BTGOXD2,mg/L,reported_gmt_minus_4_unconverted
2025-03-21,24,24,0,0.0,missing,False,False,False,False,,,,,,,,,,0,24,0,0,0,,,24,BTGOXD2,mg/L,reported_gmt_minus_4_unconverted
2025-03-22,24,24,0,0.0,missing,False,False,False,False,,,,,,,,,,0,24,0,0,0,,,24,BTGOXD2,mg/L,reported_gmt_minus_4_unconverted
2025-03-23,24,24,0,0.0,missing,False,False,False,False,,,,,,,,,,0,24,0,0,0,,,24,BTGOXD2,mg/L,reported_gmt_minus_4_unconverted
2025-03-24,24,24,0,0.0,missing,False,False,False,False,,,,,,,,,,0,24,0,0,0,,,24,BTGOXD2,mg/L,reported_gmt_minus_4_unconverted
2025-03-25,24,24,0,0.0,missing,False,False,False,False,,,,,,,,,,0,24,0,0,0,,,24,BTGOXD2,mg/L,reported_gmt_minus_4_unconverted
2025-03-26,24,24,0,0.0,missing,False,False,False,False,,,,,,,,,,0,24,0,0,0,,,24,BTGOXD2,mg/L,reported_gmt_minus_4_unconverted
2025-03-27,24,24,0,0.0,missing,False,False,False,False,,,,,,,,,,0,24,0,0,0,,,24,BTGOXD2,mg/L,reported_gmt_minus_4_unconverted
2025-03-28,24,24,0,0.0,missing,False,False,False,False,,,,,,,,,,0,24,0,0,0,,,24,BTGOXD2,mg/L,reported_gmt_minus_4_unconverted
2025-03-29,24,24,0,0.0,missing,False,False,False,False,,,,,,,,,,0,24,0,0,0,,,24,BTGOXD2,mg/L,reported_gmt_minus_4_unconverted
2025-03-30,24,24,0,0.0,missing,False,False,False,False,,,,,,,,,,0,24,0,0,0,,,24,BTGOXD2,mg/L,reported_gmt_minus_4_unconverted
2025-03-31,24,24,0,0.0,missing,False,False,False,False,,,,,,,,,,0,24,0,0,0,,,24,BTGOXD2,mg/L,reported_gmt_minus_4_unconverted
2025-04-01,24,24,0,0.0,missing,False,False,False,False,,,,,,,,,,0,24,0,0,0,,,24,BTGOXD2,mg/L,reported_gmt_minus_4_unconverted
2025-04-02,24,24,0,0.0,missing,False,False,False,False,,,,,,,,,,0,24,0,0,0,,,24,BTGOXD2,mg/L,reported_gmt_minus_4_unconverted
2025-04-03,24,24,0,0.0,missing,False,False,False,False,,,,,,,,,,0,24,0,0,0,,,24,BTGOXD2,mg/L,reported_gmt_minus_4_unconverted
2025-04-04,24,24,0,0.0,missing,False,False,False,False,,,,,,,,,,0,24,0,0,0,,,24,BTGOXD2,mg/L,reported_gmt_minus_4_unconverted
2025-04-05,24,24,10,0.416667,weak,False,False,False,False,1.7102999999999997,1.703,0.8055034381608119,0.591,3.012,0.6027,1.28725,2.142,2.7051,10,14,0,0,0,7.0,21.0,7,BTGOXD2,mg/L,reported_gmt_minus_4_unconverted
2025-04-06,24,24,5,0.208333,weak,False,False,False,False,0.6712,0.427,0.6192646445583665,0.078,1.538,0.13720000000000002,0.226,1.087,1.3576000000000001,5,19,0,0,0,2.0,6.0,17,BTGOXD2,mg/L,reported_gmt_minus_4_unconverted
2025-04-07,24,24,0,0.0,missing,False,False,False,False,,,,,,,,,,0,24,0,0,0,,,24,BTGOXD2,mg/L,reported_gmt_minus_4_unconverted
2025-04-08,24,24,0,0.0,missing,False,False,False,False,,,,,,,,,,0,24,0,0,0,,,24,BTGOXD2,mg/L,reported_gmt_minus_4_unconverted
2025-04-09,24,24,0,0.0,missing,False,False,False,False,,,,,,,,,,0,24,0,0,0,,,24,BTGOXD2,mg/L,reported_gmt_minus_4_unconverted
2025-04-10,24,24,0,0.0,missing,False,False,False,False,,,,,,,,,,0,24,0,0,0,,,24,BTGOXD2,mg/L,reported_gmt_minus_4_unconverted
2025-04-11,24,24,0,0.0,missing,False,False,False,False,,,,,,,,,,0,24,0,0,0,,,24,BTGOXD2,mg/L,reported_gmt_minus_4_unconverted
2025-04-12,24,24,0,0.0,missing,False,False,False,False,,,,,,,,,,0,24,0,0,0,,,24,BTGOXD2,mg/L,reported_gmt_minus_4_unconverted
2025-04-13,24,24,0,0.0,missing,False,False,False,False,,,,,,,,,,0,24,0,0,0,,,24,BTGOXD2,mg/L,reported_gmt_minus_4_unconverted
2025-04-14,24,24,0,0.0,missing,False,False,False,False,,,,,,,,,,0,24,0,0,0,,,24,BTGOXD2,mg/L,reported_gmt_minus_4_unconverted
2025-04-15,24,24,0,0.0,missing,False,False,False,False,,,,,,,,,,0,24,0,0,0,,,24,BTGOXD2,mg/L,reported_gmt_minus_4_unconverted
2025-04-16,24,24,0,0.0,missing,False,False,False,False,,,,,,,,,,0,24,0,0,0,,,24,BTGOXD2,mg/L,reported_gmt_minus_4_unconverted
2025-04-17,24,24,0,0.0,missing,False,False,False,False,,,,,,,,,,0,24,0,0,0,,,24,BTGOXD2,mg/L,reported_gmt_minus_4_unconverted
2025-04-18,24,24,0,0.0,missing,False,False,False,False,,,,,,,,,,0,24,0,0,0,,,24,BTGOXD2,mg/L,reported_gmt_minus_4_unconverted
2025-04-19,24,24,0,0.0,missing,False,False,False,False,,,,,,,,,,0,24,0,0,0,,,24,BTGOXD2,mg/L,reported_gmt_minus_4_unconverted
2025-04-20,24,24,0,0.0,missing,False,False,False,False,,,,,,,,,,0,24,0,0,0,,,24,BTGOXD2,mg/L,reported_gmt_minus_4_unconverted
2025-04-21,24,24,0,0.0,missing,False,False,False,False,,,,,,,,,,0,24,0,0,0,,,24,BTGOXD2,mg/L,reported_gmt_minus_4_unconverted
2025-04-22,24,24,0,0.0,missing,False,False,False,False,,,,,,,,,,0,24,0,0,0,,,24,BTGOXD2,mg/L,reported_gmt_minus_4_unconverted
2025-04-23,24,24,0,0.0,missing,False,False,False,False,,,,,,,,,,0,24,0,0,0,,,24,BTGOXD2,mg/L,reported_gmt_minus_4_unconverted
2025-04-24,24,24,0,0.0,missing,False,False,False,False,,,,,,,,,,0,24,0,0,0,,,24,BTGOXD2,mg/L,reported_gmt_minus_4_unconverted
2025-04-25,24,24,0,0.0,missing,False,False,False,False,,,,,,,,,,0,24,0,0,0,,,24,BTGOXD2,mg/L,reported_gmt_minus_4_unconverted
2025-04-26,24,24,0,0.0,missing,False,False,False,False,,,,,,,,,,0,24,0,0,0,,,24,BTGOXD2,mg/L,reported_gmt_minus_4_unconverted
2025-04-27,24,24,0,0.0,missing,False,False,False,False,,,,,,,,,,0,24,0,0,0,,,24,BTGOXD2,mg/L,reported_gmt_minus_4_unconverted
2025-04-28,24,24,0,0.0,missing,False,False,False,False,,,,,,,,,,0,24,0,0,0,,,24,BTGOXD2,mg/L,reported_gmt_minus_4_unconverted
2025-04-29,24,24,0,0.0,missing,False,False,False,False,,,,,,,,,,0,24,0,0,0,,,24,BTGOXD2,mg/L,reported_gmt_minus_4_unconverted
2025-04-30,24,24,0,0.0,missing,False,False,False,False,,,,,,,,,,0,24,0,0,0,,,24,BTGOXD2,mg/L,reported_gmt_minus_4_unconverted
2025-05-01,24,24,0,0.0,missing,False,False,False,False,,,,,,,,,,0,24,0,0,0,,,24,BTGOXD2,mg/L,reported_gmt_minus_4_unconverted
2025-05-02,24,24,0,0.0,missing,False,False,False,False,,,,,,,,,,0,24,0,0,0,,,24,BTGOXD2,mg/L,reported_gmt_minus_4_unconverted
2025-05-03,24,24,0,0.0,missing,False,False,False,False,,,,,,,,,,0,24,0,0,0,,,24,BTGOXD2,mg/L,reported_gmt_minus_4_unconverted
2025-05-04,24,24,0,0.0,missing,False,False,False,False,,,,,,,,,,0,24,0,0,0,,,24,BTGOXD2,mg/L,reported_gmt_minus_4_unconverted
2025-05-05,24,24,0,0.0,missing,False,False,False,False,,,,,,,,,,0,24,0,0,0,,,24,BTGOXD2,mg/L,reported_gmt_minus_4_unconverted
2025-05-06,24,24,0,0.0,missing,False,False,False,False,,,,,,,,,,0,24,0,0,0,,,24,BTGOXD2,mg/L,reported_gmt_minus_4_unconverted
2025-05-07,24,24,0,0.0,missing,False,False,False,False,,,,,,,,,,0,24,0,0,0,,,24,BTGOXD2,mg/L,reported_gmt_minus_4_unconverted
2025-05-08,24,24,0,0.0,missing,False,False,False,False,,,,,,,,,,0,24,0,0,0,,,24,BTGOXD2,mg/L,reported_gmt_minus_4_unconverted
2025-05-09,24,24,0,0.0,missing,False,False,False,False,,,,,,,,,,0,24,0,0,0,,,24,BTGOXD2,mg/L,reported_gmt_minus_4_unconverted
2025-05-10,24,24,0,0.0,missing,False,False,False,False,,,,,,,,,,0,24,0,0,0,,,24,BTGOXD2,mg/L,reported_gmt_minus_4_unconverted
2025-05-11,24,24,0,0.0,missing,False,False,False,False,,,,,,,,,,0,24,0,0,0,,,24,BTGOXD2,mg/L,reported_gmt_minus_4_unconverted
2025-05-12,24,24,0,0.0,missing,False,False,False,False,,,,,,,,,,0,24,0,0,0,,,24,BTGOXD2,mg/L,reported_gmt_minus_4_unconverted
2025-05-13,24,24,0,0.0,missing,False,False,False,False,,,,,,,,,,0,24,0,0,0,,,24,BTGOXD2,mg/L,reported_gmt_minus_4_unconverted
2025-05-14,24,24,0,0.0,missing,False,False,False,False,,,,,,,,,,0,24,0,0,0,,,24,BTGOXD2,mg/L,reported_gmt_minus_4_unconverted
2025-05-15,24,24,0,0.0,missing,False,False,False,False,,,,,,,,,,0,24,0,0,0,,,24,BTGOXD2,mg/L,reported_gmt_minus_4_unconverted
2025-05-16,24,24,0,0.0,missing,False,False,False,False,,,,,,,,,,0,24,0,0,0,,,24,BTGOXD2,mg/L,reported_gmt_minus_4_unconverted
2025-05-17,24,24,0,0.0,missing,False,False,False,False,,,,,,,,,,0,24,0,0,0,,,24,BTGOXD2,mg/L,reported_gmt_minus_4_unconverted
2025-05-18,24,24,0,0.0,missing,False,False,False,False,,,,,,,,,,0,24,0,0,0,,,24,BTGOXD2,mg/L,reported_gmt_minus_4_unconverted
2025-05-19,24,24,0,0.0,missing,False,False,False,False,,,,,,,,,,0,24,0,0,0,,,24,BTGOXD2,mg/L,reported_gmt_minus_4_unconverted
2025-05-20,24,24,0,0.0,missing,False,False,False,False,,,,,,,,,,0,24,0,0,0,,,24,BTGOXD2,mg/L,reported_gmt_minus_4_unconverted
2025-05-21,24,24,0,0.0,missing,False,False,False,False,,,,,,,,,,0,24,0,0,0,,,24,BTGOXD2,mg/L,reported_gmt_minus_4_unconverted
2025-05-22,24,24,0,0.0,missing,False,False,False,False,,,,,,,,,,0,24,0,0,0,,,24,BTGOXD2,mg/L,reported_gmt_minus_4_unconverted
2025-05-23,24,24,0,0.0,missing,False,False,False,False,,,,,,,,,,0,24,0,0,0,,,24,BTGOXD2,mg/L,reported_gmt_minus_4_unconverted
2025-05-24,24,24,0,0.0,missing,False,False,False,False,,,,,,,,,,0,24,0,0,0,,,24,BTGOXD2,mg/L,reported_gmt_minus_4_unconverted
2025-05-25,24,24,0,0.0,missing,False,False,False,False,,,,,,,,,,0,24,0,0,0,,,24,BTGOXD2,mg/L,reported_gmt_minus_4_unconverted
2025-05-26,24,24,0,0.0,missing,False,False,False,False,,,,,,,,,,0,24,0,0,0,,,24,BTGOXD2,mg/L,reported_gmt_minus_4_unconverted
2025-05-27,24,24,0,0.0,missing,False,False,False,False,,,,,,,,,,0,24,0,0,0,,,24,BTGOXD2,mg/L,reported_gmt_minus_4_unconverted
2025-05-28,24,24,0,0.0,missing,False,False,False,False,,,,,,,,,,0,24,0,0,0,,,24,BTGOXD2,mg/L,reported_gmt_minus_4_unconverted
2025-05-29,24,24,0,0.0,missing,False,False,False,False,,,,,,,,,,0,24,0,0,0,,,24,BTGOXD2,mg/L,reported_gmt_minus_4_unconverted
2025-05-30,24,24,0,0.0,missing,False,False,False,False,,,,,,,,,,0,24,0,0,0,,,24,BTGOXD2,mg/L,reported_gmt_minus_4_unconverted
2025-05-31,24,24,0,0.0,missing,False,False,False,False,,,,,,,,,,0,24,0,0,0,,,24,BTGOXD2,mg/L,reported_gmt_minus_4_unconverted
2025-06-01,24,24,0,0.0,missing,False,False,False,False,,,,,,,,,,0,24,0,0,0,,,24,BTGOXD2,mg/L,reported_gmt_minus_4_unconverted
2025-06-02,24,24,0,0.0,missing,False,False,False,False,,,,,,,,,,0,24,0,0,0,,,24,BTGOXD2,mg/L,reported_gmt_minus_4_unconverted
2025-06-03,24,24,0,0.0,missing,False,False,False,False,,,,,,,,,,0,24,0,0,0,,,24,BTGOXD2,mg/L,reported_gmt_minus_4_unconverted
2025-06-04,24,24,0,0.0,missing,False,False,False,False,,,,,,,,,,0,24,0,0,0,,,24,BTGOXD2,mg/L,reported_gmt_minus_4_unconverted
2025-06-05,24,24,0,0.0,missing,False,False,False,False,,,,,,,,,,0,24,0,0,0,,,24,BTGOXD2,mg/L,reported_gmt_minus_4_unconverted
2025-06-06,24,24,0,0.0,missing,False,False,False,False,,,,,,,,,,0,24,0,0,0,,,24,BTGOXD2,mg/L,reported_gmt_minus_4_unconverted
2025-06-07,24,24,0,0.0,missing,False,False,False,False,,,,,,,,,,0,24,0,0,0,,,24,BTGOXD2,mg/L,reported_gmt_minus_4_unconverted
2025-06-08,24,24,0,0.0,missing,False,False,False,False,,,,,,,,,,0,24,0,0,0,,,24,BTGOXD2,mg/L,reported_gmt_minus_4_unconverted
2025-06-09,24,24,0,0.0,missing,False,False,False,False,,,,,,,,,,0,24,0,0,0,,,24,BTGOXD2,mg/L,reported_gmt_minus_4_unconverted
2025-06-10,24,24,0,0.0,missing,False,False,False,False,,,,,,,,,,0,24,0,0,0,,,24,BTGOXD2,mg/L,reported_gmt_minus_4_unconverted
2025-06-11,24,24,0,0.0,missing,False,False,False,False,,,,,,,,,,0,24,0,0,0,,,24,BTGOXD2,mg/L,reported_gmt_minus_4_unconverted
2025-06-12,24,24,0,0.0,missing,False,False,False,False,,,,,,,,,,0,24,0,0,0,,,24,BTGOXD2,mg/L,reported_gmt_minus_4_unconverted
2025-06-13,24,24,0,0.0,missing,False,False,False,False,,,,,,,,,,0,24,0,0,0,,,24,BTGOXD2,mg/L,reported_gmt_minus_4_unconverted
2025-06-14,24,24,0,0.0,missing,False,False,False,False,,,,,,,,,,0,24,0,0,0,,,24,BTGOXD2,mg/L,reported_gmt_minus_4_unconverted
2025-06-15,24,24,0,0.0,missing,False,False,False,False,,,,,,,,,,0,24,0,0,0,,,24,BTGOXD2,mg/L,reported_gmt_minus_4_unconverted
2025-06-16,24,24,0,0.0,missing,False,False,False,False,,,,,,,,,,0,24,0,0,0,,,24,BTGOXD2,mg/L,reported_gmt_minus_4_unconverted
2025-06-17,24,24,0,0.0,missing,False,False,False,False,,,,,,,,,,0,24,0,0,0,,,24,BTGOXD2,mg/L,reported_gmt_minus_4_unconverted
2025-06-18,24,24,0,0.0,missing,False,False,False,False,,,,,,,,,,0,24,0,0,0,,,24,BTGOXD2,mg/L,reported_gmt_minus_4_unconverted
2025-06-19,24,24,0,0.0,missing,False,False,False,False,,,,,,,,,,0,24,0,0,0,,,24,BTGOXD2,mg/L,reported_gmt_minus_4_unconverted
2025-06-20,24,24,0,0.0,missing,False,False,False,False,,,,,,,,,,0,24,0,0,0,,,24,BTGOXD2,mg/L,reported_gmt_minus_4_unconverted
2025-06-21,24,24,0,0.0,missing,False,False,False,False,,,,,,,,,,0,24,0,0,0,,,24,BTGOXD2,mg/L,reported_gmt_minus_4_unconverted
2025-06-22,24,24,0,0.0,missing,False,False,False,False,,,,,,,,,,0,24,0,0,0,,,24,BTGOXD2,mg/L,reported_gmt_minus_4_unconverted
2025-06-23,24,24,0,0.0,missing,False,False,False,False,,,,,,,,,,0,24,0,0,0,,,24,BTGOXD2,mg/L,reported_gmt_minus_4_unconverted
2025-06-24,24,24,0,0.0,missing,False,False,False,False,,,,,,,,,,0,24,0,0,0,,,24,BTGOXD2,mg/L,reported_gmt_minus_4_unconverted
2025-06-25,24,24,0,0.0,missing,False,False,False,False,,,,,,,,,,0,24,0,0,0,,,24,BTGOXD2,mg/L,reported_gmt_minus_4_unconverted
2025-06-26,24,24,0,0.0,missing,False,False,False,False,,,,,,,,,,0,24,0,0,0,,,24,BTGOXD2,mg/L,reported_gmt_minus_4_unconverted
2025-06-27,24,24,0,0.0,missing,False,False,False,False,,,,,,,,,,0,24,0,0,0,,,24,BTGOXD2,mg/L,reported_gmt_minus_4_unconverted
2025-06-28,24,24,0,0.0,missing,False,False,False,False,,,,,,,,,,0,24,0,0,0,,,24,BTGOXD2,mg/L,reported_gmt_minus_4_unconverted
2025-06-29,24,24,0,0.0,missing,False,False,False,False,,,,,,,,,,0,24,0,0,0,,,24,BTGOXD2,mg/L,reported_gmt_minus_4_unconverted
2025-06-30,24,24,0,0.0,missing,False,False,False,False,,,,,,,,,,0,24,0,0,0,,,24,BTGOXD2,mg/L,reported_gmt_minus_4_unconverted
2025-07-01,24,24,0,0.0,missing,False,False,False,False,,,,,,,,,,0,24,0,0,0,,,24,BTGOXD2,mg/L,reported_gmt_minus_4_unconverted
2025-07-02,24,24,0,0.0,missing,False,False,False,False,,,,,,,,,,0,24,0,0,0,,,24,BTGOXD2,mg/L,reported_gmt_minus_4_unconverted
2025-07-03,24,24,0,0.0,missing,False,False,False,False,,,,,,,,,,0,24,0,0,0,,,24,BTGOXD2,mg/L,reported_gmt_minus_4_unconverted
2025-07-04,24,24,0,0.0,missing,False,False,False,False,,,,,,,,,,0,24,0,0,0,,,24,BTGOXD2,mg/L,reported_gmt_minus_4_unconverted
2025-07-05,24,24,0,0.0,missing,False,False,False,False,,,,,,,,,,0,24,0,0,0,,,24,BTGOXD2,mg/L,reported_gmt_minus_4_unconverted
2025-07-06,24,24,0,0.0,missing,False,False,False,False,,,,,,,,,,0,24,0,0,0,,,24,BTGOXD2,mg/L,reported_gmt_minus_4_unconverted
2025-07-07,24,24,0,0.0,missing,False,False,False,False,,,,,,,,,,0,24,0,0,0,,,24,BTGOXD2,mg/L,reported_gmt_minus_4_unconverted
2025-07-08,24,24,0,0.0,missing,False,False,False,False,,,,,,,,,,0,24,0,0,0,,,24,BTGOXD2,mg/L,reported_gmt_minus_4_unconverted
2025-07-09,24,24,0,0.0,missing,False,False,False,False,,,,,,,,,,0,24,0,0,0,,,24,BTGOXD2,mg/L,reported_gmt_minus_4_unconverted
2025-07-10,24,24,0,0.0,missing,False,False,False,False,,,,,,,,,,0,24,0,0,0,,,24,BTGOXD2,mg/L,reported_gmt_minus_4_unconverted
2025-07-11,24,24,0,0.0,missing,False,False,False,False,,,,,,,,,,0,24,0,0,0,,,24,BTGOXD2,mg/L,reported_gmt_minus_4_unconverted
2025-07-12,24,24,0,0.0,missing,False,False,False,False,,,,,,,,,,0,24,0,0,0,,,24,BTGOXD2,mg/L,reported_gmt_minus_4_unconverted
2025-07-13,24,24,0,0.0,missing,False,False,False,False,,,,,,,,,,0,24,0,0,0,,,24,BTGOXD2,mg/L,reported_gmt_minus_4_unconverted
2025-07-14,24,24,0,0.0,missing,False,False,False,False,,,,,,,,,,0,24,0,0,0,,,24,BTGOXD2,mg/L,reported_gmt_minus_4_unconverted
2025-07-15,24,24,0,0.0,missing,False,False,False,False,,,,,,,,,,0,24,0,0,0,,,24,BTGOXD2,mg/L,reported_gmt_minus_4_unconverted
2025-07-16,24,24,0,0.0,missing,False,False,False,False,,,,,,,,,,0,24,0,0,0,,,24,BTGOXD2,mg/L,reported_gmt_minus_4_unconverted
2025-07-17,24,24,0,0.0,missing,False,False,False,False,,,,,,,,,,0,24,0,0,0,,,24,BTGOXD2,mg/L,reported_gmt_minus_4_unconverted
2025-07-18,24,24,12,0.5,partial,True,False,False,False,7.415083333333333,7.455,0.14097676038871437,6.981,7.494,7.3779,7.42725,7.48125,7.4892,12,12,0,0,0,12.0,23.0,12,BTGOXD2,mg/L,reported_gmt_minus_4_unconverted
2025-07-19,24,24,24,1.0,high,True,True,True,True,7.434958333333334,7.416,0.22856118563682273,6.899,7.732,7.1394,7.343,7.64725,7.6922,24,0,0,0,0,0.0,23.0,0,BTGOXD2,mg/L,reported_gmt_minus_4_unconverted
2025-07-20,24,24,24,1.0,high,True,True,True,True,7.316,7.418,0.41611066671802804,6.323,7.847,6.7248,7.016,7.6695,7.7644,24,0,0,0,0,0.0,23.0,0,BTGOXD2,mg/L,reported_gmt_minus_4_unconverted
2025-07-21,24,24,24,1.0,high,True,True,True,True,7.456374999999999,7.615,0.33936024369392487,6.512,7.74,7.0206,7.3485,7.6905,7.729,24,0,0,0,0,0.0,23.0,0,BTGOXD2,mg/L,reported_gmt_minus_4_unconverted
2025-07-22,24,24,24,1.0,high,True,True,True,True,7.606208333333334,7.6145,0.11092025304799796,7.3,7.796,7.4967,7.55675,7.67275,7.7295,24,0,0,0,0,0.0,23.0,0,BTGOXD2,mg/L,reported_gmt_minus_4_unconverted
2025-07-23,24,24,24,1.0,high,True,True,True,True,7.572166666666665,7.6,0.16803510675287256,7.167,7.782,7.32,7.525,7.66425,7.7581,24,0,0,0,0,0.0,23.0,0,BTGOXD2,mg/L,reported_gmt_minus_4_unconverted
2025-07-24,24,24,24,1.0,high,True,True,True,True,7.5508750000000004,7.673,0.24161347365611455,6.983,7.856,7.1560999999999995,7.458,7.718249999999999,7.7667,24,0,0,0,0,0.0,23.0,0,BTGOXD2,mg/L,reported_gmt_minus_4_unconverted
2025-07-25,24,24,24,1.0,high,True,True,True,True,7.361958333333334,7.403,0.20792671768566987,6.842,7.67,7.1566,7.29025,7.441,7.628,24,0,0,0,0,0.0,23.0,0,BTGOXD2,mg/L,reported_gmt_minus_4_unconverted
2025-07-26,24,24,24,1.0,high,True,True,True,True,7.175666666666667,7.2965,0.35726967851807107,6.201,7.473,6.6067,7.13875,7.4,7.4515,24,0,0,0,0,0.0,23.0,0,BTGOXD2,mg/L,reported_gmt_minus_4_unconverted
2025-07-27,24,24,24,1.0,high,True,True,True,True,7.242624999999999,7.3045,0.19694113278492303,6.799,7.452,6.8924,7.17725,7.3665,7.4324,24,0,0,0,0,0.0,23.0,0,BTGOXD2,mg/L,reported_gmt_minus_4_unconverted
2025-07-28,24,24,24,1.0,high,True,True,True,True,7.318333333333334,7.352,0.22805484974618198,6.861,7.764,7.0386,7.2085,7.40175,7.6316,24,0,0,0,0,0.0,23.0,0,BTGOXD2,mg/L,reported_gmt_minus_4_unconverted
2025-07-29,24,24,24,1.0,high,True,True,True,True,7.565458333333333,7.627000000000001,0.22514304229256918,6.937,7.785,7.2599,7.452249999999999,7.7375,7.7501999999999995,24,0,0,0,0,0.0,23.0,0,BTGOXD2,mg/L,reported_gmt_minus_4_unconverted
2025-07-30,24,24,24,1.0,high,True,True,True,True,7.90775,7.9575,0.18973648774710855,7.565,8.121,7.676,7.7405,8.079,8.108600000000001,24,0,0,0,0,0.0,23.0,0,BTGOXD2,mg/L,reported_gmt_minus_4_unconverted
2025-07-31,24,24,24,1.0,high,True,True,True,True,8.062291666666667,8.0755,0.027816915664779205,8.01,8.096,8.018,8.046,8.08225,8.0884,24,0,0,0,0,0.0,23.0,0,BTGOXD2,mg/L,reported_gmt_minus_4_unconverted
2025-08-01,24,24,24,1.0,high,True,True,True,True,8.029208333333335,8.032,0.045506787995014425,7.941,8.112,7.974,7.997,8.059000000000001,8.0875,24,0,0,0,0,0.0,23.0,0,BTGOXD2,mg/L,reported_gmt_minus_4_unconverted
2025-08-02,24,24,24,1.0,high,True,True,True,True,8.077333333333334,8.0855,0.04862605015445107,7.943,8.138,8.015,8.04875,8.117750000000001,8.1277,24,0,0,0,0,0.0,23.0,0,BTGOXD2,mg/L,reported_gmt_minus_4_unconverted
2025-08-03,24,24,24,1.0,high,True,True,True,True,8.038416666666667,8.0665,0.08942323239938059,7.797,8.164,7.8963,8.0105,8.08425,8.1125,24,0,0,0,0,0.0,23.0,0,BTGOXD2,mg/L,reported_gmt_minus_4_unconverted
2025-08-04,24,24,24,1.0,high,True,True,True,True,7.923583333333333,7.916,0.16902068735401354,7.655,8.278,7.6842,7.8205,8.02425,8.1142,24,0,0,0,0,0.0,23.0,0,BTGOXD2,mg/L,reported_gmt_minus_4_unconverted
2025-08-05,24,24,24,1.0,high,True,True,True,True,8.005249999999998,8.0125,0.20067175230687803,7.641,8.296,7.6902,7.923,8.17025,8.242799999999999,24,0,0,0,0,0.0,23.0,0,BTGOXD2,mg/L,reported_gmt_minus_4_unconverted
2025-08-06,24,24,24,1.0,high,True,True,True,True,7.828083333333333,7.8915,0.13485222722819887,7.501,7.959,7.6349,7.7620000000000005,7.928,7.9407,24,0,0,0,0,0.0,23.0,0,BTGOXD2,mg/L,reported_gmt_minus_4_unconverted
2025-08-07,24,24,20,0.833333,standard,True,True,True,False,7.964699999999999,8.145,0.3618361216730143,7.316,8.35,7.4765,7.683999999999999,8.28525,8.312100000000001,20,4,0,0,0,0.0,23.0,4,BTGOXD2,mg/L,reported_gmt_minus_4_unconverted
2025-08-08,24,24,24,1.0,high,True,True,True,True,8.084999999999999,8.1135,0.13869860975448192,7.767,8.288,7.8612,8.029499999999999,8.1665,8.2499,24,0,0,0,0,0.0,23.0,0,BTGOXD2,mg/L,reported_gmt_minus_4_unconverted
2025-08-09,24,24,24,1.0,high,True,True,True,True,7.775541666666666,7.866,0.3937186127356601,6.631,8.296,7.2562999999999995,7.6205,8.031749999999999,8.1753,24,0,0,0,0,0.0,23.0,0,BTGOXD2,mg/L,reported_gmt_minus_4_unconverted
2025-08-10,24,24,24,1.0,high,True,True,True,True,7.5144166666666665,7.6315,0.4893369885935429,6.31,8.218,6.914000000000001,7.191750000000001,7.77625,8.1511,24,0,0,0,0,0.0,23.0,0,BTGOXD2,mg/L,reported_gmt_minus_4_unconverted
2025-08-11,24,24,24,1.0,high,True,True,True,True,7.670625,7.769,0.5503902814880743,6.682,8.348,6.8886,7.26975,8.10025,8.309099999999999,24,0,0,0,0,0.0,23.0,0,BTGOXD2,mg/L,reported_gmt_minus_4_unconverted
2025-08-12,24,24,24,1.0,high,True,True,True,True,7.977583333333333,8.008500000000002,0.2563458799062852,7.571,8.351,7.6398,7.7379999999999995,8.19125,8.278,24,0,0,0,0,0.0,23.0,0,BTGOXD2,mg/L,reported_gmt_minus_4_unconverted
2025-08-13,24,24,21,0.875,standard,True,True,True,False,8.232238095238097,8.372,0.29709020595803975,7.502,8.478,7.661,8.162,8.429,8.471,21,3,0,0,0,0.0,23.0,3,BTGOXD2,mg/L,reported_gmt_minus_4_unconverted
2025-08-14,24,24,24,1.0,high,True,True,True,True,8.384583333333333,8.388000000000002,0.10946983569703693,8.113,8.538,8.259799999999998,8.35225,8.43475,8.5281,24,0,0,0,0,0.0,23.0,0,BTGOXD2,mg/L,reported_gmt_minus_4_unconverted
2025-08-15,24,24,24,1.0,high,True,True,True,True,8.364333333333333,8.4035,0.1152300786014344,8.105,8.523,8.1611,8.31125,8.4495,8.4688,24,0,0,0,0,0.0,23.0,0,BTGOXD2,mg/L,reported_gmt_minus_4_unconverted
2025-08-16,24,24,24,1.0,high,True,True,True,True,8.179583333333333,8.165,0.18155390064820892,7.759,8.481,8.0075,8.099,8.3075,8.4065,24,0,0,0,0,0.0,23.0,0,BTGOXD2,mg/L,reported_gmt_minus_4_unconverted
2025-08-17,24,24,24,1.0,high,True,True,True,True,8.379708333333333,8.3585,0.13880592618806847,8.143,8.673,8.2302,8.27875,8.448,8.577399999999999,24,0,0,0,0,0.0,23.0,0,BTGOXD2,mg/L,reported_gmt_minus_4_unconverted
2025-08-18,24,24,24,1.0,high,True,True,True,True,8.398291666666667,8.413499999999999,0.07857673024650406,8.231,8.514,8.322600000000001,8.35125,8.4505,8.5086,24,0,0,0,0,0.0,23.0,0,BTGOXD2,mg/L,reported_gmt_minus_4_unconverted
2025-08-19,24,24,24,1.0,high,True,True,True,True,8.40325,8.411999999999999,0.07356703538713634,8.239,8.524,8.3095,8.374,8.44975,8.4731,24,0,0,0,0,0.0,23.0,0,BTGOXD2,mg/L,reported_gmt_minus_4_unconverted
2025-08-20,24,24,24,1.0,high,True,True,True,True,8.48325,8.439499999999999,0.13386406148224317,8.334,8.778,8.3544,8.38025,8.55325,8.6996,24,0,0,0,0,0.0,23.0,0,BTGOXD2,mg/L,reported_gmt_minus_4_unconverted
2025-08-21,24,24,24,1.0,high,True,True,True,True,8.447708333333333,8.400500000000001,0.12893222997969203,8.252,8.664,8.319,8.3505,8.57075,8.634799999999998,24,0,0,0,0,0.0,23.0,0,BTGOXD2,mg/L,reported_gmt_minus_4_unconverted
2025-08-22,24,24,24,1.0,high,True,True,True,True,8.306624999999999,8.276499999999999,0.28422523409375905,7.603,8.744,8.0023,8.1815,8.536999999999999,8.6666,24,0,0,0,0,0.0,23.0,0,BTGOXD2,mg/L,reported_gmt_minus_4_unconverted
2025-08-23,24,24,24,1.0,high,True,True,True,True,7.893666666666667,7.9265,0.20313813391206328,7.371,8.212,7.6205,7.82225,7.9945,8.1151,24,0,0,0,0,0.0,23.0,0,BTGOXD2,mg/L,reported_gmt_minus_4_unconverted
2025-08-24,24,24,24,1.0,high,True,True,True,True,7.447125,7.5665,0.5344945041812871,6.059,8.094,6.676,7.300750000000001,7.83,7.9659,24,0,0,0,0,0.0,23.0,0,BTGOXD2,mg/L,reported_gmt_minus_4_unconverted
2025-08-25,24,24,24,1.0,high,True,True,True,True,7.392958333333333,7.5535,0.8155110149959413,5.672,8.455,6.2019,6.88325,7.983750000000001,8.2616,24,0,0,0,0,0.0,23.0,0,BTGOXD2,mg/L,reported_gmt_minus_4_unconverted
2025-08-26,24,24,24,1.0,high,True,True,True,True,7.604125,7.4165,0.6403972484868788,6.656,8.634,6.824,7.13875,8.296,8.476700000000001,24,0,0,0,0,0.0,23.0,0,BTGOXD2,mg/L,reported_gmt_minus_4_unconverted
2025-08-27,24,24,24,1.0,high,True,True,True,True,7.007625,7.0045,0.29157634729920706,6.393,7.454,6.6238,6.88525,7.241,7.3666,24,0,0,0,0,0.0,23.0,0,BTGOXD2,mg/L,reported_gmt_minus_4_unconverted
2025-08-28,24,24,24,1.0,high,True,True,True,True,7.317208333333333,7.244,0.4125859045376955,6.635,7.949,6.7408,7.1072500000000005,7.7205,7.799799999999999,24,0,0,0,0,0.0,23.0,0,BTGOXD2,mg/L,reported_gmt_minus_4_unconverted
2025-08-29,24,24,24,1.0,high,True,True,True,True,7.576249999999999,7.759,0.5117498752150397,6.502,8.167,6.791300000000001,7.333,7.9807500000000005,8.1159,24,0,0,0,0,0.0,23.0,0,BTGOXD2,mg/L,reported_gmt_minus_4_unconverted
2025-08-30,24,24,24,1.0,high,True,True,True,True,7.399374999999999,7.8025,1.0299082615329935,5.029,8.527,5.8519000000000005,6.83625,8.071750000000002,8.367799999999999,24,0,0,0,0,0.0,23.0,0,BTGOXD2,mg/L,reported_gmt_minus_4_unconverted
2025-08-31,24,24,24,1.0,high,True,True,True,True,6.826291666666667,7.2330000000000005,1.2450486101621359,4.115,8.681,5.0748,6.12875,7.6025,8.0567,24,0,0,0,0,0.0,23.0,0,BTGOXD2,mg/L,reported_gmt_minus_4_unconverted
2025-09-01,24,24,24,1.0,high,True,True,True,True,5.90175,5.813000000000001,1.0822273429086564,4.207,8.137,4.5899,5.109500000000001,6.57925,7.321899999999999,24,0,0,0,0,0.0,23.0,0,BTGOXD2,mg/L,reported_gmt_minus_4_unconverted
2025-09-02,24,24,24,1.0,high,True,True,True,True,6.086125,5.939,1.0726076438328676,4.594,7.737,4.7462,5.1205,7.2212499999999995,7.4808,24,0,0,0,0,0.0,23.0,0,BTGOXD2,mg/L,reported_gmt_minus_4_unconverted
2025-09-03,24,24,24,1.0,high,True,True,True,True,6.4249166666666655,6.2620000000000005,1.2095315268701157,5.083,8.681,5.1194,5.33225,7.10825,8.3794,24,0,0,0,0,0.0,23.0,0,BTGOXD2,mg/L,reported_gmt_minus_4_unconverted
2025-09-04,24,24,24,1.0,high,True,True,True,True,5.93425,5.8100000000000005,1.0494339364421763,4.515,8.205,4.8017,5.17325,6.155749999999999,7.6567,24,0,0,0,0,0.0,23.0,0,BTGOXD2,mg/L,reported_gmt_minus_4_unconverted
2025-09-05,24,24,24,1.0,high,True,True,True,True,5.972083333333333,5.9845,0.7009601437944998,4.696,7.343,5.1544,5.4405,6.37875,7.0054,24,0,0,0,0,0.0,23.0,0,BTGOXD2,mg/L,reported_gmt_minus_4_unconverted
2025-09-06,24,24,24,1.0,high,True,True,True,True,5.911499999999999,5.431,1.1410654060436525,4.446,7.562,4.6823,5.0075,6.97675,7.5317,24,0,0,0,0,0.0,23.0,0,BTGOXD2,mg/L,reported_gmt_minus_4_unconverted
2025-09-07,24,24,24,1.0,high,True,True,True,True,5.878958333333332,5.7595,0.7044896073641242,4.599,7.107,5.0381,5.38125,6.36525,6.7994,24,0,0,0,0,0.0,23.0,0,BTGOXD2,mg/L,reported_gmt_minus_4_unconverted
2025-09-08,24,24,24,1.0,high,True,True,True,True,6.118666666666667,6.1505,0.98684312953926,4.161,7.74,4.8242,5.4959999999999996,6.896,7.4627,24,0,0,0,0,0.0,23.0,0,BTGOXD2,mg/L,reported_gmt_minus_4_unconverted
2025-09-09,24,24,24,1.0,high,True,True,True,True,5.198458333333334,5.2695,0.8187656658530023,3.596,6.753,4.1312999999999995,4.61125,5.58,6.260199999999999,24,0,0,0,0,0.0,23.0,0,BTGOXD2,mg/L,reported_gmt_minus_4_unconverted
2025-09-10,24,24,19,0.791667,standard,True,True,True,False,4.036052631578947,3.905,0.6902615827579996,3.119,5.201,3.3228,3.441,4.6465,5.0142,19,5,0,0,0,0.0,23.0,5,BTGOXD2,mg/L,reported_gmt_minus_4_unconverted
2025-09-11,24,24,24,1.0,high,True,True,True,True,4.572375,4.407,0.8435928758692733,3.359,6.088,3.543,3.81075,5.24575,5.6766,24,0,0,0,0,0.0,23.0,0,BTGOXD2,mg/L,reported_gmt_minus_4_unconverted
2025-09-12,24,24,24,1.0,high,True,True,True,True,5.831500000000001,5.8420000000000005,0.6905127269550914,4.783,6.751,4.9109,5.2802500000000006,6.511,6.6411999999999995,24,0,0,0,0,0.0,23.0,0,BTGOXD2,mg/L,reported_gmt_minus_4_unconverted
2025-09-13,24,24,24,1.0,high,True,True,True,True,6.244041666666667,6.5575,0.7934900059186338,4.473,6.946,4.6593,6.1370000000000005,6.74475,6.8585,24,0,0,0,0,0.0,23.0,0,BTGOXD2,mg/L,reported_gmt_minus_4_unconverted
2025-09-14,24,24,24,1.0,high,True,True,True,True,4.863333333333333,4.6525,0.7243594271562599,3.831,6.575,4.2359,4.3885000000000005,5.088,5.9616,24,0,0,0,0,0.0,23.0,0,BTGOXD2,mg/L,reported_gmt_minus_4_unconverted
2025-09-15,24,24,24,1.0,high,True,True,True,True,5.2768749999999995,5.135999999999999,0.6936335527025654,4.144,6.417,4.4598,4.765750000000001,5.8215,6.1847,24,0,0,0,0,0.0,23.0,0,BTGOXD2,mg/L,reported_gmt_minus_4_unconverted
2025-09-16,24,24,24,1.0,high,True,True,True,True,6.539124999999999,6.51,0.5635087524878692,5.338,7.366,5.9229,6.19675,6.963,7.2991,24,0,0,0,0,0.0,23.0,0,BTGOXD2,mg/L,reported_gmt_minus_4_unconverted
2025-09-17,24,24,24,1.0,high,True,True,True,True,7.386916666666667,7.354,0.2315508990277942,7.086,7.764,7.116,7.18075,7.598,7.683800000000001,24,0,0,0,0,0.0,23.0,0,BTGOXD2,mg/L,reported_gmt_minus_4_unconverted
2025-09-18,24,24,24,1.0,high,True,True,True,True,7.410416666666666,7.377,0.182086438304704,7.155,7.748,7.2186,7.281,7.566,7.6936,24,0,0,0,0,0.0,23.0,0,BTGOXD2,mg/L,reported_gmt_minus_4_unconverted
2025-09-19,24,24,24,1.0,high,True,True,True,True,7.562291666666667,7.6675,0.4957115640270509,6.62,8.229,6.8541,7.25225,7.9755,8.1888,24,0,0,0,0,0.0,23.0,0,BTGOXD2,mg/L,reported_gmt_minus_4_unconverted
2025-09-20,24,24,24,1.0,high,True,True,True,True,7.701208333333334,7.749,0.49834717941600126,6.564,8.322,7.034,7.46775,8.153,8.2291,24,0,0,0,0,0.0,23.0,0,BTGOXD2,mg/L,reported_gmt_minus_4_unconverted
2025-09-21,24,24,24,1.0,high,True,True,True,True,7.316333333333333,7.41,0.6295828616712378,5.681,8.006,6.5755,7.053,7.79575,7.9808,24,0,0,0,0,0.0,23.0,0,BTGOXD2,mg/L,reported_gmt_minus_4_unconverted
2025-09-22,24,24,24,1.0,high,True,True,True,True,6.664041666666667,6.4345,0.9336939019487233,5.382,7.939,5.4619,5.9075,7.484,7.9018,24,0,0,0,0,0.0,23.0,0,BTGOXD2,mg/L,reported_gmt_minus_4_unconverted
2025-09-23,24,24,23,0.958333,high,True,True,True,True,6.832869565217391,6.914,0.8537893770686401,5.384,8.182,5.8914,6.2315000000000005,7.412,8.1258,23,1,0,0,0,0.0,22.0,1,BTGOXD2,mg/L,reported_gmt_minus_4_unconverted
2025-09-24,24,24,1,0.041667,weak,False,False,False,False,5.927,5.927,,5.927,5.927,5.927,5.927,5.927,5.927,1,23,0,0,0,0.0,0.0,23,BTGOXD2,mg/L,reported_gmt_minus_4_unconverted
2025-09-25,24,24,0,0.0,missing,False,False,False,False,,,,,,,,,,0,24,0,0,0,,,24,BTGOXD2,mg/L,reported_gmt_minus_4_unconverted
2025-09-26,24,24,13,0.541667,partial,True,False,False,False,6.7558461538461545,6.691,0.5027033330162444,6.149,7.724,6.2684,6.391,7.012,7.4846,13,11,0,0,0,11.0,23.0,11,BTGOXD2,mg/L,reported_gmt_minus_4_unconverted
2025-09-27,24,24,24,1.0,high,True,True,True,True,5.574541666666666,5.6965,1.123849749325047,3.313,7.319,3.6931000000000003,4.99325,6.227,6.7688,24,0,0,0,0,0.0,23.0,0,BTGOXD2,mg/L,reported_gmt_minus_4_unconverted
2025-09-28,24,24,24,1.0,high,True,True,True,True,4.939125,4.897,1.0274485626604593,3.622,7.499,3.7868999999999997,4.005,5.4944999999999995,6.3065,24,0,0,0,0,0.0,23.0,0,BTGOXD2,mg/L,reported_gmt_minus_4_unconverted
2025-09-29,24,24,24,1.0,high,True,True,True,True,6.8965000000000005,7.041,1.1253903284213649,4.783,8.916,5.337300000000001,6.022,7.71675,8.2118,24,0,0,0,0,0.0,23.0,0,BTGOXD2,mg/L,reported_gmt_minus_4_unconverted
2025-09-30,24,24,24,1.0,high,True,True,True,True,7.519291666666667,7.774,1.2934263051616268,4.792,9.066,5.405200000000001,7.00125,8.654499999999999,8.7683,24,0,0,0,0,0.0,23.0,0,BTGOXD2,mg/L,reported_gmt_minus_4_unconverted
2025-10-01,24,24,24,1.0,high,True,True,True,True,7.581333333333333,7.4879999999999995,1.893560544643842,4.031,10.191,5.4254,6.25925,9.3975,9.802200000000001,24,0,0,0,0,0.0,23.0,0,BTGOXD2,mg/L,reported_gmt_minus_4_unconverted
2025-10-02,24,24,24,1.0,high,True,True,True,True,6.37275,5.773,2.2307444507042544,2.808,10.516,3.6629,5.23925,8.238999999999999,9.525500000000001,24,0,0,0,0,0.0,23.0,0,BTGOXD2,mg/L,reported_gmt_minus_4_unconverted
2025-10-03,24,24,24,1.0,high,True,True,True,True,8.459791666666668,8.8245,1.8269397310248363,3.666,10.651,6.462300000000001,7.707750000000001,9.7485,10.3735,24,0,0,0,0,0.0,23.0,0,BTGOXD2,mg/L,reported_gmt_minus_4_unconverted
2025-10-04,24,24,24,1.0,high,True,True,True,True,9.865625,9.9065,0.3586696205969087,9.071,10.463,9.4088,9.594000000000001,10.05325,10.3705,24,0,0,0,0,0.0,23.0,0,BTGOXD2,mg/L,reported_gmt_minus_4_unconverted
2025-10-05,24,24,24,1.0,high,True,True,True,True,6.517666666666667,8.057,2.7928685217371307,2.041,9.214,2.3059,3.69825,8.886000000000001,9.1438,24,0,0,0,0,0.0,23.0,0,BTGOXD2,mg/L,reported_gmt_minus_4_unconverted
2025-10-06,24,24,24,1.0,high,True,True,True,True,1.7324166666666667,1.628,0.7341144867867306,0.813,3.538,0.969,1.2545,1.95225,2.7725999999999993,24,0,0,0,0,0.0,23.0,0,BTGOXD2,mg/L,reported_gmt_minus_4_unconverted
2025-10-07,24,24,24,1.0,high,True,True,True,True,1.7250416666666666,1.2495,0.9532494303430112,0.967,3.714,0.9935999999999999,1.06525,2.21425,3.4614,24,0,0,0,0,0.0,23.0,0,BTGOXD2,mg/L,reported_gmt_minus_4_unconverted
2025-10-08,24,24,24,1.0,high,True,True,True,True,2.4577916666666666,2.3005,0.9406070648056598,1.176,4.723,1.5673,1.81725,2.83575,3.6925,24,0,0,0,0,0.0,23.0,0,BTGOXD2,mg/L,reported_gmt_minus_4_unconverted
2025-10-09,24,24,24,1.0,high,True,True,True,True,3.872375,3.885,1.2197773072769578,2.091,6.288,2.3914,2.90775,4.50875,5.6074,24,0,0,0,0,0.0,23.0,0,BTGOXD2,mg/L,reported_gmt_minus_4_unconverted
2025-10-10,24,24,24,1.0,high,True,True,True,True,5.611958333333334,5.281499999999999,1.2667700618078854,4.038,7.987,4.1503,4.4615,6.50675,7.4831,24,0,0,0,0,0.0,23.0,0,BTGOXD2,mg/L,reported_gmt_minus_4_unconverted
2025-10-11,24,24,24,1.0,high,True,True,True,True,5.951333333333333,5.948,1.8440266589289265,2.641,9.159,3.2600000000000002,4.8065,7.211,8.3982,24,0,0,0,0,0.0,23.0,0,BTGOXD2,mg/L,reported_gmt_minus_4_unconverted
2025-10-12,24,24,24,1.0,high,True,True,True,True,5.098291666666667,4.478,1.7108031797747911,3.016,8.54,3.1612000000000005,3.534,6.383,7.4822,24,0,0,0,0,0.0,23.0,0,BTGOXD2,mg/L,reported_gmt_minus_4_unconverted
2025-10-13,24,24,24,1.0,high,True,True,True,True,8.596,8.3355,0.8012589550472919,7.417,10.654,7.8894,8.215250000000001,8.905,9.5389,24,0,0,0,0,0.0,23.0,0,BTGOXD2,mg/L,reported_gmt_minus_4_unconverted
2025-10-14,24,24,24,1.0,high,True,True,True,True,9.053916666666666,9.14,1.4993279339834862,6.765,11.108,6.9643,7.7547500000000005,10.351,10.9528,24,0,0,0,0,0.0,23.0,0,BTGOXD2,mg/L,reported_gmt_minus_4_unconverted
2025-10-15,24,24,24,1.0,high,True,True,True,True,8.633791666666667,8.601500000000001,1.4726609745676338,5.525,10.82,6.664700000000001,7.853,9.658249999999999,10.6402,24,0,0,0,0,0.0,23.0,0,BTGOXD2,mg/L,reported_gmt_minus_4_unconverted
2025-10-16,24,24,24,1.0,high,True,True,True,True,8.22025,8.346,1.2903837059943264,4.843,9.901,6.7249,7.684,9.20825,9.7879,24,0,0,0,0,0.0,23.0,0,BTGOXD2,mg/L,reported_gmt_minus_4_unconverted
2025-10-17,24,24,24,1.0,high,True,True,True,True,8.673708333333332,8.927,0.7783440883873509,6.516,9.397,7.446300000000001,8.683,9.099,9.2387,24,0,0,0,0,0.0,23.0,0,BTGOXD2,mg/L,reported_gmt_minus_4_unconverted
2025-10-18,24,24,24,1.0,high,True,True,True,True,8.893541666666666,8.9405,0.37836237279217866,8.131,9.535,8.3152,8.697500000000002,9.123,9.3113,24,0,0,0,0,0.0,23.0,0,BTGOXD2,mg/L,reported_gmt_minus_4_unconverted
2025-10-19,24,24,24,1.0,high,True,True,True,True,7.662916666666667,7.6505,0.2606546802166434,7.129,8.067,7.316,7.51675,7.8420000000000005,7.9877,24,0,0,0,0,0.0,23.0,0,BTGOXD2,mg/L,reported_gmt_minus_4_unconverted
2025-10-20,24,24,24,1.0,high,True,True,True,True,6.905083333333334,6.9094999999999995,0.6733360758302592,5.24,7.943,6.1868,6.532,7.2545,7.797899999999999,24,0,0,0,0,0.0,23.0,0,BTGOXD2,mg/L,reported_gmt_minus_4_unconverted
2025-10-21,24,24,24,1.0,high,True,True,True,True,7.045541666666668,7.154999999999999,0.7493411586863817,5.277,8.11,5.941,6.72425,7.53625,7.9238,24,0,0,0,0,0.0,23.0,0,BTGOXD2,mg/L,reported_gmt_minus_4_unconverted
2025-10-22,24,24,24,1.0,high,True,True,True,True,6.855041666666668,6.9719999999999995,0.6512465291014352,5.049,7.544,6.1697,6.414000000000001,7.3935,7.5195,24,0,0,0,0,0.0,23.0,0,BTGOXD2,mg/L,reported_gmt_minus_4_unconverted
2025-10-23,24,24,24,1.0,high,True,True,True,True,6.380125,6.4455,0.26459095789538983,5.847,6.701,6.0433,6.1825,6.6175,6.6629000000000005,24,0,0,0,0,0.0,23.0,0,BTGOXD2,mg/L,reported_gmt_minus_4_unconverted
2025-10-24,24,24,24,1.0,high,True,True,True,True,5.928249999999999,6.048,0.4230087109803028,5.165,6.441,5.3580000000000005,5.5504999999999995,6.2545,6.407,24,0,0,0,0,0.0,23.0,0,BTGOXD2,mg/L,reported_gmt_minus_4_unconverted
2025-10-25,24,24,24,1.0,high,True,True,True,True,5.123458333333333,5.448,1.0108444158083947,3.274,6.193,3.5013,4.73675,5.97075,6.1417,24,0,0,0,0,0.0,23.0,0,BTGOXD2,mg/L,reported_gmt_minus_4_unconverted
2025-10-26,24,24,24,1.0,high,True,True,True,True,4.239416666666667,4.5975,0.6640334536273244,3.207,5.015,3.3539,3.4525,4.8315,4.8702,24,0,0,0,0,0.0,23.0,0,BTGOXD2,mg/L,reported_gmt_minus_4_unconverted
2025-10-27,24,24,24,1.0,high,True,True,True,True,4.711208333333333,4.5465,0.6205239706799455,3.701,5.473,3.8914,4.239000000000001,5.28775,5.4414,24,0,0,0,0,0.0,23.0,0,BTGOXD2,mg/L,reported_gmt_minus_4_unconverted
2025-10-28,24,24,24,1.0,high,True,True,True,True,5.333375,5.4635,0.45357179696273003,4.512,6.068,4.6115,5.0447500000000005,5.687,5.7854,24,0,0,0,0,0.0,23.0,0,BTGOXD2,mg/L,reported_gmt_minus_4_unconverted
2025-10-29,24,24,24,1.0,high,True,True,True,True,5.907166666666666,5.9505,0.8364432809933023,4.763,7.204,4.9051,5.152,6.63725,6.9747,24,0,0,0,0,0.0,23.0,0,BTGOXD2,mg/L,reported_gmt_minus_4_unconverted
2025-10-30,24,24,20,0.833333,standard,True,True,True,False,6.655300000000001,7.0335,0.7770221225598203,5.238,7.802,5.6457999999999995,5.944,7.2575,7.4421,20,4,0,0,0,0.0,23.0,4,BTGOXD2,mg/L,reported_gmt_minus_4_unconverted
2025-10-31,24,24,24,1.0,high,True,True,True,True,7.492624999999999,7.3255,0.8749097251567806,5.627,8.723,6.6861999999999995,6.939500000000001,8.34925,8.554,24,0,0,0,0,0.0,23.0,0,BTGOXD2,mg/L,reported_gmt_minus_4_unconverted
2025-11-01,24,24,24,1.0,high,True,True,True,True,5.058958333333333,5.2095,0.9760532540338898,2.618,7.057,3.7842000000000002,4.87925,5.4395,5.9276,24,0,0,0,0,0.0,23.0,0,BTGOXD2,mg/L,reported_gmt_minus_4_unconverted
2025-11-02,24,24,24,1.0,high,True,True,True,True,4.257708333333333,3.9305,0.9363581384309088,3.154,6.477,3.337,3.5535,4.809,5.4973,24,0,0,0,0,0.0,23.0,0,BTGOXD2,mg/L,reported_gmt_minus_4_unconverted
2025-11-03,24,24,24,1.0,high,True,True,True,True,4.005624999999999,4.0975,0.6455973177911526,2.702,5.551,3.2489,3.60375,4.47425,4.6471,24,0,0,0,0,0.0,23.0,0,BTGOXD2,mg/L,reported_gmt_minus_4_unconverted
2025-11-04,24,24,24,1.0,high,True,True,True,True,4.389666666666667,4.197,0.7114402212454657,3.415,5.681,3.6235999999999997,3.857,4.8295,5.5188999999999995,24,0,0,0,0,0.0,23.0,0,BTGOXD2,mg/L,reported_gmt_minus_4_unconverted
2025-11-05,24,24,24,1.0,high,True,True,True,True,4.19725,4.2985,0.850983127099883,2.638,5.577,3.0113,3.6172500000000003,4.7755,5.1984,24,0,0,0,0,0.0,23.0,0,BTGOXD2,mg/L,reported_gmt_minus_4_unconverted
2025-11-06,24,24,24,1.0,high,True,True,True,True,4.4735000000000005,4.522500000000001,0.6929852247624984,3.266,5.687,3.5701,3.911,4.97325,5.1984,24,0,0,0,0,0.0,23.0,0,BTGOXD2,mg/L,reported_gmt_minus_4_unconverted
2025-11-07,24,24,24,1.0,high,True,True,True,True,3.4655,3.2024999999999997,1.84734010898396,0.917,6.337,1.2487,1.59325,5.09475,6.0489999999999995,24,0,0,0,0,0.0,23.0,0,BTGOXD2,mg/L,reported_gmt_minus_4_unconverted
2025-11-08,24,24,24,1.0,high,True,True,True,True,1.2526666666666666,1.1035,0.5302552024357187,0.57,2.333,0.7105,0.78325,1.66475,1.9364999999999999,24,0,0,0,0,0.0,23.0,0,BTGOXD2,mg/L,reported_gmt_minus_4_unconverted
2025-11-09,24,24,24,1.0,high,True,True,True,True,2.1310416666666665,1.8479999999999999,0.904050233269901,1.135,3.539,1.1998,1.38175,3.25625,3.4269,24,0,0,0,0,0.0,23.0,0,BTGOXD2,mg/L,reported_gmt_minus_4_unconverted
2025-11-10,24,24,24,1.0,high,True,True,True,True,1.9484166666666667,1.5979999999999999,0.868678502427515,0.868,3.748,1.0361,1.34775,2.573,3.3099999999999996,24,0,0,0,0,0.0,23.0,0,BTGOXD2,mg/L,reported_gmt_minus_4_unconverted
2025-11-11,24,24,24,1.0,high,True,True,True,True,1.5588333333333333,1.4325,0.6534757017316123,0.78,3.314,0.8393999999999999,1.1055,1.8085,2.5084999999999997,24,0,0,0,0,0.0,23.0,0,BTGOXD2,mg/L,reported_gmt_minus_4_unconverted
2025-11-12,24,24,24,1.0,high,True,True,True,True,2.1925000000000003,2.2245,0.8140787805056494,0.849,3.786,1.1027,1.51625,2.832,3.1482,24,0,0,0,0,0.0,23.0,0,BTGOXD2,mg/L,reported_gmt_minus_4_unconverted
2025-11-13,24,24,24,1.0,high,True,True,True,True,2.631625,2.2315,1.1241255466206688,0.776,5.205,1.6247,1.80575,3.38675,4.000799999999999,24,0,0,0,0,0.0,23.0,0,BTGOXD2,mg/L,reported_gmt_minus_4_unconverted
2025-11-14,24,24,24,1.0,high,True,True,True,True,3.5242916666666666,3.383,0.7001024446257951,2.6,4.906,2.7230000000000003,2.88575,3.9225000000000003,4.5402,24,0,0,0,0,0.0,23.0,0,BTGOXD2,mg/L,reported_gmt_minus_4_unconverted
2025-11-15,24,24,24,1.0,high,True,True,True,True,4.2549166666666665,4.2905,1.0334932706988034,2.5,5.689,2.7927,3.28675,5.134,5.5004,24,0,0,0,0,0.0,23.0,0,BTGOXD2,mg/L,reported_gmt_minus_4_unconverted
2025-11-16,24,24,24,1.0,high,True,True,True,True,3.1180416666666666,3.1065,0.9067966781918151,1.369,4.365,1.8625,2.41425,3.99925,4.0831,24,0,0,0,0,0.0,23.0,0,BTGOXD2,mg/L,reported_gmt_minus_4_unconverted
2025-11-17,24,24,24,1.0,high,True,True,True,True,1.8923333333333332,1.793,0.6580051979883671,0.897,3.318,1.1271,1.46475,2.2439999999999998,2.8663,24,0,0,0,0,0.0,23.0,0,BTGOXD2,mg/L,reported_gmt_minus_4_unconverted
2025-11-18,24,24,24,1.0,high,True,True,True,True,2.8085416666666667,2.927,0.6855913968288961,1.203,3.736,1.7254000000000003,2.669,3.225,3.5039,24,0,0,0,0,0.0,23.0,0,BTGOXD2,mg/L,reported_gmt_minus_4_unconverted
2025-11-19,24,24,24,1.0,high,True,True,True,True,2.734,2.6875,0.40892978030144894,1.951,3.693,2.3569,2.44625,2.95025,3.2337,24,0,0,0,0,0.0,23.0,0,BTGOXD2,mg/L,reported_gmt_minus_4_unconverted
2025-11-20,24,24,24,1.0,high,True,True,True,True,2.895,2.6515,0.7331813940095173,1.596,4.463,2.2142,2.40075,3.497,3.8658,24,0,0,0,0,0.0,23.0,0,BTGOXD2,mg/L,reported_gmt_minus_4_unconverted
2025-11-21,24,24,24,1.0,high,True,True,True,True,4.141708333333333,4.2735,0.6639772441862005,3.043,5.168,3.1783,3.5269999999999997,4.62575,4.8091,24,0,0,0,0,0.0,23.0,0,BTGOXD2,mg/L,reported_gmt_minus_4_unconverted
2025-11-22,24,24,24,1.0,high,True,True,True,True,4.986791666666666,4.9795,0.6685583437950431,3.769,5.953,4.1926,4.503500000000001,5.625249999999999,5.8373,24,0,0,0,0,0.0,23.0,0,BTGOXD2,mg/L,reported_gmt_minus_4_unconverted
2025-11-23,24,24,24,1.0,high,True,True,True,True,5.171291666666666,5.197,0.3779546187580987,4.289,5.805,4.7479,4.96225,5.470000000000001,5.5715,24,0,0,0,0,0.0,23.0,0,BTGOXD2,mg/L,reported_gmt_minus_4_unconverted
2025-11-24,24,24,24,1.0,high,True,True,True,True,4.8531249999999995,4.798,0.29929661200307917,4.378,5.406,4.481,4.635,5.08975,5.2713,24,0,0,0,0,0.0,23.0,0,BTGOXD2,mg/L,reported_gmt_minus_4_unconverted
2025-11-25,24,24,24,1.0,high,True,True,True,True,5.089041666666667,5.2735,0.8925344216558707,3.299,6.834,3.9659000000000004,4.609249999999999,5.59225,6.0642000000000005,24,0,0,0,0,0.0,23.0,0,BTGOXD2,mg/L,reported_gmt_minus_4_unconverted
2025-11-26,24,24,24,1.0,high,True,True,True,True,5.4290416666666665,5.321999999999999,0.5853688156729215,4.201,6.643,4.9049000000000005,5.09975,5.77425,6.2124999999999995,24,0,0,0,0,0.0,23.0,0,BTGOXD2,mg/L,reported_gmt_minus_4_unconverted
2025-11-27,24,24,24,1.0,high,True,True,True,True,4.748541666666666,5.108,1.0790218186602751,3.228,6.208,3.403,3.65275,5.795,5.8918,24,0,0,0,0,0.0,23.0,0,BTGOXD2,mg/L,reported_gmt_minus_4_unconverted
2025-11-28,24,24,21,0.875,standard,True,True,True,False,5.769857142857143,6.13,1.3861121269837546,3.933,8.077,4.107,4.427,6.896,7.173,21,3,0,0,0,0.0,23.0,3,BTGOXD2,mg/L,reported_gmt_minus_4_unconverted
2025-11-29,24,24,24,1.0,high,True,True,True,True,6.807791666666667,6.8365,0.5421592882544574,5.559,7.807,6.0524000000000004,6.7135,6.935,7.4585,24,0,0,0,0,0.0,23.0,0,BTGOXD2,mg/L,reported_gmt_minus_4_unconverted
2025-11-30,24,24,24,1.0,high,True,True,True,True,6.581625,6.420999999999999,0.9083096490064723,5.241,9.388,5.9192,6.0965,6.65125,7.3854,24,0,0,0,0,0.0,23.0,0,BTGOXD2,mg/L,reported_gmt_minus_4_unconverted
2025-12-01,24,24,24,1.0,high,True,True,True,True,5.573916666666666,5.449,0.9226200836967402,3.712,7.692,4.6006,5.05,5.88675,6.7177,24,0,0,0,0,0.0,23.0,0,BTGOXD2,mg/L,reported_gmt_minus_4_unconverted
2025-12-02,24,24,24,1.0,high,True,True,True,True,4.368083333333334,4.362,0.7793534620700544,2.758,6.033,3.3306,4.0085,4.774249999999999,5.3095,24,0,0,0,0,0.0,23.0,0,BTGOXD2,mg/L,reported_gmt_minus_4_unconverted
2025-12-03,24,24,24,1.0,high,True,True,True,True,4.13925,3.9615,0.9648692747679887,2.569,6.094,2.9001,3.45275,4.94425,5.0525,24,0,0,0,0,0.0,23.0,0,BTGOXD2,mg/L,reported_gmt_minus_4_unconverted
2025-12-04,24,24,24,1.0,high,True,True,True,True,6.408083333333334,6.336,1.3511254219342859,4.559,9.554,4.9969,5.313750000000001,7.1845,8.02,24,0,0,0,0,0.0,23.0,0,BTGOXD2,mg/L,reported_gmt_minus_4_unconverted
2025-12-05,24,24,24,1.0,high,True,True,True,True,9.125458333333334,8.872,1.8671206378938867,6.389,12.027,6.7131,7.553,10.76525,11.616299999999999,24,0,0,0,0,0.0,23.0,0,BTGOXD2,mg/L,reported_gmt_minus_4_unconverted
2025-12-06,24,24,24,1.0,high,True,True,True,True,9.323833333333333,9.633500000000002,1.8064437479458788,6.055,11.597,6.6981,8.0775,11.116,11.3315,24,0,0,0,0,0.0,23.0,0,BTGOXD2,mg/L,reported_gmt_minus_4_unconverted
2025-12-07,24,24,24,1.0,high,True,True,True,True,7.343333333333334,7.7565,1.8369358386623953,3.87,9.866,4.9921999999999995,5.52575,8.7875,9.607,24,0,0,0,0,0.0,23.0,0,BTGOXD2,mg/L,reported_gmt_minus_4_unconverted
2025-12-08,24,24,24,1.0,high,True,True,True,True,4.902041666666666,4.5975,1.323371796296069,3.186,8.158,3.763,4.1267499999999995,5.19825,7.0554999999999986,24,0,0,0,0,0.0,23.0,0,BTGOXD2,mg/L,reported_gmt_minus_4_unconverted
2025-12-09,24,24,24,1.0,high,True,True,True,True,4.997333333333334,5.0954999999999995,0.8551727344794743,3.744,6.708,3.9885,4.19225,5.3870000000000005,6.259399999999999,24,0,0,0,0,0.0,23.0,0,BTGOXD2,mg/L,reported_gmt_minus_4_unconverted
2025-12-10,24,24,24,1.0,high,True,True,True,True,5.462416666666667,5.452999999999999,0.6303284110660897,4.517,6.758,4.758,4.9565,5.72925,6.38,24,0,0,0,0,0.0,23.0,0,BTGOXD2,mg/L,reported_gmt_minus_4_unconverted
2025-12-11,24,24,24,1.0,high,True,True,True,True,6.457625,6.541,0.5147103712811194,5.752,7.463,5.808,5.90625,6.74975,6.9792000000000005,24,0,0,0,0,0.0,23.0,0,BTGOXD2,mg/L,reported_gmt_minus_4_unconverted
2025-12-12,24,24,24,1.0,high,True,True,True,True,6.324249999999999,6.078,0.8846153303039099,5.141,7.975,5.2970999999999995,5.686999999999999,6.80275,7.6794,24,0,0,0,0,0.0,23.0,0,BTGOXD2,mg/L,reported_gmt_minus_4_unconverted
2025-12-13,24,24,24,1.0,high,True,True,True,True,5.870916666666666,5.883,0.841244208800619,4.596,7.191,4.7923,5.13025,6.534,6.9139,24,0,0,0,0,0.0,23.0,0,BTGOXD2,mg/L,reported_gmt_minus_4_unconverted
2025-12-14,24,24,24,1.0,high,True,True,True,True,6.60625,6.589,0.8547724461999279,4.936,8.046,5.3153,6.29225,7.3615,7.6217999999999995,24,0,0,0,0,0.0,23.0,0,BTGOXD2,mg/L,reported_gmt_minus_4_unconverted
2025-12-15,24,24,24,1.0,high,True,True,True,True,4.820875,4.711,0.8593962649542941,3.63,7.483,3.7969,4.55,4.80675,5.943099999999999,24,0,0,0,0,0.0,23.0,0,BTGOXD2,mg/L,reported_gmt_minus_4_unconverted
2025-12-16,24,24,24,1.0,high,True,True,True,True,4.702083333333333,4.529999999999999,0.8047328974460309,3.679,6.329,3.9373,4.06575,5.1072500000000005,5.9866,24,0,0,0,0,0.0,23.0,0,BTGOXD2,mg/L,reported_gmt_minus_4_unconverted
2025-12-17,24,24,24,1.0,high,True,True,True,True,6.551041666666666,6.532,0.2232768761107991,6.236,6.916,6.2859,6.343,6.73975,6.813400000000001,24,0,0,0,0,0.0,23.0,0,BTGOXD2,mg/L,reported_gmt_minus_4_unconverted
2025-12-18,24,24,24,1.0,high,True,True,True,True,6.5412083333333335,6.552,0.3676235053239477,5.994,7.108,6.132,6.226,6.86325,7.0567,24,0,0,0,0,0.0,23.0,0,BTGOXD2,mg/L,reported_gmt_minus_4_unconverted
2025-12-19,24,24,20,0.833333,standard,True,True,True,False,6.655849999999999,6.4864999999999995,0.868654208652975,5.476,8.789,5.714600000000001,6.10475,6.963,7.784300000000001,20,4,0,0,0,0.0,23.0,4,BTGOXD2,mg/L,reported_gmt_minus_4_unconverted
2025-12-20,24,24,24,1.0,high,True,True,True,True,6.015833333333333,5.7865,1.0707166907656096,4.35,9.512,5.09,5.48575,6.293,6.7097999999999995,24,0,0,0,0,0.0,23.0,0,BTGOXD2,mg/L,reported_gmt_minus_4_unconverted
2025-12-21,24,24,24,1.0,high,True,True,True,True,4.16875,4.0235,1.2172527603619125,2.021,5.953,2.5479,3.25575,5.55575,5.6868,24,0,0,0,0,0.0,23.0,0,BTGOXD2,mg/L,reported_gmt_minus_4_unconverted
2025-12-22,24,24,24,1.0,high,True,True,True,True,2.58175,2.476,0.5076811092562458,1.755,3.695,1.9580000000000002,2.2575,2.88375,3.2822,24,0,0,0,0,0.0,23.0,0,BTGOXD2,mg/L,reported_gmt_minus_4_unconverted
2025-12-23,24,24,24,1.0,high,True,True,True,True,1.9429166666666668,1.8245,0.3406845942416874,1.605,2.703,1.6453,1.6935,2.1020000000000003,2.4593,24,0,0,0,0,0.0,23.0,0,BTGOXD2,mg/L,reported_gmt_minus_4_unconverted
2025-12-24,24,24,24,1.0,high,True,True,True,True,2.3063333333333333,2.258,0.4563578560226867,1.78,3.2,1.8034,1.898,2.545,3.0282,24,0,0,0,0,0.0,23.0,0,BTGOXD2,mg/L,reported_gmt_minus_4_unconverted
2025-12-25,24,24,24,1.0,high,True,True,True,True,5.819624999999999,6.4925,2.0021887764991417,2.188,8.149,2.3628,5.0235,7.36325,7.735399999999999,24,0,0,0,0,0.0,23.0,0,BTGOXD2,mg/L,reported_gmt_minus_4_unconverted
2025-12-26,24,24,24,1.0,high,True,True,True,True,6.155458333333333,6.241,0.571648643925138,5.345,7.133,5.4947,5.60775,6.66575,6.8306000000000004,24,0,0,0,0,0.0,23.0,0,BTGOXD2,mg/L,reported_gmt_minus_4_unconverted
2025-12-27,24,24,24,1.0,high,True,True,True,True,6.022166666666666,5.923500000000001,0.6010227273910528,5.053,7.495,5.4212,5.71725,6.1775,6.9491,24,0,0,0,0,0.0,23.0,0,BTGOXD2,mg/L,reported_gmt_minus_4_unconverted
2025-12-28,24,24,24,1.0,high,True,True,True,True,7.073083333333334,7.256500000000001,0.7016196738024574,5.853,7.851,6.0063,6.577,7.74075,7.8235,24,0,0,0,0,0.0,23.0,0,BTGOXD2,mg/L,reported_gmt_minus_4_unconverted
2025-12-29,24,24,24,1.0,high,True,True,True,True,6.724833333333334,7.0805,1.2220269215943849,3.82,8.327,5.312,5.7395000000000005,7.51925,8.0879,24,0,0,0,0,0.0,23.0,0,BTGOXD2,mg/L,reported_gmt_minus_4_unconverted
2025-12-30,24,24,24,1.0,high,True,True,True,True,4.99975,5.0985,0.8428159967322797,3.263,6.414,3.9996,4.4515,5.62125,5.9318,24,0,0,0,0,0.0,23.0,0,BTGOXD2,mg/L,reported_gmt_minus_4_unconverted
2025-12-31,24,24,24,1.0,high,True,True,True,True,5.549958333333333,5.711,1.3084860311981095,3.478,7.582,3.6786000000000003,4.26525,6.72675,7.048399999999999,24,0,0,0,0,0.0,23.0,0,BTGOXD2,mg/L,reported_gmt_minus_4_unconverted
2026-01-01,24,24,24,1.0,high,True,True,True,True,6.699749999999999,6.849,0.48336800725201345,5.461,7.188,6.0062,6.523,7.0845,7.1209999999999996,24,0,0,0,0,0.0,23.0,0,BTGOXD2,mg/L,reported_gmt_minus_4_unconverted
2026-01-02,24,24,24,1.0,high,True,True,True,True,6.601500000000001,6.5295000000000005,0.48578121752940173,5.887,7.525,6.010400000000001,6.22025,6.90125,7.3552,24,0,0,0,0,0.0,23.0,0,BTGOXD2,mg/L,reported_gmt_minus_4_unconverted
2026-01-03,24,24,24,1.0,high,True,True,True,True,6.243625000000001,5.99,0.5474189884476456,5.589,7.618,5.7734,5.824,6.6152500000000005,6.998799999999999,24,0,0,0,0,0.0,23.0,0,BTGOXD2,mg/L,reported_gmt_minus_4_unconverted
2026-01-04,24,24,24,1.0,high,True,True,True,True,5.802458333333334,5.702999999999999,0.5637553415666477,4.874,7.367,5.1806,5.44625,6.0395,6.486,24,0,0,0,0,0.0,23.0,0,BTGOXD2,mg/L,reported_gmt_minus_4_unconverted
2026-01-05,24,24,24,1.0,high,True,True,True,True,5.026666666666666,4.8995,0.7947297963933164,3.644,7.668,4.3124,4.63725,5.188,5.7231,24,0,0,0,0,0.0,23.0,0,BTGOXD2,mg/L,reported_gmt_minus_4_unconverted
2026-01-06,24,24,24,1.0,high,True,True,True,True,5.237166666666667,4.943,0.948142424939953,3.908,7.064,4.0451,4.59325,6.0120000000000005,6.581799999999999,24,0,0,0,0,0.0,23.0,0,BTGOXD2,mg/L,reported_gmt_minus_4_unconverted
2026-01-07,24,24,24,1.0,high,True,True,True,True,6.6453750000000005,6.5895,1.0719779691319908,4.931,8.709,5.3719,5.8725,7.141,8.1487,24,0,0,0,0,0.0,23.0,0,BTGOXD2,mg/L,reported_gmt_minus_4_unconverted
2026-01-08,24,24,24,1.0,high,True,True,True,True,6.709416666666667,6.904,0.6596918197927343,4.97,7.421,6.079,6.46325,7.133,7.318,24,0,0,0,0,0.0,23.0,0,BTGOXD2,mg/L,reported_gmt_minus_4_unconverted
2026-01-09,24,24,24,1.0,high,True,True,True,True,5.535458333333334,5.5755,0.7659656581680107,3.917,7.495,4.804,4.93825,5.99625,6.225499999999999,24,0,0,0,0,0.0,23.0,0,BTGOXD2,mg/L,reported_gmt_minus_4_unconverted
2026-01-10,24,24,24,1.0,high,True,True,True,True,5.284541666666667,5.257,0.9081235780283509,4.021,6.968,4.1577,4.39625,6.156499999999999,6.2644,24,0,0,0,0,0.0,23.0,0,BTGOXD2,mg/L,reported_gmt_minus_4_unconverted
2026-01-11,24,24,24,1.0,high,True,True,True,True,5.3862499999999995,5.242,1.0625628267869929,3.865,7.823,4.0519,4.5177499999999995,6.13325,6.7787,24,0,0,0,0,0.0,23.0,0,BTGOXD2,mg/L,reported_gmt_minus_4_unconverted
2026-01-12,24,24,24,1.0,high,True,True,True,True,5.578166666666667,5.4575,0.825833105924302,4.346,7.018,4.5948,4.978,6.14675,6.8562,24,0,0,0,0,0.0,23.0,0,BTGOXD2,mg/L,reported_gmt_minus_4_unconverted
2026-01-13,24,24,24,1.0,high,True,True,True,True,5.362375,5.0895,1.2235819054512966,3.697,7.471,3.9106,4.3155,6.47775,6.8159,24,0,0,0,0,0.0,23.0,0,BTGOXD2,mg/L,reported_gmt_minus_4_unconverted
2026-01-14,24,24,24,1.0,high,True,True,True,True,6.5317083333333334,6.817,0.5132163268918924,5.515,7.061,5.85,6.0272499999999996,6.9495,7.0068,24,0,0,0,0,0.0,23.0,0,BTGOXD2,mg/L,reported_gmt_minus_4_unconverted
2026-01-15,24,24,24,1.0,high,True,True,True,True,5.1838750000000005,5.3325,1.053618993609954,2.628,6.745,3.7734,4.8605,5.784,6.3165000000000004,24,0,0,0,0,0.0,23.0,0,BTGOXD2,mg/L,reported_gmt_minus_4_unconverted
2026-01-16,24,24,9,0.375,weak,False,False,False,False,3.8034444444444446,3.734,0.8845719460720974,2.551,5.021,2.6534,3.473,4.377,5.009799999999999,9,15,0,0,0,0.0,23.0,15,BTGOXD2,mg/L,reported_gmt_minus_4_unconverted
2026-01-17,24,24,23,0.958333,high,True,True,True,True,6.4156956521739135,7.081,1.1151195791884063,4.445,7.643,4.8582,5.1175,7.1775,7.5338,23,1,0,0,0,1.0,23.0,1,BTGOXD2,mg/L,reported_gmt_minus_4_unconverted
2026-01-18,24,24,24,1.0,high,True,True,True,True,7.665541666666667,7.8260000000000005,0.4162451179154007,6.645,8.149,7.096500000000001,7.26025,7.952500000000001,8.0474,24,0,0,0,0,0.0,23.0,0,BTGOXD2,mg/L,reported_gmt_minus_4_unconverted
2026-01-19,24,24,24,1.0,high,True,True,True,True,7.568541666666666,7.617000000000001,0.33074553191850975,6.295,7.943,7.2934,7.48175,7.73625,7.8472,24,0,0,0,0,0.0,23.0,0,BTGOXD2,mg/L,reported_gmt_minus_4_unconverted
2026-01-20,24,24,24,1.0,high,True,True,True,True,7.515083333333333,7.5655,0.4020793688322987,6.488,8.23,7.071400000000001,7.2509999999999994,7.8572500000000005,7.9768,24,0,0,0,0,0.0,23.0,0,BTGOXD2,mg/L,reported_gmt_minus_4_unconverted
2026-01-21,24,24,24,1.0,high,True,True,True,True,7.2712916666666665,7.875,1.5039808474487812,4.414,9.003,4.8831,6.055499999999999,8.276,8.873,24,0,0,0,0,0.0,23.0,0,BTGOXD2,mg/L,reported_gmt_minus_4_unconverted
2026-01-22,24,24,24,1.0,high,True,True,True,True,7.668083333333333,7.731,0.7026831134807597,6.565,9.107,6.8739,7.0520000000000005,8.15075,8.6335,24,0,0,0,0,0.0,23.0,0,BTGOXD2,mg/L,reported_gmt_minus_4_unconverted
2026-01-23,24,24,24,1.0,high,True,True,True,True,8.685666666666668,9.178,1.2522197913294222,5.447,9.876,7.0207,8.07675,9.54325,9.7363,24,0,0,0,0,0.0,23.0,0,BTGOXD2,mg/L,reported_gmt_minus_4_unconverted
2026-01-24,24,24,24,1.0,high,True,True,True,True,8.585333333333333,8.604,0.20667505826815438,8.139,8.951,8.3705,8.4605,8.7445,8.8225,24,0,0,0,0,0.0,23.0,0,BTGOXD2,mg/L,reported_gmt_minus_4_unconverted
2026-01-25,24,24,24,1.0,high,True,True,True,True,7.342041666666667,7.282500000000001,0.6886237995588306,6.025,8.958,6.4802,6.95775,7.8835,8.081,24,0,0,0,0,0.0,23.0,0,BTGOXD2,mg/L,reported_gmt_minus_4_unconverted
2026-01-26,24,24,24,1.0,high,True,True,True,True,5.9746250000000005,5.996499999999999,0.6125633108362014,4.846,7.371,5.1692,5.57125,6.3145,6.673299999999999,24,0,0,0,0,0.0,23.0,0,BTGOXD2,mg/L,reported_gmt_minus_4_unconverted
2026-01-27,24,24,24,1.0,high,True,True,True,True,5.304125,5.2645,0.44239843467173345,4.614,6.518,4.7969,5.04375,5.46425,5.8684,24,0,0,0,0,0.0,23.0,0,BTGOXD2,mg/L,reported_gmt_minus_4_unconverted
2026-01-28,24,24,24,1.0,high,True,True,True,True,5.818416666666667,5.754,1.0591966158435802,4.644,7.991,4.667,4.705,6.500500000000001,7.104699999999999,24,0,0,0,0,0.0,23.0,0,BTGOXD2,mg/L,reported_gmt_minus_4_unconverted
2026-01-29,24,24,24,1.0,high,True,True,True,True,8.293791666666666,8.5815,0.93022750743015,5.719,9.055,6.9991,8.151499999999999,8.85825,8.9617,24,0,0,0,0,0.0,23.0,0,BTGOXD2,mg/L,reported_gmt_minus_4_unconverted
2026-01-30,24,24,24,1.0,high,True,True,True,True,7.413999999999999,7.515499999999999,0.7871480718114742,5.821,8.597,6.4244,6.936,8.04225,8.299100000000001,24,0,0,0,0,0.0,23.0,0,BTGOXD2,mg/L,reported_gmt_minus_4_unconverted
2026-01-31,24,24,24,1.0,high,True,True,True,True,5.7919583333333335,5.762499999999999,0.5003243712325787,5.244,7.236,5.3481,5.3925,5.94325,6.2387,24,0,0,0,0,0.0,23.0,0,BTGOXD2,mg/L,reported_gmt_minus_4_unconverted
2026-02-01,24,24,24,1.0,high,True,True,True,True,5.14325,5.2475000000000005,0.37311733205288233,4.398,5.744,4.6634,4.8525,5.3905,5.5715,24,0,0,0,0,0.0,23.0,0,BTGOXD2,mg/L,reported_gmt_minus_4_unconverted
2026-02-02,24,24,24,1.0,high,True,True,True,True,5.335333333333334,5.253,0.8174646737037773,4.14,6.487,4.3182,4.5895,6.2059999999999995,6.3278,24,0,0,0,0,0.0,23.0,0,BTGOXD2,mg/L,reported_gmt_minus_4_unconverted
2026-02-03,24,24,24,1.0,high,True,True,True,True,6.279083333333333,6.35,0.3631292639251766,5.373,6.99,5.7957,6.11825,6.476500000000001,6.5953,24,0,0,0,0,0.0,23.0,0,BTGOXD2,mg/L,reported_gmt_minus_4_unconverted
2026-02-04,24,24,24,1.0,high,True,True,True,True,5.980499999999999,6.092499999999999,0.5323929571938054,4.339,6.596,5.6763,5.83425,6.27325,6.418699999999999,24,0,0,0,0,0.0,23.0,0,BTGOXD2,mg/L,reported_gmt_minus_4_unconverted
2026-02-05,24,24,24,1.0,high,True,True,True,True,5.3777083333333335,5.2695,0.7638511964789468,3.833,6.625,4.5059000000000005,4.84075,6.03275,6.3723,24,0,0,0,0,0.0,23.0,0,BTGOXD2,mg/L,reported_gmt_minus_4_unconverted
2026-02-06,24,24,24,1.0,high,True,True,True,True,5.409375,5.177,1.1054719949061302,3.795,7.256,4.2042,4.55275,6.3445,6.9679,24,0,0,0,0,0.0,23.0,0,BTGOXD2,mg/L,reported_gmt_minus_4_unconverted
2026-02-07,24,24,24,1.0,high,True,True,True,True,5.000791666666667,5.201499999999999,0.9973225015517545,3.125,6.272,3.5627999999999997,4.321,5.83825,6.1529,24,0,0,0,0,0.0,23.0,0,BTGOXD2,mg/L,reported_gmt_minus_4_unconverted
2026-02-08,24,24,24,1.0,high,True,True,True,True,4.975208333333334,4.7485,0.8081629183130293,3.633,6.566,4.0769,4.3855,5.6375,5.9816,24,0,0,0,0,0.0,23.0,0,BTGOXD2,mg/L,reported_gmt_minus_4_unconverted
2026-02-09,24,24,24,1.0,high,True,True,True,True,5.171875,4.9905,0.8867990465224033,3.64,6.624,4.154,4.37125,5.8895,6.3474,24,0,0,0,0,0.0,23.0,0,BTGOXD2,mg/L,reported_gmt_minus_4_unconverted
2026-02-10,24,24,24,1.0,high,True,True,True,True,3.62175,3.726,0.7098903926418624,2.086,4.695,2.4789000000000003,3.34125,4.17325,4.3362,24,0,0,0,0,0.0,23.0,0,BTGOXD2,mg/L,reported_gmt_minus_4_unconverted
2026-02-11,24,24,24,1.0,high,True,True,True,True,3.2824166666666663,3.4025,0.7789783675439577,1.674,4.691,2.3770000000000002,2.78475,3.549,4.3732999999999995,24,0,0,0,0,0.0,23.0,0,BTGOXD2,mg/L,reported_gmt_minus_4_unconverted
2026-02-12,24,24,24,1.0,high,True,True,True,True,3.2403333333333335,3.4539999999999997,0.8541419628806578,1.466,4.534,2.1476,2.5307500000000003,3.8245,4.1956999999999995,24,0,0,0,0,0.0,23.0,0,BTGOXD2,mg/L,reported_gmt_minus_4_unconverted
2026-02-13,24,24,24,1.0,high,True,True,True,True,5.00425,5.204,0.7621530286828457,3.04,5.874,3.9986,4.704750000000001,5.62125,5.7151000000000005,24,0,0,0,0,0.0,23.0,0,BTGOXD2,mg/L,reported_gmt_minus_4_unconverted
2026-02-14,24,24,24,1.0,high,True,True,True,True,4.884166666666666,5.071,0.6168154305481655,3.633,5.81,4.0091,4.50275,5.2780000000000005,5.5827,24,0,0,0,0,0.0,23.0,0,BTGOXD2,mg/L,reported_gmt_minus_4_unconverted
2026-02-15,24,24,24,1.0,high,True,True,True,True,4.276625,4.298,0.5525109333956562,2.921,5.196,3.619,3.917,4.6907499999999995,4.8648,24,0,0,0,0,0.0,23.0,0,BTGOXD2,mg/L,reported_gmt_minus_4_unconverted
2026-02-16,24,24,24,1.0,high,True,True,True,True,3.8372916666666668,3.976,0.5533106273715686,2.614,4.495,2.831,3.7795,4.1354999999999995,4.4462,24,0,0,0,0,0.0,23.0,0,BTGOXD2,mg/L,reported_gmt_minus_4_unconverted
2026-02-17,24,24,19,0.791667,standard,True,True,True,False,4.503842105263158,4.337,0.7967127785230937,3.472,5.672,3.5374,3.7935,5.191000000000001,5.5725999999999996,19,5,0,0,0,0.0,23.0,5,BTGOXD2,mg/L,reported_gmt_minus_4_unconverted
2026-02-18,24,24,24,1.0,high,True,True,True,True,4.337916666666667,4.2175,0.45124166056768744,3.718,5.405,3.8991,4.0505,4.4505,5.0843,24,0,0,0,0,0.0,23.0,0,BTGOXD2,mg/L,reported_gmt_minus_4_unconverted
2026-02-19,24,24,24,1.0,high,True,True,True,True,4.402041666666666,4.387499999999999,0.3914389817701801,3.786,5.101,3.9215999999999998,4.0767500000000005,4.754,4.8384,24,0,0,0,0,0.0,23.0,0,BTGOXD2,mg/L,reported_gmt_minus_4_unconverted
2026-02-20,24,24,24,1.0,high,True,True,True,True,4.139583333333333,4.272,0.4035517225259028,3.383,4.757,3.4841,4.019,4.35425,4.594600000000001,24,0,0,0,0,0.0,23.0,0,BTGOXD2,mg/L,reported_gmt_minus_4_unconverted
2026-02-21,24,24,24,1.0,high,True,True,True,True,4.894333333333333,4.896,0.46284589102700235,3.754,5.737,4.3947,4.760249999999999,5.147,5.3614999999999995,24,0,0,0,0,0.0,23.0,0,BTGOXD2,mg/L,reported_gmt_minus_4_unconverted
2026-02-22,24,24,24,1.0,high,True,True,True,True,5.122958333333333,5.069000000000001,0.3816124233652079,4.397,6.071,4.726,4.8412500000000005,5.3084999999999996,5.5435,24,0,0,0,0,0.0,23.0,0,BTGOXD2,mg/L,reported_gmt_minus_4_unconverted
2026-02-23,24,24,24,1.0,high,True,True,True,True,5.19825,5.2645,0.3259877631739118,4.426,5.713,4.7608,5.0615,5.377000000000001,5.5668,24,0,0,0,0,0.0,23.0,0,BTGOXD2,mg/L,reported_gmt_minus_4_unconverted
2026-02-24,24,24,24,1.0,high,True,True,True,True,5.160708333333333,5.077,0.4531517146048058,4.607,6.324,4.7176,4.83525,5.266,5.9215,24,0,0,0,0,0.0,23.0,0,BTGOXD2,mg/L,reported_gmt_minus_4_unconverted
2026-02-25,24,24,24,1.0,high,True,True,True,True,4.526,4.6195,0.374589630535,3.893,5.154,4.0390999999999995,4.18175,4.7604999999999995,5.0016,24,0,0,0,0,0.0,23.0,0,BTGOXD2,mg/L,reported_gmt_minus_4_unconverted
2026-02-26,24,24,24,1.0,high,True,True,True,True,4.674625,4.6899999999999995,0.16346860155899104,4.316,4.94,4.4577,4.58775,4.7989999999999995,4.861800000000001,24,0,0,0,0,0.0,23.0,0,BTGOXD2,mg/L,reported_gmt_minus_4_unconverted
2026-02-27,24,24,24,1.0,high,True,True,True,True,3.9307083333333335,3.972,0.49589159747799244,3.091,5.015,3.1916,3.682,4.2225,4.4909,24,0,0,0,0,0.0,23.0,0,BTGOXD2,mg/L,reported_gmt_minus_4_unconverted
2026-02-28,24,24,24,1.0,high,True,True,True,True,3.9175833333333334,4.0085,0.3339108077559513,3.108,4.443,3.4713000000000003,3.7225,4.135,4.2718,24,0,0,0,0,0.0,23.0,0,BTGOXD2,mg/L,reported_gmt_minus_4_unconverted
2026-03-01,24,24,24,1.0,high,True,True,True,True,3.952291666666667,3.9255,0.46182035648796016,3.123,4.81,3.4808,3.6037500000000002,4.166,4.6512,24,0,0,0,0,0.0,23.0,0,BTGOXD2,mg/L,reported_gmt_minus_4_unconverted
2026-03-02,24,24,24,1.0,high,True,True,True,True,3.359916666666667,3.3434999999999997,0.5743562685201631,2.351,4.158,2.5473000000000003,2.91325,3.85025,4.1243,24,0,0,0,0,0.0,23.0,0,BTGOXD2,mg/L,reported_gmt_minus_4_unconverted
2026-03-03,24,24,24,1.0,high,True,True,True,True,3.66825,3.7205,0.39931716173008885,2.961,4.372,3.1595,3.29325,3.962,4.1247,24,0,0,0,0,0.0,23.0,0,BTGOXD2,mg/L,reported_gmt_minus_4_unconverted
2026-03-04,24,24,18,0.75,standard,True,True,True,False,5.325055555555556,6.640000000000001,1.893005592491109,2.694,7.016,2.8949,3.13525,6.804,6.9479,18,6,0,0,0,0.0,23.0,6,BTGOXD2,mg/L,reported_gmt_minus_4_unconverted
2026-03-05,24,24,24,1.0,high,True,True,True,True,7.289416666666667,7.371499999999999,0.26912659323895477,6.704,7.55,6.8595,7.2125,7.4830000000000005,7.5294,24,0,0,0,0,0.0,23.0,0,BTGOXD2,mg/L,reported_gmt_minus_4_unconverted
2026-03-06,24,24,24,1.0,high,True,True,True,True,7.300333333333334,7.375,0.25742937683561096,6.641,7.576,7.001200000000001,7.23275,7.4704999999999995,7.5189,24,0,0,0,0,0.0,23.0,0,BTGOXD2,mg/L,reported_gmt_minus_4_unconverted
2026-03-07,24,24,24,1.0,high,True,True,True,True,6.983333333333334,6.9085,0.4442631091424624,6.324,7.7,6.4274,6.6085,7.42375,7.5832,24,0,0,0,0,0.0,23.0,0,BTGOXD2,mg/L,reported_gmt_minus_4_unconverted
2026-03-08,24,24,24,1.0,high,True,True,True,True,6.807624999999999,6.734999999999999,0.5259243467251358,5.915,7.91,6.2684,6.42225,7.233,7.4171,24,0,0,0,0,0.0,23.0,0,BTGOXD2,mg/L,reported_gmt_minus_4_unconverted
2026-03-09,24,24,24,1.0,high,True,True,True,True,6.069291666666666,5.931,0.4312816571031316,5.51,7.286,5.5872,5.8945,6.1135,6.6857,24,0,0,0,0,0.0,23.0,0,BTGOXD2,mg/L,reported_gmt_minus_4_unconverted
2026-03-10,24,24,24,1.0,high,True,True,True,True,6.076583333333333,6.124,0.6672060444848363,4.981,7.502,5.3137,5.579000000000001,6.32925,6.9542,24,0,0,0,0,0.0,23.0,0,BTGOXD2,mg/L,reported_gmt_minus_4_unconverted
2026-03-11,24,24,24,1.0,high,True,True,True,True,7.193708333333333,7.3995,0.5755249006184563,5.863,7.828,6.2504,6.891249999999999,7.63725,7.7053,24,0,0,0,0,0.0,23.0,0,BTGOXD2,mg/L,reported_gmt_minus_4_unconverted
2026-03-12,24,24,24,1.0,high,True,True,True,True,7.441958333333335,7.875,0.7847365372983562,5.92,8.352,6.4215,6.7675,8.062249999999999,8.2295,24,0,0,0,0,0.0,23.0,0,BTGOXD2,mg/L,reported_gmt_minus_4_unconverted
2026-03-13,24,24,24,1.0,high,True,True,True,True,6.730083333333333,6.673,0.8569834312571483,5.329,8.099,5.6642,5.96525,7.481249999999999,7.7437000000000005,24,0,0,0,0,0.0,23.0,0,BTGOXD2,mg/L,reported_gmt_minus_4_unconverted
2026-03-14,24,24,24,1.0,high,True,True,True,True,7.0646249999999995,7.1465,0.36234415690539046,5.916,7.538,6.7603,6.9,7.297499999999999,7.4279,24,0,0,0,0,0.0,23.0,0,BTGOXD2,mg/L,reported_gmt_minus_4_unconverted
2026-03-15,24,24,24,1.0,high,True,True,True,True,6.802083333333333,6.8305,0.43866020489932617,5.944,7.422,6.2844,6.489,7.143750000000001,7.3187,24,0,0,0,0,0.0,23.0,0,BTGOXD2,mg/L,reported_gmt_minus_4_unconverted
2026-03-16,24,24,24,1.0,high,True,True,True,True,6.21,6.212,0.6396275410771082,5.344,7.34,5.4036,5.6739999999999995,6.6425,7.02,24,0,0,0,0,0.0,23.0,0,BTGOXD2,mg/L,reported_gmt_minus_4_unconverted
2026-03-17,24,24,24,1.0,high,True,True,True,True,5.3481250000000005,5.4965,1.1490721516870073,3.187,7.484,3.7732,4.7844999999999995,5.77425,6.985999999999999,24,0,0,0,0,0.0,23.0,0,BTGOXD2,mg/L,reported_gmt_minus_4_unconverted
2026-03-18,24,24,24,1.0,high,True,True,True,True,4.15575,4.093999999999999,0.5752537625295012,3.202,5.369,3.5207,3.7,4.40675,4.8984,24,0,0,0,0,0.0,23.0,0,BTGOXD2,mg/L,reported_gmt_minus_4_unconverted
2026-03-19,24,24,24,1.0,high,True,True,True,True,4.301583333333333,4.2435,0.6613892438527088,2.873,5.369,3.5088,3.9205,4.78825,5.1837,24,0,0,0,0,0.0,23.0,0,BTGOXD2,mg/L,reported_gmt_minus_4_unconverted
2026-03-20,24,24,24,1.0,high,True,True,True,True,5.429749999999999,5.4555,0.5848908668178676,4.386,6.344,4.676699999999999,4.93075,5.91,6.1533999999999995,24,0,0,0,0,0.0,23.0,0,BTGOXD2,mg/L,reported_gmt_minus_4_unconverted
2026-03-21,24,24,24,1.0,high,True,True,True,True,5.616958333333334,5.749499999999999,0.5898396598020197,3.752,6.255,5.0821,5.63375,5.974500000000001,6.1255999999999995,24,0,0,0,0,0.0,23.0,0,BTGOXD2,mg/L,reported_gmt_minus_4_unconverted
2026-03-22,24,24,24,1.0,high,True,True,True,True,4.423708333333333,4.5455000000000005,0.5341794584599634,3.201,5.327,3.6243,4.135,4.72675,4.8698999999999995,24,0,0,0,0,0.0,23.0,0,BTGOXD2,mg/L,reported_gmt_minus_4_unconverted
2026-03-23,24,24,24,1.0,high,True,True,True,True,3.7263749999999995,3.6445,0.3337924130354074,3.067,4.349,3.3558,3.5027500000000003,3.95425,4.1596,24,0,0,0,0,0.0,23.0,0,BTGOXD2,mg/L,reported_gmt_minus_4_unconverted
2026-03-24,24,24,24,1.0,high,True,True,True,True,4.305458333333333,4.432,0.6587105968195129,3.019,5.299,3.5201,3.709,4.8092500000000005,5.1456,24,0,0,0,0,0.0,23.0,0,BTGOXD2,mg/L,reported_gmt_minus_4_unconverted
2026-03-25,24,24,24,1.0,high,True,True,True,True,5.0023333333333335,5.211,0.5668188627669388,3.669,5.67,4.2122,4.55075,5.5035,5.6278,24,0,0,0,0,0.0,23.0,0,BTGOXD2,mg/L,reported_gmt_minus_4_unconverted
2026-03-26,24,24,24,1.0,high,True,True,True,True,5.044208333333333,4.901999999999999,0.5823100159795852,3.746,5.93,4.4025,4.80175,5.40475,5.8408999999999995,24,0,0,0,0,0.0,23.0,0,BTGOXD2,mg/L,reported_gmt_minus_4_unconverted
2026-03-27,24,24,24,1.0,high,True,True,True,True,5.717958333333333,5.7235,1.1947949243413631,4.032,8.899,4.2189,4.9384999999999994,6.2695,6.453799999999999,24,0,0,0,0,0.0,23.0,0,BTGOXD2,mg/L,reported_gmt_minus_4_unconverted
2026-03-28,24,24,24,1.0,high,True,True,True,True,6.3084999999999996,6.358499999999999,0.2801605129983136,5.665,6.738,5.9474,6.15925,6.5345,6.5963,24,0,0,0,0,0.0,23.0,0,BTGOXD2,mg/L,reported_gmt_minus_4_unconverted
2026-03-29,24,24,24,1.0,high,True,True,True,True,6.722874999999999,6.768,0.5654941134895255,5.481,7.589,6.1528,6.33875,7.0855,7.4098999999999995,24,0,0,0,0,0.0,23.0,0,BTGOXD2,mg/L,reported_gmt_minus_4_unconverted
2026-03-30,24,24,24,1.0,high,True,True,True,True,7.312541666666667,7.359,0.8707073575755703,5.064,8.696,6.4998,6.89575,7.7935,8.299000000000001,24,0,0,0,0,0.0,23.0,0,BTGOXD2,mg/L,reported_gmt_minus_4_unconverted
2026-03-31,24,24,24,1.0,high,True,True,True,True,7.3691249999999995,7.596,0.6841102957412133,6.032,8.163,6.1561,7.082,7.90925,7.9838,24,0,0,0,0,0.0,23.0,0,BTGOXD2,mg/L,reported_gmt_minus_4_unconverted
2026-04-01,24,24,24,1.0,high,True,True,True,True,6.574833333333334,6.4775,0.842502311526524,5.126,9.113,5.8681,6.06175,6.8295,7.3336,24,0,0,0,0,0.0,23.0,0,BTGOXD2,mg/L,reported_gmt_minus_4_unconverted
2026-04-02,24,24,24,1.0,high,True,True,True,True,5.995958333333333,5.907500000000001,0.7378064126423894,4.609,7.234,5.1437,5.524,6.60225,6.9063,24,0,0,0,0,0.0,23.0,0,BTGOXD2,mg/L,reported_gmt_minus_4_unconverted
2026-04-03,24,24,24,1.0,high,True,True,True,True,7.204375,7.2675,0.4901330620130219,6.425,7.808,6.5520000000000005,6.75675,7.64325,7.7511,24,0,0,0,0,0.0,23.0,0,BTGOXD2,mg/L,reported_gmt_minus_4_unconverted
2026-04-04,24,24,24,1.0,high,True,True,True,True,7.238416666666667,7.3765,0.4190358412258837,6.119,7.784,6.8684,7.039,7.531,7.6282,24,0,0,0,0,0.0,23.0,0,BTGOXD2,mg/L,reported_gmt_minus_4_unconverted
2026-04-05,24,24,24,1.0,high,True,True,True,True,6.35425,6.2235,0.5564232241269464,5.245,7.333,5.7477,6.0440000000000005,6.8835,6.9808,24,0,0,0,0,0.0,23.0,0,BTGOXD2,mg/L,reported_gmt_minus_4_unconverted
2026-04-06,24,24,24,1.0,high,True,True,True,True,6.1149166666666686,6.050000000000001,0.612042263151866,5.134,7.227,5.3306,5.6085,6.61825,6.8845,24,0,0,0,0,0.0,23.0,0,BTGOXD2,mg/L,reported_gmt_minus_4_unconverted
2026-04-07,24,24,24,1.0,high,True,True,True,True,6.061875000000001,6.085,0.7180302956246224,4.628,7.662,5.401,5.481,6.53575,6.7874,24,0,0,0,0,0.0,23.0,0,BTGOXD2,mg/L,reported_gmt_minus_4_unconverted
2026-04-08,24,24,24,1.0,high,True,True,True,True,5.81425,5.7265,0.8575256239041338,4.118,7.453,4.889,5.22725,6.532500000000001,6.915,24,0,0,0,0,0.0,23.0,0,BTGOXD2,mg/L,reported_gmt_minus_4_unconverted
2026-04-09,24,24,24,1.0,high,True,True,True,True,5.949041666666666,6.021,0.9377034146469658,4.194,8.103,4.9416,5.41125,6.3695,6.9797,24,0,0,0,0,0.0,23.0,0,BTGOXD2,mg/L,reported_gmt_minus_4_unconverted
2026-04-10,24,24,20,0.833333,standard,True,True,True,False,5.5346,5.726,1.7022061969227187,2.414,9.021,3.617,4.192500000000001,6.49425,7.6983999999999995,20,4,0,0,0,0.0,23.0,4,BTGOXD2,mg/L,reported_gmt_minus_4_unconverted
2026-04-11,24,24,24,1.0,high,True,True,True,True,6.352916666666665,5.676500000000001,1.8058619022906839,4.132,9.514,4.423,4.6235,8.1785,8.738900000000001,24,0,0,0,0,0.0,23.0,0,BTGOXD2,mg/L,reported_gmt_minus_4_unconverted
2026-04-12,24,24,24,1.0,high,True,True,True,True,6.492416666666666,6.4725,1.080243366970637,4.523,8.659,5.3494,5.7585,7.18,8.0214,24,0,0,0,0,0.0,23.0,0,BTGOXD2,mg/L,reported_gmt_minus_4_unconverted
2026-04-13,24,24,24,1.0,high,True,True,True,True,6.7245833333333325,6.558,0.9576401210524106,5.137,8.566,5.5165,6.08225,7.6267499999999995,7.838699999999999,24,0,0,0,0,0.0,23.0,0,BTGOXD2,mg/L,reported_gmt_minus_4_unconverted
2026-04-14,24,24,24,1.0,high,True,True,True,True,6.278083333333334,6.266,0.9342728358911321,4.147,8.23,4.9943,5.824,6.93825,7.32,24,0,0,0,0,0.0,23.0,0,BTGOXD2,mg/L,reported_gmt_minus_4_unconverted
2026-04-15,24,24,24,1.0,high,True,True,True,True,5.798208333333332,5.8605,0.6234202280942619,4.777,7.545,5.0468,5.28425,6.075,6.3952,24,0,0,0,0,0.0,23.0,0,BTGOXD2,mg/L,reported_gmt_minus_4_unconverted
2026-04-16,24,24,24,1.0,high,True,True,True,True,6.7285,6.9765,0.9555900521803725,4.842,7.85,5.3163,5.91625,7.5755,7.7387,24,0,0,0,0,0.0,23.0,0,BTGOXD2,mg/L,reported_gmt_minus_4_unconverted
2026-04-17,24,24,24,1.0,high,True,True,True,True,6.853166666666667,6.9375,0.5175865117074143,5.638,7.605,6.231000000000001,6.567,7.23925,7.404599999999999,24,0,0,0,0,0.0,23.0,0,BTGOXD2,mg/L,reported_gmt_minus_4_unconverted
2026-04-18,24,24,24,1.0,high,True,True,True,True,6.871666666666667,6.9405,0.48961641300517894,6.074,7.858,6.2869,6.44,7.179,7.5344999999999995,24,0,0,0,0,0.0,23.0,0,BTGOXD2,mg/L,reported_gmt_minus_4_unconverted
2026-04-19,24,24,24,1.0,high,True,True,True,True,7.467625000000001,7.4015,0.37038391510055807,6.648,8.095,7.0192000000000005,7.26475,7.74625,7.9463,24,0,0,0,0,0.0,23.0,0,BTGOXD2,mg/L,reported_gmt_minus_4_unconverted
2026-04-20,24,24,24,1.0,high,True,True,True,True,7.761791666666667,7.756,0.38691915560103063,6.854,8.347,7.2672,7.68375,7.96325,8.2303,24,0,0,0,0,0.0,23.0,0,BTGOXD2,mg/L,reported_gmt_minus_4_unconverted
2026-04-21,24,24,24,1.0,high,True,True,True,True,6.504583333333334,6.6215,0.6809568023499484,4.853,7.777,5.7756,5.91225,7.030749999999999,7.1756,24,0,0,0,0,0.0,23.0,0,BTGOXD2,mg/L,reported_gmt_minus_4_unconverted
2026-04-22,24,24,24,1.0,high,True,True,True,True,5.731750000000001,5.5545,0.6838485244173785,4.524,7.012,5.0645,5.3447499999999994,6.14375,6.741599999999999,24,0,0,0,0,0.0,23.0,0,BTGOXD2,mg/L,reported_gmt_minus_4_unconverted
2026-04-23,24,24,24,1.0,high,True,True,True,True,5.828416666666667,5.896000000000001,0.712319903503711,3.881,6.873,5.0163,5.5325,6.34175,6.5706,24,0,0,0,0,0.0,23.0,0,BTGOXD2,mg/L,reported_gmt_minus_4_unconverted
2026-04-24,24,24,24,1.0,high,True,True,True,True,4.975375,4.85,0.6834707978558698,3.768,6.065,4.1291,4.54025,5.521,5.9173,24,0,0,0,0,0.0,23.0,0,BTGOXD2,mg/L,reported_gmt_minus_4_unconverted
2026-04-25,24,24,24,1.0,high,True,True,True,True,4.152458333333333,4.2915,0.6430294454794612,3.315,5.214,3.373,3.54,4.678000000000001,4.975,24,0,0,0,0,0.0,23.0,0,BTGOXD2,mg/L,reported_gmt_minus_4_unconverted
2026-04-26,24,24,24,1.0,high,True,True,True,True,4.2455,4.220000000000001,1.1214803105523172,2.839,6.468,2.955,3.1555,5.060499999999999,5.563,24,0,0,0,0,0.0,23.0,0,BTGOXD2,mg/L,reported_gmt_minus_4_unconverted
2026-04-27,24,24,24,1.0,high,True,True,True,True,3.7016666666666667,3.709,0.4987595627647408,2.887,4.874,3.2204,3.30275,4.0207500000000005,4.2768,24,0,0,0,0,0.0,23.0,0,BTGOXD2,mg/L,reported_gmt_minus_4_unconverted
2026-04-28,24,24,24,1.0,high,True,True,True,True,4.513,4.643,0.7895978613247985,3.238,5.612,3.322,3.8725,5.21,5.300400000000001,24,0,0,0,0,0.0,23.0,0,BTGOXD2,mg/L,reported_gmt_minus_4_unconverted
2026-04-29,24,24,24,1.0,high,True,True,True,True,4.4275416666666665,4.176,0.8483925454834479,3.296,6.327,3.5781,3.82425,4.7932500000000005,5.8236,24,0,0,0,0,0.0,23.0,0,BTGOXD2,mg/L,reported_gmt_minus_4_unconverted
2026-04-30,24,24,24,1.0,high,True,True,True,True,4.458083333333334,4.579,0.692007345818429,2.932,5.719,3.7500999999999998,3.99025,4.98175,5.1202000000000005,24,0,0,0,0,0.0,23.0,0,BTGOXD2,mg/L,reported_gmt_minus_4_unconverted
2026-05-01,24,24,24,1.0,high,True,True,True,True,4.445250000000001,4.478999999999999,0.29335291848319617,3.946,5.041,4.0856,4.1572499999999994,4.6232500000000005,4.7606,24,0,0,0,0,0.0,23.0,0,BTGOXD2,mg/L,reported_gmt_minus_4_unconverted
2026-05-02,24,24,24,1.0,high,True,True,True,True,4.481041666666666,4.443,0.49001858697370865,3.859,5.504,3.903,4.109999999999999,4.7255,5.2321,24,0,0,0,0,0.0,23.0,0,BTGOXD2,mg/L,reported_gmt_minus_4_unconverted
2026-05-03,24,24,24,1.0,high,True,True,True,True,4.770666666666667,4.702999999999999,0.8899014438184405,2.958,6.757,3.5427,4.415,5.419499999999999,5.7735,24,0,0,0,0,0.0,23.0,0,BTGOXD2,mg/L,reported_gmt_minus_4_unconverted
2026-05-04,24,24,24,1.0,high,True,True,True,True,3.603125,3.463,0.6312246421940793,2.774,5.3,3.1002,3.28775,3.685,4.4261,24,0,0,0,0,0.0,23.0,0,BTGOXD2,mg/L,reported_gmt_minus_4_unconverted
2026-05-05,24,24,24,1.0,high,True,True,True,True,2.6050416666666667,2.4345,0.39905088257521487,2.104,3.431,2.2004,2.2865,2.873,3.1993,24,0,0,0,0,0.0,23.0,0,BTGOXD2,mg/L,reported_gmt_minus_4_unconverted
2026-05-06,24,24,20,0.833333,standard,True,True,True,False,4.5806,5.4545,1.4183699465453847,2.759,6.061,2.9517,3.12925,5.876250000000001,6.0276,20,4,0,0,0,0.0,23.0,4,BTGOXD2,mg/L,reported_gmt_minus_4_unconverted
2026-05-07,24,24,24,1.0,high,True,True,True,True,5.958916666666667,5.856,0.3264118386422237,5.426,6.433,5.5374,5.73125,6.289,6.3612,24,0,0,0,0,0.0,23.0,0,BTGOXD2,mg/L,reported_gmt_minus_4_unconverted
2026-05-08,24,24,24,1.0,high,True,True,True,True,5.2022916666666665,5.0120000000000005,0.5265055827084727,4.642,6.15,4.663,4.72375,5.5685,5.984999999999999,24,0,0,0,0,0.0,23.0,0,BTGOXD2,mg/L,reported_gmt_minus_4_unconverted
2026-05-09,24,24,24,1.0,high,True,True,True,True,5.385458333333332,5.46,0.15967929248739607,4.983,5.591,5.1661,5.26225,5.483499999999999,5.5146999999999995,24,0,0,0,0,0.0,23.0,0,BTGOXD2,mg/L,reported_gmt_minus_4_unconverted
2026-05-10,24,24,24,1.0,high,True,True,True,True,5.695916666666666,5.7035,0.22808959274557128,5.298,6.044,5.3586,5.52225,5.84375,6.0096,24,0,0,0,0,0.0,23.0,0,BTGOXD2,mg/L,reported_gmt_minus_4_unconverted
2026-05-11,24,24,24,1.0,high,True,True,True,True,6.108291666666666,6.0475,0.220737790379104,5.681,6.405,5.8889,5.965,6.356,6.3921,24,0,0,0,0,0.0,23.0,0,BTGOXD2,mg/L,reported_gmt_minus_4_unconverted
2026-05-12,24,24,24,1.0,high,True,True,True,True,6.3460833333333335,6.321999999999999,0.1806076498612553,5.993,6.648,6.1446,6.239,6.4635,6.6267000000000005,24,0,0,0,0,0.0,23.0,0,BTGOXD2,mg/L,reported_gmt_minus_4_unconverted
2026-05-13,24,24,24,1.0,high,True,True,True,True,6.395791666666667,6.365500000000001,0.16236164120946758,6.056,6.762,6.2234,6.337,6.4675,6.6292,24,0,0,0,0,0.0,23.0,0,BTGOXD2,mg/L,reported_gmt_minus_4_unconverted
2026-05-14,24,24,24,1.0,high,True,True,True,True,6.9295,6.916,0.31828166361150056,6.399,7.714,6.4961,6.79075,7.05425,7.3463,24,0,0,0,0,0.0,23.0,0,BTGOXD2,mg/L,reported_gmt_minus_4_unconverted
2026-05-15,24,24,10,0.416667,weak,False,False,False,False,6.677000000000001,6.6335,0.19399255426719633,6.402,7.006,6.4559999999999995,6.548,6.8245000000000005,6.8899,10,14,0,0,0,0.0,9.0,14,BTGOXD2,mg/L,reported_gmt_minus_4_unconverted
2026-05-16,24,24,0,0.0,missing,False,False,False,False,,,,,,,,,,0,24,0,0,0,,,24,BTGOXD2,mg/L,reported_gmt_minus_4_unconverted
2026-05-17,24,24,0,0.0,missing,False,False,False,False,,,,,,,,,,0,24,0,0,0,,,24,BTGOXD2,mg/L,reported_gmt_minus_4_unconverted
2026-05-18,24,24,0,0.0,missing,False,False,False,False,,,,,,,,,,0,24,0,0,0,,,24,BTGOXD2,mg/L,reported_gmt_minus_4_unconverted
2026-05-19,24,24,0,0.0,missing,False,False,False,False,,,,,,,,,,0,24,0,0,0,,,24,BTGOXD2,mg/L,reported_gmt_minus_4_unconverted
2026-05-20,24,24,0,0.0,missing,False,False,False,False,,,,,,,,,,0,24,0,0,0,,,24,BTGOXD2,mg/L,reported_gmt_minus_4_unconverted
2026-05-21,24,24,0,0.0,missing,False,False,False,False,,,,,,,,,,0,24,0,0,0,,,24,BTGOXD2,mg/L,reported_gmt_minus_4_unconverted
2026-05-22,24,24,0,0.0,missing,False,False,False,False,,,,,,,,,,0,24,0,0,0,,,24,BTGOXD2,mg/L,reported_gmt_minus_4_unconverted
2026-05-23,24,24,0,0.0,missing,False,False,False,False,,,,,,,,,,0,24,0,0,0,,,24,BTGOXD2,mg/L,reported_gmt_minus_4_unconverted
2026-05-24,24,24,0,0.0,missing,False,False,False,False,,,,,,,,,,0,24,0,0,0,,,24,BTGOXD2,mg/L,reported_gmt_minus_4_unconverted
2026-05-25,24,24,0,0.0,missing,False,False,False,False,,,,,,,,,,0,24,0,0,0,,,24,BTGOXD2,mg/L,reported_gmt_minus_4_unconverted
2026-05-26,24,24,0,0.0,missing,False,False,False,False,,,,,,,,,,0,24,0,0,0,,,24,BTGOXD2,mg/L,reported_gmt_minus_4_unconverted
2026-05-27,24,24,0,0.0,missing,False,False,False,False,,,,,,,,,,0,24,0,0,0,,,24,BTGOXD2,mg/L,reported_gmt_minus_4_unconverted
2026-05-28,24,24,0,0.0,missing,False,False,False,False,,,,,,,,,,0,24,0,0,0,,,24,BTGOXD2,mg/L,reported_gmt_minus_4_unconverted
2026-05-29,24,24,0,0.0,missing,False,False,False,False,,,,,,,,,,0,24,0,0,0,,,24,BTGOXD2,mg/L,reported_gmt_minus_4_unconverted
2026-05-30,24,24,0,0.0,missing,False,False,False,False,,,,,,,,,,0,24,0,0,0,,,24,BTGOXD2,mg/L,reported_gmt_minus_4_unconverted
2026-05-31,24,24,0,0.0,missing,False,False,False,False,,,,,,,,,,0,24,0,0,0,,,24,BTGOXD2,mg/L,reported_gmt_minus_4_unconverted
