date,n_expected_hours,n_rows,valid_hours,coverage_fraction,quality_class,target_eligible_default,eligible_ge_12,eligible_ge_17,eligible_ge_18,eligible_ge_22,chl_mean,chl_median,chl_std,chl_min,chl_max,chl_q10,chl_q25,chl_q75,chl_q90,raw_prom_non_na_count,raw_prom_na_count,negative_chl_count,invalid_chl_count,first_valid_hour,last_valid_hour,longest_invalid_run_hours,data_pc_min,data_pc_median,data_pc_mean,data_pc_max,data_pc_zero_count,data_pc_nonzero_count,data_pc_100_count,timezone_status,source_file_count_or_source_note
2015-07-01,24,24,0,0.0,missing,False,False,False,False,False,,,,,,,,,,0,24,0,0,,,24,0.0,0.0,0.0,0.0,24,0,0,reported_gmt_minus_4_unconverted,1
2015-07-02,24,24,0,0.0,missing,False,False,False,False,False,,,,,,,,,,0,24,0,0,,,24,0.0,0.0,0.0,0.0,24,0,0,reported_gmt_minus_4_unconverted,1
2015-07-03,24,24,0,0.0,missing,False,False,False,False,False,,,,,,,,,,0,24,0,0,,,24,0.0,0.0,0.0,0.0,24,0,0,reported_gmt_minus_4_unconverted,1
2015-07-04,24,24,0,0.0,missing,False,False,False,False,False,,,,,,,,,,0,24,0,0,,,24,0.0,0.0,0.0,0.0,24,0,0,reported_gmt_minus_4_unconverted,1
2015-07-05,24,24,0,0.0,missing,False,False,False,False,False,,,,,,,,,,0,24,0,0,,,24,0.0,0.0,0.0,0.0,24,0,0,reported_gmt_minus_4_unconverted,1
2015-07-06,24,24,0,0.0,missing,False,False,False,False,False,,,,,,,,,,0,24,0,0,,,24,0.0,0.0,0.0,0.0,24,0,0,reported_gmt_minus_4_unconverted,1
2015-07-07,24,24,0,0.0,missing,False,False,False,False,False,,,,,,,,,,0,24,0,0,,,24,0.0,0.0,0.0,0.0,24,0,0,reported_gmt_minus_4_unconverted,1
2015-07-08,24,24,0,0.0,missing,False,False,False,False,False,,,,,,,,,,0,24,0,0,,,24,0.0,0.0,0.0,0.0,24,0,0,reported_gmt_minus_4_unconverted,1
2015-07-09,24,24,0,0.0,missing,False,False,False,False,False,,,,,,,,,,0,24,0,0,,,24,0.0,0.0,0.0,0.0,24,0,0,reported_gmt_minus_4_unconverted,1
2015-07-10,24,24,0,0.0,missing,False,False,False,False,False,,,,,,,,,,0,24,0,0,,,24,0.0,0.0,0.0,0.0,24,0,0,reported_gmt_minus_4_unconverted,1
2015-07-11,24,24,0,0.0,missing,False,False,False,False,False,,,,,,,,,,0,24,0,0,,,24,0.0,0.0,0.0,0.0,24,0,0,reported_gmt_minus_4_unconverted,1
2015-07-12,24,24,0,0.0,missing,False,False,False,False,False,,,,,,,,,,0,24,0,0,,,24,0.0,0.0,0.0,0.0,24,0,0,reported_gmt_minus_4_unconverted,1
2015-07-13,24,24,0,0.0,missing,False,False,False,False,False,,,,,,,,,,0,24,0,0,,,24,0.0,0.0,0.0,0.0,24,0,0,reported_gmt_minus_4_unconverted,1
2015-07-14,24,24,11,0.458333,weak,False,False,False,False,False,1.6829090909090907,1.799,0.35616076553866927,1.264,2.124,1.279,1.2959999999999998,1.9855,2.071,11,13,0,0,13.0,23.0,13,0.0,0.0,45.833333333333336,100.0,13,11,11,reported_gmt_minus_4_unconverted,1
2015-07-15,24,24,24,1.0,high,True,True,True,True,True,1.0390833333333334,0.898,0.36212247707895334,0.665,1.976,0.6945,0.799,1.1755,1.5070999999999999,24,0,0,0,0.0,23.0,0,100.0,100.0,100.0,100.0,0,24,24,reported_gmt_minus_4_unconverted,1
2015-07-16,24,24,24,1.0,high,True,True,True,True,True,0.9799166666666667,0.989,0.19189737217918165,0.609,1.278,0.6893,0.8565,1.13825,1.1907999999999999,24,0,0,0,0.0,23.0,0,100.0,100.0,100.0,100.0,0,24,24,reported_gmt_minus_4_unconverted,1
2015-07-17,24,24,24,1.0,high,True,True,True,True,True,0.9585,1.0255,0.19905559634128003,0.571,1.335,0.6781,0.82,1.09975,1.1478,24,0,0,0,0.0,23.0,0,100.0,100.0,100.0,100.0,0,24,24,reported_gmt_minus_4_unconverted,1
2015-07-18,24,24,24,1.0,high,True,True,True,True,True,1.6441666666666663,1.436,0.48880125477198466,0.997,2.426,1.1556,1.22425,2.16525,2.3178,24,0,0,0,0.0,23.0,0,100.0,100.0,100.0,100.0,0,24,24,reported_gmt_minus_4_unconverted,1
2015-07-19,24,24,24,1.0,high,True,True,True,True,True,3.1671666666666667,2.909,0.850737054695447,2.068,4.922,2.2268,2.5915,3.811,4.4033,24,0,0,0,0.0,23.0,0,100.0,100.0,100.0,100.0,0,24,24,reported_gmt_minus_4_unconverted,1
2015-07-20,24,24,24,1.0,high,True,True,True,True,True,4.803541666666667,4.388999999999999,1.1561148949660318,2.592,6.345,3.3972,4.08875,5.9885,6.2024,24,0,0,0,0.0,23.0,0,100.0,100.0,100.0,100.0,0,24,24,reported_gmt_minus_4_unconverted,1
2015-07-21,24,24,24,1.0,high,True,True,True,True,True,5.633541666666666,5.4505,1.0072122085097133,3.436,7.419,4.6096,5.0025,6.3875,6.8356,24,0,0,0,0.0,23.0,0,100.0,100.0,100.0,100.0,0,24,24,reported_gmt_minus_4_unconverted,1
2015-07-22,24,24,24,1.0,high,True,True,True,True,True,8.091583333333334,8.003,1.073257735432951,6.139,10.419,6.873,7.1965,8.98325,9.5048,24,0,0,0,0.0,23.0,0,100.0,100.0,100.0,100.0,0,24,24,reported_gmt_minus_4_unconverted,1
2015-07-23,24,24,24,1.0,high,True,True,True,True,True,7.7175,7.2255,1.706821225451621,5.29,10.471,5.5573,6.583,9.0105,10.0458,24,0,0,0,0.0,23.0,0,100.0,100.0,100.0,100.0,0,24,24,reported_gmt_minus_4_unconverted,1
2015-07-24,24,24,24,1.0,high,True,True,True,True,True,10.013875,9.1255,2.013867236082165,7.225,13.506,8.0017,8.878,12.408999999999999,13.0179,24,0,0,0,0.0,23.0,0,100.0,100.0,100.0,100.0,0,24,24,reported_gmt_minus_4_unconverted,1
2015-07-25,24,24,24,1.0,high,True,True,True,True,True,11.933458333333334,11.8325,3.072028348193006,6.592,16.938,7.5128,10.440750000000001,14.40875,16.273799999999998,24,0,0,0,0.0,23.0,0,100.0,100.0,100.0,100.0,0,24,24,reported_gmt_minus_4_unconverted,1
2015-07-26,24,24,24,1.0,high,True,True,True,True,True,12.118458333333331,12.927499999999998,3.0134778114211387,5.032,15.96,8.0974,10.02375,14.47725,15.2659,24,0,0,0,0.0,23.0,0,100.0,100.0,100.0,100.0,0,24,24,reported_gmt_minus_4_unconverted,1
2015-07-27,24,24,24,1.0,high,True,True,True,True,True,10.598291666666666,10.163,1.4573671161488049,9.149,14.05,9.273,9.39675,11.314,12.831299999999999,24,0,0,0,0.0,23.0,0,100.0,100.0,100.0,100.0,0,24,24,reported_gmt_minus_4_unconverted,1
2015-07-28,24,24,24,1.0,high,True,True,True,True,True,7.710791666666666,7.630000000000001,0.6472222237254047,6.567,9.004,7.0125,7.30625,7.98325,8.7828,24,0,0,0,0.0,23.0,0,100.0,100.0,100.0,100.0,0,24,24,reported_gmt_minus_4_unconverted,1
2015-07-29,24,24,24,1.0,high,True,True,True,True,True,6.958833333333334,6.967499999999999,0.8784654934534456,4.634,8.169,5.9496,6.3885000000000005,7.7604999999999995,7.9083,24,0,0,0,0.0,23.0,0,100.0,100.0,100.0,100.0,0,24,24,reported_gmt_minus_4_unconverted,1
2015-07-30,24,24,24,1.0,high,True,True,True,True,True,7.116791666666667,6.891,0.9270683094369685,5.799,8.77,6.0562000000000005,6.333500000000001,7.8985,8.3259,24,0,0,0,0.0,23.0,0,100.0,100.0,100.0,100.0,0,24,24,reported_gmt_minus_4_unconverted,1
2015-07-31,24,24,24,1.0,high,True,True,True,True,True,6.095624999999999,6.507,1.816496839057076,2.8,8.983,3.4677000000000002,4.8355,7.316,8.409799999999999,24,0,0,0,0.0,23.0,0,100.0,100.0,100.0,100.0,0,24,24,reported_gmt_minus_4_unconverted,1
2015-08-01,24,24,24,1.0,high,True,True,True,True,True,3.984291666666666,3.827,1.4892001494577307,2.004,7.355,2.3893,2.5705,4.91175,5.9643,24,0,0,0,0.0,23.0,0,100.0,100.0,100.0,100.0,0,24,24,reported_gmt_minus_4_unconverted,1
2015-08-02,24,24,24,1.0,high,True,True,True,True,True,4.658458333333333,4.3355,1.831901292650478,1.668,8.132,2.508,3.136,6.36675,6.7103,24,0,0,0,0.0,23.0,0,100.0,100.0,100.0,100.0,0,24,24,reported_gmt_minus_4_unconverted,1
2015-08-03,24,24,24,1.0,high,True,True,True,True,True,4.077375,3.774,2.1505240779360295,0.853,7.33,1.4532,2.40175,6.00575,7.0108,24,0,0,0,0.0,23.0,0,100.0,100.0,100.0,100.0,0,24,24,reported_gmt_minus_4_unconverted,1
2015-08-04,24,24,12,0.5,partial,False,True,False,False,False,6.1297500000000005,6.638999999999999,1.901937295830945,2.654,8.484,3.2425,5.01025,7.63025,7.9673,12,12,0,0,0.0,11.0,12,0.0,50.0,50.0,100.0,12,12,12,reported_gmt_minus_4_unconverted,1
2015-08-05,24,24,0,0.0,missing,False,False,False,False,False,,,,,,,,,,0,24,0,0,,,24,0.0,0.0,0.0,0.0,24,0,0,reported_gmt_minus_4_unconverted,1
2015-08-06,24,24,0,0.0,missing,False,False,False,False,False,,,,,,,,,,0,24,0,0,,,24,0.0,0.0,0.0,0.0,24,0,0,reported_gmt_minus_4_unconverted,1
2015-08-07,24,24,0,0.0,missing,False,False,False,False,False,,,,,,,,,,0,24,0,0,,,24,0.0,0.0,0.0,0.0,24,0,0,reported_gmt_minus_4_unconverted,1
2015-08-08,24,24,0,0.0,missing,False,False,False,False,False,,,,,,,,,,0,24,0,0,,,24,0.0,0.0,0.0,0.0,24,0,0,reported_gmt_minus_4_unconverted,1
2015-08-09,24,24,0,0.0,missing,False,False,False,False,False,,,,,,,,,,0,24,0,0,,,24,0.0,0.0,0.0,0.0,24,0,0,reported_gmt_minus_4_unconverted,1
2015-08-10,24,24,0,0.0,missing,False,False,False,False,False,,,,,,,,,,0,24,0,0,,,24,0.0,0.0,0.0,0.0,24,0,0,reported_gmt_minus_4_unconverted,1
2015-08-11,24,24,0,0.0,missing,False,False,False,False,False,,,,,,,,,,0,24,0,0,,,24,0.0,0.0,0.0,0.0,24,0,0,reported_gmt_minus_4_unconverted,1
2015-08-12,24,24,0,0.0,missing,False,False,False,False,False,,,,,,,,,,0,24,0,0,,,24,0.0,0.0,0.0,0.0,24,0,0,reported_gmt_minus_4_unconverted,1
2015-08-13,24,24,0,0.0,missing,False,False,False,False,False,,,,,,,,,,0,24,0,0,,,24,0.0,0.0,0.0,0.0,24,0,0,reported_gmt_minus_4_unconverted,1
2015-08-14,24,24,0,0.0,missing,False,False,False,False,False,,,,,,,,,,0,24,0,0,,,24,0.0,0.0,0.0,0.0,24,0,0,reported_gmt_minus_4_unconverted,1
2015-08-15,24,24,0,0.0,missing,False,False,False,False,False,,,,,,,,,,0,24,0,0,,,24,0.0,0.0,0.0,0.0,24,0,0,reported_gmt_minus_4_unconverted,1
2015-08-16,24,24,0,0.0,missing,False,False,False,False,False,,,,,,,,,,0,24,0,0,,,24,0.0,0.0,0.0,0.0,24,0,0,reported_gmt_minus_4_unconverted,1
2015-08-17,24,24,0,0.0,missing,False,False,False,False,False,,,,,,,,,,0,24,0,0,,,24,0.0,0.0,0.0,0.0,24,0,0,reported_gmt_minus_4_unconverted,1
2015-08-18,24,24,13,0.541667,partial,False,True,False,False,False,4.099230769230769,3.983,0.6594261588490093,3.247,5.229,3.3792,3.575,4.319,5.086,13,11,0,0,11.0,23.0,11,0.0,100.0,54.166666666666664,100.0,11,13,13,reported_gmt_minus_4_unconverted,1
2015-08-19,24,24,24,1.0,high,True,True,True,True,True,4.897833333333334,4.435499999999999,1.0942632489355633,3.497,7.319,3.937,4.2745,5.360250000000001,6.813899999999999,24,0,0,0,0.0,23.0,0,100.0,100.0,100.0,100.0,0,24,24,reported_gmt_minus_4_unconverted,1
2015-08-20,24,24,24,1.0,high,True,True,True,True,True,2.565583333333333,2.0625,1.1378870164998107,1.609,5.133,1.7153,1.81575,2.67475,4.6023,24,0,0,0,0.0,23.0,0,100.0,100.0,100.0,100.0,0,24,24,reported_gmt_minus_4_unconverted,1
2015-08-21,24,24,24,1.0,high,True,True,True,True,True,1.9542916666666665,1.881,0.3060344509118664,1.503,2.581,1.5588,1.7405000000000002,2.1955,2.2904,24,0,0,0,0.0,23.0,0,100.0,100.0,100.0,100.0,0,24,24,reported_gmt_minus_4_unconverted,1
2015-08-22,24,24,24,1.0,high,True,True,True,True,True,1.8032083333333333,1.7389999999999999,0.21480283763947583,1.465,2.301,1.5942,1.6800000000000002,1.88825,2.1372999999999998,24,0,0,0,0.0,23.0,0,100.0,100.0,100.0,100.0,0,24,24,reported_gmt_minus_4_unconverted,1
2015-08-23,24,24,24,1.0,high,True,True,True,True,True,3.5695833333333336,2.9210000000000003,2.05407192449887,1.625,8.488,1.7414,2.009,4.40775,6.928399999999999,24,0,0,0,0.0,23.0,0,100.0,100.0,100.0,100.0,0,24,24,reported_gmt_minus_4_unconverted,1
2015-08-24,24,24,24,1.0,high,True,True,True,True,True,6.666458333333334,7.839,2.6025882598602337,1.907,9.942,2.5282,4.9755,8.6255,9.4079,24,0,0,0,0.0,23.0,0,100.0,100.0,100.0,100.0,0,24,24,reported_gmt_minus_4_unconverted,1
2015-08-25,24,24,24,1.0,high,True,True,True,True,True,4.984666666666667,5.005,1.7938536042897115,2.154,8.503,2.6402,3.763,5.9545,7.3227,24,0,0,0,0.0,23.0,0,100.0,100.0,100.0,100.0,0,24,24,reported_gmt_minus_4_unconverted,1
2015-08-26,24,24,24,1.0,high,True,True,True,True,True,3.1843333333333335,3.2664999999999997,1.453037288688367,1.38,5.995,1.5170000000000001,1.90925,3.876,5.240799999999999,24,0,0,0,0.0,23.0,0,100.0,100.0,100.0,100.0,0,24,24,reported_gmt_minus_4_unconverted,1
2015-08-27,24,24,24,1.0,high,True,True,True,True,True,3.4482500000000003,3.1955,1.9960832789544976,0.806,6.883,1.0272000000000001,1.69275,5.21075,6.0494,24,0,0,0,0.0,23.0,0,100.0,100.0,100.0,100.0,0,24,24,reported_gmt_minus_4_unconverted,1
2015-08-28,24,24,24,1.0,high,True,True,True,True,True,6.541875,7.032500000000001,3.227285268005752,1.045,11.407,2.6526,3.60775,9.0535,10.5613,24,0,0,0,0.0,23.0,0,100.0,100.0,100.0,100.0,0,24,24,reported_gmt_minus_4_unconverted,1
2015-08-29,24,24,24,1.0,high,True,True,True,True,True,8.607291666666667,9.567499999999999,2.520697323795224,4.324,11.523,4.7282,6.17525,10.68,11.1236,24,0,0,0,0.0,23.0,0,100.0,100.0,100.0,100.0,0,24,24,reported_gmt_minus_4_unconverted,1
2015-08-30,24,24,24,1.0,high,True,True,True,True,True,8.854125000000002,8.879,1.2657773797157224,6.75,10.718,6.9982,8.211,9.9475,10.576,24,0,0,0,0.0,23.0,0,100.0,100.0,100.0,100.0,0,24,24,reported_gmt_minus_4_unconverted,1
2015-08-31,24,24,24,1.0,high,True,True,True,True,True,5.351,5.5495,1.358810029272736,3.294,7.739,3.5912,4.177250000000001,6.40075,7.130699999999999,24,0,0,0,0.0,23.0,0,100.0,100.0,100.0,100.0,0,24,24,reported_gmt_minus_4_unconverted,1
2015-09-01,24,24,24,1.0,high,True,True,True,True,True,5.7035833333333334,5.394500000000001,1.3573715302062634,3.805,8.99,4.1124,4.79575,6.55825,7.332199999999999,24,0,0,0,0.0,23.0,0,100.0,100.0,100.0,100.0,0,24,24,reported_gmt_minus_4_unconverted,1
2015-09-02,24,24,24,1.0,high,True,True,True,True,True,5.207666666666667,5.2715,1.9895369936935987,1.821,7.996,2.6549,3.347,6.923,7.5741,24,0,0,0,0.0,23.0,0,100.0,100.0,100.0,100.0,0,24,24,reported_gmt_minus_4_unconverted,1
2015-09-03,24,24,24,1.0,high,True,True,True,True,True,2.7680833333333332,2.9345,1.6096309843554522,1.046,5.345,1.1006,1.13775,3.90275,5.061599999999999,24,0,0,0,0.0,23.0,0,100.0,100.0,100.0,100.0,0,24,24,reported_gmt_minus_4_unconverted,1
2015-09-04,24,24,20,0.833333,standard,True,True,True,True,False,2.55325,2.2359999999999998,1.7748972950271622,0.806,8.574,0.9263,1.2737500000000002,2.8737500000000002,4.1935,20,4,0,0,0.0,23.0,4,0.0,100.0,83.33333333333333,100.0,4,20,20,reported_gmt_minus_4_unconverted,1
2015-09-05,24,24,24,1.0,high,True,True,True,True,True,1.6928333333333334,1.6035,0.6979511423455436,0.878,3.451,0.9898,1.0465,2.0772500000000003,2.6264,24,0,0,0,0.0,23.0,0,100.0,100.0,100.0,100.0,0,24,24,reported_gmt_minus_4_unconverted,1
2015-09-06,24,24,24,1.0,high,True,True,True,True,True,0.9638750000000001,0.9535,0.18777769291511104,0.619,1.287,0.7273999999999999,0.8294999999999999,1.0902500000000002,1.2201,24,0,0,0,0.0,23.0,0,100.0,100.0,100.0,100.0,0,24,24,reported_gmt_minus_4_unconverted,1
2015-09-07,24,24,24,1.0,high,True,True,True,True,True,1.531291666666667,1.374,0.5410936975171247,0.931,2.599,0.9648,1.0035,1.87975,2.2677,24,0,0,0,0.0,23.0,0,100.0,100.0,100.0,100.0,0,24,24,reported_gmt_minus_4_unconverted,1
2015-09-08,24,24,24,1.0,high,True,True,True,True,True,1.6435416666666667,1.6015000000000001,0.2110606710973363,1.274,2.049,1.4203,1.49475,1.822,1.9006999999999998,24,0,0,0,0.0,23.0,0,100.0,100.0,100.0,100.0,0,24,24,reported_gmt_minus_4_unconverted,1
2015-09-09,24,24,24,1.0,high,True,True,True,True,True,1.5445000000000002,1.4889999999999999,0.30089764257027307,1.058,2.089,1.185,1.34125,1.80925,1.9299,24,0,0,0,0.0,23.0,0,100.0,100.0,100.0,100.0,0,24,24,reported_gmt_minus_4_unconverted,1
2015-09-10,24,24,24,1.0,high,True,True,True,True,True,1.7497916666666666,1.774,0.3828591498491167,1.098,2.516,1.2359,1.4345,1.9597499999999999,2.2186999999999997,24,0,0,0,0.0,23.0,0,100.0,100.0,100.0,100.0,0,24,24,reported_gmt_minus_4_unconverted,1
2015-09-11,24,24,24,1.0,high,True,True,True,True,True,1.2012916666666666,1.142,0.49243516272982946,0.642,2.469,0.7156,0.836,1.398,1.6927999999999996,24,0,0,0,0.0,23.0,0,100.0,100.0,100.0,100.0,0,24,24,reported_gmt_minus_4_unconverted,1
2015-09-12,24,24,24,1.0,high,True,True,True,True,True,1.0795416666666666,1.0435,0.5320039211335282,0.282,2.028,0.4446,0.57525,1.498,1.8197999999999999,24,0,0,0,0.0,23.0,0,100.0,100.0,100.0,100.0,0,24,24,reported_gmt_minus_4_unconverted,1
2015-09-13,24,24,24,1.0,high,True,True,True,True,True,6.2114166666666675,5.1850000000000005,3.7555649481416435,1.43,13.154,2.535,2.9655,9.90075,10.989799999999999,24,0,0,0,0.0,23.0,0,100.0,100.0,100.0,100.0,0,24,24,reported_gmt_minus_4_unconverted,1
2015-09-14,24,24,14,0.583333,partial,False,True,False,False,False,13.432357142857143,13.626000000000001,2.7361174234570154,9.156,17.788,10.289100000000001,10.972249999999999,15.64975,16.799400000000002,14,10,0,0,0.0,23.0,10,0.0,100.0,58.333333333333336,100.0,10,14,14,reported_gmt_minus_4_unconverted,1
2015-09-15,24,24,24,1.0,high,True,True,True,True,True,14.343625000000001,14.4195,2.3094619891541464,8.405,18.895,11.661,13.45325,15.6295,16.753500000000003,24,0,0,0,0.0,23.0,0,100.0,100.0,100.0,100.0,0,24,24,reported_gmt_minus_4_unconverted,1
2015-09-16,24,24,24,1.0,high,True,True,True,True,True,9.149708333333335,9.373000000000001,2.6283136183586,4.445,16.015,5.8122,7.418,10.823,11.9193,24,0,0,0,0.0,23.0,0,100.0,100.0,100.0,100.0,0,24,24,reported_gmt_minus_4_unconverted,1
2015-09-17,24,24,24,1.0,high,True,True,True,True,True,5.2484166666666665,5.346500000000001,1.7089118815318065,2.137,8.533,2.9589,4.23275,6.5435,6.892799999999999,24,0,0,0,0.0,23.0,0,100.0,100.0,100.0,100.0,0,24,24,reported_gmt_minus_4_unconverted,1
2015-09-18,24,24,24,1.0,high,True,True,True,True,True,1.79725,0.9684999999999999,1.5750653885667316,0.45,5.292,0.6543,0.71,2.291,4.292599999999999,24,0,0,0,0.0,23.0,0,100.0,100.0,100.0,100.0,0,24,24,reported_gmt_minus_4_unconverted,1
2015-09-19,24,24,24,1.0,high,True,True,True,True,True,2.156,1.121,2.007829652396706,0.39,6.313,0.5026,0.7975,3.582,5.7112,24,0,0,0,0.0,23.0,0,100.0,100.0,100.0,100.0,0,24,24,reported_gmt_minus_4_unconverted,1
2015-09-20,24,24,24,1.0,high,True,True,True,True,True,4.539541666666667,4.806,3.114027951888828,0.2,10.513,0.2238,1.41425,5.974,8.5704,24,0,0,0,0.0,23.0,0,100.0,100.0,100.0,100.0,0,24,24,reported_gmt_minus_4_unconverted,1
2015-09-21,24,24,24,1.0,high,True,True,True,True,True,6.954833333333333,4.8835,6.5073684567484,0.914,23.407,1.3277999999999999,2.6350000000000002,7.713,17.559599999999996,24,0,0,0,0.0,23.0,0,100.0,100.0,100.0,100.0,0,24,24,reported_gmt_minus_4_unconverted,1
2015-09-22,24,24,24,1.0,high,True,True,True,True,True,10.142583333333333,9.402,4.608981580582084,3.347,18.211,5.2128000000000005,6.25825,13.389750000000001,17.366899999999998,24,0,0,0,0.0,23.0,0,100.0,100.0,100.0,100.0,0,24,24,reported_gmt_minus_4_unconverted,1
2015-09-23,24,24,24,1.0,high,True,True,True,True,True,13.667250000000001,13.858,3.2443385103230544,6.436,19.12,8.7043,12.35825,15.77775,17.6113,24,0,0,0,0.0,23.0,0,100.0,100.0,100.0,100.0,0,24,24,reported_gmt_minus_4_unconverted,1
2015-09-24,24,24,24,1.0,high,True,True,True,True,True,12.331999999999999,12.7265,2.672472995755706,5.706,16.693,9.473600000000001,10.49125,13.97025,15.4504,24,0,0,0,0.0,23.0,0,100.0,100.0,100.0,100.0,0,24,24,reported_gmt_minus_4_unconverted,1
2015-09-25,24,24,24,1.0,high,True,True,True,True,True,6.335208333333334,5.4079999999999995,3.4390220548639374,1.195,12.388,2.4171,3.64975,8.7785,11.363,24,0,0,0,0.0,23.0,0,100.0,100.0,100.0,100.0,0,24,24,reported_gmt_minus_4_unconverted,1
2015-09-26,24,24,24,1.0,high,True,True,True,True,True,2.1664999999999996,1.4175,2.2110623848198445,0.455,8.591,0.5737000000000001,0.82375,2.1157500000000002,5.6202999999999985,24,0,0,0,0.0,23.0,0,100.0,100.0,100.0,100.0,0,24,24,reported_gmt_minus_4_unconverted,1
2015-09-27,24,24,24,1.0,high,True,True,True,True,True,1.9611666666666665,1.1455,1.7132635439460249,0.405,6.331,0.6533,0.813,2.963,4.3818,24,0,0,0,0.0,23.0,0,100.0,100.0,100.0,100.0,0,24,24,reported_gmt_minus_4_unconverted,1
2015-09-28,24,24,24,1.0,high,True,True,True,True,True,2.8517500000000005,2.6870000000000003,1.4024076269665369,0.775,5.9,1.1769,1.65375,3.95025,4.3735,24,0,0,0,0.0,23.0,0,100.0,100.0,100.0,100.0,0,24,24,reported_gmt_minus_4_unconverted,1
2015-09-29,24,24,24,1.0,high,True,True,True,True,True,1.6382916666666667,1.5139999999999998,0.9223771028855476,0.468,3.583,0.6889,0.81975,2.1275,3.0530999999999997,24,0,0,0,0.0,23.0,0,100.0,100.0,100.0,100.0,0,24,24,reported_gmt_minus_4_unconverted,1
2015-09-30,24,24,24,1.0,high,True,True,True,True,True,3.3019999999999996,2.1105,3.017631262229136,1.245,13.184,1.5879,1.703,2.948,7.468499999999999,24,0,0,0,0.0,23.0,0,100.0,100.0,100.0,100.0,0,24,24,reported_gmt_minus_4_unconverted,1
2015-10-01,24,24,24,1.0,high,True,True,True,True,True,7.007583333333334,6.1850000000000005,3.549722143647507,2.246,14.536,3.085,4.6202499999999995,9.91325,10.8819,24,0,0,0,0.0,23.0,0,100.0,100.0,100.0,100.0,0,24,24,reported_gmt_minus_4_unconverted,1
2015-10-02,24,24,24,1.0,high,True,True,True,True,True,9.927208333333333,10.6545,4.315627859799239,2.24,15.586,3.748,6.617500000000001,13.617,14.6229,24,0,0,0,0.0,23.0,0,100.0,100.0,100.0,100.0,0,24,24,reported_gmt_minus_4_unconverted,1
2015-10-03,24,24,24,1.0,high,True,True,True,True,True,11.692166666666665,11.556999999999999,1.4666315048486078,8.771,14.218,9.8199,11.097000000000001,12.5615,13.6165,24,0,0,0,0.0,23.0,0,100.0,100.0,100.0,100.0,0,24,24,reported_gmt_minus_4_unconverted,1
2015-10-04,24,24,24,1.0,high,True,True,True,True,True,9.682708333333332,9.386,2.320028007311581,5.822,14.236,6.7536,8.150749999999999,11.572,12.7256,24,0,0,0,0.0,23.0,0,100.0,100.0,100.0,100.0,0,24,24,reported_gmt_minus_4_unconverted,1
2015-10-05,24,24,24,1.0,high,True,True,True,True,True,6.196458333333333,7.596,2.9874032344403942,1.164,9.53,1.5060000000000002,2.92925,8.25775,9.076,24,0,0,0,0.0,23.0,0,100.0,100.0,100.0,100.0,0,24,24,reported_gmt_minus_4_unconverted,1
2015-10-06,24,24,24,1.0,high,True,True,True,True,True,4.311833333333333,3.7045,1.5741031585074685,2.339,7.049,2.685,3.10975,5.56725,6.6065,24,0,0,0,0.0,23.0,0,100.0,100.0,100.0,100.0,0,24,24,reported_gmt_minus_4_unconverted,1
2015-10-07,24,24,24,1.0,high,True,True,True,True,True,3.2705416666666665,3.2995,0.8047776349195265,2.119,4.943,2.3122,2.4450000000000003,3.76675,4.227,24,0,0,0,0.0,23.0,0,100.0,100.0,100.0,100.0,0,24,24,reported_gmt_minus_4_unconverted,1
2015-10-08,24,24,24,1.0,high,True,True,True,True,True,1.6302083333333333,1.654,0.5094009251426933,0.737,2.815,0.9581000000000001,1.36575,1.9572500000000002,2.1208,24,0,0,0,0.0,23.0,0,100.0,100.0,100.0,100.0,0,24,24,reported_gmt_minus_4_unconverted,1
2015-10-09,24,24,24,1.0,high,True,True,True,True,True,1.717666666666667,1.4135,1.0710949564800973,0.268,3.943,0.4717,0.87425,2.5255,3.2733,24,0,0,0,0.0,23.0,0,100.0,100.0,100.0,100.0,0,24,24,reported_gmt_minus_4_unconverted,1
2015-10-10,24,24,24,1.0,high,True,True,True,True,True,1.7123333333333335,0.8785000000000001,1.6126594472341713,0.237,4.747,0.27590000000000003,0.426,3.2142500000000003,3.9309,24,0,0,0,0.0,23.0,0,100.0,100.0,100.0,100.0,0,24,24,reported_gmt_minus_4_unconverted,1
2015-10-11,24,24,24,1.0,high,True,True,True,True,True,1.3790000000000002,0.85,1.0596170760355303,0.086,3.502,0.39490000000000003,0.5522499999999999,2.116,2.8838999999999997,24,0,0,0,0.0,23.0,0,100.0,100.0,100.0,100.0,0,24,24,reported_gmt_minus_4_unconverted,1
2015-10-12,24,24,24,1.0,high,True,True,True,True,True,0.7305000000000001,0.7235,0.40135195440454485,0.081,1.509,0.1351,0.5249999999999999,1.0015,1.2538999999999998,24,0,0,0,0.0,23.0,0,100.0,100.0,100.0,100.0,0,24,24,reported_gmt_minus_4_unconverted,1
2015-10-13,24,24,24,1.0,high,True,True,True,True,True,12.436541666666669,12.4835,6.496027354429225,0.144,22.853,4.082700000000001,7.8965000000000005,17.680500000000002,20.3585,24,0,0,0,0.0,23.0,0,100.0,100.0,100.0,100.0,0,24,24,reported_gmt_minus_4_unconverted,1
2015-10-14,24,24,24,1.0,high,True,True,True,True,True,19.756375000000002,21.058500000000002,3.8344850775276997,11.153,23.525,13.1375,18.70225,22.32325,23.3604,24,0,0,0,0.0,23.0,0,100.0,100.0,100.0,100.0,0,24,24,reported_gmt_minus_4_unconverted,1
2015-10-15,24,24,24,1.0,high,True,True,True,True,True,7.778333333333333,7.5735,1.6570901596175898,6.122,12.374,6.1819,6.50375,7.97975,9.3569,24,0,0,0,0.0,23.0,0,100.0,100.0,100.0,100.0,0,24,24,reported_gmt_minus_4_unconverted,1
2015-10-16,24,24,24,1.0,high,True,True,True,True,True,9.916791666666667,9.4215,2.8789585221224447,5.109,15.54,6.4017,7.83725,11.45175,14.2835,24,0,0,0,0.0,23.0,0,100.0,100.0,100.0,100.0,0,24,24,reported_gmt_minus_4_unconverted,1
2015-10-17,24,24,24,1.0,high,True,True,True,True,True,11.48745833333333,11.073,3.6968461644225608,5.103,17.24,7.100899999999999,8.623999999999999,15.06325,16.509,24,0,0,0,0.0,23.0,0,100.0,100.0,100.0,100.0,0,24,24,reported_gmt_minus_4_unconverted,1
2015-10-18,24,24,24,1.0,high,True,True,True,True,True,10.878916666666663,10.971,1.3181478084522755,8.338,13.351,9.126800000000001,9.821,11.617999999999999,12.6493,24,0,0,0,0.0,23.0,0,100.0,100.0,100.0,100.0,0,24,24,reported_gmt_minus_4_unconverted,1
2015-10-19,24,24,0,0.0,missing,False,False,False,False,False,,,,,,,,,,0,24,0,0,,,24,0.0,0.0,0.0,0.0,24,0,0,reported_gmt_minus_4_unconverted,1
2015-10-20,24,24,23,0.958333,high,True,True,True,True,True,5.321478260869565,6.1,2.004249369114741,1.662,7.705,1.7218,4.977499999999999,6.476,6.8824000000000005,23,1,0,0,1.0,23.0,1,0.0,100.0,95.83333333333333,100.0,1,23,23,reported_gmt_minus_4_unconverted,1
2015-10-21,24,24,24,1.0,high,True,True,True,True,True,3.625291666666667,3.763,1.78376247393138,1.315,6.185,1.5028000000000001,1.81,5.172499999999999,5.9847,24,0,0,0,0.0,23.0,0,100.0,100.0,100.0,100.0,0,24,24,reported_gmt_minus_4_unconverted,1
2015-10-22,24,24,24,1.0,high,True,True,True,True,True,2.1502083333333335,1.6935,1.070912978203205,0.899,4.829,1.0889,1.3365,2.8365,3.5546,24,0,0,0,0.0,23.0,0,100.0,100.0,100.0,100.0,0,24,24,reported_gmt_minus_4_unconverted,1
2015-10-23,24,24,19,0.791667,standard,True,True,True,True,False,0.8884736842105263,0.814,0.3091361383707567,0.49,1.684,0.6112,0.6745000000000001,1.054,1.2339999999999998,19,5,0,0,0.0,23.0,5,0.0,100.0,79.16666666666667,100.0,5,19,19,reported_gmt_minus_4_unconverted,1
2015-10-24,24,24,24,1.0,high,True,True,True,True,True,0.5167916666666666,0.5345,0.1431262681103242,0.304,0.716,0.3166,0.3765,0.653,0.6874,24,0,0,0,0.0,23.0,0,100.0,100.0,100.0,100.0,0,24,24,reported_gmt_minus_4_unconverted,1
2015-10-25,24,24,24,1.0,high,True,True,True,True,True,0.7171249999999999,0.6845,0.1569523085969526,0.486,1.152,0.5656,0.62925,0.7725,0.8602,24,0,0,0,0.0,23.0,0,100.0,100.0,100.0,100.0,0,24,24,reported_gmt_minus_4_unconverted,1
2015-10-26,24,24,24,1.0,high,True,True,True,True,True,0.616875,0.6405000000000001,0.15401081624918145,0.352,0.998,0.42569999999999997,0.476,0.716,0.7668,24,0,0,0,0.0,23.0,0,100.0,100.0,100.0,100.0,0,24,24,reported_gmt_minus_4_unconverted,1
2015-10-27,24,24,24,1.0,high,True,True,True,True,True,0.7291666666666666,0.7124999999999999,0.25692794907228905,0.297,1.266,0.3624,0.5722499999999999,0.9125000000000001,1.0112999999999999,24,0,0,0,0.0,23.0,0,100.0,100.0,100.0,100.0,0,24,24,reported_gmt_minus_4_unconverted,1
2015-10-28,24,24,24,1.0,high,True,True,True,True,True,1.5754166666666667,1.4144999999999999,0.791094998784248,0.656,3.918,0.8453999999999999,0.9255,2.0655,2.3063,24,0,0,0,0.0,23.0,0,100.0,100.0,100.0,100.0,0,24,24,reported_gmt_minus_4_unconverted,1
2015-10-29,24,24,24,1.0,high,True,True,True,True,True,1.922125,1.8755,0.39722935139374543,1.378,2.587,1.4137,1.6212499999999999,2.2815,2.49,24,0,0,0,0.0,23.0,0,100.0,100.0,100.0,100.0,0,24,24,reported_gmt_minus_4_unconverted,1
2015-10-30,24,24,24,1.0,high,True,True,True,True,True,1.797208333333333,1.7515,0.3764716028515606,1.019,2.501,1.4105,1.60025,2.04375,2.3425,24,0,0,0,0.0,23.0,0,100.0,100.0,100.0,100.0,0,24,24,reported_gmt_minus_4_unconverted,1
2015-10-31,24,24,24,1.0,high,True,True,True,True,True,1.4169583333333333,1.4005,0.3550362478942687,0.803,2.068,1.0257,1.15925,1.68875,1.8812,24,0,0,0,0.0,23.0,0,100.0,100.0,100.0,100.0,0,24,24,reported_gmt_minus_4_unconverted,1
2015-11-01,24,24,24,1.0,high,True,True,True,True,True,2.250375,1.8655,0.7432546413958823,1.487,4.35,1.591,1.67625,2.7647500000000003,3.0080999999999998,24,0,0,0,0.0,23.0,0,100.0,100.0,100.0,100.0,0,24,24,reported_gmt_minus_4_unconverted,1
2015-11-02,24,24,24,1.0,high,True,True,True,True,True,5.317166666666666,5.0135000000000005,1.4310729531024788,3.398,7.929,3.6869,4.01275,6.52125,7.114999999999999,24,0,0,0,0.0,23.0,0,100.0,100.0,100.0,100.0,0,24,24,reported_gmt_minus_4_unconverted,1
2015-11-03,24,24,24,1.0,high,True,True,True,True,True,6.528958333333333,6.8525,1.281256872021161,4.363,8.464,4.9097,5.1265,7.2875,8.2083,24,0,0,0,0.0,23.0,0,100.0,100.0,100.0,100.0,0,24,24,reported_gmt_minus_4_unconverted,1
2015-11-04,24,24,24,1.0,high,True,True,True,True,True,5.941666666666666,5.734,1.458895641488322,3.601,8.433,3.8535000000000004,5.15225,7.22075,7.8252999999999995,24,0,0,0,0.0,23.0,0,100.0,100.0,100.0,100.0,0,24,24,reported_gmt_minus_4_unconverted,1
2015-11-05,24,24,24,1.0,high,True,True,True,True,True,2.825125,2.959,0.7558014641828036,1.661,4.425,1.8326,2.156,3.30275,3.4549,24,0,0,0,0.0,23.0,0,100.0,100.0,100.0,100.0,0,24,24,reported_gmt_minus_4_unconverted,1
2015-11-06,24,24,24,1.0,high,True,True,True,True,True,1.7921249999999997,1.472,0.7391353534043503,1.119,3.962,1.2429000000000001,1.3664999999999998,2.0555,2.7004,24,0,0,0,0.0,23.0,0,100.0,100.0,100.0,100.0,0,24,24,reported_gmt_minus_4_unconverted,1
2015-11-07,24,24,24,1.0,high,True,True,True,True,True,1.027125,0.9365,0.3245379742636144,0.591,1.715,0.7522,0.7937500000000001,1.145,1.5926999999999998,24,0,0,0,0.0,23.0,0,100.0,100.0,100.0,100.0,0,24,24,reported_gmt_minus_4_unconverted,1
2015-11-08,24,24,24,1.0,high,True,True,True,True,True,0.6535833333333333,0.635,0.13597535475757833,0.469,1.064,0.5136000000000001,0.553,0.7022499999999999,0.798,24,0,0,0,0.0,23.0,0,100.0,100.0,100.0,100.0,0,24,24,reported_gmt_minus_4_unconverted,1
2015-11-09,24,24,15,0.625,partial,False,True,False,False,False,0.3874,0.357,0.12922726381954278,0.211,0.698,0.27340000000000003,0.3095,0.4185,0.5598,15,9,0,0,9.0,23.0,9,0.0,100.0,62.5,100.0,9,15,15,reported_gmt_minus_4_unconverted,1
2015-11-10,24,24,11,0.458333,weak,False,False,False,False,False,0.37454545454545457,0.316,0.15648154117106824,0.244,0.694,0.247,0.27949999999999997,0.3815,0.658,11,13,0,0,0.0,10.0,13,0.0,0.0,45.833333333333336,100.0,13,11,11,reported_gmt_minus_4_unconverted,1
2015-11-11,24,24,0,0.0,missing,False,False,False,False,False,,,,,,,,,,0,24,0,0,,,24,0.0,0.0,0.0,0.0,24,0,0,reported_gmt_minus_4_unconverted,1
2015-11-12,24,24,0,0.0,missing,False,False,False,False,False,,,,,,,,,,0,24,0,0,,,24,0.0,0.0,0.0,0.0,24,0,0,reported_gmt_minus_4_unconverted,1
2015-11-13,24,24,10,0.416667,weak,False,False,False,False,False,0.7243,0.7315,0.14257321705784093,0.441,0.994,0.6264000000000001,0.658,0.78725,0.8167,10,14,0,0,14.0,23.0,14,0.0,0.0,41.666666666666664,100.0,14,10,10,reported_gmt_minus_4_unconverted,1
2015-11-14,24,24,24,1.0,high,True,True,True,True,True,3.059208333333333,2.107,2.575429149197514,0.573,9.061,0.6578,1.024,4.71425,7.0325,24,0,0,0,0.0,23.0,0,100.0,100.0,100.0,100.0,0,24,24,reported_gmt_minus_4_unconverted,1
2015-11-15,24,24,24,1.0,high,True,True,True,True,True,4.090291666666666,4.024,1.2203731959195272,1.802,6.541,2.416,3.39825,5.02325,5.3633,24,0,0,0,0.0,23.0,0,100.0,100.0,100.0,100.0,0,24,24,reported_gmt_minus_4_unconverted,1
2015-11-16,24,24,24,1.0,high,True,True,True,True,True,1.8021666666666665,1.815,0.2823429408217674,1.305,2.457,1.5169,1.57125,1.9415,2.1873,24,0,0,0,0.0,23.0,0,100.0,100.0,100.0,100.0,0,24,24,reported_gmt_minus_4_unconverted,1
2015-11-17,24,24,24,1.0,high,True,True,True,True,True,1.2130416666666666,1.242,0.2801273746253528,0.66,1.662,0.7803,1.082,1.40225,1.5086,24,0,0,0,0.0,23.0,0,100.0,100.0,100.0,100.0,0,24,24,reported_gmt_minus_4_unconverted,1
2015-11-18,24,24,24,1.0,high,True,True,True,True,True,0.9417083333333333,0.8395,0.48578627248640105,0.431,2.768,0.5067,0.64825,1.08775,1.2988,24,0,0,0,0.0,23.0,0,100.0,100.0,100.0,100.0,0,24,24,reported_gmt_minus_4_unconverted,1
2015-11-19,24,24,24,1.0,high,True,True,True,True,True,0.36991666666666667,0.3635,0.1358413130046989,0.158,0.651,0.19820000000000002,0.25275000000000003,0.4575,0.5315,24,0,0,0,0.0,23.0,0,100.0,100.0,100.0,100.0,0,24,24,reported_gmt_minus_4_unconverted,1
2015-11-20,24,24,24,1.0,high,True,True,True,True,True,0.2383333333333333,0.2255,0.0766509120548515,0.136,0.39,0.1498,0.182,0.2705,0.36219999999999997,24,0,0,0,0.0,23.0,0,100.0,100.0,100.0,100.0,0,24,24,reported_gmt_minus_4_unconverted,1
2015-11-21,24,24,24,1.0,high,True,True,True,True,True,0.30470833333333336,0.2895,0.1164987326546728,0.189,0.654,0.19590000000000002,0.21125,0.344,0.4314,24,0,0,0,0.0,23.0,0,100.0,100.0,100.0,100.0,0,24,24,reported_gmt_minus_4_unconverted,1
2015-11-22,24,24,24,1.0,high,True,True,True,True,True,1.1120416666666666,1.0299999999999998,0.3623096776739919,0.547,1.857,0.7027,0.7897500000000001,1.35575,1.6338,24,0,0,0,0.0,23.0,0,100.0,100.0,100.0,100.0,0,24,24,reported_gmt_minus_4_unconverted,1
2015-11-23,24,24,24,1.0,high,True,True,True,True,True,1.4891250000000003,1.1829999999999998,0.5280498422209453,0.966,2.467,1.0381,1.1125,1.9115,2.3661000000000003,24,0,0,0,0.0,23.0,0,100.0,100.0,100.0,100.0,0,24,24,reported_gmt_minus_4_unconverted,1
2015-11-24,24,24,24,1.0,high,True,True,True,True,True,1.8140833333333333,1.87,0.34415983605531775,1.217,2.359,1.3983999999999999,1.5387499999999998,2.02625,2.3119,24,0,0,0,0.0,23.0,0,100.0,100.0,100.0,100.0,0,24,24,reported_gmt_minus_4_unconverted,1
2015-11-25,24,24,24,1.0,high,True,True,True,True,True,1.6748750000000001,1.7325,0.3657697437388481,1.016,2.443,1.121,1.49375,1.89425,1.9843,24,0,0,0,0.0,23.0,0,100.0,100.0,100.0,100.0,0,24,24,reported_gmt_minus_4_unconverted,1
2015-11-26,24,24,24,1.0,high,True,True,True,True,True,1.7988333333333333,1.7690000000000001,0.25761441808601687,1.399,2.176,1.4387,1.6,2.067,2.1351,24,0,0,0,0.0,23.0,0,100.0,100.0,100.0,100.0,0,24,24,reported_gmt_minus_4_unconverted,1
2015-11-27,24,24,24,1.0,high,True,True,True,True,True,1.5785833333333332,1.5499999999999998,0.3187817730683166,1.083,2.164,1.1767,1.36375,1.83725,1.9977,24,0,0,0,0.0,23.0,0,100.0,100.0,100.0,100.0,0,24,24,reported_gmt_minus_4_unconverted,1
2015-11-28,24,24,24,1.0,high,True,True,True,True,True,1.3290416666666667,1.372,0.3340517376182873,0.753,1.943,0.8883,1.0575,1.4722499999999998,1.7824,24,0,0,0,0.0,23.0,0,100.0,100.0,100.0,100.0,0,24,24,reported_gmt_minus_4_unconverted,1
2015-11-29,24,24,24,1.0,high,True,True,True,True,True,1.147375,0.944,0.4380253926032341,0.681,2.319,0.7274,0.81775,1.4164999999999999,1.7260999999999997,24,0,0,0,0.0,23.0,0,100.0,100.0,100.0,100.0,0,24,24,reported_gmt_minus_4_unconverted,1
2015-11-30,24,24,0,0.0,missing,False,False,False,False,False,,,,,,,,,,0,24,0,0,,,24,0.0,0.0,0.0,0.0,24,0,0,reported_gmt_minus_4_unconverted,1
2015-12-01,24,24,0,0.0,missing,False,False,False,False,False,,,,,,,,,,0,24,0,0,,,24,0.0,0.0,0.0,0.0,24,0,0,reported_gmt_minus_4_unconverted,1
2015-12-02,24,24,0,0.0,missing,False,False,False,False,False,,,,,,,,,,0,24,0,0,,,24,0.0,0.0,0.0,0.0,24,0,0,reported_gmt_minus_4_unconverted,1
2015-12-03,24,24,0,0.0,missing,False,False,False,False,False,,,,,,,,,,0,24,0,0,,,24,0.0,0.0,0.0,0.0,24,0,0,reported_gmt_minus_4_unconverted,1
2015-12-04,24,24,0,0.0,missing,False,False,False,False,False,,,,,,,,,,0,24,0,0,,,24,0.0,0.0,0.0,0.0,24,0,0,reported_gmt_minus_4_unconverted,1
2015-12-05,24,24,0,0.0,missing,False,False,False,False,False,,,,,,,,,,0,24,0,0,,,24,0.0,0.0,0.0,0.0,24,0,0,reported_gmt_minus_4_unconverted,1
2015-12-06,24,24,0,0.0,missing,False,False,False,False,False,,,,,,,,,,0,24,0,0,,,24,0.0,0.0,0.0,0.0,24,0,0,reported_gmt_minus_4_unconverted,1
2015-12-07,24,24,0,0.0,missing,False,False,False,False,False,,,,,,,,,,0,24,0,0,,,24,0.0,0.0,0.0,0.0,24,0,0,reported_gmt_minus_4_unconverted,1
2015-12-08,24,24,0,0.0,missing,False,False,False,False,False,,,,,,,,,,0,24,0,0,,,24,0.0,0.0,0.0,0.0,24,0,0,reported_gmt_minus_4_unconverted,1
2015-12-09,24,24,0,0.0,missing,False,False,False,False,False,,,,,,,,,,0,24,0,0,,,24,0.0,0.0,0.0,0.0,24,0,0,reported_gmt_minus_4_unconverted,1
2015-12-10,24,24,0,0.0,missing,False,False,False,False,False,,,,,,,,,,0,24,0,0,,,24,0.0,0.0,0.0,0.0,24,0,0,reported_gmt_minus_4_unconverted,1
2015-12-11,24,24,0,0.0,missing,False,False,False,False,False,,,,,,,,,,0,24,0,0,,,24,0.0,0.0,0.0,0.0,24,0,0,reported_gmt_minus_4_unconverted,1
2015-12-12,24,24,0,0.0,missing,False,False,False,False,False,,,,,,,,,,0,24,0,0,,,24,0.0,0.0,0.0,0.0,24,0,0,reported_gmt_minus_4_unconverted,1
2015-12-13,24,24,0,0.0,missing,False,False,False,False,False,,,,,,,,,,0,24,0,0,,,24,0.0,0.0,0.0,0.0,24,0,0,reported_gmt_minus_4_unconverted,1
2015-12-14,24,24,0,0.0,missing,False,False,False,False,False,,,,,,,,,,0,24,0,0,,,24,0.0,0.0,0.0,0.0,24,0,0,reported_gmt_minus_4_unconverted,1
2015-12-15,24,24,0,0.0,missing,False,False,False,False,False,,,,,,,,,,0,24,0,0,,,24,0.0,0.0,0.0,0.0,24,0,0,reported_gmt_minus_4_unconverted,1
2015-12-16,24,24,0,0.0,missing,False,False,False,False,False,,,,,,,,,,0,24,0,0,,,24,0.0,0.0,0.0,0.0,24,0,0,reported_gmt_minus_4_unconverted,1
2015-12-17,24,24,0,0.0,missing,False,False,False,False,False,,,,,,,,,,0,24,0,0,,,24,0.0,0.0,0.0,0.0,24,0,0,reported_gmt_minus_4_unconverted,1
2015-12-18,24,24,0,0.0,missing,False,False,False,False,False,,,,,,,,,,0,24,0,0,,,24,0.0,0.0,0.0,0.0,24,0,0,reported_gmt_minus_4_unconverted,1
2015-12-19,24,24,0,0.0,missing,False,False,False,False,False,,,,,,,,,,0,24,0,0,,,24,0.0,0.0,0.0,0.0,24,0,0,reported_gmt_minus_4_unconverted,1
2015-12-20,24,24,0,0.0,missing,False,False,False,False,False,,,,,,,,,,0,24,0,0,,,24,0.0,0.0,0.0,0.0,24,0,0,reported_gmt_minus_4_unconverted,1
2015-12-21,24,24,0,0.0,missing,False,False,False,False,False,,,,,,,,,,0,24,0,0,,,24,0.0,0.0,0.0,0.0,24,0,0,reported_gmt_minus_4_unconverted,1
2015-12-22,24,24,0,0.0,missing,False,False,False,False,False,,,,,,,,,,0,24,0,0,,,24,0.0,0.0,0.0,0.0,24,0,0,reported_gmt_minus_4_unconverted,1
2015-12-23,24,24,0,0.0,missing,False,False,False,False,False,,,,,,,,,,0,24,0,0,,,24,0.0,0.0,0.0,0.0,24,0,0,reported_gmt_minus_4_unconverted,1
2015-12-24,24,24,0,0.0,missing,False,False,False,False,False,,,,,,,,,,0,24,0,0,,,24,0.0,0.0,0.0,0.0,24,0,0,reported_gmt_minus_4_unconverted,1
2015-12-25,24,24,0,0.0,missing,False,False,False,False,False,,,,,,,,,,0,24,0,0,,,24,0.0,0.0,0.0,0.0,24,0,0,reported_gmt_minus_4_unconverted,1
2015-12-26,24,24,0,0.0,missing,False,False,False,False,False,,,,,,,,,,0,24,0,0,,,24,0.0,0.0,0.0,0.0,24,0,0,reported_gmt_minus_4_unconverted,1
2015-12-27,24,24,0,0.0,missing,False,False,False,False,False,,,,,,,,,,0,24,0,0,,,24,0.0,0.0,0.0,0.0,24,0,0,reported_gmt_minus_4_unconverted,1
2015-12-28,24,24,0,0.0,missing,False,False,False,False,False,,,,,,,,,,0,24,0,0,,,24,0.0,0.0,0.0,0.0,24,0,0,reported_gmt_minus_4_unconverted,1
2015-12-29,24,24,0,0.0,missing,False,False,False,False,False,,,,,,,,,,0,24,0,0,,,24,0.0,0.0,0.0,0.0,24,0,0,reported_gmt_minus_4_unconverted,1
2015-12-30,24,24,0,0.0,missing,False,False,False,False,False,,,,,,,,,,0,24,0,0,,,24,0.0,0.0,0.0,0.0,24,0,0,reported_gmt_minus_4_unconverted,1
2015-12-31,24,24,0,0.0,missing,False,False,False,False,False,,,,,,,,,,0,24,0,0,,,24,0.0,0.0,0.0,0.0,24,0,0,reported_gmt_minus_4_unconverted,1
2016-01-01,24,24,0,0.0,missing,False,False,False,False,False,,,,,,,,,,0,24,0,0,,,24,0.0,0.0,0.0,0.0,24,0,0,reported_gmt_minus_4_unconverted,1
2016-01-02,24,24,0,0.0,missing,False,False,False,False,False,,,,,,,,,,0,24,0,0,,,24,0.0,0.0,0.0,0.0,24,0,0,reported_gmt_minus_4_unconverted,1
2016-01-03,24,24,0,0.0,missing,False,False,False,False,False,,,,,,,,,,0,24,0,0,,,24,0.0,0.0,0.0,0.0,24,0,0,reported_gmt_minus_4_unconverted,1
2016-01-04,24,24,0,0.0,missing,False,False,False,False,False,,,,,,,,,,0,24,0,0,,,24,0.0,0.0,0.0,0.0,24,0,0,reported_gmt_minus_4_unconverted,1
2016-01-05,24,24,0,0.0,missing,False,False,False,False,False,,,,,,,,,,0,24,0,0,,,24,0.0,0.0,0.0,0.0,24,0,0,reported_gmt_minus_4_unconverted,1
2016-01-06,24,24,0,0.0,missing,False,False,False,False,False,,,,,,,,,,0,24,0,0,,,24,0.0,0.0,0.0,0.0,24,0,0,reported_gmt_minus_4_unconverted,1
2016-01-07,24,24,14,0.583333,partial,False,True,False,False,False,2.027214285714286,1.939,1.3228260062673183,0.487,5.287,0.6065,0.9165,2.4497500000000003,3.3329,14,10,0,0,10.0,23.0,10,0.0,100.0,58.333333333333336,100.0,10,14,14,reported_gmt_minus_4_unconverted,1
2016-01-08,24,24,0,0.0,missing,False,False,False,False,False,,,,,,,,,,0,24,0,0,,,24,0.0,0.0,0.0,0.0,24,0,0,reported_gmt_minus_4_unconverted,1
2016-01-09,24,24,0,0.0,missing,False,False,False,False,False,,,,,,,,,,0,24,0,0,,,24,0.0,0.0,0.0,0.0,24,0,0,reported_gmt_minus_4_unconverted,1
2016-01-10,24,24,0,0.0,missing,False,False,False,False,False,,,,,,,,,,0,24,0,0,,,24,0.0,0.0,0.0,0.0,24,0,0,reported_gmt_minus_4_unconverted,1
2016-01-11,24,24,0,0.0,missing,False,False,False,False,False,,,,,,,,,,0,24,0,0,,,24,0.0,0.0,0.0,0.0,24,0,0,reported_gmt_minus_4_unconverted,1
2016-01-12,24,24,0,0.0,missing,False,False,False,False,False,,,,,,,,,,0,24,0,0,,,24,0.0,0.0,0.0,0.0,24,0,0,reported_gmt_minus_4_unconverted,1
2016-01-13,24,24,11,0.458333,weak,False,False,False,False,False,1.2595454545454545,1.298,0.38049556203360996,0.816,1.966,0.865,0.9490000000000001,1.379,1.839,11,13,0,0,13.0,23.0,13,0.0,0.0,45.833333333333336,100.0,13,11,11,reported_gmt_minus_4_unconverted,1
2016-01-14,24,24,24,1.0,high,True,True,True,True,True,1.0459583333333333,0.981,0.42202477561380686,0.465,2.214,0.6497,0.766,1.1549999999999998,1.6248999999999998,24,0,0,0,0.0,23.0,0,100.0,100.0,100.0,100.0,0,24,24,reported_gmt_minus_4_unconverted,1
2016-01-15,24,24,24,1.0,high,True,True,True,True,True,0.5397083333333333,0.5994999999999999,0.19111810124420034,0.258,0.912,0.2862,0.3565,0.673,0.7436999999999999,24,0,0,0,0.0,23.0,0,100.0,100.0,100.0,100.0,0,24,24,reported_gmt_minus_4_unconverted,1
2016-01-16,24,24,24,1.0,high,True,True,True,True,True,0.9669166666666666,0.749,0.44181010249502745,0.463,1.801,0.5615,0.60125,1.3615,1.5963,24,0,0,0,0.0,23.0,0,100.0,100.0,100.0,100.0,0,24,24,reported_gmt_minus_4_unconverted,1
2016-01-17,24,24,24,1.0,high,True,True,True,True,True,1.1559166666666665,1.112,0.38551511746895406,0.619,2.311,0.7996,0.867,1.27875,1.5097999999999998,24,0,0,0,0.0,23.0,0,100.0,100.0,100.0,100.0,0,24,24,reported_gmt_minus_4_unconverted,1
2016-01-18,24,24,24,1.0,high,True,True,True,True,True,3.8401666666666667,4.1385000000000005,2.0259440669275253,1.022,6.588,1.1067,1.76225,5.48975,6.358499999999999,24,0,0,0,0.0,23.0,0,100.0,100.0,100.0,100.0,0,24,24,reported_gmt_minus_4_unconverted,1
2016-01-19,24,24,24,1.0,high,True,True,True,True,True,3.2922083333333334,2.9299999999999997,1.0945992309741843,2.112,5.655,2.3435,2.58875,3.35325,5.2494,24,0,0,0,0.0,23.0,0,100.0,100.0,100.0,100.0,0,24,24,reported_gmt_minus_4_unconverted,1
2016-01-20,24,24,24,1.0,high,True,True,True,True,True,2.783583333333333,2.952,0.9617433408260171,1.359,5.146,1.5185,1.95275,3.3729999999999998,3.6075999999999997,24,0,0,0,0.0,23.0,0,100.0,100.0,100.0,100.0,0,24,24,reported_gmt_minus_4_unconverted,1
2016-01-21,24,24,24,1.0,high,True,True,True,True,True,1.8927916666666667,1.8165,0.49203658216478763,1.147,3.38,1.343,1.59525,2.0635,2.496,24,0,0,0,0.0,23.0,0,100.0,100.0,100.0,100.0,0,24,24,reported_gmt_minus_4_unconverted,1
2016-01-22,24,24,24,1.0,high,True,True,True,True,True,1.7400833333333334,1.4344999999999999,0.9116114693302694,0.976,4.294,1.0203,1.23,1.723,2.9257999999999997,24,0,0,0,0.0,23.0,0,100.0,100.0,100.0,100.0,0,24,24,reported_gmt_minus_4_unconverted,1
2016-01-23,24,24,24,1.0,high,True,True,True,True,True,1.4636666666666667,1.358,0.7103423342896423,0.664,2.812,0.7071,0.87275,1.943,2.5675,24,0,0,0,0.0,23.0,0,100.0,100.0,100.0,100.0,0,24,24,reported_gmt_minus_4_unconverted,1
2016-01-24,24,24,24,1.0,high,True,True,True,True,True,2.3805833333333335,2.572,0.9430854964546895,1.194,4.231,1.3071,1.41875,3.02825,3.5225,24,0,0,0,0.0,23.0,0,100.0,100.0,100.0,100.0,0,24,24,reported_gmt_minus_4_unconverted,1
2016-01-25,24,24,24,1.0,high,True,True,True,True,True,2.5220833333333332,2.5,0.801000999655603,1.335,4.471,1.687,1.81175,2.7885,3.6826,24,0,0,0,0.0,23.0,0,100.0,100.0,100.0,100.0,0,24,24,reported_gmt_minus_4_unconverted,1
2016-01-26,24,24,24,1.0,high,True,True,True,True,True,3.5909166666666668,2.8615,1.549731475103844,1.86,6.696,2.2108,2.39275,4.6027499999999995,6.0473,24,0,0,0,0.0,23.0,0,100.0,100.0,100.0,100.0,0,24,24,reported_gmt_minus_4_unconverted,1
2016-01-27,24,24,24,1.0,high,True,True,True,True,True,4.456166666666666,4.21,1.1044117720845068,2.841,7.438,3.4288,3.7359999999999998,4.9597500000000005,5.5354,24,0,0,0,0.0,23.0,0,100.0,100.0,100.0,100.0,0,24,24,reported_gmt_minus_4_unconverted,1
2016-01-28,24,24,24,1.0,high,True,True,True,True,True,3.020208333333333,2.6085000000000003,0.9210401954674218,1.965,5.481,2.2013000000000003,2.45825,3.2779999999999996,4.4325,24,0,0,0,0.0,23.0,0,100.0,100.0,100.0,100.0,0,24,24,reported_gmt_minus_4_unconverted,1
2016-01-29,24,24,24,1.0,high,True,True,True,True,True,4.463541666666667,3.556,2.386662140333535,1.986,9.096,2.2731,2.638,6.507499999999999,8.2057,24,0,0,0,0.0,23.0,0,100.0,100.0,100.0,100.0,0,24,24,reported_gmt_minus_4_unconverted,1
2016-01-30,24,24,24,1.0,high,True,True,True,True,True,3.029041666666666,2.9685,1.1416984098517309,1.578,5.326,1.6798,2.0345,3.961,4.4726,24,0,0,0,0.0,23.0,0,100.0,100.0,100.0,100.0,0,24,24,reported_gmt_minus_4_unconverted,1
2016-01-31,24,24,24,1.0,high,True,True,True,True,True,3.932625,3.7285000000000004,1.2035375687313736,2.014,6.367,2.7185,2.8680000000000003,4.93725,5.5470999999999995,24,0,0,0,0.0,23.0,0,100.0,100.0,100.0,100.0,0,24,24,reported_gmt_minus_4_unconverted,1
2016-02-01,24,24,10,0.416667,weak,False,False,False,False,False,2.5011,2.375,0.6197251093114681,1.719,3.756,1.9539,2.0484999999999998,2.77425,3.2241,10,14,0,0,0.0,9.0,14,0.0,0.0,41.666666666666664,100.0,14,10,10,reported_gmt_minus_4_unconverted,1
2016-02-02,24,24,0,0.0,missing,False,False,False,False,False,,,,,,,,,,0,24,0,0,,,24,0.0,0.0,0.0,0.0,24,0,0,reported_gmt_minus_4_unconverted,1
2016-02-03,24,24,0,0.0,missing,False,False,False,False,False,,,,,,,,,,0,24,0,0,,,24,0.0,0.0,0.0,0.0,24,0,0,reported_gmt_minus_4_unconverted,1
2016-02-04,24,24,11,0.458333,weak,False,False,False,False,False,4.8931818181818185,4.568,1.174975558739995,2.955,7.423,3.966,4.253,5.463,5.732,11,13,0,0,13.0,23.0,13,0.0,0.0,45.833333333333336,100.0,13,11,11,reported_gmt_minus_4_unconverted,1
2016-02-05,24,24,24,1.0,high,True,True,True,True,True,3.1969166666666666,2.967,0.9983867820973326,1.931,6.833,2.2172,2.68025,3.49275,4.0443999999999996,24,0,0,0,0.0,23.0,0,100.0,100.0,100.0,100.0,0,24,24,reported_gmt_minus_4_unconverted,1
2016-02-06,24,24,24,1.0,high,True,True,True,True,True,4.131,3.8825000000000003,1.0633508153576312,2.578,6.597,3.0946000000000002,3.4314999999999998,4.52075,5.744,24,0,0,0,0.0,23.0,0,100.0,100.0,100.0,100.0,0,24,24,reported_gmt_minus_4_unconverted,1
2016-02-07,24,24,24,1.0,high,True,True,True,True,True,3.1019166666666664,2.9290000000000003,0.9692599111499036,1.871,4.694,1.9788000000000001,2.21375,3.9347499999999997,4.4837,24,0,0,0,0.0,23.0,0,100.0,100.0,100.0,100.0,0,24,24,reported_gmt_minus_4_unconverted,1
2016-02-08,24,24,24,1.0,high,True,True,True,True,True,4.068375,3.7495,0.9345207473212742,2.545,5.782,3.0657,3.355,4.8885,5.2378,24,0,0,0,0.0,23.0,0,100.0,100.0,100.0,100.0,0,24,24,reported_gmt_minus_4_unconverted,1
2016-02-09,24,24,24,1.0,high,True,True,True,True,True,3.466583333333334,3.176,0.9209931745329234,2.046,5.714,2.396,2.8715,4.1855,4.3831999999999995,24,0,0,0,0.0,23.0,0,100.0,100.0,100.0,100.0,0,24,24,reported_gmt_minus_4_unconverted,1
2016-02-10,24,24,24,1.0,high,True,True,True,True,True,3.8542083333333337,3.7744999999999997,1.0590586049049355,2.474,6.2,2.6036,3.0957500000000002,4.435,5.178,24,0,0,0,0.0,23.0,0,100.0,100.0,100.0,100.0,0,24,24,reported_gmt_minus_4_unconverted,1
2016-02-11,24,24,24,1.0,high,True,True,True,True,True,2.689666666666666,2.36,1.149468635904232,1.177,5.207,1.5482,1.9095,3.58525,4.4942,24,0,0,0,0.0,23.0,0,100.0,100.0,100.0,100.0,0,24,24,reported_gmt_minus_4_unconverted,1
2016-02-12,24,24,24,1.0,high,True,True,True,True,True,1.7535,1.8215,0.33677885919398204,1.069,2.324,1.1942000000000002,1.641,1.9569999999999999,2.1096,24,0,0,0,0.0,23.0,0,100.0,100.0,100.0,100.0,0,24,24,reported_gmt_minus_4_unconverted,1
2016-02-13,24,24,24,1.0,high,True,True,True,True,True,1.2837083333333332,1.3625,0.3116411647708148,0.677,1.801,0.7894,1.10525,1.4655,1.6078999999999999,24,0,0,0,0.0,23.0,0,100.0,100.0,100.0,100.0,0,24,24,reported_gmt_minus_4_unconverted,1
2016-02-14,24,24,24,1.0,high,True,True,True,True,True,1.1750416666666668,1.1555,0.23286205641718571,0.79,1.572,0.9128000000000001,1.0145,1.3325,1.5473,24,0,0,0,0.0,23.0,0,100.0,100.0,100.0,100.0,0,24,24,reported_gmt_minus_4_unconverted,1
2016-02-15,24,24,24,1.0,high,True,True,True,True,True,1.5528750000000002,1.3835,0.6476851296532236,0.505,2.626,0.9003,1.1392499999999999,2.04925,2.5836,24,0,0,0,0.0,23.0,0,100.0,100.0,100.0,100.0,0,24,24,reported_gmt_minus_4_unconverted,1
2016-02-16,24,24,24,1.0,high,True,True,True,True,True,2.6014166666666667,2.3674999999999997,0.8323741798988715,1.556,4.362,1.9187,1.9999999999999998,2.7535,4.1768,24,0,0,0,0.0,23.0,0,100.0,100.0,100.0,100.0,0,24,24,reported_gmt_minus_4_unconverted,1
2016-02-17,24,24,24,1.0,high,True,True,True,True,True,3.628916666666667,2.9625,2.290235794138591,1.665,13.651,2.4611,2.6095,4.07275,4.5411,24,0,0,0,0.0,23.0,0,100.0,100.0,100.0,100.0,0,24,24,reported_gmt_minus_4_unconverted,1
2016-02-18,24,24,24,1.0,high,True,True,True,True,True,3.0104583333333337,2.7745,0.6908084098054764,2.013,4.614,2.4659,2.53475,3.31275,4.1483,24,0,0,0,0.0,23.0,0,100.0,100.0,100.0,100.0,0,24,24,reported_gmt_minus_4_unconverted,1
2016-02-19,24,24,24,1.0,high,True,True,True,True,True,3.1517916666666665,3.043,0.8694789533751344,1.857,5.501,2.2675,2.6189999999999998,3.40925,4.1217,24,0,0,0,0.0,23.0,0,100.0,100.0,100.0,100.0,0,24,24,reported_gmt_minus_4_unconverted,1
2016-02-20,24,24,24,1.0,high,True,True,True,True,True,3.3933750000000003,2.718,1.4562304467804659,1.986,6.672,2.1401999999999997,2.4267499999999997,3.78025,5.9167000000000005,24,0,0,0,0.0,23.0,0,100.0,100.0,100.0,100.0,0,24,24,reported_gmt_minus_4_unconverted,1
2016-02-21,24,24,24,1.0,high,True,True,True,True,True,3.2814166666666664,3.1905,0.7014332480352463,2.245,4.41,2.4836,2.65275,3.864,4.2005,24,0,0,0,0.0,23.0,0,100.0,100.0,100.0,100.0,0,24,24,reported_gmt_minus_4_unconverted,1
2016-02-22,24,24,24,1.0,high,True,True,True,True,True,2.4457083333333336,2.2245,0.6738095769685176,1.625,3.821,1.7931,2.0115,2.73825,3.6393999999999997,24,0,0,0,0.0,23.0,0,100.0,100.0,100.0,100.0,0,24,24,reported_gmt_minus_4_unconverted,1
2016-02-23,24,24,24,1.0,high,True,True,True,True,True,1.4285833333333333,1.2854999999999999,0.4168617659177416,0.879,2.334,0.9889,1.12875,1.8165,2.0155999999999996,24,0,0,0,0.0,23.0,0,100.0,100.0,100.0,100.0,0,24,24,reported_gmt_minus_4_unconverted,1
2016-02-24,24,24,24,1.0,high,True,True,True,True,True,1.0619166666666666,1.0795,0.22014953745256816,0.724,1.438,0.7634000000000001,0.90375,1.26325,1.3536,24,0,0,0,0.0,23.0,0,100.0,100.0,100.0,100.0,0,24,24,reported_gmt_minus_4_unconverted,1
2016-02-25,24,24,24,1.0,high,True,True,True,True,True,0.630375,0.6134999999999999,0.11957744897909399,0.43,0.85,0.4762,0.55125,0.74575,0.7889,24,0,0,0,0.0,23.0,0,100.0,100.0,100.0,100.0,0,24,24,reported_gmt_minus_4_unconverted,1
2016-02-26,24,24,24,1.0,high,True,True,True,True,True,0.4782916666666667,0.5105,0.09987708931989606,0.269,0.616,0.3356,0.40725,0.5525,0.5758,24,0,0,0,0.0,23.0,0,100.0,100.0,100.0,100.0,0,24,24,reported_gmt_minus_4_unconverted,1
2016-02-27,24,24,24,1.0,high,True,True,True,True,True,0.5608333333333334,0.532,0.0922612861797202,0.422,0.755,0.46290000000000003,0.5035000000000001,0.617,0.6924999999999999,24,0,0,0,0.0,23.0,0,100.0,100.0,100.0,100.0,0,24,24,reported_gmt_minus_4_unconverted,1
2016-02-28,24,24,24,1.0,high,True,True,True,True,True,0.66325,0.65,0.15632692888831462,0.448,1.112,0.5018,0.553,0.7155,0.8514999999999999,24,0,0,0,0.0,23.0,0,100.0,100.0,100.0,100.0,0,24,24,reported_gmt_minus_4_unconverted,1
2016-02-29,24,24,24,1.0,high,True,True,True,True,True,1.5502916666666664,1.389,0.720635074938685,0.727,3.143,0.772,0.873,2.1035,2.3497,24,0,0,0,0.0,23.0,0,100.0,100.0,100.0,100.0,0,24,24,reported_gmt_minus_4_unconverted,1
2016-03-01,24,24,24,1.0,high,True,True,True,True,True,1.7415,1.7505,0.19418256761413313,1.419,2.063,1.4909000000000001,1.57625,1.9064999999999999,1.9527999999999999,24,0,0,0,0.0,23.0,0,100.0,100.0,100.0,100.0,0,24,24,reported_gmt_minus_4_unconverted,1
2016-03-02,24,24,24,1.0,high,True,True,True,True,True,2.126958333333333,1.8250000000000002,0.9040320540280333,1.165,4.237,1.3403,1.47075,2.27675,3.6136999999999997,24,0,0,0,0.0,23.0,0,100.0,100.0,100.0,100.0,0,24,24,reported_gmt_minus_4_unconverted,1
2016-03-03,24,24,24,1.0,high,True,True,True,True,True,2.791166666666667,2.719,0.9944875746995957,1.696,5.231,1.7803,1.90825,3.20725,4.390899999999999,24,0,0,0,0.0,23.0,0,100.0,100.0,100.0,100.0,0,24,24,reported_gmt_minus_4_unconverted,1
2016-03-04,24,24,24,1.0,high,True,True,True,True,True,2.9428333333333327,2.838,1.0454525405262325,1.786,5.167,1.8917,2.083,3.4535,4.738099999999999,24,0,0,0,0.0,23.0,0,100.0,100.0,100.0,100.0,0,24,24,reported_gmt_minus_4_unconverted,1
2016-03-05,24,24,24,1.0,high,True,True,True,True,True,4.5175833333333335,4.327,1.8008790345554722,1.605,7.995,2.0955,3.40475,5.804,7.1032,24,0,0,0,0.0,23.0,0,100.0,100.0,100.0,100.0,0,24,24,reported_gmt_minus_4_unconverted,1
2016-03-06,24,24,24,1.0,high,True,True,True,True,True,4.9870833333333335,4.9645,1.7431242794543331,2.375,8.679,2.9336,3.55,5.878,7.2795,24,0,0,0,0.0,23.0,0,100.0,100.0,100.0,100.0,0,24,24,reported_gmt_minus_4_unconverted,1
2016-03-07,24,24,24,1.0,high,True,True,True,True,True,5.025958333333334,5.1255,1.574485464032385,1.708,7.703,2.6057,4.4384999999999994,6.03675,7.0489,24,0,0,0,0.0,23.0,0,100.0,100.0,100.0,100.0,0,24,24,reported_gmt_minus_4_unconverted,1
2016-03-08,24,24,24,1.0,high,True,True,True,True,True,6.862416666666667,6.405,2.3807868797241527,2.1,10.761,4.2238,5.4635,8.734,10.1886,24,0,0,0,0.0,23.0,0,100.0,100.0,100.0,100.0,0,24,24,reported_gmt_minus_4_unconverted,1
2016-03-09,24,24,24,1.0,high,True,True,True,True,True,6.740583333333333,7.295,3.0306484729619614,2.662,13.146,2.8595,3.7039999999999997,8.64475,9.4749,24,0,0,0,0.0,23.0,0,100.0,100.0,100.0,100.0,0,24,24,reported_gmt_minus_4_unconverted,1
2016-03-10,24,24,24,1.0,high,True,True,True,True,True,5.188291666666667,4.9355,1.4913355403263815,2.943,8.057,3.3707,3.9827500000000002,6.1985,7.2999,24,0,0,0,0.0,23.0,0,100.0,100.0,100.0,100.0,0,24,24,reported_gmt_minus_4_unconverted,1
2016-03-11,24,24,24,1.0,high,True,True,True,True,True,4.803208333333333,4.112,2.225374457579954,2.125,9.497,2.7416,3.05525,6.24075,8.0727,24,0,0,0,0.0,23.0,0,100.0,100.0,100.0,100.0,0,24,24,reported_gmt_minus_4_unconverted,1
2016-03-12,24,24,24,1.0,high,True,True,True,True,True,7.025208333333333,6.675,3.745439568783055,1.965,15.571,3.0605,4.35425,8.34425,11.8353,24,0,0,0,0.0,23.0,0,100.0,100.0,100.0,100.0,0,24,24,reported_gmt_minus_4_unconverted,1
2016-03-13,24,24,24,1.0,high,True,True,True,True,True,7.795708333333334,7.372,2.2319676536374935,4.515,13.151,5.4593,6.0504999999999995,9.690750000000001,10.7308,24,0,0,0,0.0,23.0,0,100.0,100.0,100.0,100.0,0,24,24,reported_gmt_minus_4_unconverted,1
2016-03-14,24,24,24,1.0,high,True,True,True,True,True,6.141041666666666,6.069,1.0105604333698968,4.553,7.54,4.8317,5.2465,7.166,7.413,24,0,0,0,0.0,23.0,0,100.0,100.0,100.0,100.0,0,24,24,reported_gmt_minus_4_unconverted,1
2016-03-15,24,24,24,1.0,high,True,True,True,True,True,4.5449166666666665,4.68,0.5217755570013394,3.581,5.39,3.7768,4.183249999999999,4.893,5.139600000000001,24,0,0,0,0.0,23.0,0,100.0,100.0,100.0,100.0,0,24,24,reported_gmt_minus_4_unconverted,1
2016-03-16,24,24,24,1.0,high,True,True,True,True,True,3.5883749999999996,3.3565,0.8189546790295222,2.504,5.728,2.8207,3.0250000000000004,3.9290000000000003,4.789,24,0,0,0,0.0,23.0,0,100.0,100.0,100.0,100.0,0,24,24,reported_gmt_minus_4_unconverted,1
2016-03-17,24,24,24,1.0,high,True,True,True,True,True,1.6650416666666665,1.3075,0.757455665464935,0.697,3.102,0.9886,1.04825,2.3515,2.6502,24,0,0,0,0.0,23.0,0,100.0,100.0,100.0,100.0,0,24,24,reported_gmt_minus_4_unconverted,1
2016-03-18,24,24,24,1.0,high,True,True,True,True,True,0.6011666666666666,0.593,0.17726415235502335,0.322,0.992,0.4021,0.4545,0.756,0.8126,24,0,0,0,0.0,23.0,0,100.0,100.0,100.0,100.0,0,24,24,reported_gmt_minus_4_unconverted,1
2016-03-19,24,24,24,1.0,high,True,True,True,True,True,0.7680416666666666,0.7015,0.20463402733887523,0.461,1.155,0.5046,0.65275,0.87325,1.0536,24,0,0,0,0.0,23.0,0,100.0,100.0,100.0,100.0,0,24,24,reported_gmt_minus_4_unconverted,1
2016-03-20,24,24,24,1.0,high,True,True,True,True,True,1.6047083333333336,0.9884999999999999,1.2614370852038306,0.448,4.703,0.5094000000000001,0.5825,2.468,3.3023,24,0,0,0,0.0,23.0,0,100.0,100.0,100.0,100.0,0,24,24,reported_gmt_minus_4_unconverted,1
2016-03-21,24,24,24,1.0,high,True,True,True,True,True,1.8780833333333335,1.5274999999999999,1.0924657358736571,0.711,4.033,0.7683,0.8375,2.7720000000000002,3.1418,24,0,0,0,0.0,23.0,0,100.0,100.0,100.0,100.0,0,24,24,reported_gmt_minus_4_unconverted,1
2016-03-22,24,24,24,1.0,high,True,True,True,True,True,1.8957083333333333,1.2025000000000001,1.2307690236160291,0.762,4.272,0.8839,1.0355,3.18025,3.7287,24,0,0,0,0.0,23.0,0,100.0,100.0,100.0,100.0,0,24,24,reported_gmt_minus_4_unconverted,1
2016-03-23,24,24,24,1.0,high,True,True,True,True,True,4.536416666666667,4.355499999999999,1.938470215237345,1.078,8.029,2.1435,3.02725,6.19625,6.8949,24,0,0,0,0.0,23.0,0,100.0,100.0,100.0,100.0,0,24,24,reported_gmt_minus_4_unconverted,1
2016-03-24,24,24,24,1.0,high,True,True,True,True,True,4.498916666666666,3.4985,2.4769907043175117,1.193,10.138,2.0596,2.77875,7.0127500000000005,7.7394,24,0,0,0,0.0,23.0,0,100.0,100.0,100.0,100.0,0,24,24,reported_gmt_minus_4_unconverted,1
2016-03-25,24,24,24,1.0,high,True,True,True,True,True,7.171208333333333,7.1735,2.298557694827188,2.4,11.215,4.0693,6.21725,8.33225,10.1652,24,0,0,0,0.0,23.0,0,100.0,100.0,100.0,100.0,0,24,24,reported_gmt_minus_4_unconverted,1
2016-03-26,24,24,24,1.0,high,True,True,True,True,True,9.715416666666668,10.153500000000001,1.901682022445591,5.743,13.237,6.865200000000001,8.735,11.099,11.6024,24,0,0,0,0.0,23.0,0,100.0,100.0,100.0,100.0,0,24,24,reported_gmt_minus_4_unconverted,1
2016-03-27,24,24,24,1.0,high,True,True,True,True,True,10.583541666666667,10.532,2.362700922749707,5.905,14.494,7.8605,9.280750000000001,12.031749999999999,14.0465,24,0,0,0,0.0,23.0,0,100.0,100.0,100.0,100.0,0,24,24,reported_gmt_minus_4_unconverted,1
2016-03-28,24,24,24,1.0,high,True,True,True,True,True,7.527666666666666,6.5685,2.672224552310493,4.568,12.655,4.7214,5.1185,10.0755,11.1224,24,0,0,0,0.0,23.0,0,100.0,100.0,100.0,100.0,0,24,24,reported_gmt_minus_4_unconverted,1
2016-03-29,24,24,24,1.0,high,True,True,True,True,True,6.761458333333334,6.5595,1.4920306261912835,4.442,10.517,5.0225,5.88025,7.48925,8.411299999999999,24,0,0,0,0.0,23.0,0,100.0,100.0,100.0,100.0,0,24,24,reported_gmt_minus_4_unconverted,1
2016-03-30,24,24,24,1.0,high,True,True,True,True,True,7.511500000000001,7.122,2.39880539109529,3.818,15.283,4.9135,6.1975,8.66525,9.866,24,0,0,0,0.0,23.0,0,100.0,100.0,100.0,100.0,0,24,24,reported_gmt_minus_4_unconverted,1
2016-03-31,24,24,24,1.0,high,True,True,True,True,True,7.940958333333332,8.096,3.1757290498700304,2.649,14.054,4.1076,5.7415,9.89075,11.9028,24,0,0,0,0.0,23.0,0,100.0,100.0,100.0,100.0,0,24,24,reported_gmt_minus_4_unconverted,1
2016-04-01,24,24,24,1.0,high,True,True,True,True,True,6.900458333333333,5.3469999999999995,3.2307501078012786,3.881,14.25,4.2903,4.57325,8.94525,11.862599999999999,24,0,0,0,0.0,23.0,0,100.0,100.0,100.0,100.0,0,24,24,reported_gmt_minus_4_unconverted,1
2016-04-02,24,24,24,1.0,high,True,True,True,True,True,5.364958333333334,4.8004999999999995,2.362754830593465,3.223,13.626,3.6555000000000004,3.892,5.5009999999999994,7.1686999999999985,24,0,0,0,0.0,23.0,0,100.0,100.0,100.0,100.0,0,24,24,reported_gmt_minus_4_unconverted,1
2016-04-03,24,24,24,1.0,high,True,True,True,True,True,7.68775,7.5265,3.488120949862485,1.527,12.69,3.2921,4.587,10.98425,12.0451,24,0,0,0,0.0,23.0,0,100.0,100.0,100.0,100.0,0,24,24,reported_gmt_minus_4_unconverted,1
2016-04-04,24,24,24,1.0,high,True,True,True,True,True,1.7876666666666665,1.5225,1.1735191099633935,0.74,5.236,0.8469,1.0947500000000001,1.80625,3.335599999999999,24,0,0,0,0.0,23.0,0,100.0,100.0,100.0,100.0,0,24,24,reported_gmt_minus_4_unconverted,1
2016-04-05,24,24,24,1.0,high,True,True,True,True,True,2.1925000000000003,1.6715,1.516699047273387,0.591,6.123,1.0475999999999999,1.2742499999999999,2.19925,4.613599999999998,24,0,0,0,0.0,23.0,0,100.0,100.0,100.0,100.0,0,24,24,reported_gmt_minus_4_unconverted,1
2016-04-06,24,24,24,1.0,high,True,True,True,True,True,3.542125,3.8015,1.3645536397919888,0.702,6.526,1.909,2.261,4.2284999999999995,5.0653999999999995,24,0,0,0,0.0,23.0,0,100.0,100.0,100.0,100.0,0,24,24,reported_gmt_minus_4_unconverted,1
2016-04-07,24,24,24,1.0,high,True,True,True,True,True,3.1764166666666664,3.1605,0.7797351789392103,2.044,4.782,2.1269,2.64575,3.6254999999999997,4.1514,24,0,0,0,0.0,23.0,0,100.0,100.0,100.0,100.0,0,24,24,reported_gmt_minus_4_unconverted,1
2016-04-08,24,24,24,1.0,high,True,True,True,True,True,3.1336666666666666,3.1315,0.5950808981662231,2.185,4.736,2.4219,2.70025,3.39025,3.8832999999999998,24,0,0,0,0.0,23.0,0,100.0,100.0,100.0,100.0,0,24,24,reported_gmt_minus_4_unconverted,1
2016-04-09,24,24,24,1.0,high,True,True,True,True,True,3.692041666666667,3.533,1.7048727984978735,1.528,7.342,1.6775,2.62775,4.55525,6.541899999999999,24,0,0,0,0.0,23.0,0,100.0,100.0,100.0,100.0,0,24,24,reported_gmt_minus_4_unconverted,1
2016-04-10,24,24,24,1.0,high,True,True,True,True,True,3.6340416666666666,3.0175,2.0763334422500153,0.54,7.429,1.5672000000000001,2.3419999999999996,5.15775,6.9811000000000005,24,0,0,0,0.0,23.0,0,100.0,100.0,100.0,100.0,0,24,24,reported_gmt_minus_4_unconverted,1
2016-04-11,24,24,24,1.0,high,True,True,True,True,True,6.393166666666667,6.1825,1.5190332642740298,3.278,10.087,4.9247,5.48575,6.8405000000000005,8.0756,24,0,0,0,0.0,23.0,0,100.0,100.0,100.0,100.0,0,24,24,reported_gmt_minus_4_unconverted,1
2016-04-12,24,24,24,1.0,high,True,True,True,True,True,6.113416666666666,6.542999999999999,1.1992579197032698,3.848,7.743,4.3906,4.87425,7.04525,7.277,24,0,0,0,0.0,23.0,0,100.0,100.0,100.0,100.0,0,24,24,reported_gmt_minus_4_unconverted,1
2016-04-13,24,24,24,1.0,high,True,True,True,True,True,3.0457916666666662,3.0755,0.6325474362116814,1.483,4.296,2.3401,2.70625,3.41775,3.7207999999999997,24,0,0,0,0.0,23.0,0,100.0,100.0,100.0,100.0,0,24,24,reported_gmt_minus_4_unconverted,1
2016-04-14,24,24,24,1.0,high,True,True,True,True,True,4.185666666666667,3.9415,1.5373106576001527,2.164,7.35,2.5923000000000003,2.978,4.8605,6.4567,24,0,0,0,0.0,23.0,0,100.0,100.0,100.0,100.0,0,24,24,reported_gmt_minus_4_unconverted,1
2016-04-15,24,24,24,1.0,high,True,True,True,True,True,4.989708333333333,4.827999999999999,1.0628595342248917,2.789,6.805,3.6987000000000005,4.31,5.811,6.4503,24,0,0,0,0.0,23.0,0,100.0,100.0,100.0,100.0,0,24,24,reported_gmt_minus_4_unconverted,1
2016-04-16,24,24,24,1.0,high,True,True,True,True,True,5.126541666666667,5.387499999999999,0.6724620551225996,3.728,6.15,4.393,4.599,5.6475,5.7871,24,0,0,0,0.0,23.0,0,100.0,100.0,100.0,100.0,0,24,24,reported_gmt_minus_4_unconverted,1
2016-04-17,24,24,24,1.0,high,True,True,True,True,True,4.628583333333334,4.649,0.8375129287342981,3.185,6.83,3.489,4.12275,5.0607500000000005,5.3823,24,0,0,0,0.0,23.0,0,100.0,100.0,100.0,100.0,0,24,24,reported_gmt_minus_4_unconverted,1
2016-04-18,24,24,24,1.0,high,True,True,True,True,True,2.378083333333333,2.145,1.4585143399055578,0.651,5.828,0.6908000000000001,1.12275,3.7032499999999997,3.9983999999999997,24,0,0,0,0.0,23.0,0,100.0,100.0,100.0,100.0,0,24,24,reported_gmt_minus_4_unconverted,1
2016-04-19,24,24,24,1.0,high,True,True,True,True,True,1.4019583333333336,1.073,0.8983336980048197,0.395,3.727,0.666,0.76475,1.6927500000000002,2.8218999999999994,24,0,0,0,0.0,23.0,0,100.0,100.0,100.0,100.0,0,24,24,reported_gmt_minus_4_unconverted,1
2016-04-20,24,24,24,1.0,high,True,True,True,True,True,1.8669583333333335,1.2875,1.2314463563725333,0.533,4.422,0.6033,0.82775,2.6445,3.4221999999999997,24,0,0,0,0.0,23.0,0,100.0,100.0,100.0,100.0,0,24,24,reported_gmt_minus_4_unconverted,1
2016-04-21,24,24,24,1.0,high,True,True,True,True,True,3.183833333333333,3.2005,1.5796801180499547,0.861,6.484,1.2166000000000001,1.918,4.003,5.268,24,0,0,0,0.0,23.0,0,100.0,100.0,100.0,100.0,0,24,24,reported_gmt_minus_4_unconverted,1
2016-04-22,24,24,24,1.0,high,True,True,True,True,True,3.0469166666666667,2.9764999999999997,0.6666793712557567,2.103,4.613,2.3088,2.50875,3.5875,3.84,24,0,0,0,0.0,23.0,0,100.0,100.0,100.0,100.0,0,24,24,reported_gmt_minus_4_unconverted,1
2016-04-23,24,24,24,1.0,high,True,True,True,True,True,5.011541666666667,4.811999999999999,1.393160528818546,3.123,7.891,3.4968,3.9905,5.77175,7.240199999999999,24,0,0,0,0.0,23.0,0,100.0,100.0,100.0,100.0,0,24,24,reported_gmt_minus_4_unconverted,1
2016-04-24,24,24,24,1.0,high,True,True,True,True,True,4.976624999999999,4.9125,0.9298823587352093,3.702,7.156,3.919,4.25175,5.649,6.0205,24,0,0,0,0.0,23.0,0,100.0,100.0,100.0,100.0,0,24,24,reported_gmt_minus_4_unconverted,1
2016-04-25,24,24,24,1.0,high,True,True,True,True,True,2.9951250000000003,3.176,1.188194110642372,0.672,4.847,1.2820000000000003,2.0947500000000003,3.8122499999999997,4.465299999999999,24,0,0,0,0.0,23.0,0,100.0,100.0,100.0,100.0,0,24,24,reported_gmt_minus_4_unconverted,1
2016-04-26,24,24,24,1.0,high,True,True,True,True,True,2.852375,2.6405000000000003,1.4174146646347847,0.554,5.928,1.5858,1.9212500000000001,3.45275,5.104799999999999,24,0,0,0,0.0,23.0,0,100.0,100.0,100.0,100.0,0,24,24,reported_gmt_minus_4_unconverted,1
2016-04-27,24,24,24,1.0,high,True,True,True,True,True,3.435625,3.612,0.873612231783495,1.349,4.725,2.4899,2.99925,4.06775,4.4484,24,0,0,0,0.0,23.0,0,100.0,100.0,100.0,100.0,0,24,24,reported_gmt_minus_4_unconverted,1
2016-04-28,24,24,24,1.0,high,True,True,True,True,True,3.5276666666666667,3.5595,0.9152920971954287,1.785,5.804,2.2664,2.9895,3.95775,4.2602,24,0,0,0,0.0,23.0,0,100.0,100.0,100.0,100.0,0,24,24,reported_gmt_minus_4_unconverted,1
2016-04-29,24,24,21,0.875,standard,True,True,True,True,False,4.4200952380952385,4.173,0.9772462281718923,2.774,6.71,3.602,3.842,4.502,6.086,21,3,0,0,0.0,23.0,3,0.0,100.0,87.5,100.0,3,21,21,reported_gmt_minus_4_unconverted,1
2016-04-30,24,24,24,1.0,high,True,True,True,True,True,2.7695416666666666,2.4619999999999997,1.1350171796886626,1.43,5.007,1.4865,1.74325,3.55675,4.2998,24,0,0,0,0.0,23.0,0,100.0,100.0,100.0,100.0,0,24,24,reported_gmt_minus_4_unconverted,1
2016-05-01,24,24,24,1.0,high,True,True,True,True,True,0.8675,0.729,0.303435402480101,0.557,1.609,0.6008,0.63925,1.05225,1.3535,24,0,0,0,0.0,23.0,0,100.0,100.0,100.0,100.0,0,24,24,reported_gmt_minus_4_unconverted,1
2016-05-02,24,24,24,1.0,high,True,True,True,True,True,0.5246666666666667,0.516,0.08698958791600925,0.387,0.745,0.4198,0.47375,0.5932499999999999,0.6251,24,0,0,0,0.0,23.0,0,100.0,100.0,100.0,100.0,0,24,24,reported_gmt_minus_4_unconverted,1
2016-05-03,24,24,24,1.0,high,True,True,True,True,True,0.5098333333333334,0.4815,0.11270765055112109,0.356,0.787,0.391,0.4295,0.55375,0.6635,24,0,0,0,0.0,23.0,0,100.0,100.0,100.0,100.0,0,24,24,reported_gmt_minus_4_unconverted,1
2016-05-04,24,24,24,1.0,high,True,True,True,True,True,0.47816666666666663,0.49,0.09530804367106585,0.318,0.716,0.34280000000000005,0.42025,0.52325,0.5658,24,0,0,0,0.0,23.0,0,100.0,100.0,100.0,100.0,0,24,24,reported_gmt_minus_4_unconverted,1
2016-05-05,24,24,24,1.0,high,True,True,True,True,True,0.41841666666666666,0.396,0.0891827223794749,0.288,0.614,0.3219,0.3605,0.465,0.535,24,0,0,0,0.0,23.0,0,100.0,100.0,100.0,100.0,0,24,24,reported_gmt_minus_4_unconverted,1
2016-05-06,24,24,24,1.0,high,True,True,True,True,True,0.3342083333333334,0.3355,0.08057131821461393,0.2,0.489,0.2263,0.28,0.40874999999999995,0.42119999999999996,24,0,0,0,0.0,23.0,0,100.0,100.0,100.0,100.0,0,24,24,reported_gmt_minus_4_unconverted,1
2016-05-07,24,24,24,1.0,high,True,True,True,True,True,0.44579166666666664,0.434,0.07781805935847308,0.325,0.6,0.3555,0.38875000000000004,0.501,0.5552999999999999,24,0,0,0,0.0,23.0,0,100.0,100.0,100.0,100.0,0,24,24,reported_gmt_minus_4_unconverted,1
2016-05-08,24,24,24,1.0,high,True,True,True,True,True,0.5882083333333333,0.432,0.2781066387848947,0.363,1.17,0.3803,0.4065,0.7815,1.0743,24,0,0,0,0.0,23.0,0,100.0,100.0,100.0,100.0,0,24,24,reported_gmt_minus_4_unconverted,1
2016-05-09,24,24,24,1.0,high,True,True,True,True,True,1.1967916666666667,0.9410000000000001,0.481582895403198,0.743,2.123,0.7885000000000001,0.8354999999999999,1.6487500000000002,1.9394,24,0,0,0,0.0,23.0,0,100.0,100.0,100.0,100.0,0,24,24,reported_gmt_minus_4_unconverted,1
2016-05-10,24,24,24,1.0,high,True,True,True,True,True,1.3342916666666664,1.1920000000000002,0.33317699685285007,0.908,2.083,0.9687,1.1287500000000001,1.52775,1.8129,24,0,0,0,0.0,23.0,0,100.0,100.0,100.0,100.0,0,24,24,reported_gmt_minus_4_unconverted,1
2016-05-11,24,24,24,1.0,high,True,True,True,True,True,1.6359166666666667,1.6019999999999999,0.3328356320633572,1.119,2.189,1.2417,1.3125,1.96425,2.0475,24,0,0,0,0.0,23.0,0,100.0,100.0,100.0,100.0,0,24,24,reported_gmt_minus_4_unconverted,1
2016-05-12,24,24,24,1.0,high,True,True,True,True,True,1.8310000000000002,1.823,0.1886770878465662,1.457,2.17,1.5806,1.705,1.9605,2.0585999999999998,24,0,0,0,0.0,23.0,0,100.0,100.0,100.0,100.0,0,24,24,reported_gmt_minus_4_unconverted,1
2016-05-13,24,24,24,1.0,high,True,True,True,True,True,1.0220416666666667,0.9655,0.45249534988402546,0.456,1.938,0.5074,0.6687500000000001,1.2850000000000001,1.6817,24,0,0,0,0.0,23.0,0,100.0,100.0,100.0,100.0,0,24,24,reported_gmt_minus_4_unconverted,1
2016-05-14,24,24,24,1.0,high,True,True,True,True,True,1.1010833333333334,1.047,0.20312748549203982,0.842,1.449,0.8866,0.925,1.2625000000000002,1.4065,24,0,0,0,0.0,23.0,0,100.0,100.0,100.0,100.0,0,24,24,reported_gmt_minus_4_unconverted,1
2016-05-15,24,24,24,1.0,high,True,True,True,True,True,1.4560416666666667,1.3085,0.4093964252054657,0.945,2.104,1.0492,1.1437499999999998,1.9405000000000001,2.0572,24,0,0,0,0.0,23.0,0,100.0,100.0,100.0,100.0,0,24,24,reported_gmt_minus_4_unconverted,1
2016-05-16,24,24,24,1.0,high,True,True,True,True,True,1.5896666666666668,1.56,0.36201497286674506,1.074,2.402,1.154,1.27,1.85175,1.9356,24,0,0,0,0.0,23.0,0,100.0,100.0,100.0,100.0,0,24,24,reported_gmt_minus_4_unconverted,1
2016-05-17,24,24,24,1.0,high,True,True,True,True,True,1.64325,1.6044999999999998,0.4757790179411483,0.954,2.373,1.094,1.23575,2.04175,2.3104,24,0,0,0,0.0,23.0,0,100.0,100.0,100.0,100.0,0,24,24,reported_gmt_minus_4_unconverted,1
2016-05-18,24,24,24,1.0,high,True,True,True,True,True,1.860458333333333,1.8439999999999999,0.3809279264440027,1.204,2.549,1.369,1.55375,2.141,2.3251,24,0,0,0,0.0,23.0,0,100.0,100.0,100.0,100.0,0,24,24,reported_gmt_minus_4_unconverted,1
2016-05-19,24,24,24,1.0,high,True,True,True,True,True,2.142333333333333,2.116,0.32150511073991356,1.512,2.986,1.7838,1.98225,2.32525,2.4970999999999997,24,0,0,0,0.0,23.0,0,100.0,100.0,100.0,100.0,0,24,24,reported_gmt_minus_4_unconverted,1
2016-05-20,24,24,24,1.0,high,True,True,True,True,True,1.718625,1.685,0.3296549991707404,1.259,2.383,1.2749,1.44825,1.95625,2.0448999999999997,24,0,0,0,0.0,23.0,0,100.0,100.0,100.0,100.0,0,24,24,reported_gmt_minus_4_unconverted,1
2016-05-21,24,24,24,1.0,high,True,True,True,True,True,1.76475,1.7925,0.27609139161107343,1.22,2.239,1.3667,1.59625,1.96875,2.0416,24,0,0,0,0.0,23.0,0,100.0,100.0,100.0,100.0,0,24,24,reported_gmt_minus_4_unconverted,1
2016-05-22,24,24,24,1.0,high,True,True,True,True,True,1.5670000000000002,1.7135,0.342401874232985,1.045,2.226,1.0982,1.23875,1.7679999999999998,1.907,24,0,0,0,0.0,23.0,0,100.0,100.0,100.0,100.0,0,24,24,reported_gmt_minus_4_unconverted,1
2016-05-23,24,24,24,1.0,high,True,True,True,True,True,1.468333333333333,1.505,0.22935896806509237,1.1,1.808,1.1517,1.2389999999999999,1.654,1.754,24,0,0,0,0.0,23.0,0,100.0,100.0,100.0,100.0,0,24,24,reported_gmt_minus_4_unconverted,1
2016-05-24,24,24,24,1.0,high,True,True,True,True,True,0.9359583333333333,0.9115,0.20526006392033427,0.686,1.404,0.7101999999999999,0.77775,1.03175,1.2209999999999999,24,0,0,0,0.0,23.0,0,100.0,100.0,100.0,100.0,0,24,24,reported_gmt_minus_4_unconverted,1
2016-05-25,24,24,24,1.0,high,True,True,True,True,True,1.0329583333333332,0.798,0.4821100793627825,0.607,1.909,0.6463,0.66825,1.52375,1.8284,24,0,0,0,0.0,23.0,0,100.0,100.0,100.0,100.0,0,24,24,reported_gmt_minus_4_unconverted,1
2016-05-26,24,24,24,1.0,high,True,True,True,True,True,1.5117083333333332,1.488,0.21046480221408637,1.181,1.832,1.2843,1.35325,1.759,1.8001,24,0,0,0,0.0,23.0,0,100.0,100.0,100.0,100.0,0,24,24,reported_gmt_minus_4_unconverted,1
2016-05-27,24,24,24,1.0,high,True,True,True,True,True,1.3107083333333334,1.283,0.20710939750825383,0.989,1.774,1.0462,1.17075,1.4555,1.548,24,0,0,0,0.0,23.0,0,100.0,100.0,100.0,100.0,0,24,24,reported_gmt_minus_4_unconverted,1
2016-05-28,24,24,24,1.0,high,True,True,True,True,True,1.0582083333333332,1.0299999999999998,0.15992769539270923,0.809,1.372,0.8459,0.9285000000000001,1.18175,1.2423,24,0,0,0,0.0,23.0,0,100.0,100.0,100.0,100.0,0,24,24,reported_gmt_minus_4_unconverted,1
2016-05-29,24,24,24,1.0,high,True,True,True,True,True,0.9497916666666667,0.946,0.11494610425785631,0.74,1.129,0.7701,0.8795,1.028,1.1002,24,0,0,0,0.0,23.0,0,100.0,100.0,100.0,100.0,0,24,24,reported_gmt_minus_4_unconverted,1
2016-05-30,24,24,24,1.0,high,True,True,True,True,True,0.760125,0.847,0.17261349448481966,0.46,0.98,0.4774,0.60825,0.892,0.9249,24,0,0,0,0.0,23.0,0,100.0,100.0,100.0,100.0,0,24,24,reported_gmt_minus_4_unconverted,1
2016-05-31,24,24,24,1.0,high,True,True,True,True,True,0.8622916666666667,0.835,0.1482950874810575,0.668,1.105,0.7003999999999999,0.73875,1.00025,1.0703,24,0,0,0,0.0,23.0,0,100.0,100.0,100.0,100.0,0,24,24,reported_gmt_minus_4_unconverted,1
2016-06-01,24,24,24,1.0,high,True,True,True,True,True,0.9183333333333333,0.9285000000000001,0.14320543670353186,0.705,1.158,0.7392,0.77475,1.021,1.1224,24,0,0,0,0.0,23.0,0,100.0,100.0,100.0,100.0,0,24,24,reported_gmt_minus_4_unconverted,1
2016-06-02,24,24,24,1.0,high,True,True,True,True,True,1.0389166666666667,0.9255,0.23546769679062998,0.747,1.437,0.7981,0.88425,1.25125,1.4157,24,0,0,0,0.0,23.0,0,100.0,100.0,100.0,100.0,0,24,24,reported_gmt_minus_4_unconverted,1
2016-06-03,24,24,24,1.0,high,True,True,True,True,True,1.4503333333333333,1.269,0.38391016461244376,0.976,2.334,1.063,1.1840000000000002,1.77125,1.9487999999999999,24,0,0,0,0.0,23.0,0,100.0,100.0,100.0,100.0,0,24,24,reported_gmt_minus_4_unconverted,1
2016-06-04,24,24,24,1.0,high,True,True,True,True,True,1.6860416666666669,1.7675,0.32265292689186015,0.967,2.076,1.218,1.46875,1.92375,2.0256999999999996,24,0,0,0,0.0,23.0,0,100.0,100.0,100.0,100.0,0,24,24,reported_gmt_minus_4_unconverted,1
2016-06-05,24,24,24,1.0,high,True,True,True,True,True,1.3111249999999999,1.404,0.27708973785776864,0.861,1.632,0.8767,1.04725,1.5425,1.5824,24,0,0,0,0.0,23.0,0,100.0,100.0,100.0,100.0,0,24,24,reported_gmt_minus_4_unconverted,1
2016-06-06,24,24,24,1.0,high,True,True,True,True,True,1.4018749999999998,1.2774999999999999,0.35023139090309,0.907,2.111,1.0528,1.163,1.68975,1.8573,24,0,0,0,0.0,23.0,0,100.0,100.0,100.0,100.0,0,24,24,reported_gmt_minus_4_unconverted,1
2016-06-07,24,24,24,1.0,high,True,True,True,True,True,1.2565833333333334,1.274,0.3092411352167511,0.78,1.933,0.8719,1.06,1.3752499999999999,1.6558,24,0,0,0,0.0,23.0,0,100.0,100.0,100.0,100.0,0,24,24,reported_gmt_minus_4_unconverted,1
2016-06-08,24,24,24,1.0,high,True,True,True,True,True,1.0876249999999998,1.1219999999999999,0.2575673508373903,0.649,1.499,0.745,0.88925,1.22225,1.4182,24,0,0,0,0.0,23.0,0,100.0,100.0,100.0,100.0,0,24,24,reported_gmt_minus_4_unconverted,1
2016-06-09,24,24,24,1.0,high,True,True,True,True,True,0.9205833333333334,0.8565,0.20969520669329791,0.657,1.274,0.7096,0.73175,1.115,1.2136,24,0,0,0,0.0,23.0,0,100.0,100.0,100.0,100.0,0,24,24,reported_gmt_minus_4_unconverted,1
2016-06-10,24,24,24,1.0,high,True,True,True,True,True,0.7083749999999999,0.7585,0.13682385137229483,0.469,0.907,0.521,0.568,0.8205,0.836,24,0,0,0,0.0,23.0,0,100.0,100.0,100.0,100.0,0,24,24,reported_gmt_minus_4_unconverted,1
2016-06-11,24,24,24,1.0,high,True,True,True,True,True,0.64325,0.6705000000000001,0.12590377623234825,0.403,0.802,0.4596,0.5645,0.7575000000000001,0.7831,24,0,0,0,0.0,23.0,0,100.0,100.0,100.0,100.0,0,24,24,reported_gmt_minus_4_unconverted,1
2016-06-12,24,24,24,1.0,high,True,True,True,True,True,0.8093333333333333,0.8115,0.18132979003358268,0.444,1.126,0.5612,0.69175,0.9482499999999999,1.0191999999999999,24,0,0,0,0.0,23.0,0,100.0,100.0,100.0,100.0,0,24,24,reported_gmt_minus_4_unconverted,1
2016-06-13,24,24,24,1.0,high,True,True,True,True,True,0.9587916666666668,0.861,0.2994371501401554,0.56,1.48,0.6465000000000001,0.759,1.2125,1.4224999999999999,24,0,0,0,0.0,23.0,0,100.0,100.0,100.0,100.0,0,24,24,reported_gmt_minus_4_unconverted,1
2016-06-14,24,24,24,1.0,high,True,True,True,True,True,1.1629166666666666,1.092,0.30147794160661623,0.819,1.793,0.8622,0.91425,1.2655,1.7,24,0,0,0,0.0,23.0,0,100.0,100.0,100.0,100.0,0,24,24,reported_gmt_minus_4_unconverted,1
2016-06-15,24,24,24,1.0,high,True,True,True,True,True,0.9119583333333333,0.8465,0.29848770700295857,0.519,1.516,0.5587,0.7172499999999999,1.0905,1.3686999999999998,24,0,0,0,0.0,23.0,0,100.0,100.0,100.0,100.0,0,24,24,reported_gmt_minus_4_unconverted,1
2016-06-16,24,24,14,0.583333,partial,False,True,False,False,False,0.7575714285714283,0.748,0.07502278042313269,0.61,0.877,0.6791,0.7215,0.8055,0.8577,14,10,0,0,0.0,13.0,10,0.0,100.0,58.333333333333336,100.0,10,14,14,reported_gmt_minus_4_unconverted,1
2016-06-17,24,24,0,0.0,missing,False,False,False,False,False,,,,,,,,,,0,24,0,0,,,24,0.0,0.0,0.0,0.0,24,0,0,reported_gmt_minus_4_unconverted,1
2016-06-18,24,24,0,0.0,missing,False,False,False,False,False,,,,,,,,,,0,24,0,0,,,24,0.0,0.0,0.0,0.0,24,0,0,reported_gmt_minus_4_unconverted,1
2016-06-19,24,24,0,0.0,missing,False,False,False,False,False,,,,,,,,,,0,24,0,0,,,24,0.0,0.0,0.0,0.0,24,0,0,reported_gmt_minus_4_unconverted,1
2016-06-20,24,24,0,0.0,missing,False,False,False,False,False,,,,,,,,,,0,24,0,0,,,24,0.0,0.0,0.0,0.0,24,0,0,reported_gmt_minus_4_unconverted,1
2016-06-21,24,24,5,0.208333,weak,False,False,False,False,False,0.7322,0.637,0.23086727788926695,0.522,1.08,0.5424,0.573,0.849,0.9876,5,19,0,0,0.0,4.0,19,0.0,0.0,20.833333333333332,100.0,19,5,5,reported_gmt_minus_4_unconverted,1
2016-06-22,24,24,24,1.0,high,True,True,True,True,True,0.8577083333333334,0.795,0.2005586717075616,0.568,1.34,0.6656,0.72875,0.97425,1.149,24,0,0,0,0.0,23.0,0,100.0,100.0,100.0,100.0,0,24,24,reported_gmt_minus_4_unconverted,1
2016-06-23,24,24,24,1.0,high,True,True,True,True,True,0.796875,0.8180000000000001,0.1419657988512665,0.577,1.082,0.6112,0.6812499999999999,0.88725,0.9608,24,0,0,0,0.0,23.0,0,100.0,100.0,100.0,100.0,0,24,24,reported_gmt_minus_4_unconverted,1
2016-06-24,24,24,24,1.0,high,True,True,True,True,True,0.7379166666666667,0.7635000000000001,0.11049096625149228,0.557,0.984,0.5812999999999999,0.625,0.8047500000000001,0.8417,24,0,0,0,0.0,23.0,0,100.0,100.0,100.0,100.0,0,24,24,reported_gmt_minus_4_unconverted,1
2016-06-25,24,24,24,1.0,high,True,True,True,True,True,0.7768750000000001,0.7295,0.18786750939679944,0.498,1.145,0.5630000000000001,0.61375,0.92525,1.0050999999999999,24,0,0,0,0.0,23.0,0,100.0,100.0,100.0,100.0,0,24,24,reported_gmt_minus_4_unconverted,1
2016-06-26,24,24,24,1.0,high,True,True,True,True,True,1.2195,0.7565,0.743235816050915,0.495,2.716,0.5929,0.702,1.5735000000000001,2.4686,24,0,0,0,0.0,23.0,0,100.0,100.0,100.0,100.0,0,24,24,reported_gmt_minus_4_unconverted,1
2016-06-27,24,24,24,1.0,high,True,True,True,True,True,1.6779166666666665,1.7195,0.37676274585827435,0.976,2.252,1.1174,1.45925,2.00425,2.1107,24,0,0,0,0.0,23.0,0,100.0,100.0,100.0,100.0,0,24,24,reported_gmt_minus_4_unconverted,1
2016-06-28,24,24,24,1.0,high,True,True,True,True,True,1.8565833333333333,1.7625000000000002,0.3452391630596751,0.865,2.375,1.5833000000000002,1.665,2.099,2.3226999999999998,24,0,0,0,0.0,23.0,0,100.0,100.0,100.0,100.0,0,24,24,reported_gmt_minus_4_unconverted,1
2016-06-29,24,24,24,1.0,high,True,True,True,True,True,1.7164583333333334,1.7240000000000002,0.20947843702803912,1.139,2.011,1.5404,1.62425,1.8239999999999998,1.9847000000000001,24,0,0,0,0.0,23.0,0,100.0,100.0,100.0,100.0,0,24,24,reported_gmt_minus_4_unconverted,1
2016-06-30,24,24,24,1.0,high,True,True,True,True,True,1.6845416666666664,1.665,0.2957085785123541,1.115,2.282,1.3186,1.511,1.85025,2.0839,24,0,0,0,0.0,23.0,0,100.0,100.0,100.0,100.0,0,24,24,reported_gmt_minus_4_unconverted,1
2016-07-01,24,24,24,1.0,high,True,True,True,True,True,1.9441250000000003,1.8045,0.33465183887268507,1.544,2.523,1.6129,1.6517499999999998,2.22975,2.4751,24,0,0,0,0.0,23.0,0,100.0,100.0,100.0,100.0,0,24,24,reported_gmt_minus_4_unconverted,1
2016-07-02,24,24,24,1.0,high,True,True,True,True,True,2.2395833333333335,2.149,0.33832463399967566,1.68,2.907,1.8927,1.9455,2.4775,2.7024,24,0,0,0,0.0,23.0,0,100.0,100.0,100.0,100.0,0,24,24,reported_gmt_minus_4_unconverted,1
2016-07-03,24,24,24,1.0,high,True,True,True,True,True,1.3153333333333335,1.2355,0.2775562092178129,0.922,2.1,1.0585,1.1515,1.44775,1.6804999999999999,24,0,0,0,0.0,23.0,0,100.0,100.0,100.0,100.0,0,24,24,reported_gmt_minus_4_unconverted,1
2016-07-04,24,24,24,1.0,high,True,True,True,True,True,0.9005416666666667,0.8805000000000001,0.15850853197902287,0.669,1.187,0.7063999999999999,0.7665,1.0074999999999998,1.14,24,0,0,0,0.0,23.0,0,100.0,100.0,100.0,100.0,0,24,24,reported_gmt_minus_4_unconverted,1
2016-07-05,24,24,24,1.0,high,True,True,True,True,True,1.3908333333333334,1.299,0.27243326532927475,1.013,1.944,1.1056000000000001,1.1952500000000001,1.6495,1.7988,24,0,0,0,0.0,23.0,0,100.0,100.0,100.0,100.0,0,24,24,reported_gmt_minus_4_unconverted,1
2016-07-06,24,24,24,1.0,high,True,True,True,True,True,1.0438333333333334,0.9695,0.3444070729297788,0.592,1.786,0.6648000000000001,0.827,1.15425,1.5281999999999998,24,0,0,0,0.0,23.0,0,100.0,100.0,100.0,100.0,0,24,24,reported_gmt_minus_4_unconverted,1
2016-07-07,24,24,24,1.0,high,True,True,True,True,True,1.1005,0.986,0.294541943569569,0.768,1.779,0.8332999999999999,0.873,1.259,1.5579999999999998,24,0,0,0,0.0,23.0,0,100.0,100.0,100.0,100.0,0,24,24,reported_gmt_minus_4_unconverted,1
2016-07-08,24,24,24,1.0,high,True,True,True,True,True,1.1621666666666666,1.108,0.21878809813163505,0.919,1.898,0.988,1.03375,1.1840000000000002,1.4597999999999998,24,0,0,0,0.0,23.0,0,100.0,100.0,100.0,100.0,0,24,24,reported_gmt_minus_4_unconverted,1
2016-07-09,24,24,24,1.0,high,True,True,True,True,True,1.5800833333333333,1.5655000000000001,0.2775448129373089,0.984,1.973,1.1462999999999999,1.4785000000000001,1.76125,1.9197,24,0,0,0,0.0,23.0,0,100.0,100.0,100.0,100.0,0,24,24,reported_gmt_minus_4_unconverted,1
2016-07-10,24,24,24,1.0,high,True,True,True,True,True,1.367375,1.3275000000000001,0.2713851446544752,1.012,2.01,1.0953,1.17625,1.51725,1.7488,24,0,0,0,0.0,23.0,0,100.0,100.0,100.0,100.0,0,24,24,reported_gmt_minus_4_unconverted,1
2016-07-11,24,24,24,1.0,high,True,True,True,True,True,1.4563333333333333,1.4685000000000001,0.3098362353786645,0.887,2.024,1.0533000000000001,1.20125,1.7382499999999999,1.8036999999999999,24,0,0,0,0.0,23.0,0,100.0,100.0,100.0,100.0,0,24,24,reported_gmt_minus_4_unconverted,1
2016-07-12,24,24,24,1.0,high,True,True,True,True,True,2.3707083333333334,2.1870000000000003,0.6230336357147053,1.409,3.329,1.6379,1.9017499999999998,2.95825,3.2678,24,0,0,0,0.0,23.0,0,100.0,100.0,100.0,100.0,0,24,24,reported_gmt_minus_4_unconverted,1
2016-07-13,24,24,24,1.0,high,True,True,True,True,True,3.4109166666666666,3.1799999999999997,0.5727838135819213,2.662,4.349,2.7985,2.8575,3.92575,4.126799999999999,24,0,0,0,0.0,23.0,0,100.0,100.0,100.0,100.0,0,24,24,reported_gmt_minus_4_unconverted,1
2016-07-14,24,24,24,1.0,high,True,True,True,True,True,3.3692083333333334,3.3609999999999998,0.5082555826735605,1.943,4.251,2.8184,3.1835,3.6715,3.9396,24,0,0,0,0.0,23.0,0,100.0,100.0,100.0,100.0,0,24,24,reported_gmt_minus_4_unconverted,1
2016-07-15,24,24,24,1.0,high,True,True,True,True,True,2.8668333333333336,2.8925,1.2585851499640957,1.015,4.8,1.3053,1.753,3.8925,4.453399999999999,24,0,0,0,0.0,23.0,0,100.0,100.0,100.0,100.0,0,24,24,reported_gmt_minus_4_unconverted,1
2016-07-16,24,24,24,1.0,high,True,True,True,True,True,5.416458333333334,5.782,1.0174492821102517,2.599,7.027,4.1669,5.0135000000000005,6.0535000000000005,6.22,24,0,0,0,0.0,23.0,0,100.0,100.0,100.0,100.0,0,24,24,reported_gmt_minus_4_unconverted,1
2016-07-17,24,24,24,1.0,high,True,True,True,True,True,6.1375,5.9830000000000005,1.2042144832790918,4.008,8.411,4.9417,5.31325,6.861000000000001,8.0003,24,0,0,0,0.0,23.0,0,100.0,100.0,100.0,100.0,0,24,24,reported_gmt_minus_4_unconverted,1
2016-07-18,24,24,24,1.0,high,True,True,True,True,True,2.48625,2.026,1.0661146544915978,1.604,4.91,1.6931,1.7535,2.60025,4.2331,24,0,0,0,0.0,23.0,0,100.0,100.0,100.0,100.0,0,24,24,reported_gmt_minus_4_unconverted,1
2016-07-19,24,24,2,0.083333,weak,False,False,False,False,False,2.4495,2.4495,0.16617009357883888,2.332,2.567,2.3554999999999997,2.3907499999999997,2.5082500000000003,2.5435000000000003,2,22,0,0,0.0,1.0,22,0.0,0.0,8.333333333333334,100.0,22,2,2,reported_gmt_minus_4_unconverted,1
2016-07-20,24,24,1,0.041667,weak,False,False,False,False,False,4.041,4.041,,4.041,4.041,4.041,4.041,4.041,4.041,1,23,0,0,0.0,0.0,23,0.0,0.0,4.166666666666667,100.0,23,1,1,reported_gmt_minus_4_unconverted,1
2016-07-21,24,24,1,0.041667,weak,False,False,False,False,False,3.24,3.24,,3.24,3.24,3.24,3.24,3.24,3.24,1,23,0,0,0.0,0.0,23,0.0,0.0,4.166666666666667,100.0,23,1,1,reported_gmt_minus_4_unconverted,1
2016-07-22,24,24,24,1.0,high,True,True,True,True,True,2.889416666666667,2.862,0.7831110153221194,1.334,4.333,1.8273000000000001,2.5092499999999998,3.4855,3.7917,24,0,0,0,0.0,23.0,0,100.0,100.0,100.0,100.0,0,24,24,reported_gmt_minus_4_unconverted,1
2016-07-23,24,24,24,1.0,high,True,True,True,True,True,2.888291666666666,2.723,0.7099749217350946,1.918,4.391,2.1028000000000002,2.39825,3.133,3.9873,24,0,0,0,0.0,23.0,0,100.0,100.0,100.0,100.0,0,24,24,reported_gmt_minus_4_unconverted,1
2016-07-24,24,24,24,1.0,high,True,True,True,True,True,2.7957916666666667,2.8955,0.567542297153235,1.643,3.828,2.1495,2.2855,3.2595,3.4175999999999997,24,0,0,0,0.0,23.0,0,100.0,100.0,100.0,100.0,0,24,24,reported_gmt_minus_4_unconverted,1
2016-07-25,24,24,24,1.0,high,True,True,True,True,True,3.1488333333333336,3.1715,0.4891981608507029,2.311,3.867,2.4863999999999997,2.73775,3.5265,3.7367999999999997,24,0,0,0,0.0,23.0,0,100.0,100.0,100.0,100.0,0,24,24,reported_gmt_minus_4_unconverted,1
2016-07-26,24,24,1,0.041667,weak,False,False,False,False,False,2.293,2.293,,2.293,2.293,2.293,2.293,2.293,2.293,1,23,0,0,0.0,0.0,23,0.0,0.0,4.166666666666667,100.0,23,1,1,reported_gmt_minus_4_unconverted,1
2016-07-27,24,24,24,1.0,high,True,True,True,True,True,1.9459583333333332,1.8145,0.3891248239616542,1.221,2.53,1.5274999999999999,1.6912500000000001,2.35075,2.4614000000000003,24,0,0,0,0.0,23.0,0,100.0,100.0,100.0,100.0,0,24,24,reported_gmt_minus_4_unconverted,1
2016-07-28,24,24,1,0.041667,weak,False,False,False,False,False,2.305,2.305,,2.305,2.305,2.305,2.305,2.305,2.305,1,23,0,0,0.0,0.0,23,0.0,0.0,4.166666666666667,100.0,23,1,1,reported_gmt_minus_4_unconverted,1
2016-07-29,24,24,1,0.041667,weak,False,False,False,False,False,1.612,1.612,,1.612,1.612,1.612,1.612,1.612,1.612,1,23,0,0,0.0,0.0,23,0.0,0.0,4.166666666666667,100.0,23,1,1,reported_gmt_minus_4_unconverted,1
2016-07-30,24,24,1,0.041667,weak,False,False,False,False,False,1.401,1.401,,1.401,1.401,1.401,1.401,1.401,1.401,1,23,0,0,0.0,0.0,23,0.0,0.0,4.166666666666667,100.0,23,1,1,reported_gmt_minus_4_unconverted,1
2016-07-31,24,24,24,1.0,high,True,True,True,True,True,1.0011666666666665,0.9815,0.2323306614114548,0.663,1.43,0.7249,0.834,1.10725,1.3576,24,0,0,0,0.0,23.0,0,100.0,100.0,100.0,100.0,0,24,24,reported_gmt_minus_4_unconverted,1
2016-08-01,24,24,24,1.0,high,True,True,True,True,True,0.8874166666666667,0.886,0.22175366604815602,0.538,1.303,0.5743999999999999,0.771,0.9855,1.1948,24,0,0,0,0.0,23.0,0,100.0,100.0,100.0,100.0,0,24,24,reported_gmt_minus_4_unconverted,1
2016-08-02,24,24,24,1.0,high,True,True,True,True,True,1.0719583333333333,0.9764999999999999,0.3418893132816992,0.625,1.717,0.6716,0.827,1.2590000000000001,1.5975,24,0,0,0,0.0,23.0,0,100.0,100.0,100.0,100.0,0,24,24,reported_gmt_minus_4_unconverted,1
2016-08-03,24,24,11,0.458333,weak,False,False,False,False,False,1.4030909090909092,1.426,0.25559673493433144,1.052,1.759,1.085,1.1760000000000002,1.6179999999999999,1.667,11,13,0,0,0.0,10.0,13,0.0,0.0,45.833333333333336,100.0,13,11,11,reported_gmt_minus_4_unconverted,1
2016-08-04,24,24,24,1.0,high,True,True,True,True,True,2.01625,2.0195,0.5711163172472723,1.207,3.347,1.4263,1.5305,2.483,2.619,24,0,0,0,0.0,23.0,0,100.0,100.0,100.0,100.0,0,24,24,reported_gmt_minus_4_unconverted,1
2016-08-05,24,24,1,0.041667,weak,False,False,False,False,False,2.629,2.629,,2.629,2.629,2.629,2.629,2.629,2.629,1,23,0,0,0.0,0.0,23,0.0,0.0,4.166666666666667,100.0,23,1,1,reported_gmt_minus_4_unconverted,1
2016-08-06,24,24,24,1.0,high,True,True,True,True,True,2.0610833333333334,2.017,0.48665485641814193,1.239,2.952,1.4206,1.7229999999999999,2.47525,2.6412999999999998,24,0,0,0,0.0,23.0,0,100.0,100.0,100.0,100.0,0,24,24,reported_gmt_minus_4_unconverted,1
2016-08-07,24,24,24,1.0,high,True,True,True,True,True,3.0234583333333336,2.739,1.1429516319473079,1.352,4.824,1.6070000000000002,2.2915,4.0095,4.6701999999999995,24,0,0,0,0.0,23.0,0,100.0,100.0,100.0,100.0,0,24,24,reported_gmt_minus_4_unconverted,1
2016-08-08,24,24,24,1.0,high,True,True,True,True,True,5.600083333333333,4.640000000000001,2.3688646320394793,1.718,10.616,3.7300999999999997,4.1739999999999995,7.106,9.0887,24,0,0,0,0.0,23.0,0,100.0,100.0,100.0,100.0,0,24,24,reported_gmt_minus_4_unconverted,1
2016-08-09,24,24,1,0.041667,weak,False,False,False,False,False,10.814,10.814,,10.814,10.814,10.814,10.814,10.814,10.814,1,23,0,0,0.0,0.0,23,0.0,0.0,4.166666666666667,100.0,23,1,1,reported_gmt_minus_4_unconverted,1
2016-08-10,24,24,1,0.041667,weak,False,False,False,False,False,20.361,20.361,,20.361,20.361,20.361,20.361,20.361,20.361,1,23,0,0,0.0,0.0,23,0.0,0.0,4.166666666666667,100.0,23,1,1,reported_gmt_minus_4_unconverted,1
2016-08-11,24,24,24,1.0,high,True,True,True,True,True,9.659333333333334,9.599,2.5960238269601703,5.081,13.97,6.4092,7.75925,11.7715,12.9378,24,0,0,0,0.0,23.0,0,100.0,100.0,100.0,100.0,0,24,24,reported_gmt_minus_4_unconverted,1
2016-08-12,24,24,24,1.0,high,True,True,True,True,True,7.550416666666667,6.9575,2.999776860058916,2.57,12.937,4.1182,5.054250000000001,9.936,11.373,24,0,0,0,0.0,23.0,0,100.0,100.0,100.0,100.0,0,24,24,reported_gmt_minus_4_unconverted,1
2016-08-13,24,24,24,1.0,high,True,True,True,True,True,6.052958333333334,5.453,3.16693602410865,2.134,13.114,2.5997,3.3104999999999998,8.582999999999998,9.7525,24,0,0,0,0.0,23.0,0,100.0,100.0,100.0,100.0,0,24,24,reported_gmt_minus_4_unconverted,1
2016-08-14,24,24,24,1.0,high,True,True,True,True,True,12.952666666666666,12.521999999999998,2.891809884103224,5.556,17.265,10.235999999999999,11.29625,15.9465,16.630899999999997,24,0,0,0,0.0,23.0,0,100.0,100.0,100.0,100.0,0,24,24,reported_gmt_minus_4_unconverted,1
2016-08-15,24,24,24,1.0,high,True,True,True,True,True,10.887333333333332,9.834,2.6328884232483842,6.63,15.983,8.4549,8.8565,13.39625,14.2514,24,0,0,0,0.0,23.0,0,100.0,100.0,100.0,100.0,0,24,24,reported_gmt_minus_4_unconverted,1
2016-08-16,24,24,2,0.083333,weak,False,False,False,False,False,10.8165,10.8165,2.228093467518811,9.241,12.392,9.556099999999999,10.028749999999999,11.60425,12.0769,2,22,0,0,0.0,1.0,22,0.0,0.0,8.333333333333334,100.0,22,2,2,reported_gmt_minus_4_unconverted,1
2016-08-17,24,24,24,1.0,high,True,True,True,True,True,8.433333333333334,8.644,0.9144654255316347,6.749,9.866,7.083500000000001,7.60525,9.117,9.391300000000001,24,0,0,0,0.0,23.0,0,100.0,100.0,100.0,100.0,0,24,24,reported_gmt_minus_4_unconverted,1
2016-08-18,24,24,24,1.0,high,True,True,True,True,True,3.749708333333333,3.8785,1.4956410717748125,0.587,5.807,1.1724,3.053,4.8645,5.3841,24,0,0,0,0.0,23.0,0,100.0,100.0,100.0,100.0,0,24,24,reported_gmt_minus_4_unconverted,1
2016-08-19,24,24,24,1.0,high,True,True,True,True,True,2.1940416666666667,2.3155,1.3098534760129428,0.319,4.579,0.5289,1.0317500000000002,3.021,3.9873,24,0,0,0,0.0,23.0,0,100.0,100.0,100.0,100.0,0,24,24,reported_gmt_minus_4_unconverted,1
2016-08-20,24,24,24,1.0,high,True,True,True,True,True,2.5079999999999996,2.668,1.6993714694863946,0.115,5.664,0.2131,0.91475,3.76525,4.259099999999999,24,0,0,0,0.0,23.0,0,100.0,100.0,100.0,100.0,0,24,24,reported_gmt_minus_4_unconverted,1
2016-08-21,24,24,24,1.0,high,True,True,True,True,True,4.739666666666667,5.1129999999999995,3.015360972935322,0.35,10.058,0.5852,2.39975,6.8605,8.7707,24,0,0,0,0.0,23.0,0,100.0,100.0,100.0,100.0,0,24,24,reported_gmt_minus_4_unconverted,1
2016-08-22,24,24,24,1.0,high,True,True,True,True,True,5.3847499999999995,5.4175,2.4183382409882386,1.476,10.482,2.2216,3.7805,6.7275,7.6772,24,0,0,0,0.0,23.0,0,100.0,100.0,100.0,100.0,0,24,24,reported_gmt_minus_4_unconverted,1
2016-08-23,24,24,1,0.041667,weak,False,False,False,False,False,4.144,4.144,,4.144,4.144,4.144,4.144,4.144,4.144,1,23,0,0,0.0,0.0,23,0.0,0.0,4.166666666666667,100.0,23,1,1,reported_gmt_minus_4_unconverted,1
2016-08-24,24,24,1,0.041667,weak,False,False,False,False,False,6.195,6.195,,6.195,6.195,6.195,6.195,6.195,6.195,1,23,0,0,0.0,0.0,23,0.0,0.0,4.166666666666667,100.0,23,1,1,reported_gmt_minus_4_unconverted,1
2016-08-25,24,24,24,1.0,high,True,True,True,True,True,10.824083333333334,10.7035,2.442529247151077,5.206,15.32,8.4161,9.516,12.281500000000001,13.902800000000001,24,0,0,0,0.0,23.0,0,100.0,100.0,100.0,100.0,0,24,24,reported_gmt_minus_4_unconverted,1
2016-08-26,24,24,24,1.0,high,True,True,True,True,True,10.898291666666665,11.5655,4.2877335097184295,4.234,19.247,5.1862,6.7885,13.922,16.3366,24,0,0,0,0.0,23.0,0,100.0,100.0,100.0,100.0,0,24,24,reported_gmt_minus_4_unconverted,1
2016-08-27,24,24,24,1.0,high,True,True,True,True,True,13.755458333333332,14.6405,5.2694217072296645,4.1,22.824,6.8832,9.4705,17.51575,19.6773,24,0,0,0,0.0,23.0,0,100.0,100.0,100.0,100.0,0,24,24,reported_gmt_minus_4_unconverted,1
2016-08-28,24,24,24,1.0,high,True,True,True,True,True,9.411541666666666,8.5685,4.3968644556850585,1.767,18.016,4.6096,6.38625,12.2555,15.3161,24,0,0,0,0.0,23.0,0,100.0,100.0,100.0,100.0,0,24,24,reported_gmt_minus_4_unconverted,1
2016-08-29,24,24,24,1.0,high,True,True,True,True,True,6.413625,6.332,3.9960176677646153,0.987,13.161,1.1582000000000001,2.67525,10.07175,10.809899999999999,24,0,0,0,0.0,23.0,0,100.0,100.0,100.0,100.0,0,24,24,reported_gmt_minus_4_unconverted,1
2016-08-30,24,24,0,0.0,missing,False,False,False,False,False,,,,,,,,,,0,24,0,0,,,24,0.0,0.0,0.0,0.0,24,0,0,reported_gmt_minus_4_unconverted,1
2016-08-31,24,24,24,1.0,high,True,True,True,True,True,3.6172083333333336,2.343,2.736831379202673,1.256,9.89,1.4133,1.83975,3.74675,8.188099999999999,24,0,0,0,0.0,23.0,0,100.0,100.0,100.0,100.0,0,24,24,reported_gmt_minus_4_unconverted,1
2016-09-01,24,24,24,1.0,high,True,True,True,True,True,3.9317083333333334,3.129,3.6188753294859883,0.355,13.184,0.5546,1.60725,4.5645,9.0273,24,0,0,0,0.0,23.0,0,100.0,100.0,100.0,100.0,0,24,24,reported_gmt_minus_4_unconverted,1
2016-09-02,24,24,24,1.0,high,True,True,True,True,True,3.129,3.2255000000000003,0.8838247416275715,0.995,4.274,1.7457000000000003,2.99825,3.5675,4.0847,24,0,0,0,0.0,23.0,0,100.0,100.0,100.0,100.0,0,24,24,reported_gmt_minus_4_unconverted,1
2016-09-03,24,24,24,1.0,high,True,True,True,True,True,2.094875,2.109,0.6398481689805997,0.866,3.157,1.1662000000000001,1.7595,2.6135,2.8823,24,0,0,0,0.0,23.0,0,100.0,100.0,100.0,100.0,0,24,24,reported_gmt_minus_4_unconverted,1
2016-09-04,24,24,24,1.0,high,True,True,True,True,True,1.5383333333333333,1.5955,0.25217983001554,0.811,1.873,1.1899,1.4497499999999999,1.66625,1.8203999999999998,24,0,0,0,0.0,23.0,0,100.0,100.0,100.0,100.0,0,24,24,reported_gmt_minus_4_unconverted,1
2016-09-05,24,24,24,1.0,high,True,True,True,True,True,3.827083333333333,3.723,1.7454477914717539,1.426,7.141,1.6754,2.26225,4.8695,6.3602,24,0,0,0,0.0,23.0,0,100.0,100.0,100.0,100.0,0,24,24,reported_gmt_minus_4_unconverted,1
2016-09-06,24,24,1,0.041667,weak,False,False,False,False,False,4.238,4.238,,4.238,4.238,4.238,4.238,4.238,4.238,1,23,0,0,0.0,0.0,23,0.0,0.0,4.166666666666667,100.0,23,1,1,reported_gmt_minus_4_unconverted,1
2016-09-07,24,24,24,1.0,high,True,True,True,True,True,13.588916666666668,13.6325,3.8524816272638858,6.812,20.112,8.7288,10.3035,16.319000000000003,18.9394,24,0,0,0,0.0,23.0,0,100.0,100.0,100.0,100.0,0,24,24,reported_gmt_minus_4_unconverted,1
2016-09-08,24,24,24,1.0,high,True,True,True,True,True,15.87925,15.958499999999999,1.9764919571103088,11.984,20.703,13.7155,14.4275,17.145249999999997,17.5922,24,0,0,0,0.0,23.0,0,100.0,100.0,100.0,100.0,0,24,24,reported_gmt_minus_4_unconverted,1
2016-09-09,24,24,0,0.0,missing,False,False,False,False,False,,,,,,,,,,0,24,0,0,,,24,0.0,0.0,0.0,0.0,24,0,0,reported_gmt_minus_4_unconverted,1
2016-09-10,24,24,24,1.0,high,True,True,True,True,True,10.046416666666667,10.683499999999999,1.3908766680756068,6.37,11.483,7.601500000000001,9.67525,10.951,11.1576,24,0,0,0,0.0,23.0,0,100.0,100.0,100.0,100.0,0,24,24,reported_gmt_minus_4_unconverted,1
2016-09-11,24,24,24,1.0,high,True,True,True,True,True,5.289750000000001,5.5655,1.303771627441608,2.658,7.87,3.2081,5.07575,5.92,6.1931,24,0,0,0,0.0,23.0,0,100.0,100.0,100.0,100.0,0,24,24,reported_gmt_minus_4_unconverted,1
2016-09-12,24,24,24,1.0,high,True,True,True,True,True,3.9838333333333336,3.5305,1.6315340251929527,1.97,8.056,2.4374000000000002,2.801,5.0009999999999994,6.266399999999999,24,0,0,0,0.0,23.0,0,100.0,100.0,100.0,100.0,0,24,24,reported_gmt_minus_4_unconverted,1
2016-09-13,24,24,24,1.0,high,True,True,True,True,True,2.3206666666666664,2.0285,0.9034310284622761,1.161,4.317,1.3090000000000002,1.653,3.0484999999999998,3.6139,24,0,0,0,0.0,23.0,0,100.0,100.0,100.0,100.0,0,24,24,reported_gmt_minus_4_unconverted,1
2016-09-14,24,24,24,1.0,high,True,True,True,True,True,1.7620416666666667,1.5765,0.8193297090313821,0.798,3.391,0.9024,0.99575,2.4135,2.8164,24,0,0,0,0.0,23.0,0,100.0,100.0,100.0,100.0,0,24,24,reported_gmt_minus_4_unconverted,1
2016-09-15,24,24,24,1.0,high,True,True,True,True,True,4.957708333333334,4.9265,1.0664293318957128,3.499,7.095,3.5859,4.1297500000000005,5.7090000000000005,6.4925,24,0,0,0,0.0,23.0,0,100.0,100.0,100.0,100.0,0,24,24,reported_gmt_minus_4_unconverted,1
2016-09-16,24,24,1,0.041667,weak,False,False,False,False,False,4.217,4.217,,4.217,4.217,4.217,4.217,4.217,4.217,1,23,0,0,0.0,0.0,23,0.0,0.0,4.166666666666667,100.0,23,1,1,reported_gmt_minus_4_unconverted,1
2016-09-17,24,24,24,1.0,high,True,True,True,True,True,7.898125,8.0125,0.9736313163705197,5.843,10.196,6.5776,7.414,8.562249999999999,8.8668,24,0,0,0,0.0,23.0,0,100.0,100.0,100.0,100.0,0,24,24,reported_gmt_minus_4_unconverted,1
2016-09-18,24,24,24,1.0,high,True,True,True,True,True,3.7082499999999996,2.6215,3.359654605047577,0.504,11.824,0.5711999999999999,1.49275,4.482,9.297399999999998,24,0,0,0,0.0,23.0,0,100.0,100.0,100.0,100.0,0,24,24,reported_gmt_minus_4_unconverted,1
2016-09-19,24,24,24,1.0,high,True,True,True,True,True,0.640625,0.524,0.35234084442791175,0.263,1.61,0.3092,0.3525,0.8645,1.0919999999999999,24,0,0,0,0.0,23.0,0,100.0,100.0,100.0,100.0,0,24,24,reported_gmt_minus_4_unconverted,1
2016-09-20,24,24,24,1.0,high,True,True,True,True,True,0.5061666666666668,0.4475,0.1687250572011645,0.35,1.076,0.374,0.40625,0.53525,0.6166999999999999,24,0,0,0,0.0,23.0,0,100.0,100.0,100.0,100.0,0,24,24,reported_gmt_minus_4_unconverted,1
2016-09-21,24,24,24,1.0,high,True,True,True,True,True,0.65975,0.6025,0.21974595015311582,0.374,1.278,0.4539,0.503,0.7987500000000001,0.9195,24,0,0,0,0.0,23.0,0,100.0,100.0,100.0,100.0,0,24,24,reported_gmt_minus_4_unconverted,1
2016-09-22,24,24,24,1.0,high,True,True,True,True,True,0.86675,0.6105,0.5565031544111545,0.395,2.604,0.4422,0.5155000000000001,1.045,1.4880999999999998,24,0,0,0,0.0,23.0,0,100.0,100.0,100.0,100.0,0,24,24,reported_gmt_minus_4_unconverted,1
2016-09-23,24,24,1,0.041667,weak,False,False,False,False,False,0.861,0.861,,0.861,0.861,0.861,0.861,0.861,0.861,1,23,0,0,0.0,0.0,23,0.0,0.0,4.166666666666667,100.0,23,1,1,reported_gmt_minus_4_unconverted,1
2016-09-24,24,24,24,1.0,high,True,True,True,True,True,2.5007083333333333,1.1665,2.465244312421699,0.614,8.345,0.7721,0.89525,3.3045,7.0509999999999975,24,0,0,0,0.0,23.0,0,100.0,100.0,100.0,100.0,0,24,24,reported_gmt_minus_4_unconverted,1
2016-09-25,24,24,24,1.0,high,True,True,True,True,True,1.7296666666666667,1.5425,0.9139911362269599,0.658,4.563,0.9431,1.1185,1.899,2.9421999999999993,24,0,0,0,0.0,23.0,0,100.0,100.0,100.0,100.0,0,24,24,reported_gmt_minus_4_unconverted,1
2016-09-26,24,24,24,1.0,high,True,True,True,True,True,2.4624166666666665,2.1734999999999998,1.0046096328886926,1.119,4.556,1.3154000000000001,1.7602499999999999,2.99025,4.1091,24,0,0,0,0.0,23.0,0,100.0,100.0,100.0,100.0,0,24,24,reported_gmt_minus_4_unconverted,1
2016-09-27,24,24,24,1.0,high,True,True,True,True,True,4.0834166666666665,3.8375000000000004,1.6241967892299651,1.824,7.65,2.6015,3.0355,4.524,7.006299999999999,24,0,0,0,0.0,23.0,0,100.0,100.0,100.0,100.0,0,24,24,reported_gmt_minus_4_unconverted,1
2016-09-28,24,24,24,1.0,high,True,True,True,True,True,5.267791666666667,4.6865000000000006,2.119184174017397,3.003,9.418,3.1015,3.59025,6.21275,8.655800000000001,24,0,0,0,0.0,23.0,0,100.0,100.0,100.0,100.0,0,24,24,reported_gmt_minus_4_unconverted,1
2016-09-29,24,24,24,1.0,high,True,True,True,True,True,4.809833333333334,4.983499999999999,1.1167073364862965,2.72,6.48,3.2897,3.97425,5.6285,6.1185,24,0,0,0,0.0,23.0,0,100.0,100.0,100.0,100.0,0,24,24,reported_gmt_minus_4_unconverted,1
2016-09-30,24,24,1,0.041667,weak,False,False,False,False,False,3.016,3.016,,3.016,3.016,3.016,3.016,3.016,3.016,1,23,0,0,0.0,0.0,23,0.0,0.0,4.166666666666667,100.0,23,1,1,reported_gmt_minus_4_unconverted,1
2016-10-01,24,24,24,1.0,high,True,True,True,True,True,4.4405833333333335,3.8635,1.450132285320045,2.331,7.145,2.7611000000000003,3.42875,5.5185,6.5121,24,0,0,0,0.0,23.0,0,100.0,100.0,100.0,100.0,0,24,24,reported_gmt_minus_4_unconverted,1
2016-10-02,24,24,24,1.0,high,True,True,True,True,True,2.877541666666667,2.686,1.2183844962888775,1.519,6.173,1.6005,1.88,3.729,4.3704,24,0,0,0,0.0,23.0,0,100.0,100.0,100.0,100.0,0,24,24,reported_gmt_minus_4_unconverted,1
2016-10-03,24,24,24,1.0,high,True,True,True,True,True,3.0398750000000003,3.0595,0.6775439862185109,2.011,4.312,2.1488,2.5532500000000002,3.4457500000000003,4.0207,24,0,0,0,0.0,23.0,0,100.0,100.0,100.0,100.0,0,24,24,reported_gmt_minus_4_unconverted,1
2016-10-04,24,24,24,1.0,high,True,True,True,True,True,2.8405416666666667,2.842,0.49511535583105293,1.967,3.642,2.2667,2.41675,3.2315,3.5289,24,0,0,0,0.0,23.0,0,100.0,100.0,100.0,100.0,0,24,24,reported_gmt_minus_4_unconverted,1
2016-10-05,24,24,24,1.0,high,True,True,True,True,True,2.1466666666666665,2.041,0.4005187578158092,1.62,3.092,1.6907,1.83375,2.516,2.6504,24,0,0,0,0.0,23.0,0,100.0,100.0,100.0,100.0,0,24,24,reported_gmt_minus_4_unconverted,1
2016-10-06,24,24,24,1.0,high,True,True,True,True,True,1.9967083333333333,1.973,0.6393864912124181,0.905,3.565,1.2676,1.6695,2.34125,2.6065,24,0,0,0,0.0,23.0,0,100.0,100.0,100.0,100.0,0,24,24,reported_gmt_minus_4_unconverted,1
2016-10-07,24,24,1,0.041667,weak,False,False,False,False,False,2.253,2.253,,2.253,2.253,2.253,2.253,2.253,2.253,1,23,0,0,0.0,0.0,23,0.0,0.0,4.166666666666667,100.0,23,1,1,reported_gmt_minus_4_unconverted,1
2016-10-08,24,24,24,1.0,high,True,True,True,True,True,3.129583333333333,3.0915,0.7886611614224653,1.969,4.453,2.1327000000000003,2.4375,3.7807500000000003,4.1194,24,0,0,0,0.0,23.0,0,100.0,100.0,100.0,100.0,0,24,24,reported_gmt_minus_4_unconverted,1
2016-10-09,24,24,24,1.0,high,True,True,True,True,True,2.1202916666666667,2.065,0.7604784237379878,1.121,3.936,1.2863,1.5615,2.44625,2.9856,24,0,0,0,0.0,23.0,0,100.0,100.0,100.0,100.0,0,24,24,reported_gmt_minus_4_unconverted,1
2016-10-10,24,24,24,1.0,high,True,True,True,True,True,1.8987500000000004,1.7934999999999999,0.4989639919046176,1.252,2.714,1.3170000000000002,1.55225,2.375,2.6157,24,0,0,0,0.0,23.0,0,100.0,100.0,100.0,100.0,0,24,24,reported_gmt_minus_4_unconverted,1
2016-10-11,24,24,24,1.0,high,True,True,True,True,True,2.93125,2.797,0.5218025821923543,1.918,3.971,2.419,2.4987500000000002,3.2889999999999997,3.5942,24,0,0,0,0.0,23.0,0,100.0,100.0,100.0,100.0,0,24,24,reported_gmt_minus_4_unconverted,1
2016-10-12,24,24,24,1.0,high,True,True,True,True,True,4.2385,3.3135,2.1488130596255672,1.77,9.541,2.49,2.7720000000000002,5.2745,7.0014,24,0,0,0,0.0,23.0,0,100.0,100.0,100.0,100.0,0,24,24,reported_gmt_minus_4_unconverted,1
2016-10-13,24,24,24,1.0,high,True,True,True,True,True,4.660208333333333,4.6690000000000005,1.9390829741909192,1.398,8.351,2.0250000000000004,3.51975,5.66625,7.451899999999999,24,0,0,0,0.0,23.0,0,100.0,100.0,100.0,100.0,0,24,24,reported_gmt_minus_4_unconverted,1
2016-10-14,24,24,1,0.041667,weak,False,False,False,False,False,4.507,4.507,,4.507,4.507,4.507,4.507,4.507,4.507,1,23,0,0,0.0,0.0,23,0.0,0.0,4.166666666666667,100.0,23,1,1,reported_gmt_minus_4_unconverted,1
2016-10-15,24,24,24,1.0,high,True,True,True,True,True,8.842958333333334,8.864,3.554581140605026,2.661,13.278,3.2875,7.1665,11.7475,12.68,24,0,0,0,0.0,23.0,0,100.0,100.0,100.0,100.0,0,24,24,reported_gmt_minus_4_unconverted,1
2016-10-16,24,24,24,1.0,high,True,True,True,True,True,4.961374999999999,4.5755,1.3207271321543657,3.374,7.15,3.596,3.83975,6.12925,6.9512,24,0,0,0,0.0,23.0,0,100.0,100.0,100.0,100.0,0,24,24,reported_gmt_minus_4_unconverted,1
2016-10-17,24,24,24,1.0,high,True,True,True,True,True,4.360416666666667,3.8155,2.4292616684135098,1.045,9.474,1.8428,2.34475,5.933,7.4857,24,0,0,0,0.0,23.0,0,100.0,100.0,100.0,100.0,0,24,24,reported_gmt_minus_4_unconverted,1
2016-10-18,24,24,24,1.0,high,True,True,True,True,True,2.3569166666666668,0.86,2.659302015594492,0.519,8.903,0.6626000000000001,0.708,2.74825,7.145999999999999,24,0,0,0,0.0,23.0,0,100.0,100.0,100.0,100.0,0,24,24,reported_gmt_minus_4_unconverted,1
2016-10-19,24,24,24,1.0,high,True,True,True,True,True,3.3389166666666665,3.5945,1.6193761256211863,0.314,5.952,1.0289000000000001,2.2207500000000002,4.51725,5.1574,24,0,0,0,0.0,23.0,0,100.0,100.0,100.0,100.0,0,24,24,reported_gmt_minus_4_unconverted,1
2016-10-20,24,24,24,1.0,high,True,True,True,True,True,5.091291666666667,5.3004999999999995,2.105783887486344,0.561,9.309,2.0653,4.1075,6.5177499999999995,7.3267999999999995,24,0,0,0,0.0,23.0,0,100.0,100.0,100.0,100.0,0,24,24,reported_gmt_minus_4_unconverted,1
2016-10-21,24,24,0,0.0,missing,False,False,False,False,False,,,,,,,,,,0,24,0,0,,,24,0.0,0.0,0.0,0.0,24,0,0,reported_gmt_minus_4_unconverted,1
2016-10-22,24,24,24,1.0,high,True,True,True,True,True,6.846583333333332,6.9665,3.5207865588180183,2.532,13.317,2.7048,3.6425,9.697,11.5951,24,0,0,0,0.0,23.0,0,100.0,100.0,100.0,100.0,0,24,24,reported_gmt_minus_4_unconverted,1
2016-10-23,24,24,24,1.0,high,True,True,True,True,True,12.838291666666668,11.6755,3.698033125620754,8.82,19.078,8.865,9.48125,15.975,18.2439,24,0,0,0,0.0,23.0,0,100.0,100.0,100.0,100.0,0,24,24,reported_gmt_minus_4_unconverted,1
2016-10-24,24,24,24,1.0,high,True,True,True,True,True,10.51425,10.5125,4.4563996313069865,3.759,17.703,5.0783000000000005,6.173,12.728750000000002,16.8971,24,0,0,0,0.0,23.0,0,100.0,100.0,100.0,100.0,0,24,24,reported_gmt_minus_4_unconverted,1
2016-10-25,24,24,24,1.0,high,True,True,True,True,True,4.8745,4.4145,2.674911327258467,1.255,10.238,2.0956,2.5105,7.1232500000000005,8.7351,24,0,0,0,0.0,23.0,0,100.0,100.0,100.0,100.0,0,24,24,reported_gmt_minus_4_unconverted,1
2016-10-26,24,24,24,1.0,high,True,True,True,True,True,6.269666666666667,6.714,2.5823355904005343,1.764,9.785,3.1773,4.10525,8.49775,9.6629,24,0,0,0,0.0,23.0,0,100.0,100.0,100.0,100.0,0,24,24,reported_gmt_minus_4_unconverted,1
2016-10-27,24,24,24,1.0,high,True,True,True,True,True,13.96575,13.86,3.1441587836052016,8.49,20.737,9.8941,12.3975,15.8605,18.1702,24,0,0,0,0.0,23.0,0,100.0,100.0,100.0,100.0,0,24,24,reported_gmt_minus_4_unconverted,1
2016-10-28,24,24,1,0.041667,weak,False,False,False,False,False,18.434,18.434,,18.434,18.434,18.434,18.434,18.434,18.434,1,23,0,0,0.0,0.0,23,0.0,0.0,4.166666666666667,100.0,23,1,1,reported_gmt_minus_4_unconverted,1
2016-10-29,24,24,24,1.0,high,True,True,True,True,True,15.047833333333335,15.525500000000001,3.133981433127581,8.044,20.844,11.181000000000001,13.425,17.3195,17.9141,24,0,0,0,0.0,23.0,0,100.0,100.0,100.0,100.0,0,24,24,reported_gmt_minus_4_unconverted,1
2016-10-30,24,24,24,1.0,high,True,True,True,True,True,14.424999999999997,15.059000000000001,3.292993761464403,6.831,18.534,9.2836,12.987,16.9435,18.018700000000003,24,0,0,0,0.0,23.0,0,100.0,100.0,100.0,100.0,0,24,24,reported_gmt_minus_4_unconverted,1
2016-10-31,24,24,24,1.0,high,True,True,True,True,True,10.974375,11.133,2.9000123210008133,5.442,16.176,6.816800000000001,9.10975,12.988,14.2764,24,0,0,0,0.0,23.0,0,100.0,100.0,100.0,100.0,0,24,24,reported_gmt_minus_4_unconverted,1
2016-11-01,24,24,24,1.0,high,True,True,True,True,True,8.407875,7.9155,3.648307735309857,2.303,13.747,3.7304000000000004,5.568,11.627500000000001,13.0914,24,0,0,0,0.0,23.0,0,100.0,100.0,100.0,100.0,0,24,24,reported_gmt_minus_4_unconverted,1
2016-11-02,24,24,24,1.0,high,True,True,True,True,True,5.152083333333334,4.2805,2.460276423435006,2.974,11.145,3.0994,3.52975,5.52525,9.8644,24,0,0,0,0.0,23.0,0,100.0,100.0,100.0,100.0,0,24,24,reported_gmt_minus_4_unconverted,1
2016-11-03,24,24,24,1.0,high,True,True,True,True,True,4.0343333333333335,3.552,1.3551575126375426,2.219,7.62,2.6941,2.9597499999999997,5.02275,5.5870999999999995,24,0,0,0,0.0,23.0,0,100.0,100.0,100.0,100.0,0,24,24,reported_gmt_minus_4_unconverted,1
2016-11-04,24,24,24,1.0,high,True,True,True,True,True,5.754541666666667,5.765,1.3557261484137397,3.589,8.699,4.1074,4.73975,6.32875,7.572299999999999,24,0,0,0,0.0,23.0,0,100.0,100.0,100.0,100.0,0,24,24,reported_gmt_minus_4_unconverted,1
2016-11-05,24,24,24,1.0,high,True,True,True,True,True,7.2895416666666675,6.2575,2.478055987351633,4.312,13.443,5.3318,5.805499999999999,7.64325,11.5411,24,0,0,0,0.0,23.0,0,100.0,100.0,100.0,100.0,0,24,24,reported_gmt_minus_4_unconverted,1
2016-11-06,24,24,1,0.041667,weak,False,False,False,False,False,5.785,5.785,,5.785,5.785,5.785,5.785,5.785,5.785,1,23,0,0,0.0,0.0,23,0.0,0.0,4.166666666666667,100.0,23,1,1,reported_gmt_minus_4_unconverted,1
2016-11-07,24,24,24,1.0,high,True,True,True,True,True,5.6585,5.675000000000001,1.23025850941987,3.819,8.215,4.139399999999999,4.70275,6.1005,7.4275,24,0,0,0,0.0,23.0,0,100.0,100.0,100.0,100.0,0,24,24,reported_gmt_minus_4_unconverted,1
2016-11-08,24,24,24,1.0,high,True,True,True,True,True,3.676458333333333,3.7855,0.47239684672645876,2.853,4.701,2.9924,3.3455,3.8682499999999997,4.1325,24,0,0,0,0.0,23.0,0,100.0,100.0,100.0,100.0,0,24,24,reported_gmt_minus_4_unconverted,1
2016-11-09,24,24,24,1.0,high,True,True,True,True,True,3.475,3.384,0.6047908010572568,2.604,4.812,2.8192,3.0629999999999997,3.7024999999999997,4.3436,24,0,0,0,0.0,23.0,0,100.0,100.0,100.0,100.0,0,24,24,reported_gmt_minus_4_unconverted,1
2016-11-10,24,24,24,1.0,high,True,True,True,True,True,3.5989583333333335,3.5220000000000002,0.4492925336538562,2.652,4.746,3.1612,3.3760000000000003,3.80475,4.0617,24,0,0,0,0.0,23.0,0,100.0,100.0,100.0,100.0,0,24,24,reported_gmt_minus_4_unconverted,1
2016-11-11,24,24,24,1.0,high,True,True,True,True,True,3.599083333333333,3.642,0.28585172755281285,2.862,3.942,3.1636,3.506,3.83,3.8931999999999998,24,0,0,0,0.0,23.0,0,100.0,100.0,100.0,100.0,0,24,24,reported_gmt_minus_4_unconverted,1
2016-11-12,24,24,24,1.0,high,True,True,True,True,True,4.443458333333333,4.323,0.6911494508467738,3.43,6.016,3.6278,4.0095,4.7735,5.3336,24,0,0,0,0.0,23.0,0,100.0,100.0,100.0,100.0,0,24,24,reported_gmt_minus_4_unconverted,1
2016-11-13,24,24,24,1.0,high,True,True,True,True,True,4.357875,4.2515,0.5017698513219503,3.595,5.188,3.8255,3.9587499999999998,4.6682500000000005,5.1247,24,0,0,0,0.0,23.0,0,100.0,100.0,100.0,100.0,0,24,24,reported_gmt_minus_4_unconverted,1
2016-11-14,24,24,24,1.0,high,True,True,True,True,True,5.261791666666666,5.085,1.3517300662859613,3.26,8.425,3.5629999999999997,4.47825,5.7805,6.9074,24,0,0,0,0.0,23.0,0,100.0,100.0,100.0,100.0,0,24,24,reported_gmt_minus_4_unconverted,1
2016-11-15,24,24,24,1.0,high,True,True,True,True,True,6.900500000000001,6.447,1.710077547186473,4.475,10.1,5.0185,5.4670000000000005,7.99475,9.7173,24,0,0,0,0.0,23.0,0,100.0,100.0,100.0,100.0,0,24,24,reported_gmt_minus_4_unconverted,1
2016-11-16,24,24,24,1.0,high,True,True,True,True,True,3.142875,3.0835,0.5532659799456474,2.476,4.549,2.5144,2.794,3.364,3.8167,24,0,0,0,0.0,23.0,0,100.0,100.0,100.0,100.0,0,24,24,reported_gmt_minus_4_unconverted,1
2016-11-17,24,24,24,1.0,high,True,True,True,True,True,3.4754583333333335,3.4045,0.6890131556241785,2.5,4.737,2.5999,2.94375,3.83075,4.5518,24,0,0,0,0.0,23.0,0,100.0,100.0,100.0,100.0,0,24,24,reported_gmt_minus_4_unconverted,1
2016-11-18,24,24,24,1.0,high,True,True,True,True,True,4.395416666666667,4.3685,0.5003328384938993,3.692,5.28,3.7958000000000003,3.96625,4.914,5.012,24,0,0,0,0.0,23.0,0,100.0,100.0,100.0,100.0,0,24,24,reported_gmt_minus_4_unconverted,1
2016-11-19,24,24,24,1.0,high,True,True,True,True,True,4.535583333333334,4.5125,0.4977909388895901,3.898,5.779,3.9312,4.2235,4.6,5.1962,24,0,0,0,0.0,23.0,0,100.0,100.0,100.0,100.0,0,24,24,reported_gmt_minus_4_unconverted,1
2016-11-20,24,24,1,0.041667,weak,False,False,False,False,False,5.518,5.518,,5.518,5.518,5.518,5.518,5.518,5.518,1,23,0,0,0.0,0.0,23,0.0,0.0,4.166666666666667,100.0,23,1,1,reported_gmt_minus_4_unconverted,1
2016-11-21,24,24,24,1.0,high,True,True,True,True,True,3.2769583333333334,3.225,0.27096646337759644,2.828,3.915,3.019,3.0905,3.4137500000000003,3.6283,24,0,0,0,0.0,23.0,0,100.0,100.0,100.0,100.0,0,24,24,reported_gmt_minus_4_unconverted,1
2016-11-22,24,24,24,1.0,high,True,True,True,True,True,3.2615,3.268,0.39363235992815515,2.548,4.002,2.6549,3.05475,3.5355,3.697,24,0,0,0,0.0,23.0,0,100.0,100.0,100.0,100.0,0,24,24,reported_gmt_minus_4_unconverted,1
2016-11-23,24,24,24,1.0,high,True,True,True,True,True,4.147916666666666,4.008,0.7077882830502271,2.841,5.403,3.2555,3.7424999999999997,4.71025,5.0478,24,0,0,0,0.0,23.0,0,100.0,100.0,100.0,100.0,0,24,24,reported_gmt_minus_4_unconverted,1
2016-11-24,24,24,24,1.0,high,True,True,True,True,True,4.1985,3.7824999999999998,1.0679070143530043,2.822,6.337,3.1322,3.3145,5.22875,5.5451,24,0,0,0,0.0,23.0,0,100.0,100.0,100.0,100.0,0,24,24,reported_gmt_minus_4_unconverted,1
2016-11-25,24,24,24,1.0,high,True,True,True,True,True,5.018791666666666,4.730499999999999,0.8336730658939998,4.104,6.789,4.2851,4.423,5.54875,6.4465,24,0,0,0,0.0,23.0,0,100.0,100.0,100.0,100.0,0,24,24,reported_gmt_minus_4_unconverted,1
2016-11-26,24,24,24,1.0,high,True,True,True,True,True,3.6652500000000003,3.5780000000000003,0.48567651159289504,2.921,4.488,3.0479,3.3137499999999998,3.98625,4.3900999999999994,24,0,0,0,0.0,23.0,0,100.0,100.0,100.0,100.0,0,24,24,reported_gmt_minus_4_unconverted,1
2016-11-27,24,24,0,0.0,missing,False,False,False,False,False,,,,,,,,,,0,24,0,0,,,24,0.0,0.0,0.0,0.0,24,0,0,reported_gmt_minus_4_unconverted,1
2016-11-28,24,24,24,1.0,high,True,True,True,True,True,3.449375,3.4715,0.3381440151769657,2.949,4.063,3.0328999999999997,3.144,3.7045,3.8795,24,0,0,0,0.0,23.0,0,100.0,100.0,100.0,100.0,0,24,24,reported_gmt_minus_4_unconverted,1
2016-11-29,24,24,24,1.0,high,True,True,True,True,True,3.7899166666666666,3.7255000000000003,0.3308036218542416,3.259,4.489,3.4569,3.53775,4.0592500000000005,4.2408,24,0,0,0,0.0,23.0,0,100.0,100.0,100.0,100.0,0,24,24,reported_gmt_minus_4_unconverted,1
2016-11-30,24,24,24,1.0,high,True,True,True,True,True,3.641916666666667,3.6515,0.548779350342484,2.818,4.531,2.9943000000000004,3.0835,4.1442499999999995,4.356,24,0,0,0,0.0,23.0,0,100.0,100.0,100.0,100.0,0,24,24,reported_gmt_minus_4_unconverted,1
2016-12-01,24,24,18,0.75,standard,True,True,True,True,False,3.897944444444444,3.7279999999999998,0.6141078150428735,3.379,6.04,3.424,3.57375,4.01825,4.2544,18,6,0,0,0.0,23.0,3,0.0,100.0,75.0,100.0,6,18,18,reported_gmt_minus_4_unconverted,1
2016-12-02,24,24,19,0.791667,standard,True,True,True,True,False,4.159789473684211,4.162,0.39080295957985556,3.39,4.864,3.7114000000000003,3.9645,4.3815,4.5934,19,5,0,0,0.0,23.0,3,0.0,100.0,79.16666666666667,100.0,5,19,19,reported_gmt_minus_4_unconverted,1
2016-12-03,24,24,24,1.0,high,True,True,True,True,True,5.315833333333334,5.4399999999999995,0.9877550156868316,3.534,7.364,3.7835,4.76175,5.95925,6.4685999999999995,24,0,0,0,0.0,23.0,0,100.0,100.0,100.0,100.0,0,24,24,reported_gmt_minus_4_unconverted,1
2016-12-04,24,24,1,0.041667,weak,False,False,False,False,False,5.593,5.593,,5.593,5.593,5.593,5.593,5.593,5.593,1,23,0,0,0.0,0.0,23,0.0,0.0,4.166666666666667,100.0,23,1,1,reported_gmt_minus_4_unconverted,1
2016-12-05,24,24,24,1.0,high,True,True,True,True,True,5.274791666666666,5.043,1.151460583975533,3.53,7.414,3.9191000000000003,4.34625,6.188,6.5868,24,0,0,0,0.0,23.0,0,100.0,100.0,100.0,100.0,0,24,24,reported_gmt_minus_4_unconverted,1
2016-12-06,24,24,24,1.0,high,True,True,True,True,True,8.615833333333333,8.5595,1.9475427698974188,5.449,14.047,6.6303,7.2925,9.6135,11.1352,24,0,0,0,0.0,23.0,0,100.0,100.0,100.0,100.0,0,24,24,reported_gmt_minus_4_unconverted,1
2016-12-07,24,24,24,1.0,high,True,True,True,True,True,4.760666666666667,4.2155000000000005,2.3178525418578944,2.211,9.544,2.4149000000000003,2.7405,6.5145,8.1289,24,0,0,0,0.0,23.0,0,100.0,100.0,100.0,100.0,0,24,24,reported_gmt_minus_4_unconverted,1
2016-12-08,24,24,24,1.0,high,True,True,True,True,True,2.825083333333333,2.883,0.49064889746101553,1.728,3.456,2.0321,2.65175,3.2609999999999997,3.3278,24,0,0,0,0.0,23.0,0,100.0,100.0,100.0,100.0,0,24,24,reported_gmt_minus_4_unconverted,1
2016-12-09,24,24,24,1.0,high,True,True,True,True,True,3.4428749999999995,3.4265,0.7454501594455469,2.439,5.043,2.5646,2.82225,3.89175,4.481,24,0,0,0,0.0,23.0,0,100.0,100.0,100.0,100.0,0,24,24,reported_gmt_minus_4_unconverted,1
2016-12-10,24,24,24,1.0,high,True,True,True,True,True,3.4091666666666662,3.5585,0.5317616061705672,2.382,4.286,2.7070000000000003,3.0055,3.6925,4.0772,24,0,0,0,0.0,23.0,0,100.0,100.0,100.0,100.0,0,24,24,reported_gmt_minus_4_unconverted,1
2016-12-11,24,24,1,0.041667,weak,False,False,False,False,False,2.826,2.826,,2.826,2.826,2.826,2.826,2.826,2.826,1,23,0,0,0.0,0.0,23,0.0,0.0,4.166666666666667,100.0,23,1,1,reported_gmt_minus_4_unconverted,1
2016-12-12,24,24,24,1.0,high,True,True,True,True,True,8.7805,8.6085,2.760584704920948,4.515,15.718,5.8037,7.04375,10.29725,12.464599999999997,24,0,0,0,0.0,23.0,0,100.0,100.0,100.0,100.0,0,24,24,reported_gmt_minus_4_unconverted,1
2016-12-13,24,24,24,1.0,high,True,True,True,True,True,9.232416666666667,8.939,3.0950994493633437,5.417,16.479,6.091600000000001,6.6215,10.3735,13.712399999999999,24,0,0,0,0.0,23.0,0,100.0,100.0,100.0,100.0,0,24,24,reported_gmt_minus_4_unconverted,1
2016-12-14,24,24,24,1.0,high,True,True,True,True,True,8.400208333333333,8.9415,2.0101569477804824,4.846,11.274,5.6296,6.63275,9.7065,10.858899999999998,24,0,0,0,0.0,23.0,0,100.0,100.0,100.0,100.0,0,24,24,reported_gmt_minus_4_unconverted,1
2016-12-15,24,24,24,1.0,high,True,True,True,True,True,9.605041666666667,9.6905,1.8580340119310932,6.52,13.445,7.2645,7.7989999999999995,10.94325,11.7192,24,0,0,0,0.0,23.0,0,100.0,100.0,100.0,100.0,0,24,24,reported_gmt_minus_4_unconverted,1
2016-12-16,24,24,24,1.0,high,True,True,True,True,True,8.513499999999999,7.996499999999999,1.9788080294438126,5.718,11.88,6.2447,7.0649999999999995,9.95225,11.2414,24,0,0,0,0.0,23.0,0,100.0,100.0,100.0,100.0,0,24,24,reported_gmt_minus_4_unconverted,1
2016-12-17,24,24,24,1.0,high,True,True,True,True,True,10.135166666666668,9.657499999999999,1.8239332240510073,7.645,15.114,8.6637,8.74525,10.8505,12.6892,24,0,0,0,0.0,23.0,0,100.0,100.0,100.0,100.0,0,24,24,reported_gmt_minus_4_unconverted,1
2016-12-18,24,24,1,0.041667,weak,False,False,False,False,False,8.419,8.419,,8.419,8.419,8.419,8.419,8.419,8.419,1,23,0,0,0.0,0.0,23,0.0,0.0,4.166666666666667,100.0,23,1,1,reported_gmt_minus_4_unconverted,1
2016-12-19,24,24,24,1.0,high,True,True,True,True,True,7.3103750000000005,6.781499999999999,2.560352180471171,3.913,13.864,4.5522,5.73925,8.431000000000001,10.1894,24,0,0,0,0.0,23.0,0,100.0,100.0,100.0,100.0,0,24,24,reported_gmt_minus_4_unconverted,1
2016-12-20,24,24,24,1.0,high,True,True,True,True,True,7.056875000000001,6.3870000000000005,1.9386369104739993,4.478,10.7,4.9345,5.6625000000000005,8.72675,9.82,24,0,0,0,0.0,23.0,0,100.0,100.0,100.0,100.0,0,24,24,reported_gmt_minus_4_unconverted,1
2016-12-21,24,24,24,1.0,high,True,True,True,True,True,6.575,6.6905,2.564972158506412,2.423,10.57,3.0312,4.12925,8.923499999999999,9.5046,24,0,0,0,0.0,23.0,0,100.0,100.0,100.0,100.0,0,24,24,reported_gmt_minus_4_unconverted,1
2016-12-22,24,24,24,1.0,high,True,True,True,True,True,4.8101666666666665,5.0875,0.7949464661585527,3.39,6.018,3.777,4.163,5.4535,5.7252,24,0,0,0,0.0,23.0,0,100.0,100.0,100.0,100.0,0,24,24,reported_gmt_minus_4_unconverted,1
2016-12-23,24,24,24,1.0,high,True,True,True,True,True,13.272416666666667,14.8395,8.276033548572737,3.351,25.512,4.2093,4.76775,20.5585,23.576,24,0,0,0,0.0,23.0,0,100.0,100.0,100.0,100.0,0,24,24,reported_gmt_minus_4_unconverted,1
2016-12-24,24,24,24,1.0,high,True,True,True,True,True,10.835875000000001,10.282499999999999,5.370662960554271,3.758,24.704,4.9753,6.03425,14.71075,17.4338,24,0,0,0,0.0,23.0,0,100.0,100.0,100.0,100.0,0,24,24,reported_gmt_minus_4_unconverted,1
2016-12-25,24,24,2,0.083333,weak,False,False,False,False,False,5.58,5.58,0.8951971849821692,4.947,6.213,5.0736,5.2635000000000005,5.8965,6.0864,2,22,0,0,0.0,1.0,22,0.0,0.0,8.333333333333334,100.0,22,2,2,reported_gmt_minus_4_unconverted,1
2016-12-26,24,24,24,1.0,high,True,True,True,True,True,4.205875,4.342499999999999,1.2456723455191998,2.142,7.047,2.9661,3.3315,4.68975,5.7843,24,0,0,0,0.0,23.0,0,100.0,100.0,100.0,100.0,0,24,24,reported_gmt_minus_4_unconverted,1
2016-12-27,24,24,24,1.0,high,True,True,True,True,True,8.61425,8.165000000000001,5.674992137516101,2.152,16.418,2.6658,2.988,14.26225,15.577099999999998,24,0,0,0,0.0,23.0,0,100.0,100.0,100.0,100.0,0,24,24,reported_gmt_minus_4_unconverted,1
2016-12-28,24,24,24,1.0,high,True,True,True,True,True,4.339416666666667,4.3015,0.9802965352899342,2.794,6.926,3.0,3.73825,4.7865,5.2315000000000005,24,0,0,0,0.0,23.0,0,100.0,100.0,100.0,100.0,0,24,24,reported_gmt_minus_4_unconverted,1
2016-12-29,24,24,24,1.0,high,True,True,True,True,True,4.758166666666667,4.6945,1.0864046274260586,3.172,8.299,3.5638,4.2935,5.1,5.7149,24,0,0,0,0.0,23.0,0,100.0,100.0,100.0,100.0,0,24,24,reported_gmt_minus_4_unconverted,1
2016-12-30,24,24,24,1.0,high,True,True,True,True,True,6.685458333333334,6.384,1.2438558206384824,4.708,9.813,5.3854999999999995,6.05825,7.286,8.4981,24,0,0,0,0.0,23.0,0,100.0,100.0,100.0,100.0,0,24,24,reported_gmt_minus_4_unconverted,1
2016-12-31,24,24,24,1.0,high,True,True,True,True,True,7.46075,6.775,2.481644410116177,3.874,12.141,4.5353,5.48775,9.690000000000001,10.6579,24,0,0,0,0.0,23.0,0,100.0,100.0,100.0,100.0,0,24,24,reported_gmt_minus_4_unconverted,1
2017-01-01,24,24,1,0.041667,weak,False,False,False,False,False,5.481,5.481,,5.481,5.481,5.481,5.481,5.481,5.481,1,23,0,0,0.0,0.0,23,0.0,0.0,4.166666666666667,100.0,23,1,1,reported_gmt_minus_4_unconverted,1
2017-01-02,24,24,24,1.0,high,True,True,True,True,True,6.288041666666667,6.5895,1.6226028869144749,3.458,9.147,4.0812,5.02825,7.437749999999999,8.403599999999999,24,0,0,0,0.0,23.0,0,100.0,100.0,100.0,100.0,0,24,24,reported_gmt_minus_4_unconverted,1
2017-01-03,24,24,24,1.0,high,True,True,True,True,True,10.521791666666665,8.876999999999999,4.913445642840157,5.937,22.358,6.089,7.0024999999999995,11.2615,19.1805,24,0,0,0,0.0,23.0,0,100.0,100.0,100.0,100.0,0,24,24,reported_gmt_minus_4_unconverted,1
2017-01-04,24,24,10,0.416667,weak,False,False,False,False,False,7.3907,7.6594999999999995,1.765419437099549,4.339,10.535,5.1211,6.63725,7.98925,9.079699999999999,10,14,0,0,0.0,9.0,14,0.0,0.0,41.666666666666664,100.0,14,10,10,reported_gmt_minus_4_unconverted,1
2017-01-05,24,24,0,0.0,missing,False,False,False,False,False,,,,,,,,,,0,24,0,0,,,24,0.0,0.0,0.0,0.0,24,0,0,reported_gmt_minus_4_unconverted,1
2017-01-06,24,24,0,0.0,missing,False,False,False,False,False,,,,,,,,,,0,24,0,0,,,24,0.0,0.0,0.0,0.0,24,0,0,reported_gmt_minus_4_unconverted,1
2017-01-07,24,24,0,0.0,missing,False,False,False,False,False,,,,,,,,,,0,24,0,0,,,24,0.0,0.0,0.0,0.0,24,0,0,reported_gmt_minus_4_unconverted,1
2017-01-08,24,24,0,0.0,missing,False,False,False,False,False,,,,,,,,,,0,24,0,0,,,24,0.0,0.0,0.0,0.0,24,0,0,reported_gmt_minus_4_unconverted,1
2017-01-09,24,24,0,0.0,missing,False,False,False,False,False,,,,,,,,,,0,24,0,0,,,24,0.0,0.0,0.0,0.0,24,0,0,reported_gmt_minus_4_unconverted,1
2017-01-10,24,24,0,0.0,missing,False,False,False,False,False,,,,,,,,,,0,24,0,0,,,24,0.0,0.0,0.0,0.0,24,0,0,reported_gmt_minus_4_unconverted,1
2017-01-11,24,24,0,0.0,missing,False,False,False,False,False,,,,,,,,,,0,24,0,0,,,24,0.0,0.0,0.0,0.0,24,0,0,reported_gmt_minus_4_unconverted,1
2017-01-12,24,24,0,0.0,missing,False,False,False,False,False,,,,,,,,,,0,24,0,0,,,24,0.0,0.0,0.0,0.0,24,0,0,reported_gmt_minus_4_unconverted,1
2017-01-13,24,24,0,0.0,missing,False,False,False,False,False,,,,,,,,,,0,24,0,0,,,24,0.0,0.0,0.0,0.0,24,0,0,reported_gmt_minus_4_unconverted,1
2017-01-14,24,24,0,0.0,missing,False,False,False,False,False,,,,,,,,,,0,24,0,0,,,24,0.0,0.0,0.0,0.0,24,0,0,reported_gmt_minus_4_unconverted,1
2017-01-15,24,24,0,0.0,missing,False,False,False,False,False,,,,,,,,,,0,24,0,0,,,24,0.0,0.0,0.0,0.0,24,0,0,reported_gmt_minus_4_unconverted,1
2017-01-16,24,24,0,0.0,missing,False,False,False,False,False,,,,,,,,,,0,24,0,0,,,24,0.0,0.0,0.0,0.0,24,0,0,reported_gmt_minus_4_unconverted,1
2017-01-17,24,24,0,0.0,missing,False,False,False,False,False,,,,,,,,,,0,24,0,0,,,24,0.0,0.0,0.0,0.0,24,0,0,reported_gmt_minus_4_unconverted,1
2017-01-18,24,24,0,0.0,missing,False,False,False,False,False,,,,,,,,,,0,24,0,0,,,24,0.0,0.0,0.0,0.0,24,0,0,reported_gmt_minus_4_unconverted,1
2017-01-19,24,24,0,0.0,missing,False,False,False,False,False,,,,,,,,,,0,24,0,0,,,24,0.0,0.0,0.0,0.0,24,0,0,reported_gmt_minus_4_unconverted,1
2017-01-20,24,24,0,0.0,missing,False,False,False,False,False,,,,,,,,,,0,24,0,0,,,24,0.0,0.0,0.0,0.0,24,0,0,reported_gmt_minus_4_unconverted,1
2017-01-21,24,24,0,0.0,missing,False,False,False,False,False,,,,,,,,,,0,24,0,0,,,24,0.0,0.0,0.0,0.0,24,0,0,reported_gmt_minus_4_unconverted,1
2017-01-22,24,24,0,0.0,missing,False,False,False,False,False,,,,,,,,,,0,24,0,0,,,24,0.0,0.0,0.0,0.0,24,0,0,reported_gmt_minus_4_unconverted,1
2017-01-23,24,24,0,0.0,missing,False,False,False,False,False,,,,,,,,,,0,24,0,0,,,24,0.0,0.0,0.0,0.0,24,0,0,reported_gmt_minus_4_unconverted,1
2017-01-24,24,24,0,0.0,missing,False,False,False,False,False,,,,,,,,,,0,24,0,0,,,24,0.0,0.0,0.0,0.0,24,0,0,reported_gmt_minus_4_unconverted,1
2017-01-25,24,24,0,0.0,missing,False,False,False,False,False,,,,,,,,,,0,24,0,0,,,24,0.0,0.0,0.0,0.0,24,0,0,reported_gmt_minus_4_unconverted,1
2017-01-26,24,24,0,0.0,missing,False,False,False,False,False,,,,,,,,,,0,24,0,0,,,24,0.0,0.0,0.0,0.0,24,0,0,reported_gmt_minus_4_unconverted,1
2017-01-27,24,24,0,0.0,missing,False,False,False,False,False,,,,,,,,,,0,24,0,0,,,24,0.0,0.0,0.0,0.0,24,0,0,reported_gmt_minus_4_unconverted,1
2017-01-28,24,24,0,0.0,missing,False,False,False,False,False,,,,,,,,,,0,24,0,0,,,24,0.0,0.0,0.0,0.0,24,0,0,reported_gmt_minus_4_unconverted,1
2017-01-29,24,24,0,0.0,missing,False,False,False,False,False,,,,,,,,,,0,24,0,0,,,24,0.0,0.0,0.0,0.0,24,0,0,reported_gmt_minus_4_unconverted,1
2017-01-30,24,24,0,0.0,missing,False,False,False,False,False,,,,,,,,,,0,24,0,0,,,24,0.0,0.0,0.0,0.0,24,0,0,reported_gmt_minus_4_unconverted,1
2017-01-31,24,24,0,0.0,missing,False,False,False,False,False,,,,,,,,,,0,24,0,0,,,24,0.0,0.0,0.0,0.0,24,0,0,reported_gmt_minus_4_unconverted,1
2017-02-01,24,24,0,0.0,missing,False,False,False,False,False,,,,,,,,,,0,24,0,0,,,24,0.0,0.0,0.0,0.0,24,0,0,reported_gmt_minus_4_unconverted,1
2017-02-02,24,24,0,0.0,missing,False,False,False,False,False,,,,,,,,,,0,24,0,0,,,24,0.0,0.0,0.0,0.0,24,0,0,reported_gmt_minus_4_unconverted,1
2017-02-03,24,24,0,0.0,missing,False,False,False,False,False,,,,,,,,,,0,24,0,0,,,24,0.0,0.0,0.0,0.0,24,0,0,reported_gmt_minus_4_unconverted,1
2017-02-04,24,24,0,0.0,missing,False,False,False,False,False,,,,,,,,,,0,24,0,0,,,24,0.0,0.0,0.0,0.0,24,0,0,reported_gmt_minus_4_unconverted,1
2017-02-05,24,24,0,0.0,missing,False,False,False,False,False,,,,,,,,,,0,24,0,0,,,24,0.0,0.0,0.0,0.0,24,0,0,reported_gmt_minus_4_unconverted,1
2017-02-06,24,24,0,0.0,missing,False,False,False,False,False,,,,,,,,,,0,24,0,0,,,24,0.0,0.0,0.0,0.0,24,0,0,reported_gmt_minus_4_unconverted,1
2017-02-07,24,24,0,0.0,missing,False,False,False,False,False,,,,,,,,,,0,24,0,0,,,24,0.0,0.0,0.0,0.0,24,0,0,reported_gmt_minus_4_unconverted,1
2017-02-08,24,24,0,0.0,missing,False,False,False,False,False,,,,,,,,,,0,24,0,0,,,24,0.0,0.0,0.0,0.0,24,0,0,reported_gmt_minus_4_unconverted,1
2017-02-09,24,24,24,1.0,high,True,True,True,True,True,0.8608333333333333,0.7995000000000001,0.24954247990144346,0.527,1.417,0.5762999999999999,0.69875,1.03275,1.2179,24,0,0,0,0.0,23.0,0,100.0,100.0,100.0,100.0,0,24,24,reported_gmt_minus_4_unconverted,1
2017-02-10,24,24,24,1.0,high,True,True,True,True,True,0.7168749999999999,0.712,0.15774892337536556,0.453,1.096,0.5473,0.60925,0.7867500000000001,0.9047999999999998,24,0,0,0,0.0,23.0,0,100.0,100.0,100.0,100.0,0,24,24,reported_gmt_minus_4_unconverted,1
2017-02-11,24,24,24,1.0,high,True,True,True,True,True,1.0728333333333333,0.728,0.7332026629299271,0.431,2.636,0.5006,0.569,1.2485,2.4033999999999995,24,0,0,0,0.0,23.0,0,100.0,100.0,100.0,100.0,0,24,24,reported_gmt_minus_4_unconverted,1
2017-02-12,24,24,24,1.0,high,True,True,True,True,True,3.1997083333333336,1.7795,2.427643632596032,0.684,7.625,1.1904,1.47325,5.152,7.002,24,0,0,0,0.0,23.0,0,100.0,100.0,100.0,100.0,0,24,24,reported_gmt_minus_4_unconverted,1
2017-02-13,24,24,24,1.0,high,True,True,True,True,True,7.025625000000001,6.7605,2.0511976949323176,2.967,12.377,5.0027,5.926,8.0375,9.633099999999999,24,0,0,0,0.0,23.0,0,100.0,100.0,100.0,100.0,0,24,24,reported_gmt_minus_4_unconverted,1
2017-02-14,24,24,24,1.0,high,True,True,True,True,True,4.718083333333333,4.765000000000001,1.5374681026501547,2.052,8.459,2.7142,3.9125,5.3115,6.2725,24,0,0,0,0.0,23.0,0,100.0,100.0,100.0,100.0,0,24,24,reported_gmt_minus_4_unconverted,1
2017-02-15,24,24,24,1.0,high,True,True,True,True,True,9.144916666666667,9.725,2.711697525723415,3.338,13.276,5.8023,7.1315,10.88425,12.1916,24,0,0,0,0.0,23.0,0,100.0,100.0,100.0,100.0,0,24,24,reported_gmt_minus_4_unconverted,1
2017-02-16,24,24,24,1.0,high,True,True,True,True,True,5.970833333333334,5.4415,2.5894360753657923,1.786,10.555,2.9089,3.92475,8.05725,9.2691,24,0,0,0,0.0,23.0,0,100.0,100.0,100.0,100.0,0,24,24,reported_gmt_minus_4_unconverted,1
2017-02-17,24,24,24,1.0,high,True,True,True,True,True,8.169333333333332,6.769,3.878756901566438,4.423,18.367,4.5948,5.367,10.209,12.733299999999998,24,0,0,0,0.0,23.0,0,100.0,100.0,100.0,100.0,0,24,24,reported_gmt_minus_4_unconverted,1
2017-02-18,24,24,24,1.0,high,True,True,True,True,True,10.457333333333333,10.9575,3.3868751875780547,5.253,18.023,5.5811,7.959,12.518,13.406,24,0,0,0,0.0,23.0,0,100.0,100.0,100.0,100.0,0,24,24,reported_gmt_minus_4_unconverted,1
2017-02-19,24,24,24,1.0,high,True,True,True,True,True,8.544291666666666,8.1405,5.49513882784765,1.226,19.176,2.5299,3.8895,13.426,14.2203,24,0,0,0,0.0,23.0,0,100.0,100.0,100.0,100.0,0,24,24,reported_gmt_minus_4_unconverted,1
2017-02-20,24,24,24,1.0,high,True,True,True,True,True,9.645916666666666,9.525500000000001,2.7477753834640515,2.828,14.668,6.7645,7.731,11.1175,13.4145,24,0,0,0,0.0,23.0,0,100.0,100.0,100.0,100.0,0,24,24,reported_gmt_minus_4_unconverted,1
2017-02-21,24,24,24,1.0,high,True,True,True,True,True,9.767125,9.899000000000001,1.1938306016494897,7.965,11.522,8.3577,8.59975,10.93125,11.166,24,0,0,0,0.0,23.0,0,100.0,100.0,100.0,100.0,0,24,24,reported_gmt_minus_4_unconverted,1
2017-02-22,24,24,24,1.0,high,True,True,True,True,True,8.270208333333334,8.2725,1.0827981055205262,6.554,10.59,7.0149,7.276,9.02475,9.2889,24,0,0,0,0.0,23.0,0,100.0,100.0,100.0,100.0,0,24,24,reported_gmt_minus_4_unconverted,1
2017-02-23,24,24,24,1.0,high,True,True,True,True,True,10.075541666666668,9.71,1.8281814432634287,6.375,13.708,8.2346,9.320500000000001,11.088000000000001,12.7258,24,0,0,0,0.0,23.0,0,100.0,100.0,100.0,100.0,0,24,24,reported_gmt_minus_4_unconverted,1
2017-02-24,24,24,24,1.0,high,True,True,True,True,True,7.942916666666666,7.674,1.4968307655108208,4.178,11.129,6.6316,6.91875,8.981750000000002,9.6614,24,0,0,0,0.0,23.0,0,100.0,100.0,100.0,100.0,0,24,24,reported_gmt_minus_4_unconverted,1
2017-02-25,24,24,24,1.0,high,True,True,True,True,True,7.829833333333333,7.409,1.397371186150644,5.689,11.109,6.4891000000000005,6.8025,8.687999999999999,9.6901,24,0,0,0,0.0,23.0,0,100.0,100.0,100.0,100.0,0,24,24,reported_gmt_minus_4_unconverted,1
2017-02-26,24,24,24,1.0,high,True,True,True,True,True,5.281875,5.093,1.3321503150757883,2.896,8.192,3.82,4.2467500000000005,6.0440000000000005,6.9382,24,0,0,0,0.0,23.0,0,100.0,100.0,100.0,100.0,0,24,24,reported_gmt_minus_4_unconverted,1
2017-02-27,24,24,24,1.0,high,True,True,True,True,True,6.151583333333334,5.9855,1.764344709410037,3.591,9.493,4.1551,4.64075,7.6845,8.4645,24,0,0,0,0.0,23.0,0,100.0,100.0,100.0,100.0,0,24,24,reported_gmt_minus_4_unconverted,1
2017-02-28,24,24,24,1.0,high,True,True,True,True,True,5.915791666666666,6.2215,1.3621460363247997,2.979,7.819,3.8671000000000006,5.21525,7.078749999999999,7.3538,24,0,0,0,0.0,23.0,0,100.0,100.0,100.0,100.0,0,24,24,reported_gmt_minus_4_unconverted,1
2017-03-01,24,24,24,1.0,high,True,True,True,True,True,4.575958333333333,4.35,1.4283464589811738,2.37,8.566,2.8379000000000003,3.6747500000000004,5.762,5.964,24,0,0,0,0.0,23.0,0,100.0,100.0,100.0,100.0,0,24,24,reported_gmt_minus_4_unconverted,1
2017-03-02,24,24,24,1.0,high,True,True,True,True,True,2.318791666666667,1.4769999999999999,1.4968016039765146,0.971,5.482,1.1631,1.303,3.98775,4.3843,24,0,0,0,0.0,23.0,0,100.0,100.0,100.0,100.0,0,24,24,reported_gmt_minus_4_unconverted,1
2017-03-03,24,24,24,1.0,high,True,True,True,True,True,3.38275,3.1235,2.053016132213879,0.97,6.588,1.1319,1.33325,5.736,6.2101999999999995,24,0,0,0,0.0,23.0,0,100.0,100.0,100.0,100.0,0,24,24,reported_gmt_minus_4_unconverted,1
2017-03-04,24,24,24,1.0,high,True,True,True,True,True,5.828291666666668,5.5265,2.86378046704104,1.736,11.854,2.4921,3.57375,8.0,10.0292,24,0,0,0,0.0,23.0,0,100.0,100.0,100.0,100.0,0,24,24,reported_gmt_minus_4_unconverted,1
2017-03-05,24,24,24,1.0,high,True,True,True,True,True,5.910083333333333,5.513999999999999,1.926451500572483,3.404,10.44,3.7628999999999997,4.1899999999999995,7.215999999999999,8.4486,24,0,0,0,0.0,23.0,0,100.0,100.0,100.0,100.0,0,24,24,reported_gmt_minus_4_unconverted,1
2017-03-06,24,24,24,1.0,high,True,True,True,True,True,3.5690000000000004,3.503,1.1324163468480557,1.982,6.06,2.1412,2.811,3.93925,5.271699999999999,24,0,0,0,0.0,23.0,0,100.0,100.0,100.0,100.0,0,24,24,reported_gmt_minus_4_unconverted,1
2017-03-07,24,24,24,1.0,high,True,True,True,True,True,3.9121249999999996,3.5575,1.0183390702298138,2.557,6.038,2.8346,3.2285,4.5055,5.5192,24,0,0,0,0.0,23.0,0,100.0,100.0,100.0,100.0,0,24,24,reported_gmt_minus_4_unconverted,1
2017-03-08,24,24,24,1.0,high,True,True,True,True,True,2.7924166666666665,2.938,0.9880248155951773,1.153,5.274,1.4187999999999998,2.18425,3.29375,3.5039,24,0,0,0,0.0,23.0,0,100.0,100.0,100.0,100.0,0,24,24,reported_gmt_minus_4_unconverted,1
2017-03-09,24,24,24,1.0,high,True,True,True,True,True,0.89925,0.802,0.3429098309671407,0.49,1.878,0.5892999999999999,0.701,0.974,1.3933,24,0,0,0,0.0,23.0,0,100.0,100.0,100.0,100.0,0,24,24,reported_gmt_minus_4_unconverted,1
2017-03-10,24,24,24,1.0,high,True,True,True,True,True,0.40025000000000005,0.3975,0.1727617736502569,0.195,0.856,0.23559999999999998,0.2655,0.45075,0.6416999999999998,24,0,0,0,0.0,23.0,0,100.0,100.0,100.0,100.0,0,24,24,reported_gmt_minus_4_unconverted,1
2017-03-11,24,24,1,0.041667,weak,False,False,False,False,False,0.336,0.336,,0.336,0.336,0.336,0.336,0.336,0.336,1,23,0,0,0.0,0.0,23,0.0,0.0,4.166666666666667,100.0,23,1,1,reported_gmt_minus_4_unconverted,1
2017-03-12,24,24,24,1.0,high,True,True,True,True,True,2.2434583333333333,0.9099999999999999,2.3397829698530788,0.471,7.765,0.5,0.55575,4.579000000000001,5.4689,24,0,0,0,0.0,23.0,0,100.0,100.0,100.0,100.0,0,24,24,reported_gmt_minus_4_unconverted,1
2017-03-13,24,24,24,1.0,high,True,True,True,True,True,7.765583333333333,7.25,3.291692282050396,1.956,14.242,3.2384,6.3375,9.23175,12.658599999999998,24,0,0,0,0.0,23.0,0,100.0,100.0,100.0,100.0,0,24,24,reported_gmt_minus_4_unconverted,1
2017-03-14,24,24,24,1.0,high,True,True,True,True,True,8.319041666666665,7.976,2.7575131751692292,2.499,12.731,4.7893,6.841,10.895,11.4946,24,0,0,0,0.0,23.0,0,100.0,100.0,100.0,100.0,0,24,24,reported_gmt_minus_4_unconverted,1
2017-03-15,24,24,24,1.0,high,True,True,True,True,True,7.567375000000001,6.4795,3.3959311179128315,2.778,15.344,4.5932,5.1732499999999995,9.082999999999998,12.535799999999998,24,0,0,0,0.0,23.0,0,100.0,100.0,100.0,100.0,0,24,24,reported_gmt_minus_4_unconverted,1
2017-03-16,24,24,24,1.0,high,True,True,True,True,True,6.700541666666666,4.798,4.4497228441210535,1.73,16.382,2.0448999999999997,3.9935,8.351500000000001,14.3872,24,0,0,0,0.0,23.0,0,100.0,100.0,100.0,100.0,0,24,24,reported_gmt_minus_4_unconverted,1
2017-03-17,24,24,24,1.0,high,True,True,True,True,True,8.472666666666667,7.8255,4.266849623568298,2.942,17.031,3.2467,5.16625,11.37825,14.3895,24,0,0,0,0.0,23.0,0,100.0,100.0,100.0,100.0,0,24,24,reported_gmt_minus_4_unconverted,1
2017-03-18,24,24,1,0.041667,weak,False,False,False,False,False,7.069,7.069,,7.069,7.069,7.069,7.069,7.069,7.069,1,23,0,0,0.0,0.0,23,0.0,0.0,4.166666666666667,100.0,23,1,1,reported_gmt_minus_4_unconverted,1
2017-03-19,24,24,1,0.041667,weak,False,False,False,False,False,8.449,8.449,,8.449,8.449,8.449,8.449,8.449,8.449,1,23,0,0,0.0,0.0,23,0.0,0.0,4.166666666666667,100.0,23,1,1,reported_gmt_minus_4_unconverted,1
2017-03-20,24,24,24,1.0,high,True,True,True,True,True,6.082583333333333,5.9315,1.5587337926124152,3.4,8.795,3.8852,5.0595,7.071249999999999,8.1322,24,0,0,0,0.0,23.0,0,100.0,100.0,100.0,100.0,0,24,24,reported_gmt_minus_4_unconverted,1
2017-03-21,24,24,24,1.0,high,True,True,True,True,True,4.220083333333334,3.7824999999999998,2.247709615251212,1.61,9.354,1.8094999999999999,2.4762500000000003,5.8175,7.1743999999999994,24,0,0,0,0.0,23.0,0,100.0,100.0,100.0,100.0,0,24,24,reported_gmt_minus_4_unconverted,1
2017-03-22,24,24,24,1.0,high,True,True,True,True,True,4.723875,4.898,2.6533972696624555,0.699,9.337,1.1877,2.01925,6.93925,7.4871,24,0,0,0,0.0,23.0,0,100.0,100.0,100.0,100.0,0,24,24,reported_gmt_minus_4_unconverted,1
2017-03-23,24,24,24,1.0,high,True,True,True,True,True,6.891708333333334,6.7855,3.4578920379350326,1.39,12.338,2.2839000000000005,4.13925,9.3125,11.7233,24,0,0,0,0.0,23.0,0,100.0,100.0,100.0,100.0,0,24,24,reported_gmt_minus_4_unconverted,1
2017-03-24,24,24,24,1.0,high,True,True,True,True,True,9.096291666666666,8.701,2.3005936753494676,5.52,14.727,6.1926,7.5625,10.58875,11.9186,24,0,0,0,0.0,23.0,0,100.0,100.0,100.0,100.0,0,24,24,reported_gmt_minus_4_unconverted,1
2017-03-25,24,24,1,0.041667,weak,False,False,False,False,False,6.573,6.573,,6.573,6.573,6.573,6.573,6.573,6.573,1,23,0,0,0.0,0.0,23,0.0,0.0,4.166666666666667,100.0,23,1,1,reported_gmt_minus_4_unconverted,1
2017-03-26,24,24,1,0.041667,weak,False,False,False,False,False,5.971,5.971,,5.971,5.971,5.971,5.971,5.971,5.971,1,23,0,0,0.0,0.0,23,0.0,0.0,4.166666666666667,100.0,23,1,1,reported_gmt_minus_4_unconverted,1
2017-03-27,24,24,24,1.0,high,True,True,True,True,True,2.4031249999999997,1.296,2.1723249279035826,0.526,8.31,0.8393999999999999,0.9329999999999999,3.2205000000000004,5.0201,24,0,0,0,0.0,23.0,0,100.0,100.0,100.0,100.0,0,24,24,reported_gmt_minus_4_unconverted,1
2017-03-28,24,24,24,1.0,high,True,True,True,True,True,5.200875,5.663,3.4263852966481974,0.549,10.901,1.0148000000000001,1.54275,8.13175,9.390899999999998,24,0,0,0,0.0,23.0,0,100.0,100.0,100.0,100.0,0,24,24,reported_gmt_minus_4_unconverted,1
2017-03-29,24,24,20,0.833333,standard,True,True,True,True,False,7.65225,8.067499999999999,2.3297764490679316,2.305,10.263,4.3998,6.7605,9.6325,10.0781,20,4,0,0,0.0,23.0,4,0.0,100.0,83.33333333333333,100.0,4,20,20,reported_gmt_minus_4_unconverted,1
2017-03-30,24,24,24,1.0,high,True,True,True,True,True,2.2710000000000004,2.149,0.9170763089960067,0.816,4.601,1.2051,1.7225000000000001,2.786,3.4821,24,0,0,0,0.0,23.0,0,100.0,100.0,100.0,100.0,0,24,24,reported_gmt_minus_4_unconverted,1
2017-03-31,24,24,24,1.0,high,True,True,True,True,True,3.1808333333333336,2.8055,1.6267156472787274,1.262,7.293,1.7016,2.0532500000000002,3.903,4.936599999999999,24,0,0,0,0.0,23.0,0,100.0,100.0,100.0,100.0,0,24,24,reported_gmt_minus_4_unconverted,1
2017-04-01,24,24,1,0.041667,weak,False,False,False,False,False,1.207,1.207,,1.207,1.207,1.207,1.207,1.207,1.207,1,23,0,0,0.0,0.0,23,0.0,0.0,4.166666666666667,100.0,23,1,1,reported_gmt_minus_4_unconverted,1
2017-04-02,24,24,24,1.0,high,True,True,True,True,True,1.5356250000000002,0.9744999999999999,1.0926752893899807,0.51,4.019,0.7265,0.7965,1.78775,3.5083999999999995,24,0,0,0,0.0,23.0,0,100.0,100.0,100.0,100.0,0,24,24,reported_gmt_minus_4_unconverted,1
2017-04-03,24,24,24,1.0,high,True,True,True,True,True,3.6318750000000004,2.327,3.112749914010747,0.595,9.728,0.6497,0.706,5.77825,8.0917,24,0,0,0,0.0,23.0,0,100.0,100.0,100.0,100.0,0,24,24,reported_gmt_minus_4_unconverted,1
2017-04-04,24,24,24,1.0,high,True,True,True,True,True,10.727166666666667,10.23,7.423228142659433,1.397,24.83,1.9487,3.4265,15.116,21.552599999999998,24,0,0,0,0.0,23.0,0,100.0,100.0,100.0,100.0,0,24,24,reported_gmt_minus_4_unconverted,1
2017-04-05,24,24,24,1.0,high,True,True,True,True,True,9.854416666666667,8.468,6.400273988134289,2.229,21.997,3.2574,4.34975,14.5725,19.3526,24,0,0,0,0.0,23.0,0,100.0,100.0,100.0,100.0,0,24,24,reported_gmt_minus_4_unconverted,1
2017-04-06,24,24,24,1.0,high,True,True,True,True,True,11.063625,8.7195,6.890807889863133,5.0,27.727,5.5301,6.5845,11.6085,23.445599999999992,24,0,0,0,0.0,23.0,0,100.0,100.0,100.0,100.0,0,24,24,reported_gmt_minus_4_unconverted,1
2017-04-07,24,24,24,1.0,high,True,True,True,True,True,14.874333333333334,16.404,8.289075024007396,3.102,28.99,3.7548,5.935499999999999,20.734250000000003,25.2894,24,0,0,0,0.0,23.0,0,100.0,100.0,100.0,100.0,0,24,24,reported_gmt_minus_4_unconverted,1
2017-04-08,24,24,24,1.0,high,True,True,True,True,True,3.2964583333333337,1.6575,3.576435461025972,0.442,12.163,0.6073000000000001,0.98825,3.30425,9.2182,24,0,0,0,0.0,23.0,0,100.0,100.0,100.0,100.0,0,24,24,reported_gmt_minus_4_unconverted,1
2017-04-09,24,24,24,1.0,high,True,True,True,True,True,2.437416666666667,1.1179999999999999,3.5488385597528107,0.434,16.049,0.4847,0.691,2.052,5.816499999999999,24,0,0,0,0.0,23.0,0,100.0,100.0,100.0,100.0,0,24,24,reported_gmt_minus_4_unconverted,1
2017-04-10,24,24,24,1.0,high,True,True,True,True,True,4.61225,4.017,4.419729160008121,0.596,16.917,0.6739,0.8082499999999999,5.895,10.673399999999999,24,0,0,0,0.0,23.0,0,100.0,100.0,100.0,100.0,0,24,24,reported_gmt_minus_4_unconverted,1
2017-04-11,24,24,24,1.0,high,True,True,True,True,True,16.124708333333334,17.211,6.305176951481438,1.978,25.317,5.6301000000000005,14.0245,20.18325,23.3532,24,0,0,0,0.0,23.0,0,100.0,100.0,100.0,100.0,0,24,24,reported_gmt_minus_4_unconverted,1
2017-04-12,24,24,24,1.0,high,True,True,True,True,True,19.8235,20.305,2.0516515722493045,15.695,23.881,17.2221,18.189,21.183500000000002,22.2525,24,0,0,0,0.0,23.0,0,100.0,100.0,100.0,100.0,0,24,24,reported_gmt_minus_4_unconverted,1
2017-04-13,24,24,24,1.0,high,True,True,True,True,True,14.122750000000002,14.953,4.405680643757853,5.676,20.824,7.6073,11.626750000000001,16.51625,19.145699999999998,24,0,0,0,0.0,23.0,0,100.0,100.0,100.0,100.0,0,24,24,reported_gmt_minus_4_unconverted,1
2017-04-14,24,24,24,1.0,high,True,True,True,True,True,5.637625,4.5280000000000005,2.9296022405854822,1.784,11.915,2.751,3.2699999999999996,8.3685,9.4595,24,0,0,0,0.0,23.0,0,100.0,100.0,100.0,100.0,0,24,24,reported_gmt_minus_4_unconverted,1
2017-04-15,24,24,24,1.0,high,True,True,True,True,True,3.60075,2.8085,2.7805350947332923,0.596,9.887,0.8472,1.48425,5.54125,7.742699999999999,24,0,0,0,0.0,23.0,0,100.0,100.0,100.0,100.0,0,24,24,reported_gmt_minus_4_unconverted,1
2017-04-16,24,24,24,1.0,high,True,True,True,True,True,1.0364166666666668,0.9059999999999999,0.5061396882857251,0.396,1.981,0.5275000000000001,0.5885,1.4505,1.8075999999999999,24,0,0,0,0.0,23.0,0,100.0,100.0,100.0,100.0,0,24,24,reported_gmt_minus_4_unconverted,1
2017-04-17,24,24,24,1.0,high,True,True,True,True,True,1.0619583333333333,0.8205,0.5866781562815945,0.348,2.729,0.6108,0.74325,1.25225,1.96,24,0,0,0,0.0,23.0,0,100.0,100.0,100.0,100.0,0,24,24,reported_gmt_minus_4_unconverted,1
2017-04-18,24,24,24,1.0,high,True,True,True,True,True,0.8601666666666667,0.837,0.4292906856124684,0.315,1.935,0.3609,0.53525,1.06725,1.3808,24,0,0,0,0.0,23.0,0,100.0,100.0,100.0,100.0,0,24,24,reported_gmt_minus_4_unconverted,1
2017-04-19,24,24,24,1.0,high,True,True,True,True,True,0.5756249999999999,0.424,0.3860998758487689,0.261,1.919,0.3666,0.37324999999999997,0.55275,0.8817999999999999,24,0,0,0,0.0,23.0,0,100.0,100.0,100.0,100.0,0,24,24,reported_gmt_minus_4_unconverted,1
2017-04-20,24,24,22,0.916667,high,True,True,True,True,True,0.36077272727272724,0.335,0.07592912222416115,0.241,0.548,0.2904,0.3075,0.41574999999999995,0.443,22,2,0,0,0.0,23.0,2,0.0,100.0,91.66666666666667,100.0,2,22,22,reported_gmt_minus_4_unconverted,1
2017-04-21,24,24,24,1.0,high,True,True,True,True,True,0.695625,0.502,0.32411535956252957,0.374,1.433,0.41359999999999997,0.47225,0.9205,1.2006,24,0,0,0,0.0,23.0,0,100.0,100.0,100.0,100.0,0,24,24,reported_gmt_minus_4_unconverted,1
2017-04-22,24,24,24,1.0,high,True,True,True,True,True,1.0745833333333332,0.939,0.4382464977083367,0.556,2.038,0.6711,0.73525,1.3415000000000001,1.6872,24,0,0,0,0.0,23.0,0,100.0,100.0,100.0,100.0,0,24,24,reported_gmt_minus_4_unconverted,1
2017-04-23,24,24,24,1.0,high,True,True,True,True,True,1.874375,1.4969999999999999,1.0796329413478816,0.747,3.416,0.7637,0.84475,2.87625,3.3461,24,0,0,0,0.0,23.0,0,100.0,100.0,100.0,100.0,0,24,24,reported_gmt_minus_4_unconverted,1
2017-04-24,24,24,24,1.0,high,True,True,True,True,True,1.9154583333333335,1.755,0.761298831755234,0.942,3.581,1.0195999999999998,1.33625,2.43,2.9688999999999997,24,0,0,0,0.0,23.0,0,100.0,100.0,100.0,100.0,0,24,24,reported_gmt_minus_4_unconverted,1
2017-04-25,24,24,24,1.0,high,True,True,True,True,True,1.2706250000000001,1.066,0.5167766158140032,0.783,2.651,0.8373999999999999,0.912,1.43475,2.1428000000000003,24,0,0,0,0.0,23.0,0,100.0,100.0,100.0,100.0,0,24,24,reported_gmt_minus_4_unconverted,1
2017-04-26,24,24,24,1.0,high,True,True,True,True,True,1.3497500000000002,1.2265000000000001,0.40764074656598004,0.784,2.318,0.9580000000000001,1.05125,1.6825,1.8339,24,0,0,0,0.0,23.0,0,100.0,100.0,100.0,100.0,0,24,24,reported_gmt_minus_4_unconverted,1
2017-04-27,24,24,24,1.0,high,True,True,True,True,True,2.22775,1.9460000000000002,0.8189736020590439,1.065,4.005,1.4086,1.69075,2.9165,3.4467999999999996,24,0,0,0,0.0,23.0,0,100.0,100.0,100.0,100.0,0,24,24,reported_gmt_minus_4_unconverted,1
2017-04-28,24,24,24,1.0,high,True,True,True,True,True,2.9047083333333337,2.7485,0.689159631862173,1.792,4.478,2.0932000000000004,2.4105,3.444,3.7569999999999997,24,0,0,0,0.0,23.0,0,100.0,100.0,100.0,100.0,0,24,24,reported_gmt_minus_4_unconverted,1
2017-04-29,24,24,24,1.0,high,True,True,True,True,True,2.6964166666666665,2.7904999999999998,0.4705791913826182,1.814,3.283,2.1155,2.2935,3.08575,3.2197,24,0,0,0,0.0,23.0,0,100.0,100.0,100.0,100.0,0,24,24,reported_gmt_minus_4_unconverted,1
2017-04-30,24,24,24,1.0,high,True,True,True,True,True,2.3395,2.323,0.4133518345555452,1.706,3.392,1.8549,2.06,2.6292500000000003,2.823,24,0,0,0,0.0,23.0,0,100.0,100.0,100.0,100.0,0,24,24,reported_gmt_minus_4_unconverted,1
2017-05-01,24,24,24,1.0,high,True,True,True,True,True,1.9647083333333333,1.915,0.3102810057612807,1.458,2.502,1.574,1.7647499999999998,2.124,2.4209,24,0,0,0,0.0,23.0,0,100.0,100.0,100.0,100.0,0,24,24,reported_gmt_minus_4_unconverted,1
2017-05-02,24,24,24,1.0,high,True,True,True,True,True,1.4544583333333332,1.3565,0.32463705207463633,1.114,2.693,1.1527,1.28625,1.60625,1.6826999999999999,24,0,0,0,0.0,23.0,0,100.0,100.0,100.0,100.0,0,24,24,reported_gmt_minus_4_unconverted,1
2017-05-03,24,24,24,1.0,high,True,True,True,True,True,0.9192916666666667,0.828,0.17039608057511862,0.715,1.23,0.7614,0.81,1.0514999999999999,1.1948,24,0,0,0,0.0,23.0,0,100.0,100.0,100.0,100.0,0,24,24,reported_gmt_minus_4_unconverted,1
2017-05-04,24,24,24,1.0,high,True,True,True,True,True,0.8639583333333333,0.8725,0.15644820761730274,0.644,1.298,0.6819000000000001,0.72075,0.98125,1.0152999999999999,24,0,0,0,0.0,23.0,0,100.0,100.0,100.0,100.0,0,24,24,reported_gmt_minus_4_unconverted,1
2017-05-05,24,24,1,0.041667,weak,False,False,False,False,False,1.047,1.047,,1.047,1.047,1.047,1.047,1.047,1.047,1,23,0,0,0.0,0.0,23,0.0,0.0,4.166666666666667,100.0,23,1,1,reported_gmt_minus_4_unconverted,1
2017-05-06,24,24,24,1.0,high,True,True,True,True,True,0.7501666666666665,0.719,0.32517362140550554,0.438,2.157,0.5116,0.63975,0.8005,0.8409,24,0,0,0,0.0,23.0,0,100.0,100.0,100.0,100.0,0,24,24,reported_gmt_minus_4_unconverted,1
2017-05-07,24,24,24,1.0,high,True,True,True,True,True,0.693375,0.5475000000000001,0.4169754254566839,0.449,2.505,0.4728,0.4975,0.74875,0.9047000000000001,24,0,0,0,0.0,23.0,0,100.0,100.0,100.0,100.0,0,24,24,reported_gmt_minus_4_unconverted,1
2017-05-08,24,24,24,1.0,high,True,True,True,True,True,0.9466666666666667,0.8835,0.3160135751991438,0.514,1.613,0.5784,0.7675000000000001,1.02075,1.4947,24,0,0,0,0.0,23.0,0,100.0,100.0,100.0,100.0,0,24,24,reported_gmt_minus_4_unconverted,1
2017-05-09,24,24,24,1.0,high,True,True,True,True,True,1.2045416666666666,1.158,0.25049967094774306,0.831,1.776,0.8881,1.0515,1.37925,1.4734,24,0,0,0,0.0,23.0,0,100.0,100.0,100.0,100.0,0,24,24,reported_gmt_minus_4_unconverted,1
2017-05-10,24,24,1,0.041667,weak,False,False,False,False,False,1.086,1.086,,1.086,1.086,1.086,1.086,1.086,1.086,1,23,0,0,0.0,0.0,23,0.0,0.0,4.166666666666667,100.0,23,1,1,reported_gmt_minus_4_unconverted,1
2017-05-11,24,24,0,0.0,missing,False,False,False,False,False,,,,,,,,,,0,24,0,0,,,24,0.0,0.0,0.0,0.0,24,0,0,reported_gmt_minus_4_unconverted,1
2017-05-12,24,24,0,0.0,missing,False,False,False,False,False,,,,,,,,,,0,24,0,0,,,24,0.0,0.0,0.0,0.0,24,0,0,reported_gmt_minus_4_unconverted,1
2017-05-13,24,24,0,0.0,missing,False,False,False,False,False,,,,,,,,,,0,24,0,0,,,24,0.0,0.0,0.0,0.0,24,0,0,reported_gmt_minus_4_unconverted,1
2017-05-14,24,24,0,0.0,missing,False,False,False,False,False,,,,,,,,,,0,24,0,0,,,24,0.0,0.0,0.0,0.0,24,0,0,reported_gmt_minus_4_unconverted,1
2017-05-15,24,24,6,0.25,weak,False,False,False,False,False,0.8289999999999998,0.849,0.07398648525237567,0.699,0.899,0.746,0.80375,0.87925,0.892,6,18,0,0,18.0,23.0,18,0.0,0.0,25.0,100.0,18,6,6,reported_gmt_minus_4_unconverted,1
2017-05-16,24,24,19,0.791667,standard,True,True,True,True,False,0.6776315789473685,0.601,0.30362773451974157,0.321,1.364,0.3784,0.484,0.7395,1.1809999999999998,19,5,0,0,0.0,23.0,5,0.0,100.0,79.16666666666667,100.0,5,19,19,reported_gmt_minus_4_unconverted,1
2017-05-17,24,24,1,0.041667,weak,False,False,False,False,False,1.304,1.304,,1.304,1.304,1.304,1.304,1.304,1.304,1,23,0,0,0.0,0.0,23,0.0,0.0,4.166666666666667,100.0,23,1,1,reported_gmt_minus_4_unconverted,1
2017-05-18,24,24,24,1.0,high,True,True,True,True,True,0.7145833333333332,0.5854999999999999,0.23808838634033566,0.464,1.334,0.49269999999999997,0.54225,0.88675,1.0294999999999999,24,0,0,0,0.0,23.0,0,100.0,100.0,100.0,100.0,0,24,24,reported_gmt_minus_4_unconverted,1
2017-05-19,24,24,24,1.0,high,True,True,True,True,True,1.0055416666666668,0.9975,0.207301708117434,0.627,1.401,0.7784,0.873,1.1532499999999999,1.2722,24,0,0,0,0.0,23.0,0,100.0,100.0,100.0,100.0,0,24,24,reported_gmt_minus_4_unconverted,1
2017-05-20,24,24,24,1.0,high,True,True,True,True,True,0.894625,0.9145000000000001,0.16133837315460298,0.567,1.149,0.7041999999999999,0.793,0.9612499999999999,1.1254,24,0,0,0,0.0,23.0,0,100.0,100.0,100.0,100.0,0,24,24,reported_gmt_minus_4_unconverted,1
2017-05-21,24,24,24,1.0,high,True,True,True,True,True,1.00025,0.958,0.17479982340056743,0.771,1.345,0.7924,0.875,1.11775,1.2511999999999999,24,0,0,0,0.0,23.0,0,100.0,100.0,100.0,100.0,0,24,24,reported_gmt_minus_4_unconverted,1
2017-05-22,24,24,24,1.0,high,True,True,True,True,True,0.9627916666666666,0.898,0.24984568788278733,0.544,1.479,0.7396,0.81125,1.0342500000000001,1.3689999999999998,24,0,0,0,0.0,23.0,0,100.0,100.0,100.0,100.0,0,24,24,reported_gmt_minus_4_unconverted,1
2017-05-23,24,24,24,1.0,high,True,True,True,True,True,1.3724999999999998,0.98,0.5977109960362188,0.827,2.504,0.8718,0.929,1.891,2.2813,24,0,0,0,0.0,23.0,0,100.0,100.0,100.0,100.0,0,24,24,reported_gmt_minus_4_unconverted,1
2017-05-24,24,24,0,0.0,missing,False,False,False,False,False,,,,,,,,,,0,24,0,0,,,24,0.0,0.0,0.0,0.0,24,0,0,reported_gmt_minus_4_unconverted,1
2017-05-25,24,24,24,1.0,high,True,True,True,True,True,1.000125,0.9325000000000001,0.2327488499948239,0.659,1.369,0.7182,0.822,1.23075,1.3004,24,0,0,0,0.0,23.0,0,100.0,100.0,100.0,100.0,0,24,24,reported_gmt_minus_4_unconverted,1
2017-05-26,24,24,24,1.0,high,True,True,True,True,True,0.8594166666666667,0.831,0.2048248279504405,0.579,1.362,0.6272,0.6972499999999999,0.9695,1.1216000000000002,24,0,0,0,0.0,23.0,0,100.0,100.0,100.0,100.0,0,24,24,reported_gmt_minus_4_unconverted,1
2017-05-27,24,24,24,1.0,high,True,True,True,True,True,0.5605,0.5435000000000001,0.10707737957846793,0.389,0.735,0.4196,0.48475,0.623,0.7216,24,0,0,0,0.0,23.0,0,100.0,100.0,100.0,100.0,0,24,24,reported_gmt_minus_4_unconverted,1
2017-05-28,24,24,24,1.0,high,True,True,True,True,True,0.4349166666666667,0.4405,0.06902987171077314,0.328,0.554,0.3593,0.373,0.48875,0.523,24,0,0,0,0.0,23.0,0,100.0,100.0,100.0,100.0,0,24,24,reported_gmt_minus_4_unconverted,1
2017-05-29,24,24,24,1.0,high,True,True,True,True,True,0.8130416666666668,0.759,0.32846222457234636,0.401,1.433,0.482,0.5377500000000001,1.1125,1.2592999999999999,24,0,0,0,0.0,23.0,0,100.0,100.0,100.0,100.0,0,24,24,reported_gmt_minus_4_unconverted,1
2017-05-30,24,24,24,1.0,high,True,True,True,True,True,0.8730833333333333,0.831,0.14674079977579713,0.723,1.304,0.7363999999999999,0.77575,0.934,1.0394999999999999,24,0,0,0,0.0,23.0,0,100.0,100.0,100.0,100.0,0,24,24,reported_gmt_minus_4_unconverted,1
2017-05-31,24,24,1,0.041667,weak,False,False,False,False,False,0.913,0.913,,0.913,0.913,0.913,0.913,0.913,0.913,1,23,0,0,0.0,0.0,23,0.0,0.0,4.166666666666667,100.0,23,1,1,reported_gmt_minus_4_unconverted,1
2017-06-01,24,24,24,1.0,high,True,True,True,True,True,0.9962083333333333,0.986,0.06026606166330927,0.892,1.111,0.9249,0.949,1.0405,1.0749,24,0,0,0,0.0,23.0,0,100.0,100.0,100.0,100.0,0,24,24,reported_gmt_minus_4_unconverted,1
2017-06-02,24,24,24,1.0,high,True,True,True,True,True,1.0225416666666665,0.978,0.17111221316070233,0.788,1.381,0.842,0.915,1.125,1.29,24,0,0,0,0.0,23.0,0,100.0,100.0,100.0,100.0,0,24,24,reported_gmt_minus_4_unconverted,1
2017-06-03,24,24,24,1.0,high,True,True,True,True,True,1.35975,1.2325,0.36553430220289385,0.974,1.947,1.0361,1.0595,1.819,1.9233,24,0,0,0,0.0,23.0,0,100.0,100.0,100.0,100.0,0,24,24,reported_gmt_minus_4_unconverted,1
2017-06-04,24,24,24,1.0,high,True,True,True,True,True,1.7599583333333335,1.7845,0.3507390308386325,1.065,2.472,1.296,1.5225,2.019,2.1146,24,0,0,0,0.0,23.0,0,100.0,100.0,100.0,100.0,0,24,24,reported_gmt_minus_4_unconverted,1
2017-06-05,24,24,24,1.0,high,True,True,True,True,True,2.2407083333333335,2.132,0.5637048625845348,1.29,3.766,1.6996,1.843,2.4850000000000003,2.9878,24,0,0,0,0.0,23.0,0,100.0,100.0,100.0,100.0,0,24,24,reported_gmt_minus_4_unconverted,1
2017-06-06,24,24,24,1.0,high,True,True,True,True,True,2.2548333333333335,2.0685000000000002,1.021832610586475,0.838,4.489,0.9704000000000002,1.6615,2.9165,3.3097999999999996,24,0,0,0,0.0,23.0,0,100.0,100.0,100.0,100.0,0,24,24,reported_gmt_minus_4_unconverted,1
2017-06-07,24,24,1,0.041667,weak,False,False,False,False,False,2.143,2.143,,2.143,2.143,2.143,2.143,2.143,2.143,1,23,0,0,0.0,0.0,23,0.0,0.0,4.166666666666667,100.0,23,1,1,reported_gmt_minus_4_unconverted,1
2017-06-08,24,24,24,1.0,high,True,True,True,True,True,4.7744583333333335,4.0405,1.8156543910539868,2.289,8.563,3.3033,3.433,5.32575,7.7005,24,0,0,0,0.0,23.0,0,100.0,100.0,100.0,100.0,0,24,24,reported_gmt_minus_4_unconverted,1
2017-06-09,24,24,24,1.0,high,True,True,True,True,True,4.581125,4.7925,1.5397654059741641,1.972,7.581,2.6075,3.423,5.51175,6.498499999999999,24,0,0,0,0.0,23.0,0,100.0,100.0,100.0,100.0,0,24,24,reported_gmt_minus_4_unconverted,1
2017-06-10,24,24,24,1.0,high,True,True,True,True,True,4.455916666666667,3.643,2.0323827933833183,2.004,8.346,2.3808,2.8165,6.3267500000000005,7.335999999999999,24,0,0,0,0.0,23.0,0,100.0,100.0,100.0,100.0,0,24,24,reported_gmt_minus_4_unconverted,1
2017-06-11,24,24,24,1.0,high,True,True,True,True,True,6.788958333333333,6.7780000000000005,0.7389105069755338,5.607,8.251,5.7845,6.2725,7.335,7.6151,24,0,0,0,0.0,23.0,0,100.0,100.0,100.0,100.0,0,24,24,reported_gmt_minus_4_unconverted,1
2017-06-12,24,24,24,1.0,high,True,True,True,True,True,6.162583333333334,6.119,1.2073531926839214,4.058,8.525,4.653,5.223,6.82025,7.7520999999999995,24,0,0,0,0.0,23.0,0,100.0,100.0,100.0,100.0,0,24,24,reported_gmt_minus_4_unconverted,1
2017-06-13,24,24,24,1.0,high,True,True,True,True,True,3.5628333333333333,3.4635,0.946648948599246,2.094,5.057,2.3727,2.7705,4.25975,4.8352,24,0,0,0,0.0,23.0,0,100.0,100.0,100.0,100.0,0,24,24,reported_gmt_minus_4_unconverted,1
2017-06-14,24,24,1,0.041667,weak,False,False,False,False,False,2.206,2.206,,2.206,2.206,2.206,2.206,2.206,2.206,1,23,0,0,0.0,0.0,23,0.0,0.0,4.166666666666667,100.0,23,1,1,reported_gmt_minus_4_unconverted,1
2017-06-15,24,24,24,1.0,high,True,True,True,True,True,2.640833333333333,2.7655000000000003,0.39912934229903213,1.892,3.272,2.0412,2.3834999999999997,2.94575,3.0885000000000002,24,0,0,0,0.0,23.0,0,100.0,100.0,100.0,100.0,0,24,24,reported_gmt_minus_4_unconverted,1
2017-06-16,24,24,24,1.0,high,True,True,True,True,True,1.9959583333333333,1.918,0.3600405145278088,1.556,2.553,1.6028,1.68175,2.379,2.4717,24,0,0,0,0.0,23.0,0,100.0,100.0,100.0,100.0,0,24,24,reported_gmt_minus_4_unconverted,1
2017-06-17,24,24,24,1.0,high,True,True,True,True,True,2.0290416666666666,2.0410000000000004,0.24540179638027645,1.625,2.476,1.7426,1.8479999999999999,2.1555,2.405,24,0,0,0,0.0,23.0,0,100.0,100.0,100.0,100.0,0,24,24,reported_gmt_minus_4_unconverted,1
2017-06-18,24,24,24,1.0,high,True,True,True,True,True,1.3292083333333333,1.3225,0.2348762818030445,0.872,1.765,1.0252000000000001,1.2000000000000002,1.50725,1.5976,24,0,0,0,0.0,23.0,0,100.0,100.0,100.0,100.0,0,24,24,reported_gmt_minus_4_unconverted,1
2017-06-19,24,24,24,1.0,high,True,True,True,True,True,1.1007916666666666,1.1275,0.2783482303138293,0.608,1.678,0.6923,0.9844999999999999,1.29525,1.3949,24,0,0,0,0.0,23.0,0,100.0,100.0,100.0,100.0,0,24,24,reported_gmt_minus_4_unconverted,1
2017-06-20,24,24,24,1.0,high,True,True,True,True,True,1.0490416666666667,0.9924999999999999,0.4861074741754907,0.467,1.756,0.4898,0.591,1.45625,1.6446,24,0,0,0,0.0,23.0,0,100.0,100.0,100.0,100.0,0,24,24,reported_gmt_minus_4_unconverted,1
2017-06-21,24,24,1,0.041667,weak,False,False,False,False,False,1.51,1.51,,1.51,1.51,1.51,1.51,1.51,1.51,1,23,0,0,0.0,0.0,23,0.0,0.0,4.166666666666667,100.0,23,1,1,reported_gmt_minus_4_unconverted,1
2017-06-22,24,24,24,1.0,high,True,True,True,True,True,1.7252083333333335,1.647,0.3516888421128351,1.24,2.584,1.3759,1.4737500000000001,1.915,2.2668999999999997,24,0,0,0,0.0,23.0,0,100.0,100.0,100.0,100.0,0,24,24,reported_gmt_minus_4_unconverted,1
2017-06-23,24,24,24,1.0,high,True,True,True,True,True,1.3549583333333335,1.373,0.2124143774644814,1.026,1.671,1.0802,1.16275,1.51425,1.6315,24,0,0,0,0.0,23.0,0,100.0,100.0,100.0,100.0,0,24,24,reported_gmt_minus_4_unconverted,1
2017-06-24,24,24,24,1.0,high,True,True,True,True,True,1.425,1.4184999999999999,0.23760306688109972,1.08,1.802,1.1394,1.1915,1.593,1.7709,24,0,0,0,0.0,23.0,0,100.0,100.0,100.0,100.0,0,24,24,reported_gmt_minus_4_unconverted,1
2017-06-25,24,24,24,1.0,high,True,True,True,True,True,1.4699166666666665,1.4745,0.11645559581703856,1.225,1.717,1.3237,1.44075,1.51375,1.5999999999999999,24,0,0,0,0.0,23.0,0,100.0,100.0,100.0,100.0,0,24,24,reported_gmt_minus_4_unconverted,1
2017-06-26,24,24,24,1.0,high,True,True,True,True,True,1.124125,1.126,0.23082165381429276,0.713,1.519,0.8345,0.9225000000000001,1.2945,1.4153,24,0,0,0,0.0,23.0,0,100.0,100.0,100.0,100.0,0,24,24,reported_gmt_minus_4_unconverted,1
2017-06-27,24,24,24,1.0,high,True,True,True,True,True,1.161625,1.1785,0.12509641933498647,0.92,1.388,0.9956,1.076,1.2542499999999999,1.2953999999999999,24,0,0,0,0.0,23.0,0,100.0,100.0,100.0,100.0,0,24,24,reported_gmt_minus_4_unconverted,1
2017-06-28,24,24,24,1.0,high,True,True,True,True,True,1.0136666666666667,1.031,0.14635117582946391,0.768,1.323,0.8046,0.9115,1.0935000000000001,1.1527,24,0,0,0,0.0,23.0,0,100.0,100.0,100.0,100.0,0,24,24,reported_gmt_minus_4_unconverted,1
2017-06-29,24,24,24,1.0,high,True,True,True,True,True,1.047375,0.9564999999999999,0.20695763324053001,0.848,1.462,0.8718,0.897,1.1164999999999998,1.4105,24,0,0,0,0.0,23.0,0,100.0,100.0,100.0,100.0,0,24,24,reported_gmt_minus_4_unconverted,1
2017-06-30,24,24,24,1.0,high,True,True,True,True,True,1.1214166666666667,1.0795,0.18559444253923466,0.876,1.442,0.9123,0.9555,1.2745,1.4019,24,0,0,0,0.0,23.0,0,100.0,100.0,100.0,100.0,0,24,24,reported_gmt_minus_4_unconverted,1
2017-07-01,24,24,24,1.0,high,True,True,True,True,True,1.3248333333333333,1.2235,0.36094678237954264,0.842,1.938,0.9337,1.0175,1.7029999999999998,1.8527,24,0,0,0,0.0,23.0,0,100.0,100.0,100.0,100.0,0,24,24,reported_gmt_minus_4_unconverted,1
2017-07-02,24,24,24,1.0,high,True,True,True,True,True,1.264875,1.223,0.2219268019748462,1.02,1.79,1.0482,1.10425,1.326,1.6057,24,0,0,0,0.0,23.0,0,100.0,100.0,100.0,100.0,0,24,24,reported_gmt_minus_4_unconverted,1
2017-07-03,24,24,24,1.0,high,True,True,True,True,True,0.7093333333333334,0.6034999999999999,0.20551455394705742,0.516,1.172,0.5437000000000001,0.56875,0.8045,1.0645,24,0,0,0,0.0,23.0,0,100.0,100.0,100.0,100.0,0,24,24,reported_gmt_minus_4_unconverted,1
2017-07-04,24,24,24,1.0,high,True,True,True,True,True,0.5275416666666667,0.5255000000000001,0.13394709506130514,0.304,0.701,0.3239,0.44425000000000003,0.64825,0.6839,24,0,0,0,0.0,23.0,0,100.0,100.0,100.0,100.0,0,24,24,reported_gmt_minus_4_unconverted,1
2017-07-05,24,24,1,0.041667,weak,False,False,False,False,False,0.608,0.608,,0.608,0.608,0.608,0.608,0.608,0.608,1,23,0,0,0.0,0.0,23,0.0,0.0,4.166666666666667,100.0,23,1,1,reported_gmt_minus_4_unconverted,1
2017-07-06,24,24,24,1.0,high,True,True,True,True,True,0.6075416666666666,0.5965,0.07895897623156109,0.458,0.744,0.5188,0.545,0.65575,0.7182,24,0,0,0,0.0,23.0,0,100.0,100.0,100.0,100.0,0,24,24,reported_gmt_minus_4_unconverted,1
2017-07-07,24,24,24,1.0,high,True,True,True,True,True,0.6353749999999999,0.5725,0.14189457583774623,0.466,0.904,0.5269,0.5467500000000001,0.65575,0.8863,24,0,0,0,0.0,23.0,0,100.0,100.0,100.0,100.0,0,24,24,reported_gmt_minus_4_unconverted,1
2017-07-08,24,24,24,1.0,high,True,True,True,True,True,0.8210833333333335,0.7545,0.28298531482357364,0.41,1.315,0.457,0.61675,1.11175,1.1859,24,0,0,0,0.0,23.0,0,100.0,100.0,100.0,100.0,0,24,24,reported_gmt_minus_4_unconverted,1
2017-07-09,24,24,24,1.0,high,True,True,True,True,True,0.9113333333333333,0.9215,0.2415618863304727,0.497,1.306,0.6082,0.70575,1.11875,1.2205,24,0,0,0,0.0,23.0,0,100.0,100.0,100.0,100.0,0,24,24,reported_gmt_minus_4_unconverted,1
2017-07-10,24,24,24,1.0,high,True,True,True,True,True,1.1601666666666668,1.0185,0.4092292507997747,0.71,2.005,0.7704000000000001,0.9185000000000001,1.21775,1.9074999999999998,24,0,0,0,0.0,23.0,0,100.0,100.0,100.0,100.0,0,24,24,reported_gmt_minus_4_unconverted,1
2017-07-11,24,24,14,0.583333,partial,False,True,False,False,False,1.2292142857142854,1.2335,0.20556046408685796,0.847,1.586,0.9669,1.10825,1.3255000000000001,1.4757000000000002,14,10,0,0,0.0,13.0,10,0.0,100.0,58.333333333333336,100.0,10,14,14,reported_gmt_minus_4_unconverted,1
2017-07-12,24,24,0,0.0,missing,False,False,False,False,False,,,,,,,,,,0,24,0,0,,,24,0.0,0.0,0.0,0.0,24,0,0,reported_gmt_minus_4_unconverted,1
2017-07-13,24,24,0,0.0,missing,False,False,False,False,False,,,,,,,,,,0,24,0,0,,,24,0.0,0.0,0.0,0.0,24,0,0,reported_gmt_minus_4_unconverted,1
2017-07-14,24,24,0,0.0,missing,False,False,False,False,False,,,,,,,,,,0,24,0,0,,,24,0.0,0.0,0.0,0.0,24,0,0,reported_gmt_minus_4_unconverted,1
2017-07-15,24,24,0,0.0,missing,False,False,False,False,False,,,,,,,,,,0,24,0,0,,,24,0.0,0.0,0.0,0.0,24,0,0,reported_gmt_minus_4_unconverted,1
2017-07-16,24,24,0,0.0,missing,False,False,False,False,False,,,,,,,,,,0,24,0,0,,,24,0.0,0.0,0.0,0.0,24,0,0,reported_gmt_minus_4_unconverted,1
2017-07-17,24,24,0,0.0,missing,False,False,False,False,False,,,,,,,,,,0,24,0,0,,,24,0.0,0.0,0.0,0.0,24,0,0,reported_gmt_minus_4_unconverted,1
2017-07-18,24,24,0,0.0,missing,False,False,False,False,False,,,,,,,,,,0,24,0,0,,,24,0.0,0.0,0.0,0.0,24,0,0,reported_gmt_minus_4_unconverted,1
2017-07-19,24,24,0,0.0,missing,False,False,False,False,False,,,,,,,,,,0,24,0,0,,,24,0.0,0.0,0.0,0.0,24,0,0,reported_gmt_minus_4_unconverted,1
2017-07-20,24,24,0,0.0,missing,False,False,False,False,False,,,,,,,,,,0,24,0,0,,,24,0.0,0.0,0.0,0.0,24,0,0,reported_gmt_minus_4_unconverted,1
2017-07-21,24,24,8,0.333333,weak,False,False,False,False,False,1.466875,1.4675,0.21901170060067568,1.164,1.773,1.2445,1.279,1.61575,1.7401,8,16,0,0,16.0,23.0,16,0.0,0.0,33.333333333333336,100.0,16,8,8,reported_gmt_minus_4_unconverted,1
2017-07-22,24,24,24,1.0,high,True,True,True,True,True,1.5157916666666666,1.5385,0.1472835122171334,1.219,1.789,1.3603,1.3932499999999999,1.61525,1.7127999999999999,24,0,0,0,0.0,23.0,0,100.0,100.0,100.0,100.0,0,24,24,reported_gmt_minus_4_unconverted,1
2017-07-23,24,24,24,1.0,high,True,True,True,True,True,1.2362083333333334,1.201,0.22762554666107587,0.863,1.805,0.9629,1.09375,1.38175,1.4707,24,0,0,0,0.0,23.0,0,100.0,100.0,100.0,100.0,0,24,24,reported_gmt_minus_4_unconverted,1
2017-07-24,24,24,24,1.0,high,True,True,True,True,True,1.1381666666666668,1.0950000000000002,0.1652720199541052,0.87,1.432,0.9315,1.03575,1.2850000000000001,1.3677,24,0,0,0,0.0,23.0,0,100.0,100.0,100.0,100.0,0,24,24,reported_gmt_minus_4_unconverted,1
2017-07-25,24,24,24,1.0,high,True,True,True,True,True,0.9545,0.8915,0.2537641835830368,0.539,1.495,0.6415000000000001,0.8294999999999999,1.16275,1.2705,24,0,0,0,0.0,23.0,0,100.0,100.0,100.0,100.0,0,24,24,reported_gmt_minus_4_unconverted,1
2017-07-26,24,24,24,1.0,high,True,True,True,True,True,1.3430833333333332,1.3325,0.2747876518753861,0.937,1.875,0.983,1.0790000000000002,1.5230000000000001,1.6951,24,0,0,0,0.0,23.0,0,100.0,100.0,100.0,100.0,0,24,24,reported_gmt_minus_4_unconverted,1
2017-07-27,24,24,24,1.0,high,True,True,True,True,True,1.8084583333333335,1.863,0.21080425273465073,1.459,2.153,1.4875,1.6764999999999999,1.94325,2.0545,24,0,0,0,0.0,23.0,0,100.0,100.0,100.0,100.0,0,24,24,reported_gmt_minus_4_unconverted,1
2017-07-28,24,24,24,1.0,high,True,True,True,True,True,1.7393333333333334,1.6955,0.2200963557106329,1.495,2.174,1.5189,1.556,1.8935,2.0609,24,0,0,0,0.0,23.0,0,100.0,100.0,100.0,100.0,0,24,24,reported_gmt_minus_4_unconverted,1
2017-07-29,24,24,24,1.0,high,True,True,True,True,True,1.8546250000000002,1.8475000000000001,0.168507466613049,1.598,2.246,1.6622999999999999,1.7232500000000002,1.9665000000000001,2.0714,24,0,0,0,0.0,23.0,0,100.0,100.0,100.0,100.0,0,24,24,reported_gmt_minus_4_unconverted,1
2017-07-30,24,24,24,1.0,high,True,True,True,True,True,2.400166666666667,2.1950000000000003,0.49385120683537226,1.807,3.275,1.8641,2.0095,2.9405,3.0660000000000003,24,0,0,0,0.0,23.0,0,100.0,100.0,100.0,100.0,0,24,24,reported_gmt_minus_4_unconverted,1
2017-07-31,24,24,24,1.0,high,True,True,True,True,True,2.688041666666667,2.6955,0.41800306626363054,1.914,3.521,2.1157,2.39175,2.9375,3.1896999999999998,24,0,0,0,0.0,23.0,0,100.0,100.0,100.0,100.0,0,24,24,reported_gmt_minus_4_unconverted,1
2017-08-01,24,24,24,1.0,high,True,True,True,True,True,3.0703333333333336,3.167,0.4636649527469131,2.184,3.66,2.4074999999999998,2.793,3.40775,3.6099,24,0,0,0,0.0,23.0,0,100.0,100.0,100.0,100.0,0,24,24,reported_gmt_minus_4_unconverted,1
2017-08-02,24,24,1,0.041667,weak,False,False,False,False,False,3.599,3.599,,3.599,3.599,3.599,3.599,3.599,3.599,1,23,0,0,0.0,0.0,23,0.0,0.0,4.166666666666667,100.0,23,1,1,reported_gmt_minus_4_unconverted,1
2017-08-03,24,24,24,1.0,high,True,True,True,True,True,6.295375,6.1240000000000006,1.0530055044449218,4.73,9.195,5.2033,5.76075,6.47075,7.357,24,0,0,0,0.0,23.0,0,100.0,100.0,100.0,100.0,0,24,24,reported_gmt_minus_4_unconverted,1
2017-08-04,24,24,24,1.0,high,True,True,True,True,True,5.094541666666667,4.9805,0.7820705505352397,3.6,6.775,4.374099999999999,4.57925,5.4552499999999995,6.279599999999999,24,0,0,0,0.0,23.0,0,100.0,100.0,100.0,100.0,0,24,24,reported_gmt_minus_4_unconverted,1
2017-08-05,24,24,24,1.0,high,True,True,True,True,True,3.841583333333333,3.702,1.0453568525988446,2.401,6.434,2.7056,3.0785,4.38775,5.214799999999999,24,0,0,0,0.0,23.0,0,100.0,100.0,100.0,100.0,0,24,24,reported_gmt_minus_4_unconverted,1
2017-08-06,24,24,24,1.0,high,True,True,True,True,True,3.4110416666666663,3.2595,1.0478444324947023,2.007,5.028,2.3019,2.4075,4.284,4.7133,24,0,0,0,0.0,23.0,0,100.0,100.0,100.0,100.0,0,24,24,reported_gmt_minus_4_unconverted,1
2017-08-07,24,24,24,1.0,high,True,True,True,True,True,2.657541666666667,2.3415,0.8671021192137219,1.674,4.502,1.8212,2.03375,3.05775,4.0927,24,0,0,0,0.0,23.0,0,100.0,100.0,100.0,100.0,0,24,24,reported_gmt_minus_4_unconverted,1
2017-08-08,24,24,24,1.0,high,True,True,True,True,True,3.799041666666666,3.287,1.4765168023946167,1.789,6.607,2.4771,2.6935,4.6129999999999995,6.3736999999999995,24,0,0,0,0.0,23.0,0,100.0,100.0,100.0,100.0,0,24,24,reported_gmt_minus_4_unconverted,1
2017-08-09,24,24,1,0.041667,weak,False,False,False,False,False,6.423,6.423,,6.423,6.423,6.423,6.423,6.423,6.423,1,23,0,0,0.0,0.0,23,0.0,0.0,4.166666666666667,100.0,23,1,1,reported_gmt_minus_4_unconverted,1
2017-08-10,24,24,24,1.0,high,True,True,True,True,True,5.107666666666667,4.8580000000000005,0.9592966475345438,3.828,7.581,4.1821,4.4065,5.49775,6.3655,24,0,0,0,0.0,23.0,0,100.0,100.0,100.0,100.0,0,24,24,reported_gmt_minus_4_unconverted,1
2017-08-11,24,24,24,1.0,high,True,True,True,True,True,4.933333333333334,5.0255,1.2705743879688112,2.898,7.278,3.3312999999999997,3.7925,5.8100000000000005,6.4952,24,0,0,0,0.0,23.0,0,100.0,100.0,100.0,100.0,0,24,24,reported_gmt_minus_4_unconverted,1
2017-08-12,24,24,24,1.0,high,True,True,True,True,True,4.8356666666666674,4.906499999999999,0.8725124973150897,3.19,6.53,3.6455,4.19875,5.4245,5.8259,24,0,0,0,0.0,23.0,0,100.0,100.0,100.0,100.0,0,24,24,reported_gmt_minus_4_unconverted,1
2017-08-13,24,24,24,1.0,high,True,True,True,True,True,4.659583333333334,4.6905,1.117684170862727,2.519,6.186,3.0943,3.93325,5.810499999999999,6.0443,24,0,0,0,0.0,23.0,0,100.0,100.0,100.0,100.0,0,24,24,reported_gmt_minus_4_unconverted,1
2017-08-14,24,24,24,1.0,high,True,True,True,True,True,4.120583333333333,4.285,1.4211128498061152,2.043,6.919,2.2358,2.8705,4.9910000000000005,5.8096,24,0,0,0,0.0,23.0,0,100.0,100.0,100.0,100.0,0,24,24,reported_gmt_minus_4_unconverted,1
2017-08-15,24,24,24,1.0,high,True,True,True,True,True,6.786041666666667,6.674,2.6686980456878167,2.348,10.773,3.6403000000000003,4.60175,9.4215,10.1406,24,0,0,0,0.0,23.0,0,100.0,100.0,100.0,100.0,0,24,24,reported_gmt_minus_4_unconverted,1
2017-08-16,24,24,8,0.333333,weak,False,False,False,False,False,3.298875,3.2880000000000003,0.7433936541294929,2.138,4.391,2.5713,2.805,3.781,4.1173,8,16,0,0,0.0,7.0,16,0.0,0.0,33.333333333333336,100.0,16,8,8,reported_gmt_minus_4_unconverted,1
2017-08-17,24,24,24,1.0,high,True,True,True,True,True,11.048583333333335,11.7395,2.691695908218245,5.505,14.604,6.735600000000001,9.04575,12.82325,13.693200000000001,24,0,0,0,0.0,23.0,0,100.0,100.0,100.0,100.0,0,24,24,reported_gmt_minus_4_unconverted,1
2017-08-18,24,24,24,1.0,high,True,True,True,True,True,12.318249999999999,12.4595,1.3258026690994797,8.802,14.216,11.2402,11.67575,13.26675,13.5999,24,0,0,0,0.0,23.0,0,100.0,100.0,100.0,100.0,0,24,24,reported_gmt_minus_4_unconverted,1
2017-08-19,24,24,24,1.0,high,True,True,True,True,True,10.873541666666666,13.1155,4.659396695217719,2.222,16.436,3.7034,6.3235,13.96075,15.3872,24,0,0,0,0.0,23.0,0,100.0,100.0,100.0,100.0,0,24,24,reported_gmt_minus_4_unconverted,1
2017-08-20,24,24,24,1.0,high,True,True,True,True,True,2.8865,2.3195,1.4991635058896358,0.717,6.5,1.5276,1.8355000000000001,3.88,5.0367999999999995,24,0,0,0,0.0,23.0,0,100.0,100.0,100.0,100.0,0,24,24,reported_gmt_minus_4_unconverted,1
2017-08-21,24,24,24,1.0,high,True,True,True,True,True,5.04475,2.2439999999999998,5.016475527438692,0.849,15.404,1.1729,1.806,8.04325,13.747699999999998,24,0,0,0,0.0,23.0,0,100.0,100.0,100.0,100.0,0,24,24,reported_gmt_minus_4_unconverted,1
2017-08-22,24,24,24,1.0,high,True,True,True,True,True,12.557458333333335,11.719999999999999,2.256714926404744,9.942,16.871,10.2689,10.6495,15.28875,15.6767,24,0,0,0,0.0,23.0,0,100.0,100.0,100.0,100.0,0,24,24,reported_gmt_minus_4_unconverted,1
2017-08-23,24,24,1,0.041667,weak,False,False,False,False,False,9.936,9.936,,9.936,9.936,9.936,9.936,9.936,9.936,1,23,0,0,0.0,0.0,23,0.0,0.0,4.166666666666667,100.0,23,1,1,reported_gmt_minus_4_unconverted,1
2017-08-24,24,24,10,0.416667,weak,False,False,False,False,False,0.05550000000000001,0.0555,0.002068278940998478,0.051,0.058,0.0537,0.055,0.05675,0.058,10,14,0,0,0.0,9.0,14,0.0,0.0,41.666666666666664,100.0,14,10,10,reported_gmt_minus_4_unconverted,1
2017-08-25,24,24,0,0.0,missing,False,False,False,False,False,,,,,,,,,,0,24,0,0,,,24,0.0,0.0,0.0,0.0,24,0,0,reported_gmt_minus_4_unconverted,1
2017-08-26,24,24,0,0.0,missing,False,False,False,False,False,,,,,,,,,,0,24,0,0,,,24,0.0,0.0,0.0,0.0,24,0,0,reported_gmt_minus_4_unconverted,1
2017-08-27,24,24,0,0.0,missing,False,False,False,False,False,,,,,,,,,,0,24,0,0,,,24,0.0,0.0,0.0,0.0,24,0,0,reported_gmt_minus_4_unconverted,1
2017-08-28,24,24,10,0.416667,weak,False,False,False,False,False,12.035499999999999,12.182500000000001,0.9909932447353568,10.15,13.558,10.9555,11.513,12.35225,13.192599999999999,10,14,0,0,14.0,23.0,14,0.0,0.0,41.666666666666664,100.0,14,10,10,reported_gmt_minus_4_unconverted,1
2017-08-29,24,24,24,1.0,high,True,True,True,True,True,10.420041666666668,10.721,1.5237379233509847,7.836,13.349,8.3648,9.3415,11.487,11.7135,24,0,0,0,0.0,23.0,0,100.0,100.0,100.0,100.0,0,24,24,reported_gmt_minus_4_unconverted,1
2017-08-30,24,24,1,0.041667,weak,False,False,False,False,False,8.59,8.59,,8.59,8.59,8.59,8.59,8.59,8.59,1,23,0,0,0.0,0.0,23,0.0,0.0,4.166666666666667,100.0,23,1,1,reported_gmt_minus_4_unconverted,1
2017-08-31,24,24,24,1.0,high,True,True,True,True,True,6.129208333333334,6.192,1.073004557677693,4.294,7.996,4.7321,5.38375,6.67525,7.521199999999999,24,0,0,0,0.0,23.0,0,100.0,100.0,100.0,100.0,0,24,24,reported_gmt_minus_4_unconverted,1
2017-09-01,24,24,24,1.0,high,True,True,True,True,True,5.479541666666667,5.484,1.7138785401428887,1.395,8.275,3.4839,4.7065,6.35975,7.6484,24,0,0,0,0.0,23.0,0,100.0,100.0,100.0,100.0,0,24,24,reported_gmt_minus_4_unconverted,1
2017-09-02,24,24,24,1.0,high,True,True,True,True,True,3.2615833333333337,3.1895,1.5622190715569415,1.277,6.344,1.4587,1.928,4.1975,5.487399999999999,24,0,0,0,0.0,23.0,0,100.0,100.0,100.0,100.0,0,24,24,reported_gmt_minus_4_unconverted,1
2017-09-03,24,24,24,1.0,high,True,True,True,True,True,1.452208333333333,1.244,0.7136448379342101,0.637,3.043,0.7333999999999999,0.92525,1.77275,2.5932,24,0,0,0,0.0,23.0,0,100.0,100.0,100.0,100.0,0,24,24,reported_gmt_minus_4_unconverted,1
2017-09-04,24,24,24,1.0,high,True,True,True,True,True,1.25725,0.7115,1.0600080085833643,0.284,3.21,0.3249,0.47975,2.4372499999999997,2.8225000000000002,24,0,0,0,0.0,23.0,0,100.0,100.0,100.0,100.0,0,24,24,reported_gmt_minus_4_unconverted,1
2017-09-05,24,24,24,1.0,high,True,True,True,True,True,1.9747083333333333,1.9855,1.3325555206368365,0.244,4.714,0.314,0.9590000000000001,2.68125,3.6527,24,0,0,0,0.0,23.0,0,100.0,100.0,100.0,100.0,0,24,24,reported_gmt_minus_4_unconverted,1
2017-09-06,24,24,1,0.041667,weak,False,False,False,False,False,1.745,1.745,,1.745,1.745,1.745,1.745,1.745,1.745,1,23,0,0,0.0,0.0,23,0.0,0.0,4.166666666666667,100.0,23,1,1,reported_gmt_minus_4_unconverted,1
2017-09-07,24,24,24,1.0,high,True,True,True,True,True,2.665375,2.7175000000000002,0.8383951445936819,0.953,4.553,1.7078000000000002,2.06475,3.20625,3.5202,24,0,0,0,0.0,23.0,0,100.0,100.0,100.0,100.0,0,24,24,reported_gmt_minus_4_unconverted,1
2017-09-08,24,24,24,1.0,high,True,True,True,True,True,3.3745,3.1624999999999996,1.267427315470201,1.618,5.932,1.7426000000000001,2.47125,4.17225,5.1202,24,0,0,0,0.0,23.0,0,100.0,100.0,100.0,100.0,0,24,24,reported_gmt_minus_4_unconverted,1
2017-09-09,24,24,24,1.0,high,True,True,True,True,True,3.645583333333333,3.121,1.8871085984433542,1.421,7.336,1.7418,1.9500000000000002,4.71,6.8354,24,0,0,0,0.0,23.0,0,100.0,100.0,100.0,100.0,0,24,24,reported_gmt_minus_4_unconverted,1
2017-09-10,24,24,24,1.0,high,True,True,True,True,True,8.665291666666667,8.0235,4.2310832869133055,2.882,15.477,3.6528,4.9742500000000005,12.62325,14.6544,24,0,0,0,0.0,23.0,0,100.0,100.0,100.0,100.0,0,24,24,reported_gmt_minus_4_unconverted,1
2017-09-11,24,24,24,1.0,high,True,True,True,True,True,12.838999999999999,13.567499999999999,4.41271411107574,4.71,19.599,6.566200000000001,9.2495,16.3445,17.8136,24,0,0,0,0.0,23.0,0,100.0,100.0,100.0,100.0,0,24,24,reported_gmt_minus_4_unconverted,1
2017-09-12,24,24,24,1.0,high,True,True,True,True,True,13.01,13.972000000000001,4.551369492896568,4.79,19.111,6.143,9.65525,16.412750000000003,17.9255,24,0,0,0,0.0,23.0,0,100.0,100.0,100.0,100.0,0,24,24,reported_gmt_minus_4_unconverted,1
2017-09-13,24,24,24,1.0,high,True,True,True,True,True,11.770083333333334,12.683499999999999,3.5354777663325625,4.37,16.298,5.3195,10.57375,14.1765,15.2219,24,0,0,0,0.0,23.0,0,100.0,100.0,100.0,100.0,0,24,24,reported_gmt_minus_4_unconverted,1
2017-09-14,24,24,24,1.0,high,True,True,True,True,True,5.41425,4.845000000000001,3.154917559041413,0.723,10.909,1.1989,3.1575,7.546749999999999,9.9217,24,0,0,0,0.0,23.0,0,100.0,100.0,100.0,100.0,0,24,24,reported_gmt_minus_4_unconverted,1
2017-09-15,24,24,24,1.0,high,True,True,True,True,True,4.040583333333333,3.2960000000000003,3.0238135138706332,0.42,9.412,0.5487000000000001,1.1617499999999998,6.629,8.2814,24,0,0,0,0.0,23.0,0,100.0,100.0,100.0,100.0,0,24,24,reported_gmt_minus_4_unconverted,1
2017-09-16,24,24,24,1.0,high,True,True,True,True,True,5.803541666666667,6.6225000000000005,2.3716694171564807,1.146,8.707,1.8573000000000002,5.311,7.35125,8.1344,24,0,0,0,0.0,23.0,0,100.0,100.0,100.0,100.0,0,24,24,reported_gmt_minus_4_unconverted,1
2017-09-17,24,24,24,1.0,high,True,True,True,True,True,6.170625,6.269,0.909768666845541,4.653,8.314,5.107,5.53575,6.56475,7.382099999999999,24,0,0,0,0.0,23.0,0,100.0,100.0,100.0,100.0,0,24,24,reported_gmt_minus_4_unconverted,1
2017-09-18,24,24,24,1.0,high,True,True,True,True,True,6.941333333333333,6.9725,0.9176735550418724,5.485,8.922,5.735,6.2355,7.281750000000001,8.0811,24,0,0,0,0.0,23.0,0,100.0,100.0,100.0,100.0,0,24,24,reported_gmt_minus_4_unconverted,1
2017-09-19,24,24,24,1.0,high,True,True,True,True,True,8.645041666666666,8.6725,1.6720272901654358,5.489,12.206,6.8329,7.29275,9.336500000000001,11.101099999999999,24,0,0,0,0.0,23.0,0,100.0,100.0,100.0,100.0,0,24,24,reported_gmt_minus_4_unconverted,1
2017-09-20,24,24,1,0.041667,weak,False,False,False,False,False,8.153,8.153,,8.153,8.153,8.153,8.153,8.153,8.153,1,23,0,0,0.0,0.0,23,0.0,0.0,4.166666666666667,100.0,23,1,1,reported_gmt_minus_4_unconverted,1
2017-09-21,24,24,24,1.0,high,True,True,True,True,True,3.8815416666666667,3.453,1.4457273174597192,2.291,6.855,2.3973999999999998,2.86375,4.623749999999999,6.2201,24,0,0,0,0.0,23.0,0,100.0,100.0,100.0,100.0,0,24,24,reported_gmt_minus_4_unconverted,1
2017-09-22,24,24,24,1.0,high,True,True,True,True,True,4.404208333333333,4.6055,1.7711478955055175,2.247,7.059,2.3617,2.6435,5.945,6.392799999999999,24,0,0,0,0.0,23.0,0,100.0,100.0,100.0,100.0,0,24,24,reported_gmt_minus_4_unconverted,1
2017-09-23,24,24,24,1.0,high,True,True,True,True,True,6.338874999999999,6.695499999999999,1.0241098069734174,4.786,7.876,4.9168,5.2010000000000005,7.03275,7.5845,24,0,0,0,0.0,23.0,0,100.0,100.0,100.0,100.0,0,24,24,reported_gmt_minus_4_unconverted,1
2017-09-24,24,24,24,1.0,high,True,True,True,True,True,9.124125000000001,9.081,2.9805710324278176,4.605,13.325,5.179,6.94,11.76825,13.0526,24,0,0,0,0.0,23.0,0,100.0,100.0,100.0,100.0,0,24,24,reported_gmt_minus_4_unconverted,1
2017-09-25,24,24,24,1.0,high,True,True,True,True,True,7.778000000000001,7.7805,0.6170892402519935,6.026,8.872,7.235200000000001,7.446,8.1565,8.4131,24,0,0,0,0.0,23.0,0,100.0,100.0,100.0,100.0,0,24,24,reported_gmt_minus_4_unconverted,1
2017-09-26,24,24,24,1.0,high,True,True,True,True,True,6.8665416666666665,6.853,1.2429537043799677,4.613,9.199,5.4283,5.774,7.8015,8.4197,24,0,0,0,0.0,23.0,0,100.0,100.0,100.0,100.0,0,24,24,reported_gmt_minus_4_unconverted,1
2017-09-27,24,24,24,1.0,high,True,True,True,True,True,6.8300833333333335,6.7185,1.1254427502356443,5.097,9.366,5.6344,5.95375,7.66225,8.0023,24,0,0,0,0.0,23.0,0,100.0,100.0,100.0,100.0,0,24,24,reported_gmt_minus_4_unconverted,1
2017-09-28,24,24,24,1.0,high,True,True,True,True,True,3.918416666666667,3.817,1.0987853735381852,2.422,5.561,2.4885,2.82675,4.914,5.3441,24,0,0,0,0.0,23.0,0,100.0,100.0,100.0,100.0,0,24,24,reported_gmt_minus_4_unconverted,1
2017-09-29,24,24,24,1.0,high,True,True,True,True,True,2.888125,2.726,1.0504015096722488,1.482,4.805,1.6236,1.94725,3.67075,4.5105,24,0,0,0,0.0,23.0,0,100.0,100.0,100.0,100.0,0,24,24,reported_gmt_minus_4_unconverted,1
2017-09-30,24,24,24,1.0,high,True,True,True,True,True,2.1898750000000002,1.978,0.8290448308274644,1.271,4.254,1.3409,1.5335,2.537,3.1523,24,0,0,0,0.0,23.0,0,100.0,100.0,100.0,100.0,0,24,24,reported_gmt_minus_4_unconverted,1
2017-10-01,24,24,24,1.0,high,True,True,True,True,True,2.68,2.5705,0.6063134502878853,1.789,3.903,1.8429,2.3047500000000003,3.09025,3.4751,24,0,0,0,0.0,23.0,0,100.0,100.0,100.0,100.0,0,24,24,reported_gmt_minus_4_unconverted,1
2017-10-02,24,24,24,1.0,high,True,True,True,True,True,1.733583333333333,1.7355,0.3706355196224413,1.074,2.293,1.2221,1.4820000000000002,2.0795000000000003,2.1792,24,0,0,0,0.0,23.0,0,100.0,100.0,100.0,100.0,0,24,24,reported_gmt_minus_4_unconverted,1
2017-10-03,24,24,24,1.0,high,True,True,True,True,True,1.483125,1.3795,0.4209480307178279,0.799,2.326,1.0401,1.248,1.546,2.1573,24,0,0,0,0.0,23.0,0,100.0,100.0,100.0,100.0,0,24,24,reported_gmt_minus_4_unconverted,1
2017-10-04,24,24,24,1.0,high,True,True,True,True,True,2.0001666666666664,1.8255,0.4854234069943177,1.463,3.384,1.5906,1.6745,2.19075,2.6477,24,0,0,0,0.0,23.0,0,100.0,100.0,100.0,100.0,0,24,24,reported_gmt_minus_4_unconverted,1
2017-10-05,24,24,24,1.0,high,True,True,True,True,True,2.364,2.357,0.5494712873773969,0.887,3.212,1.8071,2.0620000000000003,2.7257499999999997,3.0799,24,0,0,0,0.0,23.0,0,100.0,100.0,100.0,100.0,0,24,24,reported_gmt_minus_4_unconverted,1
2017-10-06,24,24,24,1.0,high,True,True,True,True,True,3.298958333333333,2.7855,1.5074213939897403,1.991,9.328,2.4453,2.63475,3.17475,4.5512,24,0,0,0,0.0,23.0,0,100.0,100.0,100.0,100.0,0,24,24,reported_gmt_minus_4_unconverted,1
2017-10-07,24,24,24,1.0,high,True,True,True,True,True,3.7079583333333335,3.9655,0.9336661948500637,1.827,5.417,2.3348000000000004,3.11475,4.2669999999999995,4.6283,24,0,0,0,0.0,23.0,0,100.0,100.0,100.0,100.0,0,24,24,reported_gmt_minus_4_unconverted,1
2017-10-08,24,24,24,1.0,high,True,True,True,True,True,4.932875,4.577999999999999,1.5102929261656783,2.686,7.973,3.0328,3.6705,6.2715,6.7040999999999995,24,0,0,0,0.0,23.0,0,100.0,100.0,100.0,100.0,0,24,24,reported_gmt_minus_4_unconverted,1
2017-10-09,24,24,24,1.0,high,True,True,True,True,True,7.738208333333334,7.8759999999999994,2.8510047348589946,2.176,13.311,4.022200000000001,6.05675,8.86775,11.6689,24,0,0,0,0.0,23.0,0,100.0,100.0,100.0,100.0,0,24,24,reported_gmt_minus_4_unconverted,1
2017-10-10,24,24,24,1.0,high,True,True,True,True,True,8.058541666666667,7.8614999999999995,4.0961023146524855,1.224,18.583,2.0274,6.29075,9.758000000000001,13.077799999999998,24,0,0,0,0.0,23.0,0,100.0,100.0,100.0,100.0,0,24,24,reported_gmt_minus_4_unconverted,1
2017-10-11,24,24,24,1.0,high,True,True,True,True,True,5.583125,5.6685,1.4270398767317642,2.471,7.812,3.6748,4.717,6.4585,7.5131,24,0,0,0,0.0,23.0,0,100.0,100.0,100.0,100.0,0,24,24,reported_gmt_minus_4_unconverted,1
2017-10-12,24,24,24,1.0,high,True,True,True,True,True,4.989333333333334,4.539,1.3455273951185436,3.154,8.156,3.8369,4.1739999999999995,5.49625,7.0956,24,0,0,0,0.0,23.0,0,100.0,100.0,100.0,100.0,0,24,24,reported_gmt_minus_4_unconverted,1
2017-10-13,24,24,24,1.0,high,True,True,True,True,True,4.521625,4.073,1.586094268060355,2.252,7.698,3.0855,3.302,5.40375,6.7048,24,0,0,0,0.0,23.0,0,100.0,100.0,100.0,100.0,0,24,24,reported_gmt_minus_4_unconverted,1
2017-10-14,24,24,24,1.0,high,True,True,True,True,True,4.259083333333333,4.353,0.7714232423518101,3.052,5.366,3.3314,3.5380000000000003,4.9190000000000005,5.277699999999999,24,0,0,0,0.0,23.0,0,100.0,100.0,100.0,100.0,0,24,24,reported_gmt_minus_4_unconverted,1
2017-10-15,24,24,24,1.0,high,True,True,True,True,True,6.741750000000001,6.7524999999999995,1.700041719436934,3.665,10.224,4.891900000000001,5.5360000000000005,7.3252500000000005,9.2825,24,0,0,0,0.0,23.0,0,100.0,100.0,100.0,100.0,0,24,24,reported_gmt_minus_4_unconverted,1
2017-10-16,24,24,24,1.0,high,True,True,True,True,True,9.065208333333333,9.5545,2.229539647924357,4.952,12.527,6.0697,7.14725,10.5845,11.294699999999999,24,0,0,0,0.0,23.0,0,100.0,100.0,100.0,100.0,0,24,24,reported_gmt_minus_4_unconverted,1
2017-10-17,24,24,24,1.0,high,True,True,True,True,True,9.602958333333333,9.982500000000002,2.130113866708756,5.919,13.12,6.8383,7.97075,11.39675,12.1154,24,0,0,0,0.0,23.0,0,100.0,100.0,100.0,100.0,0,24,24,reported_gmt_minus_4_unconverted,1
2017-10-18,24,24,1,0.041667,weak,False,False,False,False,False,7.247,7.247,,7.247,7.247,7.247,7.247,7.247,7.247,1,23,0,0,0.0,0.0,23,0.0,0.0,4.166666666666667,100.0,23,1,1,reported_gmt_minus_4_unconverted,1
2017-10-19,24,24,24,1.0,high,True,True,True,True,True,25.0565,25.29,4.943180299995224,16.762,37.255,18.3382,21.73925,29.02825,29.667099999999998,24,0,0,0,0.0,23.0,0,100.0,100.0,100.0,100.0,0,24,24,reported_gmt_minus_4_unconverted,1
2017-10-20,24,24,24,1.0,high,True,True,True,True,True,32.084291666666665,33.09,4.661418784570308,23.694,41.278,25.9514,28.565749999999998,34.96425,36.7307,24,0,0,0,0.0,23.0,0,100.0,100.0,100.0,100.0,0,24,24,reported_gmt_minus_4_unconverted,1
2017-10-21,24,24,24,1.0,high,True,True,True,True,True,32.78145833333334,33.788,5.678963821433001,23.459,41.285,25.0313,27.94225,37.1295,40.0075,24,0,0,0,0.0,23.0,0,100.0,100.0,100.0,100.0,0,24,24,reported_gmt_minus_4_unconverted,1
2017-10-22,24,24,24,1.0,high,True,True,True,True,True,35.4925,34.697,2.797258968906961,30.532,41.609,32.4868,33.94825,37.211,39.735699999999994,24,0,0,0,0.0,23.0,0,100.0,100.0,100.0,100.0,0,24,24,reported_gmt_minus_4_unconverted,1
2017-10-23,24,24,24,1.0,high,True,True,True,True,True,32.45883333333333,31.5025,3.5670946485738297,27.372,40.442,28.8737,30.037,33.760999999999996,37.4231,24,0,0,0,0.0,23.0,0,100.0,100.0,100.0,100.0,0,24,24,reported_gmt_minus_4_unconverted,1
2017-10-24,24,24,24,1.0,high,True,True,True,True,True,29.662499999999998,28.701999999999998,5.214791329353041,23.49,45.994,25.4033,25.72625,31.76275,36.4886,24,0,0,0,0.0,23.0,0,100.0,100.0,100.0,100.0,0,24,24,reported_gmt_minus_4_unconverted,1
2017-10-25,24,24,24,1.0,high,True,True,True,True,True,28.887666666666664,28.009,3.070521520165117,23.823,36.235,25.9653,27.053250000000002,30.63125,32.2937,24,0,0,0,0.0,23.0,0,100.0,100.0,100.0,100.0,0,24,24,reported_gmt_minus_4_unconverted,1
2017-10-26,24,24,24,1.0,high,True,True,True,True,True,25.133916666666664,24.7795,2.137893069206765,20.5,28.155,22.819699999999997,23.6935,27.31375,27.5342,24,0,0,0,0.0,23.0,0,100.0,100.0,100.0,100.0,0,24,24,reported_gmt_minus_4_unconverted,1
2017-10-27,24,24,24,1.0,high,True,True,True,True,True,24.5675,24.8095,4.454278119428263,18.522,33.364,18.6091,21.36075,27.505,30.3505,24,0,0,0,0.0,23.0,0,100.0,100.0,100.0,100.0,0,24,24,reported_gmt_minus_4_unconverted,1
2017-10-28,24,24,24,1.0,high,True,True,True,True,True,25.82983333333333,24.5735,5.687054327816487,18.657,36.401,20.0265,21.579749999999997,30.566499999999998,34.4972,24,0,0,0,0.0,23.0,0,100.0,100.0,100.0,100.0,0,24,24,reported_gmt_minus_4_unconverted,1
2017-10-29,24,24,24,1.0,high,True,True,True,True,True,23.082458333333335,22.5255,3.17706409426344,18.36,28.783,18.7697,21.02575,25.313499999999998,27.8007,24,0,0,0,0.0,23.0,0,100.0,100.0,100.0,100.0,0,24,24,reported_gmt_minus_4_unconverted,1
2017-10-30,24,24,24,1.0,high,True,True,True,True,True,26.902791666666662,25.8955,3.6542191336110745,21.811,34.174,22.220399999999998,24.113,30.18425,30.8846,24,0,0,0,0.0,23.0,0,100.0,100.0,100.0,100.0,0,24,24,reported_gmt_minus_4_unconverted,1
2017-10-31,24,24,24,1.0,high,True,True,True,True,True,32.720708333333334,31.545,4.251110611707371,25.538,41.792,28.0975,30.04725,35.55225,38.5508,24,0,0,0,0.0,23.0,0,100.0,100.0,100.0,100.0,0,24,24,reported_gmt_minus_4_unconverted,1
2017-11-01,24,24,24,1.0,high,True,True,True,True,True,25.766499999999997,29.5325,8.918881412608528,12.42,40.486,14.309000000000001,17.31025,33.515,34.647800000000004,24,0,0,0,0.0,23.0,0,100.0,100.0,100.0,100.0,0,24,24,reported_gmt_minus_4_unconverted,1
2017-11-02,24,24,24,1.0,high,True,True,True,True,True,11.08875,10.8805,1.3705195856982888,8.877,13.826,9.1568,10.4505,11.845500000000001,12.6681,24,0,0,0,0.0,23.0,0,100.0,100.0,100.0,100.0,0,24,24,reported_gmt_minus_4_unconverted,1
2017-11-03,24,24,24,1.0,high,True,True,True,True,True,15.956916666666666,16.244999999999997,4.604490255662699,8.954,25.022,9.7986,11.95875,18.4875,20.6345,24,0,0,0,0.0,23.0,0,100.0,100.0,100.0,100.0,0,24,24,reported_gmt_minus_4_unconverted,1
2017-11-04,24,24,24,1.0,high,True,True,True,True,True,17.05004166666667,17.5905,2.0543881026839292,12.181,21.049,14.3039,16.10775,18.39075,18.7942,24,0,0,0,0.0,23.0,0,100.0,100.0,100.0,100.0,0,24,24,reported_gmt_minus_4_unconverted,1
2017-11-05,24,24,24,1.0,high,True,True,True,True,True,17.789083333333334,17.110500000000002,2.7523631098395787,13.921,24.905,15.3796,15.85925,19.7425,21.2869,24,0,0,0,0.0,23.0,0,100.0,100.0,100.0,100.0,0,24,24,reported_gmt_minus_4_unconverted,1
2017-11-06,24,24,24,1.0,high,True,True,True,True,True,14.355541666666666,14.299,2.1449155041463843,9.769,19.725,12.4185,13.2645,15.128,16.2365,24,0,0,0,0.0,23.0,0,100.0,100.0,100.0,100.0,0,24,24,reported_gmt_minus_4_unconverted,1
2017-11-07,24,24,24,1.0,high,True,True,True,True,True,10.246416666666667,10.124500000000001,2.771333032199905,6.664,16.765,7.473400000000001,8.014,11.15,13.783900000000001,24,0,0,0,0.0,23.0,0,100.0,100.0,100.0,100.0,0,24,24,reported_gmt_minus_4_unconverted,1
2017-11-08,24,24,24,1.0,high,True,True,True,True,True,11.921458333333334,11.394,2.3331738036821013,9.187,17.823,9.52,9.913,13.11225,15.3144,24,0,0,0,0.0,23.0,0,100.0,100.0,100.0,100.0,0,24,24,reported_gmt_minus_4_unconverted,1
2017-11-09,24,24,24,1.0,high,True,True,True,True,True,14.334375,14.739,3.2440526963566936,8.985,22.265,10.1622,11.79925,16.135,17.8164,24,0,0,0,0.0,23.0,0,100.0,100.0,100.0,100.0,0,24,24,reported_gmt_minus_4_unconverted,1
2017-11-10,24,24,24,1.0,high,True,True,True,True,True,14.266958333333335,14.365,2.523801161449973,10.668,20.19,11.4436,12.4485,15.281,16.6155,24,0,0,0,0.0,23.0,0,100.0,100.0,100.0,100.0,0,24,24,reported_gmt_minus_4_unconverted,1
2017-11-11,24,24,1,0.041667,weak,False,False,False,False,False,15.02,15.02,,15.02,15.02,15.02,15.02,15.02,15.02,1,23,0,0,0.0,0.0,23,0.0,0.0,4.166666666666667,100.0,23,1,1,reported_gmt_minus_4_unconverted,1
2017-11-12,24,24,24,1.0,high,True,True,True,True,True,19.646,18.136000000000003,4.584921970793055,14.708,31.344,15.7485,17.2365,19.8345,26.378700000000002,24,0,0,0,0.0,23.0,0,100.0,100.0,100.0,100.0,0,24,24,reported_gmt_minus_4_unconverted,1
2017-11-13,24,24,24,1.0,high,True,True,True,True,True,18.028541666666666,18.458,2.016161936628639,13.195,20.804,15.0543,16.92325,19.18675,20.2517,24,0,0,0,0.0,23.0,0,100.0,100.0,100.0,100.0,0,24,24,reported_gmt_minus_4_unconverted,1
2017-11-14,24,24,24,1.0,high,True,True,True,True,True,19.462500000000002,20.28,3.5826199303327435,12.043,26.168,14.9831,17.0745,21.4275,23.3081,24,0,0,0,0.0,23.0,0,100.0,100.0,100.0,100.0,0,24,24,reported_gmt_minus_4_unconverted,1
2017-11-15,24,24,24,1.0,high,True,True,True,True,True,20.283083333333334,19.1545,5.896547014007927,9.375,29.878,13.601600000000001,15.71125,25.3885,28.5279,24,0,0,0,0.0,23.0,0,100.0,100.0,100.0,100.0,0,24,24,reported_gmt_minus_4_unconverted,1
2017-11-16,24,24,24,1.0,high,True,True,True,True,True,20.47854166666667,19.924,2.2880373206740097,16.059,24.735,18.3475,18.95575,21.50875,24.0907,24,0,0,0,0.0,23.0,0,100.0,100.0,100.0,100.0,0,24,24,reported_gmt_minus_4_unconverted,1
2017-11-17,24,24,24,1.0,high,True,True,True,True,True,17.470041666666663,16.1625,4.999094148196874,12.333,32.73,13.0048,15.053,18.262249999999998,22.8418,24,0,0,0,0.0,23.0,0,100.0,100.0,100.0,100.0,0,24,24,reported_gmt_minus_4_unconverted,1
2017-11-18,24,24,1,0.041667,weak,False,False,False,False,False,24.667,24.667,,24.667,24.667,24.667,24.667,24.667,24.667,1,23,0,0,0.0,0.0,23,0.0,0.0,4.166666666666667,100.0,23,1,1,reported_gmt_minus_4_unconverted,1
2017-11-19,24,24,24,1.0,high,True,True,True,True,True,19.836708333333334,18.592,4.385445835043622,13.662,31.885,15.700899999999999,17.01125,21.417749999999998,25.1608,24,0,0,0,0.0,23.0,0,100.0,100.0,100.0,100.0,0,24,24,reported_gmt_minus_4_unconverted,1
2017-11-20,24,24,24,1.0,high,True,True,True,True,True,24.336583333333333,23.3905,5.007563817272623,16.314,35.887,19.1826,20.9825,27.567,29.7196,24,0,0,0,0.0,23.0,0,100.0,100.0,100.0,100.0,0,24,24,reported_gmt_minus_4_unconverted,1
2017-11-21,24,24,24,1.0,high,True,True,True,True,True,20.204041666666665,18.188000000000002,8.219459489682775,11.292,37.626,12.114099999999999,13.313500000000001,23.049,32.4562,24,0,0,0,0.0,23.0,0,100.0,100.0,100.0,100.0,0,24,24,reported_gmt_minus_4_unconverted,1
2017-11-22,24,24,24,1.0,high,True,True,True,True,True,29.580333333333332,26.531,6.7234368906972275,22.821,46.039,23.5265,24.8245,34.09475,36.4782,24,0,0,0,0.0,23.0,0,100.0,100.0,100.0,100.0,0,24,24,reported_gmt_minus_4_unconverted,1
2017-11-23,24,24,24,1.0,high,True,True,True,True,True,30.622083333333336,29.887999999999998,6.61943671527542,19.353,40.788,22.5889,25.477,36.57225,37.9783,24,0,0,0,0.0,23.0,0,100.0,100.0,100.0,100.0,0,24,24,reported_gmt_minus_4_unconverted,1
2017-11-24,24,24,24,1.0,high,True,True,True,True,True,31.13416666666667,30.813499999999998,8.575291044200986,19.071,45.502,20.1198,22.791999999999998,38.781,42.0929,24,0,0,0,0.0,23.0,0,100.0,100.0,100.0,100.0,0,24,24,reported_gmt_minus_4_unconverted,1
2017-11-25,24,24,1,0.041667,weak,False,False,False,False,False,21.041,21.041,,21.041,21.041,21.041,21.041,21.041,21.041,1,23,0,0,0.0,0.0,23,0.0,0.0,4.166666666666667,100.0,23,1,1,reported_gmt_minus_4_unconverted,1
2017-11-26,24,24,24,1.0,high,True,True,True,True,True,35.523583333333335,34.557500000000005,6.07373608191479,27.259,47.153,28.1318,29.6895,39.382,44.0938,24,0,0,0,0.0,23.0,0,100.0,100.0,100.0,100.0,0,24,24,reported_gmt_minus_4_unconverted,1
2017-11-27,24,24,24,1.0,high,True,True,True,True,True,40.57429166666666,41.7775,6.272588027553364,25.573,48.555,33.1472,36.19575,45.869,47.1402,24,0,0,0,0.0,23.0,0,100.0,100.0,100.0,100.0,0,24,24,reported_gmt_minus_4_unconverted,1
2017-11-28,24,24,24,1.0,high,True,True,True,True,True,32.70166666666667,34.1545,10.162694677173436,17.865,48.956,18.7174,23.145249999999997,40.0825,46.484,24,0,0,0,0.0,23.0,0,100.0,100.0,100.0,100.0,0,24,24,reported_gmt_minus_4_unconverted,1
2017-11-29,24,24,24,1.0,high,True,True,True,True,True,47.08920833333334,47.979,3.2211664776054776,36.324,49.02,44.8511,47.0715,48.9825,49.02,24,0,0,0,0.0,23.0,0,100.0,100.0,100.0,100.0,0,24,24,reported_gmt_minus_4_unconverted,1
2017-11-30,24,24,24,1.0,high,True,True,True,True,True,36.65258333333333,38.0195,7.492351595296115,25.507,47.332,27.2513,29.3595,43.73275,44.8426,24,0,0,0,0.0,23.0,0,100.0,100.0,100.0,100.0,0,24,24,reported_gmt_minus_4_unconverted,1
2017-12-01,24,24,24,1.0,high,True,True,True,True,True,13.966625,9.5765,10.487347813322904,0.076,28.438,2.7713,5.062,24.85875,28.2319,24,0,0,0,0.0,23.0,0,100.0,100.0,100.0,100.0,0,24,24,reported_gmt_minus_4_unconverted,1
2017-12-02,24,24,1,0.041667,weak,False,False,False,False,False,13.868,13.868,,13.868,13.868,13.868,13.868,13.868,13.868,1,23,0,0,0.0,0.0,23,0.0,0.0,4.166666666666667,100.0,23,1,1,reported_gmt_minus_4_unconverted,1
2017-12-03,24,24,24,1.0,high,True,True,True,True,True,2.6125416666666665,2.5305,0.5524419292060728,1.983,4.22,2.0794,2.27575,2.6835,3.1035,24,0,0,0,0.0,23.0,0,100.0,100.0,100.0,100.0,0,24,24,reported_gmt_minus_4_unconverted,1
2017-12-04,24,24,24,1.0,high,True,True,True,True,True,2.056833333333333,1.9275,0.41392865029643927,1.56,2.979,1.6205,1.721,2.34175,2.5831,24,0,0,0,0.0,23.0,0,100.0,100.0,100.0,100.0,0,24,24,reported_gmt_minus_4_unconverted,1
2017-12-05,24,24,24,1.0,high,True,True,True,True,True,1.7295,1.69,0.4461980453253621,1.111,2.632,1.2189,1.379,1.8827500000000001,2.3962999999999997,24,0,0,0,0.0,23.0,0,100.0,100.0,100.0,100.0,0,24,24,reported_gmt_minus_4_unconverted,1
2017-12-06,24,24,24,1.0,high,True,True,True,True,True,1.87425,1.7125,0.3898404634674571,1.472,2.689,1.5152999999999999,1.5539999999999998,2.1365,2.4798999999999998,24,0,0,0,0.0,23.0,0,100.0,100.0,100.0,100.0,0,24,24,reported_gmt_minus_4_unconverted,1
2017-12-07,24,24,24,1.0,high,True,True,True,True,True,3.479791666666667,3.67,1.3129684250372997,1.821,5.567,1.8266,2.00025,4.512499999999999,5.1049,24,0,0,0,0.0,23.0,0,100.0,100.0,100.0,100.0,0,24,24,reported_gmt_minus_4_unconverted,1
2017-12-08,24,24,24,1.0,high,True,True,True,True,True,3.9094583333333333,3.715,0.7518788049405573,2.696,5.842,3.1127,3.45475,4.2685,4.929399999999999,24,0,0,0,0.0,23.0,0,100.0,100.0,100.0,100.0,0,24,24,reported_gmt_minus_4_unconverted,1
2017-12-09,24,24,1,0.041667,weak,False,False,False,False,False,4.594,4.594,,4.594,4.594,4.594,4.594,4.594,4.594,1,23,0,0,0.0,0.0,23,0.0,0.0,4.166666666666667,100.0,23,1,1,reported_gmt_minus_4_unconverted,1
2017-12-10,24,24,24,1.0,high,True,True,True,True,True,4.941,4.871,0.5922848903225102,4.093,6.007,4.2289,4.50775,5.30825,5.7848,24,0,0,0,0.0,23.0,0,100.0,100.0,100.0,100.0,0,24,24,reported_gmt_minus_4_unconverted,1
2017-12-11,24,24,24,1.0,high,True,True,True,True,True,6.070833333333333,5.373,1.6697972193123296,4.154,9.119,4.3104000000000005,4.66075,7.2945,8.6632,24,0,0,0,0.0,23.0,0,100.0,100.0,100.0,100.0,0,24,24,reported_gmt_minus_4_unconverted,1
2017-12-12,24,24,24,1.0,high,True,True,True,True,True,4.66575,4.7219999999999995,0.7876720377990034,3.646,6.175,3.7275,3.895,5.188750000000001,5.7509,24,0,0,0,0.0,23.0,0,100.0,100.0,100.0,100.0,0,24,24,reported_gmt_minus_4_unconverted,1
2017-12-13,24,24,24,1.0,high,True,True,True,True,True,3.835125,3.4215,0.7876217538729571,2.881,5.14,3.0947,3.1775,4.61725,4.9887,24,0,0,0,0.0,23.0,0,100.0,100.0,100.0,100.0,0,24,24,reported_gmt_minus_4_unconverted,1
2017-12-14,24,24,24,1.0,high,True,True,True,True,True,4.772374999999999,5.702,2.054949820872604,2.018,7.346,2.3668,2.6575,6.55475,7.161,24,0,0,0,0.0,23.0,0,100.0,100.0,100.0,100.0,0,24,24,reported_gmt_minus_4_unconverted,1
2017-12-15,24,24,24,1.0,high,True,True,True,True,True,3.1601250000000003,3.092,0.5769304315306022,2.338,4.518,2.5589,2.7075,3.6550000000000002,3.8078,24,0,0,0,0.0,23.0,0,100.0,100.0,100.0,100.0,0,24,24,reported_gmt_minus_4_unconverted,1
2017-12-16,24,24,1,0.041667,weak,False,False,False,False,False,5.84,5.84,,5.84,5.84,5.84,5.84,5.84,5.84,1,23,0,0,0.0,0.0,23,0.0,0.0,4.166666666666667,100.0,23,1,1,reported_gmt_minus_4_unconverted,1
2017-12-17,24,24,24,1.0,high,True,True,True,True,True,5.994083333333333,5.8870000000000005,1.2625814107773725,4.031,8.182,4.3855,5.029,7.16425,7.6823,24,0,0,0,0.0,23.0,0,100.0,100.0,100.0,100.0,0,24,24,reported_gmt_minus_4_unconverted,1
2017-12-18,24,24,24,1.0,high,True,True,True,True,True,6.923208333333332,6.916,0.8030138868887834,5.396,8.734,5.8682,6.518000000000001,7.33475,7.8687000000000005,24,0,0,0,0.0,23.0,0,100.0,100.0,100.0,100.0,0,24,24,reported_gmt_minus_4_unconverted,1
2017-12-19,24,24,0,0.0,missing,False,False,False,False,False,,,,,,,,,,0,24,0,0,,,24,0.0,0.0,0.0,0.0,24,0,0,reported_gmt_minus_4_unconverted,1
2017-12-20,24,24,24,1.0,high,True,True,True,True,True,7.36225,7.3629999999999995,0.5799449186738791,6.218,8.461,6.604,7.02225,7.763,8.0848,24,0,0,0,0.0,23.0,0,100.0,100.0,100.0,100.0,0,24,24,reported_gmt_minus_4_unconverted,1
2017-12-21,24,24,24,1.0,high,True,True,True,True,True,6.368250000000001,6.5075,0.849125496434804,5.178,7.929,5.2669,5.52125,6.9855,7.3808,24,0,0,0,0.0,23.0,0,100.0,100.0,100.0,100.0,0,24,24,reported_gmt_minus_4_unconverted,1
2017-12-22,24,24,24,1.0,high,True,True,True,True,True,5.985708333333332,5.9384999999999994,0.42297481466463194,5.131,6.732,5.4414,5.75525,6.2795,6.523499999999999,24,0,0,0,0.0,23.0,0,100.0,100.0,100.0,100.0,0,24,24,reported_gmt_minus_4_unconverted,1
2017-12-23,24,24,24,1.0,high,True,True,True,True,True,5.748916666666666,5.656,0.9669627445126117,3.756,7.582,4.4586,5.2299999999999995,6.35925,6.9924,24,0,0,0,0.0,23.0,0,100.0,100.0,100.0,100.0,0,24,24,reported_gmt_minus_4_unconverted,1
2017-12-24,24,24,24,1.0,high,True,True,True,True,True,5.209125,5.557,1.138664446984311,3.103,6.931,3.3945000000000003,4.4937499999999995,5.8694999999999995,6.6255,24,0,0,0,0.0,23.0,0,100.0,100.0,100.0,100.0,0,24,24,reported_gmt_minus_4_unconverted,1
2017-12-25,24,24,24,1.0,high,True,True,True,True,True,4.360666666666667,4.3345,0.7346280731071345,3.236,5.595,3.4084,3.53325,4.99575,5.1768,24,0,0,0,0.0,23.0,0,100.0,100.0,100.0,100.0,0,24,24,reported_gmt_minus_4_unconverted,1
2017-12-26,24,24,24,1.0,high,True,True,True,True,True,6.914958333333334,7.4135,1.8218341087836554,4.473,9.916,4.6644,4.85975,8.48675,9.0375,24,0,0,0,0.0,23.0,0,100.0,100.0,100.0,100.0,0,24,24,reported_gmt_minus_4_unconverted,1
2017-12-27,24,24,24,1.0,high,True,True,True,True,True,7.506791666666667,8.1715,1.91663929107734,4.686,10.205,4.714300000000001,5.47475,8.909,9.5792,24,0,0,0,0.0,23.0,0,100.0,100.0,100.0,100.0,0,24,24,reported_gmt_minus_4_unconverted,1
2017-12-28,24,24,24,1.0,high,True,True,True,True,True,4.94825,4.8635,1.207344093814835,3.171,6.805,3.3227,3.95825,6.2415,6.4834000000000005,24,0,0,0,0.0,23.0,0,100.0,100.0,100.0,100.0,0,24,24,reported_gmt_minus_4_unconverted,1
2017-12-29,24,24,1,0.041667,weak,False,False,False,False,False,4.382,4.382,,4.382,4.382,4.382,4.382,4.382,4.382,1,23,0,0,0.0,0.0,23,0.0,0.0,4.166666666666667,100.0,23,1,1,reported_gmt_minus_4_unconverted,1
2017-12-30,24,24,24,1.0,high,True,True,True,True,True,5.445208333333333,5.475,2.3932537244288903,1.879,9.563,2.4395,3.29625,6.97175,8.8506,24,0,0,0,0.0,23.0,0,100.0,100.0,100.0,100.0,0,24,24,reported_gmt_minus_4_unconverted,1
2017-12-31,24,24,24,1.0,high,True,True,True,True,True,3.371166666666667,2.2960000000000003,2.4058864346082265,1.107,8.526,1.3837000000000002,1.9165,3.70575,7.4862,24,0,0,0,0.0,23.0,0,100.0,100.0,100.0,100.0,0,24,24,reported_gmt_minus_4_unconverted,1
2018-01-01,24,24,24,1.0,high,True,True,True,True,True,2.4402500000000003,2.476,0.5799524905579316,0.986,3.521,1.8915,2.0905,2.8137499999999998,3.052,24,0,0,0,0.0,23.0,0,100.0,100.0,100.0,100.0,0,24,24,reported_gmt_minus_4_unconverted,1
2018-01-02,24,24,24,1.0,high,True,True,True,True,True,2.0553749999999997,1.7605,1.5555152875438443,0.352,5.152,0.36569999999999997,0.51025,3.232,4.2438,24,0,0,0,0.0,23.0,0,100.0,100.0,100.0,100.0,0,24,24,reported_gmt_minus_4_unconverted,1
2018-01-03,24,24,24,1.0,high,True,True,True,True,True,1.6656250000000001,1.831,0.8215466226945793,0.49,2.705,0.6566000000000001,0.781,2.44225,2.6662,24,0,0,0,0.0,23.0,0,100.0,100.0,100.0,100.0,0,24,24,reported_gmt_minus_4_unconverted,1
2018-01-04,24,24,24,1.0,high,True,True,True,True,True,2.935375,2.9139999999999997,0.617814719130188,2.113,4.027,2.2413,2.33475,3.3282499999999997,3.854,24,0,0,0,0.0,23.0,0,100.0,100.0,100.0,100.0,0,24,24,reported_gmt_minus_4_unconverted,1
2018-01-05,24,24,1,0.041667,weak,False,False,False,False,False,1.803,1.803,,1.803,1.803,1.803,1.803,1.803,1.803,1,23,0,0,0.0,0.0,23,0.0,0.0,4.166666666666667,100.0,23,1,1,reported_gmt_minus_4_unconverted,1
2018-01-06,24,24,24,1.0,high,True,True,True,True,True,2.8832916666666666,2.9610000000000003,0.6743070181379881,1.62,4.259,1.9960000000000002,2.43275,3.335,3.6624,24,0,0,0,0.0,23.0,0,100.0,100.0,100.0,100.0,0,24,24,reported_gmt_minus_4_unconverted,1
2018-01-07,24,24,24,1.0,high,True,True,True,True,True,3.1772500000000004,3.239,0.3611208698049666,2.535,3.821,2.6486,2.914,3.40875,3.5523,24,0,0,0,0.0,23.0,0,100.0,100.0,100.0,100.0,0,24,24,reported_gmt_minus_4_unconverted,1
2018-01-08,24,24,24,1.0,high,True,True,True,True,True,2.8935833333333334,2.8105,0.8965309915672628,1.927,6.201,1.9795,2.3432500000000003,3.158,3.6639,24,0,0,0,0.0,23.0,0,100.0,100.0,100.0,100.0,0,24,24,reported_gmt_minus_4_unconverted,1
2018-01-09,24,24,24,1.0,high,True,True,True,True,True,3.8712916666666666,3.6895,1.0969898132445528,1.981,6.102,2.9022,2.99575,4.60625,5.1195,24,0,0,0,0.0,23.0,0,100.0,100.0,100.0,100.0,0,24,24,reported_gmt_minus_4_unconverted,1
2018-01-10,24,24,24,1.0,high,True,True,True,True,True,9.410708333333334,8.4315,2.9983392864132763,5.587,16.544,6.5224,6.99775,11.42875,13.1755,24,0,0,0,0.0,23.0,0,100.0,100.0,100.0,100.0,0,24,24,reported_gmt_minus_4_unconverted,1
2018-01-11,24,24,24,1.0,high,True,True,True,True,True,5.895416666666666,5.4565,3.291077779280727,0.037,12.532,1.0531000000000008,4.19275,8.5245,9.6903,24,0,0,0,0.0,23.0,0,100.0,100.0,100.0,100.0,0,24,24,reported_gmt_minus_4_unconverted,1
2018-01-12,24,24,1,0.041667,weak,False,False,False,False,False,6.332,6.332,,6.332,6.332,6.332,6.332,6.332,6.332,1,23,0,0,0.0,0.0,23,0.0,0.0,4.166666666666667,100.0,23,1,1,reported_gmt_minus_4_unconverted,1
2018-01-13,24,24,24,1.0,high,True,True,True,True,True,8.390458333333333,7.741,1.9283895731968925,6.234,11.409,6.3229,6.51275,10.206,11.0504,24,0,0,0,0.0,23.0,0,100.0,100.0,100.0,100.0,0,24,24,reported_gmt_minus_4_unconverted,1
2018-01-14,24,24,24,1.0,high,True,True,True,True,True,7.42025,6.9635,1.9121396676748412,5.209,10.624,5.5509,5.74925,9.596499999999999,10.054,24,0,0,0,0.0,23.0,0,100.0,100.0,100.0,100.0,0,24,24,reported_gmt_minus_4_unconverted,1
2018-01-15,24,24,24,1.0,high,True,True,True,True,True,4.844666666666666,4.5575,0.8186916745460494,3.667,6.505,3.9929,4.26825,5.4835,6.0843,24,0,0,0,0.0,23.0,0,100.0,100.0,100.0,100.0,0,24,24,reported_gmt_minus_4_unconverted,1
2018-01-16,24,24,24,1.0,high,True,True,True,True,True,2.878916666666667,2.8920000000000003,0.92590599187882,1.492,4.172,1.7856,1.971,3.74125,3.9433,24,0,0,0,0.0,23.0,0,100.0,100.0,100.0,100.0,0,24,24,reported_gmt_minus_4_unconverted,1
2018-01-17,24,24,24,1.0,high,True,True,True,True,True,1.8058750000000001,1.742,0.24432094225851156,1.525,2.41,1.5410000000000001,1.61075,1.96775,2.1461,24,0,0,0,0.0,23.0,0,100.0,100.0,100.0,100.0,0,24,24,reported_gmt_minus_4_unconverted,1
2018-01-18,24,24,24,1.0,high,True,True,True,True,True,1.8224999999999998,1.855,0.238717224019295,1.452,2.239,1.4895,1.617,2.00925,2.0673,24,0,0,0,0.0,23.0,0,100.0,100.0,100.0,100.0,0,24,24,reported_gmt_minus_4_unconverted,1
2018-01-19,24,24,1,0.041667,weak,False,False,False,False,False,1.993,1.993,,1.993,1.993,1.993,1.993,1.993,1.993,1,23,0,0,0.0,0.0,23,0.0,0.0,4.166666666666667,100.0,23,1,1,reported_gmt_minus_4_unconverted,1
2018-01-20,24,24,24,1.0,high,True,True,True,True,True,5.4562083333333335,5.623,0.676897974405023,4.275,6.717,4.6406,4.89975,5.97975,6.1434999999999995,24,0,0,0,0.0,23.0,0,100.0,100.0,100.0,100.0,0,24,24,reported_gmt_minus_4_unconverted,1
2018-01-21,24,24,24,1.0,high,True,True,True,True,True,4.416125,4.282,0.7242850335210639,3.43,5.793,3.5595,3.728,5.05825,5.3233,24,0,0,0,0.0,23.0,0,100.0,100.0,100.0,100.0,0,24,24,reported_gmt_minus_4_unconverted,1
2018-01-22,24,24,24,1.0,high,True,True,True,True,True,2.908,2.894,0.607037782650485,2.163,3.918,2.2514,2.3145,3.371,3.69,24,0,0,0,0.0,23.0,0,100.0,100.0,100.0,100.0,0,24,24,reported_gmt_minus_4_unconverted,1
2018-01-23,24,24,24,1.0,high,True,True,True,True,True,2.1519166666666667,1.9095,0.7155906600519764,1.291,3.949,1.4425,1.69225,2.412,3.2396,24,0,0,0,0.0,23.0,0,100.0,100.0,100.0,100.0,0,24,24,reported_gmt_minus_4_unconverted,1
2018-01-24,24,24,24,1.0,high,True,True,True,True,True,1.8500416666666668,1.407,0.874839984333367,1.133,4.934,1.2245,1.275,2.2295,2.7836,24,0,0,0,0.0,23.0,0,100.0,100.0,100.0,100.0,0,24,24,reported_gmt_minus_4_unconverted,1
2018-01-25,24,24,24,1.0,high,True,True,True,True,True,1.3675833333333334,1.26,0.47346299765127103,0.87,2.687,0.9282,1.051,1.5085,1.9850999999999994,24,0,0,0,0.0,23.0,0,100.0,100.0,100.0,100.0,0,24,24,reported_gmt_minus_4_unconverted,1
2018-01-26,24,24,1,0.041667,weak,False,False,False,False,False,1.578,1.578,,1.578,1.578,1.578,1.578,1.578,1.578,1,23,0,0,0.0,0.0,23,0.0,0.0,4.166666666666667,100.0,23,1,1,reported_gmt_minus_4_unconverted,1
2018-01-27,24,24,24,1.0,high,True,True,True,True,True,1.1803333333333332,0.602,2.6569722334407944,0.547,13.648,0.5603,0.57175,0.72675,0.7739,24,0,0,0,0.0,23.0,0,100.0,100.0,100.0,100.0,0,24,24,reported_gmt_minus_4_unconverted,1
2018-01-28,24,24,24,1.0,high,True,True,True,True,True,0.7765,0.6595,0.36573095361861646,0.587,2.367,0.6007,0.6214999999999999,0.758,0.9421999999999999,24,0,0,0,0.0,23.0,0,100.0,100.0,100.0,100.0,0,24,24,reported_gmt_minus_4_unconverted,1
2018-01-29,24,24,24,1.0,high,True,True,True,True,True,2.4639583333333337,1.7925,1.6414269369949896,0.652,5.467,0.702,0.88375,3.92475,4.8261,24,0,0,0,0.0,23.0,0,100.0,100.0,100.0,100.0,0,24,24,reported_gmt_minus_4_unconverted,1
2018-01-30,24,24,24,1.0,high,True,True,True,True,True,2.972,2.314,1.9216062348304168,0.918,8.454,1.1618000000000002,1.9015,3.32475,5.7841000000000005,24,0,0,0,0.0,23.0,0,100.0,100.0,100.0,100.0,0,24,24,reported_gmt_minus_4_unconverted,1
2018-01-31,24,24,24,1.0,high,True,True,True,True,True,2.0162083333333336,1.7,1.1389487135518654,0.838,5.739,0.919,1.197,2.4282500000000002,3.0096,24,0,0,0,0.0,23.0,0,100.0,100.0,100.0,100.0,0,24,24,reported_gmt_minus_4_unconverted,1
2018-02-01,24,24,24,1.0,high,True,True,True,True,True,7.324541666666666,7.564,4.163374613471799,1.786,15.819,2.7519,3.4725,11.01675,11.8807,24,0,0,0,0.0,23.0,0,100.0,100.0,100.0,100.0,0,24,24,reported_gmt_minus_4_unconverted,1
2018-02-02,24,24,2,0.083333,weak,False,False,False,False,False,8.7,8.7,5.067127193982799,5.117,12.283,5.8336,6.9085,10.4915,11.5664,2,22,0,0,0.0,1.0,22,0.0,0.0,8.333333333333334,100.0,22,2,2,reported_gmt_minus_4_unconverted,1
2018-02-03,24,24,24,1.0,high,True,True,True,True,True,14.779375,14.9805,5.425899106519622,6.929,26.798,7.924300000000001,10.2865,17.97725,21.144099999999998,24,0,0,0,0.0,23.0,0,100.0,100.0,100.0,100.0,0,24,24,reported_gmt_minus_4_unconverted,1
2018-02-04,24,24,24,1.0,high,True,True,True,True,True,16.931458333333335,16.8935,3.925372394177528,9.508,24.484,11.5779,14.967,19.36625,21.5373,24,0,0,0,0.0,23.0,0,100.0,100.0,100.0,100.0,0,24,24,reported_gmt_minus_4_unconverted,1
2018-02-05,24,24,24,1.0,high,True,True,True,True,True,9.576625,8.716000000000001,3.598477356889088,4.626,15.606,5.6068,6.382,12.352,14.9998,24,0,0,0,0.0,23.0,0,100.0,100.0,100.0,100.0,0,24,24,reported_gmt_minus_4_unconverted,1
2018-02-06,24,24,24,1.0,high,True,True,True,True,True,6.862875,6.513999999999999,1.8132740341233826,4.073,11.336,4.6356,5.76,7.50625,9.563699999999999,24,0,0,0,0.0,23.0,0,100.0,100.0,100.0,100.0,0,24,24,reported_gmt_minus_4_unconverted,1
2018-02-07,24,24,24,1.0,high,True,True,True,True,True,5.53725,5.4505,1.6620824876197253,2.726,9.488,3.2350000000000003,4.7695,6.2,7.5602,24,0,0,0,0.0,23.0,0,100.0,100.0,100.0,100.0,0,24,24,reported_gmt_minus_4_unconverted,1
2018-02-08,24,24,24,1.0,high,True,True,True,True,True,2.0213750000000004,1.9365,0.6681336635668826,1.249,3.934,1.4319,1.6237499999999998,2.1142499999999997,2.4976,24,0,0,0,0.0,23.0,0,100.0,100.0,100.0,100.0,0,24,24,reported_gmt_minus_4_unconverted,1
2018-02-09,24,24,1,0.041667,weak,False,False,False,False,False,1.759,1.759,,1.759,1.759,1.759,1.759,1.759,1.759,1,23,0,0,0.0,0.0,23,0.0,0.0,4.166666666666667,100.0,23,1,1,reported_gmt_minus_4_unconverted,1
2018-02-10,24,24,24,1.0,high,True,True,True,True,True,2.0204583333333335,1.935,0.4319620534025068,1.354,3.06,1.4946,1.76925,2.2395,2.6101,24,0,0,0,0.0,23.0,0,100.0,100.0,100.0,100.0,0,24,24,reported_gmt_minus_4_unconverted,1
2018-02-11,24,24,24,1.0,high,True,True,True,True,True,1.5754166666666667,1.6035,0.31859350093901745,1.014,2.113,1.2204000000000002,1.3045,1.8475000000000001,1.9057,24,0,0,0,0.0,23.0,0,100.0,100.0,100.0,100.0,0,24,24,reported_gmt_minus_4_unconverted,1
2018-02-12,24,24,24,1.0,high,True,True,True,True,True,1.538166666666667,1.26,0.5664684393270495,0.985,2.918,1.0343,1.10975,2.04425,2.2248,24,0,0,0,0.0,23.0,0,100.0,100.0,100.0,100.0,0,24,24,reported_gmt_minus_4_unconverted,1
2018-02-13,24,24,24,1.0,high,True,True,True,True,True,1.02775,0.9285,0.2742057700848509,0.716,1.975,0.8190999999999999,0.84925,1.135,1.2508,24,0,0,0,0.0,23.0,0,100.0,100.0,100.0,100.0,0,24,24,reported_gmt_minus_4_unconverted,1
2018-02-14,24,24,24,1.0,high,True,True,True,True,True,1.6835833333333337,1.383,0.6947638270393176,0.919,2.909,1.0010000000000001,1.177,2.413,2.8298,24,0,0,0,0.0,23.0,0,100.0,100.0,100.0,100.0,0,24,24,reported_gmt_minus_4_unconverted,1
2018-02-15,24,24,24,1.0,high,True,True,True,True,True,3.216208333333333,2.5564999999999998,1.9985766669909313,1.854,9.227,1.9875,2.2075,3.01325,6.089999999999996,24,0,0,0,0.0,23.0,0,100.0,100.0,100.0,100.0,0,24,24,reported_gmt_minus_4_unconverted,1
2018-02-16,24,24,1,0.041667,weak,False,False,False,False,False,11.544,11.544,,11.544,11.544,11.544,11.544,11.544,11.544,1,23,0,0,0.0,0.0,23,0.0,0.0,4.166666666666667,100.0,23,1,1,reported_gmt_minus_4_unconverted,1
2018-02-17,24,24,24,1.0,high,True,True,True,True,True,1.983208333333333,1.855,0.606276947705288,1.224,3.581,1.3634,1.482,2.47075,2.6776999999999997,24,0,0,0,0.0,23.0,0,100.0,100.0,100.0,100.0,0,24,24,reported_gmt_minus_4_unconverted,1
2018-02-18,24,24,24,1.0,high,True,True,True,True,True,1.3226250000000002,1.324,0.23402300379310542,0.978,1.696,1.0072,1.0925,1.522,1.616,24,0,0,0,0.0,23.0,0,100.0,100.0,100.0,100.0,0,24,24,reported_gmt_minus_4_unconverted,1
2018-02-19,24,24,24,1.0,high,True,True,True,True,True,1.701125,1.4915,0.4807968306793467,1.259,2.942,1.3513,1.394,1.70675,2.5343999999999998,24,0,0,0,0.0,23.0,0,100.0,100.0,100.0,100.0,0,24,24,reported_gmt_minus_4_unconverted,1
2018-02-20,24,24,24,1.0,high,True,True,True,True,True,2.3995,2.2535,0.5878341233049841,1.646,3.575,1.7469,1.89575,2.81025,3.2184,24,0,0,0,0.0,23.0,0,100.0,100.0,100.0,100.0,0,24,24,reported_gmt_minus_4_unconverted,1
2018-02-21,24,24,24,1.0,high,True,True,True,True,True,3.4637499999999997,3.0534999999999997,1.3059673492822492,1.994,7.458,2.423,2.63225,3.6985,4.7359,24,0,0,0,0.0,23.0,0,100.0,100.0,100.0,100.0,0,24,24,reported_gmt_minus_4_unconverted,1
2018-02-22,24,24,24,1.0,high,True,True,True,True,True,2.047,2.0155000000000003,0.2800231356901411,1.683,2.778,1.7432,1.8235,2.21725,2.3406000000000002,24,0,0,0,0.0,23.0,0,100.0,100.0,100.0,100.0,0,24,24,reported_gmt_minus_4_unconverted,1
2018-02-23,24,24,24,1.0,high,True,True,True,True,True,2.5236666666666667,2.354,0.977730587354858,1.215,4.317,1.3397,1.68425,3.207,3.9256,24,0,0,0,0.0,23.0,0,100.0,100.0,100.0,100.0,0,24,24,reported_gmt_minus_4_unconverted,1
2018-02-24,24,24,24,1.0,high,True,True,True,True,True,2.24525,2.216,0.99123178748552,0.989,5.2,1.2646000000000002,1.47025,2.6075,3.345,24,0,0,0,0.0,23.0,0,100.0,100.0,100.0,100.0,0,24,24,reported_gmt_minus_4_unconverted,1
2018-02-25,24,24,24,1.0,high,True,True,True,True,True,2.5977916666666663,2.5875,0.7143152987403341,1.459,4.051,1.7902,1.9185,3.06825,3.3891999999999998,24,0,0,0,0.0,23.0,0,100.0,100.0,100.0,100.0,0,24,24,reported_gmt_minus_4_unconverted,1
2018-02-26,24,24,24,1.0,high,True,True,True,True,True,3.155208333333333,2.832,1.1566639803356016,1.966,6.215,2.1139,2.30075,3.3725,4.981599999999999,24,0,0,0,0.0,23.0,0,100.0,100.0,100.0,100.0,0,24,24,reported_gmt_minus_4_unconverted,1
2018-02-27,24,24,24,1.0,high,True,True,True,True,True,5.506291666666667,4.6145,3.0152429346091076,1.602,12.937,2.5683000000000002,3.74025,6.66,9.1076,24,0,0,0,0.0,23.0,0,100.0,100.0,100.0,100.0,0,24,24,reported_gmt_minus_4_unconverted,1
2018-02-28,24,24,24,1.0,high,True,True,True,True,True,4.266666666666667,4.0595,1.7307832523648554,1.852,7.678,2.1862999999999997,2.8912500000000003,5.66325,6.6791,24,0,0,0,0.0,23.0,0,100.0,100.0,100.0,100.0,0,24,24,reported_gmt_minus_4_unconverted,1
2018-03-01,24,24,24,1.0,high,True,True,True,True,True,3.4760416666666667,3.7515,1.2807241320972411,1.336,5.274,1.6784000000000001,2.44775,4.484,4.945399999999999,24,0,0,0,0.0,23.0,0,100.0,100.0,100.0,100.0,0,24,24,reported_gmt_minus_4_unconverted,1
2018-03-02,24,24,24,1.0,high,True,True,True,True,True,3.7880416666666665,3.903,1.0107627115490414,2.16,5.872,2.6191999999999998,2.809,4.364000000000001,5.108099999999999,24,0,0,0,0.0,23.0,0,100.0,100.0,100.0,100.0,0,24,24,reported_gmt_minus_4_unconverted,1
2018-03-03,24,24,24,1.0,high,True,True,True,True,True,2.7843750000000003,2.574,1.2272714101332414,1.577,5.72,1.6053,1.9085,3.066,4.958499999999999,24,0,0,0,0.0,23.0,0,100.0,100.0,100.0,100.0,0,24,24,reported_gmt_minus_4_unconverted,1
2018-03-04,24,24,24,1.0,high,True,True,True,True,True,3.0527083333333334,2.8705,1.0745578455373155,1.717,4.985,1.7667,2.0815,3.841,4.4140999999999995,24,0,0,0,0.0,23.0,0,100.0,100.0,100.0,100.0,0,24,24,reported_gmt_minus_4_unconverted,1
2018-03-05,24,24,24,1.0,high,True,True,True,True,True,3.4433333333333334,3.0705,1.06256497158554,2.242,5.922,2.3304,2.81175,3.807,5.216099999999999,24,0,0,0,0.0,23.0,0,100.0,100.0,100.0,100.0,0,24,24,reported_gmt_minus_4_unconverted,1
2018-03-06,24,24,24,1.0,high,True,True,True,True,True,1.9505416666666668,1.9165,0.4203314405651048,1.368,3.054,1.449,1.6724999999999999,2.18625,2.4758,24,0,0,0,0.0,23.0,0,100.0,100.0,100.0,100.0,0,24,24,reported_gmt_minus_4_unconverted,1
2018-03-07,24,24,24,1.0,high,True,True,True,True,True,1.5635000000000001,1.5365,0.2651258929837574,1.054,2.126,1.2363000000000002,1.389,1.7555,1.9047999999999998,24,0,0,0,0.0,23.0,0,100.0,100.0,100.0,100.0,0,24,24,reported_gmt_minus_4_unconverted,1
2018-03-08,24,24,2,0.083333,weak,False,False,False,False,False,1.2295,1.2295,0.25102290732122434,1.052,1.407,1.0875000000000001,1.1407500000000002,1.31825,1.3715,2,22,0,0,0.0,1.0,22,0.0,0.0,8.333333333333334,100.0,22,2,2,reported_gmt_minus_4_unconverted,1
2018-03-09,24,24,1,0.041667,weak,False,False,False,False,False,0.953,0.953,,0.953,0.953,0.953,0.953,0.953,0.953,1,23,0,0,0.0,0.0,23,0.0,0.0,4.166666666666667,100.0,23,1,1,reported_gmt_minus_4_unconverted,1
2018-03-10,24,24,24,1.0,high,True,True,True,True,True,1.3965416666666668,1.193,0.5349578593047158,0.911,2.99,1.0389,1.104,1.385,2.1776999999999997,24,0,0,0,0.0,23.0,0,100.0,100.0,100.0,100.0,0,24,24,reported_gmt_minus_4_unconverted,1
2018-03-11,24,24,24,1.0,high,True,True,True,True,True,0.9472916666666666,0.8075,0.3313707340816281,0.59,1.715,0.6264,0.7255,1.10925,1.4533999999999998,24,0,0,0,0.0,23.0,0,100.0,100.0,100.0,100.0,0,24,24,reported_gmt_minus_4_unconverted,1
2018-03-12,24,24,24,1.0,high,True,True,True,True,True,1.4795416666666668,1.353,0.5335091359933828,0.798,2.446,0.9674999999999999,1.0387499999999998,1.72725,2.3470999999999997,24,0,0,0,0.0,23.0,0,100.0,100.0,100.0,100.0,0,24,24,reported_gmt_minus_4_unconverted,1
2018-03-13,24,24,24,1.0,high,True,True,True,True,True,2.3857916666666665,2.388,0.4607095641901,1.639,3.089,1.7668000000000001,1.9997500000000001,2.79725,2.8972,24,0,0,0,0.0,23.0,0,100.0,100.0,100.0,100.0,0,24,24,reported_gmt_minus_4_unconverted,1
2018-03-14,24,24,24,1.0,high,True,True,True,True,True,2.239375,2.26,0.4310688245764696,1.553,3.091,1.7317,1.91925,2.46375,2.8278999999999996,24,0,0,0,0.0,23.0,0,100.0,100.0,100.0,100.0,0,24,24,reported_gmt_minus_4_unconverted,1
2018-03-15,24,24,24,1.0,high,True,True,True,True,True,2.0965833333333332,1.943,0.4967400612048489,1.403,2.875,1.5563,1.68525,2.55675,2.8341,24,0,0,0,0.0,23.0,0,100.0,100.0,100.0,100.0,0,24,24,reported_gmt_minus_4_unconverted,1
2018-03-16,24,24,1,0.041667,weak,False,False,False,False,False,1.983,1.983,,1.983,1.983,1.983,1.983,1.983,1.983,1,23,0,0,0.0,0.0,23,0.0,0.0,4.166666666666667,100.0,23,1,1,reported_gmt_minus_4_unconverted,1
2018-03-17,24,24,24,1.0,high,True,True,True,True,True,2.512541666666667,2.232,0.650318248456371,1.636,4.279,1.869,2.0775,2.86625,3.3928,24,0,0,0,0.0,23.0,0,100.0,100.0,100.0,100.0,0,24,24,reported_gmt_minus_4_unconverted,1
2018-03-18,24,24,24,1.0,high,True,True,True,True,True,2.5980000000000003,2.4930000000000003,0.4871230538223555,1.902,3.789,2.1468,2.20525,2.97075,3.2048,24,0,0,0,0.0,23.0,0,100.0,100.0,100.0,100.0,0,24,24,reported_gmt_minus_4_unconverted,1
2018-03-19,24,24,24,1.0,high,True,True,True,True,True,2.4434583333333335,1.9495,1.0983724314586587,1.416,5.585,1.4943000000000002,1.6864999999999999,2.98525,3.8202,24,0,0,0,0.0,23.0,0,100.0,100.0,100.0,100.0,0,24,24,reported_gmt_minus_4_unconverted,1
2018-03-20,24,24,24,1.0,high,True,True,True,True,True,2.6809583333333333,2.024,1.4170408382678463,1.378,5.541,1.5025000000000002,1.68675,3.28225,5.0474,24,0,0,0,0.0,23.0,0,100.0,100.0,100.0,100.0,0,24,24,reported_gmt_minus_4_unconverted,1
2018-03-21,24,24,24,1.0,high,True,True,True,True,True,4.332375,3.685,1.6514710652469289,2.094,7.811,2.7012,3.1885000000000003,5.5375,6.8577,24,0,0,0,0.0,23.0,0,100.0,100.0,100.0,100.0,0,24,24,reported_gmt_minus_4_unconverted,1
2018-03-22,24,24,24,1.0,high,True,True,True,True,True,6.883958333333333,5.237,4.426662669494114,2.469,19.027,3.5089,3.86075,7.4615,13.259899999999998,24,0,0,0,0.0,23.0,0,100.0,100.0,100.0,100.0,0,24,24,reported_gmt_minus_4_unconverted,1
2018-03-23,24,24,8,0.333333,weak,False,False,False,False,False,5.108125,4.8495,1.0152706095983897,3.887,6.675,4.1299,4.4905,5.5969999999999995,6.5504,8,16,0,0,0.0,7.0,16,0.0,0.0,33.333333333333336,100.0,16,8,8,reported_gmt_minus_4_unconverted,1
2018-03-24,24,24,24,1.0,high,True,True,True,True,True,8.426291666666666,8.311499999999999,2.74700905300999,4.503,15.032,4.6499,7.081,9.36675,11.0868,24,0,0,0,0.0,23.0,0,100.0,100.0,100.0,100.0,0,24,24,reported_gmt_minus_4_unconverted,1
2018-03-25,24,24,24,1.0,high,True,True,True,True,True,12.503041666666666,11.381,3.608051364706761,5.204,19.341,8.6592,10.33125,15.05075,16.7817,24,0,0,0,0.0,23.0,0,100.0,100.0,100.0,100.0,0,24,24,reported_gmt_minus_4_unconverted,1
2018-03-26,24,24,24,1.0,high,True,True,True,True,True,12.381416666666667,12.021,1.9491763682367877,9.134,15.593,10.0974,10.89825,14.284500000000001,14.9223,24,0,0,0,0.0,23.0,0,100.0,100.0,100.0,100.0,0,24,24,reported_gmt_minus_4_unconverted,1
2018-03-27,24,24,24,1.0,high,True,True,True,True,True,12.651083333333332,12.655000000000001,3.2479416346847803,6.737,17.428,9.0266,9.75125,15.37125,16.604000000000003,24,0,0,0,0.0,23.0,0,100.0,100.0,100.0,100.0,0,24,24,reported_gmt_minus_4_unconverted,1
2018-03-28,24,24,24,1.0,high,True,True,True,True,True,14.421791666666666,12.463999999999999,5.152958769983021,9.072,27.924,9.4959,11.26275,16.82075,20.1204,24,0,0,0,0.0,23.0,0,100.0,100.0,100.0,100.0,0,24,24,reported_gmt_minus_4_unconverted,1
2018-03-29,24,24,24,1.0,high,True,True,True,True,True,12.780958333333333,11.782,3.68489975651709,7.183,18.332,8.746500000000001,9.760750000000002,16.6565,17.8313,24,0,0,0,0.0,23.0,0,100.0,100.0,100.0,100.0,0,24,24,reported_gmt_minus_4_unconverted,1
2018-03-30,24,24,1,0.041667,weak,False,False,False,False,False,16.691,16.691,,16.691,16.691,16.691,16.691,16.691,16.691,1,23,0,0,0.0,0.0,23,0.0,0.0,4.166666666666667,100.0,23,1,1,reported_gmt_minus_4_unconverted,1
2018-03-31,24,24,24,1.0,high,True,True,True,True,True,8.637125,8.684999999999999,1.4192208000687652,6.646,10.924,6.8419,7.34625,9.89125,10.5526,24,0,0,0,0.0,23.0,0,100.0,100.0,100.0,100.0,0,24,24,reported_gmt_minus_4_unconverted,1
2018-04-01,24,24,24,1.0,high,True,True,True,True,True,6.782958333333333,6.426500000000001,1.7458128162815032,4.533,11.178,5.0448,5.7405,7.26,9.531799999999999,24,0,0,0,0.0,23.0,0,100.0,100.0,100.0,100.0,0,24,24,reported_gmt_minus_4_unconverted,1
2018-04-02,24,24,24,1.0,high,True,True,True,True,True,3.248083333333333,1.9135,3.332878608476549,0.827,12.234,1.2299,1.3567500000000001,2.67725,9.663699999999999,24,0,0,0,0.0,23.0,0,100.0,100.0,100.0,100.0,0,24,24,reported_gmt_minus_4_unconverted,1
2018-04-03,24,24,24,1.0,high,True,True,True,True,True,3.1346666666666665,2.8680000000000003,0.9462296654143459,1.62,4.618,2.1892,2.44475,4.155749999999999,4.5501000000000005,24,0,0,0,0.0,23.0,0,100.0,100.0,100.0,100.0,0,24,24,reported_gmt_minus_4_unconverted,1
2018-04-04,24,24,24,1.0,high,True,True,True,True,True,3.1032500000000005,2.9265,0.8447141657028907,1.818,5.094,2.3148,2.5462499999999997,3.51,4.4725,24,0,0,0,0.0,23.0,0,100.0,100.0,100.0,100.0,0,24,24,reported_gmt_minus_4_unconverted,1
2018-04-05,24,24,22,0.916667,high,True,True,True,True,True,2.0703181818181817,1.867,0.9039230048523484,0.91,4.669,1.0449,1.51675,2.53075,2.8415000000000004,22,2,0,0,0.0,23.0,2,0.0,100.0,91.66666666666667,100.0,2,22,22,reported_gmt_minus_4_unconverted,1
2018-04-06,24,24,1,0.041667,weak,False,False,False,False,False,1.993,1.993,,1.993,1.993,1.993,1.993,1.993,1.993,1,23,0,0,0.0,0.0,23,0.0,0.0,4.166666666666667,100.0,23,1,1,reported_gmt_minus_4_unconverted,1
2018-04-07,24,24,24,1.0,high,True,True,True,True,True,1.8082083333333332,1.8365,0.42086422257134154,1.169,2.59,1.3153,1.4135,2.03725,2.427,24,0,0,0,0.0,23.0,0,100.0,100.0,100.0,100.0,0,24,24,reported_gmt_minus_4_unconverted,1
2018-04-08,24,24,24,1.0,high,True,True,True,True,True,1.7962916666666668,1.7719999999999998,0.4568906708884824,1.124,2.642,1.2553,1.432,2.073,2.4541,24,0,0,0,0.0,23.0,0,100.0,100.0,100.0,100.0,0,24,24,reported_gmt_minus_4_unconverted,1
2018-04-09,24,24,24,1.0,high,True,True,True,True,True,1.40175,1.3715000000000002,0.2217850996680855,1.041,1.873,1.1542999999999999,1.28375,1.49275,1.7809,24,0,0,0,0.0,23.0,0,100.0,100.0,100.0,100.0,0,24,24,reported_gmt_minus_4_unconverted,1
2018-04-10,24,24,24,1.0,high,True,True,True,True,True,1.1194166666666667,1.1025,0.28741696973692005,0.516,1.629,0.8137000000000001,0.9235,1.335,1.4975,24,0,0,0,0.0,23.0,0,100.0,100.0,100.0,100.0,0,24,24,reported_gmt_minus_4_unconverted,1
2018-04-11,24,24,24,1.0,high,True,True,True,True,True,1.0337916666666667,1.0474999999999999,0.1613101196768043,0.736,1.304,0.8073,0.93025,1.1645,1.2115,24,0,0,0,0.0,23.0,0,100.0,100.0,100.0,100.0,0,24,24,reported_gmt_minus_4_unconverted,1
2018-04-12,24,24,24,1.0,high,True,True,True,True,True,0.574,0.556,0.2089728503272926,0.285,1.075,0.35819999999999996,0.43,0.651,0.8599,24,0,0,0,0.0,23.0,0,100.0,100.0,100.0,100.0,0,24,24,reported_gmt_minus_4_unconverted,1
2018-04-13,24,24,24,1.0,high,True,True,True,True,True,0.4434166666666666,0.435,0.08414992658896106,0.32,0.605,0.3375,0.3685,0.49324999999999997,0.5567000000000001,24,0,0,0,0.0,23.0,0,100.0,100.0,100.0,100.0,0,24,24,reported_gmt_minus_4_unconverted,1
2018-04-14,24,24,24,1.0,high,True,True,True,True,True,0.7116666666666666,0.697,0.1329336763910507,0.574,1.091,0.5982,0.6085,0.74725,0.8096,24,0,0,0,0.0,23.0,0,100.0,100.0,100.0,100.0,0,24,24,reported_gmt_minus_4_unconverted,1
2018-04-15,24,24,24,1.0,high,True,True,True,True,True,0.7594583333333333,0.759,0.0971896304929817,0.62,0.929,0.6512,0.66725,0.85625,0.8731,24,0,0,0,0.0,23.0,0,100.0,100.0,100.0,100.0,0,24,24,reported_gmt_minus_4_unconverted,1
2018-04-16,24,24,24,1.0,high,True,True,True,True,True,1.1725,1.117,0.15632352183296302,0.957,1.476,1.0119,1.0365,1.26575,1.4074,24,0,0,0,0.0,23.0,0,100.0,100.0,100.0,100.0,0,24,24,reported_gmt_minus_4_unconverted,1
2018-04-17,24,24,24,1.0,high,True,True,True,True,True,1.4202083333333333,1.319,0.30070771294263204,1.016,2.034,1.0827,1.21025,1.598,1.8809,24,0,0,0,0.0,23.0,0,100.0,100.0,100.0,100.0,0,24,24,reported_gmt_minus_4_unconverted,1
2018-04-18,24,24,24,1.0,high,True,True,True,True,True,2.2775416666666666,1.9735,0.8846500157476508,1.16,4.247,1.304,1.565,3.08375,3.5014,24,0,0,0,0.0,23.0,0,100.0,100.0,100.0,100.0,0,24,24,reported_gmt_minus_4_unconverted,1
2018-04-19,24,24,24,1.0,high,True,True,True,True,True,3.4150416666666668,2.9395,1.396861932711308,1.599,6.246,1.8402,2.4185,4.37925,5.521999999999999,24,0,0,0,0.0,23.0,0,100.0,100.0,100.0,100.0,0,24,24,reported_gmt_minus_4_unconverted,1
2018-04-20,24,24,1,0.041667,weak,False,False,False,False,False,4.068,4.068,,4.068,4.068,4.068,4.068,4.068,4.068,1,23,0,0,0.0,0.0,23,0.0,0.0,4.166666666666667,100.0,23,1,1,reported_gmt_minus_4_unconverted,1
2018-04-21,24,24,24,1.0,high,True,True,True,True,True,1.2215,1.256,0.24356197318672035,0.793,1.539,0.8631,1.01125,1.4405,1.509,24,0,0,0,0.0,23.0,0,100.0,100.0,100.0,100.0,0,24,24,reported_gmt_minus_4_unconverted,1
2018-04-22,24,24,24,1.0,high,True,True,True,True,True,1.7722083333333334,1.5310000000000001,0.5841320561807672,1.102,2.961,1.154,1.39425,2.316,2.5838,24,0,0,0,0.0,23.0,0,100.0,100.0,100.0,100.0,0,24,24,reported_gmt_minus_4_unconverted,1
2018-04-23,24,24,24,1.0,high,True,True,True,True,True,1.9657916666666668,1.8025,0.4920189974386962,1.35,2.999,1.422,1.58825,2.2555,2.7059,24,0,0,0,0.0,23.0,0,100.0,100.0,100.0,100.0,0,24,24,reported_gmt_minus_4_unconverted,1
2018-04-24,24,24,24,1.0,high,True,True,True,True,True,2.0586249999999997,1.699,0.9345177697382333,1.335,4.645,1.4302,1.55225,2.045,3.689599999999999,24,0,0,0,0.0,23.0,0,100.0,100.0,100.0,100.0,0,24,24,reported_gmt_minus_4_unconverted,1
2018-04-25,24,24,24,1.0,high,True,True,True,True,True,2.1744583333333334,2.077,0.7570415518529245,1.295,4.253,1.4018000000000002,1.6245,2.315,3.347,24,0,0,0,0.0,23.0,0,100.0,100.0,100.0,100.0,0,24,24,reported_gmt_minus_4_unconverted,1
2018-04-26,24,24,24,1.0,high,True,True,True,True,True,2.3599583333333336,1.931,1.3222578344623643,0.889,6.217,1.0765,1.474,3.2465,4.0291,24,0,0,0,0.0,23.0,0,100.0,100.0,100.0,100.0,0,24,24,reported_gmt_minus_4_unconverted,1
2018-04-27,24,24,24,1.0,high,True,True,True,True,True,4.027083333333334,2.4314999999999998,3.294038170849648,0.824,10.854,1.0143,1.50875,5.74625,9.875899999999998,24,0,0,0,0.0,23.0,0,100.0,100.0,100.0,100.0,0,24,24,reported_gmt_minus_4_unconverted,1
2018-04-28,24,24,24,1.0,high,True,True,True,True,True,5.506375000000001,5.445,2.4412764446796733,1.543,10.076,2.5746,3.201,6.8735,8.701299999999998,24,0,0,0,0.0,23.0,0,100.0,100.0,100.0,100.0,0,24,24,reported_gmt_minus_4_unconverted,1
2018-04-29,24,24,24,1.0,high,True,True,True,True,True,2.653541666666667,2.6205,1.0836694899303003,0.926,5.759,1.5714000000000001,1.89425,3.22525,3.6647,24,0,0,0,0.0,23.0,0,100.0,100.0,100.0,100.0,0,24,24,reported_gmt_minus_4_unconverted,1
2018-04-30,24,24,24,1.0,high,True,True,True,True,True,6.122208333333333,6.255,1.5315511596777123,3.461,10.72,4.1623,5.6282499999999995,6.7677499999999995,7.2913,24,0,0,0,0.0,23.0,0,100.0,100.0,100.0,100.0,0,24,24,reported_gmt_minus_4_unconverted,1
2018-05-01,24,24,24,1.0,high,True,True,True,True,True,6.87425,6.7940000000000005,1.6437320539605567,3.631,10.636,5.1661,5.84125,7.702999999999999,8.8123,24,0,0,0,0.0,23.0,0,100.0,100.0,100.0,100.0,0,24,24,reported_gmt_minus_4_unconverted,1
2018-05-02,24,24,24,1.0,high,True,True,True,True,True,5.09425,4.263999999999999,1.9936158596008844,2.932,10.395,3.6156,3.872,5.8045,8.066699999999999,24,0,0,0,0.0,23.0,0,100.0,100.0,100.0,100.0,0,24,24,reported_gmt_minus_4_unconverted,1
2018-05-03,24,24,24,1.0,high,True,True,True,True,True,8.23775,8.877500000000001,3.7951193628476125,1.75,13.199,3.0063,5.073,12.02675,12.5562,24,0,0,0,0.0,23.0,0,100.0,100.0,100.0,100.0,0,24,24,reported_gmt_minus_4_unconverted,1
2018-05-04,24,24,8,0.333333,weak,False,False,False,False,False,12.37425,12.606000000000002,2.394595507148784,9.247,16.538,9.828,10.45575,13.429,14.865699999999999,8,16,0,0,0.0,7.0,16,0.0,0.0,33.333333333333336,100.0,16,8,8,reported_gmt_minus_4_unconverted,1
2018-05-05,24,24,24,1.0,high,True,True,True,True,True,9.7205,9.385,3.0169714298772625,2.888,15.087,6.2330000000000005,8.13875,12.411000000000001,13.9168,24,0,0,0,0.0,23.0,0,100.0,100.0,100.0,100.0,0,24,24,reported_gmt_minus_4_unconverted,1
2018-05-06,24,24,24,1.0,high,True,True,True,True,True,8.733125,8.097999999999999,2.683526675566737,4.361,13.789,5.7629,6.62575,10.85325,11.7113,24,0,0,0,0.0,23.0,0,100.0,100.0,100.0,100.0,0,24,24,reported_gmt_minus_4_unconverted,1
2018-05-07,24,24,24,1.0,high,True,True,True,True,True,7.336625000000001,6.7125,2.474999513614357,4.001,12.662,4.799300000000001,5.3839999999999995,8.602,11.0162,24,0,0,0,0.0,23.0,0,100.0,100.0,100.0,100.0,0,24,24,reported_gmt_minus_4_unconverted,1
2018-05-08,24,24,24,1.0,high,True,True,True,True,True,8.018666666666666,7.106,4.165127073239409,2.759,15.503,3.1727000000000003,4.37575,12.073500000000001,13.3196,24,0,0,0,0.0,23.0,0,100.0,100.0,100.0,100.0,0,24,24,reported_gmt_minus_4_unconverted,1
2018-05-09,24,24,24,1.0,high,True,True,True,True,True,9.671333333333333,9.310500000000001,2.829796392532227,5.132,15.836,6.4805,7.58475,12.165,13.450999999999999,24,0,0,0,0.0,23.0,0,100.0,100.0,100.0,100.0,0,24,24,reported_gmt_minus_4_unconverted,1
2018-05-10,24,24,24,1.0,high,True,True,True,True,True,7.581875,7.247999999999999,2.940910348743706,1.992,12.928,4.702,5.1585,10.099,11.262,24,0,0,0,0.0,23.0,0,100.0,100.0,100.0,100.0,0,24,24,reported_gmt_minus_4_unconverted,1
2018-05-11,24,24,2,0.083333,weak,False,False,False,False,False,9.7225,9.7225,3.298653134235244,7.39,12.055,7.8565,8.55625,10.88875,11.5885,2,22,0,0,0.0,1.0,22,0.0,0.0,8.333333333333334,100.0,22,2,2,reported_gmt_minus_4_unconverted,1
2018-05-12,24,24,24,1.0,high,True,True,True,True,True,2.6738750000000002,2.6574999999999998,0.7180425270498774,1.491,3.905,1.8376,2.096,3.19775,3.5995999999999997,24,0,0,0,0.0,23.0,0,100.0,100.0,100.0,100.0,0,24,24,reported_gmt_minus_4_unconverted,1
2018-05-13,24,24,24,1.0,high,True,True,True,True,True,2.2784999999999997,2.245,0.37851942687494805,1.712,3.169,1.8363,1.9595,2.552,2.7231,24,0,0,0,0.0,23.0,0,100.0,100.0,100.0,100.0,0,24,24,reported_gmt_minus_4_unconverted,1
2018-05-14,24,24,24,1.0,high,True,True,True,True,True,1.1142083333333332,1.0659999999999998,0.5857737342640272,0.395,2.274,0.4228,0.5755,1.5097500000000001,1.9715999999999998,24,0,0,0,0.0,23.0,0,100.0,100.0,100.0,100.0,0,24,24,reported_gmt_minus_4_unconverted,1
2018-05-15,24,24,24,1.0,high,True,True,True,True,True,0.356875,0.3465,0.13789262126741955,0.165,0.686,0.1931,0.273,0.41825,0.5306000000000001,24,0,0,0,0.0,23.0,0,100.0,100.0,100.0,100.0,0,24,24,reported_gmt_minus_4_unconverted,1
2018-05-16,24,24,24,1.0,high,True,True,True,True,True,0.738625,0.5774999999999999,0.39085845458648977,0.378,1.801,0.4583,0.5055000000000001,0.79125,1.3493999999999995,24,0,0,0,0.0,23.0,0,100.0,100.0,100.0,100.0,0,24,24,reported_gmt_minus_4_unconverted,1
2018-05-17,24,24,24,1.0,high,True,True,True,True,True,0.6732916666666666,0.633,0.14337287329582765,0.44,1.055,0.5455,0.597,0.7115,0.8616999999999999,24,0,0,0,0.0,23.0,0,100.0,100.0,100.0,100.0,0,24,24,reported_gmt_minus_4_unconverted,1
2018-05-18,24,24,24,1.0,high,True,True,True,True,True,0.7666666666666666,0.7795000000000001,0.11408946400567166,0.512,0.987,0.6245,0.6825,0.8465,0.8869,24,0,0,0,0.0,23.0,0,100.0,100.0,100.0,100.0,0,24,24,reported_gmt_minus_4_unconverted,1
2018-05-19,24,24,24,1.0,high,True,True,True,True,True,0.8495416666666666,0.84,0.11401524656498956,0.647,1.01,0.7017,0.7545,0.9420000000000001,1.0037,24,0,0,0,0.0,23.0,0,100.0,100.0,100.0,100.0,0,24,24,reported_gmt_minus_4_unconverted,1
2018-05-20,24,24,24,1.0,high,True,True,True,True,True,0.893875,0.8694999999999999,0.25793347853240395,0.529,1.231,0.5728,0.67075,1.13425,1.2189999999999999,24,0,0,0,0.0,23.0,0,100.0,100.0,100.0,100.0,0,24,24,reported_gmt_minus_4_unconverted,1
2018-05-21,24,24,24,1.0,high,True,True,True,True,True,1.2755,1.1075,0.45435353023255204,0.631,2.263,0.7709,0.91,1.67675,1.8268,24,0,0,0,0.0,23.0,0,100.0,100.0,100.0,100.0,0,24,24,reported_gmt_minus_4_unconverted,1
2018-05-22,24,24,24,1.0,high,True,True,True,True,True,1.7409583333333334,1.787,0.3096087965224147,1.079,2.142,1.2596,1.60175,1.9935,2.0638,24,0,0,0,0.0,23.0,0,100.0,100.0,100.0,100.0,0,24,24,reported_gmt_minus_4_unconverted,1
2018-05-23,24,24,24,1.0,high,True,True,True,True,True,1.9896666666666665,1.797,0.8013786852053462,1.203,3.592,1.2731999999999999,1.3322500000000002,2.363,3.2932,24,0,0,0,0.0,23.0,0,100.0,100.0,100.0,100.0,0,24,24,reported_gmt_minus_4_unconverted,1
2018-05-24,24,24,24,1.0,high,True,True,True,True,True,3.3726249999999998,3.519,0.5478497741169562,2.008,4.109,2.5621,3.123,3.72825,3.9682,24,0,0,0,0.0,23.0,0,100.0,100.0,100.0,100.0,0,24,24,reported_gmt_minus_4_unconverted,1
2018-05-25,24,24,3,0.125,weak,False,False,False,False,False,3.8203333333333336,4.013,0.3432787982578204,3.424,4.024,3.5418,3.7184999999999997,4.0184999999999995,4.0218,3,21,0,0,0.0,2.0,21,0.0,0.0,12.5,100.0,21,3,3,reported_gmt_minus_4_unconverted,1
2018-05-26,24,24,24,1.0,high,True,True,True,True,True,6.0116249999999996,4.4315,2.6833527991237416,3.383,12.539,3.8266999999999998,4.14825,7.66275,10.207999999999998,24,0,0,0,0.0,23.0,0,100.0,100.0,100.0,100.0,0,24,24,reported_gmt_minus_4_unconverted,1
2018-05-27,24,24,24,1.0,high,True,True,True,True,True,8.718583333333333,9.9555,3.478236008652095,1.47,12.762,3.0607,7.673500000000001,10.9415,12.0382,24,0,0,0,0.0,23.0,0,100.0,100.0,100.0,100.0,0,24,24,reported_gmt_minus_4_unconverted,1
2018-05-28,24,24,24,1.0,high,True,True,True,True,True,7.177083333333333,6.395,4.202623744826523,0.96,14.307,1.6651000000000002,3.28675,10.6545,11.732899999999999,24,0,0,0,0.0,23.0,0,100.0,100.0,100.0,100.0,0,24,24,reported_gmt_minus_4_unconverted,1
2018-05-29,24,24,24,1.0,high,True,True,True,True,True,4.821958333333333,3.7315,2.9746830372497586,1.505,10.495,1.9533,2.52725,6.4037500000000005,9.7303,24,0,0,0,0.0,23.0,0,100.0,100.0,100.0,100.0,0,24,24,reported_gmt_minus_4_unconverted,1
2018-05-30,24,24,24,1.0,high,True,True,True,True,True,3.8519583333333336,2.5875,2.657554539162496,1.572,10.415,1.7003,1.84125,5.33075,7.611699999999999,24,0,0,0,0.0,23.0,0,100.0,100.0,100.0,100.0,0,24,24,reported_gmt_minus_4_unconverted,1
2018-05-31,24,24,24,1.0,high,True,True,True,True,True,2.4399583333333332,2.2655000000000003,0.9608476094694666,1.135,4.096,1.2690000000000001,1.611,3.12275,3.9185,24,0,0,0,0.0,23.0,0,100.0,100.0,100.0,100.0,0,24,24,reported_gmt_minus_4_unconverted,1
2018-06-01,24,24,1,0.041667,weak,False,False,False,False,False,1.638,1.638,,1.638,1.638,1.638,1.638,1.638,1.638,1,23,0,0,0.0,0.0,23,0.0,0.0,4.166666666666667,100.0,23,1,1,reported_gmt_minus_4_unconverted,1
2018-06-02,24,24,24,1.0,high,True,True,True,True,True,1.8178333333333334,1.364,1.156156024774852,0.832,5.165,0.9252,1.1945,2.0085,3.1245,24,0,0,0,0.0,23.0,0,100.0,100.0,100.0,100.0,0,24,24,reported_gmt_minus_4_unconverted,1
2018-06-03,24,24,24,1.0,high,True,True,True,True,True,1.0692083333333333,0.8955,0.6138293190871665,0.462,2.986,0.6031,0.72325,1.152,1.6915999999999998,24,0,0,0,0.0,23.0,0,100.0,100.0,100.0,100.0,0,24,24,reported_gmt_minus_4_unconverted,1
2018-06-04,24,24,24,1.0,high,True,True,True,True,True,2.2227916666666663,2.3005,1.1114460607760022,0.625,4.443,0.7100000000000001,1.2012500000000002,3.04875,3.4848999999999997,24,0,0,0,0.0,23.0,0,100.0,100.0,100.0,100.0,0,24,24,reported_gmt_minus_4_unconverted,1
2018-06-05,24,24,24,1.0,high,True,True,True,True,True,1.7866250000000001,1.7970000000000002,0.4988667864792904,0.87,2.809,1.0432000000000001,1.4875,2.1397500000000003,2.3365,24,0,0,0,0.0,23.0,0,100.0,100.0,100.0,100.0,0,24,24,reported_gmt_minus_4_unconverted,1
2018-06-06,24,24,24,1.0,high,True,True,True,True,True,2.0379583333333335,1.8439999999999999,0.4903568779507667,1.381,2.868,1.5822,1.73875,2.44625,2.8243,24,0,0,0,0.0,23.0,0,100.0,100.0,100.0,100.0,0,24,24,reported_gmt_minus_4_unconverted,1
2018-06-07,24,24,24,1.0,high,True,True,True,True,True,2.883791666666666,2.892,0.5153037077606604,1.582,3.62,2.3314999999999997,2.65375,3.24,3.4232,24,0,0,0,0.0,23.0,0,100.0,100.0,100.0,100.0,0,24,24,reported_gmt_minus_4_unconverted,1
2018-06-08,24,24,2,0.083333,weak,False,False,False,False,False,3.6865,3.6865,0.15061374439273467,3.58,3.793,3.6013,3.6332500000000003,3.73975,3.7717,2,22,0,0,0.0,1.0,22,0.0,0.0,8.333333333333334,100.0,22,2,2,reported_gmt_minus_4_unconverted,1
2018-06-09,24,24,24,1.0,high,True,True,True,True,True,2.6448750000000003,2.6185,0.23632812717840457,2.367,3.17,2.4027000000000003,2.4555,2.7575,2.9514,24,0,0,0,0.0,23.0,0,100.0,100.0,100.0,100.0,0,24,24,reported_gmt_minus_4_unconverted,1
2018-06-10,24,24,24,1.0,high,True,True,True,True,True,1.9515,1.902,0.18112978772140156,1.723,2.303,1.7687,1.8250000000000002,2.04875,2.2647,24,0,0,0,0.0,23.0,0,100.0,100.0,100.0,100.0,0,24,24,reported_gmt_minus_4_unconverted,1
2018-06-11,24,24,24,1.0,high,True,True,True,True,True,1.8350416666666665,1.69,0.5726609497825019,1.467,4.364,1.508,1.55975,1.8824999999999998,2.0783,24,0,0,0,0.0,23.0,0,100.0,100.0,100.0,100.0,0,24,24,reported_gmt_minus_4_unconverted,1
2018-06-12,24,24,24,1.0,high,True,True,True,True,True,1.54075,1.4809999999999999,0.17444003579154793,1.309,1.933,1.3388,1.4225,1.7005000000000001,1.7763,24,0,0,0,0.0,23.0,0,100.0,100.0,100.0,100.0,0,24,24,reported_gmt_minus_4_unconverted,1
2018-06-13,24,24,24,1.0,high,True,True,True,True,True,1.6763750000000002,1.411,0.5557061948547991,1.118,2.981,1.1664,1.35225,1.8305,2.5789,24,0,0,0,0.0,23.0,0,100.0,100.0,100.0,100.0,0,24,24,reported_gmt_minus_4_unconverted,1
2018-06-14,24,24,24,1.0,high,True,True,True,True,True,1.2811666666666666,1.3115,0.34265189163432286,0.745,1.76,0.8251000000000001,0.965,1.6495,1.6855,24,0,0,0,0.0,23.0,0,100.0,100.0,100.0,100.0,0,24,24,reported_gmt_minus_4_unconverted,1
2018-06-15,24,24,1,0.041667,weak,False,False,False,False,False,1.136,1.136,,1.136,1.136,1.136,1.136,1.136,1.136,1,23,0,0,0.0,0.0,23,0.0,0.0,4.166666666666667,100.0,23,1,1,reported_gmt_minus_4_unconverted,1
2018-06-16,24,24,24,1.0,high,True,True,True,True,True,1.802875,1.7734999999999999,0.24450025562358824,1.404,2.383,1.5292000000000001,1.6125,1.935,2.1372,24,0,0,0,0.0,23.0,0,100.0,100.0,100.0,100.0,0,24,24,reported_gmt_minus_4_unconverted,1
2018-06-17,24,24,24,1.0,high,True,True,True,True,True,1.6213750000000002,1.4925000000000002,0.3388145334006177,1.184,2.197,1.2757,1.358,1.9602499999999998,2.1445000000000003,24,0,0,0,0.0,23.0,0,100.0,100.0,100.0,100.0,0,24,24,reported_gmt_minus_4_unconverted,1
2018-06-18,24,24,15,0.625,partial,False,True,False,False,False,1.230666666666667,1.369,0.527732706513259,0.067,1.926,0.3892000000000001,1.1915,1.5110000000000001,1.6312,15,9,0,0,0.0,14.0,9,0.0,100.0,62.5,100.0,9,15,15,reported_gmt_minus_4_unconverted,1
2018-06-19,24,24,0,0.0,missing,False,False,False,False,False,,,,,,,,,,0,24,0,0,,,24,0.0,0.0,0.0,0.0,24,0,0,reported_gmt_minus_4_unconverted,1
2018-06-20,24,24,0,0.0,missing,False,False,False,False,False,,,,,,,,,,0,24,0,0,,,24,0.0,0.0,0.0,0.0,24,0,0,reported_gmt_minus_4_unconverted,1
2018-06-21,24,24,0,0.0,missing,False,False,False,False,False,,,,,,,,,,0,24,0,0,,,24,0.0,0.0,0.0,0.0,24,0,0,reported_gmt_minus_4_unconverted,1
2018-06-22,24,24,0,0.0,missing,False,False,False,False,False,,,,,,,,,,0,24,0,0,,,24,0.0,0.0,0.0,0.0,24,0,0,reported_gmt_minus_4_unconverted,1
2018-06-23,24,24,0,0.0,missing,False,False,False,False,False,,,,,,,,,,0,24,0,0,,,24,0.0,0.0,0.0,0.0,24,0,0,reported_gmt_minus_4_unconverted,1
2018-06-24,24,24,0,0.0,missing,False,False,False,False,False,,,,,,,,,,0,24,0,0,,,24,0.0,0.0,0.0,0.0,24,0,0,reported_gmt_minus_4_unconverted,1
2018-06-25,24,24,0,0.0,missing,False,False,False,False,False,,,,,,,,,,0,24,0,0,,,24,0.0,0.0,0.0,0.0,24,0,0,reported_gmt_minus_4_unconverted,1
2018-06-26,24,24,0,0.0,missing,False,False,False,False,False,,,,,,,,,,0,24,0,0,,,24,0.0,0.0,0.0,0.0,24,0,0,reported_gmt_minus_4_unconverted,1
2018-06-27,24,24,0,0.0,missing,False,False,False,False,False,,,,,,,,,,0,24,0,0,,,24,0.0,0.0,0.0,0.0,24,0,0,reported_gmt_minus_4_unconverted,1
2018-06-28,24,24,0,0.0,missing,False,False,False,False,False,,,,,,,,,,0,24,0,0,,,24,0.0,0.0,0.0,0.0,24,0,0,reported_gmt_minus_4_unconverted,1
2018-06-29,24,24,0,0.0,missing,False,False,False,False,False,,,,,,,,,,0,24,0,0,,,24,0.0,0.0,0.0,0.0,24,0,0,reported_gmt_minus_4_unconverted,1
2018-06-30,24,24,0,0.0,missing,False,False,False,False,False,,,,,,,,,,0,24,0,0,,,24,0.0,0.0,0.0,0.0,24,0,0,reported_gmt_minus_4_unconverted,1
2018-07-01,24,24,0,0.0,missing,False,False,False,False,False,,,,,,,,,,0,24,0,0,,,24,0.0,0.0,0.0,0.0,24,0,0,reported_gmt_minus_4_unconverted,1
2018-07-02,24,24,0,0.0,missing,False,False,False,False,False,,,,,,,,,,0,24,0,0,,,24,0.0,0.0,0.0,0.0,24,0,0,reported_gmt_minus_4_unconverted,1
2018-07-03,24,24,0,0.0,missing,False,False,False,False,False,,,,,,,,,,0,24,0,0,,,24,0.0,0.0,0.0,0.0,24,0,0,reported_gmt_minus_4_unconverted,1
2018-07-04,24,24,0,0.0,missing,False,False,False,False,False,,,,,,,,,,0,24,0,0,,,24,0.0,0.0,0.0,0.0,24,0,0,reported_gmt_minus_4_unconverted,1
2018-07-05,24,24,0,0.0,missing,False,False,False,False,False,,,,,,,,,,0,24,0,0,,,24,0.0,0.0,0.0,0.0,24,0,0,reported_gmt_minus_4_unconverted,1
2018-07-06,24,24,0,0.0,missing,False,False,False,False,False,,,,,,,,,,0,24,0,0,,,24,0.0,0.0,0.0,0.0,24,0,0,reported_gmt_minus_4_unconverted,1
2018-07-07,24,24,0,0.0,missing,False,False,False,False,False,,,,,,,,,,0,24,0,0,,,24,0.0,0.0,0.0,0.0,24,0,0,reported_gmt_minus_4_unconverted,1
2018-07-08,24,24,0,0.0,missing,False,False,False,False,False,,,,,,,,,,0,24,0,0,,,24,0.0,0.0,0.0,0.0,24,0,0,reported_gmt_minus_4_unconverted,1
2018-07-09,24,24,0,0.0,missing,False,False,False,False,False,,,,,,,,,,0,24,0,0,,,24,0.0,0.0,0.0,0.0,24,0,0,reported_gmt_minus_4_unconverted,1
2018-07-10,24,24,0,0.0,missing,False,False,False,False,False,,,,,,,,,,0,24,0,0,,,24,0.0,0.0,0.0,0.0,24,0,0,reported_gmt_minus_4_unconverted,1
2018-07-11,24,24,0,0.0,missing,False,False,False,False,False,,,,,,,,,,0,24,0,0,,,24,0.0,0.0,0.0,0.0,24,0,0,reported_gmt_minus_4_unconverted,1
2018-07-12,24,24,0,0.0,missing,False,False,False,False,False,,,,,,,,,,0,24,0,0,,,24,0.0,0.0,0.0,0.0,24,0,0,reported_gmt_minus_4_unconverted,1
2018-07-13,24,24,0,0.0,missing,False,False,False,False,False,,,,,,,,,,0,24,0,0,,,24,0.0,0.0,0.0,0.0,24,0,0,reported_gmt_minus_4_unconverted,1
2018-07-14,24,24,0,0.0,missing,False,False,False,False,False,,,,,,,,,,0,24,0,0,,,24,0.0,0.0,0.0,0.0,24,0,0,reported_gmt_minus_4_unconverted,1
2018-07-15,24,24,0,0.0,missing,False,False,False,False,False,,,,,,,,,,0,24,0,0,,,24,0.0,0.0,0.0,0.0,24,0,0,reported_gmt_minus_4_unconverted,1
2018-07-16,24,24,0,0.0,missing,False,False,False,False,False,,,,,,,,,,0,24,0,0,,,24,0.0,0.0,0.0,0.0,24,0,0,reported_gmt_minus_4_unconverted,1
2018-07-17,24,24,0,0.0,missing,False,False,False,False,False,,,,,,,,,,0,24,0,0,,,24,0.0,0.0,0.0,0.0,24,0,0,reported_gmt_minus_4_unconverted,1
2018-07-18,24,24,0,0.0,missing,False,False,False,False,False,,,,,,,,,,0,24,0,0,,,24,0.0,0.0,0.0,0.0,24,0,0,reported_gmt_minus_4_unconverted,1
2018-07-19,24,24,0,0.0,missing,False,False,False,False,False,,,,,,,,,,0,24,0,0,,,24,0.0,0.0,0.0,0.0,24,0,0,reported_gmt_minus_4_unconverted,1
2018-07-20,24,24,0,0.0,missing,False,False,False,False,False,,,,,,,,,,0,24,0,0,,,24,0.0,0.0,0.0,0.0,24,0,0,reported_gmt_minus_4_unconverted,1
2018-07-21,24,24,24,1.0,high,True,True,True,True,True,1.8253333333333337,1.852,0.27149628337061626,1.441,2.552,1.5497,1.5885,1.93525,2.1357,24,0,0,0,0.0,23.0,0,100.0,100.0,100.0,100.0,0,24,24,reported_gmt_minus_4_unconverted,1
2018-07-22,24,24,24,1.0,high,True,True,True,True,True,1.3320416666666668,1.5245,0.5330230828810869,0.331,2.023,0.43970000000000004,0.9604999999999999,1.75275,1.8561,24,0,0,0,0.0,23.0,0,100.0,100.0,100.0,100.0,0,24,24,reported_gmt_minus_4_unconverted,1
2018-07-23,24,24,24,1.0,high,True,True,True,True,True,1.0824583333333333,1.085,0.3959980214231057,0.493,1.705,0.5730000000000001,0.695,1.4385,1.6172,24,0,0,0,0.0,23.0,0,100.0,100.0,100.0,100.0,0,24,24,reported_gmt_minus_4_unconverted,1
2018-07-24,24,24,24,1.0,high,True,True,True,True,True,1.426125,1.2894999999999999,0.32270572305996087,0.96,1.892,1.0905,1.1604999999999999,1.76725,1.8377000000000001,24,0,0,0,0.0,23.0,0,100.0,100.0,100.0,100.0,0,24,24,reported_gmt_minus_4_unconverted,1
2018-07-25,24,24,24,1.0,high,True,True,True,True,True,1.4903333333333333,1.4545,0.3266075515869515,1.035,2.135,1.0927,1.19275,1.77225,1.8796,24,0,0,0,0.0,23.0,0,100.0,100.0,100.0,100.0,0,24,24,reported_gmt_minus_4_unconverted,1
2018-07-26,24,24,24,1.0,high,True,True,True,True,True,1.5966666666666667,1.5895000000000001,0.23353533699033302,1.204,2.011,1.3089,1.41225,1.80575,1.8931,24,0,0,0,0.0,23.0,0,100.0,100.0,100.0,100.0,0,24,24,reported_gmt_minus_4_unconverted,1
2018-07-27,24,24,9,0.375,weak,False,False,False,False,False,1.7266666666666666,1.756,0.18927559272130148,1.34,1.933,1.504,1.658,1.875,1.9074,9,15,0,0,0.0,8.0,15,0.0,0.0,37.5,100.0,15,9,9,reported_gmt_minus_4_unconverted,1
2018-07-28,24,24,24,1.0,high,True,True,True,True,True,1.481625,1.4795,0.19904179427840077,1.151,1.873,1.1931,1.3984999999999999,1.60625,1.6905000000000001,24,0,0,0,0.0,23.0,0,100.0,100.0,100.0,100.0,0,24,24,reported_gmt_minus_4_unconverted,1
2018-07-29,24,24,24,1.0,high,True,True,True,True,True,1.4962083333333334,1.5005000000000002,0.1418032866383896,1.271,1.73,1.3161,1.3585,1.6045,1.6588,24,0,0,0,0.0,23.0,0,100.0,100.0,100.0,100.0,0,24,24,reported_gmt_minus_4_unconverted,1
2018-07-30,24,24,24,1.0,high,True,True,True,True,True,1.4180416666666666,1.3624999999999998,0.179497481916858,1.193,1.727,1.2281,1.274,1.565,1.6904,24,0,0,0,0.0,23.0,0,100.0,100.0,100.0,100.0,0,24,24,reported_gmt_minus_4_unconverted,1
2018-07-31,24,24,24,1.0,high,True,True,True,True,True,1.233125,1.1865,0.29602765918069207,0.821,1.967,0.8823,1.0045,1.49875,1.5446,24,0,0,0,0.0,23.0,0,100.0,100.0,100.0,100.0,0,24,24,reported_gmt_minus_4_unconverted,1
2018-08-01,24,24,24,1.0,high,True,True,True,True,True,2.015625,1.7555,0.5000792817578812,1.389,2.893,1.5207,1.6155,2.464,2.7243999999999997,24,0,0,0,0.0,23.0,0,100.0,100.0,100.0,100.0,0,24,24,reported_gmt_minus_4_unconverted,1
2018-08-02,24,24,24,1.0,high,True,True,True,True,True,2.183625,2.2065,0.33168408391380366,1.66,2.685,1.7714,1.892,2.469,2.6033,24,0,0,0,0.0,23.0,0,100.0,100.0,100.0,100.0,0,24,24,reported_gmt_minus_4_unconverted,1
2018-08-03,24,24,1,0.041667,weak,False,False,False,False,False,2.46,2.46,,2.46,2.46,2.46,2.46,2.46,2.46,1,23,0,0,0.0,0.0,23,0.0,0.0,4.166666666666667,100.0,23,1,1,reported_gmt_minus_4_unconverted,1
2018-08-04,24,24,24,1.0,high,True,True,True,True,True,1.3624583333333333,1.2905,0.29866776352833,1.002,2.014,1.0724,1.182,1.43475,1.9132999999999998,24,0,0,0,0.0,23.0,0,100.0,100.0,100.0,100.0,0,24,24,reported_gmt_minus_4_unconverted,1
2018-08-05,24,24,24,1.0,high,True,True,True,True,True,0.9787916666666666,0.9604999999999999,0.12928800985688357,0.772,1.339,0.8432999999999999,0.89,1.0545,1.11,24,0,0,0,0.0,23.0,0,100.0,100.0,100.0,100.0,0,24,24,reported_gmt_minus_4_unconverted,1
2018-08-06,24,24,24,1.0,high,True,True,True,True,True,0.8959166666666668,0.7975,0.29793432551292337,0.549,1.413,0.5766,0.63675,1.15675,1.3442,24,0,0,0,0.0,23.0,0,100.0,100.0,100.0,100.0,0,24,24,reported_gmt_minus_4_unconverted,1
2018-08-07,24,24,24,1.0,high,True,True,True,True,True,1.0970000000000002,1.1364999999999998,0.15325653401206524,0.757,1.357,0.9111,1.0165,1.18425,1.2582,24,0,0,0,0.0,23.0,0,100.0,100.0,100.0,100.0,0,24,24,reported_gmt_minus_4_unconverted,1
2018-08-08,24,24,24,1.0,high,True,True,True,True,True,1.0685,0.946,0.28320817354945355,0.747,1.629,0.8113,0.88775,1.23075,1.5619999999999998,24,0,0,0,0.0,23.0,0,100.0,100.0,100.0,100.0,0,24,24,reported_gmt_minus_4_unconverted,1
2018-08-09,24,24,24,1.0,high,True,True,True,True,True,0.8329166666666667,0.7765,0.17960921750982814,0.623,1.234,0.6746000000000001,0.716,0.91025,1.095,24,0,0,0,0.0,23.0,0,100.0,100.0,100.0,100.0,0,24,24,reported_gmt_minus_4_unconverted,1
2018-08-10,24,24,7,0.291667,weak,False,False,False,False,False,0.8,0.808,0.08657174288800397,0.659,0.933,0.7142000000000001,0.7575000000000001,0.8425,0.8808,7,17,0,0,0.0,6.0,17,0.0,0.0,29.166666666666668,100.0,17,7,7,reported_gmt_minus_4_unconverted,1
2018-08-11,24,24,24,1.0,high,True,True,True,True,True,0.6980416666666667,0.669,0.11942633864570594,0.557,0.963,0.5929,0.614,0.741,0.9042999999999999,24,0,0,0,0.0,23.0,0,100.0,100.0,100.0,100.0,0,24,24,reported_gmt_minus_4_unconverted,1
2018-08-12,24,24,24,1.0,high,True,True,True,True,True,0.7574166666666665,0.717,0.2412060127354004,0.465,1.317,0.509,0.54425,0.93425,1.0659,24,0,0,0,0.0,23.0,0,100.0,100.0,100.0,100.0,0,24,24,reported_gmt_minus_4_unconverted,1
2018-08-13,24,24,24,1.0,high,True,True,True,True,True,0.8791250000000002,0.8225,0.3047777968205404,0.588,1.778,0.6223,0.66925,0.9277500000000001,1.2076,24,0,0,0,0.0,23.0,0,100.0,100.0,100.0,100.0,0,24,24,reported_gmt_minus_4_unconverted,1
2018-08-14,24,24,24,1.0,high,True,True,True,True,True,1.1052916666666668,1.0045,0.34740897827834816,0.658,1.831,0.7373,0.84975,1.2885,1.5718999999999999,24,0,0,0,0.0,23.0,0,100.0,100.0,100.0,100.0,0,24,24,reported_gmt_minus_4_unconverted,1
2018-08-15,24,24,24,1.0,high,True,True,True,True,True,1.3888749999999999,1.4340000000000002,0.19492346602883823,1.04,1.697,1.1477,1.2157499999999999,1.52375,1.6454,24,0,0,0,0.0,23.0,0,100.0,100.0,100.0,100.0,0,24,24,reported_gmt_minus_4_unconverted,1
2018-08-16,24,24,24,1.0,high,True,True,True,True,True,1.8369583333333335,1.696,0.3863077708778063,1.304,2.624,1.4013,1.549,2.197,2.2868,24,0,0,0,0.0,23.0,0,100.0,100.0,100.0,100.0,0,24,24,reported_gmt_minus_4_unconverted,1
2018-08-17,24,24,1,0.041667,weak,False,False,False,False,False,2.82,2.82,,2.82,2.82,2.82,2.82,2.82,2.82,1,23,0,0,0.0,0.0,23,0.0,0.0,4.166666666666667,100.0,23,1,1,reported_gmt_minus_4_unconverted,1
2018-08-18,24,24,24,1.0,high,True,True,True,True,True,1.4063333333333332,1.3995,0.3558011983588914,0.746,1.872,0.8836999999999999,1.18675,1.71375,1.8415,24,0,0,0,0.0,23.0,0,100.0,100.0,100.0,100.0,0,24,24,reported_gmt_minus_4_unconverted,1
2018-08-19,24,24,24,1.0,high,True,True,True,True,True,1.6540833333333333,1.833,0.5004543949744825,0.589,2.215,0.6569,1.6155,1.935,2.0845,24,0,0,0,0.0,23.0,0,100.0,100.0,100.0,100.0,0,24,24,reported_gmt_minus_4_unconverted,1
2018-08-20,24,24,24,1.0,high,True,True,True,True,True,2.094708333333333,2.006,1.2725752212897201,0.534,4.106,0.5725,0.7095,3.10825,3.8361,24,0,0,0,0.0,23.0,0,100.0,100.0,100.0,100.0,0,24,24,reported_gmt_minus_4_unconverted,1
2018-08-21,24,24,24,1.0,high,True,True,True,True,True,1.8675416666666667,1.5535,0.7342817241102483,1.243,4.178,1.3534000000000002,1.39775,2.1252500000000003,2.9361999999999995,24,0,0,0,0.0,23.0,0,100.0,100.0,100.0,100.0,0,24,24,reported_gmt_minus_4_unconverted,1
2018-08-22,24,24,24,1.0,high,True,True,True,True,True,2.7705,2.6704999999999997,0.7020074321420029,1.522,4.084,1.9527,2.3955,2.92575,3.9535,24,0,0,0,0.0,23.0,0,100.0,100.0,100.0,100.0,0,24,24,reported_gmt_minus_4_unconverted,1
2018-08-23,24,24,24,1.0,high,True,True,True,True,True,2.475375,2.5940000000000003,0.4129729765345744,1.69,3.241,1.8949,2.20575,2.7375,2.9257,24,0,0,0,0.0,23.0,0,100.0,100.0,100.0,100.0,0,24,24,reported_gmt_minus_4_unconverted,1
2018-08-24,24,24,24,1.0,high,True,True,True,True,True,2.0034166666666664,1.866,0.681716944745855,1.017,3.973,1.3740999999999999,1.5955000000000001,2.2689999999999997,2.3783,24,0,0,0,0.0,23.0,0,100.0,100.0,100.0,100.0,0,24,24,reported_gmt_minus_4_unconverted,1
2018-08-25,24,24,24,1.0,high,True,True,True,True,True,1.5126666666666668,1.625,0.3313093479785486,0.716,2.239,1.1428,1.31275,1.685,1.7395,24,0,0,0,0.0,23.0,0,100.0,100.0,100.0,100.0,0,24,24,reported_gmt_minus_4_unconverted,1
2018-08-26,24,24,1,0.041667,weak,False,False,False,False,False,1.698,1.698,,1.698,1.698,1.698,1.698,1.698,1.698,1,23,0,0,0.0,0.0,23,0.0,0.0,4.166666666666667,100.0,23,1,1,reported_gmt_minus_4_unconverted,1
2018-08-27,24,24,24,1.0,high,True,True,True,True,True,4.756541666666667,4.5295000000000005,0.6473521304491872,4.004,6.16,4.0965,4.30225,5.09975,5.7245,24,0,0,0,0.0,23.0,0,100.0,100.0,100.0,100.0,0,24,24,reported_gmt_minus_4_unconverted,1
2018-08-28,24,24,24,1.0,high,True,True,True,True,True,2.626208333333333,2.484,0.5825750169397232,1.634,3.729,1.9984,2.155,3.12425,3.4898,24,0,0,0,0.0,23.0,0,100.0,100.0,100.0,100.0,0,24,24,reported_gmt_minus_4_unconverted,1
2018-08-29,24,24,12,0.5,partial,False,True,False,False,False,2.257916666666667,2.0275,0.7859496234530943,1.126,3.734,1.2259000000000002,1.8715000000000002,2.7085,3.2359,12,12,0,0,0.0,11.0,12,0.0,50.0,50.0,100.0,12,12,12,reported_gmt_minus_4_unconverted,1
2018-08-30,24,24,24,1.0,high,True,True,True,True,True,4.216666666666666,4.3655,1.1685854200947274,1.969,5.695,2.3345,3.45425,5.2124999999999995,5.5693,24,0,0,0,0.0,23.0,0,100.0,100.0,100.0,100.0,0,24,24,reported_gmt_minus_4_unconverted,1
2018-08-31,24,24,24,1.0,high,True,True,True,True,True,1.7437083333333334,1.8039999999999998,0.17748545051616915,1.488,1.99,1.5047000000000001,1.5670000000000002,1.89375,1.9376,24,0,0,0,0.0,23.0,0,100.0,100.0,100.0,100.0,0,24,24,reported_gmt_minus_4_unconverted,1
2018-09-01,24,24,24,1.0,high,True,True,True,True,True,2.321,2.097,0.8301460322031352,1.367,4.311,1.5962,1.79325,2.407,3.6645,24,0,0,0,0.0,23.0,0,100.0,100.0,100.0,100.0,0,24,24,reported_gmt_minus_4_unconverted,1
2018-09-02,24,24,24,1.0,high,True,True,True,True,True,2.762708333333333,2.5925000000000002,0.8220377373738182,1.794,4.546,1.9333,2.0275000000000003,3.4154999999999998,3.9412,24,0,0,0,0.0,23.0,0,100.0,100.0,100.0,100.0,0,24,24,reported_gmt_minus_4_unconverted,1
2018-09-03,24,24,24,1.0,high,True,True,True,True,True,1.690125,1.6320000000000001,0.20446118213489817,1.387,2.077,1.4849,1.518,1.8295,1.9569,24,0,0,0,0.0,23.0,0,100.0,100.0,100.0,100.0,0,24,24,reported_gmt_minus_4_unconverted,1
2018-09-04,24,24,24,1.0,high,True,True,True,True,True,1.5026666666666664,1.5539999999999998,0.4265065030001879,0.904,2.536,0.977,1.2245,1.7375,1.9487,24,0,0,0,0.0,23.0,0,100.0,100.0,100.0,100.0,0,24,24,reported_gmt_minus_4_unconverted,1
2018-09-05,24,24,1,0.041667,weak,False,False,False,False,False,1.186,1.186,,1.186,1.186,1.186,1.186,1.186,1.186,1,23,0,0,0.0,0.0,23,0.0,0.0,4.166666666666667,100.0,23,1,1,reported_gmt_minus_4_unconverted,1
2018-09-06,24,24,8,0.333333,weak,False,False,False,False,False,0.669625,0.6635,0.06100570816383848,0.572,0.777,0.6189,0.639,0.6982499999999999,0.7287,8,16,0,0,0.0,7.0,16,0.0,0.0,33.333333333333336,100.0,16,8,8,reported_gmt_minus_4_unconverted,1
2018-09-07,24,24,24,1.0,high,True,True,True,True,True,0.5420416666666666,0.5065,0.12243560123295578,0.417,0.844,0.4351,0.45875,0.5467500000000001,0.743,24,0,0,0,0.0,23.0,0,100.0,100.0,100.0,100.0,0,24,24,reported_gmt_minus_4_unconverted,1
2018-09-08,24,24,24,1.0,high,True,True,True,True,True,0.5198333333333334,0.478,0.1248298552175047,0.37,0.825,0.4246,0.44675,0.531,0.7212999999999999,24,0,0,0,0.0,23.0,0,100.0,100.0,100.0,100.0,0,24,24,reported_gmt_minus_4_unconverted,1
2018-09-09,24,24,24,1.0,high,True,True,True,True,True,0.7967916666666666,0.638,0.43201801282561947,0.44,1.738,0.45480000000000004,0.48375,0.80575,1.6174,24,0,0,0,0.0,23.0,0,100.0,100.0,100.0,100.0,0,24,24,reported_gmt_minus_4_unconverted,1
2018-09-10,24,24,24,1.0,high,True,True,True,True,True,1.2521666666666667,1.1125,0.5486170491943052,0.612,2.226,0.7075,0.7917500000000001,1.5875,2.1099,24,0,0,0,0.0,23.0,0,100.0,100.0,100.0,100.0,0,24,24,reported_gmt_minus_4_unconverted,1
2018-09-11,24,24,24,1.0,high,True,True,True,True,True,1.2324583333333334,1.168,0.4700377393883127,0.665,2.343,0.7476,0.8365,1.49475,1.8726,24,0,0,0,0.0,23.0,0,100.0,100.0,100.0,100.0,0,24,24,reported_gmt_minus_4_unconverted,1
2018-09-12,24,24,24,1.0,high,True,True,True,True,True,0.7192500000000001,0.7295,0.13028939360882957,0.505,0.973,0.5514,0.62375,0.81475,0.8865,24,0,0,0,0.0,23.0,0,100.0,100.0,100.0,100.0,0,24,24,reported_gmt_minus_4_unconverted,1
2018-09-13,24,24,1,0.041667,weak,False,False,False,False,False,0.596,0.596,,0.596,0.596,0.596,0.596,0.596,0.596,1,23,0,0,0.0,0.0,23,0.0,0.0,4.166666666666667,100.0,23,1,1,reported_gmt_minus_4_unconverted,1
2018-09-14,24,24,1,0.041667,weak,False,False,False,False,False,0.778,0.778,,0.778,0.778,0.778,0.778,0.778,0.778,1,23,0,0,0.0,0.0,23,0.0,0.0,4.166666666666667,100.0,23,1,1,reported_gmt_minus_4_unconverted,1
2018-09-15,24,24,24,1.0,high,True,True,True,True,True,0.5494583333333334,0.517,0.15840069695901418,0.327,0.953,0.3705,0.4455,0.6657500000000001,0.7501,24,0,0,0,0.0,23.0,0,100.0,100.0,100.0,100.0,0,24,24,reported_gmt_minus_4_unconverted,1
2018-09-16,24,24,24,1.0,high,True,True,True,True,True,0.6852499999999999,0.6094999999999999,0.2740866651261969,0.343,1.412,0.417,0.5095000000000001,0.77075,1.0574999999999999,24,0,0,0,0.0,23.0,0,100.0,100.0,100.0,100.0,0,24,24,reported_gmt_minus_4_unconverted,1
2018-09-17,24,24,24,1.0,high,True,True,True,True,True,0.988125,0.967,0.2756106757098088,0.558,1.4,0.6379,0.76975,1.2662499999999999,1.3419999999999999,24,0,0,0,0.0,23.0,0,100.0,100.0,100.0,100.0,0,24,24,reported_gmt_minus_4_unconverted,1
2018-09-18,24,24,24,1.0,high,True,True,True,True,True,1.078125,1.1155,0.1865357670563593,0.762,1.301,0.812,0.9065000000000001,1.257,1.2772000000000001,24,0,0,0,0.0,23.0,0,100.0,100.0,100.0,100.0,0,24,24,reported_gmt_minus_4_unconverted,1
2018-09-19,24,24,24,1.0,high,True,True,True,True,True,1.1423333333333332,1.1595,0.27076263737284995,0.662,1.608,0.7515000000000001,1.00025,1.3170000000000002,1.4758,24,0,0,0,0.0,23.0,0,100.0,100.0,100.0,100.0,0,24,24,reported_gmt_minus_4_unconverted,1
2018-09-20,24,24,8,0.333333,weak,False,False,False,False,False,1.1837499999999999,1.2165,0.11706011886450239,0.979,1.324,1.0504,1.105,1.2694999999999999,1.2869,8,16,0,0,0.0,7.0,16,0.0,0.0,33.333333333333336,100.0,16,8,8,reported_gmt_minus_4_unconverted,1
2018-09-21,24,24,3,0.125,weak,False,False,False,False,False,0.8906666666666667,0.878,0.036678785875943816,0.862,0.932,0.8652,0.87,0.905,0.9212,3,21,0,0,0.0,2.0,21,0.0,0.0,12.5,100.0,21,3,3,reported_gmt_minus_4_unconverted,1
2018-09-22,24,24,24,1.0,high,True,True,True,True,True,0.8973750000000001,0.8925000000000001,0.13847863200414398,0.714,1.171,0.7566,0.7845,0.97825,1.1129,24,0,0,0,0.0,23.0,0,100.0,100.0,100.0,100.0,0,24,24,reported_gmt_minus_4_unconverted,1
2018-09-23,24,24,24,1.0,high,True,True,True,True,True,1.0490833333333334,1.0499999999999998,0.12796803835559767,0.841,1.246,0.8935000000000001,0.9195,1.175,1.1943,24,0,0,0,0.0,23.0,0,100.0,100.0,100.0,100.0,0,24,24,reported_gmt_minus_4_unconverted,1
2018-09-24,24,24,24,1.0,high,True,True,True,True,True,1.9481249999999999,1.3215,1.0999498135784669,1.043,4.263,1.1015000000000001,1.1464999999999999,2.6225,3.5963,24,0,0,0,0.0,23.0,0,100.0,100.0,100.0,100.0,0,24,24,reported_gmt_minus_4_unconverted,1
2018-09-25,24,24,24,1.0,high,True,True,True,True,True,8.513375,7.7085,3.1079750966001893,4.183,13.434,4.3984000000000005,6.3309999999999995,12.128499999999999,12.5337,24,0,0,0,0.0,23.0,0,100.0,100.0,100.0,100.0,0,24,24,reported_gmt_minus_4_unconverted,1
2018-09-26,24,24,24,1.0,high,True,True,True,True,True,11.3865,12.1375,3.7486966198701768,4.536,15.532,5.083600000000001,10.071,14.66475,14.927999999999999,24,0,0,0,0.0,23.0,0,100.0,100.0,100.0,100.0,0,24,24,reported_gmt_minus_4_unconverted,1
2018-09-27,24,24,1,0.041667,weak,False,False,False,False,False,14.714,14.714,,14.714,14.714,14.714,14.714,14.714,14.714,1,23,0,0,0.0,0.0,23,0.0,0.0,4.166666666666667,100.0,23,1,1,reported_gmt_minus_4_unconverted,1
2018-09-28,24,24,1,0.041667,weak,False,False,False,False,False,10.534,10.534,,10.534,10.534,10.534,10.534,10.534,10.534,1,23,0,0,0.0,0.0,23,0.0,0.0,4.166666666666667,100.0,23,1,1,reported_gmt_minus_4_unconverted,1
2018-09-29,24,24,24,1.0,high,True,True,True,True,True,6.474916666666666,6.409,1.183865074445882,3.777,8.777,5.3739,5.826,7.0845,8.002699999999999,24,0,0,0,0.0,23.0,0,100.0,100.0,100.0,100.0,0,24,24,reported_gmt_minus_4_unconverted,1
2018-09-30,24,24,24,1.0,high,True,True,True,True,True,4.116333333333333,3.76,1.5486831619901742,2.349,7.775,2.5786000000000002,2.87175,4.70775,6.501799999999999,24,0,0,0,0.0,23.0,0,100.0,100.0,100.0,100.0,0,24,24,reported_gmt_minus_4_unconverted,1
2018-10-01,24,24,24,1.0,high,True,True,True,True,True,1.8546249999999997,1.8585,0.5450267494432688,0.811,3.1,1.1801000000000001,1.70175,2.01025,2.4488000000000003,24,0,0,0,0.0,23.0,0,100.0,100.0,100.0,100.0,0,24,24,reported_gmt_minus_4_unconverted,1
2018-10-02,24,24,24,1.0,high,True,True,True,True,True,1.372375,1.202,0.7730012549908255,0.557,3.008,0.6137,0.76,1.6027500000000001,2.7059999999999995,24,0,0,0,0.0,23.0,0,100.0,100.0,100.0,100.0,0,24,24,reported_gmt_minus_4_unconverted,1
2018-10-03,24,24,24,1.0,high,True,True,True,True,True,3.95475,2.9314999999999998,2.8974797031963453,0.811,9.754,0.8589,1.0675000000000001,6.321000000000001,7.8132,24,0,0,0,0.0,23.0,0,100.0,100.0,100.0,100.0,0,24,24,reported_gmt_minus_4_unconverted,1
2018-10-04,24,24,2,0.083333,weak,False,False,False,False,False,4.3255,4.3255,0.09121677477306432,4.261,4.39,4.2739,4.2932500000000005,4.357749999999999,4.3770999999999995,2,22,0,0,0.0,1.0,22,0.0,0.0,8.333333333333334,100.0,22,2,2,reported_gmt_minus_4_unconverted,1
2018-10-05,24,24,7,0.291667,weak,False,False,False,False,False,4.978714285714285,4.876,0.5573495953426103,4.33,6.029,4.472799999999999,4.7005,5.1075,5.6144,7,17,0,0,0.0,6.0,17,0.0,0.0,29.166666666666668,100.0,17,7,7,reported_gmt_minus_4_unconverted,1
2018-10-06,24,24,24,1.0,high,True,True,True,True,True,9.043083333333334,8.0595,3.7208376443164406,4.253,20.307,5.9303,6.9735,10.001999999999999,12.526299999999999,24,0,0,0,0.0,23.0,0,100.0,100.0,100.0,100.0,0,24,24,reported_gmt_minus_4_unconverted,1
2018-10-07,24,24,24,1.0,high,True,True,True,True,True,11.47475,10.8345,2.3662985818067996,8.099,15.976,9.1041,9.60625,13.07475,15.008899999999999,24,0,0,0,0.0,23.0,0,100.0,100.0,100.0,100.0,0,24,24,reported_gmt_minus_4_unconverted,1
2018-10-08,24,24,24,1.0,high,True,True,True,True,True,10.466083333333334,10.840499999999999,2.1995717748583754,4.244,14.648,7.9134,9.1705,11.64225,12.2943,24,0,0,0,0.0,23.0,0,100.0,100.0,100.0,100.0,0,24,24,reported_gmt_minus_4_unconverted,1
2018-10-09,24,24,24,1.0,high,True,True,True,True,True,6.849749999999999,6.745,1.493175002120154,4.031,9.011,4.9794,5.57325,8.19375,8.764,24,0,0,0,0.0,23.0,0,100.0,100.0,100.0,100.0,0,24,24,reported_gmt_minus_4_unconverted,1
2018-10-10,24,24,24,1.0,high,True,True,True,True,True,6.691333333333333,7.0005,1.702783594886471,3.815,9.198,4.3816,5.52525,7.7415,8.8738,24,0,0,0,0.0,23.0,0,100.0,100.0,100.0,100.0,0,24,24,reported_gmt_minus_4_unconverted,1
2018-10-11,24,24,1,0.041667,weak,False,False,False,False,False,8.854,8.854,,8.854,8.854,8.854,8.854,8.854,8.854,1,23,0,0,0.0,0.0,23,0.0,0.0,4.166666666666667,100.0,23,1,1,reported_gmt_minus_4_unconverted,1
2018-10-12,24,24,24,1.0,high,True,True,True,True,True,6.850833333333333,6.4155,2.03640086740151,3.471,10.562,4.4773,5.672,8.69625,9.3715,24,0,0,0,0.0,23.0,0,100.0,100.0,100.0,100.0,0,24,24,reported_gmt_minus_4_unconverted,1
2018-10-13,24,24,24,1.0,high,True,True,True,True,True,4.682625000000001,4.1385,2.2163543079747563,1.965,8.99,2.5239,3.05225,6.55175,7.9708,24,0,0,0,0.0,23.0,0,100.0,100.0,100.0,100.0,0,24,24,reported_gmt_minus_4_unconverted,1
2018-10-14,24,24,24,1.0,high,True,True,True,True,True,3.8995416666666665,3.3475,1.7302151155317342,1.937,7.492,2.1887000000000003,2.57375,4.575,6.8061,24,0,0,0,0.0,23.0,0,100.0,100.0,100.0,100.0,0,24,24,reported_gmt_minus_4_unconverted,1
2018-10-15,24,24,24,1.0,high,True,True,True,True,True,4.667958333333334,4.5605,1.9907713925307546,1.957,7.777,2.6759,2.8377499999999998,6.59575,7.2865,24,0,0,0,0.0,23.0,0,100.0,100.0,100.0,100.0,0,24,24,reported_gmt_minus_4_unconverted,1
2018-10-16,24,24,24,1.0,high,True,True,True,True,True,8.181458333333333,7.702,2.58690493227393,5.029,15.958,5.7954,6.469,8.748750000000001,11.883899999999999,24,0,0,0,0.0,23.0,0,100.0,100.0,100.0,100.0,0,24,24,reported_gmt_minus_4_unconverted,1
2018-10-17,24,24,24,1.0,high,True,True,True,True,True,7.3060833333333335,6.4915,2.9350541498103304,3.372,14.446,4.280900000000001,5.21225,9.4575,11.519499999999999,24,0,0,0,0.0,23.0,0,100.0,100.0,100.0,100.0,0,24,24,reported_gmt_minus_4_unconverted,1
2018-10-18,24,24,24,1.0,high,True,True,True,True,True,7.927583333333334,8.239,2.0953554003135575,3.6,11.129,5.1776,6.3205,9.653500000000001,10.4665,24,0,0,0,0.0,23.0,0,100.0,100.0,100.0,100.0,0,24,24,reported_gmt_minus_4_unconverted,1
2018-10-19,24,24,24,1.0,high,True,True,True,True,True,4.037333333333334,3.436,2.938120083180469,0.821,10.645,0.9426000000000001,1.679,4.9152499999999995,8.5086,24,0,0,0,0.0,23.0,0,100.0,100.0,100.0,100.0,0,24,24,reported_gmt_minus_4_unconverted,1
2018-10-20,24,24,24,1.0,high,True,True,True,True,True,2.4892083333333335,1.654,2.2921953968453126,0.343,8.318,0.42080000000000006,0.7762500000000001,3.121,5.4738999999999995,24,0,0,0,0.0,23.0,0,100.0,100.0,100.0,100.0,0,24,24,reported_gmt_minus_4_unconverted,1
2018-10-21,24,24,24,1.0,high,True,True,True,True,True,2.345833333333333,2.1045,1.3889169589433992,0.418,4.252,0.6900000000000001,0.94075,3.719,3.9426,24,0,0,0,0.0,23.0,0,100.0,100.0,100.0,100.0,0,24,24,reported_gmt_minus_4_unconverted,1
2018-10-22,24,24,21,0.875,standard,True,True,True,True,False,4.587238095238095,5.464,2.5220292009562835,0.811,7.814,0.963,2.358,6.835,7.531,21,3,0,0,0.0,20.0,3,0.0,100.0,87.5,100.0,3,21,21,reported_gmt_minus_4_unconverted,1
2018-10-23,24,24,0,0.0,missing,False,False,False,False,False,,,,,,,,,,0,24,0,0,,,24,0.0,0.0,0.0,0.0,24,0,0,reported_gmt_minus_4_unconverted,1
2018-10-24,24,24,24,1.0,high,True,True,True,True,True,13.697958333333332,14.567499999999999,4.66875031672583,5.953,20.732,6.549,10.215,16.5535,19.6888,24,0,0,0,0.0,23.0,0,100.0,100.0,100.0,100.0,0,24,24,reported_gmt_minus_4_unconverted,1
2018-10-25,24,24,24,1.0,high,True,True,True,True,True,13.705666666666666,13.7,3.8362425532721773,7.443,19.654,8.9667,10.20425,16.829749999999997,18.6886,24,0,0,0,0.0,23.0,0,100.0,100.0,100.0,100.0,0,24,24,reported_gmt_minus_4_unconverted,1
2018-10-26,24,24,24,1.0,high,True,True,True,True,True,12.427541666666665,12.368500000000001,3.828023703747049,7.038,19.933,7.5924000000000005,9.26475,15.78275,17.2952,24,0,0,0,0.0,23.0,0,100.0,100.0,100.0,100.0,0,24,24,reported_gmt_minus_4_unconverted,1
2018-10-27,24,24,24,1.0,high,True,True,True,True,True,11.729625,10.536999999999999,4.2551276873754995,6.29,21.717,6.4924,9.534,13.89575,16.663899999999998,24,0,0,0,0.0,23.0,0,100.0,100.0,100.0,100.0,0,24,24,reported_gmt_minus_4_unconverted,1
2018-10-28,24,24,24,1.0,high,True,True,True,True,True,12.142000000000001,11.568999999999999,2.718702887647775,8.625,18.675,9.1836,9.81975,13.88175,15.418700000000001,24,0,0,0,0.0,23.0,0,100.0,100.0,100.0,100.0,0,24,24,reported_gmt_minus_4_unconverted,1
2018-10-29,24,24,24,1.0,high,True,True,True,True,True,11.492791666666667,10.912500000000001,1.6714897021146622,9.368,15.082,9.7063,10.345749999999999,13.13875,13.7866,24,0,0,0,0.0,23.0,0,100.0,100.0,100.0,100.0,0,24,24,reported_gmt_minus_4_unconverted,1
2018-10-30,24,24,24,1.0,high,True,True,True,True,True,10.328708333333333,9.526,3.149053694699639,6.408,15.345,6.6828,7.409000000000001,13.6335,14.2921,24,0,0,0,0.0,23.0,0,100.0,100.0,100.0,100.0,0,24,24,reported_gmt_minus_4_unconverted,1
2018-10-31,24,24,24,1.0,high,True,True,True,True,True,7.567125,6.386,2.521359990379588,4.569,12.395,5.1453,5.56775,9.30375,11.3248,24,0,0,0,0.0,23.0,0,100.0,100.0,100.0,100.0,0,24,24,reported_gmt_minus_4_unconverted,1
2018-11-01,24,24,24,1.0,high,True,True,True,True,True,7.872624999999999,7.4185,2.3795700710057033,3.493,11.544,4.7376,6.47625,9.612,11.2608,24,0,0,0,0.0,23.0,0,100.0,100.0,100.0,100.0,0,24,24,reported_gmt_minus_4_unconverted,1
2018-11-02,24,24,24,1.0,high,True,True,True,True,True,7.64825,8.258500000000002,2.4576632636289504,3.258,11.747,4.2356,5.38825,9.457,10.7336,24,0,0,0,0.0,23.0,0,100.0,100.0,100.0,100.0,0,24,24,reported_gmt_minus_4_unconverted,1
2018-11-03,24,24,24,1.0,high,True,True,True,True,True,5.032916666666667,5.051,1.9733816025481141,1.542,9.55,2.4895,3.97875,6.470750000000001,7.3165000000000004,24,0,0,0,0.0,23.0,0,100.0,100.0,100.0,100.0,0,24,24,reported_gmt_minus_4_unconverted,1
2018-11-04,24,24,24,1.0,high,True,True,True,True,True,2.8064583333333335,2.299,1.4065539133754825,1.433,6.948,1.5753000000000001,1.8595000000000002,3.07425,5.1068,24,0,0,0,0.0,23.0,0,100.0,100.0,100.0,100.0,0,24,24,reported_gmt_minus_4_unconverted,1
2018-11-05,24,24,24,1.0,high,True,True,True,True,True,4.245458333333334,2.245,4.484450264202007,0.939,14.962,0.9908,1.09425,4.658,12.815299999999999,24,0,0,0,0.0,23.0,0,100.0,100.0,100.0,100.0,0,24,24,reported_gmt_minus_4_unconverted,1
2018-11-06,24,24,24,1.0,high,True,True,True,True,True,2.513916666666667,2.3585000000000003,1.6443036035293817,0.318,7.908,0.8170000000000001,1.31825,3.1247499999999997,4.2669,24,0,0,0,0.0,23.0,0,100.0,100.0,100.0,100.0,0,24,24,reported_gmt_minus_4_unconverted,1
2018-11-07,24,24,24,1.0,high,True,True,True,True,True,1.352125,0.882,1.1802880382605212,0.321,3.829,0.3668,0.433,2.17625,3.2749999999999995,24,0,0,0,0.0,23.0,0,100.0,100.0,100.0,100.0,0,24,24,reported_gmt_minus_4_unconverted,1
2018-11-08,24,24,21,0.875,standard,True,True,True,True,False,1.5055238095238093,1.285,0.8928518140793364,0.728,3.896,0.792,0.877,1.597,2.717,21,3,0,0,0.0,23.0,3,0.0,100.0,87.5,100.0,3,21,21,reported_gmt_minus_4_unconverted,1
2018-11-09,24,24,24,1.0,high,True,True,True,True,True,1.8877916666666668,1.677,0.6597403296269161,0.995,3.122,1.0975000000000001,1.37575,2.564,2.6982,24,0,0,0,0.0,23.0,0,100.0,100.0,100.0,100.0,0,24,24,reported_gmt_minus_4_unconverted,1
2018-11-10,24,24,24,1.0,high,True,True,True,True,True,2.7765416666666667,2.401,0.9708288694927544,1.887,5.364,1.9778,2.08725,3.2525,4.2844999999999995,24,0,0,0,0.0,23.0,0,100.0,100.0,100.0,100.0,0,24,24,reported_gmt_minus_4_unconverted,1
2018-11-11,24,24,24,1.0,high,True,True,True,True,True,4.038958333333333,3.6814999999999998,1.4967338492797275,2.464,8.447,2.596,3.085,4.71075,5.606199999999999,24,0,0,0,0.0,23.0,0,100.0,100.0,100.0,100.0,0,24,24,reported_gmt_minus_4_unconverted,1
2018-11-12,24,24,24,1.0,high,True,True,True,True,True,4.7908333333333335,4.276,1.9205769664499182,3.099,10.715,3.2885,3.58375,4.87775,7.276899999999999,24,0,0,0,0.0,23.0,0,100.0,100.0,100.0,100.0,0,24,24,reported_gmt_minus_4_unconverted,1
2018-11-13,24,24,24,1.0,high,True,True,True,True,True,3.9122500000000002,3.664,1.0285825303489897,2.402,6.719,3.0905,3.29925,4.207,4.8063,24,0,0,0,0.0,23.0,0,100.0,100.0,100.0,100.0,0,24,24,reported_gmt_minus_4_unconverted,1
2018-11-14,24,24,24,1.0,high,True,True,True,True,True,2.28425,1.9685,1.2921342388871009,0.03,5.204,0.7277000000000003,1.6275,3.2725,4.0584,24,0,0,0,0.0,23.0,0,100.0,100.0,100.0,100.0,0,24,24,reported_gmt_minus_4_unconverted,1
2018-11-15,24,24,24,1.0,high,True,True,True,True,True,1.7561250000000002,1.572,0.5808153423907824,1.048,2.99,1.0968,1.3095,2.20825,2.6419,24,0,0,0,0.0,23.0,0,100.0,100.0,100.0,100.0,0,24,24,reported_gmt_minus_4_unconverted,1
2018-11-16,24,24,24,1.0,high,True,True,True,True,True,1.4750000000000003,1.33,0.3765243799485661,1.042,2.258,1.1507,1.27025,1.53925,2.2051,24,0,0,0,0.0,23.0,0,100.0,100.0,100.0,100.0,0,24,24,reported_gmt_minus_4_unconverted,1
2018-11-17,24,24,24,1.0,high,True,True,True,True,True,1.5818333333333332,1.464,0.38660120635303663,1.087,2.361,1.1833,1.31,1.851,2.2296,24,0,0,0,0.0,23.0,0,100.0,100.0,100.0,100.0,0,24,24,reported_gmt_minus_4_unconverted,1
2018-11-18,24,24,24,1.0,high,True,True,True,True,True,0.980375,0.94,0.2765638243028966,0.669,1.638,0.6991999999999999,0.72425,1.1389999999999998,1.3884,24,0,0,0,0.0,23.0,0,100.0,100.0,100.0,100.0,0,24,24,reported_gmt_minus_4_unconverted,1
2018-11-19,24,24,24,1.0,high,True,True,True,True,True,0.9788333333333333,0.8525,0.31258747181586133,0.598,1.698,0.6765,0.742,1.17075,1.403,24,0,0,0,0.0,23.0,0,100.0,100.0,100.0,100.0,0,24,24,reported_gmt_minus_4_unconverted,1
2018-11-20,24,24,24,1.0,high,True,True,True,True,True,1.1442916666666667,1.073,0.23613103936929425,0.828,1.717,0.9272,0.985,1.241,1.4602,24,0,0,0,0.0,23.0,0,100.0,100.0,100.0,100.0,0,24,24,reported_gmt_minus_4_unconverted,1
2018-11-21,24,24,24,1.0,high,True,True,True,True,True,1.529583333333333,1.5575,0.3522847065836858,1.089,2.128,1.1188,1.17025,1.7722499999999999,2.0187,24,0,0,0,0.0,23.0,0,100.0,100.0,100.0,100.0,0,24,24,reported_gmt_minus_4_unconverted,1
2018-11-22,24,24,24,1.0,high,True,True,True,True,True,1.8168750000000002,1.8875000000000002,0.44914220779847325,1.081,2.359,1.1926,1.356,2.239,2.3076999999999996,24,0,0,0,0.0,23.0,0,100.0,100.0,100.0,100.0,0,24,24,reported_gmt_minus_4_unconverted,1
2018-11-23,24,24,24,1.0,high,True,True,True,True,True,2.6412916666666666,1.8664999999999998,1.6496354137167417,1.262,6.303,1.3960000000000001,1.60925,3.0707500000000003,5.1911,24,0,0,0,0.0,23.0,0,100.0,100.0,100.0,100.0,0,24,24,reported_gmt_minus_4_unconverted,1
2018-11-24,24,24,24,1.0,high,True,True,True,True,True,4.238625,4.114000000000001,1.3459244055424444,2.095,7.33,2.7535,3.0547500000000003,5.133,5.9673,24,0,0,0,0.0,23.0,0,100.0,100.0,100.0,100.0,0,24,24,reported_gmt_minus_4_unconverted,1
2018-11-25,24,24,24,1.0,high,True,True,True,True,True,3.3527916666666666,3.2675,0.7781418211615283,2.32,4.856,2.4423,2.68225,3.7920000000000003,4.544599999999999,24,0,0,0,0.0,23.0,0,100.0,100.0,100.0,100.0,0,24,24,reported_gmt_minus_4_unconverted,1
2018-11-26,24,24,24,1.0,high,True,True,True,True,True,2.691125,2.5385,0.7549164832874762,1.534,4.579,1.7007,2.341,3.00225,3.7020999999999997,24,0,0,0,0.0,23.0,0,100.0,100.0,100.0,100.0,0,24,24,reported_gmt_minus_4_unconverted,1
2018-11-27,24,24,24,1.0,high,True,True,True,True,True,4.403208333333333,2.3115,4.655311188208365,1.607,17.919,1.8599,1.97675,3.92075,10.6519,24,0,0,0,0.0,23.0,0,100.0,100.0,100.0,100.0,0,24,24,reported_gmt_minus_4_unconverted,1
2018-11-28,24,24,24,1.0,high,True,True,True,True,True,7.891208333333334,7.3465,1.971883076592936,4.498,12.132,5.6997,6.906000000000001,8.92275,10.5475,24,0,0,0,0.0,23.0,0,100.0,100.0,100.0,100.0,0,24,24,reported_gmt_minus_4_unconverted,1
2018-11-29,24,24,24,1.0,high,True,True,True,True,True,5.871875,4.702500000000001,2.4965156642722115,2.718,11.57,3.6529000000000003,3.84125,8.093,9.063699999999999,24,0,0,0,0.0,23.0,0,100.0,100.0,100.0,100.0,0,24,24,reported_gmt_minus_4_unconverted,1
2018-11-30,24,24,24,1.0,high,True,True,True,True,True,6.555499999999999,5.7975,3.7589283047166515,1.629,12.283,2.4864,3.254,10.377749999999999,11.7221,24,0,0,0,0.0,23.0,0,100.0,100.0,100.0,100.0,0,24,24,reported_gmt_minus_4_unconverted,1
2018-12-01,24,24,24,1.0,high,True,True,True,True,True,12.604708333333335,13.29,2.5905114566208844,8.172,16.705,9.5469,10.05225,14.51,15.762,24,0,0,0,0.0,23.0,0,100.0,100.0,100.0,100.0,0,24,24,reported_gmt_minus_4_unconverted,1
2018-12-02,24,24,24,1.0,high,True,True,True,True,True,12.761208333333334,13.0665,3.26174994348748,7.587,19.001,9.261700000000001,9.5415,15.62775,16.711499999999997,24,0,0,0,0.0,23.0,0,100.0,100.0,100.0,100.0,0,24,24,reported_gmt_minus_4_unconverted,1
2018-12-03,24,24,24,1.0,high,True,True,True,True,True,7.322375000000001,7.4155,1.8812252901742803,4.483,11.101,4.7856000000000005,5.67675,8.40775,9.6892,24,0,0,0,0.0,23.0,0,100.0,100.0,100.0,100.0,0,24,24,reported_gmt_minus_4_unconverted,1
2018-12-04,24,24,24,1.0,high,True,True,True,True,True,5.535791666666667,5.49,2.0241180361518847,2.247,9.46,3.1286,3.6862500000000002,7.18775,8.0785,24,0,0,0,0.0,23.0,0,100.0,100.0,100.0,100.0,0,24,24,reported_gmt_minus_4_unconverted,1
2018-12-05,24,24,24,1.0,high,True,True,True,True,True,5.813333333333333,5.099500000000001,2.8579547972612174,0.825,11.938,2.0394,4.253,7.7524999999999995,9.026200000000001,24,0,0,0,0.0,23.0,0,100.0,100.0,100.0,100.0,0,24,24,reported_gmt_minus_4_unconverted,1
2018-12-06,24,24,24,1.0,high,True,True,True,True,True,5.271833333333333,4.8215,2.3583167111617827,1.298,9.669,2.9235,3.348,6.609,8.9306,24,0,0,0,0.0,23.0,0,100.0,100.0,100.0,100.0,0,24,24,reported_gmt_minus_4_unconverted,1
2018-12-07,24,24,24,1.0,high,True,True,True,True,True,4.517041666666667,4.1995000000000005,1.599342323504766,2.27,7.098,2.7121,3.1995,5.944500000000001,6.811299999999999,24,0,0,0,0.0,23.0,0,100.0,100.0,100.0,100.0,0,24,24,reported_gmt_minus_4_unconverted,1
2018-12-08,24,24,24,1.0,high,True,True,True,True,True,5.695166666666666,5.6545000000000005,1.2367150621414522,4.099,8.487,4.4261,4.58025,6.470750000000001,7.3742,24,0,0,0,0.0,23.0,0,100.0,100.0,100.0,100.0,0,24,24,reported_gmt_minus_4_unconverted,1
2018-12-09,24,24,24,1.0,high,True,True,True,True,True,6.778333333333333,6.05,2.33790953941609,1.5,11.826,4.7137,5.10475,8.5315,9.4519,24,0,0,0,0.0,23.0,0,100.0,100.0,100.0,100.0,0,24,24,reported_gmt_minus_4_unconverted,1
2018-12-10,24,24,24,1.0,high,True,True,True,True,True,5.4891250000000005,5.202500000000001,2.4748094579706272,1.172,8.848,1.9064,4.0265,7.4085,8.6829,24,0,0,0,0.0,23.0,0,100.0,100.0,100.0,100.0,0,24,24,reported_gmt_minus_4_unconverted,1
2018-12-11,24,24,24,1.0,high,True,True,True,True,True,2.6843333333333335,2.1665,2.3289706191636546,0.381,9.952,0.9193,1.005,3.6185,5.374,24,0,0,0,0.0,23.0,0,100.0,100.0,100.0,100.0,0,24,24,reported_gmt_minus_4_unconverted,1
2018-12-12,24,24,24,1.0,high,True,True,True,True,True,4.75175,3.3055,3.9336942284077825,0.462,13.525,0.5998,1.39625,8.455,9.7162,24,0,0,0,0.0,23.0,0,100.0,100.0,100.0,100.0,0,24,24,reported_gmt_minus_4_unconverted,1
2018-12-13,24,24,24,1.0,high,True,True,True,True,True,2.17125,1.2905,2.1999051214718923,0.323,8.944,0.4103,0.6619999999999999,3.56275,4.4845999999999995,24,0,0,0,0.0,23.0,0,100.0,100.0,100.0,100.0,0,24,24,reported_gmt_minus_4_unconverted,1
2018-12-14,24,24,24,1.0,high,True,True,True,True,True,5.247625,6.0075,3.039338154677472,0.366,10.415,0.9738,1.6615000000000002,7.57725,8.4495,24,0,0,0,0.0,23.0,0,100.0,100.0,100.0,100.0,0,24,24,reported_gmt_minus_4_unconverted,1
2018-12-15,24,24,24,1.0,high,True,True,True,True,True,4.304625,3.391,3.364861788136456,1.207,14.379,1.2859,2.0452500000000002,4.547,9.248499999999998,24,0,0,0,0.0,23.0,0,100.0,100.0,100.0,100.0,0,24,24,reported_gmt_minus_4_unconverted,1
2018-12-16,24,24,24,1.0,high,True,True,True,True,True,7.712916666666666,4.624,6.747384181821979,1.221,25.084,2.3624,3.88025,8.39,19.292099999999994,24,0,0,0,0.0,23.0,0,100.0,100.0,100.0,100.0,0,24,24,reported_gmt_minus_4_unconverted,1
2018-12-17,24,24,24,1.0,high,True,True,True,True,True,13.348833333333333,13.5565,4.547187823418918,4.027,23.545,7.042000000000002,11.8645,15.603,16.3858,24,0,0,0,0.0,23.0,0,100.0,100.0,100.0,100.0,0,24,24,reported_gmt_minus_4_unconverted,1
2018-12-18,24,24,24,1.0,high,True,True,True,True,True,14.11608333333333,15.0555,4.036180781023249,5.533,21.0,9.8547,11.204,16.58475,19.043899999999997,24,0,0,0,0.0,23.0,0,100.0,100.0,100.0,100.0,0,24,24,reported_gmt_minus_4_unconverted,1
2018-12-19,24,24,24,1.0,high,True,True,True,True,True,12.6235,12.818,3.7943550405718542,4.338,20.432,8.6265,10.278749999999999,14.20775,17.667199999999998,24,0,0,0,0.0,23.0,0,100.0,100.0,100.0,100.0,0,24,24,reported_gmt_minus_4_unconverted,1
2018-12-20,24,24,24,1.0,high,True,True,True,True,True,11.672958333333334,12.163499999999999,3.099297037817316,6.212,16.362,7.0671,9.85225,13.7845,15.5956,24,0,0,0,0.0,23.0,0,100.0,100.0,100.0,100.0,0,24,24,reported_gmt_minus_4_unconverted,1
2018-12-21,24,24,24,1.0,high,True,True,True,True,True,3.665333333333333,2.8495,2.29236019756109,0.959,8.197,1.1803,1.6022500000000002,5.623,6.2589,24,0,0,0,0.0,23.0,0,100.0,100.0,100.0,100.0,0,24,24,reported_gmt_minus_4_unconverted,1
2018-12-22,24,24,24,1.0,high,True,True,True,True,True,2.3846666666666665,1.3855,2.5179945033380395,0.391,10.438,0.623,0.76025,2.8085,5.855599999999999,24,0,0,0,0.0,23.0,0,100.0,100.0,100.0,100.0,0,24,24,reported_gmt_minus_4_unconverted,1
2018-12-23,24,24,24,1.0,high,True,True,True,True,True,2.589625,1.693,2.1980481818610365,0.412,7.532,0.47409999999999997,0.8885000000000001,3.8087500000000003,6.211499999999999,24,0,0,0,0.0,23.0,0,100.0,100.0,100.0,100.0,0,24,24,reported_gmt_minus_4_unconverted,1
2018-12-24,24,24,24,1.0,high,True,True,True,True,True,2.9354999999999998,2.605,1.7404053500862078,0.744,7.055,1.2164,1.54525,4.0525,5.1974,24,0,0,0,0.0,23.0,0,100.0,100.0,100.0,100.0,0,24,24,reported_gmt_minus_4_unconverted,1
2018-12-25,24,24,24,1.0,high,True,True,True,True,True,1.2432916666666665,1.112,0.9336774640549369,0.469,4.27,0.552,0.638,1.3235000000000001,1.8563999999999998,24,0,0,0,0.0,23.0,0,100.0,100.0,100.0,100.0,0,24,24,reported_gmt_minus_4_unconverted,1
2018-12-26,24,24,24,1.0,high,True,True,True,True,True,0.6357916666666666,0.624,0.16798627769182106,0.36,1.037,0.42710000000000004,0.5337500000000001,0.731,0.8445999999999999,24,0,0,0,0.0,23.0,0,100.0,100.0,100.0,100.0,0,24,24,reported_gmt_minus_4_unconverted,1
2018-12-27,24,24,24,1.0,high,True,True,True,True,True,0.6518333333333334,0.618,0.3843536264235418,0.228,2.193,0.2661,0.466,0.729,0.8576999999999999,24,0,0,0,0.0,23.0,0,100.0,100.0,100.0,100.0,0,24,24,reported_gmt_minus_4_unconverted,1
2018-12-28,24,24,24,1.0,high,True,True,True,True,True,0.6320416666666667,0.493,0.3470845629534389,0.351,1.664,0.3775,0.445,0.59925,1.1723999999999999,24,0,0,0,0.0,23.0,0,100.0,100.0,100.0,100.0,0,24,24,reported_gmt_minus_4_unconverted,1
2018-12-29,24,24,24,1.0,high,True,True,True,True,True,0.5723333333333332,0.562,0.14275325829424418,0.37,0.952,0.41,0.47775,0.639,0.7769,24,0,0,0,0.0,23.0,0,100.0,100.0,100.0,100.0,0,24,24,reported_gmt_minus_4_unconverted,1
2018-12-30,24,24,24,1.0,high,True,True,True,True,True,0.7367916666666666,0.664,0.27974739835083,0.394,1.368,0.45990000000000003,0.5305,0.8725,1.1474,24,0,0,0,0.0,23.0,0,100.0,100.0,100.0,100.0,0,24,24,reported_gmt_minus_4_unconverted,1
2018-12-31,24,24,24,1.0,high,True,True,True,True,True,1.3891666666666669,1.044,0.7631100932976537,0.609,2.804,0.6473,0.74675,2.03625,2.5761,24,0,0,0,0.0,23.0,0,100.0,100.0,100.0,100.0,0,24,24,reported_gmt_minus_4_unconverted,1
2019-01-01,24,24,24,1.0,high,True,True,True,True,True,3.394916666666667,3.6304999999999996,0.9484425639444116,1.49,4.423,1.7655,2.9805,4.18675,4.4028,24,0,0,0,0.0,23.0,0,100.0,100.0,100.0,100.0,0,24,24,reported_gmt_minus_4_unconverted,1
2019-01-02,24,24,24,1.0,high,True,True,True,True,True,4.225791666666667,4.038,1.063291811521783,2.97,6.269,3.1528,3.3667499999999997,4.56975,6.013599999999999,24,0,0,0,0.0,23.0,0,100.0,100.0,100.0,100.0,0,24,24,reported_gmt_minus_4_unconverted,1
2019-01-03,24,24,24,1.0,high,True,True,True,True,True,4.054791666666667,4.2035,1.3935793445271616,2.037,6.748,2.5713,2.92925,4.93025,6.047499999999999,24,0,0,0,0.0,23.0,0,100.0,100.0,100.0,100.0,0,24,24,reported_gmt_minus_4_unconverted,1
2019-01-04,24,24,24,1.0,high,True,True,True,True,True,5.175791666666666,5.3945,0.6951236974166144,3.903,6.159,4.1058,4.6825,5.725750000000001,5.8951,24,0,0,0,0.0,23.0,0,100.0,100.0,100.0,100.0,0,24,24,reported_gmt_minus_4_unconverted,1
2019-01-05,24,24,24,1.0,high,True,True,True,True,True,5.9264166666666656,4.0280000000000005,2.7986304867647815,3.492,11.238,3.5944,3.749,8.518749999999999,10.0588,24,0,0,0,0.0,23.0,0,100.0,100.0,100.0,100.0,0,24,24,reported_gmt_minus_4_unconverted,1
2019-01-06,24,24,24,1.0,high,True,True,True,True,True,8.246708333333332,8.76,3.740464508228736,3.159,13.999,3.4598,4.26175,11.517,12.962,24,0,0,0,0.0,23.0,0,100.0,100.0,100.0,100.0,0,24,24,reported_gmt_minus_4_unconverted,1
2019-01-07,24,24,24,1.0,high,True,True,True,True,True,8.877208333333334,8.091000000000001,2.8346771916387765,5.177,15.256,6.0236,6.835,10.334,12.5243,24,0,0,0,0.0,23.0,0,100.0,100.0,100.0,100.0,0,24,24,reported_gmt_minus_4_unconverted,1
2019-01-08,24,24,24,1.0,high,True,True,True,True,True,8.861208333333332,9.1115,2.9101016264813286,3.39,13.89,4.295800000000001,7.61475,10.90575,12.595299999999998,24,0,0,0,0.0,23.0,0,100.0,100.0,100.0,100.0,0,24,24,reported_gmt_minus_4_unconverted,1
2019-01-09,24,24,10,0.416667,weak,False,False,False,False,False,4.202,3.803,1.4947271025545468,2.757,7.704,2.946,3.3232500000000003,4.30575,5.8877999999999995,10,14,0,0,0.0,23.0,14,0.0,0.0,41.666666666666664,100.0,14,10,10,reported_gmt_minus_4_unconverted,1
2019-01-10,24,24,24,1.0,high,True,True,True,True,True,3.669333333333333,3.768,0.7065697704966651,2.444,5.3,2.7657,3.06875,4.038,4.508,24,0,0,0,0.0,23.0,0,100.0,100.0,100.0,100.0,0,24,24,reported_gmt_minus_4_unconverted,1
2019-01-11,24,24,24,1.0,high,True,True,True,True,True,9.174958333333334,7.7195,5.335257725563818,3.279,23.252,4.2381,6.17525,10.5035,15.8714,24,0,0,0,0.0,23.0,0,100.0,100.0,100.0,100.0,0,24,24,reported_gmt_minus_4_unconverted,1
2019-01-12,24,24,24,1.0,high,True,True,True,True,True,24.294416666666667,20.824,9.40373921427774,12.072,48.986,15.180900000000001,19.377499999999998,28.48025,33.1834,24,0,0,0,0.0,23.0,0,100.0,100.0,100.0,100.0,0,24,24,reported_gmt_minus_4_unconverted,1
2019-01-13,24,24,24,1.0,high,True,True,True,True,True,33.632416666666664,32.4205,11.199016575290136,13.956,49.018,20.0237,24.942,44.100750000000005,48.8685,24,0,0,0,0.0,23.0,0,100.0,100.0,100.0,100.0,0,24,24,reported_gmt_minus_4_unconverted,1
2019-01-14,24,24,24,1.0,high,True,True,True,True,True,42.78679166666666,43.5965,5.502551408045945,32.74,49.02,34.955,38.12475,47.64425,49.02,24,0,0,0,0.0,23.0,0,100.0,100.0,100.0,100.0,0,24,24,reported_gmt_minus_4_unconverted,1
2019-01-15,24,24,24,1.0,high,True,True,True,True,True,39.608333333333334,38.793000000000006,7.4296114806645965,26.067,49.02,30.4801,33.996249999999996,47.497,48.7526,24,0,0,0,0.0,23.0,0,100.0,100.0,100.0,100.0,0,24,24,reported_gmt_minus_4_unconverted,1
2019-01-16,24,24,24,1.0,high,True,True,True,True,True,28.33575,28.360500000000002,3.5355208244330854,20.352,34.64,24.0756,26.02425,30.88225,32.5386,24,0,0,0,0.0,23.0,0,100.0,100.0,100.0,100.0,0,24,24,reported_gmt_minus_4_unconverted,1
2019-01-17,24,24,24,1.0,high,True,True,True,True,True,19.500291666666666,20.393,4.980766716595441,10.715,28.295,13.4162,15.32775,22.60225,25.8183,24,0,0,0,0.0,23.0,0,100.0,100.0,100.0,100.0,0,24,24,reported_gmt_minus_4_unconverted,1
2019-01-18,24,24,24,1.0,high,True,True,True,True,True,26.012249999999998,18.180500000000002,13.659853275200287,13.369,48.91,13.596400000000001,14.655,38.73425,47.5449,24,0,0,0,0.0,23.0,0,100.0,100.0,100.0,100.0,0,24,24,reported_gmt_minus_4_unconverted,1
2019-01-19,24,24,24,1.0,high,True,True,True,True,True,43.111541666666675,43.653000000000006,3.5565984357207125,36.695,48.49,37.9768,40.2475,45.113749999999996,47.7423,24,0,0,0,0.0,23.0,0,100.0,100.0,100.0,100.0,0,24,24,reported_gmt_minus_4_unconverted,1
2019-01-20,24,24,24,1.0,high,True,True,True,True,True,41.217,41.564,4.481945220160744,34.612,48.67,35.295100000000005,37.40825,44.6425,47.4386,24,0,0,0,0.0,23.0,0,100.0,100.0,100.0,100.0,0,24,24,reported_gmt_minus_4_unconverted,1
2019-01-21,24,24,24,1.0,high,True,True,True,True,True,39.576208333333334,40.79,8.067580225435664,23.772,49.02,28.618100000000002,31.803749999999997,46.99275,48.5128,24,0,0,0,0.0,23.0,0,100.0,100.0,100.0,100.0,0,24,24,reported_gmt_minus_4_unconverted,1
2019-01-22,24,24,24,1.0,high,True,True,True,True,True,26.304333333333336,26.753999999999998,4.703272336008905,17.391,39.369,21.005100000000002,22.746250000000003,28.76975,30.517400000000002,24,0,0,0,0.0,23.0,0,100.0,100.0,100.0,100.0,0,24,24,reported_gmt_minus_4_unconverted,1
2019-01-23,24,24,24,1.0,high,True,True,True,True,True,24.605499999999996,23.82,5.201320869030164,12.265,33.466,18.4982,22.033749999999998,29.1325,31.1878,24,0,0,0,0.0,23.0,0,100.0,100.0,100.0,100.0,0,24,24,reported_gmt_minus_4_unconverted,1
2019-01-24,24,24,24,1.0,high,True,True,True,True,True,24.142583333333334,23.2755,3.618428290998932,19.398,32.207,20.0349,21.802,25.484,29.641299999999998,24,0,0,0,0.0,23.0,0,100.0,100.0,100.0,100.0,0,24,24,reported_gmt_minus_4_unconverted,1
2019-01-25,24,24,24,1.0,high,True,True,True,True,True,22.81325,22.2955,5.807059101907218,11.297,33.152,14.9082,20.103,27.2095,30.1348,24,0,0,0,0.0,23.0,0,100.0,100.0,100.0,100.0,0,24,24,reported_gmt_minus_4_unconverted,1
2019-01-26,24,24,24,1.0,high,True,True,True,True,True,17.2565,17.353,4.836478057429807,8.724,25.559,11.8665,13.263,21.32975,23.237199999999998,24,0,0,0,0.0,23.0,0,100.0,100.0,100.0,100.0,0,24,24,reported_gmt_minus_4_unconverted,1
2019-01-27,24,24,24,1.0,high,True,True,True,True,True,13.60945833333333,13.196,5.134879812988867,4.943,21.855,6.937200000000001,9.46725,18.1125,20.1326,24,0,0,0,0.0,23.0,0,100.0,100.0,100.0,100.0,0,24,24,reported_gmt_minus_4_unconverted,1
2019-01-28,24,24,24,1.0,high,True,True,True,True,True,17.0855,18.485,5.540950295203255,5.958,25.133,9.488800000000001,13.1085,21.77675,22.761300000000002,24,0,0,0,0.0,23.0,0,100.0,100.0,100.0,100.0,0,24,24,reported_gmt_minus_4_unconverted,1
2019-01-29,24,24,24,1.0,high,True,True,True,True,True,19.541291666666666,16.2775,9.134209289589027,9.393,42.519,10.610299999999999,13.150500000000001,22.59,33.568,24,0,0,0,0.0,23.0,0,100.0,100.0,100.0,100.0,0,24,24,reported_gmt_minus_4_unconverted,1
2019-01-30,24,24,24,1.0,high,True,True,True,True,True,25.077291666666667,23.3815,10.597472272358432,10.713,44.761,13.4931,15.6035,35.6985,37.6145,24,0,0,0,0.0,23.0,0,100.0,100.0,100.0,100.0,0,24,24,reported_gmt_minus_4_unconverted,1
2019-01-31,24,24,24,1.0,high,True,True,True,True,True,29.61883333333333,29.3505,9.87989040014314,14.582,46.06,16.7281,21.49775,38.867000000000004,41.791599999999995,24,0,0,0,0.0,23.0,0,100.0,100.0,100.0,100.0,0,24,24,reported_gmt_minus_4_unconverted,1
2019-02-01,24,24,24,1.0,high,True,True,True,True,True,25.3875,24.9105,6.7324406776637,14.31,42.614,18.791600000000003,21.133,28.193,31.9375,24,0,0,0,0.0,23.0,0,100.0,100.0,100.0,100.0,0,24,24,reported_gmt_minus_4_unconverted,1
2019-02-02,24,24,21,0.875,standard,True,True,True,True,False,0.4891904761904763,0.472,0.0339685428707489,0.449,0.544,0.454,0.465,0.522,0.542,21,3,0,0,1.0,23.0,2,0.0,100.0,87.5,100.0,3,21,21,reported_gmt_minus_4_unconverted,1
2019-02-03,24,24,24,1.0,high,True,True,True,True,True,0.5654166666666667,0.5674999999999999,0.02704250545806128,0.518,0.622,0.529,0.55,0.5774999999999999,0.5998,24,0,0,0,0.0,23.0,0,100.0,100.0,100.0,100.0,0,24,24,reported_gmt_minus_4_unconverted,1
2019-02-04,24,24,24,1.0,high,True,True,True,True,True,0.499875,0.5,0.044806164657381096,0.436,0.588,0.4414,0.462,0.52925,0.5609,24,0,0,0,0.0,23.0,0,100.0,100.0,100.0,100.0,0,24,24,reported_gmt_minus_4_unconverted,1
2019-02-05,24,24,24,1.0,high,True,True,True,True,True,0.5198333333333333,0.516,0.0289161706928188,0.474,0.575,0.4886,0.49675,0.54625,0.5534,24,0,0,0,0.0,23.0,0,100.0,100.0,100.0,100.0,0,24,24,reported_gmt_minus_4_unconverted,1
2019-02-06,24,24,24,1.0,high,True,True,True,True,True,17.973791666666667,18.673000000000002,12.820863044880394,0.487,45.851,0.4993,11.635,22.93625,32.392999999999994,24,0,0,0,0.0,23.0,0,100.0,100.0,100.0,100.0,0,24,24,reported_gmt_minus_4_unconverted,1
2019-02-07,24,24,24,1.0,high,True,True,True,True,True,20.74591666666667,20.413,5.520258208490415,11.197,34.215,14.3734,17.56625,22.54975,27.605999999999998,24,0,0,0,0.0,23.0,0,100.0,100.0,100.0,100.0,0,24,24,reported_gmt_minus_4_unconverted,1
2019-02-08,24,24,24,1.0,high,True,True,True,True,True,11.421166666666666,9.9695,4.565724321475196,0.522,20.464,7.1447,8.92475,14.30425,17.9774,24,0,0,0,0.0,23.0,0,100.0,100.0,100.0,100.0,0,24,24,reported_gmt_minus_4_unconverted,1
2019-02-09,24,24,24,1.0,high,True,True,True,True,True,16.688333333333333,16.7395,4.316968326989658,9.14,24.751,11.0211,14.08375,18.90475,22.6431,24,0,0,0,0.0,23.0,0,100.0,100.0,100.0,100.0,0,24,24,reported_gmt_minus_4_unconverted,1
2019-02-10,24,24,24,1.0,high,True,True,True,True,True,18.756874999999997,17.7735,4.458005679210107,10.821,25.601,13.3602,16.1995,22.67875,24.4623,24,0,0,0,0.0,23.0,0,100.0,100.0,100.0,100.0,0,24,24,reported_gmt_minus_4_unconverted,1
2019-02-11,24,24,24,1.0,high,True,True,True,True,True,16.651,17.4205,5.402424222352486,5.256,24.485,9.4883,12.30025,20.5915,22.498199999999997,24,0,0,0,0.0,23.0,0,100.0,100.0,100.0,100.0,0,24,24,reported_gmt_minus_4_unconverted,1
2019-02-12,24,24,24,1.0,high,True,True,True,True,True,11.532124999999999,10.336500000000001,6.507540464471898,4.794,21.938,4.9546,5.423,17.4165,20.793499999999998,24,0,0,0,0.0,23.0,0,100.0,100.0,100.0,100.0,0,24,24,reported_gmt_minus_4_unconverted,1
2019-02-13,24,24,24,1.0,high,True,True,True,True,True,16.434875,18.2365,5.050605889718666,7.159,23.824,8.5214,13.4195,20.13825,21.7181,24,0,0,0,0.0,23.0,0,100.0,100.0,100.0,100.0,0,24,24,reported_gmt_minus_4_unconverted,1
2019-02-14,24,24,24,1.0,high,True,True,True,True,True,9.548625,8.9175,3.167182643413406,5.201,14.356,6.1639,6.69625,12.8155,13.6983,24,0,0,0,0.0,23.0,0,100.0,100.0,100.0,100.0,0,24,24,reported_gmt_minus_4_unconverted,1
2019-02-15,24,24,24,1.0,high,True,True,True,True,True,13.997708333333335,13.988,1.2943114160304183,11.621,15.771,12.1778,13.068999999999999,15.18375,15.436,24,0,0,0,0.0,23.0,0,100.0,100.0,100.0,100.0,0,24,24,reported_gmt_minus_4_unconverted,1
2019-02-16,24,24,24,1.0,high,True,True,True,True,True,13.5625,13.383,1.2319972120239486,11.657,15.876,12.184899999999999,12.61025,14.311,15.1931,24,0,0,0,0.0,23.0,0,100.0,100.0,100.0,100.0,0,24,24,reported_gmt_minus_4_unconverted,1
2019-02-17,24,24,24,1.0,high,True,True,True,True,True,12.087041666666666,12.2405,1.9566837179527636,9.315,16.969,9.6967,10.288499999999999,13.27225,14.173,24,0,0,0,0.0,23.0,0,100.0,100.0,100.0,100.0,0,24,24,reported_gmt_minus_4_unconverted,1
2019-02-18,24,24,24,1.0,high,True,True,True,True,True,12.462125,12.648499999999999,2.3810136919150544,8.289,17.457,9.0152,10.97575,13.869250000000001,15.0101,24,0,0,0,0.0,23.0,0,100.0,100.0,100.0,100.0,0,24,24,reported_gmt_minus_4_unconverted,1
2019-02-19,24,24,24,1.0,high,True,True,True,True,True,10.856291666666666,10.55,3.33524874868123,5.925,17.91,7.307200000000001,8.541,11.61375,16.641399999999997,24,0,0,0,0.0,23.0,0,100.0,100.0,100.0,100.0,0,24,24,reported_gmt_minus_4_unconverted,1
2019-02-20,24,24,24,1.0,high,True,True,True,True,True,6.807750000000001,6.9005,1.7751929533825699,4.084,10.568,4.5877,5.4085,8.20625,8.776299999999999,24,0,0,0,0.0,23.0,0,100.0,100.0,100.0,100.0,0,24,24,reported_gmt_minus_4_unconverted,1
2019-02-21,24,24,24,1.0,high,True,True,True,True,True,6.451374999999999,5.087,3.210594213083764,3.44,13.262,3.5105,4.085,8.13425,11.992199999999999,24,0,0,0,0.0,23.0,0,100.0,100.0,100.0,100.0,0,24,24,reported_gmt_minus_4_unconverted,1
2019-02-22,24,24,24,1.0,high,True,True,True,True,True,6.594916666666667,6.493,2.349906564593333,3.654,14.465,4.0164,5.285,7.07475,8.8248,24,0,0,0,0.0,23.0,0,100.0,100.0,100.0,100.0,0,24,24,reported_gmt_minus_4_unconverted,1
2019-02-23,24,24,24,1.0,high,True,True,True,True,True,5.337041666666667,3.9145,3.233955062460592,2.486,14.726,2.95,3.46525,6.08725,10.281499999999998,24,0,0,0,0.0,23.0,0,100.0,100.0,100.0,100.0,0,24,24,reported_gmt_minus_4_unconverted,1
2019-02-24,24,24,24,1.0,high,True,True,True,True,True,7.784583333333334,6.7065,3.166536235681515,3.339,14.645,4.6809,5.7535,9.344000000000001,13.146099999999999,24,0,0,0,0.0,23.0,0,100.0,100.0,100.0,100.0,0,24,24,reported_gmt_minus_4_unconverted,1
2019-02-25,24,24,24,1.0,high,True,True,True,True,True,19.370874999999998,17.9865,4.169340791524431,14.331,28.899,15.2609,16.26425,22.464000000000002,25.3355,24,0,0,0,0.0,23.0,0,100.0,100.0,100.0,100.0,0,24,24,reported_gmt_minus_4_unconverted,1
2019-02-26,24,24,11,0.458333,weak,False,False,False,False,False,15.695454545454545,15.46,5.97617553898204,4.323,26.787,11.061,13.593499999999999,16.657,24.072,11,13,0,0,0.0,10.0,13,0.0,0.0,45.833333333333336,100.0,13,11,11,reported_gmt_minus_4_unconverted,1
2019-02-27,24,24,0,0.0,missing,False,False,False,False,False,,,,,,,,,,0,24,0,0,,,24,0.0,0.0,0.0,0.0,24,0,0,reported_gmt_minus_4_unconverted,1
2019-02-28,24,24,0,0.0,missing,False,False,False,False,False,,,,,,,,,,0,24,0,0,,,24,0.0,0.0,0.0,0.0,24,0,0,reported_gmt_minus_4_unconverted,1
2019-03-01,24,24,24,1.0,high,True,True,True,True,True,6.637541666666667,6.7165,1.8320481762026717,2.991,9.122,4.5112,5.204,8.436250000000001,8.9733,24,0,0,0,0.0,23.0,0,100.0,100.0,100.0,100.0,0,24,24,reported_gmt_minus_4_unconverted,1
2019-03-02,24,24,24,1.0,high,True,True,True,True,True,6.335291666666667,6.609500000000001,1.5224893368418386,3.04,8.89,4.2518,5.416,7.3555,8.0208,24,0,0,0,0.0,23.0,0,100.0,100.0,100.0,100.0,0,24,24,reported_gmt_minus_4_unconverted,1
2019-03-03,24,24,24,1.0,high,True,True,True,True,True,4.717875,4.6434999999999995,1.4482642778437438,2.644,7.185,2.8324,3.6167499999999997,5.712,6.7477,24,0,0,0,0.0,23.0,0,100.0,100.0,100.0,100.0,0,24,24,reported_gmt_minus_4_unconverted,1
2019-03-04,24,24,24,1.0,high,True,True,True,True,True,2.914541666666667,2.341,1.403320874372385,1.001,6.15,1.8319,2.0212499999999998,3.51975,5.457799999999999,24,0,0,0,0.0,23.0,0,100.0,100.0,100.0,100.0,0,24,24,reported_gmt_minus_4_unconverted,1
2019-03-05,24,24,24,1.0,high,True,True,True,True,True,3.225,2.136,1.9688380152858647,1.354,7.187,1.4827000000000001,1.7714999999999999,4.80725,6.3724,24,0,0,0,0.0,23.0,0,100.0,100.0,100.0,100.0,0,24,24,reported_gmt_minus_4_unconverted,1
2019-03-06,24,24,24,1.0,high,True,True,True,True,True,6.329208333333334,6.55,1.0562989110534735,4.029,7.736,4.755199999999999,5.9190000000000005,7.115,7.3599000000000006,24,0,0,0,0.0,23.0,0,100.0,100.0,100.0,100.0,0,24,24,reported_gmt_minus_4_unconverted,1
2019-03-07,24,24,20,0.833333,standard,True,True,True,True,False,6.014750000000001,6.0295000000000005,0.7470306042487218,4.891,7.13,5.0651,5.319,6.669,7.0169,20,4,0,0,0.0,19.0,4,0.0,100.0,83.33333333333333,100.0,4,20,20,reported_gmt_minus_4_unconverted,1
2019-03-08,24,24,12,0.5,partial,False,True,False,False,False,4.481166666666667,4.6425,0.7995205191901336,3.02,5.57,3.2996,4.23575,4.95975,5.232,12,12,0,0,0.0,11.0,12,0.0,50.0,50.0,100.0,12,12,12,reported_gmt_minus_4_unconverted,1
2019-03-09,24,24,0,0.0,missing,False,False,False,False,False,,,,,,,,,,0,24,0,0,,,24,0.0,0.0,0.0,0.0,24,0,0,reported_gmt_minus_4_unconverted,1
2019-03-10,24,24,0,0.0,missing,False,False,False,False,False,,,,,,,,,,0,24,0,0,,,24,0.0,0.0,0.0,0.0,24,0,0,reported_gmt_minus_4_unconverted,1
2019-03-11,24,24,0,0.0,missing,False,False,False,False,False,,,,,,,,,,0,24,0,0,,,24,0.0,0.0,0.0,0.0,24,0,0,reported_gmt_minus_4_unconverted,1
2019-03-12,24,24,0,0.0,missing,False,False,False,False,False,,,,,,,,,,0,24,0,0,,,24,0.0,0.0,0.0,0.0,24,0,0,reported_gmt_minus_4_unconverted,1
2019-03-13,24,24,0,0.0,missing,False,False,False,False,False,,,,,,,,,,0,24,0,0,,,24,0.0,0.0,0.0,0.0,24,0,0,reported_gmt_minus_4_unconverted,1
2019-03-14,24,24,0,0.0,missing,False,False,False,False,False,,,,,,,,,,0,24,0,0,,,24,0.0,0.0,0.0,0.0,24,0,0,reported_gmt_minus_4_unconverted,1
2019-03-15,24,24,0,0.0,missing,False,False,False,False,False,,,,,,,,,,0,24,0,0,,,24,0.0,0.0,0.0,0.0,24,0,0,reported_gmt_minus_4_unconverted,1
2019-03-16,24,24,0,0.0,missing,False,False,False,False,False,,,,,,,,,,0,24,0,0,,,24,0.0,0.0,0.0,0.0,24,0,0,reported_gmt_minus_4_unconverted,1
2019-03-17,24,24,0,0.0,missing,False,False,False,False,False,,,,,,,,,,0,24,0,0,,,24,0.0,0.0,0.0,0.0,24,0,0,reported_gmt_minus_4_unconverted,1
2019-03-18,24,24,0,0.0,missing,False,False,False,False,False,,,,,,,,,,0,24,0,0,,,24,0.0,0.0,0.0,0.0,24,0,0,reported_gmt_minus_4_unconverted,1
2019-03-19,24,24,0,0.0,missing,False,False,False,False,False,,,,,,,,,,0,24,0,0,,,24,0.0,0.0,0.0,0.0,24,0,0,reported_gmt_minus_4_unconverted,1
2019-03-20,24,24,0,0.0,missing,False,False,False,False,False,,,,,,,,,,0,24,0,0,,,24,0.0,0.0,0.0,0.0,24,0,0,reported_gmt_minus_4_unconverted,1
2019-03-21,24,24,0,0.0,missing,False,False,False,False,False,,,,,,,,,,0,24,0,0,,,24,0.0,0.0,0.0,0.0,24,0,0,reported_gmt_minus_4_unconverted,1
2019-03-22,24,24,0,0.0,missing,False,False,False,False,False,,,,,,,,,,0,24,0,0,,,24,0.0,0.0,0.0,0.0,24,0,0,reported_gmt_minus_4_unconverted,1
2019-03-23,24,24,0,0.0,missing,False,False,False,False,False,,,,,,,,,,0,24,0,0,,,24,0.0,0.0,0.0,0.0,24,0,0,reported_gmt_minus_4_unconverted,1
2019-03-24,24,24,0,0.0,missing,False,False,False,False,False,,,,,,,,,,0,24,0,0,,,24,0.0,0.0,0.0,0.0,24,0,0,reported_gmt_minus_4_unconverted,1
2019-03-25,24,24,0,0.0,missing,False,False,False,False,False,,,,,,,,,,0,24,0,0,,,24,0.0,0.0,0.0,0.0,24,0,0,reported_gmt_minus_4_unconverted,1
2019-03-26,24,24,0,0.0,missing,False,False,False,False,False,,,,,,,,,,0,24,0,0,,,24,0.0,0.0,0.0,0.0,24,0,0,reported_gmt_minus_4_unconverted,1
2019-03-27,24,24,0,0.0,missing,False,False,False,False,False,,,,,,,,,,0,24,0,0,,,24,0.0,0.0,0.0,0.0,24,0,0,reported_gmt_minus_4_unconverted,1
2019-03-28,24,24,0,0.0,missing,False,False,False,False,False,,,,,,,,,,0,24,0,0,,,24,0.0,0.0,0.0,0.0,24,0,0,reported_gmt_minus_4_unconverted,1
2019-03-29,24,24,0,0.0,missing,False,False,False,False,False,,,,,,,,,,0,24,0,0,,,24,0.0,0.0,0.0,0.0,24,0,0,reported_gmt_minus_4_unconverted,1
2019-03-30,24,24,0,0.0,missing,False,False,False,False,False,,,,,,,,,,0,24,0,0,,,24,0.0,0.0,0.0,0.0,24,0,0,reported_gmt_minus_4_unconverted,1
2019-03-31,24,24,0,0.0,missing,False,False,False,False,False,,,,,,,,,,0,24,0,0,,,24,0.0,0.0,0.0,0.0,24,0,0,reported_gmt_minus_4_unconverted,1
2019-04-01,24,24,0,0.0,missing,False,False,False,False,False,,,,,,,,,,0,24,0,0,,,24,0.0,0.0,0.0,0.0,24,0,0,reported_gmt_minus_4_unconverted,1
2019-04-02,24,24,0,0.0,missing,False,False,False,False,False,,,,,,,,,,0,24,0,0,,,24,0.0,0.0,0.0,0.0,24,0,0,reported_gmt_minus_4_unconverted,1
2019-04-03,24,24,0,0.0,missing,False,False,False,False,False,,,,,,,,,,0,24,0,0,,,24,0.0,0.0,0.0,0.0,24,0,0,reported_gmt_minus_4_unconverted,1
2019-04-04,24,24,0,0.0,missing,False,False,False,False,False,,,,,,,,,,0,24,0,0,,,24,0.0,0.0,0.0,0.0,24,0,0,reported_gmt_minus_4_unconverted,1
2019-04-05,24,24,0,0.0,missing,False,False,False,False,False,,,,,,,,,,0,24,0,0,,,24,0.0,0.0,0.0,0.0,24,0,0,reported_gmt_minus_4_unconverted,1
2019-04-06,24,24,0,0.0,missing,False,False,False,False,False,,,,,,,,,,0,24,0,0,,,24,0.0,0.0,0.0,0.0,24,0,0,reported_gmt_minus_4_unconverted,1
2019-04-07,24,24,0,0.0,missing,False,False,False,False,False,,,,,,,,,,0,24,0,0,,,24,0.0,0.0,0.0,0.0,24,0,0,reported_gmt_minus_4_unconverted,1
2019-04-08,24,24,0,0.0,missing,False,False,False,False,False,,,,,,,,,,0,24,0,0,,,24,0.0,0.0,0.0,0.0,24,0,0,reported_gmt_minus_4_unconverted,1
2019-04-09,24,24,0,0.0,missing,False,False,False,False,False,,,,,,,,,,0,24,0,0,,,24,0.0,0.0,0.0,0.0,24,0,0,reported_gmt_minus_4_unconverted,1
2019-04-10,24,24,0,0.0,missing,False,False,False,False,False,,,,,,,,,,0,24,0,0,,,24,0.0,0.0,0.0,0.0,24,0,0,reported_gmt_minus_4_unconverted,1
2019-04-11,24,24,0,0.0,missing,False,False,False,False,False,,,,,,,,,,0,24,0,0,,,24,0.0,0.0,0.0,0.0,24,0,0,reported_gmt_minus_4_unconverted,1
2019-04-12,24,24,0,0.0,missing,False,False,False,False,False,,,,,,,,,,0,24,0,0,,,24,0.0,0.0,0.0,0.0,24,0,0,reported_gmt_minus_4_unconverted,1
2019-04-13,24,24,0,0.0,missing,False,False,False,False,False,,,,,,,,,,0,24,0,0,,,24,0.0,0.0,0.0,0.0,24,0,0,reported_gmt_minus_4_unconverted,1
2019-04-14,24,24,0,0.0,missing,False,False,False,False,False,,,,,,,,,,0,24,0,0,,,24,0.0,0.0,0.0,0.0,24,0,0,reported_gmt_minus_4_unconverted,1
2019-04-15,24,24,0,0.0,missing,False,False,False,False,False,,,,,,,,,,0,24,0,0,,,24,0.0,0.0,0.0,0.0,24,0,0,reported_gmt_minus_4_unconverted,1
2019-04-16,24,24,0,0.0,missing,False,False,False,False,False,,,,,,,,,,0,24,0,0,,,24,0.0,0.0,0.0,0.0,24,0,0,reported_gmt_minus_4_unconverted,1
2019-04-17,24,24,0,0.0,missing,False,False,False,False,False,,,,,,,,,,0,24,0,0,,,24,0.0,0.0,0.0,0.0,24,0,0,reported_gmt_minus_4_unconverted,1
2019-04-18,24,24,0,0.0,missing,False,False,False,False,False,,,,,,,,,,0,24,0,0,,,24,0.0,0.0,0.0,0.0,24,0,0,reported_gmt_minus_4_unconverted,1
2019-04-19,24,24,0,0.0,missing,False,False,False,False,False,,,,,,,,,,0,24,0,0,,,24,0.0,0.0,0.0,0.0,24,0,0,reported_gmt_minus_4_unconverted,1
2019-04-20,24,24,0,0.0,missing,False,False,False,False,False,,,,,,,,,,0,24,0,0,,,24,0.0,0.0,0.0,0.0,24,0,0,reported_gmt_minus_4_unconverted,1
2019-04-21,24,24,0,0.0,missing,False,False,False,False,False,,,,,,,,,,0,24,0,0,,,24,0.0,0.0,0.0,0.0,24,0,0,reported_gmt_minus_4_unconverted,1
2019-04-22,24,24,0,0.0,missing,False,False,False,False,False,,,,,,,,,,0,24,0,0,,,24,0.0,0.0,0.0,0.0,24,0,0,reported_gmt_minus_4_unconverted,1
2019-04-23,24,24,0,0.0,missing,False,False,False,False,False,,,,,,,,,,0,24,0,0,,,24,0.0,0.0,0.0,0.0,24,0,0,reported_gmt_minus_4_unconverted,1
2019-04-24,24,24,12,0.5,partial,False,True,False,False,False,1.1594166666666668,1.278,0.42286005816094624,0.013,1.554,0.8683,1.0270000000000001,1.4249999999999998,1.5108000000000001,12,12,0,0,12.0,23.0,12,0.0,50.0,50.0,100.0,12,12,12,reported_gmt_minus_4_unconverted,1
2019-04-25,24,24,24,1.0,high,True,True,True,True,True,0.9920416666666667,1.0234999999999999,0.2285954237372726,0.59,1.282,0.7089,0.8049999999999999,1.2015,1.243,24,0,0,0,0.0,23.0,0,100.0,100.0,100.0,100.0,0,24,24,reported_gmt_minus_4_unconverted,1
2019-04-26,24,24,24,1.0,high,True,True,True,True,True,1.0204166666666665,0.998,0.23543593546896133,0.553,1.45,0.6875,0.897,1.17075,1.275,24,0,0,0,0.0,23.0,0,100.0,100.0,100.0,100.0,0,24,24,reported_gmt_minus_4_unconverted,1
2019-04-27,24,24,24,1.0,high,True,True,True,True,True,1.1849583333333333,1.2675,0.24878915102284235,0.677,1.466,0.8311,0.9915,1.37675,1.4442,24,0,0,0,0.0,23.0,0,100.0,100.0,100.0,100.0,0,24,24,reported_gmt_minus_4_unconverted,1
2019-04-28,24,24,24,1.0,high,True,True,True,True,True,0.9497083333333333,0.97,0.263201275133469,0.556,1.525,0.5861,0.702,1.1640000000000001,1.1846999999999999,24,0,0,0,0.0,23.0,0,100.0,100.0,100.0,100.0,0,24,24,reported_gmt_minus_4_unconverted,1
2019-04-29,24,24,1,0.041667,weak,False,False,False,False,False,0.982,0.982,,0.982,0.982,0.982,0.982,0.982,0.982,1,23,0,0,0.0,0.0,23,0.0,0.0,4.166666666666667,100.0,23,1,1,reported_gmt_minus_4_unconverted,1
2019-04-30,24,24,0,0.0,missing,False,False,False,False,False,,,,,,,,,,0,24,0,0,,,24,0.0,0.0,0.0,0.0,24,0,0,reported_gmt_minus_4_unconverted,1
2019-05-01,24,24,0,0.0,missing,False,False,False,False,False,,,,,,,,,,0,24,0,0,,,24,0.0,0.0,0.0,0.0,24,0,0,reported_gmt_minus_4_unconverted,1
2019-05-02,24,24,0,0.0,missing,False,False,False,False,False,,,,,,,,,,0,24,0,0,,,24,0.0,0.0,0.0,0.0,24,0,0,reported_gmt_minus_4_unconverted,1
2019-05-03,24,24,0,0.0,missing,False,False,False,False,False,,,,,,,,,,0,24,0,0,,,24,0.0,0.0,0.0,0.0,24,0,0,reported_gmt_minus_4_unconverted,1
2019-05-04,24,24,0,0.0,missing,False,False,False,False,False,,,,,,,,,,0,24,0,0,,,24,0.0,0.0,0.0,0.0,24,0,0,reported_gmt_minus_4_unconverted,1
2019-05-05,24,24,0,0.0,missing,False,False,False,False,False,,,,,,,,,,0,24,0,0,,,24,0.0,0.0,0.0,0.0,24,0,0,reported_gmt_minus_4_unconverted,1
2019-05-06,24,24,0,0.0,missing,False,False,False,False,False,,,,,,,,,,0,24,0,0,,,24,0.0,0.0,0.0,0.0,24,0,0,reported_gmt_minus_4_unconverted,1
2019-05-07,24,24,0,0.0,missing,False,False,False,False,False,,,,,,,,,,0,24,0,0,,,24,0.0,0.0,0.0,0.0,24,0,0,reported_gmt_minus_4_unconverted,1
2019-05-08,24,24,24,1.0,high,True,True,True,True,True,1.2067083333333333,1.169,0.21314956560790962,0.841,1.761,0.9871,1.10375,1.3287499999999999,1.4596,24,0,0,0,0.0,23.0,0,100.0,100.0,100.0,100.0,0,24,24,reported_gmt_minus_4_unconverted,1
2019-05-09,24,24,24,1.0,high,True,True,True,True,True,1.4559166666666667,1.4765000000000001,0.16003828799130662,1.147,1.942,1.2859,1.354,1.5225,1.5669,24,0,0,0,0.0,23.0,0,100.0,100.0,100.0,100.0,0,24,24,reported_gmt_minus_4_unconverted,1
2019-05-10,24,24,24,1.0,high,True,True,True,True,True,1.48425,1.4455,0.3196268544521197,0.97,2.077,1.0558,1.2295,1.71275,1.8936,24,0,0,0,0.0,23.0,0,100.0,100.0,100.0,100.0,0,24,24,reported_gmt_minus_4_unconverted,1
2019-05-11,24,24,24,1.0,high,True,True,True,True,True,2.00975,2.047,0.3363007517865131,1.329,2.5,1.5323000000000002,1.7842500000000001,2.2815000000000003,2.4082999999999997,24,0,0,0,0.0,23.0,0,100.0,100.0,100.0,100.0,0,24,24,reported_gmt_minus_4_unconverted,1
2019-05-12,24,24,24,1.0,high,True,True,True,True,True,2.1632916666666664,2.167,0.5075923971718516,1.37,3.175,1.5051,1.84325,2.403,2.8777,24,0,0,0,0.0,23.0,0,100.0,100.0,100.0,100.0,0,24,24,reported_gmt_minus_4_unconverted,1
2019-05-13,24,24,24,1.0,high,True,True,True,True,True,2.9478333333333335,2.8899999999999997,0.510380562757419,2.087,3.794,2.3329,2.6477500000000003,3.37275,3.6936999999999998,24,0,0,0,0.0,23.0,0,100.0,100.0,100.0,100.0,0,24,24,reported_gmt_minus_4_unconverted,1
2019-05-14,24,24,1,0.041667,weak,False,False,False,False,False,2.788,2.788,,2.788,2.788,2.788,2.788,2.788,2.788,1,23,0,0,0.0,0.0,23,0.0,0.0,4.166666666666667,100.0,23,1,1,reported_gmt_minus_4_unconverted,1
2019-05-15,24,24,24,1.0,high,True,True,True,True,True,2.015166666666667,2.0825,0.25668550655493255,1.42,2.363,1.623,1.9455,2.1885,2.2899,24,0,0,0,0.0,23.0,0,100.0,100.0,100.0,100.0,0,24,24,reported_gmt_minus_4_unconverted,1
2019-05-16,24,24,24,1.0,high,True,True,True,True,True,1.8038333333333334,1.7530000000000001,0.35753925496451394,1.116,2.435,1.3832,1.61725,2.06575,2.2721,24,0,0,0,0.0,23.0,0,100.0,100.0,100.0,100.0,0,24,24,reported_gmt_minus_4_unconverted,1
2019-05-17,24,24,24,1.0,high,True,True,True,True,True,2.4581250000000003,2.505,0.8236526448375104,1.021,3.951,1.1865999999999999,2.12975,2.8280000000000003,3.5751999999999997,24,0,0,0,0.0,23.0,0,100.0,100.0,100.0,100.0,0,24,24,reported_gmt_minus_4_unconverted,1
2019-05-18,24,24,24,1.0,high,True,True,True,True,True,2.39675,2.339,0.8119736689883699,1.321,4.939,1.4847000000000001,1.9977500000000001,2.61425,3.3426,24,0,0,0,0.0,23.0,0,100.0,100.0,100.0,100.0,0,24,24,reported_gmt_minus_4_unconverted,1
2019-05-19,24,24,24,1.0,high,True,True,True,True,True,2.5205416666666665,2.2089999999999996,1.451452045941121,0.812,6.987,0.9413000000000001,1.45175,2.949,4.3498,24,0,0,0,0.0,23.0,0,100.0,100.0,100.0,100.0,0,24,24,reported_gmt_minus_4_unconverted,1
2019-05-20,24,24,24,1.0,high,True,True,True,True,True,2.434041666666667,2.2110000000000003,0.7655640988792209,1.138,4.385,1.7728,2.0855,2.71025,3.364,24,0,0,0,0.0,23.0,0,100.0,100.0,100.0,100.0,0,24,24,reported_gmt_minus_4_unconverted,1
2019-05-21,24,24,24,1.0,high,True,True,True,True,True,2.339125,1.842,1.3209498332474712,0.527,5.335,1.2476,1.3972499999999999,2.95125,4.2541,24,0,0,0,0.0,23.0,0,100.0,100.0,100.0,100.0,0,24,24,reported_gmt_minus_4_unconverted,1
2019-05-22,24,24,24,1.0,high,True,True,True,True,True,3.810208333333333,4.3045,1.8613974408951504,0.566,6.442,1.112,2.04125,5.07375,6.140000000000001,24,0,0,0,0.0,23.0,0,100.0,100.0,100.0,100.0,0,24,24,reported_gmt_minus_4_unconverted,1
2019-05-23,24,24,24,1.0,high,True,True,True,True,True,6.164124999999999,6.505000000000001,1.7336779780344846,2.593,8.496,3.4555000000000002,5.47675,7.5035,8.0363,24,0,0,0,0.0,23.0,0,100.0,100.0,100.0,100.0,0,24,24,reported_gmt_minus_4_unconverted,1
2019-05-24,24,24,24,1.0,high,True,True,True,True,True,4.663916666666666,4.8155,1.0483866245296882,2.779,6.221,3.3136,3.694,5.61,5.8069,24,0,0,0,0.0,23.0,0,100.0,100.0,100.0,100.0,0,24,24,reported_gmt_minus_4_unconverted,1
2019-05-25,24,24,24,1.0,high,True,True,True,True,True,1.6842916666666667,1.5905,0.22920590309695943,1.371,2.032,1.4437,1.5227499999999998,1.94725,1.9964,24,0,0,0,0.0,23.0,0,100.0,100.0,100.0,100.0,0,24,24,reported_gmt_minus_4_unconverted,1
2019-05-26,24,24,24,1.0,high,True,True,True,True,True,1.751125,1.797,0.19392475288783712,1.369,1.993,1.4956,1.57425,1.91625,1.9525,24,0,0,0,0.0,23.0,0,100.0,100.0,100.0,100.0,0,24,24,reported_gmt_minus_4_unconverted,1
2019-05-27,24,24,24,1.0,high,True,True,True,True,True,1.6676666666666666,1.6415,0.23131714849618437,1.321,2.136,1.4316,1.50775,1.7645,2.0554,24,0,0,0,0.0,23.0,0,100.0,100.0,100.0,100.0,0,24,24,reported_gmt_minus_4_unconverted,1
2019-05-28,24,24,24,1.0,high,True,True,True,True,True,1.8592916666666668,1.6245,0.5732115080587745,1.391,3.504,1.4231,1.4837500000000001,1.9205,2.8517,24,0,0,0,0.0,23.0,0,100.0,100.0,100.0,100.0,0,24,24,reported_gmt_minus_4_unconverted,1
2019-05-29,24,24,24,1.0,high,True,True,True,True,True,1.5534583333333334,1.4975,0.22998978789553218,1.239,2.229,1.3686,1.38075,1.64025,1.8379999999999999,24,0,0,0,0.0,23.0,0,100.0,100.0,100.0,100.0,0,24,24,reported_gmt_minus_4_unconverted,1
2019-05-30,24,24,24,1.0,high,True,True,True,True,True,2.5013333333333336,2.508,0.4811953112159675,1.607,3.367,1.9329,2.106,2.8187499999999996,3.149,24,0,0,0,0.0,23.0,0,100.0,100.0,100.0,100.0,0,24,24,reported_gmt_minus_4_unconverted,1
2019-05-31,24,24,24,1.0,high,True,True,True,True,True,2.968958333333333,2.887,0.5171882576398846,2.251,3.937,2.3555,2.52775,3.2929999999999997,3.7781,24,0,0,0,0.0,23.0,0,100.0,100.0,100.0,100.0,0,24,24,reported_gmt_minus_4_unconverted,1
2019-06-01,24,24,24,1.0,high,True,True,True,True,True,2.4359583333333332,2.342,0.5592276878732472,1.484,3.74,1.8666,2.0465,2.6622500000000002,3.2055,24,0,0,0,0.0,23.0,0,100.0,100.0,100.0,100.0,0,24,24,reported_gmt_minus_4_unconverted,1
2019-06-02,24,24,24,1.0,high,True,True,True,True,True,1.6201249999999998,1.624,0.23398612231237692,1.205,2.04,1.3011,1.439,1.748,1.9506,24,0,0,0,0.0,23.0,0,100.0,100.0,100.0,100.0,0,24,24,reported_gmt_minus_4_unconverted,1
2019-06-03,24,24,24,1.0,high,True,True,True,True,True,1.2987083333333334,1.332,0.19977737156246148,0.959,1.74,1.0524,1.1355,1.4095,1.5368,24,0,0,0,0.0,23.0,0,100.0,100.0,100.0,100.0,0,24,24,reported_gmt_minus_4_unconverted,1
2019-06-04,24,24,24,1.0,high,True,True,True,True,True,1.5367500000000003,1.482,0.2401090784731335,1.16,1.929,1.3123,1.34725,1.7825,1.9001,24,0,0,0,0.0,23.0,0,100.0,100.0,100.0,100.0,0,24,24,reported_gmt_minus_4_unconverted,1
2019-06-05,24,24,24,1.0,high,True,True,True,True,True,1.472625,1.4775,0.20699313420665827,1.113,1.884,1.2550999999999999,1.306,1.58025,1.7502,24,0,0,0,0.0,23.0,0,100.0,100.0,100.0,100.0,0,24,24,reported_gmt_minus_4_unconverted,1
2019-06-06,24,24,24,1.0,high,True,True,True,True,True,1.4912083333333335,1.4635,0.2519137152430098,1.137,2.088,1.1694,1.3592499999999998,1.63875,1.8459999999999999,24,0,0,0,0.0,23.0,0,100.0,100.0,100.0,100.0,0,24,24,reported_gmt_minus_4_unconverted,1
2019-06-07,24,24,24,1.0,high,True,True,True,True,True,1.26525,1.249,0.2044384142410406,0.817,1.587,1.0491,1.1304999999999998,1.4532500000000002,1.5416,24,0,0,0,0.0,23.0,0,100.0,100.0,100.0,100.0,0,24,24,reported_gmt_minus_4_unconverted,1
2019-06-08,24,24,24,1.0,high,True,True,True,True,True,1.1242916666666667,1.142,0.19021074791711534,0.774,1.548,0.9207000000000001,0.9804999999999999,1.1917499999999999,1.3946999999999998,24,0,0,0,0.0,23.0,0,100.0,100.0,100.0,100.0,0,24,24,reported_gmt_minus_4_unconverted,1
2019-06-09,24,24,24,1.0,high,True,True,True,True,True,1.3009583333333332,1.237,0.2521294490097716,0.875,1.716,0.9495,1.137,1.5307499999999998,1.6269,24,0,0,0,0.0,23.0,0,100.0,100.0,100.0,100.0,0,24,24,reported_gmt_minus_4_unconverted,1
2019-06-10,24,24,24,1.0,high,True,True,True,True,True,1.4521249999999999,1.444,0.23751801991135052,1.089,1.883,1.1709,1.2155,1.66475,1.7354,24,0,0,0,0.0,23.0,0,100.0,100.0,100.0,100.0,0,24,24,reported_gmt_minus_4_unconverted,1
2019-06-11,24,24,24,1.0,high,True,True,True,True,True,1.7242916666666668,1.744,0.1913322807752698,1.347,1.997,1.4365,1.61175,1.8585,1.9547,24,0,0,0,0.0,23.0,0,100.0,100.0,100.0,100.0,0,24,24,reported_gmt_minus_4_unconverted,1
2019-06-12,24,24,24,1.0,high,True,True,True,True,True,1.2696666666666665,1.194,0.18530789106984522,1.08,1.682,1.1115,1.144,1.3745,1.5698999999999999,24,0,0,0,0.0,23.0,0,100.0,100.0,100.0,100.0,0,24,24,reported_gmt_minus_4_unconverted,1
2019-06-13,24,24,24,1.0,high,True,True,True,True,True,0.9947083333333332,0.9695,0.11160585895741848,0.871,1.267,0.8776,0.896,1.05675,1.1364999999999998,24,0,0,0,0.0,23.0,0,100.0,100.0,100.0,100.0,0,24,24,reported_gmt_minus_4_unconverted,1
2019-06-14,24,24,24,1.0,high,True,True,True,True,True,0.9725833333333332,0.959,0.07326718030704421,0.854,1.098,0.8809,0.9195,1.0242499999999999,1.0824,24,0,0,0,0.0,23.0,0,100.0,100.0,100.0,100.0,0,24,24,reported_gmt_minus_4_unconverted,1
2019-06-15,24,24,24,1.0,high,True,True,True,True,True,1.17975,1.0835,0.2902615387363011,0.87,1.797,0.9117000000000001,0.94775,1.31975,1.6784000000000001,24,0,0,0,0.0,23.0,0,100.0,100.0,100.0,100.0,0,24,24,reported_gmt_minus_4_unconverted,1
2019-06-16,24,24,24,1.0,high,True,True,True,True,True,1.74875,1.541,0.39755407070036997,1.365,2.573,1.4007999999999998,1.443,2.0355,2.3204,24,0,0,0,0.0,23.0,0,100.0,100.0,100.0,100.0,0,24,24,reported_gmt_minus_4_unconverted,1
2019-06-17,24,24,24,1.0,high,True,True,True,True,True,1.6434583333333332,1.6644999999999999,0.26051770851378864,1.238,2.082,1.3471,1.40375,1.8235,2.0089,24,0,0,0,0.0,23.0,0,100.0,100.0,100.0,100.0,0,24,24,reported_gmt_minus_4_unconverted,1
2019-06-18,24,24,24,1.0,high,True,True,True,True,True,1.4966249999999999,1.5470000000000002,0.24931921436618942,1.143,1.958,1.1699,1.2674999999999998,1.68525,1.7737999999999998,24,0,0,0,0.0,23.0,0,100.0,100.0,100.0,100.0,0,24,24,reported_gmt_minus_4_unconverted,1
2019-06-19,24,24,24,1.0,high,True,True,True,True,True,1.796833333333333,1.704,0.379243831931346,1.367,2.505,1.4163999999999999,1.4655,2.085,2.3665,24,0,0,0,0.0,23.0,0,100.0,100.0,100.0,100.0,0,24,24,reported_gmt_minus_4_unconverted,1
2019-06-20,24,24,24,1.0,high,True,True,True,True,True,1.883375,1.807,0.19801642718416726,1.575,2.236,1.6621,1.7527499999999998,2.0607499999999996,2.1409,24,0,0,0,0.0,23.0,0,100.0,100.0,100.0,100.0,0,24,24,reported_gmt_minus_4_unconverted,1
2019-06-21,24,24,24,1.0,high,True,True,True,True,True,1.6478749999999998,1.684,0.2404914013648612,1.24,2.171,1.3389,1.4612500000000002,1.7570000000000001,1.9574999999999996,24,0,0,0,0.0,23.0,0,100.0,100.0,100.0,100.0,0,24,24,reported_gmt_minus_4_unconverted,1
2019-06-22,24,24,24,1.0,high,True,True,True,True,True,1.3172083333333333,1.2845,0.20696607139853848,0.974,1.761,1.1026,1.18,1.4645,1.5808,24,0,0,0,0.0,23.0,0,100.0,100.0,100.0,100.0,0,24,24,reported_gmt_minus_4_unconverted,1
2019-06-23,24,24,24,1.0,high,True,True,True,True,True,1.5552916666666665,1.5870000000000002,0.22550050210426442,1.134,1.861,1.2543,1.365,1.77225,1.8153,24,0,0,0,0.0,23.0,0,100.0,100.0,100.0,100.0,0,24,24,reported_gmt_minus_4_unconverted,1
2019-06-24,24,24,24,1.0,high,True,True,True,True,True,1.7690833333333333,1.7745000000000002,0.267694166291809,1.314,2.214,1.4251,1.571,1.992,2.1026,24,0,0,0,0.0,23.0,0,100.0,100.0,100.0,100.0,0,24,24,reported_gmt_minus_4_unconverted,1
2019-06-25,24,24,24,1.0,high,True,True,True,True,True,1.3081666666666667,1.3155000000000001,0.3291509058784127,0.847,1.944,0.9082,1.0334999999999999,1.491,1.753,24,0,0,0,0.0,23.0,0,100.0,100.0,100.0,100.0,0,24,24,reported_gmt_minus_4_unconverted,1
2019-06-26,24,24,24,1.0,high,True,True,True,True,True,1.233666666666667,1.1555,0.23372850594814837,0.947,1.739,1.0457,1.0875000000000001,1.3010000000000002,1.6522,24,0,0,0,0.0,23.0,0,100.0,100.0,100.0,100.0,0,24,24,reported_gmt_minus_4_unconverted,1
2019-06-27,24,24,24,1.0,high,True,True,True,True,True,1.6425416666666666,1.6139999999999999,0.3743891232123473,1.159,2.236,1.2501,1.288,2.02575,2.1299,24,0,0,0,0.0,23.0,0,100.0,100.0,100.0,100.0,0,24,24,reported_gmt_minus_4_unconverted,1
2019-06-28,24,24,24,1.0,high,True,True,True,True,True,2.049375,2.018,0.22656773869505628,1.666,2.5,1.8130000000000002,1.8785,2.2190000000000003,2.3779999999999997,24,0,0,0,0.0,23.0,0,100.0,100.0,100.0,100.0,0,24,24,reported_gmt_minus_4_unconverted,1
2019-06-29,24,24,24,1.0,high,True,True,True,True,True,2.2488333333333332,2.2775,0.2741769765913134,1.734,2.637,1.8738,2.016,2.4635,2.5495,24,0,0,0,0.0,23.0,0,100.0,100.0,100.0,100.0,0,24,24,reported_gmt_minus_4_unconverted,1
2019-06-30,24,24,24,1.0,high,True,True,True,True,True,2.786958333333333,2.668,0.4911919379708265,1.786,3.843,2.3355,2.46425,3.019,3.4728000000000003,24,0,0,0,0.0,23.0,0,100.0,100.0,100.0,100.0,0,24,24,reported_gmt_minus_4_unconverted,1
2019-07-01,24,24,24,1.0,high,True,True,True,True,True,2.687041666666667,2.6335,0.4443958751390248,2.063,3.626,2.1925,2.32425,3.0387500000000003,3.2331000000000003,24,0,0,0,0.0,23.0,0,100.0,100.0,100.0,100.0,0,24,24,reported_gmt_minus_4_unconverted,1
2019-07-02,24,24,24,1.0,high,True,True,True,True,True,2.4414583333333333,2.34,0.5328467419083267,1.495,3.286,1.8748,2.024,3.05225,3.1495,24,0,0,0,0.0,23.0,0,100.0,100.0,100.0,100.0,0,24,24,reported_gmt_minus_4_unconverted,1
2019-07-03,24,24,24,1.0,high,True,True,True,True,True,2.485958333333334,2.399,0.44985751166019383,1.745,3.326,1.9462000000000002,2.17525,2.88775,3.1056999999999997,24,0,0,0,0.0,23.0,0,100.0,100.0,100.0,100.0,0,24,24,reported_gmt_minus_4_unconverted,1
2019-07-04,24,24,24,1.0,high,True,True,True,True,True,2.44875,2.31,0.4606392769600318,1.881,3.516,1.9379,2.16375,2.65925,3.1295,24,0,0,0,0.0,23.0,0,100.0,100.0,100.0,100.0,0,24,24,reported_gmt_minus_4_unconverted,1
2019-07-05,24,24,24,1.0,high,True,True,True,True,True,2.2861249999999997,2.3015,0.42219234360656044,1.543,2.959,1.7913000000000001,1.931,2.63375,2.8547,24,0,0,0,0.0,23.0,0,100.0,100.0,100.0,100.0,0,24,24,reported_gmt_minus_4_unconverted,1
2019-07-06,24,24,24,1.0,high,True,True,True,True,True,2.153625,2.164,0.21188118337777237,1.836,2.558,1.9104999999999999,1.9849999999999999,2.3055,2.4161,24,0,0,0,0.0,23.0,0,100.0,100.0,100.0,100.0,0,24,24,reported_gmt_minus_4_unconverted,1
2019-07-07,24,24,24,1.0,high,True,True,True,True,True,2.064791666666667,1.9385,0.5325831210215937,1.383,3.055,1.4875,1.6244999999999998,2.42625,2.8552,24,0,0,0,0.0,23.0,0,100.0,100.0,100.0,100.0,0,24,24,reported_gmt_minus_4_unconverted,1
2019-07-08,24,24,24,1.0,high,True,True,True,True,True,2.07625,2.0785,0.2613299180862316,1.562,2.542,1.7362,1.9337499999999999,2.21575,2.445,24,0,0,0,0.0,23.0,0,100.0,100.0,100.0,100.0,0,24,24,reported_gmt_minus_4_unconverted,1
2019-07-09,24,24,24,1.0,high,True,True,True,True,True,1.3447500000000001,1.2215,0.3057920933376566,1.005,1.999,1.0174999999999998,1.12975,1.57175,1.8081,24,0,0,0,0.0,23.0,0,100.0,100.0,100.0,100.0,0,24,24,reported_gmt_minus_4_unconverted,1
2019-07-10,24,24,24,1.0,high,True,True,True,True,True,0.9839583333333334,0.9045000000000001,0.18495580651149843,0.798,1.332,0.8329,0.846,1.0932499999999998,1.2848,24,0,0,0,0.0,23.0,0,100.0,100.0,100.0,100.0,0,24,24,reported_gmt_minus_4_unconverted,1
2019-07-11,24,24,24,1.0,high,True,True,True,True,True,0.8827083333333334,0.929,0.2202181683391874,0.589,1.264,0.6143,0.6415,1.04775,1.1539,24,0,0,0,0.0,23.0,0,100.0,100.0,100.0,100.0,0,24,24,reported_gmt_minus_4_unconverted,1
2019-07-12,24,24,24,1.0,high,True,True,True,True,True,0.8959583333333333,0.737,0.3573724739608907,0.533,1.527,0.5838,0.6597500000000001,1.077,1.4956,24,0,0,0,0.0,23.0,0,100.0,100.0,100.0,100.0,0,24,24,reported_gmt_minus_4_unconverted,1
2019-07-13,24,24,24,1.0,high,True,True,True,True,True,1.3070416666666664,1.2934999999999999,0.2574019828927148,0.904,1.724,1.0023,1.1070000000000002,1.4529999999999998,1.7095,24,0,0,0,0.0,23.0,0,100.0,100.0,100.0,100.0,0,24,24,reported_gmt_minus_4_unconverted,1
2019-07-14,24,24,24,1.0,high,True,True,True,True,True,1.3345,1.3775,0.39078093496284433,0.626,1.952,0.7451,1.07125,1.544,1.8324,24,0,0,0,0.0,23.0,0,100.0,100.0,100.0,100.0,0,24,24,reported_gmt_minus_4_unconverted,1
2019-07-15,24,24,24,1.0,high,True,True,True,True,True,1.3822916666666665,1.454,0.28672536157622064,0.895,1.942,0.9849,1.19475,1.5775,1.7061,24,0,0,0,0.0,23.0,0,100.0,100.0,100.0,100.0,0,24,24,reported_gmt_minus_4_unconverted,1
2019-07-16,24,24,24,1.0,high,True,True,True,True,True,1.2877083333333335,1.299,0.19793927025768515,1.013,1.76,1.0372000000000001,1.1357499999999998,1.3792499999999999,1.5402,24,0,0,0,0.0,23.0,0,100.0,100.0,100.0,100.0,0,24,24,reported_gmt_minus_4_unconverted,1
2019-07-17,24,24,24,1.0,high,True,True,True,True,True,1.0740833333333333,1.0375,0.17329465148089268,0.851,1.483,0.9144,0.97575,1.08925,1.3784999999999998,24,0,0,0,0.0,23.0,0,100.0,100.0,100.0,100.0,0,24,24,reported_gmt_minus_4_unconverted,1
2019-07-18,24,24,24,1.0,high,True,True,True,True,True,0.8631666666666667,0.877,0.14317993139271712,0.612,1.079,0.6679,0.7625,0.97725,1.0456999999999999,24,0,0,0,0.0,23.0,0,100.0,100.0,100.0,100.0,0,24,24,reported_gmt_minus_4_unconverted,1
2019-07-19,24,24,24,1.0,high,True,True,True,True,True,0.769625,0.7135,0.13275240520215262,0.58,1.154,0.6512,0.6797500000000001,0.85,0.9339999999999999,24,0,0,0,0.0,23.0,0,100.0,100.0,100.0,100.0,0,24,24,reported_gmt_minus_4_unconverted,1
2019-07-20,24,24,24,1.0,high,True,True,True,True,True,0.8192083333333332,0.8005,0.09470777901417128,0.676,0.988,0.7126,0.745,0.89175,0.9508,24,0,0,0,0.0,23.0,0,100.0,100.0,100.0,100.0,0,24,24,reported_gmt_minus_4_unconverted,1
2019-07-21,24,24,24,1.0,high,True,True,True,True,True,0.994125,0.975,0.13510971789462525,0.8,1.228,0.8132,0.90725,1.085,1.1829,24,0,0,0,0.0,23.0,0,100.0,100.0,100.0,100.0,0,24,24,reported_gmt_minus_4_unconverted,1
2019-07-22,24,24,24,1.0,high,True,True,True,True,True,0.6562083333333333,0.6505000000000001,0.2116112060743284,0.323,1.056,0.3749,0.5,0.84525,0.887,24,0,0,0,0.0,23.0,0,100.0,100.0,100.0,100.0,0,24,24,reported_gmt_minus_4_unconverted,1
2019-07-23,24,24,24,1.0,high,True,True,True,True,True,0.4637083333333334,0.4185,0.11219682982682001,0.309,0.661,0.3626,0.38175000000000003,0.51675,0.6489,24,0,0,0,0.0,23.0,0,100.0,100.0,100.0,100.0,0,24,24,reported_gmt_minus_4_unconverted,1
2019-07-24,24,24,24,1.0,high,True,True,True,True,True,0.6609999999999999,0.6325000000000001,0.18391609618188018,0.387,1.023,0.4547,0.517,0.78825,0.9339,24,0,0,0,0.0,23.0,0,100.0,100.0,100.0,100.0,0,24,24,reported_gmt_minus_4_unconverted,1
2019-07-25,24,24,24,1.0,high,True,True,True,True,True,0.7903333333333333,0.812,0.17645634185177406,0.413,0.999,0.5246000000000001,0.6984999999999999,0.95375,0.985,24,0,0,0,0.0,23.0,0,100.0,100.0,100.0,100.0,0,24,24,reported_gmt_minus_4_unconverted,1
2019-07-26,24,24,24,1.0,high,True,True,True,True,True,1.1508333333333334,0.8445,0.5475230125532281,0.623,2.448,0.652,0.6859999999999999,1.56,1.8772,24,0,0,0,0.0,23.0,0,100.0,100.0,100.0,100.0,0,24,24,reported_gmt_minus_4_unconverted,1
2019-07-27,24,24,24,1.0,high,True,True,True,True,True,1.9249166666666666,1.8655,0.31740331176413483,1.442,2.377,1.5136,1.68275,2.19175,2.3532,24,0,0,0,0.0,23.0,0,100.0,100.0,100.0,100.0,0,24,24,reported_gmt_minus_4_unconverted,1
2019-07-28,24,24,24,1.0,high,True,True,True,True,True,2.18,2.1695,0.35803145356117866,1.68,2.959,1.7779,1.9129999999999998,2.3499999999999996,2.6898,24,0,0,0,0.0,23.0,0,100.0,100.0,100.0,100.0,0,24,24,reported_gmt_minus_4_unconverted,1
2019-07-29,24,24,24,1.0,high,True,True,True,True,True,2.1377083333333333,2.22,0.3325125011270962,1.442,2.706,1.5752,2.0015,2.27625,2.4635000000000002,24,0,0,0,0.0,23.0,0,100.0,100.0,100.0,100.0,0,24,24,reported_gmt_minus_4_unconverted,1
2019-07-30,24,24,24,1.0,high,True,True,True,True,True,2.2273333333333336,2.2005,0.3122151803493541,1.692,2.859,1.8812,1.977,2.4837499999999997,2.5837,24,0,0,0,0.0,23.0,0,100.0,100.0,100.0,100.0,0,24,24,reported_gmt_minus_4_unconverted,1
2019-07-31,24,24,24,1.0,high,True,True,True,True,True,1.6485000000000003,1.569,0.3053179383499451,1.282,2.213,1.3423,1.3935,1.90725,2.0835,24,0,0,0,0.0,23.0,0,100.0,100.0,100.0,100.0,0,24,24,reported_gmt_minus_4_unconverted,1
2019-08-01,24,24,24,1.0,high,True,True,True,True,True,1.1934166666666666,1.1865,0.27953360483470324,0.74,1.781,0.8140000000000001,1.0055,1.36825,1.5298999999999998,24,0,0,0,0.0,23.0,0,100.0,100.0,100.0,100.0,0,24,24,reported_gmt_minus_4_unconverted,1
2019-08-02,24,24,24,1.0,high,True,True,True,True,True,0.953375,0.914,0.16942455355651992,0.721,1.28,0.7783,0.83,1.10975,1.1935,24,0,0,0,0.0,23.0,0,100.0,100.0,100.0,100.0,0,24,24,reported_gmt_minus_4_unconverted,1
2019-08-03,24,24,24,1.0,high,True,True,True,True,True,1.0607499999999999,1.0405,0.14784782129226512,0.842,1.314,0.901,0.927,1.1917499999999999,1.2429000000000001,24,0,0,0,0.0,23.0,0,100.0,100.0,100.0,100.0,0,24,24,reported_gmt_minus_4_unconverted,1
2019-08-04,24,24,24,1.0,high,True,True,True,True,True,1.1336666666666666,1.154,0.18249875917783462,0.837,1.502,0.8827,1.00925,1.2437500000000001,1.3403,24,0,0,0,0.0,23.0,0,100.0,100.0,100.0,100.0,0,24,24,reported_gmt_minus_4_unconverted,1
2019-08-05,24,24,24,1.0,high,True,True,True,True,True,0.9279166666666666,0.856,0.230163064438854,0.66,1.327,0.7062999999999999,0.747,1.04975,1.3108,24,0,0,0,0.0,23.0,0,100.0,100.0,100.0,100.0,0,24,24,reported_gmt_minus_4_unconverted,1
2019-08-06,24,24,24,1.0,high,True,True,True,True,True,1.109625,0.9644999999999999,0.3427711636823814,0.721,1.998,0.7812,0.83475,1.3315000000000001,1.5657,24,0,0,0,0.0,23.0,0,100.0,100.0,100.0,100.0,0,24,24,reported_gmt_minus_4_unconverted,1
2019-08-07,24,24,24,1.0,high,True,True,True,True,True,1.9790833333333335,1.8265,0.6757552243145486,1.198,3.508,1.3482,1.4989999999999999,2.2115,3.1355999999999997,24,0,0,0,0.0,23.0,0,100.0,100.0,100.0,100.0,0,24,24,reported_gmt_minus_4_unconverted,1
2019-08-08,24,24,24,1.0,high,True,True,True,True,True,1.5053750000000001,1.2565,0.5367368242241825,0.961,2.706,1.0347,1.163,1.70825,2.4153,24,0,0,0,0.0,23.0,0,100.0,100.0,100.0,100.0,0,24,24,reported_gmt_minus_4_unconverted,1
2019-08-09,24,24,24,1.0,high,True,True,True,True,True,1.5838333333333334,1.5285000000000002,0.6887813224419833,0.463,2.851,0.7426,1.0365,2.142,2.4358,24,0,0,0,0.0,23.0,0,100.0,100.0,100.0,100.0,0,24,24,reported_gmt_minus_4_unconverted,1
2019-08-10,24,24,24,1.0,high,True,True,True,True,True,1.7227083333333333,1.6435,0.631900341562391,0.644,2.643,0.8420000000000001,1.3142500000000001,2.31325,2.593,24,0,0,0,0.0,23.0,0,100.0,100.0,100.0,100.0,0,24,24,reported_gmt_minus_4_unconverted,1
2019-08-11,24,24,24,1.0,high,True,True,True,True,True,3.5502916666666664,3.746,1.577748822219333,1.354,7.12,1.6131,2.1975,4.78575,5.4916,24,0,0,0,0.0,23.0,0,100.0,100.0,100.0,100.0,0,24,24,reported_gmt_minus_4_unconverted,1
2019-08-12,24,24,24,1.0,high,True,True,True,True,True,5.1040833333333335,5.263,2.3454855048844765,1.585,8.825,1.6638,3.52625,6.50725,7.9843,24,0,0,0,0.0,23.0,0,100.0,100.0,100.0,100.0,0,24,24,reported_gmt_minus_4_unconverted,1
2019-08-13,24,24,24,1.0,high,True,True,True,True,True,7.798958333333332,8.799499999999998,3.475732734498823,1.085,12.584,1.6514000000000002,6.33225,10.164000000000001,10.7008,24,0,0,0,0.0,23.0,0,100.0,100.0,100.0,100.0,0,24,24,reported_gmt_minus_4_unconverted,1
2019-08-14,24,24,24,1.0,high,True,True,True,True,True,10.901291666666667,11.283000000000001,1.447198867953467,7.956,13.325,8.5037,10.00975,11.98075,12.122,24,0,0,0,0.0,23.0,0,100.0,100.0,100.0,100.0,0,24,24,reported_gmt_minus_4_unconverted,1
2019-08-15,24,24,24,1.0,high,True,True,True,True,True,9.856958333333333,10.214,2.311631373485846,6.516,13.179,7.0323,7.665,12.0335,12.7371,24,0,0,0,0.0,23.0,0,100.0,100.0,100.0,100.0,0,24,24,reported_gmt_minus_4_unconverted,1
2019-08-16,24,24,24,1.0,high,True,True,True,True,True,2.954416666666667,2.761,0.8857003083616286,2.007,5.87,2.1925999999999997,2.4692499999999997,2.9795,3.9642,24,0,0,0,0.0,23.0,0,100.0,100.0,100.0,100.0,0,24,24,reported_gmt_minus_4_unconverted,1
2019-08-17,24,24,24,1.0,high,True,True,True,True,True,2.8318333333333334,2.4684999999999997,1.065428946753236,1.35,4.441,1.5947,2.03675,3.88775,4.2288,24,0,0,0,0.0,23.0,0,100.0,100.0,100.0,100.0,0,24,24,reported_gmt_minus_4_unconverted,1
2019-08-18,24,24,24,1.0,high,True,True,True,True,True,3.158791666666667,2.8315,1.4498990963142069,1.004,5.759,1.7056,1.83525,4.2995,4.994599999999999,24,0,0,0,0.0,23.0,0,100.0,100.0,100.0,100.0,0,24,24,reported_gmt_minus_4_unconverted,1
2019-08-19,24,24,24,1.0,high,True,True,True,True,True,2.5239166666666666,2.455,0.8391200316618784,1.242,4.194,1.487,1.788,3.12375,3.5336999999999996,24,0,0,0,0.0,23.0,0,100.0,100.0,100.0,100.0,0,24,24,reported_gmt_minus_4_unconverted,1
2019-08-20,24,24,24,1.0,high,True,True,True,True,True,1.7696666666666665,1.6485,0.5579141796764606,0.992,3.383,1.1209,1.4095,2.06825,2.4160999999999997,24,0,0,0,0.0,23.0,0,100.0,100.0,100.0,100.0,0,24,24,reported_gmt_minus_4_unconverted,1
2019-08-21,24,24,24,1.0,high,True,True,True,True,True,1.4934999999999998,1.325,0.48725308128055106,0.961,2.635,1.0386,1.116,1.76375,2.199,24,0,0,0,0.0,23.0,0,100.0,100.0,100.0,100.0,0,24,24,reported_gmt_minus_4_unconverted,1
2019-08-22,24,24,24,1.0,high,True,True,True,True,True,1.4001666666666666,1.376,0.2542716224257329,0.939,1.951,1.1736,1.209,1.482,1.7778999999999998,24,0,0,0,0.0,23.0,0,100.0,100.0,100.0,100.0,0,24,24,reported_gmt_minus_4_unconverted,1
2019-08-23,24,24,24,1.0,high,True,True,True,True,True,1.2191666666666665,1.1835,0.2750395491982715,0.806,1.776,0.8998,1.00925,1.3455,1.6304,24,0,0,0,0.0,23.0,0,100.0,100.0,100.0,100.0,0,24,24,reported_gmt_minus_4_unconverted,1
2019-08-24,24,24,8,0.333333,weak,False,False,False,False,False,1.55275,1.552,0.045190865069328845,1.499,1.627,1.5067000000000002,1.5107499999999998,1.58125,1.6039,8,16,0,0,0.0,7.0,16,0.0,0.0,33.333333333333336,100.0,16,8,8,reported_gmt_minus_4_unconverted,1
2019-08-25,24,24,0,0.0,missing,False,False,False,False,False,,,,,,,,,,0,24,0,0,,,24,0.0,0.0,0.0,0.0,24,0,0,reported_gmt_minus_4_unconverted,1
2019-08-26,24,24,0,0.0,missing,False,False,False,False,False,,,,,,,,,,0,24,0,0,,,24,0.0,0.0,0.0,0.0,24,0,0,reported_gmt_minus_4_unconverted,1
2019-08-27,24,24,0,0.0,missing,False,False,False,False,False,,,,,,,,,,0,24,0,0,,,24,0.0,0.0,0.0,0.0,24,0,0,reported_gmt_minus_4_unconverted,1
2019-08-28,24,24,0,0.0,missing,False,False,False,False,False,,,,,,,,,,0,24,0,0,,,24,0.0,0.0,0.0,0.0,24,0,0,reported_gmt_minus_4_unconverted,1
2019-08-29,24,24,0,0.0,missing,False,False,False,False,False,,,,,,,,,,0,24,0,0,,,24,0.0,0.0,0.0,0.0,24,0,0,reported_gmt_minus_4_unconverted,1
2019-08-30,24,24,0,0.0,missing,False,False,False,False,False,,,,,,,,,,0,24,0,0,,,24,0.0,0.0,0.0,0.0,24,0,0,reported_gmt_minus_4_unconverted,1
2019-08-31,24,24,0,0.0,missing,False,False,False,False,False,,,,,,,,,,0,24,0,0,,,24,0.0,0.0,0.0,0.0,24,0,0,reported_gmt_minus_4_unconverted,1
2019-09-01,24,24,0,0.0,missing,False,False,False,False,False,,,,,,,,,,0,24,0,0,,,24,0.0,0.0,0.0,0.0,24,0,0,reported_gmt_minus_4_unconverted,1
2019-09-02,24,24,0,0.0,missing,False,False,False,False,False,,,,,,,,,,0,24,0,0,,,24,0.0,0.0,0.0,0.0,24,0,0,reported_gmt_minus_4_unconverted,1
2019-09-03,24,24,0,0.0,missing,False,False,False,False,False,,,,,,,,,,0,24,0,0,,,24,0.0,0.0,0.0,0.0,24,0,0,reported_gmt_minus_4_unconverted,1
2019-09-04,24,24,0,0.0,missing,False,False,False,False,False,,,,,,,,,,0,24,0,0,,,24,0.0,0.0,0.0,0.0,24,0,0,reported_gmt_minus_4_unconverted,1
2019-09-05,24,24,0,0.0,missing,False,False,False,False,False,,,,,,,,,,0,24,0,0,,,24,0.0,0.0,0.0,0.0,24,0,0,reported_gmt_minus_4_unconverted,1
2019-09-06,24,24,0,0.0,missing,False,False,False,False,False,,,,,,,,,,0,24,0,0,,,24,0.0,0.0,0.0,0.0,24,0,0,reported_gmt_minus_4_unconverted,1
2019-09-07,24,24,0,0.0,missing,False,False,False,False,False,,,,,,,,,,0,24,0,0,,,24,0.0,0.0,0.0,0.0,24,0,0,reported_gmt_minus_4_unconverted,1
2019-09-08,24,24,0,0.0,missing,False,False,False,False,False,,,,,,,,,,0,24,0,0,,,24,0.0,0.0,0.0,0.0,24,0,0,reported_gmt_minus_4_unconverted,1
2019-09-09,24,24,0,0.0,missing,False,False,False,False,False,,,,,,,,,,0,24,0,0,,,24,0.0,0.0,0.0,0.0,24,0,0,reported_gmt_minus_4_unconverted,1
2019-09-10,24,24,0,0.0,missing,False,False,False,False,False,,,,,,,,,,0,24,0,0,,,24,0.0,0.0,0.0,0.0,24,0,0,reported_gmt_minus_4_unconverted,1
2019-09-11,24,24,0,0.0,missing,False,False,False,False,False,,,,,,,,,,0,24,0,0,,,24,0.0,0.0,0.0,0.0,24,0,0,reported_gmt_minus_4_unconverted,1
2019-09-12,24,24,0,0.0,missing,False,False,False,False,False,,,,,,,,,,0,24,0,0,,,24,0.0,0.0,0.0,0.0,24,0,0,reported_gmt_minus_4_unconverted,1
2019-09-13,24,24,0,0.0,missing,False,False,False,False,False,,,,,,,,,,0,24,0,0,,,24,0.0,0.0,0.0,0.0,24,0,0,reported_gmt_minus_4_unconverted,1
2019-09-14,24,24,0,0.0,missing,False,False,False,False,False,,,,,,,,,,0,24,0,0,,,24,0.0,0.0,0.0,0.0,24,0,0,reported_gmt_minus_4_unconverted,1
2019-09-15,24,24,0,0.0,missing,False,False,False,False,False,,,,,,,,,,0,24,0,0,,,24,0.0,0.0,0.0,0.0,24,0,0,reported_gmt_minus_4_unconverted,1
2019-09-16,24,24,0,0.0,missing,False,False,False,False,False,,,,,,,,,,0,24,0,0,,,24,0.0,0.0,0.0,0.0,24,0,0,reported_gmt_minus_4_unconverted,1
2019-09-17,24,24,0,0.0,missing,False,False,False,False,False,,,,,,,,,,0,24,0,0,,,24,0.0,0.0,0.0,0.0,24,0,0,reported_gmt_minus_4_unconverted,1
2019-09-18,24,24,0,0.0,missing,False,False,False,False,False,,,,,,,,,,0,24,0,0,,,24,0.0,0.0,0.0,0.0,24,0,0,reported_gmt_minus_4_unconverted,1
2019-09-19,24,24,0,0.0,missing,False,False,False,False,False,,,,,,,,,,0,24,0,0,,,24,0.0,0.0,0.0,0.0,24,0,0,reported_gmt_minus_4_unconverted,1
2019-09-20,24,24,0,0.0,missing,False,False,False,False,False,,,,,,,,,,0,24,0,0,,,24,0.0,0.0,0.0,0.0,24,0,0,reported_gmt_minus_4_unconverted,1
2019-09-21,24,24,0,0.0,missing,False,False,False,False,False,,,,,,,,,,0,24,0,0,,,24,0.0,0.0,0.0,0.0,24,0,0,reported_gmt_minus_4_unconverted,1
2019-09-22,24,24,0,0.0,missing,False,False,False,False,False,,,,,,,,,,0,24,0,0,,,24,0.0,0.0,0.0,0.0,24,0,0,reported_gmt_minus_4_unconverted,1
2019-09-23,24,24,0,0.0,missing,False,False,False,False,False,,,,,,,,,,0,24,0,0,,,24,0.0,0.0,0.0,0.0,24,0,0,reported_gmt_minus_4_unconverted,1
2019-09-24,24,24,0,0.0,missing,False,False,False,False,False,,,,,,,,,,0,24,0,0,,,24,0.0,0.0,0.0,0.0,24,0,0,reported_gmt_minus_4_unconverted,1
2019-09-25,24,24,0,0.0,missing,False,False,False,False,False,,,,,,,,,,0,24,0,0,,,24,0.0,0.0,0.0,0.0,24,0,0,reported_gmt_minus_4_unconverted,1
2019-09-26,24,24,0,0.0,missing,False,False,False,False,False,,,,,,,,,,0,24,0,0,,,24,0.0,0.0,0.0,0.0,24,0,0,reported_gmt_minus_4_unconverted,1
2019-09-27,24,24,0,0.0,missing,False,False,False,False,False,,,,,,,,,,0,24,0,0,,,24,0.0,0.0,0.0,0.0,24,0,0,reported_gmt_minus_4_unconverted,1
2019-09-28,24,24,0,0.0,missing,False,False,False,False,False,,,,,,,,,,0,24,0,0,,,24,0.0,0.0,0.0,0.0,24,0,0,reported_gmt_minus_4_unconverted,1
2019-09-29,24,24,0,0.0,missing,False,False,False,False,False,,,,,,,,,,0,24,0,0,,,24,0.0,0.0,0.0,0.0,24,0,0,reported_gmt_minus_4_unconverted,1
2019-09-30,24,24,0,0.0,missing,False,False,False,False,False,,,,,,,,,,0,24,0,0,,,24,0.0,0.0,0.0,0.0,24,0,0,reported_gmt_minus_4_unconverted,1
2019-10-01,24,24,0,0.0,missing,False,False,False,False,False,,,,,,,,,,0,24,0,0,,,24,0.0,0.0,0.0,0.0,24,0,0,reported_gmt_minus_4_unconverted,1
2019-10-02,24,24,0,0.0,missing,False,False,False,False,False,,,,,,,,,,0,24,0,0,,,24,0.0,0.0,0.0,0.0,24,0,0,reported_gmt_minus_4_unconverted,1
2019-10-03,24,24,0,0.0,missing,False,False,False,False,False,,,,,,,,,,0,24,0,0,,,24,0.0,0.0,0.0,0.0,24,0,0,reported_gmt_minus_4_unconverted,1
2019-10-04,24,24,0,0.0,missing,False,False,False,False,False,,,,,,,,,,0,24,0,0,,,24,0.0,0.0,0.0,0.0,24,0,0,reported_gmt_minus_4_unconverted,1
2019-10-05,24,24,0,0.0,missing,False,False,False,False,False,,,,,,,,,,0,24,0,0,,,24,0.0,0.0,0.0,0.0,24,0,0,reported_gmt_minus_4_unconverted,1
2019-10-06,24,24,0,0.0,missing,False,False,False,False,False,,,,,,,,,,0,24,0,0,,,24,0.0,0.0,0.0,0.0,24,0,0,reported_gmt_minus_4_unconverted,1
2019-10-07,24,24,0,0.0,missing,False,False,False,False,False,,,,,,,,,,0,24,0,0,,,24,0.0,0.0,0.0,0.0,24,0,0,reported_gmt_minus_4_unconverted,1
2019-10-08,24,24,0,0.0,missing,False,False,False,False,False,,,,,,,,,,0,24,0,0,,,24,0.0,0.0,0.0,0.0,24,0,0,reported_gmt_minus_4_unconverted,1
2019-10-09,24,24,0,0.0,missing,False,False,False,False,False,,,,,,,,,,0,24,0,0,,,24,0.0,0.0,0.0,0.0,24,0,0,reported_gmt_minus_4_unconverted,1
2019-10-10,24,24,0,0.0,missing,False,False,False,False,False,,,,,,,,,,0,24,0,0,,,24,0.0,0.0,0.0,0.0,24,0,0,reported_gmt_minus_4_unconverted,1
2019-10-11,24,24,0,0.0,missing,False,False,False,False,False,,,,,,,,,,0,24,0,0,,,24,0.0,0.0,0.0,0.0,24,0,0,reported_gmt_minus_4_unconverted,1
2019-10-12,24,24,0,0.0,missing,False,False,False,False,False,,,,,,,,,,0,24,0,0,,,24,0.0,0.0,0.0,0.0,24,0,0,reported_gmt_minus_4_unconverted,1
2019-10-13,24,24,0,0.0,missing,False,False,False,False,False,,,,,,,,,,0,24,0,0,,,24,0.0,0.0,0.0,0.0,24,0,0,reported_gmt_minus_4_unconverted,1
2019-10-14,24,24,0,0.0,missing,False,False,False,False,False,,,,,,,,,,0,24,0,0,,,24,0.0,0.0,0.0,0.0,24,0,0,reported_gmt_minus_4_unconverted,1
2019-10-15,24,24,0,0.0,missing,False,False,False,False,False,,,,,,,,,,0,24,0,0,,,24,0.0,0.0,0.0,0.0,24,0,0,reported_gmt_minus_4_unconverted,1
2019-10-16,24,24,16,0.666667,partial,False,True,False,False,False,4.395687499999999,4.701,1.794317092703145,0.0,6.532,2.1405,3.77375,5.5765,6.1865,16,8,0,0,8.0,23.0,8,0.0,100.0,66.66666666666667,100.0,8,16,16,reported_gmt_minus_4_unconverted,1
2019-10-17,24,24,24,1.0,high,True,True,True,True,True,3.356375,3.402,1.0819098978999653,1.772,6.458,2.1971,2.502,4.0385,4.4403,24,0,0,0,0.0,23.0,0,100.0,100.0,100.0,100.0,0,24,24,reported_gmt_minus_4_unconverted,1
2019-10-18,24,24,24,1.0,high,True,True,True,True,True,3.3003750000000003,2.7255000000000003,1.7031463419085635,1.463,7.583,1.7869,2.06475,4.17625,5.700899999999999,24,0,0,0,0.0,23.0,0,100.0,100.0,100.0,100.0,0,24,24,reported_gmt_minus_4_unconverted,1
2019-10-19,24,24,24,1.0,high,True,True,True,True,True,5.492249999999999,4.707,3.14294179904336,1.62,10.939,2.1027,2.6582500000000002,8.619,10.237299999999998,24,0,0,0,0.0,23.0,0,100.0,100.0,100.0,100.0,0,24,24,reported_gmt_minus_4_unconverted,1
2019-10-20,24,24,24,1.0,high,True,True,True,True,True,3.745875,3.2584999999999997,2.1744500016745865,1.19,8.894,1.5693000000000001,2.0065,5.16725,6.699299999999999,24,0,0,0,0.0,23.0,0,100.0,100.0,100.0,100.0,0,24,24,reported_gmt_minus_4_unconverted,1
2019-10-21,24,24,24,1.0,high,True,True,True,True,True,5.806416666666667,5.833,3.3524369840287913,1.235,11.365,1.6966,2.834,8.030249999999999,10.535,24,0,0,0,0.0,23.0,0,100.0,100.0,100.0,100.0,0,24,24,reported_gmt_minus_4_unconverted,1
2019-10-22,24,24,24,1.0,high,True,True,True,True,True,7.8778749999999995,8.4155,2.3595923250039172,1.38,11.535,6.0802,6.818,9.44225,9.8591,24,0,0,0,0.0,23.0,0,100.0,100.0,100.0,100.0,0,24,24,reported_gmt_minus_4_unconverted,1
2019-10-23,24,24,24,1.0,high,True,True,True,True,True,6.7536249999999995,6.9885,1.0382972604639562,4.355,8.72,5.6357,5.88375,7.436,7.9352,24,0,0,0,0.0,23.0,0,100.0,100.0,100.0,100.0,0,24,24,reported_gmt_minus_4_unconverted,1
2019-10-24,24,24,24,1.0,high,True,True,True,True,True,6.3875,5.8015,1.6207814003825707,3.807,8.994,4.7029000000000005,5.15175,8.037749999999999,8.7194,24,0,0,0,0.0,23.0,0,100.0,100.0,100.0,100.0,0,24,24,reported_gmt_minus_4_unconverted,1
2019-10-25,24,24,24,1.0,high,True,True,True,True,True,8.365333333333334,7.9735000000000005,2.513072356034873,4.216,12.251,5.0587,6.7505,10.62275,11.3115,24,0,0,0,0.0,23.0,0,100.0,100.0,100.0,100.0,0,24,24,reported_gmt_minus_4_unconverted,1
2019-10-26,24,24,24,1.0,high,True,True,True,True,True,11.346166666666667,10.708,2.03670032942602,6.527,14.585,9.4269,10.22825,13.3285,13.9395,24,0,0,0,0.0,23.0,0,100.0,100.0,100.0,100.0,0,24,24,reported_gmt_minus_4_unconverted,1
2019-10-27,24,24,24,1.0,high,True,True,True,True,True,11.833291666666668,12.1485,2.609250625040715,7.398,15.976,8.8664,9.382,13.66875,15.6213,24,0,0,0,0.0,23.0,0,100.0,100.0,100.0,100.0,0,24,24,reported_gmt_minus_4_unconverted,1
2019-10-28,24,24,24,1.0,high,True,True,True,True,True,10.336291666666666,10.496500000000001,2.180028429794012,5.941,13.747,7.228800000000001,9.003499999999999,12.00375,12.7929,24,0,0,0,0.0,23.0,0,100.0,100.0,100.0,100.0,0,24,24,reported_gmt_minus_4_unconverted,1
2019-10-29,24,24,24,1.0,high,True,True,True,True,True,5.208833333333334,4.0435,3.8314317526692703,0.632,12.982,1.1682000000000001,2.65925,7.49075,11.760999999999997,24,0,0,0,0.0,23.0,0,100.0,100.0,100.0,100.0,0,24,24,reported_gmt_minus_4_unconverted,1
2019-10-30,24,24,24,1.0,high,True,True,True,True,True,2.6333333333333333,1.609,2.8882068405194232,0.336,10.794,0.4183,0.5419999999999999,2.7345,6.459,24,0,0,0,0.0,23.0,0,100.0,100.0,100.0,100.0,0,24,24,reported_gmt_minus_4_unconverted,1
2019-10-31,24,24,24,1.0,high,True,True,True,True,True,2.9794583333333335,2.2515,2.964810896222948,0.233,10.621,0.3825,0.5954999999999999,4.5295,6.532399999999999,24,0,0,0,0.0,23.0,0,100.0,100.0,100.0,100.0,0,24,24,reported_gmt_minus_4_unconverted,1
2019-11-01,24,24,24,1.0,high,True,True,True,True,True,4.89225,3.2095000000000002,4.244155492889732,1.359,15.427,1.6265,2.19825,5.5785,11.288499999999999,24,0,0,0,0.0,23.0,0,100.0,100.0,100.0,100.0,0,24,24,reported_gmt_minus_4_unconverted,1
2019-11-02,24,24,24,1.0,high,True,True,True,True,True,6.09475,5.024,3.9401163219421305,1.263,17.123,2.6858000000000004,3.39475,6.929,12.151899999999998,24,0,0,0,0.0,23.0,0,100.0,100.0,100.0,100.0,0,24,24,reported_gmt_minus_4_unconverted,1
2019-11-03,24,24,24,1.0,high,True,True,True,True,True,9.893375,10.753499999999999,4.951135116336191,1.78,19.004,2.6664000000000003,6.6095,13.0715,15.748199999999999,24,0,0,0,0.0,23.0,0,100.0,100.0,100.0,100.0,0,24,24,reported_gmt_minus_4_unconverted,1
2019-11-04,24,24,24,1.0,high,True,True,True,True,True,11.657958333333335,12.107,2.536543908192485,6.07,15.373,8.6785,10.179499999999999,13.39375,14.6513,24,0,0,0,0.0,23.0,0,100.0,100.0,100.0,100.0,0,24,24,reported_gmt_minus_4_unconverted,1
2019-11-05,24,24,24,1.0,high,True,True,True,True,True,6.947125,6.444,1.9396058387679207,4.08,10.524,4.341,5.96525,8.48325,9.6198,24,0,0,0,0.0,23.0,0,100.0,100.0,100.0,100.0,0,24,24,reported_gmt_minus_4_unconverted,1
2019-11-06,24,24,24,1.0,high,True,True,True,True,True,6.1972916666666675,6.054,1.7540873628326712,3.855,10.186,4.1631,5.0805,6.70975,8.3348,24,0,0,0,0.0,23.0,0,100.0,100.0,100.0,100.0,0,24,24,reported_gmt_minus_4_unconverted,1
2019-11-07,24,24,24,1.0,high,True,True,True,True,True,7.843208333333333,7.894,1.6034044481275966,4.259,10.734,6.0197,6.52825,8.94725,9.7844,24,0,0,0,0.0,23.0,0,100.0,100.0,100.0,100.0,0,24,24,reported_gmt_minus_4_unconverted,1
2019-11-08,24,24,24,1.0,high,True,True,True,True,True,9.457833333333333,9.385,1.66294588441499,5.277,12.718,8.0604,8.73325,10.451,11.399299999999998,24,0,0,0,0.0,23.0,0,100.0,100.0,100.0,100.0,0,24,24,reported_gmt_minus_4_unconverted,1
2019-11-09,24,24,24,1.0,high,True,True,True,True,True,10.576749999999999,9.964,2.9059478024277694,6.426,16.57,7.4663,8.48725,12.20425,14.6888,24,0,0,0,0.0,23.0,0,100.0,100.0,100.0,100.0,0,24,24,reported_gmt_minus_4_unconverted,1
2019-11-10,24,24,24,1.0,high,True,True,True,True,True,10.966333333333333,10.9025,1.0225708720699007,8.204,12.367,9.8063,10.308,11.788,11.9248,24,0,0,0,0.0,23.0,0,100.0,100.0,100.0,100.0,0,24,24,reported_gmt_minus_4_unconverted,1
2019-11-11,24,24,24,1.0,high,True,True,True,True,True,10.744791666666666,10.967,1.554240929763987,8.031,13.751,8.4646,9.7165,11.5455,12.026,24,0,0,0,0.0,23.0,0,100.0,100.0,100.0,100.0,0,24,24,reported_gmt_minus_4_unconverted,1
2019-11-12,24,24,24,1.0,high,True,True,True,True,True,12.132708333333332,12.605,2.1530184974501076,6.955,14.656,8.661100000000001,11.1245,13.70575,14.2012,24,0,0,0,0.0,23.0,0,100.0,100.0,100.0,100.0,0,24,24,reported_gmt_minus_4_unconverted,1
2019-11-13,24,24,24,1.0,high,True,True,True,True,True,10.385541666666667,10.6955,3.1595748748040062,3.708,15.833,5.343700000000001,8.725000000000001,12.42025,13.575,24,0,0,0,0.0,23.0,0,100.0,100.0,100.0,100.0,0,24,24,reported_gmt_minus_4_unconverted,1
2019-11-14,24,24,24,1.0,high,True,True,True,True,True,9.211416666666667,8.5745,4.751966063748193,1.878,16.671,3.5842,5.654,14.305499999999999,15.6371,24,0,0,0,0.0,23.0,0,100.0,100.0,100.0,100.0,0,24,24,reported_gmt_minus_4_unconverted,1
2019-11-15,24,24,24,1.0,high,True,True,True,True,True,10.481458333333334,10.566500000000001,1.1882967708361871,8.066,14.041,9.3201,9.622,11.01025,11.4116,24,0,0,0,0.0,23.0,0,100.0,100.0,100.0,100.0,0,24,24,reported_gmt_minus_4_unconverted,1
2019-11-16,24,24,24,1.0,high,True,True,True,True,True,9.9115,9.3455,2.5802658946233668,5.781,16.16,7.1634,8.50675,11.5235,13.1123,24,0,0,0,0.0,23.0,0,100.0,100.0,100.0,100.0,0,24,24,reported_gmt_minus_4_unconverted,1
2019-11-17,24,24,24,1.0,high,True,True,True,True,True,11.643375,11.413,2.700519190218638,6.243,16.392,8.4539,10.311250000000001,13.775749999999999,14.9718,24,0,0,0,0.0,23.0,0,100.0,100.0,100.0,100.0,0,24,24,reported_gmt_minus_4_unconverted,1
2019-11-18,24,24,24,1.0,high,True,True,True,True,True,8.532625,8.323,1.870581281720134,5.868,12.836,6.1485,7.174,9.7875,10.6756,24,0,0,0,0.0,23.0,0,100.0,100.0,100.0,100.0,0,24,24,reported_gmt_minus_4_unconverted,1
2019-11-19,24,24,24,1.0,high,True,True,True,True,True,6.797208333333334,6.718999999999999,1.063978504979293,4.917,9.256,5.5163,6.261,7.52975,7.9261,24,0,0,0,0.0,23.0,0,100.0,100.0,100.0,100.0,0,24,24,reported_gmt_minus_4_unconverted,1
2019-11-20,24,24,24,1.0,high,True,True,True,True,True,5.841875000000001,5.6739999999999995,1.1832587394839802,4.12,7.99,4.4328,4.92925,6.9087499999999995,7.4701,24,0,0,0,0.0,23.0,0,100.0,100.0,100.0,100.0,0,24,24,reported_gmt_minus_4_unconverted,1
2019-11-21,24,24,24,1.0,high,True,True,True,True,True,3.033,2.9924999999999997,1.0402358846204902,1.152,5.094,1.6571,2.411,3.6285,4.331799999999999,24,0,0,0,0.0,23.0,0,100.0,100.0,100.0,100.0,0,24,24,reported_gmt_minus_4_unconverted,1
2019-11-22,24,24,24,1.0,high,True,True,True,True,True,2.40575,2.3449999999999998,0.8715575887081602,0.782,3.98,1.1439000000000004,1.90275,3.08375,3.5210999999999997,24,0,0,0,0.0,23.0,0,100.0,100.0,100.0,100.0,0,24,24,reported_gmt_minus_4_unconverted,1
2019-11-23,24,24,24,1.0,high,True,True,True,True,True,2.0092916666666665,2.0460000000000003,0.4533643777999889,1.189,3.283,1.4711,1.66125,2.184,2.3024,24,0,0,0,0.0,23.0,0,100.0,100.0,100.0,100.0,0,24,24,reported_gmt_minus_4_unconverted,1
2019-11-24,24,24,24,1.0,high,True,True,True,True,True,3.2497916666666664,2.4145,1.955233111403225,1.594,8.026,1.7659,2.0265,3.45475,6.581099999999999,24,0,0,0,0.0,23.0,0,100.0,100.0,100.0,100.0,0,24,24,reported_gmt_minus_4_unconverted,1
2019-11-25,24,24,24,1.0,high,True,True,True,True,True,5.2592083333333335,4.3065,2.052888018275646,3.126,9.847,3.3004000000000002,3.4924999999999997,6.79925,8.2963,24,0,0,0,0.0,23.0,0,100.0,100.0,100.0,100.0,0,24,24,reported_gmt_minus_4_unconverted,1
2019-11-26,24,24,24,1.0,high,True,True,True,True,True,3.155208333333333,3.1345,1.557340904824817,0.903,7.207,1.4142,2.1585,3.7024999999999997,4.7725,24,0,0,0,0.0,23.0,0,100.0,100.0,100.0,100.0,0,24,24,reported_gmt_minus_4_unconverted,1
2019-11-27,24,24,24,1.0,high,True,True,True,True,True,1.7114583333333335,1.2245,1.2975185004684793,0.471,5.192,0.5525000000000001,0.85275,1.9905,3.5058,24,0,0,0,0.0,23.0,0,100.0,100.0,100.0,100.0,0,24,24,reported_gmt_minus_4_unconverted,1
2019-11-28,24,24,24,1.0,high,True,True,True,True,True,3.425666666666667,3.1045,2.483741841704142,0.534,7.637,0.5817000000000001,1.1395,5.3625,7.0393,24,0,0,0,0.0,23.0,0,100.0,100.0,100.0,100.0,0,24,24,reported_gmt_minus_4_unconverted,1
2019-11-29,24,24,24,1.0,high,True,True,True,True,True,4.4750000000000005,5.2379999999999995,2.54689364076934,0.656,8.355,0.8043,1.43375,6.639749999999999,7.1141,24,0,0,0,0.0,23.0,0,100.0,100.0,100.0,100.0,0,24,24,reported_gmt_minus_4_unconverted,1
2019-11-30,24,24,24,1.0,high,True,True,True,True,True,5.153916666666667,4.97,1.501456044519182,2.338,9.077,3.8485,3.9795,5.843500000000001,7.0046,24,0,0,0,0.0,23.0,0,100.0,100.0,100.0,100.0,0,24,24,reported_gmt_minus_4_unconverted,1
2019-12-01,24,24,24,1.0,high,True,True,True,True,True,8.713958333333332,8.0245,2.6070954766320624,5.334,13.656,6.187200000000001,6.3785,10.971,12.682599999999999,24,0,0,0,0.0,23.0,0,100.0,100.0,100.0,100.0,0,24,24,reported_gmt_minus_4_unconverted,1
2019-12-02,24,24,24,1.0,high,True,True,True,True,True,11.207374999999999,10.9395,5.4336349336692935,2.312,20.031,4.04,5.915,15.846499999999999,17.038500000000003,24,0,0,0,0.0,23.0,0,100.0,100.0,100.0,100.0,0,24,24,reported_gmt_minus_4_unconverted,1
2019-12-03,24,24,24,1.0,high,True,True,True,True,True,11.289791666666666,10.998,5.454259452217271,1.202,19.702,4.2602,6.861,16.18175,17.816,24,0,0,0,0.0,23.0,0,100.0,100.0,100.0,100.0,0,24,24,reported_gmt_minus_4_unconverted,1
2019-12-04,24,24,24,1.0,high,True,True,True,True,True,8.629333333333333,7.761,2.939154058519244,5.43,16.028,5.8251,6.2955,9.89525,12.725299999999999,24,0,0,0,0.0,23.0,0,100.0,100.0,100.0,100.0,0,24,24,reported_gmt_minus_4_unconverted,1
2019-12-05,24,24,24,1.0,high,True,True,True,True,True,9.1935,8.9175,2.070696396195587,6.404,13.97,6.6079,8.30175,9.6965,12.2383,24,0,0,0,0.0,23.0,0,100.0,100.0,100.0,100.0,0,24,24,reported_gmt_minus_4_unconverted,1
2019-12-06,24,24,24,1.0,high,True,True,True,True,True,8.578375,8.402000000000001,2.5074821740664217,4.955,14.212,5.4499,6.702500000000001,10.07125,11.6285,24,0,0,0,0.0,23.0,0,100.0,100.0,100.0,100.0,0,24,24,reported_gmt_minus_4_unconverted,1
2019-12-07,24,24,24,1.0,high,True,True,True,True,True,11.835083333333335,11.8565,3.8552011949602827,5.244,18.963,7.3255,8.5045,14.714500000000001,16.4634,24,0,0,0,0.0,23.0,0,100.0,100.0,100.0,100.0,0,24,24,reported_gmt_minus_4_unconverted,1
2019-12-08,24,24,24,1.0,high,True,True,True,True,True,10.891375000000002,11.21,1.7654300821612845,6.071,13.883,9.019,10.26975,11.86875,12.4347,24,0,0,0,0.0,23.0,0,100.0,100.0,100.0,100.0,0,24,24,reported_gmt_minus_4_unconverted,1
2019-12-09,24,24,24,1.0,high,True,True,True,True,True,5.376041666666667,5.108499999999999,1.5562096505449627,2.851,8.05,3.5124,4.1145,6.52325,7.2566,24,0,0,0,0.0,23.0,0,100.0,100.0,100.0,100.0,0,24,24,reported_gmt_minus_4_unconverted,1
2019-12-10,24,24,24,1.0,high,True,True,True,True,True,5.486416666666667,4.1065000000000005,3.9298236260529626,1.526,14.295,1.8441,2.9655,7.305999999999999,12.223799999999999,24,0,0,0,0.0,23.0,0,100.0,100.0,100.0,100.0,0,24,24,reported_gmt_minus_4_unconverted,1
2019-12-11,24,24,24,1.0,high,True,True,True,True,True,8.540833333333333,9.4345,3.302267609131465,2.723,13.568,3.6031,6.1525,10.96925,12.0434,24,0,0,0,0.0,23.0,0,100.0,100.0,100.0,100.0,0,24,24,reported_gmt_minus_4_unconverted,1
2019-12-12,24,24,24,1.0,high,True,True,True,True,True,5.999416666666666,5.98,2.5269799110824946,1.65,10.164,1.9433000000000002,4.9215,7.7805,9.1031,24,0,0,0,0.0,23.0,0,100.0,100.0,100.0,100.0,0,24,24,reported_gmt_minus_4_unconverted,1
2019-12-13,24,24,24,1.0,high,True,True,True,True,True,7.608083333333333,7.5794999999999995,0.9310781929834224,5.822,8.933,6.4656,7.116,8.500499999999999,8.8924,24,0,0,0,0.0,23.0,0,100.0,100.0,100.0,100.0,0,24,24,reported_gmt_minus_4_unconverted,1
2019-12-14,24,24,24,1.0,high,True,True,True,True,True,5.474374999999999,5.1274999999999995,0.7829720863756754,4.423,7.188,4.8204,4.94225,6.05875,6.4505,24,0,0,0,0.0,23.0,0,100.0,100.0,100.0,100.0,0,24,24,reported_gmt_minus_4_unconverted,1
2019-12-15,24,24,24,1.0,high,True,True,True,True,True,4.807708333333333,4.7515,0.8706150489198985,3.453,6.338,3.8489000000000004,4.03675,5.561999999999999,5.9771,24,0,0,0,0.0,23.0,0,100.0,100.0,100.0,100.0,0,24,24,reported_gmt_minus_4_unconverted,1
2019-12-16,24,24,24,1.0,high,True,True,True,True,True,3.6554583333333337,3.5065,0.5264132100865472,2.758,4.8,3.1275,3.3440000000000003,3.9335000000000004,4.4378,24,0,0,0,0.0,23.0,0,100.0,100.0,100.0,100.0,0,24,24,reported_gmt_minus_4_unconverted,1
2019-12-17,24,24,24,1.0,high,True,True,True,True,True,4.148833333333333,3.435,1.60372988256498,2.401,6.875,2.5406999999999997,2.705,5.820250000000001,6.4277999999999995,24,0,0,0,0.0,23.0,0,100.0,100.0,100.0,100.0,0,24,24,reported_gmt_minus_4_unconverted,1
2019-12-18,24,24,24,1.0,high,True,True,True,True,True,6.759125,6.78,1.5873803498216803,4.031,9.734,5.0622,5.38175,7.85575,9.1113,24,0,0,0,0.0,23.0,0,100.0,100.0,100.0,100.0,0,24,24,reported_gmt_minus_4_unconverted,1
2019-12-19,24,24,24,1.0,high,True,True,True,True,True,9.109916666666665,9.0485,1.811683553245834,6.394,12.702,7.0522,7.34625,9.9175,11.4537,24,0,0,0,0.0,23.0,0,100.0,100.0,100.0,100.0,0,24,24,reported_gmt_minus_4_unconverted,1
2019-12-20,24,24,24,1.0,high,True,True,True,True,True,8.443541666666667,8.637,1.3367601319467601,5.745,10.18,6.4822,7.947,9.527000000000001,9.957,24,0,0,0,0.0,23.0,0,100.0,100.0,100.0,100.0,0,24,24,reported_gmt_minus_4_unconverted,1
2019-12-21,24,24,24,1.0,high,True,True,True,True,True,6.861416666666667,6.816,1.1176180772816207,4.033,9.301,5.7627,6.434749999999999,7.07475,8.2599,24,0,0,0,0.0,23.0,0,100.0,100.0,100.0,100.0,0,24,24,reported_gmt_minus_4_unconverted,1
2019-12-22,24,24,24,1.0,high,True,True,True,True,True,6.65575,6.416,1.0560473577160878,4.879,8.587,5.6389,5.907,7.48775,8.2544,24,0,0,0,0.0,23.0,0,100.0,100.0,100.0,100.0,0,24,24,reported_gmt_minus_4_unconverted,1
2019-12-23,24,24,24,1.0,high,True,True,True,True,True,5.374874999999999,5.33,0.7066333722844449,4.34,6.929,4.4309,4.8245000000000005,5.89575,6.2168,24,0,0,0,0.0,23.0,0,100.0,100.0,100.0,100.0,0,24,24,reported_gmt_minus_4_unconverted,1
2019-12-24,24,24,24,1.0,high,True,True,True,True,True,4.529708333333333,4.247,1.4979894200348116,3.119,10.626,3.3386,3.8535,4.72475,5.4635,24,0,0,0,0.0,23.0,0,100.0,100.0,100.0,100.0,0,24,24,reported_gmt_minus_4_unconverted,1
2019-12-25,24,24,24,1.0,high,True,True,True,True,True,3.812708333333333,3.5149999999999997,0.9616354944964138,2.25,5.464,2.8114000000000003,3.0250000000000004,4.684,5.0646,24,0,0,0,0.0,23.0,0,100.0,100.0,100.0,100.0,0,24,24,reported_gmt_minus_4_unconverted,1
2019-12-26,24,24,24,1.0,high,True,True,True,True,True,4.582291666666666,4.1594999999999995,1.4026468296129244,3.485,10.231,3.6965,3.8785,4.545,5.876099999999999,24,0,0,0,0.0,23.0,0,100.0,100.0,100.0,100.0,0,24,24,reported_gmt_minus_4_unconverted,1
2019-12-27,24,24,24,1.0,high,True,True,True,True,True,6.967083333333332,6.4855,1.6741104040437524,4.579,10.0,5.1445,5.465249999999999,8.242,9.3493,24,0,0,0,0.0,23.0,0,100.0,100.0,100.0,100.0,0,24,24,reported_gmt_minus_4_unconverted,1
2019-12-28,24,24,24,1.0,high,True,True,True,True,True,9.263875,9.032,0.8357166314268719,8.151,10.995,8.4551,8.75375,9.41875,10.7512,24,0,0,0,0.0,23.0,0,100.0,100.0,100.0,100.0,0,24,24,reported_gmt_minus_4_unconverted,1
2019-12-29,24,24,24,1.0,high,True,True,True,True,True,9.326500000000001,9.3675,1.1992636871448863,6.705,11.449,7.9656,8.73525,10.069500000000001,10.7556,24,0,0,0,0.0,23.0,0,100.0,100.0,100.0,100.0,0,24,24,reported_gmt_minus_4_unconverted,1
2019-12-30,24,24,24,1.0,high,True,True,True,True,True,9.550708333333333,9.767,1.1167594999806814,7.568,11.199,8.0181,8.756499999999999,10.39925,11.001,24,0,0,0,0.0,23.0,0,100.0,100.0,100.0,100.0,0,24,24,reported_gmt_minus_4_unconverted,1
2019-12-31,24,24,24,1.0,high,True,True,True,True,True,11.788625000000001,11.837,0.7248170271358744,10.427,13.286,10.7939,11.4435,12.14625,12.5742,24,0,0,0,0.0,23.0,0,100.0,100.0,100.0,100.0,0,24,24,reported_gmt_minus_4_unconverted,1
2020-01-01,24,24,24,1.0,high,True,True,True,True,True,9.633041666666665,9.3475,2.0602613274336923,6.904,12.574,7.2808,7.86625,11.64975,12.3554,24,0,0,0,0.0,23.0,0,100.0,100.0,100.0,100.0,0,24,24,reported_gmt_minus_4_unconverted,1
2020-01-02,24,24,24,1.0,high,True,True,True,True,True,7.124333333333333,7.1935,0.921601473177164,5.755,9.801,6.2638,6.34075,7.614,8.0038,24,0,0,0,0.0,23.0,0,100.0,100.0,100.0,100.0,0,24,24,reported_gmt_minus_4_unconverted,1
2020-01-03,24,24,24,1.0,high,True,True,True,True,True,6.671791666666667,6.516,0.9188803195556354,5.107,8.641,5.7738000000000005,6.00525,7.37575,7.6233,24,0,0,0,0.0,23.0,0,100.0,100.0,100.0,100.0,0,24,24,reported_gmt_minus_4_unconverted,1
2020-01-04,24,24,22,0.916667,high,True,True,True,True,True,5.541045454545455,5.467499999999999,0.7789787256262877,4.271,7.243,4.6217,4.96825,5.973750000000001,6.5022,22,2,0,0,0.0,23.0,2,0.0,100.0,91.66666666666667,100.0,2,22,22,reported_gmt_minus_4_unconverted,1
2020-01-05,24,24,24,1.0,high,True,True,True,True,True,4.7977083333333335,4.516500000000001,1.0349713912940306,3.921,7.436,3.9758999999999998,4.22025,4.686249999999999,6.683999999999998,24,0,0,0,0.0,23.0,0,100.0,100.0,100.0,100.0,0,24,24,reported_gmt_minus_4_unconverted,1
2020-01-06,24,24,24,1.0,high,True,True,True,True,True,3.987666666666667,3.9654999999999996,1.0214570440080304,2.507,6.128,2.7287,3.22175,4.481,5.448099999999999,24,0,0,0,0.0,23.0,0,100.0,100.0,100.0,100.0,0,24,24,reported_gmt_minus_4_unconverted,1
2020-01-07,24,24,24,1.0,high,True,True,True,True,True,4.047083333333333,3.9234999999999998,0.9508781715348444,2.324,6.353,3.0513000000000003,3.45725,4.83475,5.1602,24,0,0,0,0.0,23.0,0,100.0,100.0,100.0,100.0,0,24,24,reported_gmt_minus_4_unconverted,1
2020-01-08,24,24,24,1.0,high,True,True,True,True,True,7.470541666666667,6.921,1.824010463813585,4.918,10.761,5.6619,6.09075,9.45575,10.1947,24,0,0,0,0.0,23.0,0,100.0,100.0,100.0,100.0,0,24,24,reported_gmt_minus_4_unconverted,1
2020-01-09,24,24,24,1.0,high,True,True,True,True,True,6.231875,5.7995,2.2546568679937318,3.343,11.876,3.7554,4.802,7.0760000000000005,8.6548,24,0,0,0,0.0,23.0,0,100.0,100.0,100.0,100.0,0,24,24,reported_gmt_minus_4_unconverted,1
2020-01-10,24,24,24,1.0,high,True,True,True,True,True,4.934375,4.6690000000000005,1.626589759148021,2.739,8.484,3.1199000000000003,3.596,5.8445,7.395499999999999,24,0,0,0,0.0,23.0,0,100.0,100.0,100.0,100.0,0,24,24,reported_gmt_minus_4_unconverted,1
2020-01-11,24,24,24,1.0,high,True,True,True,True,True,9.604125,9.4405,2.308940323715245,5.902,13.093,6.6091,7.8972500000000005,11.7135,12.4584,24,0,0,0,0.0,23.0,0,100.0,100.0,100.0,100.0,0,24,24,reported_gmt_minus_4_unconverted,1
2020-01-12,24,24,24,1.0,high,True,True,True,True,True,10.078458333333332,9.3275,3.871173790974455,4.183,20.423,5.3165000000000004,8.3775,12.217500000000001,14.6037,24,0,0,0,0.0,23.0,0,100.0,100.0,100.0,100.0,0,24,24,reported_gmt_minus_4_unconverted,1
2020-01-13,24,24,15,0.625,partial,False,True,False,False,False,3.488266666666667,3.45,0.46028150806508256,2.673,4.123,2.8466,3.2065,3.9065000000000003,3.9968,15,9,0,0,0.0,23.0,9,0.0,100.0,62.5,100.0,9,15,15,reported_gmt_minus_4_unconverted,1
2020-01-14,24,24,24,1.0,high,True,True,True,True,True,4.444958333333333,4.26,1.9877910720230367,1.78,9.191,2.423,2.927,5.3605,7.6215,24,0,0,0,0.0,23.0,0,100.0,100.0,100.0,100.0,0,24,24,reported_gmt_minus_4_unconverted,1
2020-01-15,24,24,24,1.0,high,True,True,True,True,True,3.609833333333333,3.1340000000000003,1.618155811992176,1.318,6.441,1.9292,2.20525,5.318,5.6642,24,0,0,0,0.0,23.0,0,100.0,100.0,100.0,100.0,0,24,24,reported_gmt_minus_4_unconverted,1
2020-01-16,24,24,24,1.0,high,True,True,True,True,True,4.649416666666666,5.0120000000000005,1.7016613088816843,1.042,7.164,1.9734000000000003,3.66675,5.54875,6.5172,24,0,0,0,0.0,23.0,0,100.0,100.0,100.0,100.0,0,24,24,reported_gmt_minus_4_unconverted,1
2020-01-17,24,24,24,1.0,high,True,True,True,True,True,4.398291666666666,4.701,1.4586571394136179,1.69,6.483,2.5834,3.1635,5.74975,6.1145,24,0,0,0,0.0,23.0,0,100.0,100.0,100.0,100.0,0,24,24,reported_gmt_minus_4_unconverted,1
2020-01-18,24,24,24,1.0,high,True,True,True,True,True,3.998208333333333,3.702,1.45930707139491,1.695,6.165,2.4397,2.596,5.421749999999999,5.918,24,0,0,0,0.0,23.0,0,100.0,100.0,100.0,100.0,0,24,24,reported_gmt_minus_4_unconverted,1
2020-01-19,24,24,24,1.0,high,True,True,True,True,True,4.412375,4.1905,1.365516077389313,2.021,7.958,3.2382,3.81325,4.68025,6.3175,24,0,0,0,0.0,23.0,0,100.0,100.0,100.0,100.0,0,24,24,reported_gmt_minus_4_unconverted,1
2020-01-20,24,24,24,1.0,high,True,True,True,True,True,5.765916666666667,5.6145,1.0335695393894033,3.469,8.279,4.7646,5.168,6.312250000000001,7.0541,24,0,0,0,0.0,23.0,0,100.0,100.0,100.0,100.0,0,24,24,reported_gmt_minus_4_unconverted,1
2020-01-21,24,24,24,1.0,high,True,True,True,True,True,5.281125,5.1545000000000005,2.157231444568427,2.216,10.339,2.7572,3.416,6.917,7.828,24,0,0,0,0.0,23.0,0,100.0,100.0,100.0,100.0,0,24,24,reported_gmt_minus_4_unconverted,1
2020-01-22,24,24,24,1.0,high,True,True,True,True,True,6.000916666666666,5.7085,2.4639927815511617,2.127,11.198,2.7753,4.63225,6.62875,9.4418,24,0,0,0,0.0,23.0,0,100.0,100.0,100.0,100.0,0,24,24,reported_gmt_minus_4_unconverted,1
2020-01-23,24,24,20,0.833333,standard,True,True,True,True,False,5.62955,5.315,1.989877184123366,1.312,9.926,4.0892,4.593500000000001,6.6455,8.0802,20,4,0,0,0.0,23.0,4,0.0,100.0,83.33333333333333,100.0,4,20,20,reported_gmt_minus_4_unconverted,1
2020-01-24,24,24,24,1.0,high,True,True,True,True,True,5.141875,4.8004999999999995,1.2385884431568621,2.911,7.461,3.8214,4.43175,6.3004999999999995,6.8524,24,0,0,0,0.0,23.0,0,100.0,100.0,100.0,100.0,0,24,24,reported_gmt_minus_4_unconverted,1
2020-01-25,24,24,24,1.0,high,True,True,True,True,True,4.969375,4.8535,0.8031211838007793,3.699,6.334,3.9065999999999996,4.55275,5.55425,6.0948,24,0,0,0,0.0,23.0,0,100.0,100.0,100.0,100.0,0,24,24,reported_gmt_minus_4_unconverted,1
2020-01-26,24,24,24,1.0,high,True,True,True,True,True,3.201041666666667,3.0309999999999997,0.6496100153949669,2.325,4.685,2.544,2.7927500000000003,3.32675,4.145099999999999,24,0,0,0,0.0,23.0,0,100.0,100.0,100.0,100.0,0,24,24,reported_gmt_minus_4_unconverted,1
2020-01-27,24,24,24,1.0,high,True,True,True,True,True,4.034458333333333,3.069,2.1653946719120114,1.031,7.974,1.7083,2.6494999999999997,6.0515,7.1807,24,0,0,0,0.0,23.0,0,100.0,100.0,100.0,100.0,0,24,24,reported_gmt_minus_4_unconverted,1
2020-01-28,24,24,24,1.0,high,True,True,True,True,True,4.783041666666667,5.1505,0.9534970180371815,2.15,5.877,3.6790000000000003,4.577,5.3412500000000005,5.6151,24,0,0,0,0.0,23.0,0,100.0,100.0,100.0,100.0,0,24,24,reported_gmt_minus_4_unconverted,1
2020-01-29,24,24,24,1.0,high,True,True,True,True,True,3.2213333333333334,3.2915,1.1704391842628865,1.671,5.862,1.7346,2.16925,3.9685,4.6392,24,0,0,0,0.0,23.0,0,100.0,100.0,100.0,100.0,0,24,24,reported_gmt_minus_4_unconverted,1
2020-01-30,24,24,24,1.0,high,True,True,True,True,True,2.3454166666666665,2.1355,0.8544714571093013,1.434,5.303,1.8409,1.96025,2.2447500000000002,3.4799999999999995,24,0,0,0,0.0,23.0,0,100.0,100.0,100.0,100.0,0,24,24,reported_gmt_minus_4_unconverted,1
2020-01-31,24,24,24,1.0,high,True,True,True,True,True,2.2624583333333335,2.1665,0.5741285251629614,1.537,3.594,1.6715,1.7674999999999998,2.59575,3.0058,24,0,0,0,0.0,23.0,0,100.0,100.0,100.0,100.0,0,24,24,reported_gmt_minus_4_unconverted,1
2020-02-01,24,24,24,1.0,high,True,True,True,True,True,3.3039166666666664,3.2945,0.6805566083004773,1.92,5.16,2.4801,3.03025,3.65,4.007,24,0,0,0,0.0,23.0,0,100.0,100.0,100.0,100.0,0,24,24,reported_gmt_minus_4_unconverted,1
2020-02-02,24,24,24,1.0,high,True,True,True,True,True,2.8522083333333335,2.9314999999999998,0.3712939746073321,2.022,3.624,2.3881,2.6117500000000002,3.0735,3.1744,24,0,0,0,0.0,23.0,0,100.0,100.0,100.0,100.0,0,24,24,reported_gmt_minus_4_unconverted,1
2020-02-03,24,24,24,1.0,high,True,True,True,True,True,2.55725,2.463,0.46312175598816907,1.795,3.479,2.1061,2.23025,2.99925,3.1247,24,0,0,0,0.0,23.0,0,100.0,100.0,100.0,100.0,0,24,24,reported_gmt_minus_4_unconverted,1
2020-02-04,24,24,24,1.0,high,True,True,True,True,True,3.1042916666666662,2.501,1.243974293008769,1.571,5.353,1.8872,2.0785,3.92225,5.0704,24,0,0,0,0.0,23.0,0,100.0,100.0,100.0,100.0,0,24,24,reported_gmt_minus_4_unconverted,1
2020-02-05,24,24,24,1.0,high,True,True,True,True,True,2.126625,2.1945,0.6756579281482349,0.964,3.6,1.2177,1.80075,2.53475,2.8859999999999997,24,0,0,0,0.0,23.0,0,100.0,100.0,100.0,100.0,0,24,24,reported_gmt_minus_4_unconverted,1
2020-02-06,24,24,24,1.0,high,True,True,True,True,True,1.2151666666666665,1.0985,0.44483701623683786,0.675,2.804,0.854,0.92425,1.444,1.5191999999999999,24,0,0,0,0.0,23.0,0,100.0,100.0,100.0,100.0,0,24,24,reported_gmt_minus_4_unconverted,1
2020-02-07,24,24,24,1.0,high,True,True,True,True,True,2.4428750000000004,1.7885,1.2691255227089653,1.131,5.04,1.1869,1.35225,3.489,4.0059,24,0,0,0,0.0,23.0,0,100.0,100.0,100.0,100.0,0,24,24,reported_gmt_minus_4_unconverted,1
2020-02-08,24,24,24,1.0,high,True,True,True,True,True,8.256749999999998,8.069,3.1513100553924223,2.993,14.017,4.3509,5.9510000000000005,10.7295,12.469899999999999,24,0,0,0,0.0,23.0,0,100.0,100.0,100.0,100.0,0,24,24,reported_gmt_minus_4_unconverted,1
2020-02-09,24,24,24,1.0,high,True,True,True,True,True,10.5535,10.974499999999999,1.7937981564509862,6.055,13.005,8.4566,9.382,11.8195,12.666099999999998,24,0,0,0,0.0,23.0,0,100.0,100.0,100.0,100.0,0,24,24,reported_gmt_minus_4_unconverted,1
2020-02-10,24,24,24,1.0,high,True,True,True,True,True,10.419666666666666,10.4265,1.372246861638008,5.248,12.431,9.6491,10.03025,11.075,11.9432,24,0,0,0,0.0,23.0,0,100.0,100.0,100.0,100.0,0,24,24,reported_gmt_minus_4_unconverted,1
2020-02-11,24,24,1,0.041667,weak,False,False,False,False,False,12.433,12.433,,12.433,12.433,12.433,12.433,12.433,12.433,1,23,0,0,0.0,0.0,23,0.0,0.0,4.166666666666667,100.0,23,1,1,reported_gmt_minus_4_unconverted,1
2020-02-12,24,24,14,0.583333,partial,False,True,False,False,False,9.019714285714285,9.4405,1.374607884149089,6.44,11.105,6.9854,8.29825,9.84,10.4102,14,10,0,0,0.0,13.0,10,0.0,100.0,58.333333333333336,100.0,10,14,14,reported_gmt_minus_4_unconverted,1
2020-02-13,24,24,0,0.0,missing,False,False,False,False,False,,,,,,,,,,0,24,0,0,,,24,0.0,0.0,0.0,0.0,24,0,0,reported_gmt_minus_4_unconverted,1
2020-02-14,24,24,0,0.0,missing,False,False,False,False,False,,,,,,,,,,0,24,0,0,,,24,0.0,0.0,0.0,0.0,24,0,0,reported_gmt_minus_4_unconverted,1
2020-02-15,24,24,0,0.0,missing,False,False,False,False,False,,,,,,,,,,0,24,0,0,,,24,0.0,0.0,0.0,0.0,24,0,0,reported_gmt_minus_4_unconverted,1
2020-02-16,24,24,0,0.0,missing,False,False,False,False,False,,,,,,,,,,0,24,0,0,,,24,0.0,0.0,0.0,0.0,24,0,0,reported_gmt_minus_4_unconverted,1
2020-02-17,24,24,0,0.0,missing,False,False,False,False,False,,,,,,,,,,0,24,0,0,,,24,0.0,0.0,0.0,0.0,24,0,0,reported_gmt_minus_4_unconverted,1
2020-02-18,24,24,0,0.0,missing,False,False,False,False,False,,,,,,,,,,0,24,0,0,,,24,0.0,0.0,0.0,0.0,24,0,0,reported_gmt_minus_4_unconverted,1
2020-02-19,24,24,0,0.0,missing,False,False,False,False,False,,,,,,,,,,0,24,0,0,,,24,0.0,0.0,0.0,0.0,24,0,0,reported_gmt_minus_4_unconverted,1
2020-02-20,24,24,0,0.0,missing,False,False,False,False,False,,,,,,,,,,0,24,0,0,,,24,0.0,0.0,0.0,0.0,24,0,0,reported_gmt_minus_4_unconverted,1
2020-02-21,24,24,0,0.0,missing,False,False,False,False,False,,,,,,,,,,0,24,0,0,,,24,0.0,0.0,0.0,0.0,24,0,0,reported_gmt_minus_4_unconverted,1
2020-02-22,24,24,0,0.0,missing,False,False,False,False,False,,,,,,,,,,0,24,0,0,,,24,0.0,0.0,0.0,0.0,24,0,0,reported_gmt_minus_4_unconverted,1
2020-02-23,24,24,0,0.0,missing,False,False,False,False,False,,,,,,,,,,0,24,0,0,,,24,0.0,0.0,0.0,0.0,24,0,0,reported_gmt_minus_4_unconverted,1
2020-02-24,24,24,0,0.0,missing,False,False,False,False,False,,,,,,,,,,0,24,0,0,,,24,0.0,0.0,0.0,0.0,24,0,0,reported_gmt_minus_4_unconverted,1
2020-02-25,24,24,0,0.0,missing,False,False,False,False,False,,,,,,,,,,0,24,0,0,,,24,0.0,0.0,0.0,0.0,24,0,0,reported_gmt_minus_4_unconverted,1
2020-02-26,24,24,0,0.0,missing,False,False,False,False,False,,,,,,,,,,0,24,0,0,,,24,0.0,0.0,0.0,0.0,24,0,0,reported_gmt_minus_4_unconverted,1
2020-02-27,24,24,0,0.0,missing,False,False,False,False,False,,,,,,,,,,0,24,0,0,,,24,0.0,0.0,0.0,0.0,24,0,0,reported_gmt_minus_4_unconverted,1
2020-02-28,24,24,0,0.0,missing,False,False,False,False,False,,,,,,,,,,0,24,0,0,,,24,0.0,0.0,0.0,0.0,24,0,0,reported_gmt_minus_4_unconverted,1
2020-02-29,24,24,0,0.0,missing,False,False,False,False,False,,,,,,,,,,0,24,0,0,,,24,0.0,0.0,0.0,0.0,24,0,0,reported_gmt_minus_4_unconverted,1
2020-03-01,24,24,0,0.0,missing,False,False,False,False,False,,,,,,,,,,0,24,0,0,,,24,0.0,0.0,0.0,0.0,24,0,0,reported_gmt_minus_4_unconverted,1
2020-03-02,24,24,0,0.0,missing,False,False,False,False,False,,,,,,,,,,0,24,0,0,,,24,0.0,0.0,0.0,0.0,24,0,0,reported_gmt_minus_4_unconverted,1
2020-03-03,24,24,0,0.0,missing,False,False,False,False,False,,,,,,,,,,0,24,0,0,,,24,0.0,0.0,0.0,0.0,24,0,0,reported_gmt_minus_4_unconverted,1
2020-03-04,24,24,0,0.0,missing,False,False,False,False,False,,,,,,,,,,0,24,0,0,,,24,0.0,0.0,0.0,0.0,24,0,0,reported_gmt_minus_4_unconverted,1
2020-03-05,24,24,0,0.0,missing,False,False,False,False,False,,,,,,,,,,0,24,0,0,,,24,0.0,0.0,0.0,0.0,24,0,0,reported_gmt_minus_4_unconverted,1
2020-03-06,24,24,0,0.0,missing,False,False,False,False,False,,,,,,,,,,0,24,0,0,,,24,0.0,0.0,0.0,0.0,24,0,0,reported_gmt_minus_4_unconverted,1
2020-03-07,24,24,0,0.0,missing,False,False,False,False,False,,,,,,,,,,0,24,0,0,,,24,0.0,0.0,0.0,0.0,24,0,0,reported_gmt_minus_4_unconverted,1
2020-03-08,24,24,0,0.0,missing,False,False,False,False,False,,,,,,,,,,0,24,0,0,,,24,0.0,0.0,0.0,0.0,24,0,0,reported_gmt_minus_4_unconverted,1
2020-03-09,24,24,0,0.0,missing,False,False,False,False,False,,,,,,,,,,0,24,0,0,,,24,0.0,0.0,0.0,0.0,24,0,0,reported_gmt_minus_4_unconverted,1
2020-03-10,24,24,0,0.0,missing,False,False,False,False,False,,,,,,,,,,0,24,0,0,,,24,0.0,0.0,0.0,0.0,24,0,0,reported_gmt_minus_4_unconverted,1
2020-03-11,24,24,0,0.0,missing,False,False,False,False,False,,,,,,,,,,0,24,0,0,,,24,0.0,0.0,0.0,0.0,24,0,0,reported_gmt_minus_4_unconverted,1
2020-03-12,24,24,0,0.0,missing,False,False,False,False,False,,,,,,,,,,0,24,0,0,,,24,0.0,0.0,0.0,0.0,24,0,0,reported_gmt_minus_4_unconverted,1
2020-03-13,24,24,0,0.0,missing,False,False,False,False,False,,,,,,,,,,0,24,0,0,,,24,0.0,0.0,0.0,0.0,24,0,0,reported_gmt_minus_4_unconverted,1
2020-03-14,24,24,0,0.0,missing,False,False,False,False,False,,,,,,,,,,0,24,0,0,,,24,0.0,0.0,0.0,0.0,24,0,0,reported_gmt_minus_4_unconverted,1
2020-03-15,24,24,0,0.0,missing,False,False,False,False,False,,,,,,,,,,0,24,0,0,,,24,0.0,0.0,0.0,0.0,24,0,0,reported_gmt_minus_4_unconverted,1
2020-03-16,24,24,0,0.0,missing,False,False,False,False,False,,,,,,,,,,0,24,0,0,,,24,0.0,0.0,0.0,0.0,24,0,0,reported_gmt_minus_4_unconverted,1
2020-03-17,24,24,0,0.0,missing,False,False,False,False,False,,,,,,,,,,0,24,0,0,,,24,0.0,0.0,0.0,0.0,24,0,0,reported_gmt_minus_4_unconverted,1
2020-03-18,24,24,0,0.0,missing,False,False,False,False,False,,,,,,,,,,0,24,0,0,,,24,0.0,0.0,0.0,0.0,24,0,0,reported_gmt_minus_4_unconverted,1
2020-03-19,24,24,0,0.0,missing,False,False,False,False,False,,,,,,,,,,0,24,0,0,,,24,0.0,0.0,0.0,0.0,24,0,0,reported_gmt_minus_4_unconverted,1
2020-03-20,24,24,0,0.0,missing,False,False,False,False,False,,,,,,,,,,0,24,0,0,,,24,0.0,0.0,0.0,0.0,24,0,0,reported_gmt_minus_4_unconverted,1
2020-03-21,24,24,0,0.0,missing,False,False,False,False,False,,,,,,,,,,0,24,0,0,,,24,0.0,0.0,0.0,0.0,24,0,0,reported_gmt_minus_4_unconverted,1
2020-03-22,24,24,0,0.0,missing,False,False,False,False,False,,,,,,,,,,0,24,0,0,,,24,0.0,0.0,0.0,0.0,24,0,0,reported_gmt_minus_4_unconverted,1
2020-03-23,24,24,0,0.0,missing,False,False,False,False,False,,,,,,,,,,0,24,0,0,,,24,0.0,0.0,0.0,0.0,24,0,0,reported_gmt_minus_4_unconverted,1
2020-03-24,24,24,0,0.0,missing,False,False,False,False,False,,,,,,,,,,0,24,0,0,,,24,0.0,0.0,0.0,0.0,24,0,0,reported_gmt_minus_4_unconverted,1
2020-03-25,24,24,0,0.0,missing,False,False,False,False,False,,,,,,,,,,0,24,0,0,,,24,0.0,0.0,0.0,0.0,24,0,0,reported_gmt_minus_4_unconverted,1
2020-03-26,24,24,0,0.0,missing,False,False,False,False,False,,,,,,,,,,0,24,0,0,,,24,0.0,0.0,0.0,0.0,24,0,0,reported_gmt_minus_4_unconverted,1
2020-03-27,24,24,0,0.0,missing,False,False,False,False,False,,,,,,,,,,0,24,0,0,,,24,0.0,0.0,0.0,0.0,24,0,0,reported_gmt_minus_4_unconverted,1
2020-03-28,24,24,0,0.0,missing,False,False,False,False,False,,,,,,,,,,0,24,0,0,,,24,0.0,0.0,0.0,0.0,24,0,0,reported_gmt_minus_4_unconverted,1
2020-03-29,24,24,0,0.0,missing,False,False,False,False,False,,,,,,,,,,0,24,0,0,,,24,0.0,0.0,0.0,0.0,24,0,0,reported_gmt_minus_4_unconverted,1
2020-03-30,24,24,0,0.0,missing,False,False,False,False,False,,,,,,,,,,0,24,0,0,,,24,0.0,0.0,0.0,0.0,24,0,0,reported_gmt_minus_4_unconverted,1
2020-03-31,24,24,0,0.0,missing,False,False,False,False,False,,,,,,,,,,0,24,0,0,,,24,0.0,0.0,0.0,0.0,24,0,0,reported_gmt_minus_4_unconverted,1
2020-04-01,24,24,0,0.0,missing,False,False,False,False,False,,,,,,,,,,0,24,0,0,,,24,0.0,0.0,0.0,0.0,24,0,0,reported_gmt_minus_4_unconverted,1
2020-04-02,24,24,0,0.0,missing,False,False,False,False,False,,,,,,,,,,0,24,0,0,,,24,0.0,0.0,0.0,0.0,24,0,0,reported_gmt_minus_4_unconverted,1
2020-04-03,24,24,0,0.0,missing,False,False,False,False,False,,,,,,,,,,0,24,0,0,,,24,0.0,0.0,0.0,0.0,24,0,0,reported_gmt_minus_4_unconverted,1
2020-04-04,24,24,0,0.0,missing,False,False,False,False,False,,,,,,,,,,0,24,0,0,,,24,0.0,0.0,0.0,0.0,24,0,0,reported_gmt_minus_4_unconverted,1
2020-04-05,24,24,0,0.0,missing,False,False,False,False,False,,,,,,,,,,0,24,0,0,,,24,0.0,0.0,0.0,0.0,24,0,0,reported_gmt_minus_4_unconverted,1
2020-04-06,24,24,0,0.0,missing,False,False,False,False,False,,,,,,,,,,0,24,0,0,,,24,0.0,0.0,0.0,0.0,24,0,0,reported_gmt_minus_4_unconverted,1
2020-04-07,24,24,0,0.0,missing,False,False,False,False,False,,,,,,,,,,0,24,0,0,,,24,0.0,0.0,0.0,0.0,24,0,0,reported_gmt_minus_4_unconverted,1
2020-04-08,24,24,0,0.0,missing,False,False,False,False,False,,,,,,,,,,0,24,0,0,,,24,0.0,0.0,0.0,0.0,24,0,0,reported_gmt_minus_4_unconverted,1
2020-04-09,24,24,0,0.0,missing,False,False,False,False,False,,,,,,,,,,0,24,0,0,,,24,0.0,0.0,0.0,0.0,24,0,0,reported_gmt_minus_4_unconverted,1
2020-04-10,24,24,0,0.0,missing,False,False,False,False,False,,,,,,,,,,0,24,0,0,,,24,0.0,0.0,0.0,0.0,24,0,0,reported_gmt_minus_4_unconverted,1
2020-04-11,24,24,0,0.0,missing,False,False,False,False,False,,,,,,,,,,0,24,0,0,,,24,0.0,0.0,0.0,0.0,24,0,0,reported_gmt_minus_4_unconverted,1
2020-04-12,24,24,0,0.0,missing,False,False,False,False,False,,,,,,,,,,0,24,0,0,,,24,0.0,0.0,0.0,0.0,24,0,0,reported_gmt_minus_4_unconverted,1
2020-04-13,24,24,0,0.0,missing,False,False,False,False,False,,,,,,,,,,0,24,0,0,,,24,0.0,0.0,0.0,0.0,24,0,0,reported_gmt_minus_4_unconverted,1
2020-04-14,24,24,0,0.0,missing,False,False,False,False,False,,,,,,,,,,0,24,0,0,,,24,0.0,0.0,0.0,0.0,24,0,0,reported_gmt_minus_4_unconverted,1
2020-04-15,24,24,0,0.0,missing,False,False,False,False,False,,,,,,,,,,0,24,0,0,,,24,0.0,0.0,0.0,0.0,24,0,0,reported_gmt_minus_4_unconverted,1
2020-04-16,24,24,0,0.0,missing,False,False,False,False,False,,,,,,,,,,0,24,0,0,,,24,0.0,0.0,0.0,0.0,24,0,0,reported_gmt_minus_4_unconverted,1
2020-04-17,24,24,0,0.0,missing,False,False,False,False,False,,,,,,,,,,0,24,0,0,,,24,0.0,0.0,0.0,0.0,24,0,0,reported_gmt_minus_4_unconverted,1
2020-04-18,24,24,0,0.0,missing,False,False,False,False,False,,,,,,,,,,0,24,0,0,,,24,0.0,0.0,0.0,0.0,24,0,0,reported_gmt_minus_4_unconverted,1
2020-04-19,24,24,0,0.0,missing,False,False,False,False,False,,,,,,,,,,0,24,0,0,,,24,0.0,0.0,0.0,0.0,24,0,0,reported_gmt_minus_4_unconverted,1
2020-04-20,24,24,0,0.0,missing,False,False,False,False,False,,,,,,,,,,0,24,0,0,,,24,0.0,0.0,0.0,0.0,24,0,0,reported_gmt_minus_4_unconverted,1
2020-04-21,24,24,0,0.0,missing,False,False,False,False,False,,,,,,,,,,0,24,0,0,,,24,0.0,0.0,0.0,0.0,24,0,0,reported_gmt_minus_4_unconverted,1
2020-04-22,24,24,0,0.0,missing,False,False,False,False,False,,,,,,,,,,0,24,0,0,,,24,0.0,0.0,0.0,0.0,24,0,0,reported_gmt_minus_4_unconverted,1
2020-04-23,24,24,0,0.0,missing,False,False,False,False,False,,,,,,,,,,0,24,0,0,,,24,0.0,0.0,0.0,0.0,24,0,0,reported_gmt_minus_4_unconverted,1
2020-04-24,24,24,0,0.0,missing,False,False,False,False,False,,,,,,,,,,0,24,0,0,,,24,0.0,0.0,0.0,0.0,24,0,0,reported_gmt_minus_4_unconverted,1
2020-04-25,24,24,0,0.0,missing,False,False,False,False,False,,,,,,,,,,0,24,0,0,,,24,0.0,0.0,0.0,0.0,24,0,0,reported_gmt_minus_4_unconverted,1
2020-04-26,24,24,0,0.0,missing,False,False,False,False,False,,,,,,,,,,0,24,0,0,,,24,0.0,0.0,0.0,0.0,24,0,0,reported_gmt_minus_4_unconverted,1
2020-04-27,24,24,0,0.0,missing,False,False,False,False,False,,,,,,,,,,0,24,0,0,,,24,0.0,0.0,0.0,0.0,24,0,0,reported_gmt_minus_4_unconverted,1
2020-04-28,24,24,0,0.0,missing,False,False,False,False,False,,,,,,,,,,0,24,0,0,,,24,0.0,0.0,0.0,0.0,24,0,0,reported_gmt_minus_4_unconverted,1
2020-04-29,24,24,0,0.0,missing,False,False,False,False,False,,,,,,,,,,0,24,0,0,,,24,0.0,0.0,0.0,0.0,24,0,0,reported_gmt_minus_4_unconverted,1
2020-04-30,24,24,0,0.0,missing,False,False,False,False,False,,,,,,,,,,0,24,0,0,,,24,0.0,0.0,0.0,0.0,24,0,0,reported_gmt_minus_4_unconverted,1
2020-05-01,24,24,0,0.0,missing,False,False,False,False,False,,,,,,,,,,0,24,0,0,,,24,0.0,0.0,0.0,0.0,24,0,0,reported_gmt_minus_4_unconverted,1
2020-05-02,24,24,0,0.0,missing,False,False,False,False,False,,,,,,,,,,0,24,0,0,,,24,0.0,0.0,0.0,0.0,24,0,0,reported_gmt_minus_4_unconverted,1
2020-05-03,24,24,0,0.0,missing,False,False,False,False,False,,,,,,,,,,0,24,0,0,,,24,0.0,0.0,0.0,0.0,24,0,0,reported_gmt_minus_4_unconverted,1
2020-05-04,24,24,0,0.0,missing,False,False,False,False,False,,,,,,,,,,0,24,0,0,,,24,0.0,0.0,0.0,0.0,24,0,0,reported_gmt_minus_4_unconverted,1
2020-05-05,24,24,0,0.0,missing,False,False,False,False,False,,,,,,,,,,0,24,0,0,,,24,0.0,0.0,0.0,0.0,24,0,0,reported_gmt_minus_4_unconverted,1
2020-05-06,24,24,0,0.0,missing,False,False,False,False,False,,,,,,,,,,0,24,0,0,,,24,0.0,0.0,0.0,0.0,24,0,0,reported_gmt_minus_4_unconverted,1
2020-05-07,24,24,0,0.0,missing,False,False,False,False,False,,,,,,,,,,0,24,0,0,,,24,0.0,0.0,0.0,0.0,24,0,0,reported_gmt_minus_4_unconverted,1
2020-05-08,24,24,0,0.0,missing,False,False,False,False,False,,,,,,,,,,0,24,0,0,,,24,0.0,0.0,0.0,0.0,24,0,0,reported_gmt_minus_4_unconverted,1
2020-05-09,24,24,0,0.0,missing,False,False,False,False,False,,,,,,,,,,0,24,0,0,,,24,0.0,0.0,0.0,0.0,24,0,0,reported_gmt_minus_4_unconverted,1
2020-05-10,24,24,0,0.0,missing,False,False,False,False,False,,,,,,,,,,0,24,0,0,,,24,0.0,0.0,0.0,0.0,24,0,0,reported_gmt_minus_4_unconverted,1
2020-05-11,24,24,0,0.0,missing,False,False,False,False,False,,,,,,,,,,0,24,0,0,,,24,0.0,0.0,0.0,0.0,24,0,0,reported_gmt_minus_4_unconverted,1
2020-05-12,24,24,0,0.0,missing,False,False,False,False,False,,,,,,,,,,0,24,0,0,,,24,0.0,0.0,0.0,0.0,24,0,0,reported_gmt_minus_4_unconverted,1
2020-05-13,24,24,0,0.0,missing,False,False,False,False,False,,,,,,,,,,0,24,0,0,,,24,0.0,0.0,0.0,0.0,24,0,0,reported_gmt_minus_4_unconverted,1
2020-05-14,24,24,0,0.0,missing,False,False,False,False,False,,,,,,,,,,0,24,0,0,,,24,0.0,0.0,0.0,0.0,24,0,0,reported_gmt_minus_4_unconverted,1
2020-05-15,24,24,0,0.0,missing,False,False,False,False,False,,,,,,,,,,0,24,0,0,,,24,0.0,0.0,0.0,0.0,24,0,0,reported_gmt_minus_4_unconverted,1
2020-05-16,24,24,0,0.0,missing,False,False,False,False,False,,,,,,,,,,0,24,0,0,,,24,0.0,0.0,0.0,0.0,24,0,0,reported_gmt_minus_4_unconverted,1
2020-05-17,24,24,0,0.0,missing,False,False,False,False,False,,,,,,,,,,0,24,0,0,,,24,0.0,0.0,0.0,0.0,24,0,0,reported_gmt_minus_4_unconverted,1
2020-05-18,24,24,0,0.0,missing,False,False,False,False,False,,,,,,,,,,0,24,0,0,,,24,0.0,0.0,0.0,0.0,24,0,0,reported_gmt_minus_4_unconverted,1
2020-05-19,24,24,0,0.0,missing,False,False,False,False,False,,,,,,,,,,0,24,0,0,,,24,0.0,0.0,0.0,0.0,24,0,0,reported_gmt_minus_4_unconverted,1
2020-05-20,24,24,0,0.0,missing,False,False,False,False,False,,,,,,,,,,0,24,0,0,,,24,0.0,0.0,0.0,0.0,24,0,0,reported_gmt_minus_4_unconverted,1
2020-05-21,24,24,0,0.0,missing,False,False,False,False,False,,,,,,,,,,0,24,0,0,,,24,0.0,0.0,0.0,0.0,24,0,0,reported_gmt_minus_4_unconverted,1
2020-05-22,24,24,0,0.0,missing,False,False,False,False,False,,,,,,,,,,0,24,0,0,,,24,0.0,0.0,0.0,0.0,24,0,0,reported_gmt_minus_4_unconverted,1
2020-05-23,24,24,0,0.0,missing,False,False,False,False,False,,,,,,,,,,0,24,0,0,,,24,0.0,0.0,0.0,0.0,24,0,0,reported_gmt_minus_4_unconverted,1
2020-05-24,24,24,0,0.0,missing,False,False,False,False,False,,,,,,,,,,0,24,0,0,,,24,0.0,0.0,0.0,0.0,24,0,0,reported_gmt_minus_4_unconverted,1
2020-05-25,24,24,0,0.0,missing,False,False,False,False,False,,,,,,,,,,0,24,0,0,,,24,0.0,0.0,0.0,0.0,24,0,0,reported_gmt_minus_4_unconverted,1
2020-05-26,24,24,0,0.0,missing,False,False,False,False,False,,,,,,,,,,0,24,0,0,,,24,0.0,0.0,0.0,0.0,24,0,0,reported_gmt_minus_4_unconverted,1
2020-05-27,24,24,0,0.0,missing,False,False,False,False,False,,,,,,,,,,0,24,0,0,,,24,0.0,0.0,0.0,0.0,24,0,0,reported_gmt_minus_4_unconverted,1
2020-05-28,24,24,0,0.0,missing,False,False,False,False,False,,,,,,,,,,0,24,0,0,,,24,0.0,0.0,0.0,0.0,24,0,0,reported_gmt_minus_4_unconverted,1
2020-05-29,24,24,0,0.0,missing,False,False,False,False,False,,,,,,,,,,0,24,0,0,,,24,0.0,0.0,0.0,0.0,24,0,0,reported_gmt_minus_4_unconverted,1
2020-05-30,24,24,0,0.0,missing,False,False,False,False,False,,,,,,,,,,0,24,0,0,,,24,0.0,0.0,0.0,0.0,24,0,0,reported_gmt_minus_4_unconverted,1
2020-05-31,24,24,0,0.0,missing,False,False,False,False,False,,,,,,,,,,0,24,0,0,,,24,0.0,0.0,0.0,0.0,24,0,0,reported_gmt_minus_4_unconverted,1
2020-06-01,24,24,0,0.0,missing,False,False,False,False,False,,,,,,,,,,0,24,0,0,,,24,0.0,0.0,0.0,0.0,24,0,0,reported_gmt_minus_4_unconverted,1
2020-06-02,24,24,0,0.0,missing,False,False,False,False,False,,,,,,,,,,0,24,0,0,,,24,0.0,0.0,0.0,0.0,24,0,0,reported_gmt_minus_4_unconverted,1
2020-06-03,24,24,0,0.0,missing,False,False,False,False,False,,,,,,,,,,0,24,0,0,,,24,0.0,0.0,0.0,0.0,24,0,0,reported_gmt_minus_4_unconverted,1
2020-06-04,24,24,0,0.0,missing,False,False,False,False,False,,,,,,,,,,0,24,0,0,,,24,0.0,0.0,0.0,0.0,24,0,0,reported_gmt_minus_4_unconverted,1
2020-06-05,24,24,0,0.0,missing,False,False,False,False,False,,,,,,,,,,0,24,0,0,,,24,0.0,0.0,0.0,0.0,24,0,0,reported_gmt_minus_4_unconverted,1
2020-06-06,24,24,0,0.0,missing,False,False,False,False,False,,,,,,,,,,0,24,0,0,,,24,0.0,0.0,0.0,0.0,24,0,0,reported_gmt_minus_4_unconverted,1
2020-06-07,24,24,0,0.0,missing,False,False,False,False,False,,,,,,,,,,0,24,0,0,,,24,0.0,0.0,0.0,0.0,24,0,0,reported_gmt_minus_4_unconverted,1
2020-06-08,24,24,0,0.0,missing,False,False,False,False,False,,,,,,,,,,0,24,0,0,,,24,0.0,0.0,0.0,0.0,24,0,0,reported_gmt_minus_4_unconverted,1
2020-06-09,24,24,0,0.0,missing,False,False,False,False,False,,,,,,,,,,0,24,0,0,,,24,0.0,0.0,0.0,0.0,24,0,0,reported_gmt_minus_4_unconverted,1
2020-06-10,24,24,0,0.0,missing,False,False,False,False,False,,,,,,,,,,0,24,0,0,,,24,0.0,0.0,0.0,0.0,24,0,0,reported_gmt_minus_4_unconverted,1
2020-06-11,24,24,0,0.0,missing,False,False,False,False,False,,,,,,,,,,0,24,0,0,,,24,0.0,0.0,0.0,0.0,24,0,0,reported_gmt_minus_4_unconverted,1
2020-06-12,24,24,0,0.0,missing,False,False,False,False,False,,,,,,,,,,0,24,0,0,,,24,0.0,0.0,0.0,0.0,24,0,0,reported_gmt_minus_4_unconverted,1
2020-06-13,24,24,0,0.0,missing,False,False,False,False,False,,,,,,,,,,0,24,0,0,,,24,0.0,0.0,0.0,0.0,24,0,0,reported_gmt_minus_4_unconverted,1
2020-06-14,24,24,0,0.0,missing,False,False,False,False,False,,,,,,,,,,0,24,0,0,,,24,0.0,0.0,0.0,0.0,24,0,0,reported_gmt_minus_4_unconverted,1
2020-06-15,24,24,0,0.0,missing,False,False,False,False,False,,,,,,,,,,0,24,0,0,,,24,0.0,0.0,0.0,0.0,24,0,0,reported_gmt_minus_4_unconverted,1
2020-06-16,24,24,0,0.0,missing,False,False,False,False,False,,,,,,,,,,0,24,0,0,,,24,0.0,0.0,0.0,0.0,24,0,0,reported_gmt_minus_4_unconverted,1
2020-06-17,24,24,0,0.0,missing,False,False,False,False,False,,,,,,,,,,0,24,0,0,,,24,0.0,0.0,0.0,0.0,24,0,0,reported_gmt_minus_4_unconverted,1
2020-06-18,24,24,0,0.0,missing,False,False,False,False,False,,,,,,,,,,0,24,0,0,,,24,0.0,0.0,0.0,0.0,24,0,0,reported_gmt_minus_4_unconverted,1
2020-06-19,24,24,0,0.0,missing,False,False,False,False,False,,,,,,,,,,0,24,0,0,,,24,0.0,0.0,0.0,0.0,24,0,0,reported_gmt_minus_4_unconverted,1
2020-06-20,24,24,0,0.0,missing,False,False,False,False,False,,,,,,,,,,0,24,0,0,,,24,0.0,0.0,0.0,0.0,24,0,0,reported_gmt_minus_4_unconverted,1
2020-06-21,24,24,0,0.0,missing,False,False,False,False,False,,,,,,,,,,0,24,0,0,,,24,0.0,0.0,0.0,0.0,24,0,0,reported_gmt_minus_4_unconverted,1
2020-06-22,24,24,0,0.0,missing,False,False,False,False,False,,,,,,,,,,0,24,0,0,,,24,0.0,0.0,0.0,0.0,24,0,0,reported_gmt_minus_4_unconverted,1
2020-06-23,24,24,0,0.0,missing,False,False,False,False,False,,,,,,,,,,0,24,0,0,,,24,0.0,0.0,0.0,0.0,24,0,0,reported_gmt_minus_4_unconverted,1
2020-06-24,24,24,0,0.0,missing,False,False,False,False,False,,,,,,,,,,0,24,0,0,,,24,0.0,0.0,0.0,0.0,24,0,0,reported_gmt_minus_4_unconverted,1
2020-06-25,24,24,0,0.0,missing,False,False,False,False,False,,,,,,,,,,0,24,0,0,,,24,0.0,0.0,0.0,0.0,24,0,0,reported_gmt_minus_4_unconverted,1
2020-06-26,24,24,0,0.0,missing,False,False,False,False,False,,,,,,,,,,0,24,0,0,,,24,0.0,0.0,0.0,0.0,24,0,0,reported_gmt_minus_4_unconverted,1
2020-06-27,24,24,0,0.0,missing,False,False,False,False,False,,,,,,,,,,0,24,0,0,,,24,0.0,0.0,0.0,0.0,24,0,0,reported_gmt_minus_4_unconverted,1
2020-06-28,24,24,0,0.0,missing,False,False,False,False,False,,,,,,,,,,0,24,0,0,,,24,0.0,0.0,0.0,0.0,24,0,0,reported_gmt_minus_4_unconverted,1
2020-06-29,24,24,0,0.0,missing,False,False,False,False,False,,,,,,,,,,0,24,0,0,,,24,0.0,0.0,0.0,0.0,24,0,0,reported_gmt_minus_4_unconverted,1
2020-06-30,24,24,0,0.0,missing,False,False,False,False,False,,,,,,,,,,0,24,0,0,,,24,0.0,0.0,0.0,0.0,24,0,0,reported_gmt_minus_4_unconverted,1
2020-07-01,24,24,0,0.0,missing,False,False,False,False,False,,,,,,,,,,0,24,0,0,,,24,0.0,0.0,0.0,0.0,24,0,0,reported_gmt_minus_4_unconverted,1
2020-07-02,24,24,0,0.0,missing,False,False,False,False,False,,,,,,,,,,0,24,0,0,,,24,0.0,0.0,0.0,0.0,24,0,0,reported_gmt_minus_4_unconverted,1
2020-07-03,24,24,0,0.0,missing,False,False,False,False,False,,,,,,,,,,0,24,0,0,,,24,0.0,0.0,0.0,0.0,24,0,0,reported_gmt_minus_4_unconverted,1
2020-07-04,24,24,0,0.0,missing,False,False,False,False,False,,,,,,,,,,0,24,0,0,,,24,0.0,0.0,0.0,0.0,24,0,0,reported_gmt_minus_4_unconverted,1
2020-07-05,24,24,0,0.0,missing,False,False,False,False,False,,,,,,,,,,0,24,0,0,,,24,0.0,0.0,0.0,0.0,24,0,0,reported_gmt_minus_4_unconverted,1
2020-07-06,24,24,0,0.0,missing,False,False,False,False,False,,,,,,,,,,0,24,0,0,,,24,0.0,0.0,0.0,0.0,24,0,0,reported_gmt_minus_4_unconverted,1
2020-07-07,24,24,0,0.0,missing,False,False,False,False,False,,,,,,,,,,0,24,0,0,,,24,0.0,0.0,0.0,0.0,24,0,0,reported_gmt_minus_4_unconverted,1
2020-07-08,24,24,0,0.0,missing,False,False,False,False,False,,,,,,,,,,0,24,0,0,,,24,0.0,0.0,0.0,0.0,24,0,0,reported_gmt_minus_4_unconverted,1
2020-07-09,24,24,0,0.0,missing,False,False,False,False,False,,,,,,,,,,0,24,0,0,,,24,0.0,0.0,0.0,0.0,24,0,0,reported_gmt_minus_4_unconverted,1
2020-07-10,24,24,0,0.0,missing,False,False,False,False,False,,,,,,,,,,0,24,0,0,,,24,0.0,0.0,0.0,0.0,24,0,0,reported_gmt_minus_4_unconverted,1
2020-07-11,24,24,0,0.0,missing,False,False,False,False,False,,,,,,,,,,0,24,0,0,,,24,0.0,0.0,0.0,0.0,24,0,0,reported_gmt_minus_4_unconverted,1
2020-07-12,24,24,0,0.0,missing,False,False,False,False,False,,,,,,,,,,0,24,0,0,,,24,0.0,0.0,0.0,0.0,24,0,0,reported_gmt_minus_4_unconverted,1
2020-07-13,24,24,0,0.0,missing,False,False,False,False,False,,,,,,,,,,0,24,0,0,,,24,0.0,0.0,0.0,0.0,24,0,0,reported_gmt_minus_4_unconverted,1
2020-07-14,24,24,0,0.0,missing,False,False,False,False,False,,,,,,,,,,0,24,0,0,,,24,0.0,0.0,0.0,0.0,24,0,0,reported_gmt_minus_4_unconverted,1
2020-07-15,24,24,0,0.0,missing,False,False,False,False,False,,,,,,,,,,0,24,0,0,,,24,0.0,0.0,0.0,0.0,24,0,0,reported_gmt_minus_4_unconverted,1
2020-07-16,24,24,0,0.0,missing,False,False,False,False,False,,,,,,,,,,0,24,0,0,,,24,0.0,0.0,0.0,0.0,24,0,0,reported_gmt_minus_4_unconverted,1
2020-07-17,24,24,0,0.0,missing,False,False,False,False,False,,,,,,,,,,0,24,0,0,,,24,0.0,0.0,0.0,0.0,24,0,0,reported_gmt_minus_4_unconverted,1
2020-07-18,24,24,0,0.0,missing,False,False,False,False,False,,,,,,,,,,0,24,0,0,,,24,0.0,0.0,0.0,0.0,24,0,0,reported_gmt_minus_4_unconverted,1
2020-07-19,24,24,0,0.0,missing,False,False,False,False,False,,,,,,,,,,0,24,0,0,,,24,0.0,0.0,0.0,0.0,24,0,0,reported_gmt_minus_4_unconverted,1
2020-07-20,24,24,0,0.0,missing,False,False,False,False,False,,,,,,,,,,0,24,0,0,,,24,0.0,0.0,0.0,0.0,24,0,0,reported_gmt_minus_4_unconverted,1
2020-07-21,24,24,0,0.0,missing,False,False,False,False,False,,,,,,,,,,0,24,0,0,,,24,0.0,0.0,0.0,0.0,24,0,0,reported_gmt_minus_4_unconverted,1
2020-07-22,24,24,0,0.0,missing,False,False,False,False,False,,,,,,,,,,0,24,0,0,,,24,0.0,0.0,0.0,0.0,24,0,0,reported_gmt_minus_4_unconverted,1
2020-07-23,24,24,0,0.0,missing,False,False,False,False,False,,,,,,,,,,0,24,0,0,,,24,0.0,0.0,0.0,0.0,24,0,0,reported_gmt_minus_4_unconverted,1
2020-07-24,24,24,0,0.0,missing,False,False,False,False,False,,,,,,,,,,0,24,0,0,,,24,0.0,0.0,0.0,0.0,24,0,0,reported_gmt_minus_4_unconverted,1
2020-07-25,24,24,0,0.0,missing,False,False,False,False,False,,,,,,,,,,0,24,0,0,,,24,0.0,0.0,0.0,0.0,24,0,0,reported_gmt_minus_4_unconverted,1
2020-07-26,24,24,0,0.0,missing,False,False,False,False,False,,,,,,,,,,0,24,0,0,,,24,0.0,0.0,0.0,0.0,24,0,0,reported_gmt_minus_4_unconverted,1
2020-07-27,24,24,0,0.0,missing,False,False,False,False,False,,,,,,,,,,0,24,0,0,,,24,0.0,0.0,0.0,0.0,24,0,0,reported_gmt_minus_4_unconverted,1
2020-07-28,24,24,0,0.0,missing,False,False,False,False,False,,,,,,,,,,0,24,0,0,,,24,0.0,0.0,0.0,0.0,24,0,0,reported_gmt_minus_4_unconverted,1
2020-07-29,24,24,0,0.0,missing,False,False,False,False,False,,,,,,,,,,0,24,0,0,,,24,0.0,0.0,0.0,0.0,24,0,0,reported_gmt_minus_4_unconverted,1
2020-07-30,24,24,0,0.0,missing,False,False,False,False,False,,,,,,,,,,0,24,0,0,,,24,0.0,0.0,0.0,0.0,24,0,0,reported_gmt_minus_4_unconverted,1
2020-07-31,24,24,0,0.0,missing,False,False,False,False,False,,,,,,,,,,0,24,0,0,,,24,0.0,0.0,0.0,0.0,24,0,0,reported_gmt_minus_4_unconverted,1
2020-08-01,24,24,0,0.0,missing,False,False,False,False,False,,,,,,,,,,0,24,0,0,,,24,0.0,0.0,0.0,0.0,24,0,0,reported_gmt_minus_4_unconverted,1
2020-08-02,24,24,0,0.0,missing,False,False,False,False,False,,,,,,,,,,0,24,0,0,,,24,0.0,0.0,0.0,0.0,24,0,0,reported_gmt_minus_4_unconverted,1
2020-08-03,24,24,0,0.0,missing,False,False,False,False,False,,,,,,,,,,0,24,0,0,,,24,0.0,0.0,0.0,0.0,24,0,0,reported_gmt_minus_4_unconverted,1
2020-08-04,24,24,0,0.0,missing,False,False,False,False,False,,,,,,,,,,0,24,0,0,,,24,0.0,0.0,0.0,0.0,24,0,0,reported_gmt_minus_4_unconverted,1
2020-08-05,24,24,0,0.0,missing,False,False,False,False,False,,,,,,,,,,0,24,0,0,,,24,0.0,0.0,0.0,0.0,24,0,0,reported_gmt_minus_4_unconverted,1
2020-08-06,24,24,0,0.0,missing,False,False,False,False,False,,,,,,,,,,0,24,0,0,,,24,0.0,0.0,0.0,0.0,24,0,0,reported_gmt_minus_4_unconverted,1
2020-08-07,24,24,0,0.0,missing,False,False,False,False,False,,,,,,,,,,0,24,0,0,,,24,0.0,0.0,0.0,0.0,24,0,0,reported_gmt_minus_4_unconverted,1
2020-08-08,24,24,0,0.0,missing,False,False,False,False,False,,,,,,,,,,0,24,0,0,,,24,0.0,0.0,0.0,0.0,24,0,0,reported_gmt_minus_4_unconverted,1
2020-08-09,24,24,0,0.0,missing,False,False,False,False,False,,,,,,,,,,0,24,0,0,,,24,0.0,0.0,0.0,0.0,24,0,0,reported_gmt_minus_4_unconverted,1
2020-08-10,24,24,0,0.0,missing,False,False,False,False,False,,,,,,,,,,0,24,0,0,,,24,0.0,0.0,0.0,0.0,24,0,0,reported_gmt_minus_4_unconverted,1
2020-08-11,24,24,0,0.0,missing,False,False,False,False,False,,,,,,,,,,0,24,0,0,,,24,0.0,0.0,0.0,0.0,24,0,0,reported_gmt_minus_4_unconverted,1
2020-08-12,24,24,0,0.0,missing,False,False,False,False,False,,,,,,,,,,0,24,0,0,,,24,0.0,0.0,0.0,0.0,24,0,0,reported_gmt_minus_4_unconverted,1
2020-08-13,24,24,0,0.0,missing,False,False,False,False,False,,,,,,,,,,0,24,0,0,,,24,0.0,0.0,0.0,0.0,24,0,0,reported_gmt_minus_4_unconverted,1
2020-08-14,24,24,0,0.0,missing,False,False,False,False,False,,,,,,,,,,0,24,0,0,,,24,0.0,0.0,0.0,0.0,24,0,0,reported_gmt_minus_4_unconverted,1
2020-08-15,24,24,0,0.0,missing,False,False,False,False,False,,,,,,,,,,0,24,0,0,,,24,0.0,0.0,0.0,0.0,24,0,0,reported_gmt_minus_4_unconverted,1
2020-08-16,24,24,0,0.0,missing,False,False,False,False,False,,,,,,,,,,0,24,0,0,,,24,0.0,0.0,0.0,0.0,24,0,0,reported_gmt_minus_4_unconverted,1
2020-08-17,24,24,0,0.0,missing,False,False,False,False,False,,,,,,,,,,0,24,0,0,,,24,0.0,0.0,0.0,0.0,24,0,0,reported_gmt_minus_4_unconverted,1
2020-08-18,24,24,0,0.0,missing,False,False,False,False,False,,,,,,,,,,0,24,0,0,,,24,0.0,0.0,0.0,0.0,24,0,0,reported_gmt_minus_4_unconverted,1
2020-08-19,24,24,0,0.0,missing,False,False,False,False,False,,,,,,,,,,0,24,0,0,,,24,0.0,0.0,0.0,0.0,24,0,0,reported_gmt_minus_4_unconverted,1
2020-08-20,24,24,0,0.0,missing,False,False,False,False,False,,,,,,,,,,0,24,0,0,,,24,0.0,0.0,0.0,0.0,24,0,0,reported_gmt_minus_4_unconverted,1
2020-08-21,24,24,0,0.0,missing,False,False,False,False,False,,,,,,,,,,0,24,0,0,,,24,0.0,0.0,0.0,0.0,24,0,0,reported_gmt_minus_4_unconverted,1
2020-08-22,24,24,0,0.0,missing,False,False,False,False,False,,,,,,,,,,0,24,0,0,,,24,0.0,0.0,0.0,0.0,24,0,0,reported_gmt_minus_4_unconverted,1
2020-08-23,24,24,0,0.0,missing,False,False,False,False,False,,,,,,,,,,0,24,0,0,,,24,0.0,0.0,0.0,0.0,24,0,0,reported_gmt_minus_4_unconverted,1
2020-08-24,24,24,0,0.0,missing,False,False,False,False,False,,,,,,,,,,0,24,0,0,,,24,0.0,0.0,0.0,0.0,24,0,0,reported_gmt_minus_4_unconverted,1
2020-08-25,24,24,0,0.0,missing,False,False,False,False,False,,,,,,,,,,0,24,0,0,,,24,0.0,0.0,0.0,0.0,24,0,0,reported_gmt_minus_4_unconverted,1
2020-08-26,24,24,0,0.0,missing,False,False,False,False,False,,,,,,,,,,0,24,0,0,,,24,0.0,0.0,0.0,0.0,24,0,0,reported_gmt_minus_4_unconverted,1
2020-08-27,24,24,0,0.0,missing,False,False,False,False,False,,,,,,,,,,0,24,0,0,,,24,0.0,0.0,0.0,0.0,24,0,0,reported_gmt_minus_4_unconverted,1
2020-08-28,24,24,0,0.0,missing,False,False,False,False,False,,,,,,,,,,0,24,0,0,,,24,0.0,0.0,0.0,0.0,24,0,0,reported_gmt_minus_4_unconverted,1
2020-08-29,24,24,0,0.0,missing,False,False,False,False,False,,,,,,,,,,0,24,0,0,,,24,0.0,0.0,0.0,0.0,24,0,0,reported_gmt_minus_4_unconverted,1
2020-08-30,24,24,0,0.0,missing,False,False,False,False,False,,,,,,,,,,0,24,0,0,,,24,0.0,0.0,0.0,0.0,24,0,0,reported_gmt_minus_4_unconverted,1
2020-08-31,24,24,0,0.0,missing,False,False,False,False,False,,,,,,,,,,0,24,0,0,,,24,0.0,0.0,0.0,0.0,24,0,0,reported_gmt_minus_4_unconverted,1
2020-09-01,24,24,0,0.0,missing,False,False,False,False,False,,,,,,,,,,0,24,0,0,,,24,0.0,0.0,0.0,0.0,24,0,0,reported_gmt_minus_4_unconverted,1
2020-09-02,24,24,0,0.0,missing,False,False,False,False,False,,,,,,,,,,0,24,0,0,,,24,0.0,0.0,0.0,0.0,24,0,0,reported_gmt_minus_4_unconverted,1
2020-09-03,24,24,0,0.0,missing,False,False,False,False,False,,,,,,,,,,0,24,0,0,,,24,0.0,0.0,0.0,0.0,24,0,0,reported_gmt_minus_4_unconverted,1
2020-09-04,24,24,0,0.0,missing,False,False,False,False,False,,,,,,,,,,0,24,0,0,,,24,0.0,0.0,0.0,0.0,24,0,0,reported_gmt_minus_4_unconverted,1
2020-09-05,24,24,0,0.0,missing,False,False,False,False,False,,,,,,,,,,0,24,0,0,,,24,0.0,0.0,0.0,0.0,24,0,0,reported_gmt_minus_4_unconverted,1
2020-09-06,24,24,0,0.0,missing,False,False,False,False,False,,,,,,,,,,0,24,0,0,,,24,0.0,0.0,0.0,0.0,24,0,0,reported_gmt_minus_4_unconverted,1
2020-09-07,24,24,0,0.0,missing,False,False,False,False,False,,,,,,,,,,0,24,0,0,,,24,0.0,0.0,0.0,0.0,24,0,0,reported_gmt_minus_4_unconverted,1
2020-09-08,24,24,0,0.0,missing,False,False,False,False,False,,,,,,,,,,0,24,0,0,,,24,0.0,0.0,0.0,0.0,24,0,0,reported_gmt_minus_4_unconverted,1
2020-09-09,24,24,0,0.0,missing,False,False,False,False,False,,,,,,,,,,0,24,0,0,,,24,0.0,0.0,0.0,0.0,24,0,0,reported_gmt_minus_4_unconverted,1
2020-09-10,24,24,0,0.0,missing,False,False,False,False,False,,,,,,,,,,0,24,0,0,,,24,0.0,0.0,0.0,0.0,24,0,0,reported_gmt_minus_4_unconverted,1
2020-09-11,24,24,0,0.0,missing,False,False,False,False,False,,,,,,,,,,0,24,0,0,,,24,0.0,0.0,0.0,0.0,24,0,0,reported_gmt_minus_4_unconverted,1
2020-09-12,24,24,0,0.0,missing,False,False,False,False,False,,,,,,,,,,0,24,0,0,,,24,0.0,0.0,0.0,0.0,24,0,0,reported_gmt_minus_4_unconverted,1
2020-09-13,24,24,0,0.0,missing,False,False,False,False,False,,,,,,,,,,0,24,0,0,,,24,0.0,0.0,0.0,0.0,24,0,0,reported_gmt_minus_4_unconverted,1
2020-09-14,24,24,0,0.0,missing,False,False,False,False,False,,,,,,,,,,0,24,0,0,,,24,0.0,0.0,0.0,0.0,24,0,0,reported_gmt_minus_4_unconverted,1
2020-09-15,24,24,0,0.0,missing,False,False,False,False,False,,,,,,,,,,0,24,0,0,,,24,0.0,0.0,0.0,0.0,24,0,0,reported_gmt_minus_4_unconverted,1
2020-09-16,24,24,0,0.0,missing,False,False,False,False,False,,,,,,,,,,0,24,0,0,,,24,0.0,0.0,0.0,0.0,24,0,0,reported_gmt_minus_4_unconverted,1
2020-09-17,24,24,0,0.0,missing,False,False,False,False,False,,,,,,,,,,0,24,0,0,,,24,0.0,0.0,0.0,0.0,24,0,0,reported_gmt_minus_4_unconverted,1
2020-09-18,24,24,0,0.0,missing,False,False,False,False,False,,,,,,,,,,0,24,0,0,,,24,0.0,0.0,0.0,0.0,24,0,0,reported_gmt_minus_4_unconverted,1
2020-09-19,24,24,0,0.0,missing,False,False,False,False,False,,,,,,,,,,0,24,0,0,,,24,0.0,0.0,0.0,0.0,24,0,0,reported_gmt_minus_4_unconverted,1
2020-09-20,24,24,0,0.0,missing,False,False,False,False,False,,,,,,,,,,0,24,0,0,,,24,0.0,0.0,0.0,0.0,24,0,0,reported_gmt_minus_4_unconverted,1
2020-09-21,24,24,0,0.0,missing,False,False,False,False,False,,,,,,,,,,0,24,0,0,,,24,0.0,0.0,0.0,0.0,24,0,0,reported_gmt_minus_4_unconverted,1
2020-09-22,24,24,0,0.0,missing,False,False,False,False,False,,,,,,,,,,0,24,0,0,,,24,0.0,0.0,0.0,0.0,24,0,0,reported_gmt_minus_4_unconverted,1
2020-09-23,24,24,0,0.0,missing,False,False,False,False,False,,,,,,,,,,0,24,0,0,,,24,0.0,0.0,0.0,0.0,24,0,0,reported_gmt_minus_4_unconverted,1
2020-09-24,24,24,0,0.0,missing,False,False,False,False,False,,,,,,,,,,0,24,0,0,,,24,0.0,0.0,0.0,0.0,24,0,0,reported_gmt_minus_4_unconverted,1
2020-09-25,24,24,0,0.0,missing,False,False,False,False,False,,,,,,,,,,0,24,0,0,,,24,0.0,0.0,0.0,0.0,24,0,0,reported_gmt_minus_4_unconverted,1
2020-09-26,24,24,0,0.0,missing,False,False,False,False,False,,,,,,,,,,0,24,0,0,,,24,0.0,0.0,0.0,0.0,24,0,0,reported_gmt_minus_4_unconverted,1
2020-09-27,24,24,0,0.0,missing,False,False,False,False,False,,,,,,,,,,0,24,0,0,,,24,0.0,0.0,0.0,0.0,24,0,0,reported_gmt_minus_4_unconverted,1
2020-09-28,24,24,0,0.0,missing,False,False,False,False,False,,,,,,,,,,0,24,0,0,,,24,0.0,0.0,0.0,0.0,24,0,0,reported_gmt_minus_4_unconverted,1
2020-09-29,24,24,0,0.0,missing,False,False,False,False,False,,,,,,,,,,0,24,0,0,,,24,0.0,0.0,0.0,0.0,24,0,0,reported_gmt_minus_4_unconverted,1
2020-09-30,24,24,0,0.0,missing,False,False,False,False,False,,,,,,,,,,0,24,0,0,,,24,0.0,0.0,0.0,0.0,24,0,0,reported_gmt_minus_4_unconverted,1
2020-10-01,24,24,0,0.0,missing,False,False,False,False,False,,,,,,,,,,0,24,0,0,,,24,0.0,0.0,0.0,0.0,24,0,0,reported_gmt_minus_4_unconverted,1
2020-10-02,24,24,0,0.0,missing,False,False,False,False,False,,,,,,,,,,0,24,0,0,,,24,0.0,0.0,0.0,0.0,24,0,0,reported_gmt_minus_4_unconverted,1
2020-10-03,24,24,0,0.0,missing,False,False,False,False,False,,,,,,,,,,0,24,0,0,,,24,0.0,0.0,0.0,0.0,24,0,0,reported_gmt_minus_4_unconverted,1
2020-10-04,24,24,0,0.0,missing,False,False,False,False,False,,,,,,,,,,0,24,0,0,,,24,0.0,0.0,0.0,0.0,24,0,0,reported_gmt_minus_4_unconverted,1
2020-10-05,24,24,0,0.0,missing,False,False,False,False,False,,,,,,,,,,0,24,0,0,,,24,0.0,0.0,0.0,0.0,24,0,0,reported_gmt_minus_4_unconverted,1
2020-10-06,24,24,0,0.0,missing,False,False,False,False,False,,,,,,,,,,0,24,0,0,,,24,0.0,0.0,0.0,0.0,24,0,0,reported_gmt_minus_4_unconverted,1
2020-10-07,24,24,0,0.0,missing,False,False,False,False,False,,,,,,,,,,0,24,0,0,,,24,0.0,0.0,0.0,0.0,24,0,0,reported_gmt_minus_4_unconverted,1
2020-10-08,24,24,0,0.0,missing,False,False,False,False,False,,,,,,,,,,0,24,0,0,,,24,0.0,0.0,0.0,0.0,24,0,0,reported_gmt_minus_4_unconverted,1
2020-10-09,24,24,0,0.0,missing,False,False,False,False,False,,,,,,,,,,0,24,0,0,,,24,0.0,0.0,0.0,0.0,24,0,0,reported_gmt_minus_4_unconverted,1
2020-10-10,24,24,0,0.0,missing,False,False,False,False,False,,,,,,,,,,0,24,0,0,,,24,0.0,0.0,0.0,0.0,24,0,0,reported_gmt_minus_4_unconverted,1
2020-10-11,24,24,0,0.0,missing,False,False,False,False,False,,,,,,,,,,0,24,0,0,,,24,0.0,0.0,0.0,0.0,24,0,0,reported_gmt_minus_4_unconverted,1
2020-10-12,24,24,0,0.0,missing,False,False,False,False,False,,,,,,,,,,0,24,0,0,,,24,0.0,0.0,0.0,0.0,24,0,0,reported_gmt_minus_4_unconverted,1
2020-10-13,24,24,0,0.0,missing,False,False,False,False,False,,,,,,,,,,0,24,0,0,,,24,0.0,0.0,0.0,0.0,24,0,0,reported_gmt_minus_4_unconverted,1
2020-10-14,24,24,0,0.0,missing,False,False,False,False,False,,,,,,,,,,0,24,0,0,,,24,0.0,0.0,0.0,0.0,24,0,0,reported_gmt_minus_4_unconverted,1
2020-10-15,24,24,0,0.0,missing,False,False,False,False,False,,,,,,,,,,0,24,0,0,,,24,0.0,0.0,0.0,0.0,24,0,0,reported_gmt_minus_4_unconverted,1
2020-10-16,24,24,0,0.0,missing,False,False,False,False,False,,,,,,,,,,0,24,0,0,,,24,0.0,0.0,0.0,0.0,24,0,0,reported_gmt_minus_4_unconverted,1
2020-10-17,24,24,0,0.0,missing,False,False,False,False,False,,,,,,,,,,0,24,0,0,,,24,0.0,0.0,0.0,0.0,24,0,0,reported_gmt_minus_4_unconverted,1
2020-10-18,24,24,0,0.0,missing,False,False,False,False,False,,,,,,,,,,0,24,0,0,,,24,0.0,0.0,0.0,0.0,24,0,0,reported_gmt_minus_4_unconverted,1
2020-10-19,24,24,0,0.0,missing,False,False,False,False,False,,,,,,,,,,0,24,0,0,,,24,0.0,0.0,0.0,0.0,24,0,0,reported_gmt_minus_4_unconverted,1
2020-10-20,24,24,0,0.0,missing,False,False,False,False,False,,,,,,,,,,0,24,0,0,,,24,0.0,0.0,0.0,0.0,24,0,0,reported_gmt_minus_4_unconverted,1
2020-10-21,24,24,0,0.0,missing,False,False,False,False,False,,,,,,,,,,0,24,0,0,,,24,0.0,0.0,0.0,0.0,24,0,0,reported_gmt_minus_4_unconverted,1
2020-10-22,24,24,0,0.0,missing,False,False,False,False,False,,,,,,,,,,0,24,0,0,,,24,0.0,0.0,0.0,0.0,24,0,0,reported_gmt_minus_4_unconverted,1
2020-10-23,24,24,0,0.0,missing,False,False,False,False,False,,,,,,,,,,0,24,0,0,,,24,0.0,0.0,0.0,0.0,24,0,0,reported_gmt_minus_4_unconverted,1
2020-10-24,24,24,24,1.0,high,True,True,True,True,True,6.215083333333333,5.9955,1.3666541153541711,3.49,9.022,4.683000000000001,5.44825,7.0975,8.0947,24,0,0,0,0.0,23.0,0,100.0,100.0,100.0,100.0,0,24,24,reported_gmt_minus_4_unconverted,1
2020-10-25,24,24,24,1.0,high,True,True,True,True,True,3.7808333333333333,3.8205,0.8963072874986504,1.76,5.095,2.6350000000000002,3.17,4.5775,4.8552,24,0,0,0,0.0,23.0,0,100.0,100.0,100.0,100.0,0,24,24,reported_gmt_minus_4_unconverted,1
2020-10-26,24,24,24,1.0,high,True,True,True,True,True,3.0005,2.803,0.8389404808654679,1.806,4.884,2.1641,2.3685,3.58825,4.0134,24,0,0,0,0.0,23.0,0,100.0,100.0,100.0,100.0,0,24,24,reported_gmt_minus_4_unconverted,1
2020-10-27,24,24,24,1.0,high,True,True,True,True,True,3.5112500000000004,3.112,1.5311648095202042,1.645,7.801,1.9027000000000003,2.6422499999999998,3.90475,5.262499999999999,24,0,0,0,0.0,23.0,0,100.0,100.0,100.0,100.0,0,24,24,reported_gmt_minus_4_unconverted,1
2020-10-28,24,24,24,1.0,high,True,True,True,True,True,3.2396666666666665,2.58,2.2049613161679504,0.422,7.874,1.0243000000000002,1.4415,4.7665,6.5367999999999995,24,0,0,0,0.0,23.0,0,100.0,100.0,100.0,100.0,0,24,24,reported_gmt_minus_4_unconverted,1
2020-10-29,24,24,24,1.0,high,True,True,True,True,True,4.077,3.5395,2.6422578618854846,0.736,9.76,1.3921000000000001,2.0100000000000002,5.42025,8.306499999999998,24,0,0,0,0.0,23.0,0,100.0,100.0,100.0,100.0,0,24,24,reported_gmt_minus_4_unconverted,1
2020-10-30,24,24,24,1.0,high,True,True,True,True,True,4.759166666666666,4.4595,1.9336727538134728,2.809,10.936,3.0038,3.77675,4.90075,6.3606,24,0,0,0,0.0,23.0,0,100.0,100.0,100.0,100.0,0,24,24,reported_gmt_minus_4_unconverted,1
2020-10-31,24,24,24,1.0,high,True,True,True,True,True,8.939958333333335,9.1555,3.3585929957694907,3.762,14.487,4.3739,6.41825,10.348,14.044,24,0,0,0,0.0,23.0,0,100.0,100.0,100.0,100.0,0,24,24,reported_gmt_minus_4_unconverted,1
2020-11-01,24,24,24,1.0,high,True,True,True,True,True,11.000041666666666,11.675999999999998,2.113896144854776,6.457,14.232,7.817100000000001,9.285,12.55225,13.0291,24,0,0,0,0.0,23.0,0,100.0,100.0,100.0,100.0,0,24,24,reported_gmt_minus_4_unconverted,1
2020-11-02,24,24,24,1.0,high,True,True,True,True,True,13.819791666666667,13.083,2.7138852460307135,10.514,20.185,10.6719,12.3065,14.93575,17.2107,24,0,0,0,0.0,23.0,0,100.0,100.0,100.0,100.0,0,24,24,reported_gmt_minus_4_unconverted,1
2020-11-03,24,24,24,1.0,high,True,True,True,True,True,10.958041666666666,11.347,2.6370501055266224,5.598,15.289,7.5105,9.12125,12.87025,14.075899999999999,24,0,0,0,0.0,23.0,0,100.0,100.0,100.0,100.0,0,24,24,reported_gmt_minus_4_unconverted,1
2020-11-04,24,24,24,1.0,high,True,True,True,True,True,6.3051666666666675,6.1575,1.5697387671524996,4.009,9.36,4.5525,4.91625,7.188000000000001,8.7251,24,0,0,0,0.0,23.0,0,100.0,100.0,100.0,100.0,0,24,24,reported_gmt_minus_4_unconverted,1
2020-11-05,24,24,24,1.0,high,True,True,True,True,True,4.244083333333333,4.3545,1.5990598845861759,1.133,7.342,1.8976000000000002,3.26225,5.106,6.2327,24,0,0,0,0.0,23.0,0,100.0,100.0,100.0,100.0,0,24,24,reported_gmt_minus_4_unconverted,1
2020-11-06,24,24,24,1.0,high,True,True,True,True,True,4.206458333333333,4.145,1.0349113374822383,2.273,6.064,2.9037,3.4565,4.9647499999999996,5.515599999999999,24,0,0,0,0.0,23.0,0,100.0,100.0,100.0,100.0,0,24,24,reported_gmt_minus_4_unconverted,1
2020-11-07,24,24,24,1.0,high,True,True,True,True,True,2.0685000000000002,2.1624999999999996,0.9835334259698549,0.776,4.102,0.9584,1.213,2.8335,3.1774,24,0,0,0,0.0,23.0,0,100.0,100.0,100.0,100.0,0,24,24,reported_gmt_minus_4_unconverted,1
2020-11-08,24,24,24,1.0,high,True,True,True,True,True,2.516,2.0275,1.326027640868706,1.281,5.869,1.4527,1.67325,2.51775,4.5630999999999995,24,0,0,0,0.0,23.0,0,100.0,100.0,100.0,100.0,0,24,24,reported_gmt_minus_4_unconverted,1
2020-11-09,24,24,24,1.0,high,True,True,True,True,True,3.705083333333333,3.7515,0.8848193584576737,2.137,5.167,2.5973,2.96825,4.4335,4.7172,24,0,0,0,0.0,23.0,0,100.0,100.0,100.0,100.0,0,24,24,reported_gmt_minus_4_unconverted,1
2020-11-10,24,24,24,1.0,high,True,True,True,True,True,4.079125,4.029,0.8523511887203792,2.266,5.315,2.9481,3.5945,4.76875,5.1452,24,0,0,0,0.0,23.0,0,100.0,100.0,100.0,100.0,0,24,24,reported_gmt_minus_4_unconverted,1
2020-11-11,24,24,24,1.0,high,True,True,True,True,True,4.376875,4.4399999999999995,0.523514487362347,3.37,5.37,3.6663,4.09075,4.76225,5.0081999999999995,24,0,0,0,0.0,23.0,0,100.0,100.0,100.0,100.0,0,24,24,reported_gmt_minus_4_unconverted,1
2020-11-12,24,24,24,1.0,high,True,True,True,True,True,4.96875,4.5905000000000005,2.2055536276290875,2.136,10.019,2.7479,3.1555,6.0015,7.8613,24,0,0,0,0.0,23.0,0,100.0,100.0,100.0,100.0,0,24,24,reported_gmt_minus_4_unconverted,1
2020-11-13,24,24,24,1.0,high,True,True,True,True,True,5.426875,5.5065,1.0413111430975521,2.69,6.764,3.972,5.09425,6.114,6.4715,24,0,0,0,0.0,23.0,0,100.0,100.0,100.0,100.0,0,24,24,reported_gmt_minus_4_unconverted,1
2020-11-14,24,24,24,1.0,high,True,True,True,True,True,4.9347916666666665,4.7665,1.1795175129712137,2.554,7.208,3.4867,4.1514999999999995,5.816750000000001,6.4067,24,0,0,0,0.0,23.0,0,100.0,100.0,100.0,100.0,0,24,24,reported_gmt_minus_4_unconverted,1
2020-11-15,24,24,24,1.0,high,True,True,True,True,True,4.154541666666667,3.985,1.4088609021712066,2.094,6.364,2.4621,2.9515000000000002,5.45575,5.8685,24,0,0,0,0.0,23.0,0,100.0,100.0,100.0,100.0,0,24,24,reported_gmt_minus_4_unconverted,1
2020-11-16,24,24,24,1.0,high,True,True,True,True,True,3.251041666666667,3.45,1.5973724751213672,0.833,5.745,1.0827,1.4585,4.5225,5.0314,24,0,0,0,0.0,23.0,0,100.0,100.0,100.0,100.0,0,24,24,reported_gmt_minus_4_unconverted,1
2020-11-17,24,24,24,1.0,high,True,True,True,True,True,4.612958333333333,2.6105,3.4867995476001954,1.058,10.837,1.7475,2.01825,7.5715,10.2952,24,0,0,0,0.0,23.0,0,100.0,100.0,100.0,100.0,0,24,24,reported_gmt_minus_4_unconverted,1
2020-11-18,24,24,24,1.0,high,True,True,True,True,True,5.424291666666666,3.753,3.60186888059116,2.158,14.083,2.496,2.883,6.80125,11.5472,24,0,0,0,0.0,23.0,0,100.0,100.0,100.0,100.0,0,24,24,reported_gmt_minus_4_unconverted,1
2020-11-19,24,24,24,1.0,high,True,True,True,True,True,5.499375000000001,4.2165,3.0748395194956393,2.362,13.221,2.7881,3.49825,7.46225,10.3488,24,0,0,0,0.0,23.0,0,100.0,100.0,100.0,100.0,0,24,24,reported_gmt_minus_4_unconverted,1
2020-11-20,24,24,24,1.0,high,True,True,True,True,True,6.125708333333333,5.566,3.4162275975391934,0.69,12.85,1.4868000000000001,4.4479999999999995,7.850999999999999,11.094999999999999,24,0,0,0,0.0,23.0,0,100.0,100.0,100.0,100.0,0,24,24,reported_gmt_minus_4_unconverted,1
2020-11-21,24,24,24,1.0,high,True,True,True,True,True,1.5895833333333333,1.29,0.9802587465281437,0.582,5.146,0.8529,0.9652499999999999,1.8047499999999999,2.6426999999999996,24,0,0,0,0.0,23.0,0,100.0,100.0,100.0,100.0,0,24,24,reported_gmt_minus_4_unconverted,1
2020-11-22,24,24,24,1.0,high,True,True,True,True,True,1.4455,1.5095,0.4596001097362415,0.619,2.249,0.8557000000000001,1.07675,1.8365,1.9036,24,0,0,0,0.0,23.0,0,100.0,100.0,100.0,100.0,0,24,24,reported_gmt_minus_4_unconverted,1
2020-11-23,24,24,24,1.0,high,True,True,True,True,True,1.8476249999999999,1.88,0.32141112944394873,1.325,2.444,1.4352,1.5867499999999999,2.064,2.2702,24,0,0,0,0.0,23.0,0,100.0,100.0,100.0,100.0,0,24,24,reported_gmt_minus_4_unconverted,1
2020-11-24,24,24,24,1.0,high,True,True,True,True,True,1.6405416666666666,1.7814999999999999,0.36069714854849416,0.972,2.129,1.0459,1.38475,1.91125,2.0159,24,0,0,0,0.0,23.0,0,100.0,100.0,100.0,100.0,0,24,24,reported_gmt_minus_4_unconverted,1
2020-11-25,24,24,24,1.0,high,True,True,True,True,True,1.5266250000000001,1.3255,0.4958458572282668,1.006,2.871,1.086,1.16475,1.77625,2.2225999999999995,24,0,0,0,0.0,23.0,0,100.0,100.0,100.0,100.0,0,24,24,reported_gmt_minus_4_unconverted,1
2020-11-26,24,24,24,1.0,high,True,True,True,True,True,1.4472499999999997,1.3875000000000002,0.4662845044931632,0.79,2.376,0.8671,1.1455,1.63525,2.1663,24,0,0,0,0.0,23.0,0,100.0,100.0,100.0,100.0,0,24,24,reported_gmt_minus_4_unconverted,1
2020-11-27,24,24,24,1.0,high,True,True,True,True,True,1.8810833333333334,1.641,0.8934756227261027,0.99,5.258,1.1289000000000002,1.31575,2.4795,2.5341,24,0,0,0,0.0,23.0,0,100.0,100.0,100.0,100.0,0,24,24,reported_gmt_minus_4_unconverted,1
2020-11-28,24,24,24,1.0,high,True,True,True,True,True,1.949,1.911,0.45971787189441576,1.205,2.985,1.3645,1.70225,2.10325,2.534,24,0,0,0,0.0,23.0,0,100.0,100.0,100.0,100.0,0,24,24,reported_gmt_minus_4_unconverted,1
2020-11-29,24,24,24,1.0,high,True,True,True,True,True,2.814916666666667,2.6260000000000003,1.062245280635261,1.452,4.716,1.7251,1.91225,3.68675,4.4746999999999995,24,0,0,0,0.0,23.0,0,100.0,100.0,100.0,100.0,0,24,24,reported_gmt_minus_4_unconverted,1
2020-11-30,24,24,24,1.0,high,True,True,True,True,True,4.901291666666666,4.923,2.1920710175572533,2.223,10.37,2.601,3.0335,5.827249999999999,8.1556,24,0,0,0,0.0,23.0,0,100.0,100.0,100.0,100.0,0,24,24,reported_gmt_minus_4_unconverted,1
2020-12-01,24,24,24,1.0,high,True,True,True,True,True,9.531583333333332,10.052,2.2324002858429943,4.281,11.798,5.6516,9.16975,11.0075,11.673499999999999,24,0,0,0,0.0,23.0,0,100.0,100.0,100.0,100.0,0,24,24,reported_gmt_minus_4_unconverted,1
2020-12-02,24,24,24,1.0,high,True,True,True,True,True,7.835125000000001,7.8134999999999994,3.0208329734132717,1.058,12.978,4.371700000000001,6.85375,8.954,12.260299999999999,24,0,0,0,0.0,23.0,0,100.0,100.0,100.0,100.0,0,24,24,reported_gmt_minus_4_unconverted,1
2020-12-03,24,24,24,1.0,high,True,True,True,True,True,4.748916666666666,3.605,2.603181430091075,0.923,8.68,1.7343,2.9935,7.22825,8.5958,24,0,0,0,0.0,23.0,0,100.0,100.0,100.0,100.0,0,24,24,reported_gmt_minus_4_unconverted,1
2020-12-04,24,24,24,1.0,high,True,True,True,True,True,10.464625,10.0875,3.2480173592984922,5.825,16.42,7.4311,7.7692499999999995,12.79325,15.105599999999999,24,0,0,0,0.0,23.0,0,100.0,100.0,100.0,100.0,0,24,24,reported_gmt_minus_4_unconverted,1
2020-12-05,24,24,24,1.0,high,True,True,True,True,True,10.137999999999998,10.2285,2.045737073505059,6.498,13.037,7.7768999999999995,8.085749999999999,12.1715,12.713,24,0,0,0,0.0,23.0,0,100.0,100.0,100.0,100.0,0,24,24,reported_gmt_minus_4_unconverted,1
2020-12-06,24,24,24,1.0,high,True,True,True,True,True,8.225666666666667,8.5415,1.8439932251753948,4.594,10.718,5.7397,7.114,9.7595,10.4384,24,0,0,0,0.0,23.0,0,100.0,100.0,100.0,100.0,0,24,24,reported_gmt_minus_4_unconverted,1
2020-12-07,24,24,24,1.0,high,True,True,True,True,True,4.319583333333333,4.355,0.7238069594116608,2.851,5.452,3.3266,3.84175,4.7815,5.2062,24,0,0,0,0.0,23.0,0,100.0,100.0,100.0,100.0,0,24,24,reported_gmt_minus_4_unconverted,1
2020-12-08,24,24,24,1.0,high,True,True,True,True,True,3.8523333333333327,3.7805,0.5710067894720591,2.707,5.366,3.3379,3.575,4.12525,4.590599999999999,24,0,0,0,0.0,23.0,0,100.0,100.0,100.0,100.0,0,24,24,reported_gmt_minus_4_unconverted,1
2020-12-09,24,24,20,0.833333,standard,True,True,True,True,False,4.426699999999999,4.416,1.2943826856235776,1.852,7.635,3.2101,3.7382500000000003,4.934749999999999,5.466400000000002,20,4,0,0,0.0,23.0,4,0.0,100.0,83.33333333333333,100.0,4,20,20,reported_gmt_minus_4_unconverted,1
2020-12-10,24,24,24,1.0,high,True,True,True,True,True,1.52925,1.4735,0.859459650771546,0.517,2.766,0.5607000000000001,0.73725,2.2439999999999998,2.6426,24,0,0,0,0.0,23.0,0,100.0,100.0,100.0,100.0,0,24,24,reported_gmt_minus_4_unconverted,1
2020-12-11,24,24,24,1.0,high,True,True,True,True,True,0.6762083333333333,0.6275,0.22452480818999404,0.372,1.177,0.41950000000000004,0.503,0.8242499999999999,1.0061,24,0,0,0,0.0,23.0,0,100.0,100.0,100.0,100.0,0,24,24,reported_gmt_minus_4_unconverted,1
2020-12-12,24,24,24,1.0,high,True,True,True,True,True,1.5220000000000002,1.3014999999999999,0.49728418959121484,1.056,2.508,1.0665,1.0975,1.874,2.3692,24,0,0,0,0.0,23.0,0,100.0,100.0,100.0,100.0,0,24,24,reported_gmt_minus_4_unconverted,1
2020-12-13,24,24,24,1.0,high,True,True,True,True,True,1.894875,1.646,0.605606007128038,1.213,3.238,1.3168,1.41975,2.17375,2.7146,24,0,0,0,0.0,23.0,0,100.0,100.0,100.0,100.0,0,24,24,reported_gmt_minus_4_unconverted,1
2020-12-14,24,24,24,1.0,high,True,True,True,True,True,2.3573333333333335,2.4219999999999997,0.36366248885072194,1.827,3.056,1.9126,2.0495,2.54175,2.8903,24,0,0,0,0.0,23.0,0,100.0,100.0,100.0,100.0,0,24,24,reported_gmt_minus_4_unconverted,1
2020-12-15,24,24,24,1.0,high,True,True,True,True,True,2.1144583333333333,2.2199999999999998,0.45301165923825526,1.463,2.718,1.6103,1.642,2.5205,2.6506,24,0,0,0,0.0,23.0,0,100.0,100.0,100.0,100.0,0,24,24,reported_gmt_minus_4_unconverted,1
2020-12-16,24,24,24,1.0,high,True,True,True,True,True,2.4112916666666666,2.2155,0.6368337766308968,1.668,3.759,1.7164,1.93925,2.74825,3.4411,24,0,0,0,0.0,23.0,0,100.0,100.0,100.0,100.0,0,24,24,reported_gmt_minus_4_unconverted,1
2020-12-17,24,24,24,1.0,high,True,True,True,True,True,2.658791666666667,2.66,0.47255806904886133,1.828,3.608,2.0052,2.3922499999999998,2.9619999999999997,3.2478,24,0,0,0,0.0,23.0,0,100.0,100.0,100.0,100.0,0,24,24,reported_gmt_minus_4_unconverted,1
2020-12-18,24,24,24,1.0,high,True,True,True,True,True,2.219875,2.116,0.6128201603350232,1.307,3.262,1.5330000000000001,1.72225,2.6785,3.0575,24,0,0,0,0.0,23.0,0,100.0,100.0,100.0,100.0,0,24,24,reported_gmt_minus_4_unconverted,1
2020-12-19,24,24,24,1.0,high,True,True,True,True,True,1.03425,0.816,0.5363373573317126,0.407,2.329,0.5730000000000001,0.65475,1.45275,1.6812,24,0,0,0,0.0,23.0,0,100.0,100.0,100.0,100.0,0,24,24,reported_gmt_minus_4_unconverted,1
2020-12-20,24,24,24,1.0,high,True,True,True,True,True,0.5462083333333333,0.472,0.25613769720120505,0.218,1.078,0.2773,0.36475,0.72075,0.9703999999999998,24,0,0,0,0.0,23.0,0,100.0,100.0,100.0,100.0,0,24,24,reported_gmt_minus_4_unconverted,1
2020-12-21,24,24,24,1.0,high,True,True,True,True,True,2.75375,2.2175,1.6626664349511129,0.833,5.716,0.8799,1.418,4.221,5.1693999999999996,24,0,0,0,0.0,23.0,0,100.0,100.0,100.0,100.0,0,24,24,reported_gmt_minus_4_unconverted,1
2020-12-22,24,24,24,1.0,high,True,True,True,True,True,3.5993333333333335,3.6925,0.8455244663452417,1.786,5.22,2.5974,2.92475,4.24525,4.5687999999999995,24,0,0,0,0.0,23.0,0,100.0,100.0,100.0,100.0,0,24,24,reported_gmt_minus_4_unconverted,1
2020-12-23,24,24,24,1.0,high,True,True,True,True,True,4.09175,4.0105,0.6963795972587514,3.026,5.832,3.2781000000000002,3.5650000000000004,4.529999999999999,4.9449,24,0,0,0,0.0,23.0,0,100.0,100.0,100.0,100.0,0,24,24,reported_gmt_minus_4_unconverted,1
2020-12-24,24,24,24,1.0,high,True,True,True,True,True,5.361625,5.1355,1.447508949059969,2.588,9.489,4.0205,4.7725,5.86575,7.2034,24,0,0,0,0.0,23.0,0,100.0,100.0,100.0,100.0,0,24,24,reported_gmt_minus_4_unconverted,1
2020-12-25,24,24,24,1.0,high,True,True,True,True,True,7.515916666666667,8.5395,2.68902566671125,3.936,11.52,4.2243,4.7802500000000006,9.62825,10.933399999999999,24,0,0,0,0.0,23.0,0,100.0,100.0,100.0,100.0,0,24,24,reported_gmt_minus_4_unconverted,1
2020-12-26,24,24,24,1.0,high,True,True,True,True,True,9.52425,10.690999999999999,2.925510304797825,4.305,13.033,5.4537,6.89575,12.08075,12.7181,24,0,0,0,0.0,23.0,0,100.0,100.0,100.0,100.0,0,24,24,reported_gmt_minus_4_unconverted,1
2020-12-27,24,24,24,1.0,high,True,True,True,True,True,9.020166666666666,11.317,4.000050833010334,2.964,16.247,3.4653,4.43225,11.899,12.3285,24,0,0,0,0.0,23.0,0,100.0,100.0,100.0,100.0,0,24,24,reported_gmt_minus_4_unconverted,1
2020-12-28,24,24,24,1.0,high,True,True,True,True,True,5.873708333333333,4.084,3.7402819991239986,2.135,13.853,2.8577000000000004,3.02625,8.818000000000001,11.913,24,0,0,0,0.0,23.0,0,100.0,100.0,100.0,100.0,0,24,24,reported_gmt_minus_4_unconverted,1
2020-12-29,24,24,24,1.0,high,True,True,True,True,True,3.7100833333333334,2.6005000000000003,3.1922474966252454,1.514,15.22,1.9497,2.3175,3.10175,7.750499999999999,24,0,0,0,0.0,23.0,0,100.0,100.0,100.0,100.0,0,24,24,reported_gmt_minus_4_unconverted,1
2020-12-30,24,24,24,1.0,high,True,True,True,True,True,5.872791666666667,5.3134999999999994,3.5207289756423368,1.54,13.875,2.0885,3.039,7.12975,11.070799999999998,24,0,0,0,0.0,23.0,0,100.0,100.0,100.0,100.0,0,24,24,reported_gmt_minus_4_unconverted,1
2020-12-31,24,24,24,1.0,high,True,True,True,True,True,8.945416666666667,7.971500000000001,5.704004831974496,2.292,20.853,2.5700000000000003,3.24425,13.82175,15.5251,24,0,0,0,0.0,23.0,0,100.0,100.0,100.0,100.0,0,24,24,reported_gmt_minus_4_unconverted,1
2021-01-01,24,24,24,1.0,high,True,True,True,True,True,13.37341666666667,12.389,5.616868761899801,7.101,26.709,7.9123,8.589500000000001,16.34225,21.3407,24,0,0,0,0.0,23.0,0,100.0,100.0,100.0,100.0,0,24,24,reported_gmt_minus_4_unconverted,1
2021-01-02,24,24,24,1.0,high,True,True,True,True,True,10.338333333333333,9.4275,3.2610538662893287,6.326,19.374,7.027,7.933,11.880749999999999,14.5861,24,0,0,0,0.0,23.0,0,100.0,100.0,100.0,100.0,0,24,24,reported_gmt_minus_4_unconverted,1
2021-01-03,24,24,24,1.0,high,True,True,True,True,True,20.075208333333332,22.392000000000003,8.371263324634002,2.589,32.568,6.2722000000000016,14.55425,25.49225,27.8344,24,0,0,0,0.0,23.0,0,100.0,100.0,100.0,100.0,0,24,24,reported_gmt_minus_4_unconverted,1
2021-01-04,24,24,24,1.0,high,True,True,True,True,True,17.138166666666667,16.377499999999998,4.6151845567380745,8.959,25.766,11.8107,13.68875,21.05925,22.2146,24,0,0,0,0.0,23.0,0,100.0,100.0,100.0,100.0,0,24,24,reported_gmt_minus_4_unconverted,1
2021-01-05,24,24,24,1.0,high,True,True,True,True,True,9.668375,10.372499999999999,2.56342806841864,4.746,14.612,6.5899,8.013499999999999,11.0875,12.2412,24,0,0,0,0.0,23.0,0,100.0,100.0,100.0,100.0,0,24,24,reported_gmt_minus_4_unconverted,1
2021-01-06,24,24,24,1.0,high,True,True,True,True,True,7.629791666666667,7.0445,3.2558382742012273,1.94,15.945,4.2417,5.3469999999999995,9.120750000000001,11.23,24,0,0,0,0.0,23.0,0,100.0,100.0,100.0,100.0,0,24,24,reported_gmt_minus_4_unconverted,1
2021-01-07,24,24,24,1.0,high,True,True,True,True,True,8.874666666666668,8.758500000000002,3.9838189092188006,3.734,17.014,4.102399999999999,5.940250000000001,10.933,14.8854,24,0,0,0,0.0,23.0,0,100.0,100.0,100.0,100.0,0,24,24,reported_gmt_minus_4_unconverted,1
2021-01-08,24,24,24,1.0,high,True,True,True,True,True,11.991875,12.278500000000001,2.1048871974836167,7.381,15.26,8.980699999999999,11.345749999999999,12.938,14.8384,24,0,0,0,0.0,23.0,0,100.0,100.0,100.0,100.0,0,24,24,reported_gmt_minus_4_unconverted,1
2021-01-09,24,24,24,1.0,high,True,True,True,True,True,9.152375000000001,10.2615,4.157815854429802,2.506,15.353,3.8302,4.6617500000000005,12.658,13.2644,24,0,0,0,0.0,23.0,0,100.0,100.0,100.0,100.0,0,24,24,reported_gmt_minus_4_unconverted,1
2021-01-10,24,24,24,1.0,high,True,True,True,True,True,6.711958333333334,5.807,4.861823172782593,1.334,16.959,1.8434,2.30725,9.85675,14.3052,24,0,0,0,0.0,23.0,0,100.0,100.0,100.0,100.0,0,24,24,reported_gmt_minus_4_unconverted,1
2021-01-11,24,24,24,1.0,high,True,True,True,True,True,5.103375,4.834,2.614424050174423,1.756,10.391,1.9663,3.1020000000000003,6.75175,8.6509,24,0,0,0,0.0,23.0,0,100.0,100.0,100.0,100.0,0,24,24,reported_gmt_minus_4_unconverted,1
2021-01-12,24,24,24,1.0,high,True,True,True,True,True,3.8703333333333334,3.0374999999999996,2.41432508647622,0.983,9.533,1.5312000000000001,2.137,5.44875,6.6119,24,0,0,0,0.0,23.0,0,100.0,100.0,100.0,100.0,0,24,24,reported_gmt_minus_4_unconverted,1
2021-01-13,24,24,24,1.0,high,True,True,True,True,True,8.042208333333333,7.148,4.945214849855554,0.773,16.797,2.1897,3.74275,12.07525,14.4203,24,0,0,0,0.0,23.0,0,100.0,100.0,100.0,100.0,0,24,24,reported_gmt_minus_4_unconverted,1
2021-01-14,24,24,24,1.0,high,True,True,True,True,True,2.71875,2.4124999999999996,2.0362283601754023,0.329,8.548,0.5501,1.287,3.519,5.3206999999999995,24,0,0,0,0.0,23.0,0,100.0,100.0,100.0,100.0,0,24,24,reported_gmt_minus_4_unconverted,1
2021-01-15,24,24,24,1.0,high,True,True,True,True,True,5.106208333333334,4.667,4.033723557374605,0.69,14.417,0.7905000000000001,0.90825,8.0135,9.1143,24,0,0,0,0.0,23.0,0,100.0,100.0,100.0,100.0,0,24,24,reported_gmt_minus_4_unconverted,1
2021-01-16,24,24,24,1.0,high,True,True,True,True,True,15.872041666666666,14.312999999999999,9.709683026569367,2.992,33.708,4.7387,7.087,24.582250000000002,28.7381,24,0,0,0,0.0,23.0,0,100.0,100.0,100.0,100.0,0,24,24,reported_gmt_minus_4_unconverted,1
2021-01-17,24,24,24,1.0,high,True,True,True,True,True,21.315458333333336,20.429000000000002,9.476373054025363,7.492,34.298,9.315000000000001,12.644,30.122,32.6214,24,0,0,0,0.0,23.0,0,100.0,100.0,100.0,100.0,0,24,24,reported_gmt_minus_4_unconverted,1
2021-01-18,24,24,24,1.0,high,True,True,True,True,True,27.115041666666666,29.0655,5.215704050012696,11.301,31.621,20.6398,27.137,30.192749999999997,30.6583,24,0,0,0,0.0,23.0,0,100.0,100.0,100.0,100.0,0,24,24,reported_gmt_minus_4_unconverted,1
2021-01-19,24,24,24,1.0,high,True,True,True,True,True,24.603041666666666,23.8155,2.8170115753364784,18.957,29.032,21.6516,22.6735,27.5095,28.1787,24,0,0,0,0.0,23.0,0,100.0,100.0,100.0,100.0,0,24,24,reported_gmt_minus_4_unconverted,1
2021-01-20,24,24,22,0.916667,high,True,True,True,True,True,18.862318181818182,18.847,7.077547950326969,7.275,31.278,9.2837,14.4035,23.055500000000002,28.625700000000002,22,2,0,0,0.0,23.0,2,0.0,100.0,91.66666666666667,100.0,2,22,22,reported_gmt_minus_4_unconverted,1
2021-01-21,24,24,24,1.0,high,True,True,True,True,True,16.40975,16.6905,3.8302001224819664,7.913,22.086,11.0492,13.83175,19.538249999999998,21.101499999999998,24,0,0,0,0.0,23.0,0,100.0,100.0,100.0,100.0,0,24,24,reported_gmt_minus_4_unconverted,1
2021-01-22,24,24,24,1.0,high,True,True,True,True,True,12.093375,11.560500000000001,2.468283434723499,8.845,18.089,9.5391,9.9155,14.20625,14.940199999999999,24,0,0,0,0.0,23.0,0,100.0,100.0,100.0,100.0,0,24,24,reported_gmt_minus_4_unconverted,1
2021-01-23,24,24,24,1.0,high,True,True,True,True,True,9.482125,10.861,4.542287283550475,2.042,15.415,2.7663,5.79525,13.358,14.7582,24,0,0,0,0.0,23.0,0,100.0,100.0,100.0,100.0,0,24,24,reported_gmt_minus_4_unconverted,1
2021-01-24,24,24,24,1.0,high,True,True,True,True,True,9.238458333333334,9.2,2.8325196953022873,3.605,14.302,5.6761,6.6695,11.43675,12.1234,24,0,0,0,0.0,23.0,0,100.0,100.0,100.0,100.0,0,24,24,reported_gmt_minus_4_unconverted,1
2021-01-25,24,24,24,1.0,high,True,True,True,True,True,11.472958333333333,11.7875,2.0708478935422576,6.403,14.651,9.142100000000001,10.190999999999999,12.771,13.797199999999998,24,0,0,0,0.0,23.0,0,100.0,100.0,100.0,100.0,0,24,24,reported_gmt_minus_4_unconverted,1
2021-01-26,24,24,24,1.0,high,True,True,True,True,True,12.5135,11.841999999999999,3.6236777978469195,5.779,17.411,7.7049,10.57725,15.704,17.1296,24,0,0,0,0.0,23.0,0,100.0,100.0,100.0,100.0,0,24,24,reported_gmt_minus_4_unconverted,1
2021-01-27,24,24,24,1.0,high,True,True,True,True,True,11.073416666666667,12.288499999999999,4.000341191064525,3.555,17.366,4.875100000000001,8.57325,13.765,14.969399999999998,24,0,0,0,0.0,23.0,0,100.0,100.0,100.0,100.0,0,24,24,reported_gmt_minus_4_unconverted,1
2021-01-28,24,24,24,1.0,high,True,True,True,True,True,11.383375,10.952,2.494850728522389,5.717,15.566,8.545200000000001,9.8705,13.5205,14.4921,24,0,0,0,0.0,23.0,0,100.0,100.0,100.0,100.0,0,24,24,reported_gmt_minus_4_unconverted,1
2021-01-29,24,24,24,1.0,high,True,True,True,True,True,9.678541666666666,10.170000000000002,1.6633335302851966,5.448,12.065,7.7556,9.116999999999999,10.600999999999999,11.178899999999999,24,0,0,0,0.0,23.0,0,100.0,100.0,100.0,100.0,0,24,24,reported_gmt_minus_4_unconverted,1
2021-01-30,24,24,24,1.0,high,True,True,True,True,True,11.089083333333333,11.493500000000001,3.112551545466903,4.289,15.662,6.618200000000001,9.971,12.82825,15.114799999999999,24,0,0,0,0.0,23.0,0,100.0,100.0,100.0,100.0,0,24,24,reported_gmt_minus_4_unconverted,1
2021-01-31,24,24,24,1.0,high,True,True,True,True,True,11.274666666666667,11.408000000000001,1.0227132568795134,8.719,13.442,10.0834,10.69825,11.8645,12.3191,24,0,0,0,0.0,23.0,0,100.0,100.0,100.0,100.0,0,24,24,reported_gmt_minus_4_unconverted,1
2021-02-01,24,24,24,1.0,high,True,True,True,True,True,4.149916666666667,3.7359999999999998,3.81005609814534,0.089,9.752,0.15190000000000003,0.32225000000000004,7.868,8.896799999999999,24,0,0,0,0.0,23.0,0,100.0,100.0,100.0,100.0,0,24,24,reported_gmt_minus_4_unconverted,1
2021-02-02,24,24,24,1.0,high,True,True,True,True,True,0.05991666666666667,0.059,0.016607794573022337,0.03,0.094,0.0416,0.0485,0.071,0.0823,24,0,0,0,0.0,23.0,0,100.0,100.0,100.0,100.0,0,24,24,reported_gmt_minus_4_unconverted,1
2021-02-03,24,24,24,1.0,high,True,True,True,True,True,0.11649999999999999,0.063,0.138766616709652,0.027,0.692,0.0513,0.056,0.11875000000000001,0.21619999999999995,24,0,0,0,0.0,23.0,0,100.0,100.0,100.0,100.0,0,24,24,reported_gmt_minus_4_unconverted,1
2021-02-04,24,24,24,1.0,high,True,True,True,True,True,1.4164166666666667,0.7665,1.5439134047767302,0.056,5.619,0.06810000000000001,0.11325,2.7035,3.5384999999999995,24,0,0,0,0.0,23.0,0,100.0,100.0,100.0,100.0,0,24,24,reported_gmt_minus_4_unconverted,1
2021-02-05,24,24,24,1.0,high,True,True,True,True,True,3.0680416666666663,2.5700000000000003,2.0551134630512475,0.313,8.197,1.1513000000000002,1.6124999999999998,4.58375,5.710299999999999,24,0,0,0,0.0,23.0,0,100.0,100.0,100.0,100.0,0,24,24,reported_gmt_minus_4_unconverted,1
2021-02-06,24,24,24,1.0,high,True,True,True,True,True,2.7307083333333337,2.6879999999999997,1.478047256971366,0.232,5.606,0.681,1.53175,3.7765,4.4746,24,0,0,0,0.0,23.0,0,100.0,100.0,100.0,100.0,0,24,24,reported_gmt_minus_4_unconverted,1
2021-02-07,24,24,24,1.0,high,True,True,True,True,True,4.322666666666667,4.9675,1.9375292349360524,0.621,6.889,0.8768,3.28075,5.58425,6.2905,24,0,0,0,0.0,23.0,0,100.0,100.0,100.0,100.0,0,24,24,reported_gmt_minus_4_unconverted,1
2021-02-08,24,24,24,1.0,high,True,True,True,True,True,2.6082083333333332,2.5275,1.5708322075496677,0.354,5.215,0.7206,1.436,3.90975,4.5854,24,0,0,0,0.0,23.0,0,100.0,100.0,100.0,100.0,0,24,24,reported_gmt_minus_4_unconverted,1
2021-02-09,24,24,24,1.0,high,True,True,True,True,True,4.723166666666667,2.9844999999999997,4.142648980991528,0.852,13.556,1.229,1.87625,5.80325,12.000599999999999,24,0,0,0,0.0,23.0,0,100.0,100.0,100.0,100.0,0,24,24,reported_gmt_minus_4_unconverted,1
2021-02-10,24,24,24,1.0,high,True,True,True,True,True,13.625875,14.5525,5.056645703062886,5.496,21.704,7.1134,9.15825,17.766,19.451,24,0,0,0,0.0,23.0,0,100.0,100.0,100.0,100.0,0,24,24,reported_gmt_minus_4_unconverted,1
2021-02-11,24,24,24,1.0,high,True,True,True,True,True,15.42495833333333,14.585,2.8355259841666163,10.168,19.537,12.2065,13.366,18.083750000000002,18.985200000000003,24,0,0,0,0.0,23.0,0,100.0,100.0,100.0,100.0,0,24,24,reported_gmt_minus_4_unconverted,1
2021-02-12,24,24,24,1.0,high,True,True,True,True,True,10.125416666666666,9.852,2.579782277915963,6.61,14.58,7.0033,8.07525,12.0895,13.5979,24,0,0,0,0.0,23.0,0,100.0,100.0,100.0,100.0,0,24,24,reported_gmt_minus_4_unconverted,1
2021-02-13,24,24,24,1.0,high,True,True,True,True,True,3.862416666666667,3.141,2.2166088262040726,0.989,8.809,1.4109000000000003,2.32975,5.0585,6.5988,24,0,0,0,0.0,23.0,0,100.0,100.0,100.0,100.0,0,24,24,reported_gmt_minus_4_unconverted,1
2021-02-14,24,24,24,1.0,high,True,True,True,True,True,1.3235416666666666,1.075,0.6889710020506427,0.677,3.509,0.7568,0.932,1.4895,2.2764999999999995,24,0,0,0,0.0,23.0,0,100.0,100.0,100.0,100.0,0,24,24,reported_gmt_minus_4_unconverted,1
2021-02-15,24,24,24,1.0,high,True,True,True,True,True,0.7644583333333334,0.7144999999999999,0.22797863728422235,0.512,1.336,0.5351,0.625,0.86225,1.0806,24,0,0,0,0.0,23.0,0,100.0,100.0,100.0,100.0,0,24,24,reported_gmt_minus_4_unconverted,1
2021-02-16,24,24,24,1.0,high,True,True,True,True,True,0.6948333333333334,0.612,0.28122150741343394,0.349,1.385,0.3904,0.502,0.9187500000000001,1.0769,24,0,0,0,0.0,23.0,0,100.0,100.0,100.0,100.0,0,24,24,reported_gmt_minus_4_unconverted,1
2021-02-17,24,24,24,1.0,high,True,True,True,True,True,0.5224166666666666,0.48350000000000004,0.17433773236891728,0.295,0.901,0.3509,0.36275,0.6717500000000001,0.732,24,0,0,0,0.0,23.0,0,100.0,100.0,100.0,100.0,0,24,24,reported_gmt_minus_4_unconverted,1
2021-02-18,24,24,24,1.0,high,True,True,True,True,True,0.3532916666666666,0.3355,0.10627342878945172,0.222,0.563,0.23450000000000001,0.25375000000000003,0.45075,0.49119999999999997,24,0,0,0,0.0,23.0,0,100.0,100.0,100.0,100.0,0,24,24,reported_gmt_minus_4_unconverted,1
2021-02-19,24,24,24,1.0,high,True,True,True,True,True,0.328125,0.2395,0.18585041027665233,0.147,0.823,0.1779,0.20625,0.37975,0.6305,24,0,0,0,0.0,23.0,0,100.0,100.0,100.0,100.0,0,24,24,reported_gmt_minus_4_unconverted,1
2021-02-20,24,24,24,1.0,high,True,True,True,True,True,0.5724583333333333,0.504,0.23405591661278138,0.3,1.095,0.3316,0.3785,0.73125,0.8962,24,0,0,0,0.0,23.0,0,100.0,100.0,100.0,100.0,0,24,24,reported_gmt_minus_4_unconverted,1
2021-02-21,24,24,24,1.0,high,True,True,True,True,True,0.86325,0.8155,0.2022224883206828,0.624,1.296,0.6588,0.6995,0.97425,1.1631,24,0,0,0,0.0,23.0,0,100.0,100.0,100.0,100.0,0,24,24,reported_gmt_minus_4_unconverted,1
2021-02-22,24,24,24,1.0,high,True,True,True,True,True,0.7203333333333334,0.715,0.21467035733617387,0.336,1.039,0.3684,0.6455,0.8845000000000001,0.9843999999999999,24,0,0,0,0.0,23.0,0,100.0,100.0,100.0,100.0,0,24,24,reported_gmt_minus_4_unconverted,1
2021-02-23,24,24,24,1.0,high,True,True,True,True,True,0.7405833333333334,0.618,0.36547585617831907,0.396,1.707,0.4733,0.49175,0.81625,1.2637999999999998,24,0,0,0,0.0,23.0,0,100.0,100.0,100.0,100.0,0,24,24,reported_gmt_minus_4_unconverted,1
2021-02-24,24,24,24,1.0,high,True,True,True,True,True,3.2588749999999997,1.8895,2.9202129063611544,0.646,11.207,0.9101,1.1127500000000001,4.4464999999999995,7.728699999999998,24,0,0,0,0.0,23.0,0,100.0,100.0,100.0,100.0,0,24,24,reported_gmt_minus_4_unconverted,1
2021-02-25,24,24,24,1.0,high,True,True,True,True,True,8.160291666666666,8.702,3.6438824669534853,2.148,13.114,2.5462000000000002,6.25125,11.45325,12.5148,24,0,0,0,0.0,23.0,0,100.0,100.0,100.0,100.0,0,24,24,reported_gmt_minus_4_unconverted,1
2021-02-26,24,24,21,0.875,standard,True,True,True,True,False,10.313761904761906,9.242,2.5008516130462817,6.623,15.302,8.581,8.74,12.199,14.421,21,3,0,0,0.0,23.0,3,0.0,100.0,87.5,100.0,3,21,21,reported_gmt_minus_4_unconverted,1
2021-02-27,24,24,24,1.0,high,True,True,True,True,True,10.122458333333332,9.2585,3.0679701826560613,6.222,15.433,6.6213,7.984999999999999,12.361,15.0544,24,0,0,0,0.0,23.0,0,100.0,100.0,100.0,100.0,0,24,24,reported_gmt_minus_4_unconverted,1
2021-02-28,24,24,24,1.0,high,True,True,True,True,True,10.627583333333332,10.935,2.5361420018648775,5.737,15.103,7.2431,9.0395,12.16475,13.432500000000001,24,0,0,0,0.0,23.0,0,100.0,100.0,100.0,100.0,0,24,24,reported_gmt_minus_4_unconverted,1
2021-03-01,24,24,24,1.0,high,True,True,True,True,True,7.79625,7.045,1.9447656671177636,5.784,11.823,5.9914,6.28825,8.352250000000002,10.9321,24,0,0,0,0.0,23.0,0,100.0,100.0,100.0,100.0,0,24,24,reported_gmt_minus_4_unconverted,1
2021-03-02,24,24,24,1.0,high,True,True,True,True,True,7.5596250000000005,8.1625,1.5971238228248876,3.967,9.323,5.064,6.87875,8.668,9.0372,24,0,0,0,0.0,23.0,0,100.0,100.0,100.0,100.0,0,24,24,reported_gmt_minus_4_unconverted,1
2021-03-03,24,24,24,1.0,high,True,True,True,True,True,8.38275,8.692499999999999,2.675380692130764,2.29,12.255,3.8075000000000006,8.128499999999999,9.79075,11.1398,24,0,0,0,0.0,23.0,0,100.0,100.0,100.0,100.0,0,24,24,reported_gmt_minus_4_unconverted,1
2021-03-04,24,24,24,1.0,high,True,True,True,True,True,7.966541666666667,7.654999999999999,2.7442353172512877,2.93,12.136,4.1967,6.31625,10.652750000000001,11.354999999999999,24,0,0,0,0.0,23.0,0,100.0,100.0,100.0,100.0,0,24,24,reported_gmt_minus_4_unconverted,1
2021-03-05,24,24,24,1.0,high,True,True,True,True,True,2.747125,1.912,1.9684342113886402,0.545,6.949,1.0048000000000001,1.1695,4.1525,5.8039,24,0,0,0,0.0,23.0,0,100.0,100.0,100.0,100.0,0,24,24,reported_gmt_minus_4_unconverted,1
2021-03-06,24,24,24,1.0,high,True,True,True,True,True,0.9546250000000001,0.7364999999999999,0.5763218313241913,0.386,2.845,0.5194,0.60925,1.12,1.7374999999999998,24,0,0,0,0.0,23.0,0,100.0,100.0,100.0,100.0,0,24,24,reported_gmt_minus_4_unconverted,1
2021-03-07,24,24,24,1.0,high,True,True,True,True,True,0.9326666666666666,0.6485000000000001,0.7820696992549665,0.414,3.504,0.49169999999999997,0.52775,0.8422499999999999,1.8304999999999993,24,0,0,0,0.0,23.0,0,100.0,100.0,100.0,100.0,0,24,24,reported_gmt_minus_4_unconverted,1
2021-03-08,24,24,24,1.0,high,True,True,True,True,True,0.9996666666666667,0.9105000000000001,0.32445910396370065,0.535,1.75,0.595,0.7877500000000001,1.2040000000000002,1.4133,24,0,0,0,0.0,23.0,0,100.0,100.0,100.0,100.0,0,24,24,reported_gmt_minus_4_unconverted,1
2021-03-09,24,24,24,1.0,high,True,True,True,True,True,0.9437083333333334,0.902,0.28626143101028817,0.445,1.632,0.6083,0.76425,1.1280000000000001,1.256,24,0,0,0,0.0,23.0,0,100.0,100.0,100.0,100.0,0,24,24,reported_gmt_minus_4_unconverted,1
2021-03-10,24,24,24,1.0,high,True,True,True,True,True,0.7112083333333333,0.652,0.2980920457738233,0.343,1.579,0.39980000000000004,0.48025,0.916,1.0434999999999999,24,0,0,0,0.0,23.0,0,100.0,100.0,100.0,100.0,0,24,24,reported_gmt_minus_4_unconverted,1
2021-03-11,24,24,24,1.0,high,True,True,True,True,True,0.5817083333333334,0.5754999999999999,0.16680123009833844,0.262,0.929,0.3613,0.523,0.67825,0.7821,24,0,0,0,0.0,23.0,0,100.0,100.0,100.0,100.0,0,24,24,reported_gmt_minus_4_unconverted,1
2021-03-12,24,24,24,1.0,high,True,True,True,True,True,0.9349166666666667,0.7775000000000001,0.49437038716952386,0.376,2.251,0.4835,0.52075,1.1917499999999999,1.5978999999999997,24,0,0,0,0.0,23.0,0,100.0,100.0,100.0,100.0,0,24,24,reported_gmt_minus_4_unconverted,1
2021-03-13,24,24,24,1.0,high,True,True,True,True,True,1.6952083333333334,1.6280000000000001,0.6891958754303054,0.406,2.911,0.9209,1.20675,2.38525,2.4627,24,0,0,0,0.0,23.0,0,100.0,100.0,100.0,100.0,0,24,24,reported_gmt_minus_4_unconverted,1
2021-03-14,24,24,24,1.0,high,True,True,True,True,True,2.0068333333333332,1.7109999999999999,0.935763936539305,0.775,4.29,0.902,1.37225,2.8045,3.1843,24,0,0,0,0.0,23.0,0,100.0,100.0,100.0,100.0,0,24,24,reported_gmt_minus_4_unconverted,1
2021-03-15,24,24,24,1.0,high,True,True,True,True,True,1.96675,1.6549999999999998,0.9678490382645246,0.837,4.001,1.0222,1.24025,2.26075,3.6597,24,0,0,0,0.0,23.0,0,100.0,100.0,100.0,100.0,0,24,24,reported_gmt_minus_4_unconverted,1
2021-03-16,24,24,24,1.0,high,True,True,True,True,True,1.3533333333333335,1.399,0.45890907185616203,0.555,2.107,0.8198,0.9535,1.65975,1.9728999999999999,24,0,0,0,0.0,23.0,0,100.0,100.0,100.0,100.0,0,24,24,reported_gmt_minus_4_unconverted,1
2021-03-17,24,24,24,1.0,high,True,True,True,True,True,1.0475833333333335,1.0379999999999998,0.37388697625685324,0.203,1.636,0.6839000000000001,0.8452500000000001,1.3465,1.5149,24,0,0,0,0.0,23.0,0,100.0,100.0,100.0,100.0,0,24,24,reported_gmt_minus_4_unconverted,1
2021-03-18,24,24,24,1.0,high,True,True,True,True,True,0.9614999999999999,0.9564999999999999,0.24722512184154188,0.496,1.425,0.6559,0.816,1.1225,1.2962,24,0,0,0,0.0,23.0,0,100.0,100.0,100.0,100.0,0,24,24,reported_gmt_minus_4_unconverted,1
2021-03-19,24,24,24,1.0,high,True,True,True,True,True,0.9370833333333334,0.889,0.22550502099233535,0.637,1.74,0.7505000000000001,0.8045,0.996,1.1259,24,0,0,0,0.0,23.0,0,100.0,100.0,100.0,100.0,0,24,24,reported_gmt_minus_4_unconverted,1
2021-03-20,24,24,24,1.0,high,True,True,True,True,True,0.9839583333333334,0.9444999999999999,0.30267366257157685,0.637,1.899,0.7087,0.7817500000000001,1.0514999999999999,1.3885,24,0,0,0,0.0,23.0,0,100.0,100.0,100.0,100.0,0,24,24,reported_gmt_minus_4_unconverted,1
2021-03-21,24,24,24,1.0,high,True,True,True,True,True,1.033625,0.9085000000000001,0.45595421323332175,0.617,2.818,0.6708000000000001,0.774,1.134,1.3999,24,0,0,0,0.0,23.0,0,100.0,100.0,100.0,100.0,0,24,24,reported_gmt_minus_4_unconverted,1
2021-03-22,24,24,24,1.0,high,True,True,True,True,True,1.0259166666666666,0.7765,0.800117704203394,0.456,3.881,0.5081,0.634,0.9502499999999999,1.8779999999999994,24,0,0,0,0.0,23.0,0,100.0,100.0,100.0,100.0,0,24,24,reported_gmt_minus_4_unconverted,1
2021-03-23,24,24,24,1.0,high,True,True,True,True,True,1.1334583333333332,0.984,0.44073120854825537,0.698,2.394,0.7587,0.8525,1.2785,1.5909,24,0,0,0,0.0,23.0,0,100.0,100.0,100.0,100.0,0,24,24,reported_gmt_minus_4_unconverted,1
2021-03-24,24,24,24,1.0,high,True,True,True,True,True,1.094875,1.0405,0.32666207941913733,0.701,1.735,0.7082999999999999,0.81875,1.312,1.5752,24,0,0,0,0.0,23.0,0,100.0,100.0,100.0,100.0,0,24,24,reported_gmt_minus_4_unconverted,1
2021-03-25,24,24,24,1.0,high,True,True,True,True,True,1.4441666666666668,1.4875,0.46249565607047377,0.687,2.613,0.9712999999999999,1.0165,1.71025,1.9565,24,0,0,0,0.0,23.0,0,100.0,100.0,100.0,100.0,0,24,24,reported_gmt_minus_4_unconverted,1
2021-03-26,24,24,24,1.0,high,True,True,True,True,True,1.919125,1.9235,0.49715506394755316,1.118,2.785,1.2584,1.538,2.2205,2.6313999999999997,24,0,0,0,0.0,23.0,0,100.0,100.0,100.0,100.0,0,24,24,reported_gmt_minus_4_unconverted,1
2021-03-27,24,24,24,1.0,high,True,True,True,True,True,2.257625,2.0525,0.5418830142078237,1.539,3.192,1.6364,1.8619999999999999,2.74525,2.9144,24,0,0,0,0.0,23.0,0,100.0,100.0,100.0,100.0,0,24,24,reported_gmt_minus_4_unconverted,1
2021-03-28,24,24,24,1.0,high,True,True,True,True,True,6.063083333333334,5.013999999999999,3.1617798910914314,2.724,12.072,2.9087,3.2874999999999996,9.27575,10.1716,24,0,0,0,0.0,23.0,0,100.0,100.0,100.0,100.0,0,24,24,reported_gmt_minus_4_unconverted,1
2021-03-29,24,24,24,1.0,high,True,True,True,True,True,9.887166666666667,9.285499999999999,4.5584380969865075,1.722,17.512,4.8039000000000005,7.061,11.728750000000002,16.921699999999998,24,0,0,0,0.0,23.0,0,100.0,100.0,100.0,100.0,0,24,24,reported_gmt_minus_4_unconverted,1
2021-03-30,24,24,24,1.0,high,True,True,True,True,True,4.999416666666666,4.9505,2.649319271331652,0.693,10.168,1.4189000000000003,2.64775,6.899,7.4994,24,0,0,0,0.0,23.0,0,100.0,100.0,100.0,100.0,0,24,24,reported_gmt_minus_4_unconverted,1
2021-03-31,24,24,24,1.0,high,True,True,True,True,True,3.5555833333333333,3.303,1.8399645298250977,0.6,7.808,1.4941000000000002,1.97475,5.308249999999999,5.550199999999999,24,0,0,0,0.0,23.0,0,100.0,100.0,100.0,100.0,0,24,24,reported_gmt_minus_4_unconverted,1
2021-04-01,24,24,24,1.0,high,True,True,True,True,True,5.540208333333333,5.4665,2.4295679161237644,2.07,12.253,2.9879000000000002,3.76725,6.28075,8.7954,24,0,0,0,0.0,23.0,0,100.0,100.0,100.0,100.0,0,24,24,reported_gmt_minus_4_unconverted,1
2021-04-02,24,24,24,1.0,high,True,True,True,True,True,8.730625,7.7524999999999995,4.562918705623675,2.637,20.416,4.364,5.3325,10.77275,12.947299999999998,24,0,0,0,0.0,23.0,0,100.0,100.0,100.0,100.0,0,24,24,reported_gmt_minus_4_unconverted,1
2021-04-03,24,24,24,1.0,high,True,True,True,True,True,10.746833333333335,11.1965,4.537097239680768,4.26,17.377,4.527,6.2575,14.60775,16.4479,24,0,0,0,0.0,23.0,0,100.0,100.0,100.0,100.0,0,24,24,reported_gmt_minus_4_unconverted,1
2021-04-04,24,24,24,1.0,high,True,True,True,True,True,10.136083333333334,8.535,2.6699731624879295,7.598,15.511,7.8770999999999995,8.175,12.39675,14.1611,24,0,0,0,0.0,23.0,0,100.0,100.0,100.0,100.0,0,24,24,reported_gmt_minus_4_unconverted,1
2021-04-05,24,24,24,1.0,high,True,True,True,True,True,7.178041666666666,7.266500000000001,0.6971455140453988,5.076,8.178,6.6232,6.833500000000001,7.69275,7.8453,24,0,0,0,0.0,23.0,0,100.0,100.0,100.0,100.0,0,24,24,reported_gmt_minus_4_unconverted,1
2021-04-06,24,24,24,1.0,high,True,True,True,True,True,4.935958333333333,5.326,1.475340652753345,2.552,6.99,2.9050000000000002,3.67725,6.168,6.6073,24,0,0,0,0.0,23.0,0,100.0,100.0,100.0,100.0,0,24,24,reported_gmt_minus_4_unconverted,1
2021-04-07,24,24,24,1.0,high,True,True,True,True,True,3.093541666666667,2.9050000000000002,0.938531877532632,1.614,4.677,1.9236,2.33225,3.846,4.3347999999999995,24,0,0,0,0.0,23.0,0,100.0,100.0,100.0,100.0,0,24,24,reported_gmt_minus_4_unconverted,1
2021-04-08,24,24,24,1.0,high,True,True,True,True,True,2.4205833333333335,2.493,0.8293015875954933,1.02,3.902,1.3291,1.714,3.02575,3.384,24,0,0,0,0.0,23.0,0,100.0,100.0,100.0,100.0,0,24,24,reported_gmt_minus_4_unconverted,1
2021-04-09,24,24,24,1.0,high,True,True,True,True,True,1.2862083333333334,1.1965,0.4061443285086105,0.782,2.34,0.9118,1.05825,1.34975,1.8825999999999996,24,0,0,0,0.0,23.0,0,100.0,100.0,100.0,100.0,0,24,24,reported_gmt_minus_4_unconverted,1
2021-04-10,24,24,24,1.0,high,True,True,True,True,True,1.0864583333333333,0.914,0.41405523462316063,0.625,2.24,0.7288,0.8234999999999999,1.2015,1.5906999999999998,24,0,0,0,0.0,23.0,0,100.0,100.0,100.0,100.0,0,24,24,reported_gmt_minus_4_unconverted,1
2021-04-11,24,24,24,1.0,high,True,True,True,True,True,0.6835000000000001,0.6695,0.10220397337634697,0.51,0.882,0.5690000000000001,0.61475,0.749,0.8266,24,0,0,0,0.0,23.0,0,100.0,100.0,100.0,100.0,0,24,24,reported_gmt_minus_4_unconverted,1
2021-04-12,24,24,24,1.0,high,True,True,True,True,True,1.2220833333333332,1.2875,0.3395952727517895,0.658,1.713,0.7909,0.8845000000000001,1.5245,1.6275,24,0,0,0,0.0,23.0,0,100.0,100.0,100.0,100.0,0,24,24,reported_gmt_minus_4_unconverted,1
2021-04-13,24,24,24,1.0,high,True,True,True,True,True,1.8934583333333332,1.8599999999999999,0.5169785109625945,1.168,3.594,1.2863,1.638,2.07325,2.3996,24,0,0,0,0.0,23.0,0,100.0,100.0,100.0,100.0,0,24,24,reported_gmt_minus_4_unconverted,1
2021-04-14,24,24,24,1.0,high,True,True,True,True,True,1.7373750000000001,1.808,0.5087563534482031,0.754,2.728,0.9388000000000001,1.41475,2.035,2.2006,24,0,0,0,0.0,23.0,0,100.0,100.0,100.0,100.0,0,24,24,reported_gmt_minus_4_unconverted,1
2021-04-15,24,24,24,1.0,high,True,True,True,True,True,1.6635833333333334,1.8319999999999999,0.6165479576302001,0.74,2.561,0.9166000000000001,1.03,2.234,2.3721,24,0,0,0,0.0,23.0,0,100.0,100.0,100.0,100.0,0,24,24,reported_gmt_minus_4_unconverted,1
2021-04-16,24,24,24,1.0,high,True,True,True,True,True,0.9824999999999999,0.935,0.25159646779852785,0.682,1.455,0.714,0.7515000000000001,1.19275,1.3482,24,0,0,0,0.0,23.0,0,100.0,100.0,100.0,100.0,0,24,24,reported_gmt_minus_4_unconverted,1
2021-04-17,24,24,24,1.0,high,True,True,True,True,True,1.19,1.173,0.4630463400605584,0.63,2.485,0.723,0.7975,1.44525,1.6334,24,0,0,0,0.0,23.0,0,100.0,100.0,100.0,100.0,0,24,24,reported_gmt_minus_4_unconverted,1
2021-04-18,24,24,24,1.0,high,True,True,True,True,True,1.6655,1.52,0.7358748712158587,0.709,3.688,0.8180000000000001,1.1444999999999999,2.08575,2.5869,24,0,0,0,0.0,23.0,0,100.0,100.0,100.0,100.0,0,24,24,reported_gmt_minus_4_unconverted,1
2021-04-19,24,24,24,1.0,high,True,True,True,True,True,1.2754166666666666,1.3105,0.26123001969223564,0.744,1.746,0.9489,1.0667499999999999,1.44325,1.5716,24,0,0,0,0.0,23.0,0,100.0,100.0,100.0,100.0,0,24,24,reported_gmt_minus_4_unconverted,1
2021-04-20,24,24,24,1.0,high,True,True,True,True,True,1.6669999999999998,1.6015000000000001,0.322445816142536,1.095,2.257,1.3177,1.4449999999999998,1.81875,2.1693000000000002,24,0,0,0,0.0,23.0,0,100.0,100.0,100.0,100.0,0,24,24,reported_gmt_minus_4_unconverted,1
2021-04-21,24,24,24,1.0,high,True,True,True,True,True,1.8890833333333334,1.8355000000000001,0.4362720448314896,1.131,2.921,1.4273,1.66825,2.01375,2.5330999999999997,24,0,0,0,0.0,23.0,0,100.0,100.0,100.0,100.0,0,24,24,reported_gmt_minus_4_unconverted,1
2021-04-22,24,24,16,0.666667,partial,False,True,False,False,False,1.5149375000000003,1.5645,0.5168577455806063,0.655,2.471,0.8275,1.23725,1.76075,2.1275,16,8,0,0,0.0,23.0,8,0.0,100.0,66.66666666666667,100.0,8,16,16,reported_gmt_minus_4_unconverted,1
2021-04-23,24,24,24,1.0,high,True,True,True,True,True,1.36475,1.135,0.5980751915792936,0.685,2.656,0.7492,0.9572499999999999,1.7785,2.2624999999999997,24,0,0,0,0.0,23.0,0,100.0,100.0,100.0,100.0,0,24,24,reported_gmt_minus_4_unconverted,1
2021-04-24,24,24,24,1.0,high,True,True,True,True,True,1.4181666666666668,1.3495,0.5075993513089584,0.611,2.855,0.9418000000000001,1.0494999999999999,1.7690000000000001,1.9255999999999998,24,0,0,0,0.0,23.0,0,100.0,100.0,100.0,100.0,0,24,24,reported_gmt_minus_4_unconverted,1
2021-04-25,24,24,24,1.0,high,True,True,True,True,True,1.5222916666666668,1.4815,0.32106473398023194,0.785,2.052,1.1288,1.3679999999999999,1.7437500000000001,1.8736,24,0,0,0,0.0,23.0,0,100.0,100.0,100.0,100.0,0,24,24,reported_gmt_minus_4_unconverted,1
2021-04-26,24,24,24,1.0,high,True,True,True,True,True,1.4338333333333333,1.4315,0.2697918145318827,0.997,2.111,1.1195,1.2574999999999998,1.54975,1.7263,24,0,0,0,0.0,23.0,0,100.0,100.0,100.0,100.0,0,24,24,reported_gmt_minus_4_unconverted,1
2021-04-27,24,24,24,1.0,high,True,True,True,True,True,1.331125,1.27,0.39206857347197294,0.615,1.982,0.8805000000000001,1.05675,1.6765,1.8545,24,0,0,0,0.0,23.0,0,100.0,100.0,100.0,100.0,0,24,24,reported_gmt_minus_4_unconverted,1
2021-04-28,24,24,24,1.0,high,True,True,True,True,True,1.5287499999999998,1.4395,0.31828866444321186,0.966,2.103,1.1896,1.30525,1.81075,1.9544,24,0,0,0,0.0,23.0,0,100.0,100.0,100.0,100.0,0,24,24,reported_gmt_minus_4_unconverted,1
2021-04-29,24,24,24,1.0,high,True,True,True,True,True,1.659375,1.3995,0.6839559998878646,0.707,3.203,1.0073,1.24425,2.1572500000000003,2.6155999999999997,24,0,0,0,0.0,23.0,0,100.0,100.0,100.0,100.0,0,24,24,reported_gmt_minus_4_unconverted,1
2021-04-30,24,24,24,1.0,high,True,True,True,True,True,1.9295,1.859,0.6345091221463696,1.049,3.429,1.152,1.5637500000000002,2.1285,2.8303,24,0,0,0,0.0,23.0,0,100.0,100.0,100.0,100.0,0,24,24,reported_gmt_minus_4_unconverted,1
2021-05-01,24,24,24,1.0,high,True,True,True,True,True,4.18875,4.181,1.8135732984072224,1.504,7.393,1.9914,2.447,5.69525,6.5181,24,0,0,0,0.0,23.0,0,100.0,100.0,100.0,100.0,0,24,24,reported_gmt_minus_4_unconverted,1
2021-05-02,24,24,24,1.0,high,True,True,True,True,True,4.241833333333333,3.9745,1.206748259712373,1.996,7.32,3.1431,3.4804999999999997,5.0447500000000005,5.6339999999999995,24,0,0,0,0.0,23.0,0,100.0,100.0,100.0,100.0,0,24,24,reported_gmt_minus_4_unconverted,1
2021-05-03,24,24,24,1.0,high,True,True,True,True,True,3.1575,3.2030000000000003,1.5294954837405075,0.927,5.355,1.0853,1.8707500000000001,4.58075,5.1881,24,0,0,0,0.0,23.0,0,100.0,100.0,100.0,100.0,0,24,24,reported_gmt_minus_4_unconverted,1
2021-05-04,24,24,24,1.0,high,True,True,True,True,True,3.177708333333333,3.0455,0.8881228606334318,2.031,5.065,2.2623,2.48125,3.628,4.5339,24,0,0,0,0.0,23.0,0,100.0,100.0,100.0,100.0,0,24,24,reported_gmt_minus_4_unconverted,1
2021-05-05,24,24,24,1.0,high,True,True,True,True,True,2.444458333333334,2.3625,1.5837798205329983,0.531,5.934,0.6635,0.9385,3.4295,4.6392999999999995,24,0,0,0,0.0,23.0,0,100.0,100.0,100.0,100.0,0,24,24,reported_gmt_minus_4_unconverted,1
2021-05-06,24,24,24,1.0,high,True,True,True,True,True,2.8673749999999996,2.3419999999999996,1.8159114327306107,0.789,6.786,1.0992,1.4860000000000002,3.93775,5.751899999999999,24,0,0,0,0.0,23.0,0,100.0,100.0,100.0,100.0,0,24,24,reported_gmt_minus_4_unconverted,1
2021-05-07,24,24,24,1.0,high,True,True,True,True,True,5.867541666666667,5.346,2.1460016406486426,3.088,10.802,3.6251,4.46675,6.39075,9.1721,24,0,0,0,0.0,23.0,0,100.0,100.0,100.0,100.0,0,24,24,reported_gmt_minus_4_unconverted,1
2021-05-08,24,24,24,1.0,high,True,True,True,True,True,7.1142916666666665,7.066000000000001,1.3345543949090326,3.504,9.193,5.6522,6.374499999999999,7.93725,8.7874,24,0,0,0,0.0,23.0,0,100.0,100.0,100.0,100.0,0,24,24,reported_gmt_minus_4_unconverted,1
2021-05-09,24,24,24,1.0,high,True,True,True,True,True,6.843541666666667,6.59,2.1827335868657642,2.829,11.556,4.5823,5.06625,8.17875,8.856,24,0,0,0,0.0,23.0,0,100.0,100.0,100.0,100.0,0,24,24,reported_gmt_minus_4_unconverted,1
2021-05-10,24,24,24,1.0,high,True,True,True,True,True,5.162083333333334,4.551,2.5022238094849993,2.525,12.498,2.8796,3.28575,5.689,8.200899999999999,24,0,0,0,0.0,23.0,0,100.0,100.0,100.0,100.0,0,24,24,reported_gmt_minus_4_unconverted,1
2021-05-11,24,24,24,1.0,high,True,True,True,True,True,6.387041666666668,6.1645,2.785722925127284,2.204,11.16,3.3302,3.87025,8.20775,10.2857,24,0,0,0,0.0,23.0,0,100.0,100.0,100.0,100.0,0,24,24,reported_gmt_minus_4_unconverted,1
2021-05-12,24,24,24,1.0,high,True,True,True,True,True,8.338583333333332,8.4975,2.2071302027483695,4.156,11.226,4.7395,7.15575,10.23025,10.6249,24,0,0,0,0.0,23.0,0,100.0,100.0,100.0,100.0,0,24,24,reported_gmt_minus_4_unconverted,1
2021-05-13,24,24,24,1.0,high,True,True,True,True,True,7.259416666666667,7.559,2.1413662423924524,3.755,10.41,4.1275,5.732749999999999,8.4985,10.2445,24,0,0,0,0.0,23.0,0,100.0,100.0,100.0,100.0,0,24,24,reported_gmt_minus_4_unconverted,1
2021-05-14,24,24,24,1.0,high,True,True,True,True,True,5.493791666666667,5.3765,1.973819184246989,2.386,8.846,2.8104999999999998,3.803,6.887,8.0916,24,0,0,0,0.0,23.0,0,100.0,100.0,100.0,100.0,0,24,24,reported_gmt_minus_4_unconverted,1
2021-05-15,24,24,24,1.0,high,True,True,True,True,True,5.143166666666667,5.5215,1.6007416125486735,1.676,7.312,2.9287,3.957,6.404,6.9002,24,0,0,0,0.0,23.0,0,100.0,100.0,100.0,100.0,0,24,24,reported_gmt_minus_4_unconverted,1
2021-05-16,24,24,24,1.0,high,True,True,True,True,True,4.4344166666666665,4.742,1.8903265169223307,0.764,7.267,1.4290000000000003,3.317,5.919,6.3055,24,0,0,0,0.0,23.0,0,100.0,100.0,100.0,100.0,0,24,24,reported_gmt_minus_4_unconverted,1
2021-05-17,24,24,24,1.0,high,True,True,True,True,True,6.959666666666666,7.457000000000001,2.052994306662443,3.085,10.376,3.8616,5.9805,8.36725,9.3786,24,0,0,0,0.0,23.0,0,100.0,100.0,100.0,100.0,0,24,24,reported_gmt_minus_4_unconverted,1
2021-05-18,24,24,24,1.0,high,True,True,True,True,True,6.858666666666667,7.1995000000000005,1.6323512427508193,4.256,10.241,4.9098,5.4567499999999995,8.01325,8.457099999999999,24,0,0,0,0.0,23.0,0,100.0,100.0,100.0,100.0,0,24,24,reported_gmt_minus_4_unconverted,1
2021-05-19,24,24,24,1.0,high,True,True,True,True,True,5.280333333333334,5.0845,1.4167533818302804,2.223,7.228,3.4334000000000002,4.697,6.3795,6.9951,24,0,0,0,0.0,23.0,0,100.0,100.0,100.0,100.0,0,24,24,reported_gmt_minus_4_unconverted,1
2021-05-20,24,24,24,1.0,high,True,True,True,True,True,4.766333333333333,4.0440000000000005,2.1839296784877735,2.22,9.73,2.5691,3.3812499999999996,5.7095,8.0544,24,0,0,0,0.0,23.0,0,100.0,100.0,100.0,100.0,0,24,24,reported_gmt_minus_4_unconverted,1
2021-05-21,24,24,24,1.0,high,True,True,True,True,True,3.9923333333333333,3.4885,2.4683912674605226,0.804,8.554,1.1582000000000001,2.09975,5.56175,7.7501,24,0,0,0,0.0,23.0,0,100.0,100.0,100.0,100.0,0,24,24,reported_gmt_minus_4_unconverted,1
2021-05-22,24,24,24,1.0,high,True,True,True,True,True,3.8114166666666662,3.8095,2.3026285908796127,0.499,7.174,0.8276000000000001,1.429,5.807499999999999,6.541899999999999,24,0,0,0,0.0,23.0,0,100.0,100.0,100.0,100.0,0,24,24,reported_gmt_minus_4_unconverted,1
2021-05-23,24,24,24,1.0,high,True,True,True,True,True,3.6220416666666666,4.051,1.636239843138946,0.474,5.687,1.5124,2.11375,5.1594999999999995,5.607399999999999,24,0,0,0,0.0,23.0,0,100.0,100.0,100.0,100.0,0,24,24,reported_gmt_minus_4_unconverted,1
2021-05-24,24,24,24,1.0,high,True,True,True,True,True,5.5162916666666675,5.2405,3.5174715780708494,1.311,12.203,1.5661,2.4132499999999997,7.9575000000000005,10.0802,24,0,0,0,0.0,23.0,0,100.0,100.0,100.0,100.0,0,24,24,reported_gmt_minus_4_unconverted,1
2021-05-25,24,24,24,1.0,high,True,True,True,True,True,8.692,9.186499999999999,3.2755848465513027,2.486,14.076,3.8997000000000006,6.38275,10.784500000000001,12.606099999999998,24,0,0,0,0.0,23.0,0,100.0,100.0,100.0,100.0,0,24,24,reported_gmt_minus_4_unconverted,1
2021-05-26,24,24,24,1.0,high,True,True,True,True,True,11.264041666666666,11.788499999999999,3.1271979050451604,4.572,15.222,6.557,9.1745,13.85725,14.5092,24,0,0,0,0.0,23.0,0,100.0,100.0,100.0,100.0,0,24,24,reported_gmt_minus_4_unconverted,1
2021-05-27,24,24,24,1.0,high,True,True,True,True,True,13.686375000000004,13.729,1.4915022427798728,9.938,15.761,11.8017,13.17025,14.61575,15.5457,24,0,0,0,0.0,23.0,0,100.0,100.0,100.0,100.0,0,24,24,reported_gmt_minus_4_unconverted,1
2021-05-28,24,24,24,1.0,high,True,True,True,True,True,12.351166666666666,13.4665,2.3604760328055177,7.823,15.125,8.7391,10.589749999999999,13.963750000000001,14.5341,24,0,0,0,0.0,23.0,0,100.0,100.0,100.0,100.0,0,24,24,reported_gmt_minus_4_unconverted,1
2021-05-29,24,24,24,1.0,high,True,True,True,True,True,11.712666666666669,11.803999999999998,1.1035049956218226,9.032,14.2,10.1819,11.504,12.16925,12.412,24,0,0,0,0.0,23.0,0,100.0,100.0,100.0,100.0,0,24,24,reported_gmt_minus_4_unconverted,1
2021-05-30,24,24,24,1.0,high,True,True,True,True,True,9.659541666666668,9.893,1.1847998539165085,4.834,11.148,8.9902,9.49825,10.1835,10.4692,24,0,0,0,0.0,23.0,0,100.0,100.0,100.0,100.0,0,24,24,reported_gmt_minus_4_unconverted,1
2021-05-31,24,24,24,1.0,high,True,True,True,True,True,7.574041666666666,7.614,0.9763283249954422,5.309,9.035,6.3913,7.0447500000000005,8.29325,8.6736,24,0,0,0,0.0,23.0,0,100.0,100.0,100.0,100.0,0,24,24,reported_gmt_minus_4_unconverted,1
2021-06-01,24,24,24,1.0,high,True,True,True,True,True,7.602458333333334,7.7875,2.2565950490904902,1.898,10.715,5.5725,6.401,9.34725,10.082799999999999,24,0,0,0,0.0,23.0,0,100.0,100.0,100.0,100.0,0,24,24,reported_gmt_minus_4_unconverted,1
2021-06-02,24,24,24,1.0,high,True,True,True,True,True,6.593374999999999,6.2925,2.0513938381860823,1.595,12.355,4.5276,5.69575,7.7425,7.9383,24,0,0,0,0.0,23.0,0,100.0,100.0,100.0,100.0,0,24,24,reported_gmt_minus_4_unconverted,1
2021-06-03,24,24,24,1.0,high,True,True,True,True,True,9.6535,9.697500000000002,2.928446449688922,3.928,14.442,5.8646,8.06825,11.09875,14.1394,24,0,0,0,0.0,23.0,0,100.0,100.0,100.0,100.0,0,24,24,reported_gmt_minus_4_unconverted,1
2021-06-04,24,24,24,1.0,high,True,True,True,True,True,4.3062499999999995,3.867,1.9070442016263078,1.891,7.074,2.0466,2.79875,6.31675,6.8251,24,0,0,0,0.0,23.0,0,100.0,100.0,100.0,100.0,0,24,24,reported_gmt_minus_4_unconverted,1
2021-06-05,24,24,24,1.0,high,True,True,True,True,True,2.8864583333333336,2.7555,1.2077355015344489,1.061,5.05,1.5588,1.8262500000000002,3.8605,4.6815999999999995,24,0,0,0,0.0,23.0,0,100.0,100.0,100.0,100.0,0,24,24,reported_gmt_minus_4_unconverted,1
2021-06-06,24,24,24,1.0,high,True,True,True,True,True,1.6124166666666664,1.4595,0.527442304008667,0.831,3.062,1.1587,1.2682499999999999,1.8082500000000001,2.204,24,0,0,0,0.0,23.0,0,100.0,100.0,100.0,100.0,0,24,24,reported_gmt_minus_4_unconverted,1
2021-06-07,24,24,24,1.0,high,True,True,True,True,True,1.0558750000000001,1.0295,0.2674659364739986,0.637,1.612,0.7071000000000001,0.8795,1.3082500000000001,1.3557000000000001,24,0,0,0,0.0,23.0,0,100.0,100.0,100.0,100.0,0,24,24,reported_gmt_minus_4_unconverted,1
2021-06-08,24,24,24,1.0,high,True,True,True,True,True,1.0914166666666667,1.0865,0.09907525320230805,0.891,1.292,0.9845,1.037,1.1295,1.2449,24,0,0,0,0.0,23.0,0,100.0,100.0,100.0,100.0,0,24,24,reported_gmt_minus_4_unconverted,1
2021-06-09,24,24,24,1.0,high,True,True,True,True,True,1.2822916666666666,1.2774999999999999,0.3632831545259411,0.813,2.054,0.8967,0.9412499999999999,1.5170000000000001,1.7595999999999998,24,0,0,0,0.0,23.0,0,100.0,100.0,100.0,100.0,0,24,24,reported_gmt_minus_4_unconverted,1
2021-06-10,24,24,24,1.0,high,True,True,True,True,True,1.6140833333333333,1.5955,0.5400606984136269,0.951,2.504,0.9766,1.1235,2.16925,2.3572,24,0,0,0,0.0,23.0,0,100.0,100.0,100.0,100.0,0,24,24,reported_gmt_minus_4_unconverted,1
2021-06-11,24,24,24,1.0,high,True,True,True,True,True,2.618125,2.612,0.3240523726458292,2.052,3.24,2.2515,2.38275,2.8415,3.0077000000000003,24,0,0,0,0.0,23.0,0,100.0,100.0,100.0,100.0,0,24,24,reported_gmt_minus_4_unconverted,1
2021-06-12,24,24,24,1.0,high,True,True,True,True,True,3.0278750000000003,2.6470000000000002,0.6973272771961091,2.399,4.87,2.4413,2.50725,3.6020000000000003,3.9649,24,0,0,0,0.0,23.0,0,100.0,100.0,100.0,100.0,0,24,24,reported_gmt_minus_4_unconverted,1
2021-06-13,24,24,24,1.0,high,True,True,True,True,True,3.6839166666666667,3.2965,1.1246474971090377,2.81,6.943,2.8739,2.97325,3.7775,5.441499999999999,24,0,0,0,0.0,23.0,0,100.0,100.0,100.0,100.0,0,24,24,reported_gmt_minus_4_unconverted,1
2021-06-14,24,24,24,1.0,high,True,True,True,True,True,3.2575416666666666,3.07,1.069649474448712,1.757,4.984,2.0208999999999997,2.49,4.0425,4.8684,24,0,0,0,0.0,23.0,0,100.0,100.0,100.0,100.0,0,24,24,reported_gmt_minus_4_unconverted,1
2021-06-15,24,24,24,1.0,high,True,True,True,True,True,3.7800833333333332,3.894,0.7053056023835506,2.029,5.025,3.0021,3.1955,4.2852500000000004,4.5658,24,0,0,0,0.0,23.0,0,100.0,100.0,100.0,100.0,0,24,24,reported_gmt_minus_4_unconverted,1
2021-06-16,24,24,24,1.0,high,True,True,True,True,True,3.3502500000000004,3.3255,0.5634289623831685,2.493,4.745,2.5793,3.0345,3.6965000000000003,4.0108999999999995,24,0,0,0,0.0,23.0,0,100.0,100.0,100.0,100.0,0,24,24,reported_gmt_minus_4_unconverted,1
2021-06-17,24,24,24,1.0,high,True,True,True,True,True,4.7392916666666665,4.021,1.9803390680071336,2.502,8.608,2.5986,2.9755000000000003,6.541,7.6888,24,0,0,0,0.0,23.0,0,100.0,100.0,100.0,100.0,0,24,24,reported_gmt_minus_4_unconverted,1
2021-06-18,24,24,24,1.0,high,True,True,True,True,True,3.62125,3.6715,1.2160481344163114,1.654,6.601,2.1117,2.7105,4.15975,4.721699999999999,24,0,0,0,0.0,23.0,0,100.0,100.0,100.0,100.0,0,24,24,reported_gmt_minus_4_unconverted,1
2021-06-19,24,24,24,1.0,high,True,True,True,True,True,3.4121666666666663,2.9560000000000004,1.3063860094922561,1.539,6.166,1.7199,2.62325,4.43975,5.0302,24,0,0,0,0.0,23.0,0,100.0,100.0,100.0,100.0,0,24,24,reported_gmt_minus_4_unconverted,1
2021-06-20,24,24,24,1.0,high,True,True,True,True,True,4.2855,3.402,2.2286452504097447,1.658,8.541,2.2677,2.71675,5.66475,7.7867999999999995,24,0,0,0,0.0,23.0,0,100.0,100.0,100.0,100.0,0,24,24,reported_gmt_minus_4_unconverted,1
2021-06-21,24,24,24,1.0,high,True,True,True,True,True,7.079,8.26,2.786233065565796,1.511,10.239,2.4803,5.197,9.0975,9.7681,24,0,0,0,0.0,23.0,0,100.0,100.0,100.0,100.0,0,24,24,reported_gmt_minus_4_unconverted,1
2021-06-22,24,24,24,1.0,high,True,True,True,True,True,6.249375000000001,6.522,1.50217554733127,2.494,9.105,4.4197999999999995,5.764749999999999,7.0489999999999995,7.9257,24,0,0,0,0.0,23.0,0,100.0,100.0,100.0,100.0,0,24,24,reported_gmt_minus_4_unconverted,1
2021-06-23,24,24,24,1.0,high,True,True,True,True,True,6.050083333333333,6.159,0.9990500234099203,3.9,7.957,4.576,5.49425,6.603249999999999,7.1233,24,0,0,0,0.0,23.0,0,100.0,100.0,100.0,100.0,0,24,24,reported_gmt_minus_4_unconverted,1
2021-06-24,24,24,19,0.791667,standard,True,True,True,True,False,4.109473684210525,2.107,2.585689922297143,1.254,9.511,1.8274000000000001,1.92,6.215999999999999,6.936599999999999,19,5,0,0,0.0,23.0,5,0.0,100.0,79.16666666666667,100.0,5,19,19,reported_gmt_minus_4_unconverted,1
2021-06-25,24,24,24,1.0,high,True,True,True,True,True,1.78,1.725,0.28610928286081605,1.244,2.342,1.5183,1.58175,1.8915000000000002,2.2481,24,0,0,0,0.0,23.0,0,100.0,100.0,100.0,100.0,0,24,24,reported_gmt_minus_4_unconverted,1
2021-06-26,24,24,24,1.0,high,True,True,True,True,True,2.237,2.334,0.6159327320696495,1.07,3.125,1.3703,1.8085,2.65375,2.9957999999999996,24,0,0,0,0.0,23.0,0,100.0,100.0,100.0,100.0,0,24,24,reported_gmt_minus_4_unconverted,1
2021-06-27,24,24,24,1.0,high,True,True,True,True,True,3.7096666666666667,3.9165,0.9632461722767431,1.5,5.302,2.4946,3.075,4.34175,4.7511,24,0,0,0,0.0,23.0,0,100.0,100.0,100.0,100.0,0,24,24,reported_gmt_minus_4_unconverted,1
2021-06-28,24,24,24,1.0,high,True,True,True,True,True,5.118708333333333,4.7715,0.7638872258655591,4.217,6.572,4.3662,4.6129999999999995,5.72925,6.4039,24,0,0,0,0.0,23.0,0,100.0,100.0,100.0,100.0,0,24,24,reported_gmt_minus_4_unconverted,1
2021-06-29,24,24,24,1.0,high,True,True,True,True,True,6.0356250000000005,5.759,0.9336944762608376,4.402,7.869,5.1756,5.52625,6.3245000000000005,7.5385,24,0,0,0,0.0,23.0,0,100.0,100.0,100.0,100.0,0,24,24,reported_gmt_minus_4_unconverted,1
2021-06-30,24,24,24,1.0,high,True,True,True,True,True,5.311625,5.382,0.6291605043368435,3.571,6.724,4.6178,5.0355,5.7124999999999995,5.828799999999999,24,0,0,0,0.0,23.0,0,100.0,100.0,100.0,100.0,0,24,24,reported_gmt_minus_4_unconverted,1
2021-07-01,24,24,24,1.0,high,True,True,True,True,True,3.4128333333333334,3.472,0.9825867222116664,1.71,4.936,1.9124,2.7995,4.28725,4.4085,24,0,0,0,0.0,23.0,0,100.0,100.0,100.0,100.0,0,24,24,reported_gmt_minus_4_unconverted,1
2021-07-02,24,24,24,1.0,high,True,True,True,True,True,3.2423750000000005,3.136,0.760744647354328,1.871,4.924,2.391,2.76225,3.80325,4.2486999999999995,24,0,0,0,0.0,23.0,0,100.0,100.0,100.0,100.0,0,24,24,reported_gmt_minus_4_unconverted,1
2021-07-03,24,24,24,1.0,high,True,True,True,True,True,6.1206249999999995,5.6035,1.9757022705753318,2.716,10.262,3.931,4.9635,7.39725,8.984599999999999,24,0,0,0,0.0,23.0,0,100.0,100.0,100.0,100.0,0,24,24,reported_gmt_minus_4_unconverted,1
2021-07-04,24,24,24,1.0,high,True,True,True,True,True,5.398583333333334,5.207,1.0919239867104409,3.735,7.932,4.3582,4.70725,5.952,6.849499999999999,24,0,0,0,0.0,23.0,0,100.0,100.0,100.0,100.0,0,24,24,reported_gmt_minus_4_unconverted,1
2021-07-05,24,24,24,1.0,high,True,True,True,True,True,5.09575,5.0585,0.8994445749896216,3.78,6.637,4.0237,4.348000000000001,5.73075,6.4256,24,0,0,0,0.0,23.0,0,100.0,100.0,100.0,100.0,0,24,24,reported_gmt_minus_4_unconverted,1
2021-07-06,24,24,24,1.0,high,True,True,True,True,True,4.491166666666667,4.404,0.7158897575238355,2.987,6.028,3.8709,4.1005,4.710000000000001,5.653199999999999,24,0,0,0,0.0,23.0,0,100.0,100.0,100.0,100.0,0,24,24,reported_gmt_minus_4_unconverted,1
2021-07-07,24,24,24,1.0,high,True,True,True,True,True,4.762833333333333,4.537,1.147037494806841,2.434,7.171,3.5753,4.04425,5.19325,6.4155999999999995,24,0,0,0,0.0,23.0,0,100.0,100.0,100.0,100.0,0,24,24,reported_gmt_minus_4_unconverted,1
2021-07-08,24,24,24,1.0,high,True,True,True,True,True,4.841374999999999,4.7780000000000005,0.8145999718453437,3.472,6.5,3.9324000000000003,4.27275,5.2615,6.1209,24,0,0,0,0.0,23.0,0,100.0,100.0,100.0,100.0,0,24,24,reported_gmt_minus_4_unconverted,1
2021-07-09,24,24,23,0.958333,high,True,True,True,True,True,4.146826086956522,3.886,0.7131093026110061,3.272,5.399,3.4064,3.5765000000000002,4.7385,5.159999999999999,24,0,1,1,0.0,23.0,1,100.0,100.0,100.0,100.0,0,24,24,reported_gmt_minus_4_unconverted,1
2021-07-10,24,24,24,1.0,high,True,True,True,True,True,4.280333333333334,3.7969999999999997,1.2163615976476256,2.469,6.391,2.9513000000000003,3.361,5.48925,5.9863,24,0,0,0,0.0,23.0,0,100.0,100.0,100.0,100.0,0,24,24,reported_gmt_minus_4_unconverted,1
2021-07-11,24,24,24,1.0,high,True,True,True,True,True,5.513749999999999,5.6905,0.9905854329637601,3.778,6.792,4.0461,4.68675,6.25375,6.6671,24,0,0,0,0.0,23.0,0,100.0,100.0,100.0,100.0,0,24,24,reported_gmt_minus_4_unconverted,1
2021-07-12,24,24,24,1.0,high,True,True,True,True,True,5.248125,5.1955,0.48561357982766856,4.491,6.475,4.7358,4.89,5.58375,5.8711,24,0,0,0,0.0,23.0,0,100.0,100.0,100.0,100.0,0,24,24,reported_gmt_minus_4_unconverted,1
2021-07-13,24,24,24,1.0,high,True,True,True,True,True,4.347958333333334,4.351,0.529449137776948,3.046,5.26,3.6103,4.129,4.71575,4.9246,24,0,0,0,0.0,23.0,0,100.0,100.0,100.0,100.0,0,24,24,reported_gmt_minus_4_unconverted,1
2021-07-14,24,24,24,1.0,high,True,True,True,True,True,3.983833333333333,3.875,0.7962256434970673,2.468,5.323,2.9573,3.5717499999999998,4.68775,4.9337,24,0,0,0,0.0,23.0,0,100.0,100.0,100.0,100.0,0,24,24,reported_gmt_minus_4_unconverted,1
2021-07-15,24,24,24,1.0,high,True,True,True,True,True,3.8437083333333333,3.9635,1.1672762975020716,0.745,5.444,2.4218,3.4459999999999997,4.7835,4.9977,24,0,0,0,0.0,23.0,0,100.0,100.0,100.0,100.0,0,24,24,reported_gmt_minus_4_unconverted,1
2021-07-16,24,24,24,1.0,high,True,True,True,True,True,3.501,3.5164999999999997,1.3261058059957556,1.38,5.567,1.7976,2.3775,4.64025,5.2782,24,0,0,0,0.0,23.0,0,100.0,100.0,100.0,100.0,0,24,24,reported_gmt_minus_4_unconverted,1
2021-07-17,24,24,24,1.0,high,True,True,True,True,True,4.578208333333333,4.5085,2.2860040317048904,0.939,8.609,1.9723,2.714,5.85375,8.0239,24,0,0,0,0.0,23.0,0,100.0,100.0,100.0,100.0,0,24,24,reported_gmt_minus_4_unconverted,1
2021-07-18,24,24,24,1.0,high,True,True,True,True,True,8.248125,9.097,1.866082441733973,4.683,10.706,5.0703000000000005,7.1579999999999995,9.5635,9.7183,24,0,0,0,0.0,23.0,0,100.0,100.0,100.0,100.0,0,24,24,reported_gmt_minus_4_unconverted,1
2021-07-19,24,24,24,1.0,high,True,True,True,True,True,9.371708333333332,9.437999999999999,1.3573030317241381,5.183,12.424,8.2422,8.80275,10.11725,10.7545,24,0,0,0,0.0,23.0,0,100.0,100.0,100.0,100.0,0,24,24,reported_gmt_minus_4_unconverted,1
2021-07-20,24,24,24,1.0,high,True,True,True,True,True,10.938916666666666,12.022,3.0049980093557274,4.113,15.552,6.0036000000000005,9.646,12.64325,13.696399999999999,24,0,0,0,0.0,23.0,0,100.0,100.0,100.0,100.0,0,24,24,reported_gmt_minus_4_unconverted,1
2021-07-21,24,24,24,1.0,high,True,True,True,True,True,8.47325,8.713000000000001,2.714573026719175,3.341,12.668,4.6381000000000006,6.66025,10.8255,11.293199999999999,24,0,0,0,0.0,23.0,0,100.0,100.0,100.0,100.0,0,24,24,reported_gmt_minus_4_unconverted,1
2021-07-22,24,24,24,1.0,high,True,True,True,True,True,9.185958333333334,8.492999999999999,2.8513152492073406,4.122,13.762,5.0678,7.7517499999999995,11.47625,12.8172,24,0,0,0,0.0,23.0,0,100.0,100.0,100.0,100.0,0,24,24,reported_gmt_minus_4_unconverted,1
2021-07-23,24,24,24,1.0,high,True,True,True,True,True,9.179833333333333,9.29,1.5790692819193999,6.937,12.117,7.3687,7.773,10.54325,11.312999999999999,24,0,0,0,0.0,23.0,0,100.0,100.0,100.0,100.0,0,24,24,reported_gmt_minus_4_unconverted,1
2021-07-24,24,24,24,1.0,high,True,True,True,True,True,7.171166666666667,6.7565,1.1200216095223794,5.937,9.416,6.1501,6.2725,7.79025,8.9182,24,0,0,0,0.0,23.0,0,100.0,100.0,100.0,100.0,0,24,24,reported_gmt_minus_4_unconverted,1
2021-07-25,24,24,24,1.0,high,True,True,True,True,True,7.618166666666667,7.5805,0.9370357362526218,6.065,9.941,6.566,6.97225,8.096250000000001,8.6972,24,0,0,0,0.0,23.0,0,100.0,100.0,100.0,100.0,0,24,24,reported_gmt_minus_4_unconverted,1
2021-07-26,24,24,24,1.0,high,True,True,True,True,True,6.758416666666666,7.434,2.0279750859602204,1.955,10.089,3.9551000000000003,5.43225,8.064,8.7812,24,0,0,0,0.0,23.0,0,100.0,100.0,100.0,100.0,0,24,24,reported_gmt_minus_4_unconverted,1
2021-07-27,24,24,24,1.0,high,True,True,True,True,True,5.682416666666666,5.878,2.1947278511423027,2.187,8.976,2.7633,3.411,7.5112499999999995,8.2736,24,0,0,0,0.0,23.0,0,100.0,100.0,100.0,100.0,0,24,24,reported_gmt_minus_4_unconverted,1
2021-07-28,24,24,24,1.0,high,True,True,True,True,True,6.3265,6.6434999999999995,1.7906984306591711,3.005,9.332,3.6812,5.3365,7.34875,8.659799999999999,24,0,0,0,0.0,23.0,0,100.0,100.0,100.0,100.0,0,24,24,reported_gmt_minus_4_unconverted,1
2021-07-29,24,24,24,1.0,high,True,True,True,True,True,8.739875,8.66,1.358213286461938,5.863,10.854,7.212,7.78975,10.018749999999999,10.3194,24,0,0,0,0.0,23.0,0,100.0,100.0,100.0,100.0,0,24,24,reported_gmt_minus_4_unconverted,1
2021-07-30,24,24,24,1.0,high,True,True,True,True,True,6.885041666666666,6.1945,2.0206832137577426,4.412,10.174,4.8633,5.42225,8.87175,9.998800000000001,24,0,0,0,0.0,23.0,0,100.0,100.0,100.0,100.0,0,24,24,reported_gmt_minus_4_unconverted,1
2021-07-31,24,24,24,1.0,high,True,True,True,True,True,3.173125,3.1165000000000003,0.8917850839017017,1.457,4.709,1.9704,2.6390000000000002,3.84875,4.2318,24,0,0,0,0.0,23.0,0,100.0,100.0,100.0,100.0,0,24,24,reported_gmt_minus_4_unconverted,1
2021-08-01,24,24,24,1.0,high,True,True,True,True,True,2.777208333333333,2.365,0.8715225547315438,1.908,4.707,2.0676,2.2625,2.86125,4.3526,24,0,0,0,0.0,23.0,0,100.0,100.0,100.0,100.0,0,24,24,reported_gmt_minus_4_unconverted,1
2021-08-02,24,24,24,1.0,high,True,True,True,True,True,2.8622916666666662,2.9675000000000002,0.4352098423566016,1.87,3.583,2.3734,2.533,3.09875,3.3844,24,0,0,0,0.0,23.0,0,100.0,100.0,100.0,100.0,0,24,24,reported_gmt_minus_4_unconverted,1
2021-08-03,24,24,24,1.0,high,True,True,True,True,True,1.8239583333333336,1.792,0.25199801227074353,1.524,2.251,1.5503,1.59325,2.02825,2.1659,24,0,0,0,0.0,23.0,0,100.0,100.0,100.0,100.0,0,24,24,reported_gmt_minus_4_unconverted,1
2021-08-04,24,24,24,1.0,high,True,True,True,True,True,2.6645,2.5,0.7873805223375301,0.816,3.931,1.9731999999999998,2.08375,3.29125,3.7635,24,0,0,0,0.0,23.0,0,100.0,100.0,100.0,100.0,0,24,24,reported_gmt_minus_4_unconverted,1
2021-08-05,24,24,24,1.0,high,True,True,True,True,True,2.6366666666666663,2.3565,1.501924755443658,0.576,5.029,0.9764,1.16775,3.6365,4.87,24,0,0,0,0.0,23.0,0,100.0,100.0,100.0,100.0,0,24,24,reported_gmt_minus_4_unconverted,1
2021-08-06,24,24,11,0.458333,weak,False,False,False,False,False,2.0970909090909093,1.473,1.75383023434684,0.348,4.988,0.383,0.6054999999999999,3.6475,4.363,11,13,0,0,0.0,10.0,13,0.0,0.0,45.833333333333336,100.0,13,11,11,reported_gmt_minus_4_unconverted,1
2021-08-07,24,24,0,0.0,missing,False,False,False,False,False,,,,,,,,,,0,24,0,0,,,24,0.0,0.0,0.0,0.0,24,0,0,reported_gmt_minus_4_unconverted,1
2021-08-08,24,24,0,0.0,missing,False,False,False,False,False,,,,,,,,,,0,24,0,0,,,24,0.0,0.0,0.0,0.0,24,0,0,reported_gmt_minus_4_unconverted,1
2021-08-09,24,24,0,0.0,missing,False,False,False,False,False,,,,,,,,,,0,24,0,0,,,24,0.0,0.0,0.0,0.0,24,0,0,reported_gmt_minus_4_unconverted,1
2021-08-10,24,24,0,0.0,missing,False,False,False,False,False,,,,,,,,,,0,24,0,0,,,24,0.0,0.0,0.0,0.0,24,0,0,reported_gmt_minus_4_unconverted,1
2021-08-11,24,24,0,0.0,missing,False,False,False,False,False,,,,,,,,,,0,24,0,0,,,24,0.0,0.0,0.0,0.0,24,0,0,reported_gmt_minus_4_unconverted,1
2021-08-12,24,24,0,0.0,missing,False,False,False,False,False,,,,,,,,,,0,24,0,0,,,24,0.0,0.0,0.0,0.0,24,0,0,reported_gmt_minus_4_unconverted,1
2021-08-13,24,24,0,0.0,missing,False,False,False,False,False,,,,,,,,,,0,24,0,0,,,24,0.0,0.0,0.0,0.0,24,0,0,reported_gmt_minus_4_unconverted,1
2021-08-14,24,24,0,0.0,missing,False,False,False,False,False,,,,,,,,,,0,24,0,0,,,24,0.0,0.0,0.0,0.0,24,0,0,reported_gmt_minus_4_unconverted,1
2021-08-15,24,24,0,0.0,missing,False,False,False,False,False,,,,,,,,,,0,24,0,0,,,24,0.0,0.0,0.0,0.0,24,0,0,reported_gmt_minus_4_unconverted,1
2021-08-16,24,24,0,0.0,missing,False,False,False,False,False,,,,,,,,,,0,24,0,0,,,24,0.0,0.0,0.0,0.0,24,0,0,reported_gmt_minus_4_unconverted,1
2021-08-17,24,24,0,0.0,missing,False,False,False,False,False,,,,,,,,,,0,24,0,0,,,24,0.0,0.0,0.0,0.0,24,0,0,reported_gmt_minus_4_unconverted,1
2021-08-18,24,24,0,0.0,missing,False,False,False,False,False,,,,,,,,,,0,24,0,0,,,24,0.0,0.0,0.0,0.0,24,0,0,reported_gmt_minus_4_unconverted,1
2021-08-19,24,24,0,0.0,missing,False,False,False,False,False,,,,,,,,,,0,24,0,0,,,24,0.0,0.0,0.0,0.0,24,0,0,reported_gmt_minus_4_unconverted,1
2021-08-20,24,24,0,0.0,missing,False,False,False,False,False,,,,,,,,,,0,24,0,0,,,24,0.0,0.0,0.0,0.0,24,0,0,reported_gmt_minus_4_unconverted,1
2021-08-21,24,24,0,0.0,missing,False,False,False,False,False,,,,,,,,,,0,24,0,0,,,24,0.0,0.0,0.0,0.0,24,0,0,reported_gmt_minus_4_unconverted,1
2021-08-22,24,24,0,0.0,missing,False,False,False,False,False,,,,,,,,,,0,24,0,0,,,24,0.0,0.0,0.0,0.0,24,0,0,reported_gmt_minus_4_unconverted,1
2021-08-23,24,24,0,0.0,missing,False,False,False,False,False,,,,,,,,,,0,24,0,0,,,24,0.0,0.0,0.0,0.0,24,0,0,reported_gmt_minus_4_unconverted,1
2021-08-24,24,24,0,0.0,missing,False,False,False,False,False,,,,,,,,,,0,24,0,0,,,24,0.0,0.0,0.0,0.0,24,0,0,reported_gmt_minus_4_unconverted,1
2021-08-25,24,24,0,0.0,missing,False,False,False,False,False,,,,,,,,,,0,24,0,0,,,24,0.0,0.0,0.0,0.0,24,0,0,reported_gmt_minus_4_unconverted,1
2021-08-26,24,24,0,0.0,missing,False,False,False,False,False,,,,,,,,,,0,24,0,0,,,24,0.0,0.0,0.0,0.0,24,0,0,reported_gmt_minus_4_unconverted,1
2021-08-27,24,24,0,0.0,missing,False,False,False,False,False,,,,,,,,,,0,24,0,0,,,24,0.0,0.0,0.0,0.0,24,0,0,reported_gmt_minus_4_unconverted,1
2021-08-28,24,24,0,0.0,missing,False,False,False,False,False,,,,,,,,,,0,24,0,0,,,24,0.0,0.0,0.0,0.0,24,0,0,reported_gmt_minus_4_unconverted,1
2021-08-29,24,24,0,0.0,missing,False,False,False,False,False,,,,,,,,,,0,24,0,0,,,24,0.0,0.0,0.0,0.0,24,0,0,reported_gmt_minus_4_unconverted,1
2021-08-30,24,24,0,0.0,missing,False,False,False,False,False,,,,,,,,,,0,24,0,0,,,24,0.0,0.0,0.0,0.0,24,0,0,reported_gmt_minus_4_unconverted,1
2021-08-31,24,24,24,1.0,high,True,True,True,True,True,10.050541666666666,10.1215,2.699580836693093,4.101,13.472,5.832,8.6515,12.17575,12.834499999999998,24,0,0,0,0.0,23.0,0,100.0,100.0,100.0,100.0,0,24,24,reported_gmt_minus_4_unconverted,1
2021-09-01,24,24,24,1.0,high,True,True,True,True,True,6.827916666666667,6.198,2.9624022261123426,3.115,12.141,3.3771,4.28125,9.35675,10.67,24,0,0,0,0.0,23.0,0,100.0,100.0,100.0,100.0,0,24,24,reported_gmt_minus_4_unconverted,1
2021-09-02,24,24,24,1.0,high,True,True,True,True,True,5.525291666666667,5.429,1.858452546543393,2.657,10.668,3.4622,4.19975,6.332750000000001,7.328799999999999,24,0,0,0,0.0,23.0,0,100.0,100.0,100.0,100.0,0,24,24,reported_gmt_minus_4_unconverted,1
2021-09-03,24,24,24,1.0,high,True,True,True,True,True,7.862041666666666,8.1705,2.889573888838624,2.387,13.274,4.7412,5.58075,9.98075,11.3985,24,0,0,0,0.0,23.0,0,100.0,100.0,100.0,100.0,0,24,24,reported_gmt_minus_4_unconverted,1
2021-09-04,24,24,24,1.0,high,True,True,True,True,True,6.052833333333333,6.3345,3.0476162982648054,1.006,11.973,1.6069000000000002,4.23825,7.77925,9.6559,24,0,0,0,0.0,23.0,0,100.0,100.0,100.0,100.0,0,24,24,reported_gmt_minus_4_unconverted,1
2021-09-05,24,24,24,1.0,high,True,True,True,True,True,3.159833333333333,1.267,3.7770652820579547,0.531,13.344,0.5977,0.827,3.56025,10.053999999999998,24,0,0,0,0.0,23.0,0,100.0,100.0,100.0,100.0,0,24,24,reported_gmt_minus_4_unconverted,1
2021-09-06,24,24,24,1.0,high,True,True,True,True,True,3.792791666666666,1.8735,4.176934167743928,0.43,13.588,0.6978000000000001,1.02275,4.378,10.997099999999998,24,0,0,0,0.0,23.0,0,100.0,100.0,100.0,100.0,0,24,24,reported_gmt_minus_4_unconverted,1
2021-09-07,24,24,24,1.0,high,True,True,True,True,True,3.7544583333333335,2.4050000000000002,3.521800601460746,0.175,10.507,0.26280000000000003,0.576,6.34375,9.008,24,0,0,0,0.0,23.0,0,100.0,100.0,100.0,100.0,0,24,24,reported_gmt_minus_4_unconverted,1
2021-09-08,24,24,24,1.0,high,True,True,True,True,True,2.921875,2.0484999999999998,2.6745188646948623,0.156,7.602,0.2115,0.2685,5.43675,7.0154,24,0,0,0,0.0,23.0,0,100.0,100.0,100.0,100.0,0,24,24,reported_gmt_minus_4_unconverted,1
2021-09-09,24,24,24,1.0,high,True,True,True,True,True,2.0542916666666664,1.4489999999999998,1.6803253173422845,0.342,4.864,0.41580000000000006,0.54225,3.72075,4.676699999999999,24,0,0,0,0.0,23.0,0,100.0,100.0,100.0,100.0,0,24,24,reported_gmt_minus_4_unconverted,1
2021-09-10,24,24,24,1.0,high,True,True,True,True,True,6.549333333333333,6.214,3.3200909713396434,1.765,11.71,2.8673,3.84775,9.222249999999999,10.841800000000001,24,0,0,0,0.0,23.0,0,100.0,100.0,100.0,100.0,0,24,24,reported_gmt_minus_4_unconverted,1
2021-09-11,24,24,24,1.0,high,True,True,True,True,True,10.270666666666667,10.975,2.351826869305733,4.585,13.296,7.0682,8.98025,11.9335,12.237,24,0,0,0,0.0,23.0,0,100.0,100.0,100.0,100.0,0,24,24,reported_gmt_minus_4_unconverted,1
2021-09-12,24,24,24,1.0,high,True,True,True,True,True,11.098999999999998,10.89,1.0820826939387485,9.683,13.396,10.0669,10.15825,11.858,12.7692,24,0,0,0,0.0,23.0,0,100.0,100.0,100.0,100.0,0,24,24,reported_gmt_minus_4_unconverted,1
2021-09-13,24,24,24,1.0,high,True,True,True,True,True,8.889541666666666,9.079,3.061723867638404,2.299,13.181,4.0871,8.119,11.418000000000001,12.1299,24,0,0,0,0.0,23.0,0,100.0,100.0,100.0,100.0,0,24,24,reported_gmt_minus_4_unconverted,1
2021-09-14,24,24,24,1.0,high,True,True,True,True,True,8.587625000000001,8.975999999999999,2.801371928064502,2.251,13.681,4.8967,7.2785,10.43875,11.9277,24,0,0,0,0.0,23.0,0,100.0,100.0,100.0,100.0,0,24,24,reported_gmt_minus_4_unconverted,1
2021-09-15,24,24,24,1.0,high,True,True,True,True,True,6.61075,5.0565,4.067026071371733,2.237,14.893,3.1678,3.96525,7.30425,13.7448,24,0,0,0,0.0,23.0,0,100.0,100.0,100.0,100.0,0,24,24,reported_gmt_minus_4_unconverted,1
2021-09-16,24,24,24,1.0,high,True,True,True,True,True,5.749583333333334,5.1370000000000005,3.7328803649247293,1.608,13.397,2.0795,2.57375,7.24575,12.114299999999998,24,0,0,0,0.0,23.0,0,100.0,100.0,100.0,100.0,0,24,24,reported_gmt_minus_4_unconverted,1
2021-09-17,24,24,24,1.0,high,True,True,True,True,True,7.776041666666667,6.3155,4.071772602764451,2.695,15.421,3.7312,4.65025,10.337,14.168199999999999,24,0,0,0,0.0,23.0,0,100.0,100.0,100.0,100.0,0,24,24,reported_gmt_minus_4_unconverted,1
2021-09-18,24,24,24,1.0,high,True,True,True,True,True,9.22075,8.558,3.01745327761818,5.148,14.492,5.611,6.77525,11.713000000000001,13.6447,24,0,0,0,0.0,23.0,0,100.0,100.0,100.0,100.0,0,24,24,reported_gmt_minus_4_unconverted,1
2021-09-19,24,24,24,1.0,high,True,True,True,True,True,6.486750000000001,6.1805,2.4315384689712305,2.606,11.844,3.0898000000000003,5.113,8.284500000000001,9.4541,24,0,0,0,0.0,23.0,0,100.0,100.0,100.0,100.0,0,24,24,reported_gmt_minus_4_unconverted,1
2021-09-20,24,24,24,1.0,high,True,True,True,True,True,4.892916666666667,4.3934999999999995,1.9574564222295052,1.801,8.861,3.2735,3.3815,6.13725,8.003599999999999,24,0,0,0,0.0,23.0,0,100.0,100.0,100.0,100.0,0,24,24,reported_gmt_minus_4_unconverted,1
2021-09-21,24,24,24,1.0,high,True,True,True,True,True,5.210791666666666,5.5625,1.5876003762629136,2.483,7.39,2.9775,3.5425,6.496,7.002,24,0,0,0,0.0,23.0,0,100.0,100.0,100.0,100.0,0,24,24,reported_gmt_minus_4_unconverted,1
2021-09-22,24,24,24,1.0,high,True,True,True,True,True,6.173875,6.259,1.7239730733421263,2.679,8.564,3.7434,5.04975,7.6805,8.3751,24,0,0,0,0.0,23.0,0,100.0,100.0,100.0,100.0,0,24,24,reported_gmt_minus_4_unconverted,1
2021-09-23,24,24,24,1.0,high,True,True,True,True,True,6.361041666666666,6.364,3.648907441951294,1.057,13.283,1.4792000000000003,3.7222500000000003,8.78075,11.2597,24,0,0,0,0.0,23.0,0,100.0,100.0,100.0,100.0,0,24,24,reported_gmt_minus_4_unconverted,1
2021-09-24,24,24,24,1.0,high,True,True,True,True,True,7.608791666666666,8.3205,4.0238832853153905,0.951,12.873,1.5602,4.541,10.89125,12.0895,24,0,0,0,0.0,23.0,0,100.0,100.0,100.0,100.0,0,24,24,reported_gmt_minus_4_unconverted,1
2021-09-25,24,24,24,1.0,high,True,True,True,True,True,9.146041666666667,8.5875,2.004557578406,5.812,15.304,7.2027,8.2365,9.8675,11.521099999999999,24,0,0,0,0.0,23.0,0,100.0,100.0,100.0,100.0,0,24,24,reported_gmt_minus_4_unconverted,1
2021-09-26,24,24,24,1.0,high,True,True,True,True,True,8.166833333333335,8.896,3.5538863071372964,1.194,13.104,2.0717000000000008,6.696,10.06425,12.6665,24,0,0,0,0.0,23.0,0,100.0,100.0,100.0,100.0,0,24,24,reported_gmt_minus_4_unconverted,1
2021-09-27,24,24,24,1.0,high,True,True,True,True,True,6.973583333333334,6.9915,2.5471703296807218,3.551,12.244,3.7629,4.419,8.136,10.683,24,0,0,0,0.0,23.0,0,100.0,100.0,100.0,100.0,0,24,24,reported_gmt_minus_4_unconverted,1
2021-09-28,24,24,24,1.0,high,True,True,True,True,True,8.540291666666667,8.246,2.689513087970073,3.955,13.825,5.2646,6.6815,9.8165,12.686,24,0,0,0,0.0,23.0,0,100.0,100.0,100.0,100.0,0,24,24,reported_gmt_minus_4_unconverted,1
2021-09-29,24,24,24,1.0,high,True,True,True,True,True,5.096125,4.9275,0.8899992336342574,3.499,6.619,4.0672999999999995,4.2885,5.81975,6.1312999999999995,24,0,0,0,0.0,23.0,0,100.0,100.0,100.0,100.0,0,24,24,reported_gmt_minus_4_unconverted,1
2021-09-30,24,24,24,1.0,high,True,True,True,True,True,3.079125,3.7045000000000003,1.5452499533985629,0.451,4.796,0.8586,1.733,4.425,4.7027,24,0,0,0,0.0,23.0,0,100.0,100.0,100.0,100.0,0,24,24,reported_gmt_minus_4_unconverted,1
2021-10-01,24,24,24,1.0,high,True,True,True,True,True,0.593875,0.365,0.46485072989827225,0.142,1.896,0.1754,0.26799999999999996,0.84525,1.2480999999999998,24,0,0,0,0.0,23.0,0,100.0,100.0,100.0,100.0,0,24,24,reported_gmt_minus_4_unconverted,1
2021-10-02,24,24,24,1.0,high,True,True,True,True,True,0.13175,0.1355,0.04797576380885955,0.05,0.205,0.060500000000000005,0.0975,0.18125,0.1898,24,0,0,0,0.0,23.0,0,100.0,100.0,100.0,100.0,0,24,24,reported_gmt_minus_4_unconverted,1
2021-10-03,24,24,24,1.0,high,True,True,True,True,True,0.19704166666666664,0.165,0.08754351919830039,0.093,0.463,0.1211,0.13775,0.271,0.2991,24,0,0,0,0.0,23.0,0,100.0,100.0,100.0,100.0,0,24,24,reported_gmt_minus_4_unconverted,1
2021-10-04,24,24,24,1.0,high,True,True,True,True,True,0.2131666666666667,0.1405,0.12163583091473844,0.095,0.481,0.10250000000000001,0.117,0.333,0.3818,24,0,0,0,0.0,23.0,0,100.0,100.0,100.0,100.0,0,24,24,reported_gmt_minus_4_unconverted,1
2021-10-05,24,24,24,1.0,high,True,True,True,True,True,1.859125,1.3570000000000002,1.3883664568399299,0.277,4.988,0.5245000000000001,0.65375,2.9245,3.7427,24,0,0,0,0.0,23.0,0,100.0,100.0,100.0,100.0,0,24,24,reported_gmt_minus_4_unconverted,1
2021-10-06,24,24,24,1.0,high,True,True,True,True,True,8.517833333333334,7.441,4.436179610456714,2.373,16.333,2.8710000000000004,5.600750000000001,12.58475,14.248299999999999,24,0,0,0,0.0,23.0,0,100.0,100.0,100.0,100.0,0,24,24,reported_gmt_minus_4_unconverted,1
2021-10-07,24,24,24,1.0,high,True,True,True,True,True,15.452083333333334,15.747,1.490720657839739,11.771,18.188,13.4037,14.497,16.37625,16.975099999999998,24,0,0,0,0.0,23.0,0,100.0,100.0,100.0,100.0,0,24,24,reported_gmt_minus_4_unconverted,1
2021-10-08,24,24,24,1.0,high,True,True,True,True,True,14.320666666666668,14.7255,1.737010091499475,10.586,17.202,11.7486,13.17525,15.66725,15.9392,24,0,0,0,0.0,23.0,0,100.0,100.0,100.0,100.0,0,24,24,reported_gmt_minus_4_unconverted,1
2021-10-09,24,24,24,1.0,high,True,True,True,True,True,12.387666666666666,12.114,2.559272343369543,8.335,17.343,9.4688,10.439499999999999,14.36,15.556599999999998,24,0,0,0,0.0,23.0,0,100.0,100.0,100.0,100.0,0,24,24,reported_gmt_minus_4_unconverted,1
2021-10-10,24,24,24,1.0,high,True,True,True,True,True,6.738833333333335,7.052,3.4780221099213056,1.268,12.046,1.8818000000000001,3.2905,9.4,10.8093,24,0,0,0,0.0,23.0,0,100.0,100.0,100.0,100.0,0,24,24,reported_gmt_minus_4_unconverted,1
2021-10-11,24,24,24,1.0,high,True,True,True,True,True,1.5263333333333333,1.0964999999999998,1.1035895451017879,0.356,3.97,0.472,0.6785,2.2190000000000003,3.1271,24,0,0,0,0.0,23.0,0,100.0,100.0,100.0,100.0,0,24,24,reported_gmt_minus_4_unconverted,1
2021-10-12,24,24,24,1.0,high,True,True,True,True,True,4.150916666666666,2.1574999999999998,3.7611225419231316,0.508,12.936,0.855,1.2455,6.109,10.085299999999998,24,0,0,0,0.0,23.0,0,100.0,100.0,100.0,100.0,0,24,24,reported_gmt_minus_4_unconverted,1
2021-10-13,24,24,8,0.333333,weak,False,False,False,False,False,3.45625,4.049,1.7840976710931498,1.074,5.791,1.1517000000000002,1.842,4.62525,5.175,8,16,0,0,0.0,7.0,16,0.0,0.0,33.333333333333336,100.0,16,8,8,reported_gmt_minus_4_unconverted,1
2021-10-14,24,24,0,0.0,missing,False,False,False,False,False,,,,,,,,,,0,24,0,0,,,24,0.0,0.0,0.0,0.0,24,0,0,reported_gmt_minus_4_unconverted,1
2021-10-15,24,24,0,0.0,missing,False,False,False,False,False,,,,,,,,,,0,24,0,0,,,24,0.0,0.0,0.0,0.0,24,0,0,reported_gmt_minus_4_unconverted,1
2021-10-16,24,24,0,0.0,missing,False,False,False,False,False,,,,,,,,,,0,24,0,0,,,24,0.0,0.0,0.0,0.0,24,0,0,reported_gmt_minus_4_unconverted,1
2021-10-17,24,24,0,0.0,missing,False,False,False,False,False,,,,,,,,,,0,24,0,0,,,24,0.0,0.0,0.0,0.0,24,0,0,reported_gmt_minus_4_unconverted,1
2021-10-18,24,24,0,0.0,missing,False,False,False,False,False,,,,,,,,,,0,24,0,0,,,24,0.0,0.0,0.0,0.0,24,0,0,reported_gmt_minus_4_unconverted,1
2021-10-19,24,24,0,0.0,missing,False,False,False,False,False,,,,,,,,,,0,24,0,0,,,24,0.0,0.0,0.0,0.0,24,0,0,reported_gmt_minus_4_unconverted,1
2021-10-20,24,24,0,0.0,missing,False,False,False,False,False,,,,,,,,,,0,24,0,0,,,24,0.0,0.0,0.0,0.0,24,0,0,reported_gmt_minus_4_unconverted,1
2021-10-21,24,24,0,0.0,missing,False,False,False,False,False,,,,,,,,,,0,24,0,0,,,24,0.0,0.0,0.0,0.0,24,0,0,reported_gmt_minus_4_unconverted,1
2021-10-22,24,24,0,0.0,missing,False,False,False,False,False,,,,,,,,,,0,24,0,0,,,24,0.0,0.0,0.0,0.0,24,0,0,reported_gmt_minus_4_unconverted,1
2021-10-23,24,24,0,0.0,missing,False,False,False,False,False,,,,,,,,,,0,24,0,0,,,24,0.0,0.0,0.0,0.0,24,0,0,reported_gmt_minus_4_unconverted,1
2021-10-24,24,24,0,0.0,missing,False,False,False,False,False,,,,,,,,,,0,24,0,0,,,24,0.0,0.0,0.0,0.0,24,0,0,reported_gmt_minus_4_unconverted,1
2021-10-25,24,24,0,0.0,missing,False,False,False,False,False,,,,,,,,,,0,24,0,0,,,24,0.0,0.0,0.0,0.0,24,0,0,reported_gmt_minus_4_unconverted,1
2021-10-26,24,24,0,0.0,missing,False,False,False,False,False,,,,,,,,,,0,24,0,0,,,24,0.0,0.0,0.0,0.0,24,0,0,reported_gmt_minus_4_unconverted,1
2021-10-27,24,24,24,1.0,high,True,True,True,True,True,15.218208333333331,16.217,3.006126193931416,9.886,20.525,11.177200000000001,12.225249999999999,16.72275,18.5672,24,0,0,0,0.0,23.0,0,100.0,100.0,100.0,100.0,0,24,24,reported_gmt_minus_4_unconverted,1
2021-10-28,24,24,24,1.0,high,True,True,True,True,True,13.146125,13.288,2.954962521832516,6.758,17.437,9.6593,11.1805,15.77075,16.377200000000002,24,0,0,0,0.0,23.0,0,100.0,100.0,100.0,100.0,0,24,24,reported_gmt_minus_4_unconverted,1
2021-10-29,24,24,24,1.0,high,True,True,True,True,True,13.315791666666664,13.217,0.9461731149244291,11.212,14.926,12.2306,12.78075,14.038499999999999,14.3414,24,0,0,0,0.0,23.0,0,100.0,100.0,100.0,100.0,0,24,24,reported_gmt_minus_4_unconverted,1
2021-10-30,24,24,24,1.0,high,True,True,True,True,True,8.885833333333332,7.894,1.833421644776845,6.684,11.907,7.0993,7.2855,10.4785,11.4323,24,0,0,0,0.0,23.0,0,100.0,100.0,100.0,100.0,0,24,24,reported_gmt_minus_4_unconverted,1
2021-10-31,24,24,24,1.0,high,True,True,True,True,True,7.641708333333334,8.1205,2.094831952981404,4.106,11.231,4.607,5.859,9.13925,10.0609,24,0,0,0,0.0,23.0,0,100.0,100.0,100.0,100.0,0,24,24,reported_gmt_minus_4_unconverted,1
2021-11-01,24,24,24,1.0,high,True,True,True,True,True,2.3259583333333333,2.2445,0.8246554210127993,1.074,3.898,1.3407,1.78375,2.7595,3.6337999999999995,24,0,0,0,0.0,23.0,0,100.0,100.0,100.0,100.0,0,24,24,reported_gmt_minus_4_unconverted,1
2021-11-02,24,24,24,1.0,high,True,True,True,True,True,1.1282083333333335,1.1235,0.47644763197490314,0.525,2.707,0.7057,0.7847500000000001,1.21775,1.6631,24,0,0,0,0.0,23.0,0,100.0,100.0,100.0,100.0,0,24,24,reported_gmt_minus_4_unconverted,1
2021-11-03,24,24,24,1.0,high,True,True,True,True,True,0.663125,0.6505000000000001,0.09083253223952022,0.525,0.873,0.573,0.59475,0.71475,0.7708,24,0,0,0,0.0,23.0,0,100.0,100.0,100.0,100.0,0,24,24,reported_gmt_minus_4_unconverted,1
2021-11-04,24,24,24,1.0,high,True,True,True,True,True,1.6515833333333332,1.5545,0.7651369821471679,0.614,3.165,0.6994,1.04875,2.2952500000000002,2.6077,24,0,0,0,0.0,23.0,0,100.0,100.0,100.0,100.0,0,24,24,reported_gmt_minus_4_unconverted,1
2021-11-05,24,24,24,1.0,high,True,True,True,True,True,1.5896249999999998,1.5819999999999999,0.31081824865289387,0.884,2.09,1.2345,1.3995,1.8607500000000001,1.9127,24,0,0,0,0.0,23.0,0,100.0,100.0,100.0,100.0,0,24,24,reported_gmt_minus_4_unconverted,1
2021-11-06,24,24,24,1.0,high,True,True,True,True,True,1.2623333333333333,1.094,0.3916172340066439,0.803,2.135,0.906,0.98975,1.3645,1.908,24,0,0,0,0.0,23.0,0,100.0,100.0,100.0,100.0,0,24,24,reported_gmt_minus_4_unconverted,1
2021-11-07,24,24,24,1.0,high,True,True,True,True,True,1.2734166666666666,1.1895,0.2851301635129604,0.828,1.783,1.0077,1.077,1.5945,1.6132,24,0,0,0,0.0,23.0,0,100.0,100.0,100.0,100.0,0,24,24,reported_gmt_minus_4_unconverted,1
2021-11-08,24,24,24,1.0,high,True,True,True,True,True,1.8465833333333335,1.6949999999999998,0.677397123051789,1.041,3.442,1.2253,1.3655,1.94075,3.0073999999999996,24,0,0,0,0.0,23.0,0,100.0,100.0,100.0,100.0,0,24,24,reported_gmt_minus_4_unconverted,1
2021-11-09,24,24,24,1.0,high,True,True,True,True,True,3.134,2.8115,1.0065765484184932,1.521,5.041,2.1856,2.4499999999999997,3.88825,4.6567,24,0,0,0,0.0,23.0,0,100.0,100.0,100.0,100.0,0,24,24,reported_gmt_minus_4_unconverted,1
2021-11-10,24,24,24,1.0,high,True,True,True,True,True,3.5465,2.9465,1.5523666084261547,2.033,8.675,2.2186000000000003,2.59775,3.9055,5.2728,24,0,0,0,0.0,23.0,0,100.0,100.0,100.0,100.0,0,24,24,reported_gmt_minus_4_unconverted,1
2021-11-11,24,24,24,1.0,high,True,True,True,True,True,4.206583333333334,3.771,1.9440240407501377,1.695,9.221,2.4109,2.481,5.277,6.235799999999999,24,0,0,0,0.0,23.0,0,100.0,100.0,100.0,100.0,0,24,24,reported_gmt_minus_4_unconverted,1
2021-11-12,24,24,24,1.0,high,True,True,True,True,True,4.952791666666666,3.2385,3.55389713803785,1.946,13.167,1.9915,2.47075,6.254,10.981399999999999,24,0,0,0,0.0,23.0,0,100.0,100.0,100.0,100.0,0,24,24,reported_gmt_minus_4_unconverted,1
2021-11-13,24,24,24,1.0,high,True,True,True,True,True,1.8013333333333332,1.6,0.9331809399396597,0.443,4.011,0.8687,1.1145,2.35825,3.2295999999999996,24,0,0,0,0.0,23.0,0,100.0,100.0,100.0,100.0,0,24,24,reported_gmt_minus_4_unconverted,1
2021-11-14,24,24,24,1.0,high,True,True,True,True,True,0.8859166666666667,0.732,0.5178664354131635,0.426,2.353,0.4632,0.595,0.88325,1.5638,24,0,0,0,0.0,23.0,0,100.0,100.0,100.0,100.0,0,24,24,reported_gmt_minus_4_unconverted,1
2021-11-15,24,24,24,1.0,high,True,True,True,True,True,0.777375,0.693,0.26752664434553547,0.438,1.411,0.5167,0.616,0.9097500000000001,1.2043999999999997,24,0,0,0,0.0,23.0,0,100.0,100.0,100.0,100.0,0,24,24,reported_gmt_minus_4_unconverted,1
2021-11-16,24,24,24,1.0,high,True,True,True,True,True,0.9881666666666667,0.9804999999999999,0.37124697822417313,0.603,2.403,0.644,0.73375,1.11675,1.2362000000000002,24,0,0,0,0.0,23.0,0,100.0,100.0,100.0,100.0,0,24,24,reported_gmt_minus_4_unconverted,1
2021-11-17,24,24,24,1.0,high,True,True,True,True,True,3.6315000000000004,1.8295,3.117886756456519,0.91,11.635,1.0249,1.1105,5.47175,7.7143999999999995,24,0,0,0,0.0,23.0,0,100.0,100.0,100.0,100.0,0,24,24,reported_gmt_minus_4_unconverted,1
2021-11-18,24,24,24,1.0,high,True,True,True,True,True,5.021625,4.3895,2.6648014823279786,2.094,11.115,2.3286000000000002,2.9005,7.3629999999999995,8.4195,24,0,0,0,0.0,23.0,0,100.0,100.0,100.0,100.0,0,24,24,reported_gmt_minus_4_unconverted,1
2021-11-19,24,24,24,1.0,high,True,True,True,True,True,7.182666666666667,7.471500000000001,2.0846928178816984,3.08,10.996,4.5649,6.0825000000000005,8.40025,9.933,24,0,0,0,0.0,23.0,0,100.0,100.0,100.0,100.0,0,24,24,reported_gmt_minus_4_unconverted,1
2021-11-20,24,24,24,1.0,high,True,True,True,True,True,6.103666666666666,5.753,1.6934423564127459,2.078,10.508,4.655799999999999,4.9445,7.3092500000000005,7.765,24,0,0,0,0.0,23.0,0,100.0,100.0,100.0,100.0,0,24,24,reported_gmt_minus_4_unconverted,1
2021-11-21,24,24,24,1.0,high,True,True,True,True,True,5.437333333333334,5.3275,2.018201969180933,2.442,10.458,3.0177,3.9345,6.94075,7.5656,24,0,0,0,0.0,23.0,0,100.0,100.0,100.0,100.0,0,24,24,reported_gmt_minus_4_unconverted,1
2021-11-22,24,24,24,1.0,high,True,True,True,True,True,4.541833333333333,4.1594999999999995,1.300200174109211,2.736,7.603,3.3542,3.73975,4.9625,6.637899999999999,24,0,0,0,0.0,23.0,0,100.0,100.0,100.0,100.0,0,24,24,reported_gmt_minus_4_unconverted,1
2021-11-23,24,24,24,1.0,high,True,True,True,True,True,3.9516666666666667,3.9915,0.5605261244865256,2.984,4.77,3.2149,3.49725,4.41225,4.5948,24,0,0,0,0.0,23.0,0,100.0,100.0,100.0,100.0,0,24,24,reported_gmt_minus_4_unconverted,1
2021-11-24,24,24,24,1.0,high,True,True,True,True,True,2.058875,2.012,0.7308515767061826,1.01,3.444,1.1928,1.42125,2.5220000000000002,3.1454999999999997,24,0,0,0,0.0,23.0,0,100.0,100.0,100.0,100.0,0,24,24,reported_gmt_minus_4_unconverted,1
2021-11-25,24,24,24,1.0,high,True,True,True,True,True,2.6777499999999996,2.6775,0.840052599284841,1.357,4.054,1.788,1.93825,3.36775,3.7866999999999997,24,0,0,0,0.0,23.0,0,100.0,100.0,100.0,100.0,0,24,24,reported_gmt_minus_4_unconverted,1
2021-11-26,24,24,24,1.0,high,True,True,True,True,True,3.4655833333333335,3.377,1.6264329044733519,1.027,6.404,1.4777,1.97475,4.78625,5.4667,24,0,0,0,0.0,23.0,0,100.0,100.0,100.0,100.0,0,24,24,reported_gmt_minus_4_unconverted,1
2021-11-27,24,24,24,1.0,high,True,True,True,True,True,3.416583333333333,2.705,2.500169957990972,0.476,7.98,0.5032,1.322,5.576499999999999,6.7684,24,0,0,0,0.0,23.0,0,100.0,100.0,100.0,100.0,0,24,24,reported_gmt_minus_4_unconverted,1
2021-11-28,24,24,24,1.0,high,True,True,True,True,True,1.5162916666666668,0.7075,1.6387320517152402,0.43,5.821,0.4923,0.52475,1.5125,4.065199999999999,24,0,0,0,0.0,23.0,0,100.0,100.0,100.0,100.0,0,24,24,reported_gmt_minus_4_unconverted,1
2021-11-29,24,24,24,1.0,high,True,True,True,True,True,1.8254583333333334,1.4305,1.394749563905468,0.314,4.218,0.3699,0.6205,3.1237500000000002,3.632,24,0,0,0,0.0,23.0,0,100.0,100.0,100.0,100.0,0,24,24,reported_gmt_minus_4_unconverted,1
2021-11-30,24,24,24,1.0,high,True,True,True,True,True,2.4049166666666664,2.268,0.4723470460202519,1.854,3.671,1.967,2.09675,2.6235,3.0054999999999996,24,0,0,0,0.0,23.0,0,100.0,100.0,100.0,100.0,0,24,24,reported_gmt_minus_4_unconverted,1
2021-12-01,24,24,24,1.0,high,True,True,True,True,True,1.5968333333333333,1.5594999999999999,0.5585405412607791,0.424,2.64,0.8922,1.2857500000000002,1.951,2.3147,24,0,0,0,0.0,23.0,0,100.0,100.0,100.0,100.0,0,24,24,reported_gmt_minus_4_unconverted,1
2021-12-02,24,24,24,1.0,high,True,True,True,True,True,1.4796249999999997,1.367,0.5292767676170289,0.696,2.787,0.924,1.1325,1.78225,2.1272999999999995,24,0,0,0,0.0,23.0,0,100.0,100.0,100.0,100.0,0,24,24,reported_gmt_minus_4_unconverted,1
2021-12-03,24,24,24,1.0,high,True,True,True,True,True,2.7758750000000005,2.227,1.552638268364948,1.215,6.724,1.3725,1.54975,3.4939999999999998,4.573099999999999,24,0,0,0,0.0,23.0,0,100.0,100.0,100.0,100.0,0,24,24,reported_gmt_minus_4_unconverted,1
2021-12-04,24,24,24,1.0,high,True,True,True,True,True,2.7114166666666666,2.461,0.9387295724248425,1.71,4.747,1.7548,1.96125,3.3825,4.0522,24,0,0,0,0.0,23.0,0,100.0,100.0,100.0,100.0,0,24,24,reported_gmt_minus_4_unconverted,1
2021-12-05,24,24,24,1.0,high,True,True,True,True,True,2.8614999999999995,2.8215,0.6666125920098472,1.869,4.214,2.031,2.3522499999999997,3.13575,3.8907,24,0,0,0,0.0,23.0,0,100.0,100.0,100.0,100.0,0,24,24,reported_gmt_minus_4_unconverted,1
2021-12-06,24,24,24,1.0,high,True,True,True,True,True,2.14575,2.303,0.5875308132530065,1.058,2.953,1.3648,1.69725,2.67725,2.7622,24,0,0,0,0.0,23.0,0,100.0,100.0,100.0,100.0,0,24,24,reported_gmt_minus_4_unconverted,1
2021-12-07,24,24,24,1.0,high,True,True,True,True,True,1.5649583333333332,1.5455,0.33264663052119053,0.858,2.422,1.1887999999999999,1.42675,1.79375,1.8925,24,0,0,0,0.0,23.0,0,100.0,100.0,100.0,100.0,0,24,24,reported_gmt_minus_4_unconverted,1
2021-12-08,24,24,24,1.0,high,True,True,True,True,True,1.6341249999999998,1.6395,0.3086944898171625,1.044,2.19,1.2731,1.38825,1.90275,1.9897999999999998,24,0,0,0,0.0,23.0,0,100.0,100.0,100.0,100.0,0,24,24,reported_gmt_minus_4_unconverted,1
2021-12-09,24,24,24,1.0,high,True,True,True,True,True,1.4657499999999999,1.4215,0.34399434398788037,0.899,2.111,1.0050000000000001,1.248,1.739,1.9182,24,0,0,0,0.0,23.0,0,100.0,100.0,100.0,100.0,0,24,24,reported_gmt_minus_4_unconverted,1
2021-12-10,24,24,24,1.0,high,True,True,True,True,True,1.5899999999999999,1.3555000000000001,0.5972964452248656,1.017,3.352,1.1465,1.16875,1.74925,2.1383,24,0,0,0,0.0,23.0,0,100.0,100.0,100.0,100.0,0,24,24,reported_gmt_minus_4_unconverted,1
2021-12-11,24,24,24,1.0,high,True,True,True,True,True,0.7429166666666668,0.6505000000000001,0.25723562480081696,0.443,1.313,0.4962,0.5275000000000001,0.99725,1.0512,24,0,0,0,0.0,23.0,0,100.0,100.0,100.0,100.0,0,24,24,reported_gmt_minus_4_unconverted,1
2021-12-12,24,24,24,1.0,high,True,True,True,True,True,0.4140833333333333,0.342,0.13479740568612641,0.287,0.774,0.3096,0.322,0.44825000000000004,0.629,24,0,0,0,0.0,23.0,0,100.0,100.0,100.0,100.0,0,24,24,reported_gmt_minus_4_unconverted,1
2021-12-13,24,24,24,1.0,high,True,True,True,True,True,0.41850000000000004,0.393,0.13610481894161733,0.204,0.737,0.251,0.32775,0.5055000000000001,0.5821,24,0,0,0,0.0,23.0,0,100.0,100.0,100.0,100.0,0,24,24,reported_gmt_minus_4_unconverted,1
2021-12-14,24,24,24,1.0,high,True,True,True,True,True,0.5615,0.538,0.18353840967516025,0.308,0.94,0.33640000000000003,0.4105,0.68075,0.7474,24,0,0,0,0.0,23.0,0,100.0,100.0,100.0,100.0,0,24,24,reported_gmt_minus_4_unconverted,1
2021-12-15,24,24,24,1.0,high,True,True,True,True,True,0.593,0.5609999999999999,0.14747792760421735,0.331,0.822,0.41150000000000003,0.47775,0.7324999999999999,0.7677,24,0,0,0,0.0,23.0,0,100.0,100.0,100.0,100.0,0,24,24,reported_gmt_minus_4_unconverted,1
2021-12-16,24,24,20,0.833333,standard,True,True,True,True,False,1.19795,1.126,0.4548258747210733,0.682,1.908,0.7149,0.7655000000000001,1.5587499999999999,1.7862,20,4,0,0,0.0,23.0,4,0.0,100.0,83.33333333333333,100.0,4,20,20,reported_gmt_minus_4_unconverted,1
2021-12-17,24,24,24,1.0,high,True,True,True,True,True,1.2801666666666667,1.2905,0.2518575626898227,0.923,1.683,0.961,1.0430000000000001,1.50975,1.5997999999999999,24,0,0,0,0.0,23.0,0,100.0,100.0,100.0,100.0,0,24,24,reported_gmt_minus_4_unconverted,1
2021-12-18,24,24,24,1.0,high,True,True,True,True,True,1.0871250000000001,1.077,0.23159021389927736,0.681,1.53,0.7695000000000001,0.9472499999999999,1.24825,1.3056999999999999,24,0,0,0,0.0,23.0,0,100.0,100.0,100.0,100.0,0,24,24,reported_gmt_minus_4_unconverted,1
2021-12-19,24,24,24,1.0,high,True,True,True,True,True,1.0579166666666666,0.9944999999999999,0.19208307004288913,0.834,1.491,0.8629,0.916,1.14025,1.3720999999999999,24,0,0,0,0.0,23.0,0,100.0,100.0,100.0,100.0,0,24,24,reported_gmt_minus_4_unconverted,1
2021-12-20,24,24,24,1.0,high,True,True,True,True,True,1.458375,1.38,0.2681665304311451,1.133,2.195,1.1799,1.2865,1.56925,1.7813999999999999,24,0,0,0,0.0,23.0,0,100.0,100.0,100.0,100.0,0,24,24,reported_gmt_minus_4_unconverted,1
2021-12-21,24,24,24,1.0,high,True,True,True,True,True,1.639458333333333,1.2705,1.2004061261729813,0.81,6.756,0.9611000000000001,1.103,1.637,2.4354999999999998,24,0,0,0,0.0,23.0,0,100.0,100.0,100.0,100.0,0,24,24,reported_gmt_minus_4_unconverted,1
2021-12-22,24,24,24,1.0,high,True,True,True,True,True,2.0593333333333335,1.7530000000000001,0.9021746513005536,1.117,4.322,1.2469,1.3435,2.63975,2.9595000000000002,24,0,0,0,0.0,23.0,0,100.0,100.0,100.0,100.0,0,24,24,reported_gmt_minus_4_unconverted,1
2021-12-23,24,24,24,1.0,high,True,True,True,True,True,2.1500833333333333,2.149,0.7968356394087076,0.709,3.36,1.0531000000000001,1.47825,2.76225,3.1087,24,0,0,0,0.0,23.0,0,100.0,100.0,100.0,100.0,0,24,24,reported_gmt_minus_4_unconverted,1
2021-12-24,24,24,24,1.0,high,True,True,True,True,True,1.2757500000000002,1.0865,0.5219462116215491,0.733,2.712,0.7977000000000001,0.84075,1.61225,1.9715999999999998,24,0,0,0,0.0,23.0,0,100.0,100.0,100.0,100.0,0,24,24,reported_gmt_minus_4_unconverted,1
2021-12-25,24,24,24,1.0,high,True,True,True,True,True,3.933875,3.1695,3.449153737576042,0.487,13.38,0.6342000000000001,1.1317499999999998,5.38575,8.845199999999998,24,0,0,0,0.0,23.0,0,100.0,100.0,100.0,100.0,0,24,24,reported_gmt_minus_4_unconverted,1
2021-12-26,24,24,24,1.0,high,True,True,True,True,True,5.500291666666667,6.5169999999999995,2.5971797493362523,0.685,8.916,1.7848,3.041,7.545,8.2744,24,0,0,0,0.0,23.0,0,100.0,100.0,100.0,100.0,0,24,24,reported_gmt_minus_4_unconverted,1
2021-12-27,24,24,24,1.0,high,True,True,True,True,True,4.348,3.877,2.1351920593789178,1.019,9.228,2.2101,3.13225,4.87725,7.647899999999999,24,0,0,0,0.0,23.0,0,100.0,100.0,100.0,100.0,0,24,24,reported_gmt_minus_4_unconverted,1
2021-12-28,24,24,24,1.0,high,True,True,True,True,True,4.195291666666667,3.992,1.9970584123996555,1.398,9.332,1.9263000000000001,2.74025,5.4805,6.4817,24,0,0,0,0.0,23.0,0,100.0,100.0,100.0,100.0,0,24,24,reported_gmt_minus_4_unconverted,1
2021-12-29,24,24,24,1.0,high,True,True,True,True,True,3.371,3.0795,1.91792285740499,0.889,9.429,1.6536,2.1805,3.9125,5.3724,24,0,0,0,0.0,23.0,0,100.0,100.0,100.0,100.0,0,24,24,reported_gmt_minus_4_unconverted,1
2021-12-30,24,24,24,1.0,high,True,True,True,True,True,2.562625,2.2085,1.3948619633279598,0.492,5.293,0.8865000000000001,1.51925,3.86225,4.3729000000000005,24,0,0,0,0.0,23.0,0,100.0,100.0,100.0,100.0,0,24,24,reported_gmt_minus_4_unconverted,1
2021-12-31,24,24,24,1.0,high,True,True,True,True,True,2.9522083333333335,2.1175,2.036160644964304,0.769,6.807,0.9686,1.2000000000000002,4.7215,5.7846,24,0,0,0,0.0,23.0,0,100.0,100.0,100.0,100.0,0,24,24,reported_gmt_minus_4_unconverted,1
2022-01-01,24,24,22,0.916667,high,True,True,True,True,True,3.794954545454545,4.3175,2.2694081980252188,0.85,7.456,0.9493,1.4267500000000002,5.294,7.064600000000001,22,2,0,0,0.0,23.0,2,0.0,100.0,91.66666666666667,100.0,2,22,22,reported_gmt_minus_4_unconverted,1
2022-01-02,24,24,24,1.0,high,True,True,True,True,True,1.4109166666666664,1.279,0.5833764476820648,0.581,2.889,0.8458,0.96875,1.66625,2.1896999999999998,24,0,0,0,0.0,23.0,0,100.0,100.0,100.0,100.0,0,24,24,reported_gmt_minus_4_unconverted,1
2022-01-03,24,24,24,1.0,high,True,True,True,True,True,0.8675833333333335,0.755,0.28985377372897453,0.493,1.551,0.5943999999999999,0.6525000000000001,1.09525,1.3047,24,0,0,0,0.0,23.0,0,100.0,100.0,100.0,100.0,0,24,24,reported_gmt_minus_4_unconverted,1
2022-01-04,24,24,24,1.0,high,True,True,True,True,True,1.7309999999999999,0.949,1.2935864872516256,0.437,4.065,0.5251,0.6567500000000001,2.6759999999999997,3.8232999999999997,24,0,0,0,0.0,23.0,0,100.0,100.0,100.0,100.0,0,24,24,reported_gmt_minus_4_unconverted,1
2022-01-05,24,24,24,1.0,high,True,True,True,True,True,2.031,1.654,1.444044862605519,0.482,5.532,0.6472,1.00875,2.6065,4.0691,24,0,0,0,0.0,23.0,0,100.0,100.0,100.0,100.0,0,24,24,reported_gmt_minus_4_unconverted,1
2022-01-06,24,24,24,1.0,high,True,True,True,True,True,1.3058333333333334,1.3705,0.5935004975395641,0.463,2.841,0.5319,0.8957499999999999,1.52525,1.9457,24,0,0,0,0.0,23.0,0,100.0,100.0,100.0,100.0,0,24,24,reported_gmt_minus_4_unconverted,1
2022-01-07,24,24,24,1.0,high,True,True,True,True,True,1.3482500000000002,1.1989999999999998,0.8564896633808611,0.405,3.071,0.5317000000000001,0.64475,1.53025,2.9537999999999998,24,0,0,0,0.0,23.0,0,100.0,100.0,100.0,100.0,0,24,24,reported_gmt_minus_4_unconverted,1
2022-01-08,24,24,24,1.0,high,True,True,True,True,True,5.0168333333333335,5.3655,1.7968176861054792,1.865,8.405,2.2899,3.8955,6.4435,6.5594,24,0,0,0,0.0,23.0,0,100.0,100.0,100.0,100.0,0,24,24,reported_gmt_minus_4_unconverted,1
2022-01-09,24,24,24,1.0,high,True,True,True,True,True,5.269791666666667,4.2955000000000005,3.134646751877788,1.65,13.362,2.2782,2.95475,6.9385,8.954699999999999,24,0,0,0,0.0,23.0,0,100.0,100.0,100.0,100.0,0,24,24,reported_gmt_minus_4_unconverted,1
2022-01-10,24,24,24,1.0,high,True,True,True,True,True,4.9003749999999995,3.583,2.924338376490893,0.003,10.92,2.3887,3.0542499999999997,7.1605,9.499500000000001,24,0,0,0,0.0,23.0,0,100.0,100.0,100.0,100.0,0,24,24,reported_gmt_minus_4_unconverted,1
2022-01-11,24,24,24,1.0,high,True,True,True,True,True,3.0530000000000004,3.067,0.4695650161030165,2.232,3.976,2.4301,2.6982500000000003,3.33475,3.6192,24,0,0,0,0.0,23.0,0,100.0,100.0,100.0,100.0,0,24,24,reported_gmt_minus_4_unconverted,1
2022-01-12,24,24,24,1.0,high,True,True,True,True,True,2.4614166666666666,2.4245,0.38890603723406175,1.806,3.146,1.9585000000000001,2.0915,2.809,2.9539,24,0,0,0,0.0,23.0,0,100.0,100.0,100.0,100.0,0,24,24,reported_gmt_minus_4_unconverted,1
2022-01-13,24,24,24,1.0,high,True,True,True,True,True,2.362833333333333,2.3165,0.6886164242233442,1.123,3.824,1.5177,1.9485,2.82375,2.9863999999999997,24,0,0,0,0.0,23.0,0,100.0,100.0,100.0,100.0,0,24,24,reported_gmt_minus_4_unconverted,1
2022-01-14,24,24,24,1.0,high,True,True,True,True,True,1.5816666666666668,1.4385,0.49101205746876536,0.852,2.531,0.9929000000000001,1.19775,2.01275,2.2567,24,0,0,0,0.0,23.0,0,100.0,100.0,100.0,100.0,0,24,24,reported_gmt_minus_4_unconverted,1
2022-01-15,24,24,24,1.0,high,True,True,True,True,True,1.4723333333333333,1.295,0.4040370911370548,1.036,2.413,1.1665,1.2115,1.595,2.1439,24,0,0,0,0.0,23.0,0,100.0,100.0,100.0,100.0,0,24,24,reported_gmt_minus_4_unconverted,1
2022-01-16,24,24,24,1.0,high,True,True,True,True,True,2.1641666666666666,2.339,0.8200246903317139,1.038,4.194,1.1684999999999999,1.2842500000000001,2.56475,3.0747,24,0,0,0,0.0,23.0,0,100.0,100.0,100.0,100.0,0,24,24,reported_gmt_minus_4_unconverted,1
2022-01-17,24,24,24,1.0,high,True,True,True,True,True,2.3095833333333333,2.085,1.2113189691107524,1.285,6.55,1.5106,1.678,2.37775,2.6841,24,0,0,0,0.0,23.0,0,100.0,100.0,100.0,100.0,0,24,24,reported_gmt_minus_4_unconverted,1
2022-01-18,24,24,24,1.0,high,True,True,True,True,True,2.292291666666667,2.2415000000000003,0.42380640362507876,1.572,3.166,1.7351,2.0709999999999997,2.53925,2.8322,24,0,0,0,0.0,23.0,0,100.0,100.0,100.0,100.0,0,24,24,reported_gmt_minus_4_unconverted,1
2022-01-19,24,24,24,1.0,high,True,True,True,True,True,4.250708333333333,3.479,2.009111126823884,1.861,8.537,2.2931000000000004,2.65775,5.686,7.208199999999999,24,0,0,0,0.0,23.0,0,100.0,100.0,100.0,100.0,0,24,24,reported_gmt_minus_4_unconverted,1
2022-01-20,24,24,24,1.0,high,True,True,True,True,True,6.242208333333334,5.1815,3.4845881670350347,2.273,15.817,2.8553,4.17425,6.84525,10.739099999999999,24,0,0,0,0.0,23.0,0,100.0,100.0,100.0,100.0,0,24,24,reported_gmt_minus_4_unconverted,1
2022-01-21,24,24,24,1.0,high,True,True,True,True,True,5.101833333333333,5.0365,2.09094893511902,2.205,10.384,2.7571,3.42875,5.80625,7.735499999999999,24,0,0,0,0.0,23.0,0,100.0,100.0,100.0,100.0,0,24,24,reported_gmt_minus_4_unconverted,1
2022-01-22,24,24,24,1.0,high,True,True,True,True,True,3.8862083333333337,4.331,2.786963892360079,0.569,9.852,0.7082999999999999,1.1155000000000002,5.9795,7.3572,24,0,0,0,0.0,23.0,0,100.0,100.0,100.0,100.0,0,24,24,reported_gmt_minus_4_unconverted,1
2022-01-23,24,24,24,1.0,high,True,True,True,True,True,4.023625,3.2215,3.827023145684998,0.488,16.982,0.7438,1.46475,4.419499999999999,8.5039,24,0,0,0,0.0,23.0,0,100.0,100.0,100.0,100.0,0,24,24,reported_gmt_minus_4_unconverted,1
2022-01-24,24,24,24,1.0,high,True,True,True,True,True,9.846708333333334,9.975,2.097238525530898,6.231,14.488,7.0852,8.786750000000001,10.99775,11.8002,24,0,0,0,0.0,23.0,0,100.0,100.0,100.0,100.0,0,24,24,reported_gmt_minus_4_unconverted,1
2022-01-25,24,24,24,1.0,high,True,True,True,True,True,10.658208333333333,10.689499999999999,1.8477360525593303,7.062,14.479,8.164900000000001,9.55725,11.92925,12.5671,24,0,0,0,0.0,23.0,0,100.0,100.0,100.0,100.0,0,24,24,reported_gmt_minus_4_unconverted,1
2022-01-26,24,24,0,0.0,missing,False,False,False,False,False,,,,,,,,,,0,24,0,0,,,24,0.0,0.0,0.0,0.0,24,0,0,reported_gmt_minus_4_unconverted,1
2022-01-27,24,24,24,1.0,high,True,True,True,True,True,9.111583333333334,9.382000000000001,2.02831579130947,4.416,12.37,6.5491,7.890750000000001,10.89825,11.2463,24,0,0,0,0.0,23.0,0,100.0,100.0,100.0,100.0,0,24,24,reported_gmt_minus_4_unconverted,1
2022-01-28,24,24,24,1.0,high,True,True,True,True,True,8.526875,9.218,3.4370900395854327,1.69,13.02,3.2629000000000006,6.54175,11.40775,12.1472,24,0,0,0,0.0,23.0,0,100.0,100.0,100.0,100.0,0,24,24,reported_gmt_minus_4_unconverted,1
2022-01-29,24,24,24,1.0,high,True,True,True,True,True,6.455208333333332,6.5145,2.2583177844536646,1.227,11.379,3.7448,5.462,7.525,9.3018,24,0,0,0,0.0,23.0,0,100.0,100.0,100.0,100.0,0,24,24,reported_gmt_minus_4_unconverted,1
2022-01-30,24,24,24,1.0,high,True,True,True,True,True,5.2087916666666665,5.4,1.231188078704845,2.885,7.671,3.6347,4.3165000000000004,6.0385,6.5956,24,0,0,0,0.0,23.0,0,100.0,100.0,100.0,100.0,0,24,24,reported_gmt_minus_4_unconverted,1
2022-01-31,24,24,24,1.0,high,True,True,True,True,True,2.9723749999999995,2.7880000000000003,0.5258656476209737,2.135,4.175,2.4408000000000003,2.56925,3.27275,3.653,24,0,0,0,0.0,23.0,0,100.0,100.0,100.0,100.0,0,24,24,reported_gmt_minus_4_unconverted,1
2022-02-01,24,24,24,1.0,high,True,True,True,True,True,3.1735416666666665,2.9795,1.0646799061390384,1.954,5.264,2.0337,2.331,3.7215,5.0311,24,0,0,0,0.0,23.0,0,100.0,100.0,100.0,100.0,0,24,24,reported_gmt_minus_4_unconverted,1
2022-02-02,24,24,24,1.0,high,True,True,True,True,True,2.993458333333333,2.8345000000000002,0.7259540037631242,2.032,4.426,2.2237,2.3657500000000002,3.45175,4.1516,24,0,0,0,0.0,23.0,0,100.0,100.0,100.0,100.0,0,24,24,reported_gmt_minus_4_unconverted,1
2022-02-03,24,24,1,0.041667,weak,False,False,False,False,False,2.348,2.348,,2.348,2.348,2.348,2.348,2.348,2.348,1,23,0,0,23.0,23.0,23,0.0,0.0,4.166666666666667,100.0,23,1,1,reported_gmt_minus_4_unconverted,1
2022-02-04,24,24,24,1.0,high,True,True,True,True,True,1.9041666666666668,1.7189999999999999,0.5183521269718413,1.208,2.754,1.3353000000000002,1.49975,2.4739999999999998,2.602,24,0,0,0,0.0,23.0,0,100.0,100.0,100.0,100.0,0,24,24,reported_gmt_minus_4_unconverted,1
2022-02-05,24,24,24,1.0,high,True,True,True,True,True,2.120791666666667,2.173,0.3916875395301571,1.443,2.908,1.6607999999999998,1.79975,2.38075,2.5577,24,0,0,0,0.0,23.0,0,100.0,100.0,100.0,100.0,0,24,24,reported_gmt_minus_4_unconverted,1
2022-02-06,24,24,24,1.0,high,True,True,True,True,True,2.504166666666667,2.4955,0.561859619374856,1.699,4.12,1.898,2.0599999999999996,2.841,2.9398999999999997,24,0,0,0,0.0,23.0,0,100.0,100.0,100.0,100.0,0,24,24,reported_gmt_minus_4_unconverted,1
2022-02-07,24,24,24,1.0,high,True,True,True,True,True,2.93975,2.7185,0.5723718956731905,2.106,3.964,2.3309,2.53825,3.36475,3.7837,24,0,0,0,0.0,23.0,0,100.0,100.0,100.0,100.0,0,24,24,reported_gmt_minus_4_unconverted,1
2022-02-08,24,24,24,1.0,high,True,True,True,True,True,2.7403750000000002,2.7735,0.377478915334008,2.162,3.413,2.2277,2.39425,3.07375,3.1222,24,0,0,0,0.0,23.0,0,100.0,100.0,100.0,100.0,0,24,24,reported_gmt_minus_4_unconverted,1
2022-02-09,24,24,24,1.0,high,True,True,True,True,True,2.1759583333333334,2.065,0.5685157241652938,1.147,3.209,1.5823,1.7695,2.5912499999999996,2.9292000000000002,24,0,0,0,0.0,23.0,0,100.0,100.0,100.0,100.0,0,24,24,reported_gmt_minus_4_unconverted,1
2022-02-10,24,24,24,1.0,high,True,True,True,True,True,1.688125,1.7685,0.488051165573233,0.758,2.631,0.9677000000000001,1.42925,1.97925,2.1847000000000003,24,0,0,0,0.0,23.0,0,100.0,100.0,100.0,100.0,0,24,24,reported_gmt_minus_4_unconverted,1
2022-02-11,24,24,24,1.0,high,True,True,True,True,True,1.0865416666666665,0.869,0.44313075694835624,0.59,1.919,0.6339,0.7475,1.4445,1.7279,24,0,0,0,0.0,23.0,0,100.0,100.0,100.0,100.0,0,24,24,reported_gmt_minus_4_unconverted,1
2022-02-12,24,24,24,1.0,high,True,True,True,True,True,0.7387499999999999,0.6315,0.3208441650721882,0.41,1.558,0.4333,0.51475,0.781,1.2530999999999999,24,0,0,0,0.0,23.0,0,100.0,100.0,100.0,100.0,0,24,24,reported_gmt_minus_4_unconverted,1
2022-02-13,24,24,24,1.0,high,True,True,True,True,True,1.3675,1.0105,0.9423560667400297,0.525,3.778,0.5730000000000001,0.6905,1.62325,2.9898,24,0,0,0,0.0,23.0,0,100.0,100.0,100.0,100.0,0,24,24,reported_gmt_minus_4_unconverted,1
2022-02-14,24,24,24,1.0,high,True,True,True,True,True,2.3301666666666665,2.368,1.147522460390841,0.574,4.603,1.0127,1.53925,2.8245,4.0762,24,0,0,0,0.0,23.0,0,100.0,100.0,100.0,100.0,0,24,24,reported_gmt_minus_4_unconverted,1
2022-02-15,24,24,24,1.0,high,True,True,True,True,True,2.33175,1.9769999999999999,1.389276954578078,0.7,5.059,0.741,1.1864999999999999,3.14675,4.3004999999999995,24,0,0,0,0.0,23.0,0,100.0,100.0,100.0,100.0,0,24,24,reported_gmt_minus_4_unconverted,1
2022-02-16,24,24,24,1.0,high,True,True,True,True,True,0.8715416666666665,0.6085,0.60409040348255,0.447,2.909,0.4774,0.51775,0.8927499999999999,1.642,24,0,0,0,0.0,23.0,0,100.0,100.0,100.0,100.0,0,24,24,reported_gmt_minus_4_unconverted,1
2022-02-17,24,24,24,1.0,high,True,True,True,True,True,1.0567916666666666,0.7595000000000001,0.8216726831216953,0.387,3.74,0.4047,0.4315,1.6352499999999999,1.8780999999999999,24,0,0,0,0.0,23.0,0,100.0,100.0,100.0,100.0,0,24,24,reported_gmt_minus_4_unconverted,1
2022-02-18,24,24,24,1.0,high,True,True,True,True,True,4.38375,3.5765000000000002,3.486205552197678,0.72,10.253,0.8839,1.1575,7.90425,8.9834,24,0,0,0,0.0,23.0,0,100.0,100.0,100.0,100.0,0,24,24,reported_gmt_minus_4_unconverted,1
2022-02-19,24,24,24,1.0,high,True,True,True,True,True,6.743666666666667,6.9595,3.619125052402519,1.89,13.936,2.3747,3.80225,8.644,11.6031,24,0,0,0,0.0,23.0,0,100.0,100.0,100.0,100.0,0,24,24,reported_gmt_minus_4_unconverted,1
2022-02-20,24,24,24,1.0,high,True,True,True,True,True,2.8869166666666666,2.114,2.026768576408969,0.762,8.088,1.0876,1.41025,3.8985,5.5314,24,0,0,0,0.0,23.0,0,100.0,100.0,100.0,100.0,0,24,24,reported_gmt_minus_4_unconverted,1
2022-02-21,24,24,24,1.0,high,True,True,True,True,True,3.233125,2.1479999999999997,2.9955518663003735,0.613,11.623,1.0564,1.23625,3.84025,7.5329,24,0,0,0,0.0,23.0,0,100.0,100.0,100.0,100.0,0,24,24,reported_gmt_minus_4_unconverted,1
2022-02-22,24,24,24,1.0,high,True,True,True,True,True,4.57825,4.221,2.6678244556355195,1.421,12.959,2.1355,2.44275,5.44225,8.1732,24,0,0,0,0.0,23.0,0,100.0,100.0,100.0,100.0,0,24,24,reported_gmt_minus_4_unconverted,1
2022-02-23,24,24,24,1.0,high,True,True,True,True,True,6.267625,5.2875,2.9665316860881865,2.949,13.489,3.7517,4.55975,7.11525,10.8735,24,0,0,0,0.0,23.0,0,100.0,100.0,100.0,100.0,0,24,24,reported_gmt_minus_4_unconverted,1
2022-02-24,24,24,24,1.0,high,True,True,True,True,True,4.098291666666667,3.6045,2.8866926385558878,0.907,12.774,0.9712999999999999,2.1782500000000002,5.879,6.4602,24,0,0,0,0.0,23.0,0,100.0,100.0,100.0,100.0,0,24,24,reported_gmt_minus_4_unconverted,1
2022-02-25,24,24,24,1.0,high,True,True,True,True,True,3.142375,2.325,2.090922405407427,1.109,7.693,1.2797,1.4304999999999999,3.9135,6.5927,24,0,0,0,0.0,23.0,0,100.0,100.0,100.0,100.0,0,24,24,reported_gmt_minus_4_unconverted,1
2022-02-26,24,24,24,1.0,high,True,True,True,True,True,3.4620833333333336,3.4210000000000003,1.4861634855550385,0.958,6.496,1.55,2.3390000000000004,4.356,5.2497,24,0,0,0,0.0,23.0,0,100.0,100.0,100.0,100.0,0,24,24,reported_gmt_minus_4_unconverted,1
2022-02-27,24,24,24,1.0,high,True,True,True,True,True,2.9776249999999997,2.816,1.5044838725709515,0.87,5.927,1.1984000000000001,1.702,4.25125,4.7918,24,0,0,0,0.0,23.0,0,100.0,100.0,100.0,100.0,0,24,24,reported_gmt_minus_4_unconverted,1
2022-02-28,24,24,24,1.0,high,True,True,True,True,True,1.2041250000000001,0.8035,0.836052906194651,0.412,3.079,0.5737000000000001,0.661,1.39675,2.7377,24,0,0,0,0.0,23.0,0,100.0,100.0,100.0,100.0,0,24,24,reported_gmt_minus_4_unconverted,1
2022-03-01,24,24,24,1.0,high,True,True,True,True,True,1.6015416666666669,1.107,1.3442282731598525,0.564,5.223,0.5731999999999999,0.61775,1.86275,3.9325,24,0,0,0,0.0,23.0,0,100.0,100.0,100.0,100.0,0,24,24,reported_gmt_minus_4_unconverted,1
2022-03-02,24,24,24,1.0,high,True,True,True,True,True,8.030125,6.7935,5.163777403282618,0.952,17.817,1.9942000000000002,3.576,11.445,16.179499999999997,24,0,0,0,0.0,23.0,0,100.0,100.0,100.0,100.0,0,24,24,reported_gmt_minus_4_unconverted,1
2022-03-03,24,24,24,1.0,high,True,True,True,True,True,16.765333333333334,17.659,6.566260060978837,3.197,26.006,4.766800000000001,16.23475,20.35875,24.5264,24,0,0,0,0.0,23.0,0,100.0,100.0,100.0,100.0,0,24,24,reported_gmt_minus_4_unconverted,1
2022-03-04,24,24,24,1.0,high,True,True,True,True,True,17.901625,15.383,5.075724919847067,11.332,28.282,13.3396,14.2115,21.936,25.1206,24,0,0,0,0.0,23.0,0,100.0,100.0,100.0,100.0,0,24,24,reported_gmt_minus_4_unconverted,1
2022-03-05,24,24,24,1.0,high,True,True,True,True,True,12.342999999999998,12.340499999999999,4.193922041115753,5.72,18.317,6.1234,9.576,16.32775,17.726499999999998,24,0,0,0,0.0,23.0,0,100.0,100.0,100.0,100.0,0,24,24,reported_gmt_minus_4_unconverted,1
2022-03-06,24,24,24,1.0,high,True,True,True,True,True,5.375333333333333,5.771,1.5852397340758126,2.207,7.528,2.8143000000000002,4.483750000000001,6.44475,7.1749,24,0,0,0,0.0,23.0,0,100.0,100.0,100.0,100.0,0,24,24,reported_gmt_minus_4_unconverted,1
2022-03-07,24,24,24,1.0,high,True,True,True,True,True,4.20225,4.6545000000000005,1.95805451915926,1.572,7.152,1.7064,2.40325,5.7835,6.9056999999999995,24,0,0,0,0.0,23.0,0,100.0,100.0,100.0,100.0,0,24,24,reported_gmt_minus_4_unconverted,1
2022-03-08,24,24,24,1.0,high,True,True,True,True,True,5.751124999999999,3.5,4.766184631360539,0.685,17.457,1.0256,2.3237500000000004,9.424,11.3875,24,0,0,0,0.0,23.0,0,100.0,100.0,100.0,100.0,0,24,24,reported_gmt_minus_4_unconverted,1
2022-03-09,24,24,24,1.0,high,True,True,True,True,True,7.287791666666667,5.8675,5.2325097310129225,0.783,18.489,2.5533,3.4265,9.52575,16.2764,24,0,0,0,0.0,23.0,0,100.0,100.0,100.0,100.0,0,24,24,reported_gmt_minus_4_unconverted,1
2022-03-10,24,24,24,1.0,high,True,True,True,True,True,9.357041666666667,10.8065,4.473614854650948,2.072,18.147,3.6681000000000004,5.2677499999999995,12.6045,14.2168,24,0,0,0,0.0,23.0,0,100.0,100.0,100.0,100.0,0,24,24,reported_gmt_minus_4_unconverted,1
2022-03-11,24,24,24,1.0,high,True,True,True,True,True,14.197875000000002,13.375,4.169822708278886,8.46,23.268,9.3165,11.97325,15.81525,21.324099999999998,24,0,0,0,0.0,23.0,0,100.0,100.0,100.0,100.0,0,24,24,reported_gmt_minus_4_unconverted,1
2022-03-12,24,24,24,1.0,high,True,True,True,True,True,12.601166666666666,12.875499999999999,4.622791088647135,4.294,19.488,6.829400000000001,8.74725,16.25975,18.1117,24,0,0,0,0.0,23.0,0,100.0,100.0,100.0,100.0,0,24,24,reported_gmt_minus_4_unconverted,1
2022-03-13,24,24,24,1.0,high,True,True,True,True,True,11.186916666666667,9.9055,4.194959458960103,5.813,18.238,6.3653,8.325,14.14575,17.740399999999998,24,0,0,0,0.0,23.0,0,100.0,100.0,100.0,100.0,0,24,24,reported_gmt_minus_4_unconverted,1
2022-03-14,24,24,24,1.0,high,True,True,True,True,True,12.649499999999998,13.1335,3.409398263878706,5.059,20.228,8.6308,11.00925,14.86575,15.5082,24,0,0,0,0.0,23.0,0,100.0,100.0,100.0,100.0,0,24,24,reported_gmt_minus_4_unconverted,1
2022-03-15,24,24,24,1.0,high,True,True,True,True,True,12.117500000000001,12.0525,2.3004818965863953,7.002,15.573,9.178700000000001,10.7665,13.54825,15.1885,24,0,0,0,0.0,23.0,0,100.0,100.0,100.0,100.0,0,24,24,reported_gmt_minus_4_unconverted,1
2022-03-16,24,24,18,0.75,standard,True,True,True,True,False,10.979000000000001,11.312000000000001,1.558334065219499,7.504,13.208,8.8801,10.35875,12.06,12.767,18,6,0,0,0.0,23.0,6,0.0,100.0,75.0,100.0,6,18,18,reported_gmt_minus_4_unconverted,1
2022-03-17,24,24,24,1.0,high,True,True,True,True,True,11.404541666666665,11.9915,2.769604586110768,7.376,16.728,8.032599999999999,8.44,12.967,15.2635,24,0,0,0,0.0,23.0,0,100.0,100.0,100.0,100.0,0,24,24,reported_gmt_minus_4_unconverted,1
2022-03-18,24,24,24,1.0,high,True,True,True,True,True,9.706,10.461500000000001,1.7997606845742382,6.313,11.911,7.0959,8.399000000000001,11.22775,11.775599999999999,24,0,0,0,0.0,23.0,0,100.0,100.0,100.0,100.0,0,24,24,reported_gmt_minus_4_unconverted,1
2022-03-19,24,24,24,1.0,high,True,True,True,True,True,7.074333333333333,7.477,1.789295918527165,3.66,10.353,4.4328,5.79575,8.35275,9.0403,24,0,0,0,0.0,23.0,0,100.0,100.0,100.0,100.0,0,24,24,reported_gmt_minus_4_unconverted,1
2022-03-20,24,24,24,1.0,high,True,True,True,True,True,8.942333333333332,8.689499999999999,2.1579943116874434,5.739,12.85,6.1802,7.44575,10.49925,11.7037,24,0,0,0,0.0,23.0,0,100.0,100.0,100.0,100.0,0,24,24,reported_gmt_minus_4_unconverted,1
2022-03-21,24,24,24,1.0,high,True,True,True,True,True,6.352374999999999,6.0585,1.4035640910228129,3.168,9.244,5.4226,5.758,6.5945,8.7336,24,0,0,0,0.0,23.0,0,100.0,100.0,100.0,100.0,0,24,24,reported_gmt_minus_4_unconverted,1
2022-03-22,24,24,24,1.0,high,True,True,True,True,True,3.192625,2.9225000000000003,1.3138718358679269,1.417,5.736,1.5398,2.24425,3.958,4.8875,24,0,0,0,0.0,23.0,0,100.0,100.0,100.0,100.0,0,24,24,reported_gmt_minus_4_unconverted,1
2022-03-23,24,24,24,1.0,high,True,True,True,True,True,2.4677916666666664,2.1505,1.0690391451394938,0.919,5.239,1.5303,1.95975,2.944,4.122199999999999,24,0,0,0,0.0,23.0,0,100.0,100.0,100.0,100.0,0,24,24,reported_gmt_minus_4_unconverted,1
2022-03-24,24,24,24,1.0,high,True,True,True,True,True,1.6593333333333333,1.4985,0.6669783039732361,0.535,3.504,1.175,1.294,1.76475,2.2455,24,0,0,0,0.0,23.0,0,100.0,100.0,100.0,100.0,0,24,24,reported_gmt_minus_4_unconverted,1
2022-03-25,24,24,24,1.0,high,True,True,True,True,True,2.171625,2.1189999999999998,0.7690333182412954,0.621,3.833,1.2408000000000001,1.5710000000000002,2.71425,3.0408,24,0,0,0,0.0,23.0,0,100.0,100.0,100.0,100.0,0,24,24,reported_gmt_minus_4_unconverted,1
2022-03-26,24,24,24,1.0,high,True,True,True,True,True,1.4722083333333336,1.362,0.595332788130461,0.668,2.734,0.8251000000000001,0.944,1.8585,2.3785,24,0,0,0,0.0,23.0,0,100.0,100.0,100.0,100.0,0,24,24,reported_gmt_minus_4_unconverted,1
2022-03-27,24,24,24,1.0,high,True,True,True,True,True,1.4669583333333334,1.2285,0.829335222471519,0.333,3.34,0.538,0.9512499999999999,2.29125,2.5728,24,0,0,0,0.0,23.0,0,100.0,100.0,100.0,100.0,0,24,24,reported_gmt_minus_4_unconverted,1
2022-03-28,24,24,24,1.0,high,True,True,True,True,True,2.188916666666667,1.7374999999999998,1.43840415547674,0.473,6.589,1.0835000000000001,1.2485,2.513,3.937499999999999,24,0,0,0,0.0,23.0,0,100.0,100.0,100.0,100.0,0,24,24,reported_gmt_minus_4_unconverted,1
2022-03-29,24,24,24,1.0,high,True,True,True,True,True,4.390875,4.628,1.3489426233487312,1.44,7.767,2.4079,3.77,5.15775,5.494,24,0,0,0,0.0,23.0,0,100.0,100.0,100.0,100.0,0,24,24,reported_gmt_minus_4_unconverted,1
2022-03-30,24,24,24,1.0,high,True,True,True,True,True,2.8149166666666665,2.1235,1.6711646268829792,0.687,5.804,1.1326,1.528,4.10225,5.4533,24,0,0,0,0.0,23.0,0,100.0,100.0,100.0,100.0,0,24,24,reported_gmt_minus_4_unconverted,1
2022-03-31,24,24,24,1.0,high,True,True,True,True,True,5.0129166666666665,4.4465,2.427343563520071,1.714,9.664,2.1517,3.19,6.77425,8.5239,24,0,0,0,0.0,23.0,0,100.0,100.0,100.0,100.0,0,24,24,reported_gmt_minus_4_unconverted,1
2022-04-01,24,24,24,1.0,high,True,True,True,True,True,10.522833333333335,10.289,2.1623450769671475,7.05,14.922,7.8427,8.913,12.22675,12.8947,24,0,0,0,0.0,23.0,0,100.0,100.0,100.0,100.0,0,24,24,reported_gmt_minus_4_unconverted,1
2022-04-02,24,24,24,1.0,high,True,True,True,True,True,10.462833333333334,10.3285,1.7843736854356944,7.622,14.238,8.0821,9.407,11.33375,12.7651,24,0,0,0,0.0,23.0,0,100.0,100.0,100.0,100.0,0,24,24,reported_gmt_minus_4_unconverted,1
2022-04-03,24,24,24,1.0,high,True,True,True,True,True,8.637875,8.5755,2.166678008470872,5.414,12.223,5.9983,6.61425,10.413,11.5415,24,0,0,0,0.0,23.0,0,100.0,100.0,100.0,100.0,0,24,24,reported_gmt_minus_4_unconverted,1
2022-04-04,24,24,24,1.0,high,True,True,True,True,True,8.553583333333332,8.354,2.0143935092590346,5.733,12.517,6.2326,6.831,10.213249999999999,11.329500000000001,24,0,0,0,0.0,23.0,0,100.0,100.0,100.0,100.0,0,24,24,reported_gmt_minus_4_unconverted,1
2022-04-05,24,24,24,1.0,high,True,True,True,True,True,10.685125,10.512,2.62998276259023,6.752,16.901,7.4653,8.518749999999999,12.23975,13.1831,24,0,0,0,0.0,23.0,0,100.0,100.0,100.0,100.0,0,24,24,reported_gmt_minus_4_unconverted,1
2022-04-06,24,24,24,1.0,high,True,True,True,True,True,11.85975,12.0,2.2397642393399546,6.096,14.994,9.39,10.30325,13.816500000000001,14.380199999999999,24,0,0,0,0.0,23.0,0,100.0,100.0,100.0,100.0,0,24,24,reported_gmt_minus_4_unconverted,1
2022-04-07,24,24,24,1.0,high,True,True,True,True,True,14.014208333333334,14.7035,3.1032363468281563,7.323,18.985,9.5937,11.76325,16.081500000000002,17.6986,24,0,0,0,0.0,23.0,0,100.0,100.0,100.0,100.0,0,24,24,reported_gmt_minus_4_unconverted,1
2022-04-08,24,24,24,1.0,high,True,True,True,True,True,9.465541666666667,9.494499999999999,1.1518635176989491,7.45,11.435,7.9822,8.35625,10.38575,10.8957,24,0,0,0,0.0,23.0,0,100.0,100.0,100.0,100.0,0,24,24,reported_gmt_minus_4_unconverted,1
2022-04-09,24,24,2,0.083333,weak,False,False,False,False,False,10.7425,10.7425,1.18581807204984,9.904,11.581,10.0717,10.32325,11.16175,11.4133,2,22,0,0,0.0,1.0,22,0.0,0.0,8.333333333333334,100.0,22,2,2,reported_gmt_minus_4_unconverted,1
2022-04-10,24,24,24,1.0,high,True,True,True,True,True,6.387791666666668,6.6865000000000006,1.6677085288859204,1.586,8.068,4.5032000000000005,6.40325,7.2445,7.8224,24,0,0,0,0.0,23.0,0,100.0,100.0,100.0,100.0,0,24,24,reported_gmt_minus_4_unconverted,1
2022-04-11,24,24,24,1.0,high,True,True,True,True,True,3.356125,2.8689999999999998,1.7730179947712343,1.457,7.108,1.8563,2.00175,3.81575,6.5689,24,0,0,0,0.0,23.0,0,100.0,100.0,100.0,100.0,0,24,24,reported_gmt_minus_4_unconverted,1
2022-04-12,24,24,24,1.0,high,True,True,True,True,True,3.137166666666667,2.434,1.9688708895481553,1.058,7.702,1.2745,1.716,3.8325,6.525999999999999,24,0,0,0,0.0,23.0,0,100.0,100.0,100.0,100.0,0,24,24,reported_gmt_minus_4_unconverted,1
2022-04-13,24,24,24,1.0,high,True,True,True,True,True,5.445708333333333,4.99,2.6547085728727473,1.396,11.541,2.8004000000000002,3.54325,6.755,8.3743,24,0,0,0,0.0,23.0,0,100.0,100.0,100.0,100.0,0,24,24,reported_gmt_minus_4_unconverted,1
2022-04-14,24,24,24,1.0,high,True,True,True,True,True,7.566916666666667,7.1795,2.6540386274943106,1.846,11.872,4.7346,5.515499999999999,9.44225,11.085999999999999,24,0,0,0,0.0,23.0,0,100.0,100.0,100.0,100.0,0,24,24,reported_gmt_minus_4_unconverted,1
2022-04-15,24,24,24,1.0,high,True,True,True,True,True,5.498125000000001,4.8309999999999995,2.7845636815736734,2.025,11.781,2.7846,3.2765,7.0315,9.966899999999999,24,0,0,0,0.0,23.0,0,100.0,100.0,100.0,100.0,0,24,24,reported_gmt_minus_4_unconverted,1
2022-04-16,24,24,24,1.0,high,True,True,True,True,True,4.015,3.149,2.953857566257915,0.848,11.345,0.9686,1.8325,4.8855,9.0896,24,0,0,0,0.0,23.0,0,100.0,100.0,100.0,100.0,0,24,24,reported_gmt_minus_4_unconverted,1
2022-04-17,24,24,24,1.0,high,True,True,True,True,True,3.4852916666666665,3.005,1.9642686542360983,1.162,8.885,1.4375,1.9775,4.325,6.2556,24,0,0,0,0.0,23.0,0,100.0,100.0,100.0,100.0,0,24,24,reported_gmt_minus_4_unconverted,1
2022-04-18,24,24,24,1.0,high,True,True,True,True,True,6.09975,7.0120000000000005,2.4224835845452706,1.863,9.754,2.4007,4.19375,7.62825,8.8796,24,0,0,0,0.0,23.0,0,100.0,100.0,100.0,100.0,0,24,24,reported_gmt_minus_4_unconverted,1
2022-04-19,24,24,24,1.0,high,True,True,True,True,True,8.291375,8.4175,1.4863292049323333,5.962,10.951,6.3965,6.9567499999999995,9.1395,10.2823,24,0,0,0,0.0,23.0,0,100.0,100.0,100.0,100.0,0,24,24,reported_gmt_minus_4_unconverted,1
2022-04-20,24,24,24,1.0,high,True,True,True,True,True,6.6677083333333345,6.6975,1.0492639854831025,5.006,8.147,5.359100000000001,5.78875,7.625,8.0354,24,0,0,0,0.0,23.0,0,100.0,100.0,100.0,100.0,0,24,24,reported_gmt_minus_4_unconverted,1
2022-04-21,24,24,24,1.0,high,True,True,True,True,True,6.781,6.7125,1.0989439199205913,4.799,8.937,5.6445,5.8255,7.46725,8.2134,24,0,0,0,0.0,23.0,0,100.0,100.0,100.0,100.0,0,24,24,reported_gmt_minus_4_unconverted,1
2022-04-22,24,24,24,1.0,high,True,True,True,True,True,6.6982083333333335,7.0915,1.4773425607037343,3.95,10.468,4.9872000000000005,5.4835,7.48375,7.8762,24,0,0,0,0.0,23.0,0,100.0,100.0,100.0,100.0,0,24,24,reported_gmt_minus_4_unconverted,1
2022-04-23,24,24,24,1.0,high,True,True,True,True,True,5.8989166666666675,5.055,3.228325234365425,1.803,13.647,2.5542,3.54,7.636749999999999,9.7075,24,0,0,0,0.0,23.0,0,100.0,100.0,100.0,100.0,0,24,24,reported_gmt_minus_4_unconverted,1
2022-04-24,24,24,24,1.0,high,True,True,True,True,True,6.614625,6.503,1.7273943637871112,4.428,10.275,4.8076,5.09225,7.43425,9.1045,24,0,0,0,0.0,23.0,0,100.0,100.0,100.0,100.0,0,24,24,reported_gmt_minus_4_unconverted,1
2022-04-25,24,24,24,1.0,high,True,True,True,True,True,6.864708333333333,6.8294999999999995,1.071419963095163,4.243,8.903,5.4673,6.38275,7.617,8.1616,24,0,0,0,0.0,23.0,0,100.0,100.0,100.0,100.0,0,24,24,reported_gmt_minus_4_unconverted,1
2022-04-26,24,24,24,1.0,high,True,True,True,True,True,3.869875,3.83,0.9469072913850969,2.286,5.09,2.6308,2.98275,4.719,5.0375,24,0,0,0,0.0,23.0,0,100.0,100.0,100.0,100.0,0,24,24,reported_gmt_minus_4_unconverted,1
2022-04-27,24,24,24,1.0,high,True,True,True,True,True,2.12975,2.1189999999999998,0.37534694095857035,1.427,2.89,1.6408,1.9809999999999999,2.3062500000000004,2.6146,24,0,0,0,0.0,23.0,0,100.0,100.0,100.0,100.0,0,24,24,reported_gmt_minus_4_unconverted,1
2022-04-28,24,24,24,1.0,high,True,True,True,True,True,1.712,1.6920000000000002,0.39938169603830714,0.692,2.298,1.322,1.59875,1.95975,2.1637,24,0,0,0,0.0,23.0,0,100.0,100.0,100.0,100.0,0,24,24,reported_gmt_minus_4_unconverted,1
2022-04-29,24,24,24,1.0,high,True,True,True,True,True,1.4496666666666667,1.3355,0.5699738870194475,0.716,2.551,0.7929,0.929,1.9465,2.146,24,0,0,0,0.0,23.0,0,100.0,100.0,100.0,100.0,0,24,24,reported_gmt_minus_4_unconverted,1
2022-04-30,24,24,24,1.0,high,True,True,True,True,True,2.1315,2.058,0.7214205189883298,0.914,3.177,1.3182,1.5775,2.824,3.0509999999999997,24,0,0,0,0.0,23.0,0,100.0,100.0,100.0,100.0,0,24,24,reported_gmt_minus_4_unconverted,1
2022-05-01,24,24,24,1.0,high,True,True,True,True,True,2.7737916666666664,2.7439999999999998,0.6736238131677551,1.385,3.703,1.9065,2.3095,3.40675,3.5389999999999997,24,0,0,0,0.0,23.0,0,100.0,100.0,100.0,100.0,0,24,24,reported_gmt_minus_4_unconverted,1
2022-05-02,24,24,24,1.0,high,True,True,True,True,True,3.328416666666666,3.0025,0.8804259303544958,1.938,4.879,2.3168,2.6660000000000004,4.11325,4.5085,24,0,0,0,0.0,23.0,0,100.0,100.0,100.0,100.0,0,24,24,reported_gmt_minus_4_unconverted,1
2022-05-03,24,24,24,1.0,high,True,True,True,True,True,4.0112499999999995,4.0365,0.935432624859842,1.575,5.776,3.1229,3.44,4.5185,5.2138,24,0,0,0,0.0,23.0,0,100.0,100.0,100.0,100.0,0,24,24,reported_gmt_minus_4_unconverted,1
2022-05-04,24,24,24,1.0,high,True,True,True,True,True,2.826,2.9625,0.484765295070045,2.052,3.533,2.1232,2.299,3.18375,3.3516,24,0,0,0,0.0,23.0,0,100.0,100.0,100.0,100.0,0,24,24,reported_gmt_minus_4_unconverted,1
2022-05-05,24,24,24,1.0,high,True,True,True,True,True,2.44325,2.4859999999999998,0.32494002791150617,1.832,3.239,2.0768999999999997,2.202,2.6365000000000003,2.8198,24,0,0,0,0.0,23.0,0,100.0,100.0,100.0,100.0,0,24,24,reported_gmt_minus_4_unconverted,1
2022-05-06,24,24,24,1.0,high,True,True,True,True,True,1.8950833333333332,1.8955000000000002,0.47653969374034827,0.948,3.055,1.3584,1.62025,2.151,2.4863999999999997,24,0,0,0,0.0,23.0,0,100.0,100.0,100.0,100.0,0,24,24,reported_gmt_minus_4_unconverted,1
2022-05-07,24,24,24,1.0,high,True,True,True,True,True,3.062291666666667,3.0545,1.2869775674260882,1.094,5.472,1.4428,1.7777500000000002,4.2005,4.5794,24,0,0,0,0.0,23.0,0,100.0,100.0,100.0,100.0,0,24,24,reported_gmt_minus_4_unconverted,1
2022-05-08,24,24,24,1.0,high,True,True,True,True,True,3.254375,3.0635,1.550423583425987,0.747,6.246,1.5157999999999998,2.03225,4.594250000000001,5.1232,24,0,0,0,0.0,23.0,0,100.0,100.0,100.0,100.0,0,24,24,reported_gmt_minus_4_unconverted,1
2022-05-09,24,24,24,1.0,high,True,True,True,True,True,1.7392083333333332,1.608,0.7431623369479718,0.679,3.685,1.0729,1.26775,1.98825,2.6786999999999996,24,0,0,0,0.0,23.0,0,100.0,100.0,100.0,100.0,0,24,24,reported_gmt_minus_4_unconverted,1
2022-05-10,24,24,24,1.0,high,True,True,True,True,True,4.696916666666667,5.4615,2.1579486820804505,1.343,8.307,1.5773000000000001,3.1502499999999998,6.09775,6.973399999999999,24,0,0,0,0.0,23.0,0,100.0,100.0,100.0,100.0,0,24,24,reported_gmt_minus_4_unconverted,1
2022-05-11,24,24,21,0.875,standard,True,True,True,True,False,2.7731428571428576,2.758,1.4084176328672644,0.037,6.127,1.407,1.835,3.778,4.511,21,3,0,0,0.0,23.0,3,0.0,100.0,87.5,100.0,3,21,21,reported_gmt_minus_4_unconverted,1
2022-05-12,24,24,24,1.0,high,True,True,True,True,True,1.9914999999999996,2.0635000000000003,0.4542759169223614,0.995,2.636,1.2992000000000001,1.744,2.378,2.4297,24,0,0,0,0.0,23.0,0,100.0,100.0,100.0,100.0,0,24,24,reported_gmt_minus_4_unconverted,1
2022-05-13,24,24,24,1.0,high,True,True,True,True,True,1.969541666666667,2.02,0.5612789726552453,1.082,3.22,1.247,1.5195,2.379,2.6467,24,0,0,0,0.0,23.0,0,100.0,100.0,100.0,100.0,0,24,24,reported_gmt_minus_4_unconverted,1
2022-05-14,24,24,24,1.0,high,True,True,True,True,True,1.678,1.5619999999999998,0.33041975938388485,1.125,2.363,1.3895000000000002,1.49225,1.95025,2.1342,24,0,0,0,0.0,23.0,0,100.0,100.0,100.0,100.0,0,24,24,reported_gmt_minus_4_unconverted,1
2022-05-15,24,24,24,1.0,high,True,True,True,True,True,1.5222083333333334,1.561,0.2081433409031354,1.193,1.853,1.2691,1.32425,1.705,1.777,24,0,0,0,0.0,23.0,0,100.0,100.0,100.0,100.0,0,24,24,reported_gmt_minus_4_unconverted,1
2022-05-16,24,24,3,0.125,weak,False,False,False,False,False,1.9720000000000002,2.195,0.4169256528447247,1.491,2.23,1.6318000000000001,1.843,2.2125,2.223,3,21,0,0,0.0,2.0,21,0.0,0.0,12.5,100.0,21,3,3,reported_gmt_minus_4_unconverted,1
2022-05-17,24,24,20,0.833333,standard,True,True,True,True,False,1.0016500000000002,1.003,0.12095074029929447,0.779,1.197,0.8625,0.89675,1.065,1.1733,20,4,0,0,0.0,23.0,4,0.0,100.0,83.33333333333333,100.0,4,20,20,reported_gmt_minus_4_unconverted,1
2022-05-18,24,24,24,1.0,high,True,True,True,True,True,1.3634583333333332,1.254,0.35944171434947936,0.919,2.506,1.1058999999999999,1.16175,1.3984999999999999,1.8572,24,0,0,0,0.0,23.0,0,100.0,100.0,100.0,100.0,0,24,24,reported_gmt_minus_4_unconverted,1
2022-05-19,24,24,24,1.0,high,True,True,True,True,True,1.6831249999999998,1.6235,0.3455490039494178,1.244,2.505,1.2607,1.43125,1.87725,2.1812,24,0,0,0,0.0,23.0,0,100.0,100.0,100.0,100.0,0,24,24,reported_gmt_minus_4_unconverted,1
2022-05-20,24,24,24,1.0,high,True,True,True,True,True,1.6162083333333335,1.6775,0.20374215998075407,1.228,1.941,1.3663,1.4412500000000001,1.7842500000000001,1.8227,24,0,0,0,0.0,23.0,0,100.0,100.0,100.0,100.0,0,24,24,reported_gmt_minus_4_unconverted,1
2022-05-21,24,24,24,1.0,high,True,True,True,True,True,1.3724999999999998,1.3125,0.518257364300956,0.541,2.634,0.7416,1.09425,1.55675,2.1156,24,0,0,0,0.0,23.0,0,100.0,100.0,100.0,100.0,0,24,24,reported_gmt_minus_4_unconverted,1
2022-05-22,24,24,24,1.0,high,True,True,True,True,True,2.091875,2.0385,0.7141619784906917,1.295,4.498,1.3959,1.4905000000000002,2.3585000000000003,2.8368999999999995,24,0,0,0,0.0,23.0,0,100.0,100.0,100.0,100.0,0,24,24,reported_gmt_minus_4_unconverted,1
2022-05-23,24,24,24,1.0,high,True,True,True,True,True,5.491083333333333,5.1195,2.716367874117243,1.932,9.357,2.2206,2.7295,8.1175,8.5672,24,0,0,0,0.0,23.0,0,100.0,100.0,100.0,100.0,0,24,24,reported_gmt_minus_4_unconverted,1
2022-05-24,24,24,24,1.0,high,True,True,True,True,True,6.735458333333334,6.8485,2.0941492197811846,3.523,10.967,4.058800000000001,5.35975,7.71575,9.7784,24,0,0,0,0.0,23.0,0,100.0,100.0,100.0,100.0,0,24,24,reported_gmt_minus_4_unconverted,1
2022-05-25,24,24,24,1.0,high,True,True,True,True,True,6.619875,6.5075,1.677327359418004,4.044,11.018,4.8404,5.156000000000001,7.836,8.147499999999999,24,0,0,0,0.0,23.0,0,100.0,100.0,100.0,100.0,0,24,24,reported_gmt_minus_4_unconverted,1
2022-05-26,24,24,24,1.0,high,True,True,True,True,True,8.019666666666668,8.870999999999999,3.1914757342519215,1.606,12.128,3.3471,6.22975,10.5835,11.2611,24,0,0,0,0.0,23.0,0,100.0,100.0,100.0,100.0,0,24,24,reported_gmt_minus_4_unconverted,1
2022-05-27,24,24,24,1.0,high,True,True,True,True,True,9.314791666666666,10.0045,2.8351639624262615,1.74,13.233,5.4131,8.26,11.10025,12.2766,24,0,0,0,0.0,23.0,0,100.0,100.0,100.0,100.0,0,24,24,reported_gmt_minus_4_unconverted,1
2022-05-28,24,24,24,1.0,high,True,True,True,True,True,6.609333333333333,6.343999999999999,3.4997216866570935,1.709,13.242,2.3856,3.8975,8.99775,11.1639,24,0,0,0,0.0,23.0,0,100.0,100.0,100.0,100.0,0,24,24,reported_gmt_minus_4_unconverted,1
2022-05-29,24,24,24,1.0,high,True,True,True,True,True,4.50525,3.0285,3.92707075533295,0.509,11.903,0.6105,1.31575,7.26025,11.294699999999999,24,0,0,0,0.0,23.0,0,100.0,100.0,100.0,100.0,0,24,24,reported_gmt_minus_4_unconverted,1
2022-05-30,24,24,24,1.0,high,True,True,True,True,True,4.067625,3.465,2.8131457838311467,0.477,10.133,0.9326,1.8732499999999999,5.9895,7.9940999999999995,24,0,0,0,0.0,23.0,0,100.0,100.0,100.0,100.0,0,24,24,reported_gmt_minus_4_unconverted,1
2022-05-31,24,24,24,1.0,high,True,True,True,True,True,1.508416666666667,0.996,1.6373542262805687,0.21,7.693,0.4047,0.4795,2.0115000000000003,3.0654,24,0,0,0,0.0,23.0,0,100.0,100.0,100.0,100.0,0,24,24,reported_gmt_minus_4_unconverted,1
2022-06-01,24,24,24,1.0,high,True,True,True,True,True,2.8574583333333337,2.2695,1.9995735410368112,0.744,8.951,1.0958999999999999,1.35675,3.50175,4.6309000000000005,24,0,0,0,0.0,23.0,0,100.0,100.0,100.0,100.0,0,24,24,reported_gmt_minus_4_unconverted,1
2022-06-02,24,24,24,1.0,high,True,True,True,True,True,3.4894166666666666,3.29,1.090595127388738,1.542,5.801,2.2065,2.79075,4.307,4.6387,24,0,0,0,0.0,23.0,0,100.0,100.0,100.0,100.0,0,24,24,reported_gmt_minus_4_unconverted,1
2022-06-03,24,24,24,1.0,high,True,True,True,True,True,2.4088333333333334,1.8765,1.2446582791610146,1.138,5.043,1.2768,1.38225,3.214,4.221,24,0,0,0,0.0,23.0,0,100.0,100.0,100.0,100.0,0,24,24,reported_gmt_minus_4_unconverted,1
2022-06-04,24,24,24,1.0,high,True,True,True,True,True,2.999333333333334,2.8615,1.5887300552346195,0.726,5.686,1.0959,1.8115,4.088,5.3965,24,0,0,0,0.0,23.0,0,100.0,100.0,100.0,100.0,0,24,24,reported_gmt_minus_4_unconverted,1
2022-06-05,24,24,24,1.0,high,True,True,True,True,True,3.006041666666667,3.0140000000000002,1.4521214309975317,0.975,5.47,1.4453,1.61775,3.7409999999999997,5.2811,24,0,0,0,0.0,23.0,0,100.0,100.0,100.0,100.0,0,24,24,reported_gmt_minus_4_unconverted,1
2022-06-06,24,24,24,1.0,high,True,True,True,True,True,3.4793749999999997,3.6405000000000003,1.0750782706591544,1.661,4.769,2.011,2.6035000000000004,4.499499999999999,4.6063,24,0,0,0,0.0,23.0,0,100.0,100.0,100.0,100.0,0,24,24,reported_gmt_minus_4_unconverted,1
2022-06-07,24,24,24,1.0,high,True,True,True,True,True,2.549583333333333,2.2565,0.6199959969482738,1.715,4.028,1.9945,2.1825,3.14375,3.3509,24,0,0,0,0.0,23.0,0,100.0,100.0,100.0,100.0,0,24,24,reported_gmt_minus_4_unconverted,1
2022-06-08,24,24,24,1.0,high,True,True,True,True,True,1.7416250000000002,1.7854999999999999,0.21271491689480834,1.397,2.168,1.4801,1.5645,1.8912499999999999,2.0117,24,0,0,0,0.0,23.0,0,100.0,100.0,100.0,100.0,0,24,24,reported_gmt_minus_4_unconverted,1
2022-06-09,24,24,24,1.0,high,True,True,True,True,True,1.7919583333333333,1.6564999999999999,0.44813249973511243,1.147,2.912,1.4299,1.5002499999999999,1.8285,2.4898,24,0,0,0,0.0,23.0,0,100.0,100.0,100.0,100.0,0,24,24,reported_gmt_minus_4_unconverted,1
2022-06-10,24,24,24,1.0,high,True,True,True,True,True,2.407666666666666,2.299,0.5538933869057935,1.498,3.738,1.7748000000000002,2.1155,2.73975,3.1502999999999997,24,0,0,0,0.0,23.0,0,100.0,100.0,100.0,100.0,0,24,24,reported_gmt_minus_4_unconverted,1
2022-06-11,24,24,24,1.0,high,True,True,True,True,True,1.8547916666666666,1.793,0.40390000690729155,0.936,2.653,1.3898,1.6624999999999999,2.117,2.2906,24,0,0,0,0.0,23.0,0,100.0,100.0,100.0,100.0,0,24,24,reported_gmt_minus_4_unconverted,1
2022-06-12,24,24,24,1.0,high,True,True,True,True,True,2.122291666666667,2.1254999999999997,0.3787777229534455,1.484,2.9,1.7096,1.7622499999999999,2.31675,2.5713,24,0,0,0,0.0,23.0,0,100.0,100.0,100.0,100.0,0,24,24,reported_gmt_minus_4_unconverted,1
2022-06-13,24,24,24,1.0,high,True,True,True,True,True,3.1913750000000003,2.6165000000000003,1.3531805307914548,1.727,6.604,2.1835999999999998,2.28375,3.396,5.6437,24,0,0,0,0.0,23.0,0,100.0,100.0,100.0,100.0,0,24,24,reported_gmt_minus_4_unconverted,1
2022-06-14,24,24,24,1.0,high,True,True,True,True,True,4.0715,3.705,0.949403382450629,2.906,6.183,3.1525,3.32525,4.5595,5.4561,24,0,0,0,0.0,23.0,0,100.0,100.0,100.0,100.0,0,24,24,reported_gmt_minus_4_unconverted,1
2022-06-15,24,24,24,1.0,high,True,True,True,True,True,3.5834166666666665,3.384,0.6037534708994958,2.742,4.784,2.8951000000000002,3.2062500000000003,4.24925,4.3828000000000005,24,0,0,0,0.0,23.0,0,100.0,100.0,100.0,100.0,0,24,24,reported_gmt_minus_4_unconverted,1
2022-06-16,24,24,24,1.0,high,True,True,True,True,True,3.5543750000000003,3.7110000000000003,1.0400998201468765,0.916,4.895,2.3000000000000003,2.851,4.46125,4.6299,24,0,0,0,0.0,23.0,0,100.0,100.0,100.0,100.0,0,24,24,reported_gmt_minus_4_unconverted,1
2022-06-17,24,24,24,1.0,high,True,True,True,True,True,3.512833333333333,3.567,1.1499815373439193,1.42,5.564,2.1993,2.5845000000000002,4.24725,5.0024999999999995,24,0,0,0,0.0,23.0,0,100.0,100.0,100.0,100.0,0,24,24,reported_gmt_minus_4_unconverted,1
2022-06-18,24,24,24,1.0,high,True,True,True,True,True,4.755708333333334,4.4350000000000005,2.5176745737004955,1.315,8.593,1.8519,2.12775,7.567,8.048,24,0,0,0,0.0,23.0,0,100.0,100.0,100.0,100.0,0,24,24,reported_gmt_minus_4_unconverted,1
2022-06-19,24,24,24,1.0,high,True,True,True,True,True,8.211291666666666,7.964,2.5500143644807123,2.705,12.998,5.5487,6.561249999999999,10.0735,11.6097,24,0,0,0,0.0,23.0,0,100.0,100.0,100.0,100.0,0,24,24,reported_gmt_minus_4_unconverted,1
2022-06-20,24,24,24,1.0,high,True,True,True,True,True,11.473083333333333,11.300999999999998,1.6516022501660692,7.107,14.899,9.5665,10.989749999999999,12.33375,13.472199999999999,24,0,0,0,0.0,23.0,0,100.0,100.0,100.0,100.0,0,24,24,reported_gmt_minus_4_unconverted,1
2022-06-21,24,24,24,1.0,high,True,True,True,True,True,8.879083333333334,8.836500000000001,1.7215206603633808,6.708,13.653,6.9579,7.17025,9.98625,10.312299999999999,24,0,0,0,0.0,23.0,0,100.0,100.0,100.0,100.0,0,24,24,reported_gmt_minus_4_unconverted,1
2022-06-22,24,24,24,1.0,high,True,True,True,True,True,8.110000000000001,8.0545,0.9524988188969054,6.871,10.231,7.022,7.3855,8.432,9.4733,24,0,0,0,0.0,23.0,0,100.0,100.0,100.0,100.0,0,24,24,reported_gmt_minus_4_unconverted,1
2022-06-23,24,24,24,1.0,high,True,True,True,True,True,5.727875,5.480499999999999,0.8730749413772392,4.56,7.454,4.8586,4.9915,6.41075,6.989599999999999,24,0,0,0,0.0,23.0,0,100.0,100.0,100.0,100.0,0,24,24,reported_gmt_minus_4_unconverted,1
2022-06-24,24,24,24,1.0,high,True,True,True,True,True,2.8375,2.814,0.7248404322151966,1.566,4.717,1.9895,2.4015,3.17375,3.5348,24,0,0,0,0.0,23.0,0,100.0,100.0,100.0,100.0,0,24,24,reported_gmt_minus_4_unconverted,1
2022-06-25,24,24,24,1.0,high,True,True,True,True,True,2.8060416666666668,2.3785,0.9486278181240736,1.608,4.282,1.7641,2.03125,3.67075,4.0884,24,0,0,0,0.0,23.0,0,100.0,100.0,100.0,100.0,0,24,24,reported_gmt_minus_4_unconverted,1
2022-06-26,24,24,24,1.0,high,True,True,True,True,True,4.325541666666667,4.295,0.4836391018074339,3.694,5.769,3.806,3.96475,4.494,4.8664,24,0,0,0,0.0,23.0,0,100.0,100.0,100.0,100.0,0,24,24,reported_gmt_minus_4_unconverted,1
2022-06-27,24,24,24,1.0,high,True,True,True,True,True,5.573958333333333,5.318,0.7635167193959156,4.848,7.358,4.9455,5.0840000000000005,5.5975,6.875699999999999,24,0,0,0,0.0,23.0,0,100.0,100.0,100.0,100.0,0,24,24,reported_gmt_minus_4_unconverted,1
2022-06-28,24,24,24,1.0,high,True,True,True,True,True,6.281083333333332,5.929,1.308700248559505,4.333,8.882,4.8298,5.1145,7.5185,8.1372,24,0,0,0,0.0,23.0,0,100.0,100.0,100.0,100.0,0,24,24,reported_gmt_minus_4_unconverted,1
2022-06-29,24,24,24,1.0,high,True,True,True,True,True,5.20275,5.0855,0.9675736237575435,3.708,7.771,4.083699999999999,4.664000000000001,5.81025,6.1792,24,0,0,0,0.0,23.0,0,100.0,100.0,100.0,100.0,0,24,24,reported_gmt_minus_4_unconverted,1
2022-06-30,24,24,24,1.0,high,True,True,True,True,True,4.8725,4.6,1.0312737164598298,3.339,6.771,3.7672,4.19275,5.71525,6.4601,24,0,0,0,0.0,23.0,0,100.0,100.0,100.0,100.0,0,24,24,reported_gmt_minus_4_unconverted,1
2022-07-01,24,24,24,1.0,high,True,True,True,True,True,7.017500000000001,7.1125,1.9360909069565921,3.075,9.97,4.7651,5.417,8.64325,9.562899999999999,24,0,0,0,0.0,23.0,0,100.0,100.0,100.0,100.0,0,24,24,reported_gmt_minus_4_unconverted,1
2022-07-02,24,24,24,1.0,high,True,True,True,True,True,6.470833333333334,7.295,1.8766704249968802,2.611,8.93,4.1045,4.93025,7.96275,8.478200000000001,24,0,0,0,0.0,23.0,0,100.0,100.0,100.0,100.0,0,24,24,reported_gmt_minus_4_unconverted,1
2022-07-03,24,24,24,1.0,high,True,True,True,True,True,6.422458333333334,7.0365,2.0220026873754704,2.544,9.402,3.5242,4.88725,7.783250000000001,8.750399999999999,24,0,0,0,0.0,23.0,0,100.0,100.0,100.0,100.0,0,24,24,reported_gmt_minus_4_unconverted,1
2022-07-04,24,24,24,1.0,high,True,True,True,True,True,5.5432500000000005,5.436,1.2699484155905192,3.484,8.332,4.1198,4.60675,6.2620000000000005,6.9981,24,0,0,0,0.0,23.0,0,100.0,100.0,100.0,100.0,0,24,24,reported_gmt_minus_4_unconverted,1
2022-07-05,24,24,24,1.0,high,True,True,True,True,True,6.969541666666667,6.9195,2.5683632747786835,2.311,10.06,3.4293,4.907500000000001,9.4745,9.7268,24,0,0,0,0.0,23.0,0,100.0,100.0,100.0,100.0,0,24,24,reported_gmt_minus_4_unconverted,1
2022-07-06,24,24,24,1.0,high,True,True,True,True,True,5.180208333333334,5.4125,1.9736969499804975,2.415,8.099,2.7205999999999997,3.27075,7.08125,7.8825,24,0,0,0,0.0,23.0,0,100.0,100.0,100.0,100.0,0,24,24,reported_gmt_minus_4_unconverted,1
2022-07-07,24,24,24,1.0,high,True,True,True,True,True,6.315291666666667,6.165,2.6232672041321603,1.771,11.154,2.4064,5.1057500000000005,8.30125,9.452,24,0,0,0,0.0,23.0,0,100.0,100.0,100.0,100.0,0,24,24,reported_gmt_minus_4_unconverted,1
2022-07-08,24,24,24,1.0,high,True,True,True,True,True,8.178375,7.478,2.7441871024514475,4.674,13.464,5.3803,5.744,10.463000000000001,11.6601,24,0,0,0,0.0,23.0,0,100.0,100.0,100.0,100.0,0,24,24,reported_gmt_minus_4_unconverted,1
2022-07-09,24,24,24,1.0,high,True,True,True,True,True,15.722583333333333,16.724,2.957946701413972,7.366,17.853,10.5533,16.227249999999998,17.272000000000002,17.5794,24,0,0,0,0.0,23.0,0,100.0,100.0,100.0,100.0,0,24,24,reported_gmt_minus_4_unconverted,1
2022-07-10,24,24,24,1.0,high,True,True,True,True,True,11.03433333333333,10.7025,2.2937269589728504,7.923,14.738,8.0647,9.379999999999999,12.86675,14.3912,24,0,0,0,0.0,23.0,0,100.0,100.0,100.0,100.0,0,24,24,reported_gmt_minus_4_unconverted,1
2022-07-11,24,24,24,1.0,high,True,True,True,True,True,6.832541666666667,6.541,1.008740798316597,5.322,9.411,5.6919,6.24875,7.667,8.0374,24,0,0,0,0.0,23.0,0,100.0,100.0,100.0,100.0,0,24,24,reported_gmt_minus_4_unconverted,1
2022-07-12,24,24,24,1.0,high,True,True,True,True,True,5.212041666666667,5.0945,0.9205256758654461,3.502,7.05,4.0627,4.62975,5.6955,6.4342,24,0,0,0,0.0,23.0,0,100.0,100.0,100.0,100.0,0,24,24,reported_gmt_minus_4_unconverted,1
2022-07-13,24,24,24,1.0,high,True,True,True,True,True,5.646333333333334,5.829000000000001,1.2253368540108067,2.836,7.943,4.5027,4.975,6.4014999999999995,6.7603,24,0,0,0,0.0,23.0,0,100.0,100.0,100.0,100.0,0,24,24,reported_gmt_minus_4_unconverted,1
2022-07-14,24,24,24,1.0,high,True,True,True,True,True,5.491874999999999,5.585,0.627969073767726,4.399,6.424,4.6960999999999995,4.970000000000001,6.00525,6.3199,24,0,0,0,0.0,23.0,0,100.0,100.0,100.0,100.0,0,24,24,reported_gmt_minus_4_unconverted,1
2022-07-15,24,24,24,1.0,high,True,True,True,True,True,1.8216249999999998,1.6395,0.5461780098816327,1.365,3.425,1.4031,1.47625,1.8165,2.6561,24,0,0,0,0.0,23.0,0,100.0,100.0,100.0,100.0,0,24,24,reported_gmt_minus_4_unconverted,1
2022-07-16,24,24,24,1.0,high,True,True,True,True,True,1.1360833333333333,1.1520000000000001,0.19035845287170766,0.84,1.413,0.8602,0.98425,1.303,1.3814,24,0,0,0,0.0,23.0,0,100.0,100.0,100.0,100.0,0,24,24,reported_gmt_minus_4_unconverted,1
2022-07-17,24,24,24,1.0,high,True,True,True,True,True,1.11975,1.122,0.09528458518518641,0.942,1.29,0.9942,1.06325,1.18975,1.2589,24,0,0,0,0.0,23.0,0,100.0,100.0,100.0,100.0,0,24,24,reported_gmt_minus_4_unconverted,1
2022-07-18,24,24,24,1.0,high,True,True,True,True,True,1.039625,0.9655,0.19259888764408567,0.748,1.399,0.8222999999999999,0.92125,1.17975,1.3155,24,0,0,0,0.0,23.0,0,100.0,100.0,100.0,100.0,0,24,24,reported_gmt_minus_4_unconverted,1
2022-07-19,24,24,24,1.0,high,True,True,True,True,True,1.366875,1.198,0.3979716302429871,0.898,2.23,1.0339,1.11575,1.62425,1.9385,24,0,0,0,0.0,23.0,0,100.0,100.0,100.0,100.0,0,24,24,reported_gmt_minus_4_unconverted,1
2022-07-20,24,24,24,1.0,high,True,True,True,True,True,2.414875,2.298,0.5841373656568476,1.658,3.443,1.7555,1.8864999999999998,2.8125,3.2881,24,0,0,0,0.0,23.0,0,100.0,100.0,100.0,100.0,0,24,24,reported_gmt_minus_4_unconverted,1
2022-07-21,24,24,24,1.0,high,True,True,True,True,True,2.6104166666666666,2.7205000000000004,0.7021465793127385,1.45,3.63,1.6441,1.98,3.1885,3.4512,24,0,0,0,0.0,23.0,0,100.0,100.0,100.0,100.0,0,24,24,reported_gmt_minus_4_unconverted,1
2022-07-22,24,24,24,1.0,high,True,True,True,True,True,5.250541666666667,5.3415,1.2581631531433182,3.409,8.138,3.6597,4.33575,5.949,6.4894,24,0,0,0,0.0,23.0,0,100.0,100.0,100.0,100.0,0,24,24,reported_gmt_minus_4_unconverted,1
2022-07-23,24,24,24,1.0,high,True,True,True,True,True,10.217083333333333,10.3215,2.8180481823366708,6.132,14.777,6.863600000000001,7.48975,12.21725,14.0907,24,0,0,0,0.0,23.0,0,100.0,100.0,100.0,100.0,0,24,24,reported_gmt_minus_4_unconverted,1
2022-07-24,24,24,24,1.0,high,True,True,True,True,True,9.355791666666667,9.115,1.9290551185392082,6.732,13.828,7.197900000000001,7.663,10.707999999999998,11.5762,24,0,0,0,0.0,23.0,0,100.0,100.0,100.0,100.0,0,24,24,reported_gmt_minus_4_unconverted,1
2022-07-25,24,24,24,1.0,high,True,True,True,True,True,7.9590000000000005,7.9055,0.8169950241985672,6.607,9.481,6.8194,7.42525,8.55,9.0758,24,0,0,0,0.0,23.0,0,100.0,100.0,100.0,100.0,0,24,24,reported_gmt_minus_4_unconverted,1
2022-07-26,24,24,24,1.0,high,True,True,True,True,True,7.833375,7.4719999999999995,1.138035027064671,5.575,9.635,6.639200000000001,7.1315,8.937249999999999,9.381599999999999,24,0,0,0,0.0,23.0,0,100.0,100.0,100.0,100.0,0,24,24,reported_gmt_minus_4_unconverted,1
2022-07-27,24,24,11,0.458333,weak,False,False,False,False,False,6.297454545454546,6.467,0.544620668655967,5.212,7.119,5.707,5.966,6.571,6.853,11,13,0,0,0.0,10.0,13,0.0,0.0,45.833333333333336,100.0,13,11,11,reported_gmt_minus_4_unconverted,1
2022-07-28,24,24,0,0.0,missing,False,False,False,False,False,,,,,,,,,,0,24,0,0,,,24,0.0,0.0,0.0,0.0,24,0,0,reported_gmt_minus_4_unconverted,1
2022-07-29,24,24,0,0.0,missing,False,False,False,False,False,,,,,,,,,,0,24,0,0,,,24,0.0,0.0,0.0,0.0,24,0,0,reported_gmt_minus_4_unconverted,1
2022-07-30,24,24,0,0.0,missing,False,False,False,False,False,,,,,,,,,,0,24,0,0,,,24,0.0,0.0,0.0,0.0,24,0,0,reported_gmt_minus_4_unconverted,1
2022-07-31,24,24,0,0.0,missing,False,False,False,False,False,,,,,,,,,,0,24,0,0,,,24,0.0,0.0,0.0,0.0,24,0,0,reported_gmt_minus_4_unconverted,1
2022-08-01,24,24,0,0.0,missing,False,False,False,False,False,,,,,,,,,,0,24,0,0,,,24,0.0,0.0,0.0,0.0,24,0,0,reported_gmt_minus_4_unconverted,1
2022-08-02,24,24,0,0.0,missing,False,False,False,False,False,,,,,,,,,,0,24,0,0,,,24,0.0,0.0,0.0,0.0,24,0,0,reported_gmt_minus_4_unconverted,1
2022-08-03,24,24,0,0.0,missing,False,False,False,False,False,,,,,,,,,,0,24,0,0,,,24,0.0,0.0,0.0,0.0,24,0,0,reported_gmt_minus_4_unconverted,1
2022-08-04,24,24,0,0.0,missing,False,False,False,False,False,,,,,,,,,,0,24,0,0,,,24,0.0,0.0,0.0,0.0,24,0,0,reported_gmt_minus_4_unconverted,1
2022-08-05,24,24,0,0.0,missing,False,False,False,False,False,,,,,,,,,,0,24,0,0,,,24,0.0,0.0,0.0,0.0,24,0,0,reported_gmt_minus_4_unconverted,1
2022-08-06,24,24,0,0.0,missing,False,False,False,False,False,,,,,,,,,,0,24,0,0,,,24,0.0,0.0,0.0,0.0,24,0,0,reported_gmt_minus_4_unconverted,1
2022-08-07,24,24,0,0.0,missing,False,False,False,False,False,,,,,,,,,,0,24,0,0,,,24,0.0,0.0,0.0,0.0,24,0,0,reported_gmt_minus_4_unconverted,1
2022-08-08,24,24,0,0.0,missing,False,False,False,False,False,,,,,,,,,,0,24,0,0,,,24,0.0,0.0,0.0,0.0,24,0,0,reported_gmt_minus_4_unconverted,1
2022-08-09,24,24,0,0.0,missing,False,False,False,False,False,,,,,,,,,,0,24,0,0,,,24,0.0,0.0,0.0,0.0,24,0,0,reported_gmt_minus_4_unconverted,1
2022-08-10,24,24,0,0.0,missing,False,False,False,False,False,,,,,,,,,,0,24,0,0,,,24,0.0,0.0,0.0,0.0,24,0,0,reported_gmt_minus_4_unconverted,1
2022-08-11,24,24,0,0.0,missing,False,False,False,False,False,,,,,,,,,,0,24,0,0,,,24,0.0,0.0,0.0,0.0,24,0,0,reported_gmt_minus_4_unconverted,1
2022-08-12,24,24,0,0.0,missing,False,False,False,False,False,,,,,,,,,,0,24,0,0,,,24,0.0,0.0,0.0,0.0,24,0,0,reported_gmt_minus_4_unconverted,1
2022-08-13,24,24,0,0.0,missing,False,False,False,False,False,,,,,,,,,,0,24,0,0,,,24,0.0,0.0,0.0,0.0,24,0,0,reported_gmt_minus_4_unconverted,1
2022-08-14,24,24,0,0.0,missing,False,False,False,False,False,,,,,,,,,,0,24,0,0,,,24,0.0,0.0,0.0,0.0,24,0,0,reported_gmt_minus_4_unconverted,1
2022-08-15,24,24,0,0.0,missing,False,False,False,False,False,,,,,,,,,,0,24,0,0,,,24,0.0,0.0,0.0,0.0,24,0,0,reported_gmt_minus_4_unconverted,1
2022-08-16,24,24,0,0.0,missing,False,False,False,False,False,,,,,,,,,,0,24,0,0,,,24,0.0,0.0,0.0,0.0,24,0,0,reported_gmt_minus_4_unconverted,1
2022-08-17,24,24,0,0.0,missing,False,False,False,False,False,,,,,,,,,,0,24,0,0,,,24,0.0,0.0,0.0,0.0,24,0,0,reported_gmt_minus_4_unconverted,1
2022-08-18,24,24,0,0.0,missing,False,False,False,False,False,,,,,,,,,,0,24,0,0,,,24,0.0,0.0,0.0,0.0,24,0,0,reported_gmt_minus_4_unconverted,1
2022-08-19,24,24,0,0.0,missing,False,False,False,False,False,,,,,,,,,,0,24,0,0,,,24,0.0,0.0,0.0,0.0,24,0,0,reported_gmt_minus_4_unconverted,1
2022-08-20,24,24,0,0.0,missing,False,False,False,False,False,,,,,,,,,,0,24,0,0,,,24,0.0,0.0,0.0,0.0,24,0,0,reported_gmt_minus_4_unconverted,1
2022-08-21,24,24,0,0.0,missing,False,False,False,False,False,,,,,,,,,,0,24,0,0,,,24,0.0,0.0,0.0,0.0,24,0,0,reported_gmt_minus_4_unconverted,1
2022-08-22,24,24,0,0.0,missing,False,False,False,False,False,,,,,,,,,,0,24,0,0,,,24,0.0,0.0,0.0,0.0,24,0,0,reported_gmt_minus_4_unconverted,1
2022-08-23,24,24,0,0.0,missing,False,False,False,False,False,,,,,,,,,,0,24,0,0,,,24,0.0,0.0,0.0,0.0,24,0,0,reported_gmt_minus_4_unconverted,1
2022-08-24,24,24,0,0.0,missing,False,False,False,False,False,,,,,,,,,,0,24,0,0,,,24,0.0,0.0,0.0,0.0,24,0,0,reported_gmt_minus_4_unconverted,1
2022-08-25,24,24,0,0.0,missing,False,False,False,False,False,,,,,,,,,,0,24,0,0,,,24,0.0,0.0,0.0,0.0,24,0,0,reported_gmt_minus_4_unconverted,1
2022-08-26,24,24,0,0.0,missing,False,False,False,False,False,,,,,,,,,,0,24,0,0,,,24,0.0,0.0,0.0,0.0,24,0,0,reported_gmt_minus_4_unconverted,1
2022-08-27,24,24,0,0.0,missing,False,False,False,False,False,,,,,,,,,,0,24,0,0,,,24,0.0,0.0,0.0,0.0,24,0,0,reported_gmt_minus_4_unconverted,1
2022-08-28,24,24,0,0.0,missing,False,False,False,False,False,,,,,,,,,,0,24,0,0,,,24,0.0,0.0,0.0,0.0,24,0,0,reported_gmt_minus_4_unconverted,1
2022-08-29,24,24,0,0.0,missing,False,False,False,False,False,,,,,,,,,,0,24,0,0,,,24,0.0,0.0,0.0,0.0,24,0,0,reported_gmt_minus_4_unconverted,1
2022-08-30,24,24,0,0.0,missing,False,False,False,False,False,,,,,,,,,,0,24,0,0,,,24,0.0,0.0,0.0,0.0,24,0,0,reported_gmt_minus_4_unconverted,1
2022-08-31,24,24,0,0.0,missing,False,False,False,False,False,,,,,,,,,,0,24,0,0,,,24,0.0,0.0,0.0,0.0,24,0,0,reported_gmt_minus_4_unconverted,1
2022-09-01,24,24,0,0.0,missing,False,False,False,False,False,,,,,,,,,,0,24,0,0,,,24,0.0,0.0,0.0,0.0,24,0,0,reported_gmt_minus_4_unconverted,1
2022-09-02,24,24,0,0.0,missing,False,False,False,False,False,,,,,,,,,,0,24,0,0,,,24,0.0,0.0,0.0,0.0,24,0,0,reported_gmt_minus_4_unconverted,1
2022-09-03,24,24,0,0.0,missing,False,False,False,False,False,,,,,,,,,,0,24,0,0,,,24,0.0,0.0,0.0,0.0,24,0,0,reported_gmt_minus_4_unconverted,1
2022-09-04,24,24,0,0.0,missing,False,False,False,False,False,,,,,,,,,,0,24,0,0,,,24,0.0,0.0,0.0,0.0,24,0,0,reported_gmt_minus_4_unconverted,1
2022-09-05,24,24,0,0.0,missing,False,False,False,False,False,,,,,,,,,,0,24,0,0,,,24,0.0,0.0,0.0,0.0,24,0,0,reported_gmt_minus_4_unconverted,1
2022-09-06,24,24,0,0.0,missing,False,False,False,False,False,,,,,,,,,,0,24,0,0,,,24,0.0,0.0,0.0,0.0,24,0,0,reported_gmt_minus_4_unconverted,1
2022-09-07,24,24,0,0.0,missing,False,False,False,False,False,,,,,,,,,,0,24,0,0,,,24,0.0,0.0,0.0,0.0,24,0,0,reported_gmt_minus_4_unconverted,1
2022-09-08,24,24,0,0.0,missing,False,False,False,False,False,,,,,,,,,,0,24,0,0,,,24,0.0,0.0,0.0,0.0,24,0,0,reported_gmt_minus_4_unconverted,1
2022-09-09,24,24,0,0.0,missing,False,False,False,False,False,,,,,,,,,,0,24,0,0,,,24,0.0,0.0,0.0,0.0,24,0,0,reported_gmt_minus_4_unconverted,1
2022-09-10,24,24,0,0.0,missing,False,False,False,False,False,,,,,,,,,,0,24,0,0,,,24,0.0,0.0,0.0,0.0,24,0,0,reported_gmt_minus_4_unconverted,1
2022-09-11,24,24,0,0.0,missing,False,False,False,False,False,,,,,,,,,,0,24,0,0,,,24,0.0,0.0,0.0,0.0,24,0,0,reported_gmt_minus_4_unconverted,1
2022-09-12,24,24,0,0.0,missing,False,False,False,False,False,,,,,,,,,,0,24,0,0,,,24,0.0,0.0,0.0,0.0,24,0,0,reported_gmt_minus_4_unconverted,1
2022-09-13,24,24,0,0.0,missing,False,False,False,False,False,,,,,,,,,,0,24,0,0,,,24,0.0,0.0,0.0,0.0,24,0,0,reported_gmt_minus_4_unconverted,1
2022-09-14,24,24,0,0.0,missing,False,False,False,False,False,,,,,,,,,,0,24,0,0,,,24,0.0,0.0,0.0,0.0,24,0,0,reported_gmt_minus_4_unconverted,1
2022-09-15,24,24,0,0.0,missing,False,False,False,False,False,,,,,,,,,,0,24,0,0,,,24,0.0,0.0,0.0,0.0,24,0,0,reported_gmt_minus_4_unconverted,1
2022-09-16,24,24,0,0.0,missing,False,False,False,False,False,,,,,,,,,,0,24,0,0,,,24,0.0,0.0,0.0,0.0,24,0,0,reported_gmt_minus_4_unconverted,1
2022-09-17,24,24,0,0.0,missing,False,False,False,False,False,,,,,,,,,,0,24,0,0,,,24,0.0,0.0,0.0,0.0,24,0,0,reported_gmt_minus_4_unconverted,1
2022-09-18,24,24,0,0.0,missing,False,False,False,False,False,,,,,,,,,,0,24,0,0,,,24,0.0,0.0,0.0,0.0,24,0,0,reported_gmt_minus_4_unconverted,1
2022-09-19,24,24,0,0.0,missing,False,False,False,False,False,,,,,,,,,,0,24,0,0,,,24,0.0,0.0,0.0,0.0,24,0,0,reported_gmt_minus_4_unconverted,1
2022-09-20,24,24,0,0.0,missing,False,False,False,False,False,,,,,,,,,,0,24,0,0,,,24,0.0,0.0,0.0,0.0,24,0,0,reported_gmt_minus_4_unconverted,1
2022-09-21,24,24,0,0.0,missing,False,False,False,False,False,,,,,,,,,,0,24,0,0,,,24,0.0,0.0,0.0,0.0,24,0,0,reported_gmt_minus_4_unconverted,1
2022-09-22,24,24,0,0.0,missing,False,False,False,False,False,,,,,,,,,,0,24,0,0,,,24,0.0,0.0,0.0,0.0,24,0,0,reported_gmt_minus_4_unconverted,1
2022-09-23,24,24,0,0.0,missing,False,False,False,False,False,,,,,,,,,,0,24,0,0,,,24,0.0,0.0,0.0,0.0,24,0,0,reported_gmt_minus_4_unconverted,1
2022-09-24,24,24,0,0.0,missing,False,False,False,False,False,,,,,,,,,,0,24,0,0,,,24,0.0,0.0,0.0,0.0,24,0,0,reported_gmt_minus_4_unconverted,1
2022-09-25,24,24,0,0.0,missing,False,False,False,False,False,,,,,,,,,,0,24,0,0,,,24,0.0,0.0,0.0,0.0,24,0,0,reported_gmt_minus_4_unconverted,1
2022-09-26,24,24,0,0.0,missing,False,False,False,False,False,,,,,,,,,,0,24,0,0,,,24,0.0,0.0,0.0,0.0,24,0,0,reported_gmt_minus_4_unconverted,1
2022-09-27,24,24,0,0.0,missing,False,False,False,False,False,,,,,,,,,,0,24,0,0,,,24,0.0,0.0,0.0,0.0,24,0,0,reported_gmt_minus_4_unconverted,1
2022-09-28,24,24,1,0.041667,weak,False,False,False,False,False,11.0,11.0,,11.0,11.0,11.0,11.0,11.0,11.0,1,23,0,0,15.0,15.0,15,0.0,0.0,4.166666666666667,100.0,23,1,1,reported_gmt_minus_4_unconverted,1
2022-09-29,24,24,0,0.0,missing,False,False,False,False,False,,,,,,,,,,0,24,0,0,,,24,0.0,0.0,0.0,0.0,24,0,0,reported_gmt_minus_4_unconverted,1
2022-09-30,24,24,0,0.0,missing,False,False,False,False,False,,,,,,,,,,0,24,0,0,,,24,0.0,0.0,0.0,0.0,24,0,0,reported_gmt_minus_4_unconverted,1
2022-10-01,24,24,0,0.0,missing,False,False,False,False,False,,,,,,,,,,0,24,0,0,,,24,0.0,0.0,0.0,0.0,24,0,0,reported_gmt_minus_4_unconverted,1
2022-10-02,24,24,0,0.0,missing,False,False,False,False,False,,,,,,,,,,0,24,0,0,,,24,0.0,0.0,0.0,0.0,24,0,0,reported_gmt_minus_4_unconverted,1
2022-10-03,24,24,1,0.041667,weak,False,False,False,False,False,11.0,11.0,,11.0,11.0,11.0,11.0,11.0,11.0,1,23,0,0,8.0,8.0,15,0.0,0.0,4.166666666666667,100.0,23,1,1,reported_gmt_minus_4_unconverted,1
2022-10-04,24,24,0,0.0,missing,False,False,False,False,False,,,,,,,,,,0,24,0,0,,,24,0.0,0.0,0.0,0.0,24,0,0,reported_gmt_minus_4_unconverted,1
2022-10-05,24,24,15,0.625,partial,False,True,False,False,False,7.434933333333333,8.57,3.1815167871106174,0.07,10.583,3.8252,4.8995,9.720500000000001,10.546,15,9,0,0,9.0,23.0,9,0.0,100.0,62.5,100.0,9,15,15,reported_gmt_minus_4_unconverted,1
2022-10-06,24,24,24,1.0,high,True,True,True,True,True,5.0028749999999995,5.2315,2.451144902187902,0.792,8.251,1.4819,3.424,7.2965,7.8239,24,0,0,0,0.0,23.0,0,100.0,100.0,100.0,100.0,0,24,24,reported_gmt_minus_4_unconverted,1
2022-10-07,24,24,24,1.0,high,True,True,True,True,True,5.473333333333334,4.266500000000001,3.1283729298799714,1.652,12.005,2.5741000000000005,3.85375,5.997249999999999,11.0867,24,0,0,0,0.0,23.0,0,100.0,100.0,100.0,100.0,0,24,24,reported_gmt_minus_4_unconverted,1
2022-10-08,24,24,24,1.0,high,True,True,True,True,True,8.201333333333332,8.109,1.8358663318460298,4.938,11.692,5.9931,6.91425,9.4595,10.391599999999999,24,0,0,0,0.0,23.0,0,100.0,100.0,100.0,100.0,0,24,24,reported_gmt_minus_4_unconverted,1
2022-10-09,24,24,24,1.0,high,True,True,True,True,True,4.974791666666667,3.8225,2.5160739254219866,2.003,9.238,2.3946,2.81025,7.51025,7.974200000000001,24,0,0,0,0.0,23.0,0,100.0,100.0,100.0,100.0,0,24,24,reported_gmt_minus_4_unconverted,1
2022-10-10,24,24,24,1.0,high,True,True,True,True,True,6.293125000000001,5.9125,1.3984962207127432,3.982,8.825,4.9279,5.2105,7.2452499999999995,8.4559,24,0,0,0,0.0,23.0,0,100.0,100.0,100.0,100.0,0,24,24,reported_gmt_minus_4_unconverted,1
2022-10-11,24,24,24,1.0,high,True,True,True,True,True,4.008958333333333,3.31,1.8053269119630302,1.856,7.525,2.3026,2.641,5.1255,6.8567,24,0,0,0,0.0,23.0,0,100.0,100.0,100.0,100.0,0,24,24,reported_gmt_minus_4_unconverted,1
2022-10-12,24,24,24,1.0,high,True,True,True,True,True,3.6374166666666667,2.7945,2.35498464716987,1.302,9.398,1.4796,1.7830000000000001,4.80975,7.287699999999999,24,0,0,0,0.0,23.0,0,100.0,100.0,100.0,100.0,0,24,24,reported_gmt_minus_4_unconverted,1
2022-10-13,24,24,24,1.0,high,True,True,True,True,True,5.3308333333333335,4.9765,2.8635588023459118,1.425,11.079,2.3317,2.54425,7.161,9.5892,24,0,0,0,0.0,23.0,0,100.0,100.0,100.0,100.0,0,24,24,reported_gmt_minus_4_unconverted,1
2022-10-14,24,24,24,1.0,high,True,True,True,True,True,8.124291666666666,8.555,4.117886957917666,2.058,16.687,2.8346000000000005,4.81775,11.73725,12.3081,24,0,0,0,0.0,23.0,0,100.0,100.0,100.0,100.0,0,24,24,reported_gmt_minus_4_unconverted,1
2022-10-15,24,24,24,1.0,high,True,True,True,True,True,14.578833333333334,14.5545,3.787449281240742,5.725,21.574,11.2916,12.34825,17.37,18.6127,24,0,0,0,0.0,23.0,0,100.0,100.0,100.0,100.0,0,24,24,reported_gmt_minus_4_unconverted,1
2022-10-16,24,24,24,1.0,high,True,True,True,True,True,17.557583333333334,16.921,2.60554583977876,13.035,22.543,14.642900000000001,15.649750000000001,19.60575,21.3139,24,0,0,0,0.0,23.0,0,100.0,100.0,100.0,100.0,0,24,24,reported_gmt_minus_4_unconverted,1
2022-10-17,24,24,24,1.0,high,True,True,True,True,True,13.998833333333332,14.2225,4.111798619103077,6.949,20.182,8.938600000000001,10.609,17.328249999999997,18.9762,24,0,0,0,0.0,23.0,0,100.0,100.0,100.0,100.0,0,24,24,reported_gmt_minus_4_unconverted,1
2022-10-18,24,24,24,1.0,high,True,True,True,True,True,7.904041666666667,7.914999999999999,1.735348341905343,4.917,11.401,5.8115000000000006,6.58075,8.642,10.5311,24,0,0,0,0.0,23.0,0,100.0,100.0,100.0,100.0,0,24,24,reported_gmt_minus_4_unconverted,1
2022-10-19,24,24,24,1.0,high,True,True,True,True,True,5.617250000000001,4.9595,1.9666960652432999,3.23,10.133,3.8876,4.1537500000000005,6.321,8.591899999999999,24,0,0,0,0.0,23.0,0,100.0,100.0,100.0,100.0,0,24,24,reported_gmt_minus_4_unconverted,1
2022-10-20,24,24,24,1.0,high,True,True,True,True,True,6.345125,5.952,2.59366363868798,2.738,11.752,2.9487,4.6545000000000005,7.733,10.140999999999998,24,0,0,0,0.0,23.0,0,100.0,100.0,100.0,100.0,0,24,24,reported_gmt_minus_4_unconverted,1
2022-10-21,24,24,24,1.0,high,True,True,True,True,True,17.873625,18.375999999999998,3.5387693244292904,8.037,23.33,13.8915,15.830000000000002,20.22825,22.199699999999996,24,0,0,0,0.0,23.0,0,100.0,100.0,100.0,100.0,0,24,24,reported_gmt_minus_4_unconverted,1
2022-10-22,24,24,24,1.0,high,True,True,True,True,True,15.046625,15.174,1.352930854382119,12.009,17.943,13.4366,14.199,15.704,16.6455,24,0,0,0,0.0,23.0,0,100.0,100.0,100.0,100.0,0,24,24,reported_gmt_minus_4_unconverted,1
2022-10-23,24,24,24,1.0,high,True,True,True,True,True,11.824375000000002,12.0745,1.8024163687406825,7.792,14.836,9.3535,10.87825,12.6155,14.3058,24,0,0,0,0.0,23.0,0,100.0,100.0,100.0,100.0,0,24,24,reported_gmt_minus_4_unconverted,1
2022-10-24,24,24,24,1.0,high,True,True,True,True,True,9.171125,9.799,2.060469623812051,4.286,12.253,5.906300000000001,8.584999999999999,10.219,11.0919,24,0,0,0,0.0,23.0,0,100.0,100.0,100.0,100.0,0,24,24,reported_gmt_minus_4_unconverted,1
2022-10-25,24,24,24,1.0,high,True,True,True,True,True,4.465208333333334,4.2075,2.2252349163562517,2.058,8.634,2.1754000000000002,2.3835,5.352,7.8978,24,0,0,0,0.0,23.0,0,100.0,100.0,100.0,100.0,0,24,24,reported_gmt_minus_4_unconverted,1
2022-10-26,24,24,24,1.0,high,True,True,True,True,True,4.841958333333333,4.4155,2.1049857477399714,1.404,10.482,2.7526,3.5004999999999997,6.091749999999999,6.8476,24,0,0,0,0.0,23.0,0,100.0,100.0,100.0,100.0,0,24,24,reported_gmt_minus_4_unconverted,1
2022-10-27,24,24,24,1.0,high,True,True,True,True,True,7.056666666666666,7.02,1.703945132477203,3.394,9.547,4.8722,6.165,8.488,9.0739,24,0,0,0,0.0,23.0,0,100.0,100.0,100.0,100.0,0,24,24,reported_gmt_minus_4_unconverted,1
2022-10-28,24,24,24,1.0,high,True,True,True,True,True,7.084125,6.974,1.0023117762149314,4.392,9.81,6.4558,6.6899999999999995,7.305,8.3326,24,0,0,0,0.0,23.0,0,100.0,100.0,100.0,100.0,0,24,24,reported_gmt_minus_4_unconverted,1
2022-10-29,24,24,24,1.0,high,True,True,True,True,True,4.394458333333334,4.8035,1.1395779149647305,2.373,6.186,2.8626,3.3122499999999997,5.276,5.5446,24,0,0,0,0.0,23.0,0,100.0,100.0,100.0,100.0,0,24,24,reported_gmt_minus_4_unconverted,1
2022-10-30,24,24,24,1.0,high,True,True,True,True,True,2.1659166666666665,2.0855,0.7492184285127993,0.816,4.24,1.2769000000000001,1.73625,2.62325,3.0195,24,0,0,0,0.0,23.0,0,100.0,100.0,100.0,100.0,0,24,24,reported_gmt_minus_4_unconverted,1
2022-10-31,24,24,24,1.0,high,True,True,True,True,True,1.0787916666666668,1.0114999999999998,0.5054533031514055,0.381,2.25,0.5115000000000001,0.6817500000000001,1.4209999999999998,1.7335999999999998,24,0,0,0,0.0,23.0,0,100.0,100.0,100.0,100.0,0,24,24,reported_gmt_minus_4_unconverted,1
2022-11-01,24,24,24,1.0,high,True,True,True,True,True,0.4905,0.53,0.16610002224956005,0.246,0.811,0.2811,0.34349999999999997,0.597,0.6952999999999999,24,0,0,0,0.0,23.0,0,100.0,100.0,100.0,100.0,0,24,24,reported_gmt_minus_4_unconverted,1
2022-11-02,24,24,24,1.0,high,True,True,True,True,True,0.773625,0.752,0.21654878203305603,0.468,1.269,0.4946,0.6275,0.893,1.0416,24,0,0,0,0.0,23.0,0,100.0,100.0,100.0,100.0,0,24,24,reported_gmt_minus_4_unconverted,1
2022-11-03,24,24,24,1.0,high,True,True,True,True,True,0.7600833333333332,0.735,0.13997326349254569,0.563,1.002,0.5972999999999999,0.63,0.89225,0.9227000000000001,24,0,0,0,0.0,23.0,0,100.0,100.0,100.0,100.0,0,24,24,reported_gmt_minus_4_unconverted,1
2022-11-04,24,24,24,1.0,high,True,True,True,True,True,0.9391666666666666,0.728,0.8671478820105384,0.386,4.708,0.5264,0.604,0.826,1.1951999999999998,24,0,0,0,0.0,23.0,0,100.0,100.0,100.0,100.0,0,24,24,reported_gmt_minus_4_unconverted,1
2022-11-05,24,24,24,1.0,high,True,True,True,True,True,3.4127083333333332,3.0025,1.5038809064540655,1.592,8.786,2.4053999999999998,2.61475,3.55775,4.7271,24,0,0,0,0.0,23.0,0,100.0,100.0,100.0,100.0,0,24,24,reported_gmt_minus_4_unconverted,1
2022-11-06,24,24,24,1.0,high,True,True,True,True,True,2.419375,2.365,0.6562285400217903,1.462,3.839,1.6360999999999999,1.8935,2.791,3.2167,24,0,0,0,0.0,23.0,0,100.0,100.0,100.0,100.0,0,24,24,reported_gmt_minus_4_unconverted,1
2022-11-07,24,24,24,1.0,high,True,True,True,True,True,2.707333333333333,2.6245000000000003,0.5987637747651527,1.673,4.0,2.0503,2.32,2.9905,3.4667,24,0,0,0,0.0,23.0,0,100.0,100.0,100.0,100.0,0,24,24,reported_gmt_minus_4_unconverted,1
2022-11-08,24,24,24,1.0,high,True,True,True,True,True,2.4320416666666667,2.3529999999999998,0.3276192752155368,2.023,3.456,2.1492999999999998,2.21425,2.60575,2.7792,24,0,0,0,0.0,23.0,0,100.0,100.0,100.0,100.0,0,24,24,reported_gmt_minus_4_unconverted,1
2022-11-09,24,24,24,1.0,high,True,True,True,True,True,2.6933333333333334,2.6959999999999997,0.27152814998059416,2.202,3.114,2.2921,2.54475,2.87975,3.0472,24,0,0,0,0.0,23.0,0,100.0,100.0,100.0,100.0,0,24,24,reported_gmt_minus_4_unconverted,1
2022-11-10,24,24,24,1.0,high,True,True,True,True,True,3.2122916666666668,3.2565,0.5847853176624932,2.159,4.431,2.4504,2.7590000000000003,3.56025,3.8471,24,0,0,0,0.0,23.0,0,100.0,100.0,100.0,100.0,0,24,24,reported_gmt_minus_4_unconverted,1
2022-11-11,24,24,24,1.0,high,True,True,True,True,True,2.997375,2.7135,0.8786504875932329,2.087,5.757,2.1487,2.461,3.105,4.068499999999999,24,0,0,0,0.0,23.0,0,100.0,100.0,100.0,100.0,0,24,24,reported_gmt_minus_4_unconverted,1
2022-11-12,24,24,24,1.0,high,True,True,True,True,True,2.330458333333333,2.243,0.6125429517622607,1.498,4.079,1.6776,1.8555,2.8195,2.9428,24,0,0,0,0.0,23.0,0,100.0,100.0,100.0,100.0,0,24,24,reported_gmt_minus_4_unconverted,1
2022-11-13,24,24,24,1.0,high,True,True,True,True,True,1.1995416666666667,1.217,0.3428565398006256,0.618,1.917,0.7688,0.8955,1.42875,1.6190999999999998,24,0,0,0,0.0,23.0,0,100.0,100.0,100.0,100.0,0,24,24,reported_gmt_minus_4_unconverted,1
2022-11-14,24,24,24,1.0,high,True,True,True,True,True,0.6742083333333334,0.5914999999999999,0.20945996383384433,0.446,1.368,0.4843,0.5305,0.80625,0.8758,24,0,0,0,0.0,23.0,0,100.0,100.0,100.0,100.0,0,24,24,reported_gmt_minus_4_unconverted,1
2022-11-15,24,24,24,1.0,high,True,True,True,True,True,1.8542499999999997,2.0275,0.8903957229671877,0.588,3.67,0.7326,1.0470000000000002,2.4457500000000003,2.8330999999999995,24,0,0,0,0.0,23.0,0,100.0,100.0,100.0,100.0,0,24,24,reported_gmt_minus_4_unconverted,1
2022-11-16,24,24,24,1.0,high,True,True,True,True,True,2.1846666666666668,1.9685000000000001,0.5338806792815647,1.496,3.101,1.5875,1.7850000000000001,2.6870000000000003,2.9653,24,0,0,0,0.0,23.0,0,100.0,100.0,100.0,100.0,0,24,24,reported_gmt_minus_4_unconverted,1
2022-11-17,24,24,24,1.0,high,True,True,True,True,True,2.167875,2.2279999999999998,0.3395000560286821,1.549,2.689,1.7086,1.8645,2.4335,2.5539,24,0,0,0,0.0,23.0,0,100.0,100.0,100.0,100.0,0,24,24,reported_gmt_minus_4_unconverted,1
2022-11-18,24,24,24,1.0,high,True,True,True,True,True,2.1381666666666668,2.1265,0.5161513652835358,1.125,3.266,1.5987,1.70725,2.45925,2.69,24,0,0,0,0.0,23.0,0,100.0,100.0,100.0,100.0,0,24,24,reported_gmt_minus_4_unconverted,1
2022-11-19,24,24,24,1.0,high,True,True,True,True,True,2.16375,2.122,0.5384617583611591,1.464,3.666,1.5759,1.6405,2.53775,2.6849999999999996,24,0,0,0,0.0,23.0,0,100.0,100.0,100.0,100.0,0,24,24,reported_gmt_minus_4_unconverted,1
2022-11-20,24,24,24,1.0,high,True,True,True,True,True,2.3221666666666665,1.98,0.7400734785297932,1.639,3.788,1.6614,1.70725,2.99675,3.4898,24,0,0,0,0.0,23.0,0,100.0,100.0,100.0,100.0,0,24,24,reported_gmt_minus_4_unconverted,1
2022-11-21,24,24,24,1.0,high,True,True,True,True,True,1.5516249999999998,1.4249999999999998,0.46178112757301887,1.122,2.6,1.1527,1.1755,1.70075,2.2434,24,0,0,0,0.0,23.0,0,100.0,100.0,100.0,100.0,0,24,24,reported_gmt_minus_4_unconverted,1
2022-11-22,24,24,24,1.0,high,True,True,True,True,True,2.7889166666666667,2.537,0.9158960410281367,1.784,5.183,1.8483,2.1195,3.1115,3.98,24,0,0,0,0.0,23.0,0,100.0,100.0,100.0,100.0,0,24,24,reported_gmt_minus_4_unconverted,1
2022-11-23,24,24,24,1.0,high,True,True,True,True,True,3.706666666666667,3.2035,1.824733730823705,1.842,8.678,2.0594,2.4282500000000002,4.37725,6.126399999999999,24,0,0,0,0.0,23.0,0,100.0,100.0,100.0,100.0,0,24,24,reported_gmt_minus_4_unconverted,1
2022-11-24,24,24,24,1.0,high,True,True,True,True,True,4.045958333333333,3.9610000000000003,0.9490729792421319,2.788,6.343,2.9179,3.3339999999999996,4.44975,5.226699999999999,24,0,0,0,0.0,23.0,0,100.0,100.0,100.0,100.0,0,24,24,reported_gmt_minus_4_unconverted,1
2022-11-25,24,24,24,1.0,high,True,True,True,True,True,5.782291666666667,5.265,1.6699209686888379,3.612,10.43,4.1553,4.48125,7.152749999999999,7.487699999999999,24,0,0,0,0.0,23.0,0,100.0,100.0,100.0,100.0,0,24,24,reported_gmt_minus_4_unconverted,1
2022-11-26,24,24,24,1.0,high,True,True,True,True,True,7.617166666666667,8.0735,1.8225969686535,4.192,11.571,4.7915,6.515499999999999,8.688749999999999,9.3626,24,0,0,0,0.0,23.0,0,100.0,100.0,100.0,100.0,0,24,24,reported_gmt_minus_4_unconverted,1
2022-11-27,24,24,24,1.0,high,True,True,True,True,True,9.181625,7.7675,5.34845593169289,3.45,24.265,3.8869,6.1635,10.505749999999999,16.825999999999993,24,0,0,0,0.0,23.0,0,100.0,100.0,100.0,100.0,0,24,24,reported_gmt_minus_4_unconverted,1
2022-11-28,24,24,24,1.0,high,True,True,True,True,True,9.687958333333333,6.9205,5.9228208722824744,3.455,25.734,4.8809000000000005,5.6732499999999995,12.24475,18.578599999999998,24,0,0,0,0.0,23.0,0,100.0,100.0,100.0,100.0,0,24,24,reported_gmt_minus_4_unconverted,1
2022-11-29,24,24,24,1.0,high,True,True,True,True,True,13.416833333333331,12.6175,2.8391281219334967,9.833,20.606,10.6204,11.17675,14.9535,17.220499999999998,24,0,0,0,0.0,23.0,0,100.0,100.0,100.0,100.0,0,24,24,reported_gmt_minus_4_unconverted,1
2022-11-30,24,24,24,1.0,high,True,True,True,True,True,14.649375,14.8005,4.26901236732705,7.934,25.532,9.3046,11.4795,17.65225,19.044099999999997,24,0,0,0,0.0,23.0,0,100.0,100.0,100.0,100.0,0,24,24,reported_gmt_minus_4_unconverted,1
2022-12-01,24,24,24,1.0,high,True,True,True,True,True,13.034374999999999,12.698,2.3677493957526328,8.878,17.51,10.5115,11.498000000000001,14.967,16.4636,24,0,0,0,0.0,23.0,0,100.0,100.0,100.0,100.0,0,24,24,reported_gmt_minus_4_unconverted,1
2022-12-02,24,24,24,1.0,high,True,True,True,True,True,13.073125,13.3735,3.0674998502887885,7.703,17.524,8.6258,10.57475,15.7015,16.949099999999998,24,0,0,0,0.0,23.0,0,100.0,100.0,100.0,100.0,0,24,24,reported_gmt_minus_4_unconverted,1
2022-12-03,24,24,24,1.0,high,True,True,True,True,True,11.065750000000001,11.9075,2.8222984350563887,6.585,15.551,7.0075,8.69225,13.403,14.2313,24,0,0,0,0.0,23.0,0,100.0,100.0,100.0,100.0,0,24,24,reported_gmt_minus_4_unconverted,1
2022-12-04,24,24,24,1.0,high,True,True,True,True,True,7.45925,6.8355,2.5590770117708286,4.308,14.645,4.9186,5.745,7.93075,10.0902,24,0,0,0,0.0,23.0,0,100.0,100.0,100.0,100.0,0,24,24,reported_gmt_minus_4_unconverted,1
2022-12-05,24,24,24,1.0,high,True,True,True,True,True,7.6862916666666665,7.2620000000000005,1.0080363812950863,6.58,10.199,6.7266,6.9407499999999995,8.385,9.1138,24,0,0,0,0.0,23.0,0,100.0,100.0,100.0,100.0,0,24,24,reported_gmt_minus_4_unconverted,1
2022-12-06,24,24,24,1.0,high,True,True,True,True,True,11.834375,11.162500000000001,4.768095963183883,6.5,21.637,6.7907,7.57325,15.54475,17.9029,24,0,0,0,0.0,23.0,0,100.0,100.0,100.0,100.0,0,24,24,reported_gmt_minus_4_unconverted,1
2022-12-07,24,24,24,1.0,high,True,True,True,True,True,11.178208333333332,11.083,2.055312564384999,7.622,16.432,8.9736,9.76025,12.1405,13.4136,24,0,0,0,0.0,23.0,0,100.0,100.0,100.0,100.0,0,24,24,reported_gmt_minus_4_unconverted,1
2022-12-08,24,24,24,1.0,high,True,True,True,True,True,15.732208333333332,15.33,5.202161323235854,7.864,27.177,9.4528,11.594999999999999,19.673000000000002,20.7241,24,0,0,0,0.0,23.0,0,100.0,100.0,100.0,100.0,0,24,24,reported_gmt_minus_4_unconverted,1
2022-12-09,24,24,24,1.0,high,True,True,True,True,True,12.210749999999999,10.843,4.48270286526565,6.24,20.666,7.3468,9.084,14.599499999999999,19.578599999999998,24,0,0,0,0.0,23.0,0,100.0,100.0,100.0,100.0,0,24,24,reported_gmt_minus_4_unconverted,1
2022-12-10,24,24,24,1.0,high,True,True,True,True,True,11.834999999999999,10.833,3.2555705170222233,8.106,21.85,9.3547,9.90475,12.53925,14.770599999999998,24,0,0,0,0.0,23.0,0,100.0,100.0,100.0,100.0,0,24,24,reported_gmt_minus_4_unconverted,1
2022-12-11,24,24,24,1.0,high,True,True,True,True,True,19.01545833333333,18.297,4.9419512338942,9.541,26.972,13.9932,15.702,22.3075,26.162000000000003,24,0,0,0,0.0,23.0,0,100.0,100.0,100.0,100.0,0,24,24,reported_gmt_minus_4_unconverted,1
2022-12-12,24,24,24,1.0,high,True,True,True,True,True,18.250083333333333,17.6535,4.289501125515309,12.071,27.701,13.8944,14.6715,20.37225,24.3475,24,0,0,0,0.0,23.0,0,100.0,100.0,100.0,100.0,0,24,24,reported_gmt_minus_4_unconverted,1
2022-12-13,24,24,24,1.0,high,True,True,True,True,True,13.418333333333331,12.3965,4.65269804537639,8.314,23.172,9.1919,9.446750000000002,14.99325,21.828300000000002,24,0,0,0,0.0,23.0,0,100.0,100.0,100.0,100.0,0,24,24,reported_gmt_minus_4_unconverted,1
2022-12-14,24,24,24,1.0,high,True,True,True,True,True,12.59383333333333,11.391,3.978285731608382,5.976,21.954,9.3345,10.17925,13.76,18.9788,24,0,0,0,0.0,23.0,0,100.0,100.0,100.0,100.0,0,24,24,reported_gmt_minus_4_unconverted,1
2022-12-15,24,24,24,1.0,high,True,True,True,True,True,5.7924999999999995,5.6215,1.2510639298300226,3.59,7.781,4.2136,4.717499999999999,6.94775,7.4004,24,0,0,0,0.0,23.0,0,100.0,100.0,100.0,100.0,0,24,24,reported_gmt_minus_4_unconverted,1
2022-12-16,24,24,24,1.0,high,True,True,True,True,True,3.438166666666666,3.245,0.7838017532551181,1.938,4.888,2.4689,2.94875,4.08975,4.4354000000000005,24,0,0,0,0.0,23.0,0,100.0,100.0,100.0,100.0,0,24,24,reported_gmt_minus_4_unconverted,1
2022-12-17,24,24,24,1.0,high,True,True,True,True,True,5.005208333333333,4.6080000000000005,1.977644887874522,2.336,10.597,2.6535,3.548,6.04425,7.0911,24,0,0,0,0.0,23.0,0,100.0,100.0,100.0,100.0,0,24,24,reported_gmt_minus_4_unconverted,1
2022-12-18,24,24,24,1.0,high,True,True,True,True,True,3.9172499999999997,3.8625,0.6867074720533577,2.973,6.165,3.2098999999999998,3.5255,4.14475,4.5665000000000004,24,0,0,0,0.0,23.0,0,100.0,100.0,100.0,100.0,0,24,24,reported_gmt_minus_4_unconverted,1
2022-12-19,24,24,9,0.375,weak,False,False,False,False,False,7.167222222222222,7.352,1.6557067054416506,3.687,9.459,5.8246,6.555,7.823,8.9278,9,15,0,0,0.0,8.0,15,0.0,0.0,37.5,100.0,15,9,9,reported_gmt_minus_4_unconverted,1
2022-12-20,24,24,0,0.0,missing,False,False,False,False,False,,,,,,,,,,0,24,0,0,,,24,0.0,0.0,0.0,0.0,24,0,0,reported_gmt_minus_4_unconverted,1
2022-12-21,24,24,0,0.0,missing,False,False,False,False,False,,,,,,,,,,0,24,0,0,,,24,0.0,0.0,0.0,0.0,24,0,0,reported_gmt_minus_4_unconverted,1
2022-12-22,24,24,24,1.0,high,True,True,True,True,True,1.7034166666666668,1.5755,0.44955029864798524,1.083,2.896,1.3288,1.44275,1.91375,2.3935,24,0,0,0,0.0,23.0,0,100.0,100.0,100.0,100.0,0,24,24,reported_gmt_minus_4_unconverted,1
2022-12-23,24,24,24,1.0,high,True,True,True,True,True,1.4045416666666668,1.2894999999999999,0.48124972990769754,0.706,2.242,0.8557,1.0242499999999999,1.8167499999999999,2.1124,24,0,0,0,0.0,23.0,0,100.0,100.0,100.0,100.0,0,24,24,reported_gmt_minus_4_unconverted,1
2022-12-24,24,24,24,1.0,high,True,True,True,True,True,1.6063333333333334,1.606,0.1645860860162393,1.283,1.914,1.3849,1.5085,1.7377500000000001,1.7873999999999999,24,0,0,0,0.0,23.0,0,100.0,100.0,100.0,100.0,0,24,24,reported_gmt_minus_4_unconverted,1
2022-12-25,24,24,24,1.0,high,True,True,True,True,True,1.9934166666666666,1.3155000000000001,1.215945755249857,0.985,5.034,1.0501,1.124,2.92175,3.7801,24,0,0,0,0.0,23.0,0,100.0,100.0,100.0,100.0,0,24,24,reported_gmt_minus_4_unconverted,1
2022-12-26,24,24,24,1.0,high,True,True,True,True,True,3.640333333333333,3.596,1.473513478395937,1.42,7.578,2.2755,2.69125,4.249750000000001,4.951199999999999,24,0,0,0,0.0,23.0,0,100.0,100.0,100.0,100.0,0,24,24,reported_gmt_minus_4_unconverted,1
2022-12-27,24,24,24,1.0,high,True,True,True,True,True,4.45075,3.3495,2.8703090918242053,1.317,12.046,2.0264,2.6685,5.574,8.260799999999998,24,0,0,0,0.0,23.0,0,100.0,100.0,100.0,100.0,0,24,24,reported_gmt_minus_4_unconverted,1
2022-12-28,24,24,24,1.0,high,True,True,True,True,True,4.577791666666667,3.9850000000000003,2.5168430532534494,2.061,10.617,2.0833,2.215,6.0875,8.077599999999999,24,0,0,0,0.0,23.0,0,100.0,100.0,100.0,100.0,0,24,24,reported_gmt_minus_4_unconverted,1
2022-12-29,24,24,24,1.0,high,True,True,True,True,True,6.975625000000001,6.6965,1.9307440514970657,3.665,10.793,4.8098,5.58625,8.3255,9.739999999999998,24,0,0,0,0.0,23.0,0,100.0,100.0,100.0,100.0,0,24,24,reported_gmt_minus_4_unconverted,1
2022-12-30,24,24,24,1.0,high,True,True,True,True,True,6.931958333333334,6.748,3.2150490628370316,0.97,11.889,1.9624000000000001,5.46075,8.96425,11.282499999999999,24,0,0,0,0.0,23.0,0,100.0,100.0,100.0,100.0,0,24,24,reported_gmt_minus_4_unconverted,1
2022-12-31,24,24,24,1.0,high,True,True,True,True,True,3.976083333333333,3.9885,2.369251724043703,0.603,8.632,0.8975000000000001,1.8250000000000002,5.25475,7.2143999999999995,24,0,0,0,0.0,23.0,0,100.0,100.0,100.0,100.0,0,24,24,reported_gmt_minus_4_unconverted,1
2023-01-01,24,24,24,1.0,high,True,True,True,True,True,2.4143749999999997,1.8399999999999999,2.035092494693183,0.312,6.783,0.41269999999999996,0.499,3.9945,4.8690999999999995,24,0,0,0,0.0,23.0,0,100.0,100.0,100.0,100.0,0,24,24,reported_gmt_minus_4_unconverted,1
2023-01-02,24,24,24,1.0,high,True,True,True,True,True,0.8060833333333335,0.491,0.7006460941697759,0.285,2.93,0.311,0.3225,1.13925,1.7511999999999996,24,0,0,0,0.0,23.0,0,100.0,100.0,100.0,100.0,0,24,24,reported_gmt_minus_4_unconverted,1
2023-01-03,24,24,24,1.0,high,True,True,True,True,True,0.5287083333333333,0.5285,0.2746791771545831,0.183,1.189,0.23190000000000002,0.2695,0.6735,0.7549,24,0,0,0,0.0,23.0,0,100.0,100.0,100.0,100.0,0,24,24,reported_gmt_minus_4_unconverted,1
2023-01-04,24,24,24,1.0,high,True,True,True,True,True,10.2875,11.6795,5.147260647559344,0.912,17.989,1.072,9.94275,13.54975,15.0786,24,0,0,0,0.0,23.0,0,100.0,100.0,100.0,100.0,0,24,24,reported_gmt_minus_4_unconverted,1
2023-01-05,24,24,24,1.0,high,True,True,True,True,True,14.08483333333333,14.0445,1.629634065796919,9.724,17.031,12.4426,13.04725,15.36075,16.1216,24,0,0,0,0.0,23.0,0,100.0,100.0,100.0,100.0,0,24,24,reported_gmt_minus_4_unconverted,1
2023-01-06,24,24,24,1.0,high,True,True,True,True,True,8.160583333333333,8.243500000000001,1.9385638547235373,4.102,11.123,5.3151,6.8405000000000005,9.41875,10.5002,24,0,0,0,0.0,23.0,0,100.0,100.0,100.0,100.0,0,24,24,reported_gmt_minus_4_unconverted,1
2023-01-07,24,24,24,1.0,high,True,True,True,True,True,4.976958333333333,5.445,1.7113661839535423,1.509,7.458,2.3944,3.607,6.272,7.0077,24,0,0,0,0.0,23.0,0,100.0,100.0,100.0,100.0,0,24,24,reported_gmt_minus_4_unconverted,1
2023-01-08,24,24,24,1.0,high,True,True,True,True,True,2.4744166666666665,1.8820000000000001,1.5242061345433924,0.766,5.446,0.932,1.14475,3.6022499999999997,4.6898,24,0,0,0,0.0,23.0,0,100.0,100.0,100.0,100.0,0,24,24,reported_gmt_minus_4_unconverted,1
2023-01-09,24,24,24,1.0,high,True,True,True,True,True,1.2128750000000001,0.975,1.1780980365384082,0.573,6.658,0.7028000000000001,0.8935,1.098,1.3026,24,0,0,0,0.0,23.0,0,100.0,100.0,100.0,100.0,0,24,24,reported_gmt_minus_4_unconverted,1
2023-01-10,24,24,24,1.0,high,True,True,True,True,True,2.4225833333333333,2.314,1.0539509070600743,0.895,4.917,1.2259,1.544,3.1945,3.6847,24,0,0,0,0.0,23.0,0,100.0,100.0,100.0,100.0,0,24,24,reported_gmt_minus_4_unconverted,1
2023-01-11,24,24,24,1.0,high,True,True,True,True,True,1.6959999999999997,1.2389999999999999,0.9757935455198814,0.677,4.141,0.9264,1.0265,2.3680000000000003,3.2073,24,0,0,0,0.0,23.0,0,100.0,100.0,100.0,100.0,0,24,24,reported_gmt_minus_4_unconverted,1
2023-01-12,24,24,24,1.0,high,True,True,True,True,True,7.731333333333333,8.1955,3.733486616936048,1.553,13.338,2.3601,4.60025,11.13875,12.183499999999999,24,0,0,0,0.0,23.0,0,100.0,100.0,100.0,100.0,0,24,24,reported_gmt_minus_4_unconverted,1
2023-01-13,24,24,24,1.0,high,True,True,True,True,True,5.682208333333333,5.7675,1.279190844080628,3.177,7.701,3.8280000000000003,4.91775,6.604,7.184,24,0,0,0,0.0,23.0,0,100.0,100.0,100.0,100.0,0,24,24,reported_gmt_minus_4_unconverted,1
2023-01-14,24,24,24,1.0,high,True,True,True,True,True,2.1947499999999995,2.4005,0.7555627473727058,0.793,3.219,1.0935000000000001,1.5422500000000001,2.776,3.0864000000000003,24,0,0,0,0.0,23.0,0,100.0,100.0,100.0,100.0,0,24,24,reported_gmt_minus_4_unconverted,1
2023-01-15,24,24,24,1.0,high,True,True,True,True,True,1.2523333333333333,1.092,0.47510499221034125,0.707,2.301,0.7363,0.8605,1.6255000000000002,1.8786999999999998,24,0,0,0,0.0,23.0,0,100.0,100.0,100.0,100.0,0,24,24,reported_gmt_minus_4_unconverted,1
2023-01-16,24,24,24,1.0,high,True,True,True,True,True,2.2604583333333337,1.849,1.1144468301892383,0.93,4.589,1.0786,1.43475,3.2757500000000004,3.8346999999999998,24,0,0,0,0.0,23.0,0,100.0,100.0,100.0,100.0,0,24,24,reported_gmt_minus_4_unconverted,1
2023-01-17,24,24,24,1.0,high,True,True,True,True,True,3.7279166666666668,2.557,2.1928812477347392,1.685,9.005,1.8281,2.13875,5.158,6.7536,24,0,0,0,0.0,23.0,0,100.0,100.0,100.0,100.0,0,24,24,reported_gmt_minus_4_unconverted,1
2023-01-18,24,24,24,1.0,high,True,True,True,True,True,3.44,3.3529999999999998,1.2107015213970136,1.319,5.425,1.7572,2.6695,4.2307500000000005,5.0725999999999996,24,0,0,0,0.0,23.0,0,100.0,100.0,100.0,100.0,0,24,24,reported_gmt_minus_4_unconverted,1
2023-01-19,24,24,24,1.0,high,True,True,True,True,True,2.914,2.979,0.9324827542408073,1.209,4.564,1.6124,2.32475,3.553,4.090299999999999,24,0,0,0,0.0,23.0,0,100.0,100.0,100.0,100.0,0,24,24,reported_gmt_minus_4_unconverted,1
2023-01-20,24,24,24,1.0,high,True,True,True,True,True,2.545458333333333,2.5465,0.682504848153933,1.168,3.871,1.6374,2.1075,3.013,3.3811999999999998,24,0,0,0,0.0,23.0,0,100.0,100.0,100.0,100.0,0,24,24,reported_gmt_minus_4_unconverted,1
2023-01-21,24,24,24,1.0,high,True,True,True,True,True,2.168833333333333,2.064,0.5203590454982829,1.492,4.114,1.7167999999999999,1.9005,2.31175,2.4395000000000002,24,0,0,0,0.0,23.0,0,100.0,100.0,100.0,100.0,0,24,24,reported_gmt_minus_4_unconverted,1
2023-01-22,24,24,24,1.0,high,True,True,True,True,True,1.8235,1.814,0.285104404980229,1.406,2.338,1.494,1.57425,2.06025,2.2234,24,0,0,0,0.0,23.0,0,100.0,100.0,100.0,100.0,0,24,24,reported_gmt_minus_4_unconverted,1
2023-01-23,24,24,24,1.0,high,True,True,True,True,True,2.6936250000000004,2.3185000000000002,0.996091658629518,1.401,4.457,1.6439000000000001,1.957,3.592,4.1323,24,0,0,0,0.0,23.0,0,100.0,100.0,100.0,100.0,0,24,24,reported_gmt_minus_4_unconverted,1
2023-01-24,24,24,24,1.0,high,True,True,True,True,True,2.3364166666666666,2.456,0.47221272994153873,1.494,3.049,1.6808,1.8685,2.718,2.8165,24,0,0,0,0.0,23.0,0,100.0,100.0,100.0,100.0,0,24,24,reported_gmt_minus_4_unconverted,1
2023-01-25,24,24,24,1.0,high,True,True,True,True,True,2.0668333333333333,2.031,0.5857180406888675,1.2,2.944,1.3860999999999999,1.5235,2.59525,2.8043,24,0,0,0,0.0,23.0,0,100.0,100.0,100.0,100.0,0,24,24,reported_gmt_minus_4_unconverted,1
2023-01-26,24,24,24,1.0,high,True,True,True,True,True,2.010125,1.9979999999999998,0.43597779286285354,1.269,2.726,1.4969,1.60425,2.404,2.5515,24,0,0,0,0.0,23.0,0,100.0,100.0,100.0,100.0,0,24,24,reported_gmt_minus_4_unconverted,1
2023-01-27,24,24,24,1.0,high,True,True,True,True,True,2.149625,1.784,0.9356455484804618,1.124,4.837,1.2583000000000002,1.461,2.8615000000000004,3.1949,24,0,0,0,0.0,23.0,0,100.0,100.0,100.0,100.0,0,24,24,reported_gmt_minus_4_unconverted,1
2023-01-28,24,24,24,1.0,high,True,True,True,True,True,2.8789583333333333,2.8975,1.596839581912447,0.911,6.83,1.1036000000000001,1.3737499999999998,3.79125,4.7214,24,0,0,0,0.0,23.0,0,100.0,100.0,100.0,100.0,0,24,24,reported_gmt_minus_4_unconverted,1
2023-01-29,24,24,24,1.0,high,True,True,True,True,True,2.783041666666667,2.7675,0.797640895509004,1.395,5.003,1.8292,2.3842499999999998,3.10625,3.671,24,0,0,0,0.0,23.0,0,100.0,100.0,100.0,100.0,0,24,24,reported_gmt_minus_4_unconverted,1
2023-01-30,24,24,24,1.0,high,True,True,True,True,True,3.8310416666666662,3.8449999999999998,1.564525528274687,1.73,6.303,1.8569,2.47525,5.068,5.907,24,0,0,0,0.0,23.0,0,100.0,100.0,100.0,100.0,0,24,24,reported_gmt_minus_4_unconverted,1
2023-01-31,24,24,24,1.0,high,True,True,True,True,True,5.687125000000001,5.759,2.460043801527685,2.14,9.381,2.7432,3.3937500000000003,8.24125,8.8244,24,0,0,0,0.0,23.0,0,100.0,100.0,100.0,100.0,0,24,24,reported_gmt_minus_4_unconverted,1
2023-02-01,24,24,24,1.0,high,True,True,True,True,True,6.496083333333334,6.5515,2.5388566566839503,1.437,11.284,3.1196,4.783,7.8812500000000005,9.796899999999999,24,0,0,0,0.0,23.0,0,100.0,100.0,100.0,100.0,0,24,24,reported_gmt_minus_4_unconverted,1
2023-02-02,24,24,24,1.0,high,True,True,True,True,True,6.067375000000001,5.795999999999999,2.6376607853320073,1.679,11.15,2.7158,3.9459999999999997,7.80925,9.391300000000001,24,0,0,0,0.0,23.0,0,100.0,100.0,100.0,100.0,0,24,24,reported_gmt_minus_4_unconverted,1
2023-02-03,24,24,24,1.0,high,True,True,True,True,True,6.543291666666666,6.201,1.8543760108167797,3.095,9.553,4.5439,4.937250000000001,8.01975,9.081,24,0,0,0,0.0,23.0,0,100.0,100.0,100.0,100.0,0,24,24,reported_gmt_minus_4_unconverted,1
2023-02-04,24,24,24,1.0,high,True,True,True,True,True,6.5092083333333335,6.875500000000001,1.542649921659837,3.328,8.898,4.3966,5.4567499999999995,7.5595,8.2756,24,0,0,0,0.0,23.0,0,100.0,100.0,100.0,100.0,0,24,24,reported_gmt_minus_4_unconverted,1
2023-02-05,24,24,24,1.0,high,True,True,True,True,True,4.991125,5.0155,1.1473559893530638,3.411,7.345,3.5295,3.9210000000000003,5.6935,6.3892,24,0,0,0,0.0,23.0,0,100.0,100.0,100.0,100.0,0,24,24,reported_gmt_minus_4_unconverted,1
2023-02-06,24,24,24,1.0,high,True,True,True,True,True,4.346125,3.0615,2.12301046122676,2.103,8.995,2.4488,2.88975,5.7955000000000005,7.6024,24,0,0,0,0.0,23.0,0,100.0,100.0,100.0,100.0,0,24,24,reported_gmt_minus_4_unconverted,1
2023-02-07,24,24,24,1.0,high,True,True,True,True,True,7.482583333333333,7.2585,1.2760715843579453,5.224,9.655,6.2236,6.5215000000000005,8.387,9.3292,24,0,0,0,0.0,23.0,0,100.0,100.0,100.0,100.0,0,24,24,reported_gmt_minus_4_unconverted,1
2023-02-08,24,24,24,1.0,high,True,True,True,True,True,5.956333333333333,5.577,1.3093028568725011,3.988,8.562,4.2501,5.151,6.9525,7.656,24,0,0,0,0.0,23.0,0,100.0,100.0,100.0,100.0,0,24,24,reported_gmt_minus_4_unconverted,1
2023-02-09,24,24,24,1.0,high,True,True,True,True,True,4.393041666666666,4.5425,0.9817189219255512,2.953,6.056,3.0528,3.503,5.05875,5.5926,24,0,0,0,0.0,23.0,0,100.0,100.0,100.0,100.0,0,24,24,reported_gmt_minus_4_unconverted,1
2023-02-10,24,24,24,1.0,high,True,True,True,True,True,1.8699166666666667,1.7515,0.7566593580059464,0.979,4.022,1.1907999999999999,1.3367499999999999,2.004,2.937099999999999,24,0,0,0,0.0,23.0,0,100.0,100.0,100.0,100.0,0,24,24,reported_gmt_minus_4_unconverted,1
2023-02-11,24,24,24,1.0,high,True,True,True,True,True,0.8626250000000001,0.81,0.14444099517434972,0.655,1.222,0.754,0.76875,0.93025,1.0849,24,0,0,0,0.0,23.0,0,100.0,100.0,100.0,100.0,0,24,24,reported_gmt_minus_4_unconverted,1
2023-02-12,24,24,24,1.0,high,True,True,True,True,True,1.219625,1.082,0.5009074211520702,0.645,2.112,0.7196,0.7515000000000001,1.714,1.8704,24,0,0,0,0.0,23.0,0,100.0,100.0,100.0,100.0,0,24,24,reported_gmt_minus_4_unconverted,1
2023-02-13,24,24,24,1.0,high,True,True,True,True,True,1.4667916666666667,1.3455,0.5020078796511904,0.904,2.978,0.9185,1.0939999999999999,1.80625,1.9999,24,0,0,0,0.0,23.0,0,100.0,100.0,100.0,100.0,0,24,24,reported_gmt_minus_4_unconverted,1
2023-02-14,24,24,24,1.0,high,True,True,True,True,True,2.716583333333333,2.8360000000000003,0.8999781599604498,1.228,4.404,1.4951,1.9819999999999998,3.42875,3.7879,24,0,0,0,0.0,23.0,0,100.0,100.0,100.0,100.0,0,24,24,reported_gmt_minus_4_unconverted,1
2023-02-15,24,24,24,1.0,high,True,True,True,True,True,3.921125,2.152,2.6724899530050705,1.535,9.186,1.5952,1.849,5.94125,8.272499999999999,24,0,0,0,0.0,23.0,0,100.0,100.0,100.0,100.0,0,24,24,reported_gmt_minus_4_unconverted,1
2023-02-16,24,24,24,1.0,high,True,True,True,True,True,10.056291666666667,10.182500000000001,1.836365490739714,6.251,14.014,7.7384,9.1795,10.85425,11.2382,24,0,0,0,0.0,23.0,0,100.0,100.0,100.0,100.0,0,24,24,reported_gmt_minus_4_unconverted,1
2023-02-17,24,24,24,1.0,high,True,True,True,True,True,11.223541666666668,10.0955,4.015493082280255,5.568,19.659,6.898700000000001,8.82725,13.3285,17.6054,24,0,0,0,0.0,23.0,0,100.0,100.0,100.0,100.0,0,24,24,reported_gmt_minus_4_unconverted,1
2023-02-18,24,24,24,1.0,high,True,True,True,True,True,20.12975,19.423499999999997,6.509013885441448,10.146,31.573,11.9989,14.791,24.89125,28.4711,24,0,0,0,0.0,23.0,0,100.0,100.0,100.0,100.0,0,24,24,reported_gmt_minus_4_unconverted,1
2023-02-19,24,24,24,1.0,high,True,True,True,True,True,13.196875,11.720500000000001,6.351776206990896,7.59,30.083,7.8512,8.82375,14.4415,21.985,24,0,0,0,0.0,23.0,0,100.0,100.0,100.0,100.0,0,24,24,reported_gmt_minus_4_unconverted,1
2023-02-20,24,24,24,1.0,high,True,True,True,True,True,15.859666666666664,14.119,6.053493771416612,7.322,30.282,9.5725,11.5895,19.518250000000002,23.373099999999997,24,0,0,0,0.0,23.0,0,100.0,100.0,100.0,100.0,0,24,24,reported_gmt_minus_4_unconverted,1
2023-02-21,24,24,24,1.0,high,True,True,True,True,True,14.058166666666665,12.129,5.227373633235842,7.69,26.147,9.9618,10.591999999999999,16.6155,22.0251,24,0,0,0,0.0,23.0,0,100.0,100.0,100.0,100.0,0,24,24,reported_gmt_minus_4_unconverted,1
2023-02-22,24,24,24,1.0,high,True,True,True,True,True,13.820791666666665,13.838000000000001,2.9147054438271054,9.158,22.71,10.5439,11.97725,15.329500000000001,16.6171,24,0,0,0,0.0,23.0,0,100.0,100.0,100.0,100.0,0,24,24,reported_gmt_minus_4_unconverted,1
2023-02-23,24,24,24,1.0,high,True,True,True,True,True,9.600958333333333,7.679,5.803578262620598,1.502,20.552,2.7057,5.0995,14.271749999999999,17.1325,24,0,0,0,0.0,23.0,0,100.0,100.0,100.0,100.0,0,24,24,reported_gmt_minus_4_unconverted,1
2023-02-24,24,24,24,1.0,high,True,True,True,True,True,3.7281666666666666,3.706,0.7994658361608743,2.512,5.075,2.7579000000000002,2.9982499999999996,4.3995,4.6462,24,0,0,0,0.0,23.0,0,100.0,100.0,100.0,100.0,0,24,24,reported_gmt_minus_4_unconverted,1
2023-02-25,24,24,24,1.0,high,True,True,True,True,True,3.1840833333333336,3.059,0.8441369617218093,1.358,4.696,2.2826,2.758,3.8425000000000002,4.2481,24,0,0,0,0.0,23.0,0,100.0,100.0,100.0,100.0,0,24,24,reported_gmt_minus_4_unconverted,1
2023-02-26,24,24,24,1.0,high,True,True,True,True,True,1.2684583333333332,1.1825,0.2778061537438849,0.866,1.942,1.0175999999999998,1.093,1.4285,1.6567999999999998,24,0,0,0,0.0,23.0,0,100.0,100.0,100.0,100.0,0,24,24,reported_gmt_minus_4_unconverted,1
2023-02-27,24,24,24,1.0,high,True,True,True,True,True,1.6299166666666665,1.6680000000000001,0.7637111289000554,0.651,3.034,0.759,0.901,2.217,2.594,24,0,0,0,0.0,23.0,0,100.0,100.0,100.0,100.0,0,24,24,reported_gmt_minus_4_unconverted,1
2023-02-28,24,24,24,1.0,high,True,True,True,True,True,1.7440416666666667,1.6720000000000002,0.5381890308906476,0.945,3.03,1.1591,1.3525,2.068,2.3457,24,0,0,0,0.0,23.0,0,100.0,100.0,100.0,100.0,0,24,24,reported_gmt_minus_4_unconverted,1
2023-03-01,24,24,24,1.0,high,True,True,True,True,True,1.5820833333333333,1.3655,0.9985588274528736,0.523,4.122,0.6772,0.9595,1.78725,3.2304,24,0,0,0,0.0,23.0,0,100.0,100.0,100.0,100.0,0,24,24,reported_gmt_minus_4_unconverted,1
2023-03-02,24,24,24,1.0,high,True,True,True,True,True,2.9280833333333334,2.6515,1.5536652293616975,0.79,5.956,1.1945,1.66575,4.1945,5.003299999999999,24,0,0,0,0.0,23.0,0,100.0,100.0,100.0,100.0,0,24,24,reported_gmt_minus_4_unconverted,1
2023-03-03,24,24,24,1.0,high,True,True,True,True,True,6.559958333333334,6.6385000000000005,1.2716167551984559,4.262,8.689,4.8361,5.588,7.76525,7.9627,24,0,0,0,0.0,23.0,0,100.0,100.0,100.0,100.0,0,24,24,reported_gmt_minus_4_unconverted,1
2023-03-04,24,24,24,1.0,high,True,True,True,True,True,7.019458333333333,6.609999999999999,1.4112601824384587,4.354,9.48,5.681,6.0127500000000005,7.9655,9.1519,24,0,0,0,0.0,23.0,0,100.0,100.0,100.0,100.0,0,24,24,reported_gmt_minus_4_unconverted,1
2023-03-05,24,24,24,1.0,high,True,True,True,True,True,6.181124999999999,6.084,0.8938362515389592,4.954,7.848,5.2153,5.34775,6.824249999999999,7.5539,24,0,0,0,0.0,23.0,0,100.0,100.0,100.0,100.0,0,24,24,reported_gmt_minus_4_unconverted,1
2023-03-06,24,24,24,1.0,high,True,True,True,True,True,3.9928333333333335,3.912,0.6726716148681132,3.257,6.158,3.3848000000000003,3.55825,4.1267499999999995,4.820099999999999,24,0,0,0,0.0,23.0,0,100.0,100.0,100.0,100.0,0,24,24,reported_gmt_minus_4_unconverted,1
2023-03-07,24,24,24,1.0,high,True,True,True,True,True,2.2680416666666665,1.912,0.8488424588388214,1.278,4.036,1.5025000000000002,1.6552499999999999,2.8729999999999998,3.6114,24,0,0,0,0.0,23.0,0,100.0,100.0,100.0,100.0,0,24,24,reported_gmt_minus_4_unconverted,1
2023-03-08,24,24,24,1.0,high,True,True,True,True,True,1.5045416666666664,1.427,0.48379720681173904,0.764,2.536,0.9673999999999999,1.18175,1.79775,2.2216,24,0,0,0,0.0,23.0,0,100.0,100.0,100.0,100.0,0,24,24,reported_gmt_minus_4_unconverted,1
2023-03-09,24,24,24,1.0,high,True,True,True,True,True,2.010875,2.058,0.4506184458004934,1.189,2.995,1.4821,1.5865,2.2329999999999997,2.5031,24,0,0,0,0.0,23.0,0,100.0,100.0,100.0,100.0,0,24,24,reported_gmt_minus_4_unconverted,1
2023-03-10,24,24,24,1.0,high,True,True,True,True,True,1.4305,1.26,0.40743375028287143,1.072,2.878,1.1665,1.199,1.5175,1.771,24,0,0,0,0.0,23.0,0,100.0,100.0,100.0,100.0,0,24,24,reported_gmt_minus_4_unconverted,1
2023-03-11,24,24,24,1.0,high,True,True,True,True,True,1.4732500000000002,1.4365,0.3069273033883062,1.09,2.554,1.1864999999999999,1.2694999999999999,1.641,1.7118,24,0,0,0,0.0,23.0,0,100.0,100.0,100.0,100.0,0,24,24,reported_gmt_minus_4_unconverted,1
2023-03-12,24,24,24,1.0,high,True,True,True,True,True,1.2432083333333332,1.232,0.29972102669078743,0.649,1.843,0.8342999999999999,1.09125,1.51975,1.5742,24,0,0,0,0.0,23.0,0,100.0,100.0,100.0,100.0,0,24,24,reported_gmt_minus_4_unconverted,1
2023-03-13,24,24,24,1.0,high,True,True,True,True,True,1.0555833333333335,0.8875,0.4508031399785196,0.549,2.184,0.6238,0.7284999999999999,1.47375,1.5712,24,0,0,0,0.0,23.0,0,100.0,100.0,100.0,100.0,0,24,24,reported_gmt_minus_4_unconverted,1
2023-03-14,24,24,24,1.0,high,True,True,True,True,True,1.5947500000000001,1.3439999999999999,0.888148061001582,0.633,3.428,0.6925,0.7967500000000001,2.2015,2.7674,24,0,0,0,0.0,23.0,0,100.0,100.0,100.0,100.0,0,24,24,reported_gmt_minus_4_unconverted,1
2023-03-15,24,24,24,1.0,high,True,True,True,True,True,3.101791666666666,3.1275000000000004,0.949903701259589,1.493,4.547,1.7601,2.5117499999999997,3.94925,4.2119,24,0,0,0,0.0,23.0,0,100.0,100.0,100.0,100.0,0,24,24,reported_gmt_minus_4_unconverted,1
2023-03-16,24,24,24,1.0,high,True,True,True,True,True,2.978333333333333,2.8325,1.0707785735730746,1.026,5.655,1.8897,2.293,3.441,4.199999999999999,24,0,0,0,0.0,23.0,0,100.0,100.0,100.0,100.0,0,24,24,reported_gmt_minus_4_unconverted,1
2023-03-17,24,24,24,1.0,high,True,True,True,True,True,2.2660416666666667,2.2424999999999997,0.6338590214377098,1.416,3.378,1.4523,1.782,2.7095000000000002,3.18,24,0,0,0,0.0,23.0,0,100.0,100.0,100.0,100.0,0,24,24,reported_gmt_minus_4_unconverted,1
2023-03-18,24,24,24,1.0,high,True,True,True,True,True,1.40025,1.3475000000000001,0.24419633049267336,0.971,2.07,1.1237,1.29,1.5427499999999998,1.6121999999999999,24,0,0,0,0.0,23.0,0,100.0,100.0,100.0,100.0,0,24,24,reported_gmt_minus_4_unconverted,1
2023-03-19,24,24,24,1.0,high,True,True,True,True,True,1.6376666666666668,1.4175,0.5964943723388211,1.038,3.201,1.1531,1.2245,1.82175,2.5597999999999996,24,0,0,0,0.0,23.0,0,100.0,100.0,100.0,100.0,0,24,24,reported_gmt_minus_4_unconverted,1
2023-03-20,24,24,24,1.0,high,True,True,True,True,True,2.3238749999999997,2.3514999999999997,0.5221897300124111,1.52,3.418,1.6385,1.87625,2.60575,2.9093999999999998,24,0,0,0,0.0,23.0,0,100.0,100.0,100.0,100.0,0,24,24,reported_gmt_minus_4_unconverted,1
2023-03-21,24,24,24,1.0,high,True,True,True,True,True,4.412541666666667,4.841,1.6095759900525426,2.383,7.101,2.4758,2.61125,5.9285,6.317699999999999,24,0,0,0,0.0,23.0,0,100.0,100.0,100.0,100.0,0,24,24,reported_gmt_minus_4_unconverted,1
2023-03-22,24,24,24,1.0,high,True,True,True,True,True,6.493291666666667,6.177,2.538637780542372,2.846,11.039,3.4571,4.78025,8.817,9.9775,24,0,0,0,0.0,23.0,0,100.0,100.0,100.0,100.0,0,24,24,reported_gmt_minus_4_unconverted,1
2023-03-23,24,24,24,1.0,high,True,True,True,True,True,3.3172083333333333,2.6715,1.4533818427368292,1.662,6.255,2.0101,2.221,4.08075,5.650499999999999,24,0,0,0,0.0,23.0,0,100.0,100.0,100.0,100.0,0,24,24,reported_gmt_minus_4_unconverted,1
2023-03-24,24,24,24,1.0,high,True,True,True,True,True,2.7312083333333335,2.312,1.2590144171280293,1.113,5.409,1.5024,2.01575,3.0825,4.995299999999999,24,0,0,0,0.0,23.0,0,100.0,100.0,100.0,100.0,0,24,24,reported_gmt_minus_4_unconverted,1
2023-03-25,24,24,24,1.0,high,True,True,True,True,True,3.9471249999999998,3.3754999999999997,1.6533509139215479,2.098,7.056,2.2685,2.43425,5.502,6.2059999999999995,24,0,0,0,0.0,23.0,0,100.0,100.0,100.0,100.0,0,24,24,reported_gmt_minus_4_unconverted,1
2023-03-26,24,24,24,1.0,high,True,True,True,True,True,3.7742083333333336,3.0845000000000002,1.522182814226838,2.053,7.354,2.6913,2.79275,4.4415,6.449599999999999,24,0,0,0,0.0,23.0,0,100.0,100.0,100.0,100.0,0,24,24,reported_gmt_minus_4_unconverted,1
2023-03-27,24,24,24,1.0,high,True,True,True,True,True,4.521458333333334,4.096,1.3559898671920585,2.604,7.408,3.1273,3.85675,5.02175,6.916499999999999,24,0,0,0,0.0,23.0,0,100.0,100.0,100.0,100.0,0,24,24,reported_gmt_minus_4_unconverted,1
2023-03-28,24,24,24,1.0,high,True,True,True,True,True,5.063291666666666,4.8165,1.537916164367612,2.936,8.915,3.4571,3.88575,6.00525,7.0916,24,0,0,0,0.0,23.0,0,100.0,100.0,100.0,100.0,0,24,24,reported_gmt_minus_4_unconverted,1
2023-03-29,24,24,24,1.0,high,True,True,True,True,True,4.7476666666666665,4.602,0.8747942201090677,3.434,7.686,3.9699,4.32575,5.1215,5.424799999999999,24,0,0,0,0.0,23.0,0,100.0,100.0,100.0,100.0,0,24,24,reported_gmt_minus_4_unconverted,1
2023-03-30,24,24,24,1.0,high,True,True,True,True,True,3.1332500000000003,2.6985,1.1214990841067032,1.586,5.505,1.8546,2.35625,4.0142500000000005,4.5647,24,0,0,0,0.0,23.0,0,100.0,100.0,100.0,100.0,0,24,24,reported_gmt_minus_4_unconverted,1
2023-03-31,24,24,24,1.0,high,True,True,True,True,True,2.7275833333333335,2.7225,0.5166627793215144,2.01,3.561,2.0698,2.2205,3.068,3.4497,24,0,0,0,0.0,23.0,0,100.0,100.0,100.0,100.0,0,24,24,reported_gmt_minus_4_unconverted,1
2023-04-01,24,24,24,1.0,high,True,True,True,True,True,2.9097500000000003,2.8064999999999998,0.4839627411099006,1.967,3.921,2.349,2.643,3.12475,3.6144,24,0,0,0,0.0,23.0,0,100.0,100.0,100.0,100.0,0,24,24,reported_gmt_minus_4_unconverted,1
2023-04-02,24,24,24,1.0,high,True,True,True,True,True,4.262999999999999,3.9699999999999998,1.1987279127039847,2.584,6.443,3.1254,3.2960000000000003,5.27225,6.1174,24,0,0,0,0.0,23.0,0,100.0,100.0,100.0,100.0,0,24,24,reported_gmt_minus_4_unconverted,1
2023-04-03,24,24,24,1.0,high,True,True,True,True,True,5.99925,6.1915,1.2071343446721066,3.757,8.296,4.325,5.2005,6.8622499999999995,7.226299999999999,24,0,0,0,0.0,23.0,0,100.0,100.0,100.0,100.0,0,24,24,reported_gmt_minus_4_unconverted,1
2023-04-04,24,24,24,1.0,high,True,True,True,True,True,6.353791666666666,6.144,1.5762596613272626,3.803,8.541,4.5672,5.1000000000000005,7.9185,8.4349,24,0,0,0,0.0,23.0,0,100.0,100.0,100.0,100.0,0,24,24,reported_gmt_minus_4_unconverted,1
2023-04-05,24,24,24,1.0,high,True,True,True,True,True,6.027958333333333,5.8955,1.1829820271032334,3.806,9.027,4.6361,5.3020000000000005,6.74225,7.2612,24,0,0,0,0.0,23.0,0,100.0,100.0,100.0,100.0,0,24,24,reported_gmt_minus_4_unconverted,1
2023-04-06,24,24,24,1.0,high,True,True,True,True,True,4.9301666666666675,5.1185,1.3293623076225445,3.249,7.325,3.4065,3.717,5.744,6.9098,24,0,0,0,0.0,23.0,0,100.0,100.0,100.0,100.0,0,24,24,reported_gmt_minus_4_unconverted,1
2023-04-07,24,24,24,1.0,high,True,True,True,True,True,5.238874999999999,4.849500000000001,1.3185818571975099,3.898,8.199,4.2769,4.4990000000000006,5.071,7.7907,24,0,0,0,0.0,23.0,0,100.0,100.0,100.0,100.0,0,24,24,reported_gmt_minus_4_unconverted,1
2023-04-08,24,24,24,1.0,high,True,True,True,True,True,6.624708333333333,6.109500000000001,1.328669438366547,4.866,9.784,5.4388000000000005,5.6745,7.547499999999999,8.5815,24,0,0,0,0.0,23.0,0,100.0,100.0,100.0,100.0,0,24,24,reported_gmt_minus_4_unconverted,1
2023-04-09,24,24,24,1.0,high,True,True,True,True,True,4.036208333333334,3.899,1.1444943056126187,2.199,5.695,2.7174,3.01775,5.16325,5.354,24,0,0,0,0.0,23.0,0,100.0,100.0,100.0,100.0,0,24,24,reported_gmt_minus_4_unconverted,1
2023-04-10,24,24,24,1.0,high,True,True,True,True,True,3.72725,3.59,0.6462288092564765,2.658,5.027,3.0785,3.3354999999999997,4.0785,4.7283,24,0,0,0,0.0,23.0,0,100.0,100.0,100.0,100.0,0,24,24,reported_gmt_minus_4_unconverted,1
2023-04-11,24,24,24,1.0,high,True,True,True,True,True,5.297,3.923,3.398264812978888,1.963,13.199,2.8093000000000004,3.338,5.09725,11.711599999999997,24,0,0,0,0.0,23.0,0,100.0,100.0,100.0,100.0,0,24,24,reported_gmt_minus_4_unconverted,1
2023-04-12,24,24,24,1.0,high,True,True,True,True,True,6.763416666666667,6.355,3.285925095294179,2.67,14.214,2.8585,4.254,9.0335,11.0774,24,0,0,0,0.0,23.0,0,100.0,100.0,100.0,100.0,0,24,24,reported_gmt_minus_4_unconverted,1
2023-04-13,24,24,24,1.0,high,True,True,True,True,True,4.2115833333333335,4.045,1.643645759906304,2.028,8.82,2.5291,3.2635,4.8725,5.600499999999999,24,0,0,0,0.0,23.0,0,100.0,100.0,100.0,100.0,0,24,24,reported_gmt_minus_4_unconverted,1
2023-04-14,24,24,24,1.0,high,True,True,True,True,True,4.491333333333333,4.3335,1.1365612769366569,2.798,6.516,3.2094,3.601,5.46275,6.119699999999999,24,0,0,0,0.0,23.0,0,100.0,100.0,100.0,100.0,0,24,24,reported_gmt_minus_4_unconverted,1
2023-04-15,24,24,24,1.0,high,True,True,True,True,True,4.586875,4.426,1.1348468700570402,2.566,6.054,3.2955,3.61675,5.765,5.9745,24,0,0,0,0.0,23.0,0,100.0,100.0,100.0,100.0,0,24,24,reported_gmt_minus_4_unconverted,1
2023-04-16,24,24,24,1.0,high,True,True,True,True,True,4.933291666666666,4.98,1.3468986107920757,2.368,7.119,3.357,3.9067499999999997,5.9205,6.594,24,0,0,0,0.0,23.0,0,100.0,100.0,100.0,100.0,0,24,24,reported_gmt_minus_4_unconverted,1
2023-04-17,24,24,24,1.0,high,True,True,True,True,True,3.3994999999999997,3.1470000000000002,1.1200744928642994,1.707,5.381,2.123,2.58625,4.03775,5.1373,24,0,0,0,0.0,23.0,0,100.0,100.0,100.0,100.0,0,24,24,reported_gmt_minus_4_unconverted,1
2023-04-18,24,24,24,1.0,high,True,True,True,True,True,4.002625,3.842,1.068286592897813,2.381,6.45,2.8336,3.2257499999999997,4.66175,5.5542,24,0,0,0,0.0,23.0,0,100.0,100.0,100.0,100.0,0,24,24,reported_gmt_minus_4_unconverted,1
2023-04-19,24,24,24,1.0,high,True,True,True,True,True,6.905625000000001,7.231,1.8446134463091035,3.885,10.518,4.4363,5.4185,7.96725,8.5672,24,0,0,0,0.0,23.0,0,100.0,100.0,100.0,100.0,0,24,24,reported_gmt_minus_4_unconverted,1
2023-04-20,24,24,24,1.0,high,True,True,True,True,True,9.263541666666667,8.7675,1.557335404916294,7.336,12.265,7.803,8.2345,9.834,11.825899999999999,24,0,0,0,0.0,23.0,0,100.0,100.0,100.0,100.0,0,24,24,reported_gmt_minus_4_unconverted,1
2023-04-21,24,24,24,1.0,high,True,True,True,True,True,8.920875,8.2105,3.469748948599069,3.593,15.633,4.904000000000001,5.91675,11.797,13.441799999999999,24,0,0,0,0.0,23.0,0,100.0,100.0,100.0,100.0,0,24,24,reported_gmt_minus_4_unconverted,1
2023-04-22,24,24,24,1.0,high,True,True,True,True,True,7.859291666666667,6.3535,3.6459159102035477,4.312,15.75,4.5888,5.275,9.3955,14.0985,24,0,0,0,0.0,23.0,0,100.0,100.0,100.0,100.0,0,24,24,reported_gmt_minus_4_unconverted,1
2023-04-23,24,24,24,1.0,high,True,True,True,True,True,8.287916666666666,7.263999999999999,3.5867249917810353,2.274,14.311,3.9196,5.74,11.6745,12.487,24,0,0,0,0.0,23.0,0,100.0,100.0,100.0,100.0,0,24,24,reported_gmt_minus_4_unconverted,1
2023-04-24,24,24,24,1.0,high,True,True,True,True,True,9.307166666666667,7.091,5.717099938792825,3.978,21.273,4.5572,4.91975,11.02325,19.3114,24,0,0,0,0.0,23.0,0,100.0,100.0,100.0,100.0,0,24,24,reported_gmt_minus_4_unconverted,1
2023-04-25,24,24,24,1.0,high,True,True,True,True,True,9.10625,7.489000000000001,3.3810605391748334,5.178,16.412,5.9136,6.633500000000001,11.47175,14.323799999999999,24,0,0,0,0.0,23.0,0,100.0,100.0,100.0,100.0,0,24,24,reported_gmt_minus_4_unconverted,1
2023-04-26,24,24,24,1.0,high,True,True,True,True,True,10.306458333333333,10.1305,3.0820204691243456,6.004,15.744,6.7349000000000006,7.6665,12.7345,14.292399999999999,24,0,0,0,0.0,23.0,0,100.0,100.0,100.0,100.0,0,24,24,reported_gmt_minus_4_unconverted,1
2023-04-27,24,24,24,1.0,high,True,True,True,True,True,15.90033333333333,12.625,8.28371005237895,6.207,34.644,8.6171,10.32975,19.35,29.333499999999994,24,0,0,0,0.0,23.0,0,100.0,100.0,100.0,100.0,0,24,24,reported_gmt_minus_4_unconverted,1
2023-04-28,24,24,24,1.0,high,True,True,True,True,True,15.712666666666665,16.4655,6.975033680246979,4.743,30.785,7.7663,10.22425,18.74925,25.5168,24,0,0,0,0.0,23.0,0,100.0,100.0,100.0,100.0,0,24,24,reported_gmt_minus_4_unconverted,1
2023-04-29,24,24,24,1.0,high,True,True,True,True,True,9.903541666666667,10.478,3.8333077325074556,2.39,16.318,3.5841000000000003,8.4195,11.95875,14.744499999999999,24,0,0,0,0.0,23.0,0,100.0,100.0,100.0,100.0,0,24,24,reported_gmt_minus_4_unconverted,1
2023-04-30,24,24,24,1.0,high,True,True,True,True,True,4.889,4.4565,1.768621816679525,1.981,8.576,2.9237,3.63775,6.294499999999999,7.2504,24,0,0,0,0.0,23.0,0,100.0,100.0,100.0,100.0,0,24,24,reported_gmt_minus_4_unconverted,1
2023-05-01,24,24,24,1.0,high,True,True,True,True,True,3.107541666666666,3.1014999999999997,1.123654170036573,1.172,5.064,1.6843000000000001,2.17875,3.86125,4.7496,24,0,0,0,0.0,23.0,0,100.0,100.0,100.0,100.0,0,24,24,reported_gmt_minus_4_unconverted,1
2023-05-02,24,24,24,1.0,high,True,True,True,True,True,3.626625,3.5125,1.152968071977711,1.977,5.851,2.3833,2.6515000000000004,3.9859999999999998,5.4102,24,0,0,0,0.0,23.0,0,100.0,100.0,100.0,100.0,0,24,24,reported_gmt_minus_4_unconverted,1
2023-05-03,24,24,24,1.0,high,True,True,True,True,True,6.282833333333333,5.1855,3.093902933564471,2.719,13.309,3.5481000000000003,4.6955,6.2315000000000005,11.4201,24,0,0,0,0.0,23.0,0,100.0,100.0,100.0,100.0,0,24,24,reported_gmt_minus_4_unconverted,1
2023-05-04,24,24,18,0.75,standard,True,True,True,True,False,5.950611111111112,6.2625,3.604759976326871,1.124,11.827,2.0558,2.3355,8.42,10.459900000000001,18,6,0,0,0.0,23.0,6,0.0,100.0,75.0,100.0,6,18,18,reported_gmt_minus_4_unconverted,1
2023-05-05,24,24,24,1.0,high,True,True,True,True,True,3.412041666666667,2.75,2.340958192505362,0.624,9.359,1.1489,1.66175,4.79325,6.369299999999999,24,0,0,0,0.0,23.0,0,100.0,100.0,100.0,100.0,0,24,24,reported_gmt_minus_4_unconverted,1
2023-05-06,24,24,24,1.0,high,True,True,True,True,True,7.142458333333333,6.005,3.8615459393443277,2.365,13.792,2.8567,3.9105,10.73425,12.3505,24,0,0,0,0.0,23.0,0,100.0,100.0,100.0,100.0,0,24,24,reported_gmt_minus_4_unconverted,1
2023-05-07,24,24,24,1.0,high,True,True,True,True,True,11.111125,9.914,3.7400716490753747,5.611,17.255,6.7649,8.48925,14.4535,16.4881,24,0,0,0,0.0,23.0,0,100.0,100.0,100.0,100.0,0,24,24,reported_gmt_minus_4_unconverted,1
2023-05-08,24,24,24,1.0,high,True,True,True,True,True,6.729083333333333,7.016,2.3122114751460563,3.592,12.62,3.7733000000000003,5.01525,7.81625,9.0772,24,0,0,0,0.0,23.0,0,100.0,100.0,100.0,100.0,0,24,24,reported_gmt_minus_4_unconverted,1
2023-05-09,24,24,24,1.0,high,True,True,True,True,True,6.533166666666666,6.961,1.5954995310632931,3.158,9.839,4.2945,5.978,7.3815,7.9189,24,0,0,0,0.0,23.0,0,100.0,100.0,100.0,100.0,0,24,24,reported_gmt_minus_4_unconverted,1
2023-05-10,24,24,24,1.0,high,True,True,True,True,True,3.9399583333333332,3.8535,0.7912751117887076,2.869,5.981,3.017,3.3594999999999997,4.41375,4.7315,24,0,0,0,0.0,23.0,0,100.0,100.0,100.0,100.0,0,24,24,reported_gmt_minus_4_unconverted,1
2023-05-11,24,24,24,1.0,high,True,True,True,True,True,3.172,3.1755,0.433865637385986,2.596,3.922,2.6839,2.7809999999999997,3.54425,3.7577,24,0,0,0,0.0,23.0,0,100.0,100.0,100.0,100.0,0,24,24,reported_gmt_minus_4_unconverted,1
2023-05-12,24,24,24,1.0,high,True,True,True,True,True,4.155208333333333,4.119,0.8123753672526272,2.667,5.573,3.1656,3.426,4.87075,5.1296,24,0,0,0,0.0,23.0,0,100.0,100.0,100.0,100.0,0,24,24,reported_gmt_minus_4_unconverted,1
2023-05-13,24,24,24,1.0,high,True,True,True,True,True,2.3124583333333333,2.2145,0.5654178892578069,1.33,3.665,1.7224000000000002,2.0157499999999997,2.49425,3.0699,24,0,0,0,0.0,23.0,0,100.0,100.0,100.0,100.0,0,24,24,reported_gmt_minus_4_unconverted,1
2023-05-14,24,24,24,1.0,high,True,True,True,True,True,1.5595416666666668,1.543,0.37339953880489746,0.977,2.204,1.0648,1.3255000000000001,1.85075,2.0237000000000003,24,0,0,0,0.0,23.0,0,100.0,100.0,100.0,100.0,0,24,24,reported_gmt_minus_4_unconverted,1
2023-05-15,24,24,24,1.0,high,True,True,True,True,True,1.4348333333333334,1.3375,0.48324902812980997,0.759,2.331,0.8647,1.037,1.7715,2.1335,24,0,0,0,0.0,23.0,0,100.0,100.0,100.0,100.0,0,24,24,reported_gmt_minus_4_unconverted,1
2023-05-16,24,24,24,1.0,high,True,True,True,True,True,1.9031666666666665,1.8675000000000002,0.4744354692608402,1.233,2.805,1.3606,1.48825,2.24575,2.5919,24,0,0,0,0.0,23.0,0,100.0,100.0,100.0,100.0,0,24,24,reported_gmt_minus_4_unconverted,1
2023-05-17,24,24,24,1.0,high,True,True,True,True,True,2.078583333333333,1.762,0.7708369204773566,1.355,4.149,1.5344,1.5667499999999999,2.259,3.4322,24,0,0,0,0.0,23.0,0,100.0,100.0,100.0,100.0,0,24,24,reported_gmt_minus_4_unconverted,1
2023-05-18,24,24,24,1.0,high,True,True,True,True,True,1.53775,1.4125,0.4737883631364095,1.032,3.027,1.1194,1.219,1.6135000000000002,2.1481,24,0,0,0,0.0,23.0,0,100.0,100.0,100.0,100.0,0,24,24,reported_gmt_minus_4_unconverted,1
2023-05-19,24,24,24,1.0,high,True,True,True,True,True,0.8369166666666666,0.7565,0.22042625044231454,0.644,1.584,0.6565000000000001,0.67425,0.90225,1.0912,24,0,0,0,0.0,23.0,0,100.0,100.0,100.0,100.0,0,24,24,reported_gmt_minus_4_unconverted,1
2023-05-20,24,24,24,1.0,high,True,True,True,True,True,1.3613333333333333,1.0314999999999999,0.7825981625700197,0.632,2.903,0.7010000000000001,0.823,1.7409999999999999,2.8028,24,0,0,0,0.0,23.0,0,100.0,100.0,100.0,100.0,0,24,24,reported_gmt_minus_4_unconverted,1
2023-05-21,24,24,24,1.0,high,True,True,True,True,True,1.3752916666666666,1.2810000000000001,0.43500479549247417,0.79,2.355,0.8941,1.052,1.6605,1.9870999999999999,24,0,0,0,0.0,23.0,0,100.0,100.0,100.0,100.0,0,24,24,reported_gmt_minus_4_unconverted,1
2023-05-22,24,24,24,1.0,high,True,True,True,True,True,1.1712083333333334,1.124,0.1213528735858209,1.028,1.491,1.0550000000000002,1.0925,1.2165,1.3675,24,0,0,0,0.0,23.0,0,100.0,100.0,100.0,100.0,0,24,24,reported_gmt_minus_4_unconverted,1
2023-05-23,24,24,24,1.0,high,True,True,True,True,True,1.1364166666666666,1.124,0.17239159584747912,0.865,1.407,0.9122,1.00475,1.2967499999999998,1.3579999999999999,24,0,0,0,0.0,23.0,0,100.0,100.0,100.0,100.0,0,24,24,reported_gmt_minus_4_unconverted,1
2023-05-24,24,24,24,1.0,high,True,True,True,True,True,1.2656666666666665,1.275,0.21767040634202311,0.883,1.736,1.0036,1.13125,1.325,1.5685,24,0,0,0,0.0,23.0,0,100.0,100.0,100.0,100.0,0,24,24,reported_gmt_minus_4_unconverted,1
2023-05-25,24,24,24,1.0,high,True,True,True,True,True,1.2277916666666668,1.1815,0.1708411362657709,0.948,1.582,1.0666,1.11125,1.35375,1.4582,24,0,0,0,0.0,23.0,0,100.0,100.0,100.0,100.0,0,24,24,reported_gmt_minus_4_unconverted,1
2023-05-26,24,24,24,1.0,high,True,True,True,True,True,1.3221666666666667,1.195,0.2613063613706211,0.987,1.801,1.0305,1.1172499999999999,1.6007500000000001,1.6496,24,0,0,0,0.0,23.0,0,100.0,100.0,100.0,100.0,0,24,24,reported_gmt_minus_4_unconverted,1
2023-05-27,24,24,24,1.0,high,True,True,True,True,True,1.5855833333333333,1.5939999999999999,0.2291957425560019,1.225,2.009,1.2676,1.384,1.768,1.8485,24,0,0,0,0.0,23.0,0,100.0,100.0,100.0,100.0,0,24,24,reported_gmt_minus_4_unconverted,1
2023-05-28,24,24,24,1.0,high,True,True,True,True,True,1.4499166666666667,1.5165,0.2297064131274616,1.07,1.747,1.1174,1.241,1.5979999999999999,1.7394,24,0,0,0,0.0,23.0,0,100.0,100.0,100.0,100.0,0,24,24,reported_gmt_minus_4_unconverted,1
2023-05-29,24,24,24,1.0,high,True,True,True,True,True,1.8326250000000002,1.6875,0.3367718634973507,1.348,2.477,1.4725,1.6047500000000001,2.137,2.2765999999999997,24,0,0,0,0.0,23.0,0,100.0,100.0,100.0,100.0,0,24,24,reported_gmt_minus_4_unconverted,1
2023-05-30,24,24,24,1.0,high,True,True,True,True,True,1.5752499999999998,1.5775000000000001,0.26308161239928707,1.24,2.071,1.2801,1.347,1.7217500000000001,1.9910999999999999,24,0,0,0,0.0,23.0,0,100.0,100.0,100.0,100.0,0,24,24,reported_gmt_minus_4_unconverted,1
2023-05-31,24,24,24,1.0,high,True,True,True,True,True,1.6639166666666665,1.634,0.2542000096922426,1.207,2.088,1.3888,1.5045,1.88675,1.9959,24,0,0,0,0.0,23.0,0,100.0,100.0,100.0,100.0,0,24,24,reported_gmt_minus_4_unconverted,1
2023-06-01,24,24,24,1.0,high,True,True,True,True,True,1.604125,1.6059999999999999,0.23317437261302595,1.27,2.124,1.3305,1.4015,1.70725,1.9374999999999998,24,0,0,0,0.0,23.0,0,100.0,100.0,100.0,100.0,0,24,24,reported_gmt_minus_4_unconverted,1
2023-06-02,24,24,24,1.0,high,True,True,True,True,True,1.0602083333333334,0.9924999999999999,0.20084365088657713,0.856,1.679,0.906,0.94275,1.0815,1.3441999999999998,24,0,0,0,0.0,23.0,0,100.0,100.0,100.0,100.0,0,24,24,reported_gmt_minus_4_unconverted,1
2023-06-03,24,24,24,1.0,high,True,True,True,True,True,0.626875,0.636,0.23374871541149,0.225,0.942,0.32230000000000003,0.432,0.8382499999999999,0.9131,24,0,0,0,0.0,23.0,0,100.0,100.0,100.0,100.0,0,24,24,reported_gmt_minus_4_unconverted,1
2023-06-04,24,24,24,1.0,high,True,True,True,True,True,0.48100000000000004,0.4645,0.13509481372596127,0.285,0.735,0.3129,0.36975,0.585,0.6639,24,0,0,0,0.0,23.0,0,100.0,100.0,100.0,100.0,0,24,24,reported_gmt_minus_4_unconverted,1
2023-06-05,24,24,24,1.0,high,True,True,True,True,True,0.6364166666666667,0.5515000000000001,0.23853792272867252,0.371,1.161,0.39930000000000004,0.44,0.77525,1.0023,24,0,0,0,0.0,23.0,0,100.0,100.0,100.0,100.0,0,24,24,reported_gmt_minus_4_unconverted,1
2023-06-06,24,24,24,1.0,high,True,True,True,True,True,1.280875,1.1935,0.4981278264880804,0.645,2.138,0.7121999999999999,0.846,1.6172499999999999,2.0494,24,0,0,0,0.0,23.0,0,100.0,100.0,100.0,100.0,0,24,24,reported_gmt_minus_4_unconverted,1
2023-06-07,24,24,24,1.0,high,True,True,True,True,True,1.3825833333333335,1.2435,0.3102652324910956,0.979,1.875,1.0528,1.1465,1.70425,1.8164,24,0,0,0,0.0,23.0,0,100.0,100.0,100.0,100.0,0,24,24,reported_gmt_minus_4_unconverted,1
2023-06-08,24,24,24,1.0,high,True,True,True,True,True,1.3260833333333333,1.275,0.1619978305455023,1.072,1.654,1.1698,1.219,1.42325,1.5653,24,0,0,0,0.0,23.0,0,100.0,100.0,100.0,100.0,0,24,24,reported_gmt_minus_4_unconverted,1
2023-06-09,24,24,24,1.0,high,True,True,True,True,True,0.884125,0.909,0.13716772104125727,0.618,1.13,0.6831,0.787,0.98625,1.0316999999999998,24,0,0,0,0.0,23.0,0,100.0,100.0,100.0,100.0,0,24,24,reported_gmt_minus_4_unconverted,1
2023-06-10,24,24,24,1.0,high,True,True,True,True,True,0.6075833333333333,0.6114999999999999,0.141657859913816,0.384,0.876,0.4424,0.495,0.7012499999999999,0.8188,24,0,0,0,0.0,23.0,0,100.0,100.0,100.0,100.0,0,24,24,reported_gmt_minus_4_unconverted,1
2023-06-11,24,24,24,1.0,high,True,True,True,True,True,0.6391666666666667,0.585,0.1658319386730372,0.459,0.988,0.4805,0.5405,0.654,0.9529,24,0,0,0,0.0,23.0,0,100.0,100.0,100.0,100.0,0,24,24,reported_gmt_minus_4_unconverted,1
2023-06-12,24,24,24,1.0,high,True,True,True,True,True,0.74275,0.6975,0.1506228373469136,0.538,0.999,0.5911,0.6005,0.914,0.9364,24,0,0,0,0.0,23.0,0,100.0,100.0,100.0,100.0,0,24,24,reported_gmt_minus_4_unconverted,1
2023-06-13,24,24,24,1.0,high,True,True,True,True,True,0.7636249999999999,0.725,0.14799348178948257,0.53,1.004,0.6203,0.6385000000000001,0.905,0.9824999999999999,24,0,0,0,0.0,23.0,0,100.0,100.0,100.0,100.0,0,24,24,reported_gmt_minus_4_unconverted,1
2023-06-14,24,24,24,1.0,high,True,True,True,True,True,0.6935416666666666,0.7044999999999999,0.07593531524560411,0.579,0.845,0.5976,0.62375,0.736,0.787,24,0,0,0,0.0,23.0,0,100.0,100.0,100.0,100.0,0,24,24,reported_gmt_minus_4_unconverted,1
2023-06-15,24,24,24,1.0,high,True,True,True,True,True,0.6526666666666667,0.648,0.27891944710079736,0.0,1.212,0.339,0.51675,0.766,1.0009,24,0,0,0,0.0,23.0,0,100.0,100.0,100.0,100.0,0,24,24,reported_gmt_minus_4_unconverted,1
2023-06-16,24,24,24,1.0,high,True,True,True,True,True,1.12975,1.1825,0.4347070227776104,0.549,1.726,0.5925,0.654,1.5065,1.6824,24,0,0,0,0.0,23.0,0,100.0,100.0,100.0,100.0,0,24,24,reported_gmt_minus_4_unconverted,1
2023-06-17,24,24,24,1.0,high,True,True,True,True,True,1.5562500000000001,1.5179999999999998,0.19233920444157346,1.301,1.987,1.3572000000000002,1.3885,1.68675,1.8131,24,0,0,0,0.0,23.0,0,100.0,100.0,100.0,100.0,0,24,24,reported_gmt_minus_4_unconverted,1
2023-06-18,24,24,24,1.0,high,True,True,True,True,True,1.3719166666666667,1.3625,0.1516592051039225,1.136,1.655,1.1934,1.2582499999999999,1.4985,1.5574999999999999,24,0,0,0,0.0,23.0,0,100.0,100.0,100.0,100.0,0,24,24,reported_gmt_minus_4_unconverted,1
2023-06-19,24,24,24,1.0,high,True,True,True,True,True,0.8664166666666667,0.8494999999999999,0.11707705254183699,0.691,1.121,0.7253999999999999,0.7955000000000001,0.93225,1.0082,24,0,0,0,0.0,23.0,0,100.0,100.0,100.0,100.0,0,24,24,reported_gmt_minus_4_unconverted,1
2023-06-20,24,24,24,1.0,high,True,True,True,True,True,0.8590833333333333,0.8445,0.15262626039551266,0.614,1.078,0.6485000000000001,0.7585,1.0082499999999999,1.0537,24,0,0,0,0.0,23.0,0,100.0,100.0,100.0,100.0,0,24,24,reported_gmt_minus_4_unconverted,1
2023-06-21,24,24,24,1.0,high,True,True,True,True,True,0.5615416666666667,0.5834999999999999,0.08816929326790773,0.376,0.759,0.4545,0.50775,0.61125,0.6564,24,0,0,0,0.0,23.0,0,100.0,100.0,100.0,100.0,0,24,24,reported_gmt_minus_4_unconverted,1
2023-06-22,24,24,24,1.0,high,True,True,True,True,True,0.41091666666666665,0.3985,0.09941171161285325,0.252,0.621,0.26990000000000003,0.35324999999999995,0.48124999999999996,0.534,24,0,0,0,0.0,23.0,0,100.0,100.0,100.0,100.0,0,24,24,reported_gmt_minus_4_unconverted,1
2023-06-23,24,24,24,1.0,high,True,True,True,True,True,1.4428750000000001,1.5255,0.4319572555845936,0.55,2.144,0.7848,1.14125,1.733,1.8515,24,0,0,0,0.0,23.0,0,100.0,100.0,100.0,100.0,0,24,24,reported_gmt_minus_4_unconverted,1
2023-06-24,24,24,24,1.0,high,True,True,True,True,True,1.3605,1.312,0.33707346638252383,0.894,2.087,0.9842,1.14575,1.472,1.9083999999999999,24,0,0,0,0.0,23.0,0,100.0,100.0,100.0,100.0,0,24,24,reported_gmt_minus_4_unconverted,1
2023-06-25,24,24,24,1.0,high,True,True,True,True,True,0.7604583333333332,0.7725,0.18405409865548786,0.471,1.03,0.502,0.627,0.9385,0.9958,24,0,0,0,0.0,23.0,0,100.0,100.0,100.0,100.0,0,24,24,reported_gmt_minus_4_unconverted,1
2023-06-26,24,24,24,1.0,high,True,True,True,True,True,0.8452500000000001,0.7955000000000001,0.18838287792592026,0.608,1.196,0.6353,0.68,1.003,1.1056000000000001,24,0,0,0,0.0,23.0,0,100.0,100.0,100.0,100.0,0,24,24,reported_gmt_minus_4_unconverted,1
2023-06-27,24,24,24,1.0,high,True,True,True,True,True,0.9770416666666666,0.9504999999999999,0.2604009415542095,0.607,1.596,0.6345000000000001,0.82175,1.12325,1.2736999999999998,24,0,0,0,0.0,23.0,0,100.0,100.0,100.0,100.0,0,24,24,reported_gmt_minus_4_unconverted,1
2023-06-28,24,24,24,1.0,high,True,True,True,True,True,0.599125,0.623,0.1542164803971578,0.355,0.797,0.39430000000000004,0.464,0.75675,0.7806000000000001,24,0,0,0,0.0,23.0,0,100.0,100.0,100.0,100.0,0,24,24,reported_gmt_minus_4_unconverted,1
2023-06-29,24,24,24,1.0,high,True,True,True,True,True,0.5946250000000001,0.605,0.12310257741094373,0.355,0.892,0.432,0.52625,0.6607500000000001,0.7183999999999999,24,0,0,0,0.0,23.0,0,100.0,100.0,100.0,100.0,0,24,24,reported_gmt_minus_4_unconverted,1
2023-06-30,24,24,24,1.0,high,True,True,True,True,True,0.59725,0.6085,0.0985663537265964,0.471,0.773,0.4735,0.50425,0.66025,0.7163999999999999,24,0,0,0,0.0,23.0,0,100.0,100.0,100.0,100.0,0,24,24,reported_gmt_minus_4_unconverted,1
2023-07-01,24,24,24,1.0,high,True,True,True,True,True,0.7502083333333333,0.5355000000000001,0.41403843333120943,0.38,1.61,0.4096,0.4525,1.146,1.3941,24,0,0,0,0.0,23.0,0,100.0,100.0,100.0,100.0,0,24,24,reported_gmt_minus_4_unconverted,1
2023-07-02,24,24,24,1.0,high,True,True,True,True,True,1.3845416666666666,1.111,0.6138628921528966,0.591,2.4,0.7271,0.91125,1.9785,2.2513,24,0,0,0,0.0,23.0,0,100.0,100.0,100.0,100.0,0,24,24,reported_gmt_minus_4_unconverted,1
2023-07-03,24,24,24,1.0,high,True,True,True,True,True,1.3782916666666665,1.283,0.2474036446898006,1.115,1.984,1.1355,1.18975,1.5582500000000001,1.6869999999999998,24,0,0,0,0.0,23.0,0,100.0,100.0,100.0,100.0,0,24,24,reported_gmt_minus_4_unconverted,1
2023-07-04,24,24,24,1.0,high,True,True,True,True,True,1.0947083333333334,1.0194999999999999,0.23099924320724263,0.858,1.639,0.9146000000000001,0.9205000000000001,1.1215,1.501,24,0,0,0,0.0,23.0,0,100.0,100.0,100.0,100.0,0,24,24,reported_gmt_minus_4_unconverted,1
2023-07-05,24,24,24,1.0,high,True,True,True,True,True,1.2923333333333333,1.2945,0.25185445532423417,0.895,1.78,1.0205,1.042,1.474,1.5832,24,0,0,0,0.0,23.0,0,100.0,100.0,100.0,100.0,0,24,24,reported_gmt_minus_4_unconverted,1
2023-07-06,24,24,24,1.0,high,True,True,True,True,True,1.2587916666666665,1.299,0.18995284979417268,0.944,1.52,0.9944,1.06725,1.41625,1.4858999999999998,24,0,0,0,0.0,23.0,0,100.0,100.0,100.0,100.0,0,24,24,reported_gmt_minus_4_unconverted,1
2023-07-07,24,24,12,0.5,partial,False,True,False,False,False,0.9078333333333334,0.9914999999999999,0.37911951421762247,0.004,1.336,0.3537,0.963,1.066,1.219,12,12,0,0,0.0,11.0,12,0.0,50.0,50.0,100.0,12,12,12,reported_gmt_minus_4_unconverted,1
2023-07-08,24,24,0,0.0,missing,False,False,False,False,False,,,,,,,,,,0,24,0,0,,,24,0.0,0.0,0.0,0.0,24,0,0,reported_gmt_minus_4_unconverted,1
2023-07-09,24,24,0,0.0,missing,False,False,False,False,False,,,,,,,,,,0,24,0,0,,,24,0.0,0.0,0.0,0.0,24,0,0,reported_gmt_minus_4_unconverted,1
2023-07-10,24,24,0,0.0,missing,False,False,False,False,False,,,,,,,,,,0,24,0,0,,,24,0.0,0.0,0.0,0.0,24,0,0,reported_gmt_minus_4_unconverted,1
2023-07-11,24,24,0,0.0,missing,False,False,False,False,False,,,,,,,,,,0,24,0,0,,,24,0.0,0.0,0.0,0.0,24,0,0,reported_gmt_minus_4_unconverted,1
2023-07-12,24,24,0,0.0,missing,False,False,False,False,False,,,,,,,,,,0,24,0,0,,,24,0.0,0.0,0.0,0.0,24,0,0,reported_gmt_minus_4_unconverted,1
2023-07-13,24,24,0,0.0,missing,False,False,False,False,False,,,,,,,,,,0,24,0,0,,,24,0.0,0.0,0.0,0.0,24,0,0,reported_gmt_minus_4_unconverted,1
2023-07-14,24,24,0,0.0,missing,False,False,False,False,False,,,,,,,,,,0,24,0,0,,,24,0.0,0.0,0.0,0.0,24,0,0,reported_gmt_minus_4_unconverted,1
2023-07-15,24,24,0,0.0,missing,False,False,False,False,False,,,,,,,,,,0,24,0,0,,,24,0.0,0.0,0.0,0.0,24,0,0,reported_gmt_minus_4_unconverted,1
2023-07-16,24,24,0,0.0,missing,False,False,False,False,False,,,,,,,,,,0,24,0,0,,,24,0.0,0.0,0.0,0.0,24,0,0,reported_gmt_minus_4_unconverted,1
2023-07-17,24,24,0,0.0,missing,False,False,False,False,False,,,,,,,,,,0,24,0,0,,,24,0.0,0.0,0.0,0.0,24,0,0,reported_gmt_minus_4_unconverted,1
2023-07-18,24,24,0,0.0,missing,False,False,False,False,False,,,,,,,,,,0,24,0,0,,,24,0.0,0.0,0.0,0.0,24,0,0,reported_gmt_minus_4_unconverted,1
2023-07-19,24,24,0,0.0,missing,False,False,False,False,False,,,,,,,,,,0,24,0,0,,,24,0.0,0.0,0.0,0.0,24,0,0,reported_gmt_minus_4_unconverted,1
2023-07-20,24,24,0,0.0,missing,False,False,False,False,False,,,,,,,,,,0,24,0,0,,,24,0.0,0.0,0.0,0.0,24,0,0,reported_gmt_minus_4_unconverted,1
2023-07-21,24,24,0,0.0,missing,False,False,False,False,False,,,,,,,,,,0,24,0,0,,,24,0.0,0.0,0.0,0.0,24,0,0,reported_gmt_minus_4_unconverted,1
2023-07-22,24,24,0,0.0,missing,False,False,False,False,False,,,,,,,,,,0,24,0,0,,,24,0.0,0.0,0.0,0.0,24,0,0,reported_gmt_minus_4_unconverted,1
2023-07-23,24,24,0,0.0,missing,False,False,False,False,False,,,,,,,,,,0,24,0,0,,,24,0.0,0.0,0.0,0.0,24,0,0,reported_gmt_minus_4_unconverted,1
2023-07-24,24,24,0,0.0,missing,False,False,False,False,False,,,,,,,,,,0,24,0,0,,,24,0.0,0.0,0.0,0.0,24,0,0,reported_gmt_minus_4_unconverted,1
2023-07-25,24,24,0,0.0,missing,False,False,False,False,False,,,,,,,,,,0,24,0,0,,,24,0.0,0.0,0.0,0.0,24,0,0,reported_gmt_minus_4_unconverted,1
2023-07-26,24,24,0,0.0,missing,False,False,False,False,False,,,,,,,,,,0,24,0,0,,,24,0.0,0.0,0.0,0.0,24,0,0,reported_gmt_minus_4_unconverted,1
2023-07-27,24,24,0,0.0,missing,False,False,False,False,False,,,,,,,,,,0,24,0,0,,,24,0.0,0.0,0.0,0.0,24,0,0,reported_gmt_minus_4_unconverted,1
2023-07-28,24,24,0,0.0,missing,False,False,False,False,False,,,,,,,,,,0,24,0,0,,,24,0.0,0.0,0.0,0.0,24,0,0,reported_gmt_minus_4_unconverted,1
2023-07-29,24,24,0,0.0,missing,False,False,False,False,False,,,,,,,,,,0,24,0,0,,,24,0.0,0.0,0.0,0.0,24,0,0,reported_gmt_minus_4_unconverted,1
2023-07-30,24,24,0,0.0,missing,False,False,False,False,False,,,,,,,,,,0,24,0,0,,,24,0.0,0.0,0.0,0.0,24,0,0,reported_gmt_minus_4_unconverted,1
2023-07-31,24,24,0,0.0,missing,False,False,False,False,False,,,,,,,,,,0,24,0,0,,,24,0.0,0.0,0.0,0.0,24,0,0,reported_gmt_minus_4_unconverted,1
2023-08-01,24,24,0,0.0,missing,False,False,False,False,False,,,,,,,,,,0,24,0,0,,,24,0.0,0.0,0.0,0.0,24,0,0,reported_gmt_minus_4_unconverted,1
2023-08-02,24,24,0,0.0,missing,False,False,False,False,False,,,,,,,,,,0,24,0,0,,,24,0.0,0.0,0.0,0.0,24,0,0,reported_gmt_minus_4_unconverted,1
2023-08-03,24,24,0,0.0,missing,False,False,False,False,False,,,,,,,,,,0,24,0,0,,,24,0.0,0.0,0.0,0.0,24,0,0,reported_gmt_minus_4_unconverted,1
2023-08-04,24,24,0,0.0,missing,False,False,False,False,False,,,,,,,,,,0,24,0,0,,,24,0.0,0.0,0.0,0.0,24,0,0,reported_gmt_minus_4_unconverted,1
2023-08-05,24,24,0,0.0,missing,False,False,False,False,False,,,,,,,,,,0,24,0,0,,,24,0.0,0.0,0.0,0.0,24,0,0,reported_gmt_minus_4_unconverted,1
2023-08-06,24,24,0,0.0,missing,False,False,False,False,False,,,,,,,,,,0,24,0,0,,,24,0.0,0.0,0.0,0.0,24,0,0,reported_gmt_minus_4_unconverted,1
2023-08-07,24,24,0,0.0,missing,False,False,False,False,False,,,,,,,,,,0,24,0,0,,,24,0.0,0.0,0.0,0.0,24,0,0,reported_gmt_minus_4_unconverted,1
2023-08-08,24,24,0,0.0,missing,False,False,False,False,False,,,,,,,,,,0,24,0,0,,,24,0.0,0.0,0.0,0.0,24,0,0,reported_gmt_minus_4_unconverted,1
2023-08-09,24,24,0,0.0,missing,False,False,False,False,False,,,,,,,,,,0,24,0,0,,,24,0.0,0.0,0.0,0.0,24,0,0,reported_gmt_minus_4_unconverted,1
2023-08-10,24,24,0,0.0,missing,False,False,False,False,False,,,,,,,,,,0,24,0,0,,,24,0.0,0.0,0.0,0.0,24,0,0,reported_gmt_minus_4_unconverted,1
2023-08-11,24,24,0,0.0,missing,False,False,False,False,False,,,,,,,,,,0,24,0,0,,,24,0.0,0.0,0.0,0.0,24,0,0,reported_gmt_minus_4_unconverted,1
2023-08-12,24,24,0,0.0,missing,False,False,False,False,False,,,,,,,,,,0,24,0,0,,,24,0.0,0.0,0.0,0.0,24,0,0,reported_gmt_minus_4_unconverted,1
2023-08-13,24,24,0,0.0,missing,False,False,False,False,False,,,,,,,,,,0,24,0,0,,,24,0.0,0.0,0.0,0.0,24,0,0,reported_gmt_minus_4_unconverted,1
2023-08-14,24,24,0,0.0,missing,False,False,False,False,False,,,,,,,,,,0,24,0,0,,,24,0.0,0.0,0.0,0.0,24,0,0,reported_gmt_minus_4_unconverted,1
2023-08-15,24,24,0,0.0,missing,False,False,False,False,False,,,,,,,,,,0,24,0,0,,,24,0.0,0.0,0.0,0.0,24,0,0,reported_gmt_minus_4_unconverted,1
2023-08-16,24,24,0,0.0,missing,False,False,False,False,False,,,,,,,,,,0,24,0,0,,,24,0.0,0.0,0.0,0.0,24,0,0,reported_gmt_minus_4_unconverted,1
2023-08-17,24,24,0,0.0,missing,False,False,False,False,False,,,,,,,,,,0,24,0,0,,,24,0.0,0.0,0.0,0.0,24,0,0,reported_gmt_minus_4_unconverted,1
2023-08-18,24,24,0,0.0,missing,False,False,False,False,False,,,,,,,,,,0,24,0,0,,,24,0.0,0.0,0.0,0.0,24,0,0,reported_gmt_minus_4_unconverted,1
2023-08-19,24,24,0,0.0,missing,False,False,False,False,False,,,,,,,,,,0,24,0,0,,,24,0.0,0.0,0.0,0.0,24,0,0,reported_gmt_minus_4_unconverted,1
2023-08-20,24,24,0,0.0,missing,False,False,False,False,False,,,,,,,,,,0,24,0,0,,,24,0.0,0.0,0.0,0.0,24,0,0,reported_gmt_minus_4_unconverted,1
2023-08-21,24,24,0,0.0,missing,False,False,False,False,False,,,,,,,,,,0,24,0,0,,,24,0.0,0.0,0.0,0.0,24,0,0,reported_gmt_minus_4_unconverted,1
2023-08-22,24,24,0,0.0,missing,False,False,False,False,False,,,,,,,,,,0,24,0,0,,,24,0.0,0.0,0.0,0.0,24,0,0,reported_gmt_minus_4_unconverted,1
2023-08-23,24,24,0,0.0,missing,False,False,False,False,False,,,,,,,,,,0,24,0,0,,,24,0.0,0.0,0.0,0.0,24,0,0,reported_gmt_minus_4_unconverted,1
2023-08-24,24,24,0,0.0,missing,False,False,False,False,False,,,,,,,,,,0,24,0,0,,,24,0.0,0.0,0.0,0.0,24,0,0,reported_gmt_minus_4_unconverted,1
2023-08-25,24,24,0,0.0,missing,False,False,False,False,False,,,,,,,,,,0,24,0,0,,,24,0.0,0.0,0.0,0.0,24,0,0,reported_gmt_minus_4_unconverted,1
2023-08-26,24,24,0,0.0,missing,False,False,False,False,False,,,,,,,,,,0,24,0,0,,,24,0.0,0.0,0.0,0.0,24,0,0,reported_gmt_minus_4_unconverted,1
2023-08-27,24,24,0,0.0,missing,False,False,False,False,False,,,,,,,,,,0,24,0,0,,,24,0.0,0.0,0.0,0.0,24,0,0,reported_gmt_minus_4_unconverted,1
2023-08-28,24,24,0,0.0,missing,False,False,False,False,False,,,,,,,,,,0,24,0,0,,,24,0.0,0.0,0.0,0.0,24,0,0,reported_gmt_minus_4_unconverted,1
2023-08-29,24,24,0,0.0,missing,False,False,False,False,False,,,,,,,,,,0,24,0,0,,,24,0.0,0.0,0.0,0.0,24,0,0,reported_gmt_minus_4_unconverted,1
2023-08-30,24,24,0,0.0,missing,False,False,False,False,False,,,,,,,,,,0,24,0,0,,,24,0.0,0.0,0.0,0.0,24,0,0,reported_gmt_minus_4_unconverted,1
2023-08-31,24,24,0,0.0,missing,False,False,False,False,False,,,,,,,,,,0,24,0,0,,,24,0.0,0.0,0.0,0.0,24,0,0,reported_gmt_minus_4_unconverted,1
2023-09-01,24,24,0,0.0,missing,False,False,False,False,False,,,,,,,,,,0,24,0,0,,,24,0.0,0.0,0.0,0.0,24,0,0,reported_gmt_minus_4_unconverted,1
2023-09-02,24,24,0,0.0,missing,False,False,False,False,False,,,,,,,,,,0,24,0,0,,,24,0.0,0.0,0.0,0.0,24,0,0,reported_gmt_minus_4_unconverted,1
2023-09-03,24,24,0,0.0,missing,False,False,False,False,False,,,,,,,,,,0,24,0,0,,,24,0.0,0.0,0.0,0.0,24,0,0,reported_gmt_minus_4_unconverted,1
2023-09-04,24,24,0,0.0,missing,False,False,False,False,False,,,,,,,,,,0,24,0,0,,,24,0.0,0.0,0.0,0.0,24,0,0,reported_gmt_minus_4_unconverted,1
2023-09-05,24,24,0,0.0,missing,False,False,False,False,False,,,,,,,,,,0,24,0,0,,,24,0.0,0.0,0.0,0.0,24,0,0,reported_gmt_minus_4_unconverted,1
2023-09-06,24,24,0,0.0,missing,False,False,False,False,False,,,,,,,,,,0,24,0,0,,,24,0.0,0.0,0.0,0.0,24,0,0,reported_gmt_minus_4_unconverted,1
2023-09-07,24,24,0,0.0,missing,False,False,False,False,False,,,,,,,,,,0,24,0,0,,,24,0.0,0.0,0.0,0.0,24,0,0,reported_gmt_minus_4_unconverted,1
2023-09-08,24,24,0,0.0,missing,False,False,False,False,False,,,,,,,,,,0,24,0,0,,,24,0.0,0.0,0.0,0.0,24,0,0,reported_gmt_minus_4_unconverted,1
2023-09-09,24,24,24,1.0,high,True,True,True,True,True,3.5681666666666665,2.912,2.650733986402005,0.747,11.275,0.9316000000000001,1.6492499999999999,5.00025,6.257099999999999,24,0,0,0,0.0,23.0,0,100.0,100.0,100.0,100.0,0,24,24,reported_gmt_minus_4_unconverted,1
2023-09-10,24,24,24,1.0,high,True,True,True,True,True,3.0532083333333335,2.396,1.6876381226350081,1.068,7.045,1.2475,1.83325,4.2175,5.4502,24,0,0,0,0.0,23.0,0,100.0,100.0,100.0,100.0,0,24,24,reported_gmt_minus_4_unconverted,1
2023-09-11,24,24,24,1.0,high,True,True,True,True,True,1.8005833333333332,1.4375,0.8011237171279649,0.959,3.865,1.2084000000000001,1.344,1.957,2.9377999999999997,24,0,0,0,0.0,23.0,0,100.0,100.0,100.0,100.0,0,24,24,reported_gmt_minus_4_unconverted,1
2023-09-12,24,24,24,1.0,high,True,True,True,True,True,1.5475416666666668,1.1235,0.9596749893296831,0.695,3.543,0.7092999999999999,0.89025,1.8565,3.3108,24,0,0,0,0.0,23.0,0,100.0,100.0,100.0,100.0,0,24,24,reported_gmt_minus_4_unconverted,1
2023-09-13,24,24,24,1.0,high,True,True,True,True,True,1.2577083333333332,1.3849999999999998,0.5453619842275218,0.357,2.1,0.4958,0.72225,1.7475,1.8561999999999999,24,0,0,0,0.0,23.0,0,100.0,100.0,100.0,100.0,0,24,24,reported_gmt_minus_4_unconverted,1
2023-09-14,24,24,24,1.0,high,True,True,True,True,True,1.1857499999999999,1.3595000000000002,0.4922269934120621,0.32,1.928,0.4765,0.85275,1.48625,1.7551999999999999,24,0,0,0,0.0,23.0,0,100.0,100.0,100.0,100.0,0,24,24,reported_gmt_minus_4_unconverted,1
2023-09-15,24,24,24,1.0,high,True,True,True,True,True,1.7014166666666668,1.6549999999999998,0.4306714592320943,0.829,2.41,1.1299000000000001,1.4825,2.1029999999999998,2.2098,24,0,0,0,0.0,23.0,0,100.0,100.0,100.0,100.0,0,24,24,reported_gmt_minus_4_unconverted,1
2023-09-16,24,24,24,1.0,high,True,True,True,True,True,1.8635000000000002,1.7925,0.33210763053695347,1.372,2.861,1.5653,1.6335,2.06675,2.2156,24,0,0,0,0.0,23.0,0,100.0,100.0,100.0,100.0,0,24,24,reported_gmt_minus_4_unconverted,1
2023-09-17,24,24,24,1.0,high,True,True,True,True,True,2.8513749999999995,2.605,0.6636837783227006,1.878,4.151,2.2376,2.3177499999999998,3.2982500000000003,3.849,24,0,0,0,0.0,23.0,0,100.0,100.0,100.0,100.0,0,24,24,reported_gmt_minus_4_unconverted,1
2023-09-18,24,24,24,1.0,high,True,True,True,True,True,3.1504166666666666,2.7305,1.3697792242505382,1.357,6.833,1.7357,2.3492499999999996,3.8642499999999997,4.8271999999999995,24,0,0,0,0.0,23.0,0,100.0,100.0,100.0,100.0,0,24,24,reported_gmt_minus_4_unconverted,1
2023-09-19,24,24,24,1.0,high,True,True,True,True,True,7.479166666666667,7.7115,3.0834753778483623,3.093,12.656,3.5717000000000003,4.691000000000001,9.83275,11.340799999999998,24,0,0,0,0.0,23.0,0,100.0,100.0,100.0,100.0,0,24,24,reported_gmt_minus_4_unconverted,1
2023-09-20,24,24,24,1.0,high,True,True,True,True,True,10.268,10.612,1.837910155347762,6.348,13.878,7.7593000000000005,9.36175,11.108,12.2647,24,0,0,0,0.0,23.0,0,100.0,100.0,100.0,100.0,0,24,24,reported_gmt_minus_4_unconverted,1
2023-09-21,24,24,24,1.0,high,True,True,True,True,True,9.056875,9.619,2.1993101153988386,4.399,12.325,5.8384,8.398,10.523,11.127799999999999,24,0,0,0,0.0,23.0,0,100.0,100.0,100.0,100.0,0,24,24,reported_gmt_minus_4_unconverted,1
2023-09-22,24,24,24,1.0,high,True,True,True,True,True,6.783083333333333,6.6885,1.4748948353568532,4.14,9.448,5.1315,5.5335,7.85375,8.7718,24,0,0,0,0.0,23.0,0,100.0,100.0,100.0,100.0,0,24,24,reported_gmt_minus_4_unconverted,1
2023-09-23,24,24,24,1.0,high,True,True,True,True,True,6.729083333333333,6.814,2.1757387334493736,3.588,10.937,4.1519,4.84075,8.405750000000001,9.4243,24,0,0,0,0.0,23.0,0,100.0,100.0,100.0,100.0,0,24,24,reported_gmt_minus_4_unconverted,1
2023-09-24,24,24,24,1.0,high,True,True,True,True,True,5.00425,4.5435,2.0787779907394173,2.071,8.966,2.6717000000000004,3.30175,6.8245,8.024299999999998,24,0,0,0,0.0,23.0,0,100.0,100.0,100.0,100.0,0,24,24,reported_gmt_minus_4_unconverted,1
2023-09-25,24,24,24,1.0,high,True,True,True,True,True,5.213708333333333,4.666,2.603544698711433,0.973,9.604,1.9692,3.4405,7.55075,8.9301,24,0,0,0,0.0,23.0,0,100.0,100.0,100.0,100.0,0,24,24,reported_gmt_minus_4_unconverted,1
2023-09-26,24,24,24,1.0,high,True,True,True,True,True,1.3572499999999998,0.7390000000000001,1.2082076646295392,0.424,4.858,0.45930000000000004,0.5335000000000001,1.93275,3.1443999999999996,24,0,0,0,0.0,23.0,0,100.0,100.0,100.0,100.0,0,24,24,reported_gmt_minus_4_unconverted,1
2023-09-27,24,24,24,1.0,high,True,True,True,True,True,1.4195416666666667,0.89,1.0972521005226872,0.465,4.153,0.5095000000000001,0.7044999999999999,1.9925,3.0862,24,0,0,0,0.0,23.0,0,100.0,100.0,100.0,100.0,0,24,24,reported_gmt_minus_4_unconverted,1
2023-09-28,24,24,24,1.0,high,True,True,True,True,True,1.8160416666666663,0.9775,1.4946719133720243,0.3,4.883,0.4559,0.599,3.1854999999999998,3.5931999999999995,24,0,0,0,0.0,23.0,0,100.0,100.0,100.0,100.0,0,24,24,reported_gmt_minus_4_unconverted,1
2023-09-29,24,24,24,1.0,high,True,True,True,True,True,1.9935416666666665,1.549,1.3434388702834252,0.674,5.13,0.7672,0.98825,2.69125,4.0139000000000005,24,0,0,0,0.0,23.0,0,100.0,100.0,100.0,100.0,0,24,24,reported_gmt_minus_4_unconverted,1
2023-09-30,24,24,24,1.0,high,True,True,True,True,True,5.939583333333334,5.545,4.531832482001904,1.227,16.143,1.4682,1.53725,8.5865,12.334799999999998,24,0,0,0,0.0,23.0,0,100.0,100.0,100.0,100.0,0,24,24,reported_gmt_minus_4_unconverted,1
2023-10-01,24,24,24,1.0,high,True,True,True,True,True,8.654041666666666,8.5725,3.379792680536159,3.547,15.508,4.716,5.89525,11.50925,12.935699999999999,24,0,0,0,0.0,23.0,0,100.0,100.0,100.0,100.0,0,24,24,reported_gmt_minus_4_unconverted,1
2023-10-02,24,24,24,1.0,high,True,True,True,True,True,8.897125,8.61,4.586719262434895,2.203,18.46,3.7625,4.8715,10.91825,16.2847,24,0,0,0,0.0,23.0,0,100.0,100.0,100.0,100.0,0,24,24,reported_gmt_minus_4_unconverted,1
2023-10-03,24,24,24,1.0,high,True,True,True,True,True,9.391458333333333,8.724499999999999,5.912011406260447,0.669,21.347,1.3776000000000004,6.16525,12.64425,18.395,24,0,0,0,0.0,23.0,0,100.0,100.0,100.0,100.0,0,24,24,reported_gmt_minus_4_unconverted,1
2023-10-04,24,24,24,1.0,high,True,True,True,True,True,2.845,2.3064999999999998,2.1531373267458083,0.41,6.537,0.49820000000000003,0.83425,4.8145,6.0432,24,0,0,0,0.0,23.0,0,100.0,100.0,100.0,100.0,0,24,24,reported_gmt_minus_4_unconverted,1
2023-10-05,24,24,24,1.0,high,True,True,True,True,True,2.493875,2.306,2.0242000097193524,0.283,5.8,0.401,0.5894999999999999,4.42075,5.3615,24,0,0,0,0.0,23.0,0,100.0,100.0,100.0,100.0,0,24,24,reported_gmt_minus_4_unconverted,1
2023-10-06,24,24,24,1.0,high,True,True,True,True,True,4.939791666666666,4.654999999999999,3.697434033619939,0.944,14.01,1.2625,1.615,6.2425,10.6778,24,0,0,0,0.0,23.0,0,100.0,100.0,100.0,100.0,0,24,24,reported_gmt_minus_4_unconverted,1
2023-10-07,24,24,24,1.0,high,True,True,True,True,True,5.32675,5.0024999999999995,3.230751497582325,1.155,14.991,1.6265,2.77475,6.9135,8.643399999999998,24,0,0,0,0.0,23.0,0,100.0,100.0,100.0,100.0,0,24,24,reported_gmt_minus_4_unconverted,1
2023-10-08,24,24,24,1.0,high,True,True,True,True,True,5.610499999999999,4.332,3.1406041373955564,0.933,11.155,2.3278,3.3235,8.138,10.0844,24,0,0,0,0.0,23.0,0,100.0,100.0,100.0,100.0,0,24,24,reported_gmt_minus_4_unconverted,1
2023-10-09,24,24,24,1.0,high,True,True,True,True,True,11.231416666666666,12.2295,4.112265237561649,3.101,17.967,6.1613,7.53925,14.338750000000001,15.641499999999999,24,0,0,0,0.0,23.0,0,100.0,100.0,100.0,100.0,0,24,24,reported_gmt_minus_4_unconverted,1
2023-10-10,24,24,24,1.0,high,True,True,True,True,True,13.846416666666668,14.253,2.5014600591527008,7.554,18.55,10.8821,12.1845,15.441500000000001,16.586199999999998,24,0,0,0,0.0,23.0,0,100.0,100.0,100.0,100.0,0,24,24,reported_gmt_minus_4_unconverted,1
2023-10-11,24,24,24,1.0,high,True,True,True,True,True,7.731416666666667,8.249500000000001,2.1626319495640867,4.246,10.773,4.9411000000000005,5.2932500000000005,9.34325,10.2348,24,0,0,0,0.0,23.0,0,100.0,100.0,100.0,100.0,0,24,24,reported_gmt_minus_4_unconverted,1
2023-10-12,24,24,24,1.0,high,True,True,True,True,True,5.603458333333333,4.7615,2.271252766343541,2.827,10.508,3.3474,4.05025,6.828749999999999,9.0414,24,0,0,0,0.0,23.0,0,100.0,100.0,100.0,100.0,0,24,24,reported_gmt_minus_4_unconverted,1
2023-10-13,24,24,24,1.0,high,True,True,True,True,True,9.385458333333332,11.6035,4.789570190203299,2.652,15.657,3.1884,3.65275,13.54525,13.6851,24,0,0,0,0.0,23.0,0,100.0,100.0,100.0,100.0,0,24,24,reported_gmt_minus_4_unconverted,1
2023-10-14,24,24,24,1.0,high,True,True,True,True,True,16.33725,16.84,2.061820960683309,12.555,20.248,13.7587,14.4355,17.71875,18.627399999999998,24,0,0,0,0.0,23.0,0,100.0,100.0,100.0,100.0,0,24,24,reported_gmt_minus_4_unconverted,1
2023-10-15,24,24,24,1.0,high,True,True,True,True,True,12.214374999999999,12.6615,2.2944086443294953,7.615,16.088,9.3369,10.126249999999999,14.0115,14.7063,24,0,0,0,0.0,23.0,0,100.0,100.0,100.0,100.0,0,24,24,reported_gmt_minus_4_unconverted,1
2023-10-16,24,24,24,1.0,high,True,True,True,True,True,8.151625000000001,8.474,2.4464282715917665,3.587,11.811,4.73,6.396,9.83775,11.5341,24,0,0,0,0.0,23.0,0,100.0,100.0,100.0,100.0,0,24,24,reported_gmt_minus_4_unconverted,1
2023-10-17,24,24,24,1.0,high,True,True,True,True,True,10.027500000000002,8.9775,3.4911407379499773,4.067,15.483,6.4369,7.202,13.55175,14.8301,24,0,0,0,0.0,23.0,0,100.0,100.0,100.0,100.0,0,24,24,reported_gmt_minus_4_unconverted,1
2023-10-18,24,24,24,1.0,high,True,True,True,True,True,11.267333333333333,11.1205,1.760315403227666,6.535,16.547,10.0144,10.2915,12.181249999999999,12.5151,24,0,0,0,0.0,23.0,0,100.0,100.0,100.0,100.0,0,24,24,reported_gmt_minus_4_unconverted,1
2023-10-19,24,24,24,1.0,high,True,True,True,True,True,11.854416666666665,11.7485,1.9109510474622584,8.027,15.037,9.6357,10.26925,13.24525,14.2273,24,0,0,0,0.0,23.0,0,100.0,100.0,100.0,100.0,0,24,24,reported_gmt_minus_4_unconverted,1
2023-10-20,24,24,24,1.0,high,True,True,True,True,True,9.75125,10.273,2.4370610641579713,4.81,14.715,5.8935,8.604,11.2535,11.5973,24,0,0,0,0.0,23.0,0,100.0,100.0,100.0,100.0,0,24,24,reported_gmt_minus_4_unconverted,1
2023-10-21,24,24,24,1.0,high,True,True,True,True,True,6.4571250000000004,5.3505,2.3519065959067262,4.132,11.461,4.1748,4.6745,8.885250000000001,9.401299999999999,24,0,0,0,0.0,23.0,0,100.0,100.0,100.0,100.0,0,24,24,reported_gmt_minus_4_unconverted,1
2023-10-22,24,24,24,1.0,high,True,True,True,True,True,4.012041666666666,4.2945,1.7357766455986776,1.703,7.33,2.0275000000000003,2.1647499999999997,5.045249999999999,6.3526,24,0,0,0,0.0,23.0,0,100.0,100.0,100.0,100.0,0,24,24,reported_gmt_minus_4_unconverted,1
2023-10-23,24,24,24,1.0,high,True,True,True,True,True,4.319125,4.7135,1.5322475481830746,1.305,6.236,1.9252,3.2832500000000002,5.7052499999999995,5.8613,24,0,0,0,0.0,23.0,0,100.0,100.0,100.0,100.0,0,24,24,reported_gmt_minus_4_unconverted,1
2023-10-24,24,24,24,1.0,high,True,True,True,True,True,4.1834999999999996,4.395,0.9008150415764796,2.415,5.738,2.8157,3.7325,4.80425,5.1389,24,0,0,0,0.0,23.0,0,100.0,100.0,100.0,100.0,0,24,24,reported_gmt_minus_4_unconverted,1
2023-10-25,24,24,24,1.0,high,True,True,True,True,True,3.1527499999999997,3.285,1.232627601649349,0.0,5.077,1.6710000000000005,2.9917499999999997,3.73375,4.4666999999999994,24,0,0,0,0.0,23.0,0,100.0,100.0,100.0,100.0,0,24,24,reported_gmt_minus_4_unconverted,1
2023-10-26,24,24,24,1.0,high,True,True,True,True,True,1.4219583333333332,1.297,0.8606128998602084,0.448,3.343,0.5027,0.7152499999999999,1.764,2.7262,24,0,0,0,0.0,23.0,0,100.0,100.0,100.0,100.0,0,24,24,reported_gmt_minus_4_unconverted,1
2023-10-27,24,24,24,1.0,high,True,True,True,True,True,0.5485000000000001,0.5475000000000001,0.1997587675607539,0.301,1.16,0.332,0.35375,0.638,0.7514,24,0,0,0,0.0,23.0,0,100.0,100.0,100.0,100.0,0,24,24,reported_gmt_minus_4_unconverted,1
2023-10-28,24,24,24,1.0,high,True,True,True,True,True,0.6552916666666667,0.55,0.37344279338010555,0.323,1.726,0.3646,0.39075000000000004,0.6845,1.1707999999999998,24,0,0,0,0.0,23.0,0,100.0,100.0,100.0,100.0,0,24,24,reported_gmt_minus_4_unconverted,1
2023-10-29,24,24,24,1.0,high,True,True,True,True,True,1.1463333333333332,0.776,0.746995702604871,0.441,2.794,0.5164,0.5714999999999999,1.5747499999999999,2.288,24,0,0,0,0.0,23.0,0,100.0,100.0,100.0,100.0,0,24,24,reported_gmt_minus_4_unconverted,1
2023-10-30,24,24,24,1.0,high,True,True,True,True,True,1.9504166666666667,1.7805,0.6375535385304937,1.153,3.726,1.2518,1.5435,2.2735000000000003,2.7815,24,0,0,0,0.0,23.0,0,100.0,100.0,100.0,100.0,0,24,24,reported_gmt_minus_4_unconverted,1
2023-10-31,24,24,24,1.0,high,True,True,True,True,True,2.6619166666666665,2.612,0.9200740006470494,1.526,4.489,1.6028,1.8075,3.31175,3.7959,24,0,0,0,0.0,23.0,0,100.0,100.0,100.0,100.0,0,24,24,reported_gmt_minus_4_unconverted,1
2023-11-01,24,24,24,1.0,high,True,True,True,True,True,2.7135,2.395,0.8282092783201913,1.299,4.491,1.8999,2.1635,3.30925,3.8916,24,0,0,0,0.0,23.0,0,100.0,100.0,100.0,100.0,0,24,24,reported_gmt_minus_4_unconverted,1
2023-11-02,24,24,24,1.0,high,True,True,True,True,True,2.4890833333333333,2.623,0.684000757479028,0.914,3.427,1.5479,2.1265,3.03275,3.2206,24,0,0,0,0.0,23.0,0,100.0,100.0,100.0,100.0,0,24,24,reported_gmt_minus_4_unconverted,1
2023-11-03,24,24,24,1.0,high,True,True,True,True,True,2.464916666666667,2.3255,0.8541421283149069,1.046,4.164,1.4391000000000003,1.8944999999999999,2.9975,3.5239,24,0,0,0,0.0,23.0,0,100.0,100.0,100.0,100.0,0,24,24,reported_gmt_minus_4_unconverted,1
2023-11-04,24,24,24,1.0,high,True,True,True,True,True,2.5465416666666667,2.4745,0.5668290885087939,1.721,3.84,1.9738,2.0547500000000003,2.9145,3.1077,24,0,0,0,0.0,23.0,0,100.0,100.0,100.0,100.0,0,24,24,reported_gmt_minus_4_unconverted,1
2023-11-05,24,24,24,1.0,high,True,True,True,True,True,2.1366666666666667,2.0185,0.5485606990841672,1.455,3.081,1.5039,1.66025,2.58525,2.9413,24,0,0,0,0.0,23.0,0,100.0,100.0,100.0,100.0,0,24,24,reported_gmt_minus_4_unconverted,1
2023-11-06,24,24,24,1.0,high,True,True,True,True,True,2.43425,2.485,0.3638910790213252,1.678,2.976,1.9211000000000003,2.16475,2.724,2.8364,24,0,0,0,0.0,23.0,0,100.0,100.0,100.0,100.0,0,24,24,reported_gmt_minus_4_unconverted,1
2023-11-07,24,24,24,1.0,high,True,True,True,True,True,2.038875,2.0389999999999997,0.3307027185305229,1.429,2.54,1.6093000000000002,1.7934999999999999,2.30525,2.4347,24,0,0,0,0.0,23.0,0,100.0,100.0,100.0,100.0,0,24,24,reported_gmt_minus_4_unconverted,1
2023-11-08,24,24,24,1.0,high,True,True,True,True,True,1.9009166666666666,1.8085,0.5340769295398059,1.226,2.965,1.3558,1.4275,2.22675,2.7216,24,0,0,0,0.0,23.0,0,100.0,100.0,100.0,100.0,0,24,24,reported_gmt_minus_4_unconverted,1
2023-11-09,24,24,24,1.0,high,True,True,True,True,True,2.6562916666666667,2.482,0.713945100749391,1.953,4.316,2.0323,2.098,2.94525,3.8326,24,0,0,0,0.0,23.0,0,100.0,100.0,100.0,100.0,0,24,24,reported_gmt_minus_4_unconverted,1
2023-11-10,24,24,24,1.0,high,True,True,True,True,True,2.5520416666666668,2.33,0.6509049539356504,1.664,3.734,1.8960000000000001,2.05225,3.02725,3.503,24,0,0,0,0.0,23.0,0,100.0,100.0,100.0,100.0,0,24,24,reported_gmt_minus_4_unconverted,1
2023-11-11,24,24,24,1.0,high,True,True,True,True,True,2.5688333333333335,2.4080000000000004,0.5574159844408347,1.869,3.789,2.0156,2.13225,2.97025,3.2439999999999998,24,0,0,0,0.0,23.0,0,100.0,100.0,100.0,100.0,0,24,24,reported_gmt_minus_4_unconverted,1
2023-11-12,24,24,24,1.0,high,True,True,True,True,True,1.88275,1.9205,0.6739020216489996,1.001,3.116,1.1175000000000002,1.27125,2.32325,2.7034000000000002,24,0,0,0,0.0,23.0,0,100.0,100.0,100.0,100.0,0,24,24,reported_gmt_minus_4_unconverted,1
2023-11-13,24,24,24,1.0,high,True,True,True,True,True,2.533125,2.3855,0.5652655637916533,1.798,4.179,1.887,2.2065,2.9505,3.0768,24,0,0,0,0.0,23.0,0,100.0,100.0,100.0,100.0,0,24,24,reported_gmt_minus_4_unconverted,1
2023-11-14,24,24,24,1.0,high,True,True,True,True,True,1.7374583333333333,1.572,0.6111381384559159,1.006,3.281,1.1768,1.30925,1.91925,2.6751,24,0,0,0,0.0,23.0,0,100.0,100.0,100.0,100.0,0,24,24,reported_gmt_minus_4_unconverted,1
2023-11-15,24,24,24,1.0,high,True,True,True,True,True,1.5965833333333335,1.43,0.4583498679494468,1.011,2.72,1.1701,1.2449999999999999,1.8359999999999999,2.2910999999999997,24,0,0,0,0.0,23.0,0,100.0,100.0,100.0,100.0,0,24,24,reported_gmt_minus_4_unconverted,1
2023-11-16,24,24,11,0.458333,weak,False,False,False,False,False,0.9547272727272728,1.15,0.40982217873343335,0.033,1.233,0.276,0.99,1.1829999999999998,1.213,12,12,1,1,0.0,10.0,13,0.0,50.0,50.0,100.0,12,12,12,reported_gmt_minus_4_unconverted,1
2023-11-17,24,24,0,0.0,missing,False,False,False,False,False,,,,,,,,,,0,24,0,0,,,24,0.0,0.0,0.0,0.0,24,0,0,reported_gmt_minus_4_unconverted,1
2023-11-18,24,24,0,0.0,missing,False,False,False,False,False,,,,,,,,,,0,24,0,0,,,24,0.0,0.0,0.0,0.0,24,0,0,reported_gmt_minus_4_unconverted,1
2023-11-19,24,24,0,0.0,missing,False,False,False,False,False,,,,,,,,,,0,24,0,0,,,24,0.0,0.0,0.0,0.0,24,0,0,reported_gmt_minus_4_unconverted,1
2023-11-20,24,24,0,0.0,missing,False,False,False,False,False,,,,,,,,,,0,24,0,0,,,24,0.0,0.0,0.0,0.0,24,0,0,reported_gmt_minus_4_unconverted,1
2023-11-21,24,24,0,0.0,missing,False,False,False,False,False,,,,,,,,,,0,24,0,0,,,24,0.0,0.0,0.0,0.0,24,0,0,reported_gmt_minus_4_unconverted,1
2023-11-22,24,24,0,0.0,missing,False,False,False,False,False,,,,,,,,,,0,24,0,0,,,24,0.0,0.0,0.0,0.0,24,0,0,reported_gmt_minus_4_unconverted,1
2023-11-23,24,24,0,0.0,missing,False,False,False,False,False,,,,,,,,,,0,24,0,0,,,24,0.0,0.0,0.0,0.0,24,0,0,reported_gmt_minus_4_unconverted,1
2023-11-24,24,24,0,0.0,missing,False,False,False,False,False,,,,,,,,,,0,24,0,0,,,24,0.0,0.0,0.0,0.0,24,0,0,reported_gmt_minus_4_unconverted,1
2023-11-25,24,24,0,0.0,missing,False,False,False,False,False,,,,,,,,,,0,24,0,0,,,24,0.0,0.0,0.0,0.0,24,0,0,reported_gmt_minus_4_unconverted,1
2023-11-26,24,24,0,0.0,missing,False,False,False,False,False,,,,,,,,,,0,24,0,0,,,24,0.0,0.0,0.0,0.0,24,0,0,reported_gmt_minus_4_unconverted,1
2023-11-27,24,24,0,0.0,missing,False,False,False,False,False,,,,,,,,,,0,24,0,0,,,24,0.0,0.0,0.0,0.0,24,0,0,reported_gmt_minus_4_unconverted,1
2023-11-28,24,24,0,0.0,missing,False,False,False,False,False,,,,,,,,,,0,24,0,0,,,24,0.0,0.0,0.0,0.0,24,0,0,reported_gmt_minus_4_unconverted,1
2023-11-29,24,24,0,0.0,missing,False,False,False,False,False,,,,,,,,,,0,24,0,0,,,24,0.0,0.0,0.0,0.0,24,0,0,reported_gmt_minus_4_unconverted,1
2023-11-30,24,24,0,0.0,missing,False,False,False,False,False,,,,,,,,,,0,24,0,0,,,24,0.0,0.0,0.0,0.0,24,0,0,reported_gmt_minus_4_unconverted,1
2023-12-01,24,24,0,0.0,missing,False,False,False,False,False,,,,,,,,,,0,24,0,0,,,24,0.0,0.0,0.0,0.0,24,0,0,reported_gmt_minus_4_unconverted,1
2023-12-02,24,24,0,0.0,missing,False,False,False,False,False,,,,,,,,,,0,24,0,0,,,24,0.0,0.0,0.0,0.0,24,0,0,reported_gmt_minus_4_unconverted,1
2023-12-03,24,24,0,0.0,missing,False,False,False,False,False,,,,,,,,,,0,24,0,0,,,24,0.0,0.0,0.0,0.0,24,0,0,reported_gmt_minus_4_unconverted,1
2023-12-04,24,24,0,0.0,missing,False,False,False,False,False,,,,,,,,,,0,24,0,0,,,24,0.0,0.0,0.0,0.0,24,0,0,reported_gmt_minus_4_unconverted,1
2023-12-05,24,24,0,0.0,missing,False,False,False,False,False,,,,,,,,,,0,24,0,0,,,24,0.0,0.0,0.0,0.0,24,0,0,reported_gmt_minus_4_unconverted,1
2023-12-06,24,24,0,0.0,missing,False,False,False,False,False,,,,,,,,,,0,24,0,0,,,24,0.0,0.0,0.0,0.0,24,0,0,reported_gmt_minus_4_unconverted,1
2023-12-07,24,24,0,0.0,missing,False,False,False,False,False,,,,,,,,,,0,24,0,0,,,24,0.0,0.0,0.0,0.0,24,0,0,reported_gmt_minus_4_unconverted,1
2023-12-08,24,24,24,1.0,high,True,True,True,True,True,0.9117916666666667,0.6719999999999999,0.4978186311225742,0.386,1.839,0.448,0.4785,1.32575,1.6426999999999998,24,0,0,0,0.0,23.0,0,100.0,100.0,100.0,100.0,0,24,24,reported_gmt_minus_4_unconverted,1
2023-12-09,24,24,24,1.0,high,True,True,True,True,True,0.6469583333333334,0.504,0.38821256830299267,0.305,2.026,0.3508,0.45925000000000005,0.681,1.1051,24,0,0,0,0.0,23.0,0,100.0,100.0,100.0,100.0,0,24,24,reported_gmt_minus_4_unconverted,1
2023-12-10,24,24,24,1.0,high,True,True,True,True,True,4.071750000000001,4.572,1.6633052544753224,0.7,6.517,1.714,2.676,5.1812499999999995,5.6817,24,0,0,0,0.0,23.0,0,100.0,100.0,100.0,100.0,0,24,24,reported_gmt_minus_4_unconverted,1
2023-12-11,24,24,24,1.0,high,True,True,True,True,True,3.8310833333333334,3.617,1.135477984649279,2.521,7.453,2.7481999999999998,3.0495,4.055,5.3382,24,0,0,0,0.0,23.0,0,100.0,100.0,100.0,100.0,0,24,24,reported_gmt_minus_4_unconverted,1
2023-12-12,24,24,24,1.0,high,True,True,True,True,True,4.1845,3.2775,2.2633041832875573,1.928,10.393,2.5367,2.8085,4.867,6.5642000000000005,24,0,0,0,0.0,23.0,0,100.0,100.0,100.0,100.0,0,24,24,reported_gmt_minus_4_unconverted,1
2023-12-13,24,24,24,1.0,high,True,True,True,True,True,8.110833333333334,7.3905,4.549938973949724,2.056,14.972,2.9541,3.9147499999999997,12.63525,13.9872,24,0,0,0,0.0,23.0,0,100.0,100.0,100.0,100.0,0,24,24,reported_gmt_minus_4_unconverted,1
2023-12-14,24,24,24,1.0,high,True,True,True,True,True,9.307875000000001,9.027000000000001,2.8673725787617457,3.157,13.913,6.5508,7.5425,11.8185,12.1593,24,0,0,0,0.0,23.0,0,100.0,100.0,100.0,100.0,0,24,24,reported_gmt_minus_4_unconverted,1
2023-12-15,24,24,24,1.0,high,True,True,True,True,True,7.729375,7.1690000000000005,2.887686343507248,3.165,14.296,4.6372,5.55925,8.904,11.947,24,0,0,0,0.0,23.0,0,100.0,100.0,100.0,100.0,0,24,24,reported_gmt_minus_4_unconverted,1
2023-12-16,24,24,24,1.0,high,True,True,True,True,True,7.164666666666666,7.2325,1.499508054595607,3.776,10.278,5.5369,6.7255,8.3345,8.6451,24,0,0,0,0.0,23.0,0,100.0,100.0,100.0,100.0,0,24,24,reported_gmt_minus_4_unconverted,1
2023-12-17,24,24,24,1.0,high,True,True,True,True,True,5.574249999999999,5.9905,2.4579753819476853,0.756,9.482,1.7238000000000002,4.545249999999999,7.04525,8.1904,24,0,0,0,0.0,23.0,0,100.0,100.0,100.0,100.0,0,24,24,reported_gmt_minus_4_unconverted,1
2023-12-18,24,24,24,1.0,high,True,True,True,True,True,3.8951666666666664,3.333,2.90982604689497,1.095,11.348,1.228,1.4745,5.465,8.261099999999999,24,0,0,0,0.0,23.0,0,100.0,100.0,100.0,100.0,0,24,24,reported_gmt_minus_4_unconverted,1
2023-12-19,24,24,24,1.0,high,True,True,True,True,True,6.072916666666667,6.092,2.939681155687033,1.29,13.312,2.0245,4.444500000000001,7.427,8.8431,24,0,0,0,0.0,23.0,0,100.0,100.0,100.0,100.0,0,24,24,reported_gmt_minus_4_unconverted,1
2023-12-20,24,24,24,1.0,high,True,True,True,True,True,6.682541666666666,6.557,1.4084946629574817,4.567,9.712,5.1095,5.592499999999999,7.52125,8.405800000000001,24,0,0,0,0.0,23.0,0,100.0,100.0,100.0,100.0,0,24,24,reported_gmt_minus_4_unconverted,1
2023-12-21,24,24,24,1.0,high,True,True,True,True,True,3.45325,3.5655,1.3773903886003764,1.197,6.214,1.5942,2.503,4.1815,5.1558,24,0,0,0,0.0,23.0,0,100.0,100.0,100.0,100.0,0,24,24,reported_gmt_minus_4_unconverted,1
2023-12-22,24,24,24,1.0,high,True,True,True,True,True,3.044208333333333,2.7055,1.4659052991290031,0.858,6.717,1.6152000000000002,2.11325,3.32975,5.037799999999999,24,0,0,0,0.0,23.0,0,100.0,100.0,100.0,100.0,0,24,24,reported_gmt_minus_4_unconverted,1
2023-12-23,24,24,24,1.0,high,True,True,True,True,True,1.0358333333333334,1.0045,0.27473570962823074,0.65,1.732,0.7879,0.8047500000000001,1.16375,1.3959,24,0,0,0,0.0,23.0,0,100.0,100.0,100.0,100.0,0,24,24,reported_gmt_minus_4_unconverted,1
2023-12-24,24,24,24,1.0,high,True,True,True,True,True,0.8598750000000001,0.906,0.3193853216659341,0.463,1.646,0.5256000000000001,0.5742499999999999,0.96175,1.3365,24,0,0,0,0.0,23.0,0,100.0,100.0,100.0,100.0,0,24,24,reported_gmt_minus_4_unconverted,1
2023-12-25,24,24,24,1.0,high,True,True,True,True,True,0.8107083333333334,0.7515000000000001,0.30554348999015235,0.408,1.422,0.4501,0.52525,1.0315,1.1983,24,0,0,0,0.0,23.0,0,100.0,100.0,100.0,100.0,0,24,24,reported_gmt_minus_4_unconverted,1
2023-12-26,24,24,24,1.0,high,True,True,True,True,True,0.8927083333333333,0.7705,0.2693718101462165,0.609,1.485,0.6389,0.70025,1.0735000000000001,1.255,24,0,0,0,0.0,23.0,0,100.0,100.0,100.0,100.0,0,24,24,reported_gmt_minus_4_unconverted,1
2023-12-27,24,24,24,1.0,high,True,True,True,True,True,2.3341250000000002,1.2955,2.5946752885979527,0.72,10.244,0.8564,1.18875,2.0905,5.970699999999996,24,0,0,0,0.0,23.0,0,100.0,100.0,100.0,100.0,0,24,24,reported_gmt_minus_4_unconverted,1
2023-12-28,24,24,24,1.0,high,True,True,True,True,True,4.471416666666666,2.394,3.6647157777765056,1.447,12.27,1.7737999999999998,2.03375,7.212,10.784999999999998,24,0,0,0,0.0,23.0,0,100.0,100.0,100.0,100.0,0,24,24,reported_gmt_minus_4_unconverted,1
2023-12-29,24,24,24,1.0,high,True,True,True,True,True,6.487958333333332,6.392,4.217669493299605,0.805,15.629,1.185,3.0829999999999997,8.942,11.0913,24,0,0,0,0.0,23.0,0,100.0,100.0,100.0,100.0,0,24,24,reported_gmt_minus_4_unconverted,1
2023-12-30,24,24,24,1.0,high,True,True,True,True,True,5.794666666666667,3.66,5.511667219293258,1.207,24.41,1.8130000000000002,2.31175,6.055499999999999,13.014699999999998,24,0,0,0,0.0,23.0,0,100.0,100.0,100.0,100.0,0,24,24,reported_gmt_minus_4_unconverted,1
2023-12-31,24,24,24,1.0,high,True,True,True,True,True,2.3667916666666664,1.6595,1.749887995898139,0.659,6.145,0.7692,0.896,3.66975,4.975,24,0,0,0,0.0,23.0,0,100.0,100.0,100.0,100.0,0,24,24,reported_gmt_minus_4_unconverted,1
2024-01-01,24,24,24,1.0,high,True,True,True,True,True,1.4748749999999997,1.1735,0.7126542739157851,0.743,3.335,0.8982,1.01175,1.64575,2.5214999999999996,24,0,0,0,0.0,23.0,0,100.0,100.0,100.0,100.0,0,24,24,reported_gmt_minus_4_unconverted,1
2024-01-02,24,24,24,1.0,high,True,True,True,True,True,1.3474583333333332,1.3685,0.47901674466209077,0.684,2.602,0.812,0.9197500000000001,1.5885,1.9606,24,0,0,0,0.0,23.0,0,100.0,100.0,100.0,100.0,0,24,24,reported_gmt_minus_4_unconverted,1
2024-01-03,24,24,24,1.0,high,True,True,True,True,True,4.187583333333333,3.5149999999999997,2.7152708555207856,1.22,11.343,1.3442,2.3449999999999998,6.57175,7.3656999999999995,24,0,0,0,0.0,23.0,0,100.0,100.0,100.0,100.0,0,24,24,reported_gmt_minus_4_unconverted,1
2024-01-04,24,24,24,1.0,high,True,True,True,True,True,5.254875,5.2875,1.1171320544921772,3.007,7.665,3.9063000000000003,4.53975,6.041499999999999,6.582999999999999,24,0,0,0,0.0,23.0,0,100.0,100.0,100.0,100.0,0,24,24,reported_gmt_minus_4_unconverted,1
2024-01-05,24,24,24,1.0,high,True,True,True,True,True,4.764958333333333,4.6315,1.4228751199188416,2.682,7.751,3.0951,3.5084999999999997,5.809,6.5333,24,0,0,0,0.0,23.0,0,100.0,100.0,100.0,100.0,0,24,24,reported_gmt_minus_4_unconverted,1
2024-01-06,24,24,24,1.0,high,True,True,True,True,True,4.161791666666667,4.233,0.9680661574215512,2.246,6.12,2.7917,3.61375,4.77525,5.1091,24,0,0,0,0.0,23.0,0,100.0,100.0,100.0,100.0,0,24,24,reported_gmt_minus_4_unconverted,1
2024-01-07,24,24,24,1.0,high,True,True,True,True,True,4.034458333333333,4.0195,0.43406320709503027,3.142,5.052,3.6525,3.8725,4.1835,4.5604,24,0,0,0,0.0,23.0,0,100.0,100.0,100.0,100.0,0,24,24,reported_gmt_minus_4_unconverted,1
2024-01-08,24,24,24,1.0,high,True,True,True,True,True,2.731,2.5275,0.48909952752592895,2.034,3.747,2.2579,2.36525,2.9925,3.4528,24,0,0,0,0.0,23.0,0,100.0,100.0,100.0,100.0,0,24,24,reported_gmt_minus_4_unconverted,1
2024-01-09,24,24,24,1.0,high,True,True,True,True,True,2.405666666666667,2.476,0.4219651403968637,1.596,3.161,1.8978,1.97375,2.62075,2.927,24,0,0,0,0.0,23.0,0,100.0,100.0,100.0,100.0,0,24,24,reported_gmt_minus_4_unconverted,1
2024-01-10,24,24,24,1.0,high,True,True,True,True,True,2.1230833333333337,2.0815,0.2897969178980142,1.618,2.646,1.7724,1.95575,2.3305,2.4902,24,0,0,0,0.0,23.0,0,100.0,100.0,100.0,100.0,0,24,24,reported_gmt_minus_4_unconverted,1
2024-01-11,24,24,24,1.0,high,True,True,True,True,True,1.9541666666666668,1.9385,0.5853438726726046,1.162,3.072,1.2750000000000001,1.4275,2.4495,2.6639999999999997,24,0,0,0,0.0,23.0,0,100.0,100.0,100.0,100.0,0,24,24,reported_gmt_minus_4_unconverted,1
2024-01-12,24,24,24,1.0,high,True,True,True,True,True,2.672,2.4285,0.9977907334837736,1.61,4.864,1.6507999999999998,1.984,2.8812499999999996,4.4895,24,0,0,0,0.0,23.0,0,100.0,100.0,100.0,100.0,0,24,24,reported_gmt_minus_4_unconverted,1
2024-01-13,24,24,21,0.875,standard,True,True,True,True,False,3.5416190476190472,3.51,0.5903407046943719,2.409,4.806,2.884,3.188,3.967,4.027,21,3,0,0,0.0,23.0,3,0.0,100.0,87.5,100.0,3,21,21,reported_gmt_minus_4_unconverted,1
2024-01-14,24,24,24,1.0,high,True,True,True,True,True,2.9018750000000004,2.9805,0.3993585413700543,1.864,3.502,2.4594,2.72,3.1319999999999997,3.2699,24,0,0,0,0.0,23.0,0,100.0,100.0,100.0,100.0,0,24,24,reported_gmt_minus_4_unconverted,1
2024-01-15,24,24,24,1.0,high,True,True,True,True,True,4.860291666666666,4.4625,1.426581577824558,2.865,7.426,3.2851,3.59525,6.4885,6.708,24,0,0,0,0.0,23.0,0,100.0,100.0,100.0,100.0,0,24,24,reported_gmt_minus_4_unconverted,1
2024-01-16,24,24,24,1.0,high,True,True,True,True,True,5.959499999999999,6.0975,0.5845153324875607,4.6,6.74,5.2303999999999995,5.57025,6.324,6.6948,24,0,0,0,0.0,23.0,0,100.0,100.0,100.0,100.0,0,24,24,reported_gmt_minus_4_unconverted,1
2024-01-17,24,24,24,1.0,high,True,True,True,True,True,5.785,5.905,0.6973979588753314,4.463,7.033,4.8005,5.4185,6.2292499999999995,6.5389,24,0,0,0,0.0,23.0,0,100.0,100.0,100.0,100.0,0,24,24,reported_gmt_minus_4_unconverted,1
2024-01-18,24,24,24,1.0,high,True,True,True,True,True,7.041708333333333,7.3895,1.4051554603507839,4.773,9.239,4.9605999999999995,5.78425,8.177,8.556099999999999,24,0,0,0,0.0,23.0,0,100.0,100.0,100.0,100.0,0,24,24,reported_gmt_minus_4_unconverted,1
2024-01-19,24,24,20,0.833333,standard,True,True,True,True,False,3.7794500000000006,1.686,3.1600571526310626,0.739,8.596,0.8335,1.22725,7.1195,8.2065,20,4,0,0,0.0,23.0,4,0.0,100.0,83.33333333333333,100.0,4,20,20,reported_gmt_minus_4_unconverted,1
2024-01-20,24,24,24,1.0,high,True,True,True,True,True,9.268791666666667,11.309,5.716725468757874,0.556,14.848,0.7062999999999999,2.23725,14.2835,14.676,24,0,0,0,0.0,23.0,0,100.0,100.0,100.0,100.0,0,24,24,reported_gmt_minus_4_unconverted,1
2024-01-21,24,24,24,1.0,high,True,True,True,True,True,8.613625,8.388,3.666117479705199,2.376,13.238,3.3791,5.86425,12.0755,12.937100000000001,24,0,0,0,0.0,23.0,0,100.0,100.0,100.0,100.0,0,24,24,reported_gmt_minus_4_unconverted,1
2024-01-22,24,24,24,1.0,high,True,True,True,True,True,3.261083333333333,2.7744999999999997,1.1034559511969129,2.236,5.942,2.4472,2.6392499999999997,3.38425,5.085999999999999,24,0,0,0,0.0,23.0,0,100.0,100.0,100.0,100.0,0,24,24,reported_gmt_minus_4_unconverted,1
2024-01-23,24,24,24,1.0,high,True,True,True,True,True,2.6172083333333336,2.6295,0.21041511335342863,2.198,2.944,2.3358,2.4835000000000003,2.78875,2.8627000000000002,24,0,0,0,0.0,23.0,0,100.0,100.0,100.0,100.0,0,24,24,reported_gmt_minus_4_unconverted,1
2024-01-24,24,24,24,1.0,high,True,True,True,True,True,2.446458333333333,2.1595,1.194665897598177,1.493,6.51,1.6959,1.85325,2.3882499999999998,3.0543999999999993,24,0,0,0,0.0,23.0,0,100.0,100.0,100.0,100.0,0,24,24,reported_gmt_minus_4_unconverted,1
2024-01-25,24,24,24,1.0,high,True,True,True,True,True,7.520458333333333,6.26,3.9967912888821275,1.684,14.122,2.0082999999999998,4.59725,10.8185,12.3775,24,0,0,0,0.0,23.0,0,100.0,100.0,100.0,100.0,0,24,24,reported_gmt_minus_4_unconverted,1
2024-01-26,24,24,10,0.416667,weak,False,False,False,False,False,3.3326000000000002,2.395,1.7039392399182938,1.797,7.218,2.1552,2.213,4.13175,4.995899999999999,10,14,0,0,0.0,23.0,6,0.0,0.0,41.666666666666664,100.0,14,10,10,reported_gmt_minus_4_unconverted,1
2024-01-27,24,24,24,1.0,high,True,True,True,True,True,1.9487916666666667,2.115,0.47988186763416885,1.197,2.712,1.2821,1.40225,2.3042499999999997,2.4936,24,0,0,0,0.0,23.0,0,100.0,100.0,100.0,100.0,0,24,24,reported_gmt_minus_4_unconverted,1
2024-01-28,24,24,24,1.0,high,True,True,True,True,True,3.930333333333333,3.7035,2.092730682659603,1.101,7.241,1.2428000000000001,2.4747500000000002,4.88475,7.1689,24,0,0,0,0.0,23.0,0,100.0,100.0,100.0,100.0,0,24,24,reported_gmt_minus_4_unconverted,1
2024-01-29,24,24,24,1.0,high,True,True,True,True,True,6.243833333333334,5.343,2.677350323290396,2.206,10.786,3.5941,4.23125,7.931000000000001,10.5504,24,0,0,0,0.0,23.0,0,100.0,100.0,100.0,100.0,0,24,24,reported_gmt_minus_4_unconverted,1
2024-01-30,24,24,24,1.0,high,True,True,True,True,True,8.842,9.1435,2.0552635290670254,4.977,12.673,5.9112,7.37575,9.80925,11.5344,24,0,0,0,0.0,23.0,0,100.0,100.0,100.0,100.0,0,24,24,reported_gmt_minus_4_unconverted,1
2024-01-31,24,24,24,1.0,high,True,True,True,True,True,7.94175,7.814,1.823341968688981,4.192,10.435,5.7255,6.784000000000001,9.777249999999999,10.2232,24,0,0,0,0.0,23.0,0,100.0,100.0,100.0,100.0,0,24,24,reported_gmt_minus_4_unconverted,1
2024-02-01,24,24,24,1.0,high,True,True,True,True,True,6.711708333333333,6.781499999999999,0.9559188831861646,5.22,8.948,5.5496,5.8622499999999995,7.23125,7.6548,24,0,0,0,0.0,23.0,0,100.0,100.0,100.0,100.0,0,24,24,reported_gmt_minus_4_unconverted,1
2024-02-02,24,24,24,1.0,high,True,True,True,True,True,4.49175,4.563,0.8822530076827266,2.572,6.693,3.5243,4.06875,4.938750000000001,5.253299999999999,24,0,0,0,0.0,23.0,0,100.0,100.0,100.0,100.0,0,24,24,reported_gmt_minus_4_unconverted,1
2024-02-03,24,24,24,1.0,high,True,True,True,True,True,3.1946666666666665,3.145,0.48991620105684514,2.384,4.432,2.6255,2.96125,3.35425,3.8619999999999997,24,0,0,0,0.0,23.0,0,100.0,100.0,100.0,100.0,0,24,24,reported_gmt_minus_4_unconverted,1
2024-02-04,24,24,24,1.0,high,True,True,True,True,True,2.0817083333333333,2.001,0.3347374674299984,1.58,2.917,1.7450999999999999,1.88375,2.2169999999999996,2.5452,24,0,0,0,0.0,23.0,0,100.0,100.0,100.0,100.0,0,24,24,reported_gmt_minus_4_unconverted,1
2024-02-05,24,24,15,0.625,partial,False,True,False,False,False,1.2652666666666665,1.243,0.1285909720596205,1.038,1.498,1.1623999999999999,1.1975,1.2895,1.4762,15,9,0,0,0.0,23.0,9,0.0,100.0,62.5,100.0,9,15,15,reported_gmt_minus_4_unconverted,1
2024-02-06,24,24,24,1.0,high,True,True,True,True,True,1.27475,1.2595,0.12059499232519166,1.068,1.633,1.1524,1.20975,1.33525,1.4192,24,0,0,0,0.0,23.0,0,100.0,100.0,100.0,100.0,0,24,24,reported_gmt_minus_4_unconverted,1
2024-02-07,24,24,24,1.0,high,True,True,True,True,True,1.9401666666666666,1.76,0.6598494997488751,1.218,3.318,1.2727,1.345,2.52025,2.7804,24,0,0,0,0.0,23.0,0,100.0,100.0,100.0,100.0,0,24,24,reported_gmt_minus_4_unconverted,1
2024-02-08,24,24,24,1.0,high,True,True,True,True,True,3.8061666666666665,3.801,0.7474171564776269,1.958,4.663,2.7389,3.56675,4.39875,4.5929,24,0,0,0,0.0,23.0,0,100.0,100.0,100.0,100.0,0,24,24,reported_gmt_minus_4_unconverted,1
2024-02-09,24,24,9,0.375,weak,False,False,False,False,False,4.708555555555556,4.926,0.49576610188452563,3.887,5.171,4.079,4.206,5.078,5.1654,9,15,0,0,0.0,8.0,15,0.0,0.0,37.5,100.0,15,9,9,reported_gmt_minus_4_unconverted,1
2024-02-10,24,24,24,1.0,high,True,True,True,True,True,4.941166666666667,5.2995,2.2977108015449272,0.673,8.388,1.6549000000000005,3.55225,6.62425,7.7836,24,0,0,0,0.0,23.0,0,100.0,100.0,100.0,100.0,0,24,24,reported_gmt_minus_4_unconverted,1
2024-02-11,24,24,24,1.0,high,True,True,True,True,True,0.9272083333333333,0.6034999999999999,0.7363010359762576,0.476,3.457,0.5042,0.54825,0.882,1.5959999999999999,24,0,0,0,0.0,23.0,0,100.0,100.0,100.0,100.0,0,24,24,reported_gmt_minus_4_unconverted,1
2024-02-12,24,24,24,1.0,high,True,True,True,True,True,1.3094999999999999,1.1455,0.6536717032671475,0.653,2.645,0.6772,0.882,1.37725,2.5375,24,0,0,0,0.0,23.0,0,100.0,100.0,100.0,100.0,0,24,24,reported_gmt_minus_4_unconverted,1
2024-02-13,24,24,24,1.0,high,True,True,True,True,True,1.336458333333333,1.166,0.668992557258051,0.535,2.312,0.621,0.7144999999999999,2.065,2.2711,24,0,0,0,0.0,23.0,0,100.0,100.0,100.0,100.0,0,24,24,reported_gmt_minus_4_unconverted,1
2024-02-14,24,24,24,1.0,high,True,True,True,True,True,1.5680416666666666,1.5785,0.3336042277866116,0.884,2.154,1.1957,1.365,1.82325,1.9464,24,0,0,0,0.0,23.0,0,100.0,100.0,100.0,100.0,0,24,24,reported_gmt_minus_4_unconverted,1
2024-02-15,24,24,24,1.0,high,True,True,True,True,True,2.0250416666666666,1.675,0.910445112313879,0.908,4.284,1.1364,1.38875,2.6477500000000003,3.3265,24,0,0,0,0.0,23.0,0,100.0,100.0,100.0,100.0,0,24,24,reported_gmt_minus_4_unconverted,1
2024-02-16,24,24,24,1.0,high,True,True,True,True,True,1.2665833333333332,1.232,0.44018473559322263,0.404,2.409,0.7577,1.041,1.51675,1.7494999999999998,24,0,0,0,0.0,23.0,0,100.0,100.0,100.0,100.0,0,24,24,reported_gmt_minus_4_unconverted,1
2024-02-17,24,24,24,1.0,high,True,True,True,True,True,0.8134583333333335,0.776,0.281711072950973,0.506,1.849,0.5496,0.633,0.84075,1.0953,24,0,0,0,0.0,23.0,0,100.0,100.0,100.0,100.0,0,24,24,reported_gmt_minus_4_unconverted,1
2024-02-18,24,24,24,1.0,high,True,True,True,True,True,1.0622083333333334,1.0150000000000001,0.38366345976952093,0.586,1.919,0.6686000000000001,0.7152499999999999,1.3615,1.5806,24,0,0,0,0.0,23.0,0,100.0,100.0,100.0,100.0,0,24,24,reported_gmt_minus_4_unconverted,1
2024-02-19,24,24,24,1.0,high,True,True,True,True,True,1.8447083333333334,1.4565000000000001,0.6742046830971622,1.188,3.181,1.2712,1.34575,2.2872500000000002,2.925,24,0,0,0,0.0,23.0,0,100.0,100.0,100.0,100.0,0,24,24,reported_gmt_minus_4_unconverted,1
2024-02-20,24,24,24,1.0,high,True,True,True,True,True,2.9902083333333334,2.7729999999999997,0.6889911325968583,1.988,4.226,2.0951,2.49325,3.56325,3.8552999999999997,24,0,0,0,0.0,23.0,0,100.0,100.0,100.0,100.0,0,24,24,reported_gmt_minus_4_unconverted,1
2024-02-21,24,24,24,1.0,high,True,True,True,True,True,4.159416666666666,3.9545000000000003,1.1129096184509233,2.46,7.009,2.9693,3.4295,4.89375,5.6581,24,0,0,0,0.0,23.0,0,100.0,100.0,100.0,100.0,0,24,24,reported_gmt_minus_4_unconverted,1
2024-02-22,24,24,24,1.0,high,True,True,True,True,True,5.986125,6.0585,2.126177265964517,3.361,9.733,3.6832,3.712,7.4875,8.7678,24,0,0,0,0.0,23.0,0,100.0,100.0,100.0,100.0,0,24,24,reported_gmt_minus_4_unconverted,1
2024-02-23,24,24,24,1.0,high,True,True,True,True,True,6.450833333333333,6.3745,1.1757509225529266,4.82,9.22,5.1398,5.42375,7.087,7.9085,24,0,0,0,0.0,23.0,0,100.0,100.0,100.0,100.0,0,24,24,reported_gmt_minus_4_unconverted,1
2024-02-24,24,24,24,1.0,high,True,True,True,True,True,5.234875,5.0045,0.9575506485639375,3.929,7.893,4.1522,4.63275,5.71125,6.4138,24,0,0,0,0.0,23.0,0,100.0,100.0,100.0,100.0,0,24,24,reported_gmt_minus_4_unconverted,1
2024-02-25,24,24,24,1.0,high,True,True,True,True,True,3.567458333333333,3.525,0.5734723357996759,2.686,5.444,2.9811,3.22125,3.7715,4.005,24,0,0,0,0.0,23.0,0,100.0,100.0,100.0,100.0,0,24,24,reported_gmt_minus_4_unconverted,1
2024-02-26,24,24,24,1.0,high,True,True,True,True,True,1.6805416666666666,1.5565,0.7394746066232294,0.658,3.221,0.7512,1.2257500000000001,2.0525,2.844,24,0,0,0,0.0,23.0,0,100.0,100.0,100.0,100.0,0,24,24,reported_gmt_minus_4_unconverted,1
2024-02-27,24,24,24,1.0,high,True,True,True,True,True,0.47537499999999994,0.453,0.08776738648515621,0.372,0.701,0.4016,0.41374999999999995,0.49575,0.5962999999999999,24,0,0,0,0.0,23.0,0,100.0,100.0,100.0,100.0,0,24,24,reported_gmt_minus_4_unconverted,1
2024-02-28,24,24,24,1.0,high,True,True,True,True,True,0.41887500000000005,0.41100000000000003,0.08262924658560278,0.291,0.649,0.33530000000000004,0.3645,0.473,0.504,24,0,0,0,0.0,23.0,0,100.0,100.0,100.0,100.0,0,24,24,reported_gmt_minus_4_unconverted,1
2024-02-29,24,24,24,1.0,high,True,True,True,True,True,0.5865,0.6165,0.08988736913735312,0.384,0.747,0.4491,0.53825,0.64475,0.6721,24,0,0,0,0.0,23.0,0,100.0,100.0,100.0,100.0,0,24,24,reported_gmt_minus_4_unconverted,1
2024-03-01,24,24,24,1.0,high,True,True,True,True,True,0.9314583333333334,0.887,0.31210031541806865,0.555,1.789,0.5956,0.7315,1.0054999999999998,1.3816999999999997,24,0,0,0,0.0,23.0,0,100.0,100.0,100.0,100.0,0,24,24,reported_gmt_minus_4_unconverted,1
2024-03-02,24,24,24,1.0,high,True,True,True,True,True,1.669125,1.4865,0.9444799034619414,0.534,3.278,0.6872,0.8077500000000001,2.55375,2.9311000000000003,24,0,0,0,0.0,23.0,0,100.0,100.0,100.0,100.0,0,24,24,reported_gmt_minus_4_unconverted,1
2024-03-03,24,24,24,1.0,high,True,True,True,True,True,1.950458333333333,1.9445,0.42075997279939187,1.245,2.793,1.3967,1.6492499999999999,2.24225,2.4832,24,0,0,0,0.0,23.0,0,100.0,100.0,100.0,100.0,0,24,24,reported_gmt_minus_4_unconverted,1
2024-03-04,24,24,24,1.0,high,True,True,True,True,True,1.2645,1.127,0.37998638419542485,0.883,2.57,0.9827,1.027,1.352,1.6364999999999998,24,0,0,0,0.0,23.0,0,100.0,100.0,100.0,100.0,0,24,24,reported_gmt_minus_4_unconverted,1
2024-03-05,24,24,24,1.0,high,True,True,True,True,True,0.97625,0.927,0.24332198206598954,0.642,1.512,0.6759000000000001,0.81125,1.1455,1.2345,24,0,0,0,0.0,23.0,0,100.0,100.0,100.0,100.0,0,24,24,reported_gmt_minus_4_unconverted,1
2024-03-06,24,24,24,1.0,high,True,True,True,True,True,0.7817083333333333,0.7895000000000001,0.14849373553370399,0.538,1.156,0.6278,0.6845,0.849,0.9214,24,0,0,0,0.0,23.0,0,100.0,100.0,100.0,100.0,0,24,24,reported_gmt_minus_4_unconverted,1
2024-03-07,24,24,24,1.0,high,True,True,True,True,True,0.6740833333333333,0.654,0.06932401344829733,0.585,0.87,0.6031,0.628,0.7092499999999999,0.75,24,0,0,0,0.0,23.0,0,100.0,100.0,100.0,100.0,0,24,24,reported_gmt_minus_4_unconverted,1
2024-03-08,24,24,24,1.0,high,True,True,True,True,True,0.7323333333333334,0.74,0.08515084654110414,0.607,0.904,0.6245,0.6627500000000001,0.8025,0.8338,24,0,0,0,0.0,23.0,0,100.0,100.0,100.0,100.0,0,24,24,reported_gmt_minus_4_unconverted,1
2024-03-09,24,24,24,1.0,high,True,True,True,True,True,0.9781666666666666,0.902,0.2202679527632033,0.72,1.378,0.7475,0.77325,1.157,1.2861,24,0,0,0,0.0,23.0,0,100.0,100.0,100.0,100.0,0,24,24,reported_gmt_minus_4_unconverted,1
2024-03-10,24,24,24,1.0,high,True,True,True,True,True,1.22575,1.0655000000000001,0.4384854615605859,0.741,2.07,0.8164,0.9127500000000001,1.51625,1.9712,24,0,0,0,0.0,23.0,0,100.0,100.0,100.0,100.0,0,24,24,reported_gmt_minus_4_unconverted,1
2024-03-11,24,24,24,1.0,high,True,True,True,True,True,1.528333333333333,1.5485,0.35439521866765183,0.939,2.045,1.1361999999999999,1.222,1.83975,1.9645,24,0,0,0,0.0,23.0,0,100.0,100.0,100.0,100.0,0,24,24,reported_gmt_minus_4_unconverted,1
2024-03-12,24,24,24,1.0,high,True,True,True,True,True,1.547291666666667,1.521,0.45207074082508913,0.926,2.186,0.9708,1.139,1.971,2.0799,24,0,0,0,0.0,23.0,0,100.0,100.0,100.0,100.0,0,24,24,reported_gmt_minus_4_unconverted,1
2024-03-13,24,24,20,0.833333,standard,True,True,True,True,False,1.6784,1.821,0.3493682117314354,0.982,2.064,1.1763000000000001,1.39875,1.93625,1.9882000000000002,20,4,0,0,0.0,23.0,4,0.0,100.0,83.33333333333333,100.0,4,20,20,reported_gmt_minus_4_unconverted,1
2024-03-14,24,24,24,1.0,high,True,True,True,True,True,1.4633333333333332,1.351,0.40543606869283527,0.879,2.366,1.0223,1.15075,1.7192500000000002,1.9333,24,0,0,0,0.0,23.0,0,100.0,100.0,100.0,100.0,0,24,24,reported_gmt_minus_4_unconverted,1
2024-03-15,24,24,21,0.875,standard,True,True,True,True,False,2.433095238095238,2.438,1.1625067700775726,0.981,4.805,1.161,1.314,3.244,4.054,21,3,0,0,0.0,23.0,3,0.0,100.0,87.5,100.0,3,21,21,reported_gmt_minus_4_unconverted,1
2024-03-16,24,24,24,1.0,high,True,True,True,True,True,3.1831666666666667,2.6515,1.3737756815391682,1.478,5.864,1.9085,2.12075,4.0085,5.2758,24,0,0,0,0.0,23.0,0,100.0,100.0,100.0,100.0,0,24,24,reported_gmt_minus_4_unconverted,1
2024-03-17,24,24,24,1.0,high,True,True,True,True,True,3.735625,3.547,0.947561300644059,2.292,5.842,2.7109,3.12275,4.10325,5.1411,24,0,0,0,0.0,23.0,0,100.0,100.0,100.0,100.0,0,24,24,reported_gmt_minus_4_unconverted,1
2024-03-18,24,24,24,1.0,high,True,True,True,True,True,3.2083333333333335,3.1765,0.6082266215716029,2.151,4.383,2.3559,2.8922499999999998,3.5820000000000003,3.9743,24,0,0,0,0.0,23.0,0,100.0,100.0,100.0,100.0,0,24,24,reported_gmt_minus_4_unconverted,1
2024-03-19,24,24,24,1.0,high,True,True,True,True,True,3.0420833333333337,3.0645,0.34655132208747913,2.432,3.679,2.6412,2.7319999999999998,3.2262500000000003,3.554,24,0,0,0,0.0,23.0,0,100.0,100.0,100.0,100.0,0,24,24,reported_gmt_minus_4_unconverted,1
2024-03-20,24,24,24,1.0,high,True,True,True,True,True,2.422625,2.3585,0.6500918873178788,1.442,3.959,1.688,1.82725,2.7935,3.2028,24,0,0,0,0.0,23.0,0,100.0,100.0,100.0,100.0,0,24,24,reported_gmt_minus_4_unconverted,1
2024-03-21,24,24,24,1.0,high,True,True,True,True,True,1.3122916666666666,1.3485,0.3271113996081812,0.872,2.059,0.8988,1.041,1.4184999999999999,1.7749999999999997,24,0,0,0,0.0,23.0,0,100.0,100.0,100.0,100.0,0,24,24,reported_gmt_minus_4_unconverted,1
2024-03-22,24,24,24,1.0,high,True,True,True,True,True,2.4423333333333335,2.0965,1.0595630217695637,1.146,5.129,1.2361,1.546,3.3697500000000002,3.5715,24,0,0,0,0.0,23.0,0,100.0,100.0,100.0,100.0,0,24,24,reported_gmt_minus_4_unconverted,1
2024-03-23,24,24,24,1.0,high,True,True,True,True,True,3.140875,3.05,0.36596796159369405,2.656,3.797,2.729,2.83325,3.435,3.651,24,0,0,0,0.0,23.0,0,100.0,100.0,100.0,100.0,0,24,24,reported_gmt_minus_4_unconverted,1
2024-03-24,24,24,24,1.0,high,True,True,True,True,True,2.032958333333333,1.9665,0.6553638537462236,1.257,3.632,1.3001,1.406,2.3865,2.8845,24,0,0,0,0.0,23.0,0,100.0,100.0,100.0,100.0,0,24,24,reported_gmt_minus_4_unconverted,1
2024-03-25,24,24,0,0.0,missing,False,False,False,False,False,,,,,,,,,,0,24,0,0,,,24,0.0,0.0,0.0,0.0,24,0,0,reported_gmt_minus_4_unconverted,1
2024-03-26,24,24,1,0.041667,weak,False,False,False,False,False,4.528,4.528,,4.528,4.528,4.528,4.528,4.528,4.528,1,23,0,0,0.0,0.0,23,0.0,0.0,4.166666666666667,100.0,23,1,1,reported_gmt_minus_4_unconverted,1
2024-03-27,24,24,0,0.0,missing,False,False,False,False,False,,,,,,,,,,0,24,0,0,,,24,0.0,0.0,0.0,0.0,24,0,0,reported_gmt_minus_4_unconverted,1
2024-03-28,24,24,0,0.0,missing,False,False,False,False,False,,,,,,,,,,0,24,0,0,,,24,0.0,0.0,0.0,0.0,24,0,0,reported_gmt_minus_4_unconverted,1
2024-03-29,24,24,0,0.0,missing,False,False,False,False,False,,,,,,,,,,0,24,0,0,,,24,0.0,0.0,0.0,0.0,24,0,0,reported_gmt_minus_4_unconverted,1
2024-03-30,24,24,0,0.0,missing,False,False,False,False,False,,,,,,,,,,0,24,0,0,,,24,0.0,0.0,0.0,0.0,24,0,0,reported_gmt_minus_4_unconverted,1
2024-03-31,24,24,0,0.0,missing,False,False,False,False,False,,,,,,,,,,0,24,0,0,,,24,0.0,0.0,0.0,0.0,24,0,0,reported_gmt_minus_4_unconverted,1
2024-04-01,24,24,0,0.0,missing,False,False,False,False,False,,,,,,,,,,0,24,0,0,,,24,0.0,0.0,0.0,0.0,24,0,0,reported_gmt_minus_4_unconverted,1
2024-04-02,24,24,0,0.0,missing,False,False,False,False,False,,,,,,,,,,0,24,0,0,,,24,0.0,0.0,0.0,0.0,24,0,0,reported_gmt_minus_4_unconverted,1
2024-04-03,24,24,0,0.0,missing,False,False,False,False,False,,,,,,,,,,0,24,0,0,,,24,0.0,0.0,0.0,0.0,24,0,0,reported_gmt_minus_4_unconverted,1
2024-04-04,24,24,0,0.0,missing,False,False,False,False,False,,,,,,,,,,0,24,0,0,,,24,0.0,0.0,0.0,0.0,24,0,0,reported_gmt_minus_4_unconverted,1
2024-04-05,24,24,0,0.0,missing,False,False,False,False,False,,,,,,,,,,0,24,0,0,,,24,0.0,0.0,0.0,0.0,24,0,0,reported_gmt_minus_4_unconverted,1
2024-04-06,24,24,0,0.0,missing,False,False,False,False,False,,,,,,,,,,0,24,0,0,,,24,0.0,0.0,0.0,0.0,24,0,0,reported_gmt_minus_4_unconverted,1
2024-04-07,24,24,0,0.0,missing,False,False,False,False,False,,,,,,,,,,0,24,0,0,,,24,0.0,0.0,0.0,0.0,24,0,0,reported_gmt_minus_4_unconverted,1
2024-04-08,24,24,0,0.0,missing,False,False,False,False,False,,,,,,,,,,0,24,0,0,,,24,0.0,0.0,0.0,0.0,24,0,0,reported_gmt_minus_4_unconverted,1
2024-04-09,24,24,0,0.0,missing,False,False,False,False,False,,,,,,,,,,0,24,0,0,,,24,0.0,0.0,0.0,0.0,24,0,0,reported_gmt_minus_4_unconverted,1
2024-04-10,24,24,0,0.0,missing,False,False,False,False,False,,,,,,,,,,0,24,0,0,,,24,0.0,0.0,0.0,0.0,24,0,0,reported_gmt_minus_4_unconverted,1
2024-04-11,24,24,0,0.0,missing,False,False,False,False,False,,,,,,,,,,0,24,0,0,,,24,0.0,0.0,0.0,0.0,24,0,0,reported_gmt_minus_4_unconverted,1
2024-04-12,24,24,0,0.0,missing,False,False,False,False,False,,,,,,,,,,0,24,0,0,,,24,0.0,0.0,0.0,0.0,24,0,0,reported_gmt_minus_4_unconverted,1
2024-04-13,24,24,0,0.0,missing,False,False,False,False,False,,,,,,,,,,0,24,0,0,,,24,0.0,0.0,0.0,0.0,24,0,0,reported_gmt_minus_4_unconverted,1
2024-04-14,24,24,0,0.0,missing,False,False,False,False,False,,,,,,,,,,0,24,0,0,,,24,0.0,0.0,0.0,0.0,24,0,0,reported_gmt_minus_4_unconverted,1
2024-04-15,24,24,0,0.0,missing,False,False,False,False,False,,,,,,,,,,0,24,0,0,,,24,0.0,0.0,0.0,0.0,24,0,0,reported_gmt_minus_4_unconverted,1
2024-04-16,24,24,0,0.0,missing,False,False,False,False,False,,,,,,,,,,0,24,0,0,,,24,0.0,0.0,0.0,0.0,24,0,0,reported_gmt_minus_4_unconverted,1
2024-04-17,24,24,0,0.0,missing,False,False,False,False,False,,,,,,,,,,0,24,0,0,,,24,0.0,0.0,0.0,0.0,24,0,0,reported_gmt_minus_4_unconverted,1
2024-04-18,24,24,0,0.0,missing,False,False,False,False,False,,,,,,,,,,0,24,0,0,,,24,0.0,0.0,0.0,0.0,24,0,0,reported_gmt_minus_4_unconverted,1
2024-04-19,24,24,0,0.0,missing,False,False,False,False,False,,,,,,,,,,0,24,0,0,,,24,0.0,0.0,0.0,0.0,24,0,0,reported_gmt_minus_4_unconverted,1
2024-04-20,24,24,0,0.0,missing,False,False,False,False,False,,,,,,,,,,0,24,0,0,,,24,0.0,0.0,0.0,0.0,24,0,0,reported_gmt_minus_4_unconverted,1
2024-04-21,24,24,0,0.0,missing,False,False,False,False,False,,,,,,,,,,0,24,0,0,,,24,0.0,0.0,0.0,0.0,24,0,0,reported_gmt_minus_4_unconverted,1
2024-04-22,24,24,0,0.0,missing,False,False,False,False,False,,,,,,,,,,0,24,0,0,,,24,0.0,0.0,0.0,0.0,24,0,0,reported_gmt_minus_4_unconverted,1
2024-04-23,24,24,0,0.0,missing,False,False,False,False,False,,,,,,,,,,0,24,0,0,,,24,0.0,0.0,0.0,0.0,24,0,0,reported_gmt_minus_4_unconverted,1
2024-04-24,24,24,0,0.0,missing,False,False,False,False,False,,,,,,,,,,0,24,0,0,,,24,0.0,0.0,0.0,0.0,24,0,0,reported_gmt_minus_4_unconverted,1
2024-04-25,24,24,0,0.0,missing,False,False,False,False,False,,,,,,,,,,0,24,0,0,,,24,0.0,0.0,0.0,0.0,24,0,0,reported_gmt_minus_4_unconverted,1
2024-04-26,24,24,0,0.0,missing,False,False,False,False,False,,,,,,,,,,0,24,0,0,,,24,0.0,0.0,0.0,0.0,24,0,0,reported_gmt_minus_4_unconverted,1
2024-04-27,24,24,0,0.0,missing,False,False,False,False,False,,,,,,,,,,0,24,0,0,,,24,0.0,0.0,0.0,0.0,24,0,0,reported_gmt_minus_4_unconverted,1
2024-04-28,24,24,0,0.0,missing,False,False,False,False,False,,,,,,,,,,0,24,0,0,,,24,0.0,0.0,0.0,0.0,24,0,0,reported_gmt_minus_4_unconverted,1
2024-04-29,24,24,0,0.0,missing,False,False,False,False,False,,,,,,,,,,0,24,0,0,,,24,0.0,0.0,0.0,0.0,24,0,0,reported_gmt_minus_4_unconverted,1
2024-04-30,24,24,0,0.0,missing,False,False,False,False,False,,,,,,,,,,0,24,0,0,,,24,0.0,0.0,0.0,0.0,24,0,0,reported_gmt_minus_4_unconverted,1
2024-05-01,24,24,0,0.0,missing,False,False,False,False,False,,,,,,,,,,0,24,0,0,,,24,0.0,0.0,0.0,0.0,24,0,0,reported_gmt_minus_4_unconverted,1
2024-05-02,24,24,0,0.0,missing,False,False,False,False,False,,,,,,,,,,0,24,0,0,,,24,0.0,0.0,0.0,0.0,24,0,0,reported_gmt_minus_4_unconverted,1
2024-05-03,24,24,0,0.0,missing,False,False,False,False,False,,,,,,,,,,0,24,0,0,,,24,0.0,0.0,0.0,0.0,24,0,0,reported_gmt_minus_4_unconverted,1
2024-05-04,24,24,0,0.0,missing,False,False,False,False,False,,,,,,,,,,0,24,0,0,,,24,0.0,0.0,0.0,0.0,24,0,0,reported_gmt_minus_4_unconverted,1
2024-05-05,24,24,0,0.0,missing,False,False,False,False,False,,,,,,,,,,0,24,0,0,,,24,0.0,0.0,0.0,0.0,24,0,0,reported_gmt_minus_4_unconverted,1
2024-05-06,24,24,0,0.0,missing,False,False,False,False,False,,,,,,,,,,1,23,1,1,,,24,0.0,0.0,4.166666666666667,100.0,23,1,1,reported_gmt_minus_4_unconverted,1
2024-05-07,24,24,24,1.0,high,True,True,True,True,True,10.838583333333334,10.256,3.1486035954767746,5.727,15.826,7.176,8.32925,14.277999999999999,14.7121,24,0,0,0,0.0,23.0,0,100.0,100.0,100.0,100.0,0,24,24,reported_gmt_minus_4_unconverted,1
2024-05-08,24,24,24,1.0,high,True,True,True,True,True,9.555291666666667,10.6415,3.295078022156903,3.4,13.683,4.1926000000000005,7.781499999999999,12.18625,12.7514,24,0,0,0,0.0,23.0,0,100.0,100.0,100.0,100.0,0,24,24,reported_gmt_minus_4_unconverted,1
2024-05-09,24,24,24,1.0,high,True,True,True,True,True,8.601708333333333,9.249,3.806381020923848,2.053,13.569,3.3269,5.1335,12.28825,12.898,24,0,0,0,0.0,23.0,0,100.0,100.0,100.0,100.0,0,24,24,reported_gmt_minus_4_unconverted,1
2024-05-10,24,24,24,1.0,high,True,True,True,True,True,11.195416666666667,11.0935,4.123691833852247,4.223,16.927,6.0356,7.5024999999999995,14.94575,16.3278,24,0,0,0,0.0,23.0,0,100.0,100.0,100.0,100.0,0,24,24,reported_gmt_minus_4_unconverted,1
2024-05-11,24,24,24,1.0,high,True,True,True,True,True,9.071625000000001,9.846,2.375095582744811,4.072,12.556,6.7771,6.93575,10.686,11.5714,24,0,0,0,0.0,23.0,0,100.0,100.0,100.0,100.0,0,24,24,reported_gmt_minus_4_unconverted,1
2024-05-12,24,24,24,1.0,high,True,True,True,True,True,4.577125,4.4145,2.800720998980519,0.867,10.693,1.3681,2.07425,6.943,8.370899999999999,24,0,0,0,0.0,23.0,0,100.0,100.0,100.0,100.0,0,24,24,reported_gmt_minus_4_unconverted,1
2024-05-13,24,24,24,1.0,high,True,True,True,True,True,3.8350833333333334,2.1605,3.5470114415753815,0.472,11.709,0.6973,0.874,5.7052499999999995,9.354799999999997,24,0,0,0,0.0,23.0,0,100.0,100.0,100.0,100.0,0,24,24,reported_gmt_minus_4_unconverted,1
2024-05-14,24,24,24,1.0,high,True,True,True,True,True,4.506291666666666,2.8579999999999997,3.4493456906840434,0.725,10.698,0.9509000000000001,2.0564999999999998,7.482,10.0162,24,0,0,0,0.0,23.0,0,100.0,100.0,100.0,100.0,0,24,24,reported_gmt_minus_4_unconverted,1
2024-05-15,24,24,24,1.0,high,True,True,True,True,True,5.005791666666666,4.547499999999999,2.4054326191238298,1.931,9.751,2.4618,3.1535,6.4022499999999996,8.8074,24,0,0,0,0.0,23.0,0,100.0,100.0,100.0,100.0,0,24,24,reported_gmt_minus_4_unconverted,1
2024-05-16,24,24,24,1.0,high,True,True,True,True,True,7.147000000000001,7.9815000000000005,2.594097631497151,2.24,10.063,3.5077,5.1499999999999995,9.247,9.9134,24,0,0,0,0.0,23.0,0,100.0,100.0,100.0,100.0,0,24,24,reported_gmt_minus_4_unconverted,1
2024-05-17,24,24,24,1.0,high,True,True,True,True,True,8.376666666666667,8.6385,2.629793423308257,3.755,12.608,4.6749,6.5569999999999995,10.49175,10.995899999999999,24,0,0,0,0.0,23.0,0,100.0,100.0,100.0,100.0,0,24,24,reported_gmt_minus_4_unconverted,1
2024-05-18,24,24,24,1.0,high,True,True,True,True,True,8.0895,8.7985,2.7955799740490965,3.225,11.234,3.8461000000000003,5.5169999999999995,10.55725,10.8338,24,0,0,0,0.0,23.0,0,100.0,100.0,100.0,100.0,0,24,24,reported_gmt_minus_4_unconverted,1
2024-05-19,24,24,24,1.0,high,True,True,True,True,True,8.31625,8.836,3.0647792920038555,2.276,12.528,3.8087,6.60225,10.844249999999999,11.577399999999999,24,0,0,0,0.0,23.0,0,100.0,100.0,100.0,100.0,0,24,24,reported_gmt_minus_4_unconverted,1
2024-05-20,24,24,24,1.0,high,True,True,True,True,True,10.699250000000001,10.776,3.2583922048871843,3.92,16.389,6.0284,9.20375,12.37425,14.806099999999999,24,0,0,0,0.0,23.0,0,100.0,100.0,100.0,100.0,0,24,24,reported_gmt_minus_4_unconverted,1
2024-05-21,24,24,24,1.0,high,True,True,True,True,True,9.762125,9.68,2.8768260486394435,5.265,14.903,5.9135,7.30625,12.155000000000001,13.2586,24,0,0,0,0.0,23.0,0,100.0,100.0,100.0,100.0,0,24,24,reported_gmt_minus_4_unconverted,1
2024-05-22,24,24,24,1.0,high,True,True,True,True,True,13.047583333333334,14.2255,3.5210239113158504,4.652,17.296,8.0405,12.005749999999999,15.233,16.2129,24,0,0,0,0.0,23.0,0,100.0,100.0,100.0,100.0,0,24,24,reported_gmt_minus_4_unconverted,1
2024-05-23,24,24,24,1.0,high,True,True,True,True,True,11.250583333333333,11.0915,2.8487206574281676,5.43,16.7,7.9011000000000005,9.355,13.57825,14.886999999999999,24,0,0,0,0.0,23.0,0,100.0,100.0,100.0,100.0,0,24,24,reported_gmt_minus_4_unconverted,1
2024-05-24,24,24,24,1.0,high,True,True,True,True,True,6.766291666666667,6.215,2.650035019935408,3.473,12.272,3.9725,4.7025,7.3942499999999995,11.0124,24,0,0,0,0.0,23.0,0,100.0,100.0,100.0,100.0,0,24,24,reported_gmt_minus_4_unconverted,1
2024-05-25,24,24,24,1.0,high,True,True,True,True,True,10.231958333333333,10.960999999999999,2.1874466846504865,5.601,13.339,6.914,8.66575,11.64325,12.6183,24,0,0,0,0.0,23.0,0,100.0,100.0,100.0,100.0,0,24,24,reported_gmt_minus_4_unconverted,1
2024-05-26,24,24,24,1.0,high,True,True,True,True,True,7.030374999999999,6.9745,2.9401450394939483,1.411,12.226,2.8539000000000008,5.5365,8.124,11.1975,24,0,0,0,0.0,23.0,0,100.0,100.0,100.0,100.0,0,24,24,reported_gmt_minus_4_unconverted,1
2024-05-27,24,24,24,1.0,high,True,True,True,True,True,2.73775,1.568,2.3177568475463137,0.809,7.951,1.0032,1.27325,2.9712500000000004,6.9719999999999995,24,0,0,0,0.0,23.0,0,100.0,100.0,100.0,100.0,0,24,24,reported_gmt_minus_4_unconverted,1
2024-05-28,24,24,24,1.0,high,True,True,True,True,True,3.015333333333333,2.7039999999999997,1.265967499640069,0.947,5.541,1.6509,2.12325,3.87875,4.835399999999999,24,0,0,0,0.0,23.0,0,100.0,100.0,100.0,100.0,0,24,24,reported_gmt_minus_4_unconverted,1
2024-05-29,24,24,24,1.0,high,True,True,True,True,True,2.3502499999999995,2.2615,0.6863988097942453,1.472,3.61,1.5568,1.64675,2.789,3.356,24,0,0,0,0.0,23.0,0,100.0,100.0,100.0,100.0,0,24,24,reported_gmt_minus_4_unconverted,1
2024-05-30,24,24,24,1.0,high,True,True,True,True,True,1.9883750000000002,1.923,0.6690644222247635,0.941,3.522,1.2813,1.5285,2.2417499999999997,3.0084,24,0,0,0,0.0,23.0,0,100.0,100.0,100.0,100.0,0,24,24,reported_gmt_minus_4_unconverted,1
2024-05-31,24,24,24,1.0,high,True,True,True,True,True,2.048875,1.642,1.0127927944872126,0.06,3.467,1.2559,1.29325,3.12575,3.3223,24,0,0,0,0.0,23.0,0,100.0,100.0,100.0,100.0,0,24,24,reported_gmt_minus_4_unconverted,1
2024-06-01,24,24,24,1.0,high,True,True,True,True,True,1.8178750000000001,1.831,0.526137385967813,0.754,2.998,1.1843,1.5034999999999998,2.03025,2.4242,24,0,0,0,0.0,23.0,0,100.0,100.0,100.0,100.0,0,24,24,reported_gmt_minus_4_unconverted,1
2024-06-02,24,24,24,1.0,high,True,True,True,True,True,2.0076666666666667,2.0774999999999997,0.5074729092505219,1.187,3.11,1.316,1.6212499999999999,2.4052499999999997,2.5698,24,0,0,0,0.0,23.0,0,100.0,100.0,100.0,100.0,0,24,24,reported_gmt_minus_4_unconverted,1
2024-06-03,24,24,24,1.0,high,True,True,True,True,True,1.8641666666666665,1.827,0.13713042559253003,1.629,2.187,1.7437,1.782,1.912,2.0176,24,0,0,0,0.0,23.0,0,100.0,100.0,100.0,100.0,0,24,24,reported_gmt_minus_4_unconverted,1
2024-06-04,24,24,24,1.0,high,True,True,True,True,True,1.4357499999999999,1.4815,0.1679679705492532,1.158,1.718,1.1838,1.2905,1.53625,1.6405999999999998,24,0,0,0,0.0,23.0,0,100.0,100.0,100.0,100.0,0,24,24,reported_gmt_minus_4_unconverted,1
2024-06-05,24,24,24,1.0,high,True,True,True,True,True,1.1779583333333334,1.1855,0.16232374499254815,0.925,1.442,0.9460999999999999,1.05275,1.306,1.3791,24,0,0,0,0.0,23.0,0,100.0,100.0,100.0,100.0,0,24,24,reported_gmt_minus_4_unconverted,1
2024-06-06,24,24,24,1.0,high,True,True,True,True,True,1.003375,1.012,0.1984907866660424,0.692,1.304,0.746,0.858,1.15475,1.2676,24,0,0,0,0.0,23.0,0,100.0,100.0,100.0,100.0,0,24,24,reported_gmt_minus_4_unconverted,1
2024-06-07,24,24,24,1.0,high,True,True,True,True,True,1.046875,1.0625,0.1663412711213332,0.728,1.247,0.8293999999999999,0.915,1.21625,1.235,24,0,0,0,0.0,23.0,0,100.0,100.0,100.0,100.0,0,24,24,reported_gmt_minus_4_unconverted,1
2024-06-08,24,24,24,1.0,high,True,True,True,True,True,1.3770416666666667,1.238,0.3132517364075079,1.033,1.873,1.057,1.12275,1.6844999999999999,1.8319,24,0,0,0,0.0,23.0,0,100.0,100.0,100.0,100.0,0,24,24,reported_gmt_minus_4_unconverted,1
2024-06-09,24,24,24,1.0,high,True,True,True,True,True,1.7553750000000001,1.76,0.3567273727628157,1.144,2.543,1.2992000000000001,1.501,2.0095,2.0807,24,0,0,0,0.0,23.0,0,100.0,100.0,100.0,100.0,0,24,24,reported_gmt_minus_4_unconverted,1
2024-06-10,24,24,24,1.0,high,True,True,True,True,True,1.4254166666666668,1.4540000000000002,0.19289148034168277,1.077,1.752,1.1624,1.2365,1.5835,1.6199999999999999,24,0,0,0,0.0,23.0,0,100.0,100.0,100.0,100.0,0,24,24,reported_gmt_minus_4_unconverted,1
2024-06-11,24,24,24,1.0,high,True,True,True,True,True,1.3783750000000001,1.2389999999999999,0.26526636531082753,1.044,1.821,1.134,1.16775,1.5975,1.7955,24,0,0,0,0.0,23.0,0,100.0,100.0,100.0,100.0,0,24,24,reported_gmt_minus_4_unconverted,1
2024-06-12,24,24,24,1.0,high,True,True,True,True,True,1.5675000000000001,1.5105,0.24079469877163356,1.219,2.129,1.2849,1.4249999999999998,1.657,1.9164999999999999,24,0,0,0,0.0,23.0,0,100.0,100.0,100.0,100.0,0,24,24,reported_gmt_minus_4_unconverted,1
2024-06-13,24,24,24,1.0,high,True,True,True,True,True,1.4989999999999999,1.4545,0.2172684174411718,1.213,1.904,1.2390999999999999,1.32425,1.71925,1.7733999999999999,24,0,0,0,0.0,23.0,0,100.0,100.0,100.0,100.0,0,24,24,reported_gmt_minus_4_unconverted,1
2024-06-14,24,24,24,1.0,high,True,True,True,True,True,1.1272916666666666,1.0939999999999999,0.1598345555408077,0.866,1.504,0.9542999999999999,1.0347499999999998,1.1935,1.3699999999999999,24,0,0,0,0.0,23.0,0,100.0,100.0,100.0,100.0,0,24,24,reported_gmt_minus_4_unconverted,1
2024-06-15,24,24,24,1.0,high,True,True,True,True,True,1.2825833333333334,1.274,0.10422797616039925,1.116,1.529,1.1597,1.219,1.33875,1.4203999999999999,24,0,0,0,0.0,23.0,0,100.0,100.0,100.0,100.0,0,24,24,reported_gmt_minus_4_unconverted,1
2024-06-16,24,24,24,1.0,high,True,True,True,True,True,1.05075,1.0845,0.21904937898743884,0.725,1.397,0.7361,0.8354999999999999,1.235,1.2967,24,0,0,0,0.0,23.0,0,100.0,100.0,100.0,100.0,0,24,24,reported_gmt_minus_4_unconverted,1
2024-06-17,24,24,24,1.0,high,True,True,True,True,True,1.0920416666666666,1.0979999999999999,0.1783629614423711,0.782,1.536,0.8554,0.9592499999999999,1.20475,1.2873999999999999,24,0,0,0,0.0,23.0,0,100.0,100.0,100.0,100.0,0,24,24,reported_gmt_minus_4_unconverted,1
2024-06-18,24,24,24,1.0,high,True,True,True,True,True,1.094625,1.143,0.17388247217714264,0.812,1.335,0.8172999999999999,0.954,1.214,1.2807,24,0,0,0,0.0,23.0,0,100.0,100.0,100.0,100.0,0,24,24,reported_gmt_minus_4_unconverted,1
2024-06-19,24,24,24,1.0,high,True,True,True,True,True,1.0315416666666668,0.9365,0.2489312772576027,0.63,1.455,0.7478,0.8362499999999999,1.2735,1.3453,24,0,0,0,0.0,23.0,0,100.0,100.0,100.0,100.0,0,24,24,reported_gmt_minus_4_unconverted,1
2024-06-20,24,24,24,1.0,high,True,True,True,True,True,1.1049166666666668,1.1244999999999998,0.15953244638403613,0.853,1.387,0.8625,0.9805,1.2145000000000001,1.29,24,0,0,0,0.0,23.0,0,100.0,100.0,100.0,100.0,0,24,24,reported_gmt_minus_4_unconverted,1
2024-06-21,24,24,24,1.0,high,True,True,True,True,True,0.9046249999999999,0.8895,0.11335009733219195,0.702,1.275,0.8114,0.83575,0.92825,1.0335999999999999,24,0,0,0,0.0,23.0,0,100.0,100.0,100.0,100.0,0,24,24,reported_gmt_minus_4_unconverted,1
2024-06-22,24,24,24,1.0,high,True,True,True,True,True,1.3395416666666666,1.342,0.2307856108781607,0.944,1.723,1.0019,1.18375,1.46675,1.6685999999999999,24,0,0,0,0.0,23.0,0,100.0,100.0,100.0,100.0,0,24,24,reported_gmt_minus_4_unconverted,1
2024-06-23,24,24,24,1.0,high,True,True,True,True,True,1.038125,1.005,0.3106446750395615,0.556,1.54,0.6407,0.8212499999999999,1.32625,1.4312,24,0,0,0,0.0,23.0,0,100.0,100.0,100.0,100.0,0,24,24,reported_gmt_minus_4_unconverted,1
2024-06-24,24,24,24,1.0,high,True,True,True,True,True,0.94625,0.8945000000000001,0.27442354601727537,0.631,1.582,0.6455000000000001,0.67625,1.158,1.2702,24,0,0,0,0.0,23.0,0,100.0,100.0,100.0,100.0,0,24,24,reported_gmt_minus_4_unconverted,1
2024-06-25,24,24,24,1.0,high,True,True,True,True,True,0.7523333333333334,0.751,0.19665521951455764,0.446,1.254,0.5164,0.6145,0.89525,0.9217000000000001,24,0,0,0,0.0,23.0,0,100.0,100.0,100.0,100.0,0,24,24,reported_gmt_minus_4_unconverted,1
2024-06-26,24,24,24,1.0,high,True,True,True,True,True,0.7375416666666667,0.6,0.2928930624212406,0.441,1.345,0.497,0.5487500000000001,0.886,1.2291999999999998,24,0,0,0,0.0,23.0,0,100.0,100.0,100.0,100.0,0,24,24,reported_gmt_minus_4_unconverted,1
2024-06-27,24,24,24,1.0,high,True,True,True,True,True,1.18725,1.0975000000000001,0.5822054209417094,0.42,2.558,0.5756,0.707,1.64025,1.9556,24,0,0,0,0.0,23.0,0,100.0,100.0,100.0,100.0,0,24,24,reported_gmt_minus_4_unconverted,1
2024-06-28,24,24,21,0.875,standard,True,True,True,True,False,1.4546666666666668,1.335,0.9275527657946653,0.074,3.195,0.091,0.847,1.92,2.675,21,3,0,0,0.0,23.0,3,0.0,100.0,87.5,100.0,3,21,21,reported_gmt_minus_4_unconverted,1
2024-06-29,24,24,24,1.0,high,True,True,True,True,True,1.7725416666666665,1.3495,1.3337856544818023,0.342,5.04,0.4345,0.76,2.85125,3.3861,24,0,0,0,0.0,23.0,0,100.0,100.0,100.0,100.0,0,24,24,reported_gmt_minus_4_unconverted,1
2024-06-30,24,24,24,1.0,high,True,True,True,True,True,1.777375,1.302,1.1508709674397266,0.618,4.231,0.6916000000000001,0.89575,2.52125,3.5166,24,0,0,0,0.0,23.0,0,100.0,100.0,100.0,100.0,0,24,24,reported_gmt_minus_4_unconverted,1
2024-07-01,24,24,24,1.0,high,True,True,True,True,True,4.161125,3.855,2.618967591354505,1.028,8.187,1.1433000000000002,1.7265000000000001,6.9697499999999994,7.6424,24,0,0,0,0.0,23.0,0,100.0,100.0,100.0,100.0,0,24,24,reported_gmt_minus_4_unconverted,1
2024-07-02,24,24,24,1.0,high,True,True,True,True,True,4.239416666666666,3.899,1.2976842557171724,2.555,6.754,2.7209000000000003,3.32175,5.110250000000001,6.3357,24,0,0,0,0.0,23.0,0,100.0,100.0,100.0,100.0,0,24,24,reported_gmt_minus_4_unconverted,1
2024-07-03,24,24,24,1.0,high,True,True,True,True,True,1.6436666666666666,1.4085,0.5532947690420319,1.013,2.642,1.1382999999999999,1.24375,2.28625,2.4929,24,0,0,0,0.0,23.0,0,100.0,100.0,100.0,100.0,0,24,24,reported_gmt_minus_4_unconverted,1
2024-07-04,24,24,24,1.0,high,True,True,True,True,True,1.4894166666666664,1.379,0.3667763110110038,1.081,2.347,1.1195000000000002,1.20075,1.6625,2.0059,24,0,0,0,0.0,23.0,0,100.0,100.0,100.0,100.0,0,24,24,reported_gmt_minus_4_unconverted,1
2024-07-05,24,24,24,1.0,high,True,True,True,True,True,2.237083333333333,1.905,0.730260520318764,0.969,3.549,1.5687,1.74625,2.88725,3.1346,24,0,0,0,0.0,23.0,0,100.0,100.0,100.0,100.0,0,24,24,reported_gmt_minus_4_unconverted,1
2024-07-06,24,24,24,1.0,high,True,True,True,True,True,2.9367916666666667,2.9225,0.9738281242497108,1.433,5.398,1.6420000000000001,2.22725,3.5505,3.9343999999999997,24,0,0,0,0.0,23.0,0,100.0,100.0,100.0,100.0,0,24,24,reported_gmt_minus_4_unconverted,1
2024-07-07,24,24,24,1.0,high,True,True,True,True,True,2.6437500000000003,1.9849999999999999,1.5672531564880445,1.057,5.913,1.2736,1.61025,3.12825,5.5356,24,0,0,0,0.0,23.0,0,100.0,100.0,100.0,100.0,0,24,24,reported_gmt_minus_4_unconverted,1
2024-07-08,24,24,24,1.0,high,True,True,True,True,True,1.0487499999999998,0.959,0.2313742028384548,0.769,1.464,0.8173,0.8634999999999999,1.309,1.3902999999999999,24,0,0,0,0.0,23.0,0,100.0,100.0,100.0,100.0,0,24,24,reported_gmt_minus_4_unconverted,1
2024-07-09,24,24,24,1.0,high,True,True,True,True,True,4.556375,4.0675,2.8365064215241653,0.987,9.801,1.3046,1.6865,7.2764999999999995,8.024099999999999,24,0,0,0,0.0,23.0,0,100.0,100.0,100.0,100.0,0,24,24,reported_gmt_minus_4_unconverted,1
2024-07-10,24,24,24,1.0,high,True,True,True,True,True,3.3039166666666664,3.3665000000000003,1.1748285320463343,0.964,5.043,1.8498,2.3675,3.97825,4.8296,24,0,0,0,0.0,23.0,0,100.0,100.0,100.0,100.0,0,24,24,reported_gmt_minus_4_unconverted,1
2024-07-11,24,24,24,1.0,high,True,True,True,True,True,3.6514166666666674,3.6639999999999997,0.98524236332628,1.669,5.244,2.1259,3.36775,4.3235,4.8137,24,0,0,0,0.0,23.0,0,100.0,100.0,100.0,100.0,0,24,24,reported_gmt_minus_4_unconverted,1
2024-07-12,24,24,24,1.0,high,True,True,True,True,True,2.8033333333333332,2.8865,0.7177995158312217,1.501,3.948,1.6839,2.4555,3.2584999999999997,3.6148,24,0,0,0,0.0,23.0,0,100.0,100.0,100.0,100.0,0,24,24,reported_gmt_minus_4_unconverted,1
2024-07-13,24,24,24,1.0,high,True,True,True,True,True,1.6458333333333333,1.5379999999999998,0.5513456003401974,0.812,2.652,1.0224,1.241,1.97,2.5009,24,0,0,0,0.0,23.0,0,100.0,100.0,100.0,100.0,0,24,24,reported_gmt_minus_4_unconverted,1
2024-07-14,24,24,24,1.0,high,True,True,True,True,True,2.0770416666666667,1.803,0.7442124217071281,1.2,3.739,1.2685000000000002,1.52925,2.6319999999999997,3.1754,24,0,0,0,0.0,23.0,0,100.0,100.0,100.0,100.0,0,24,24,reported_gmt_minus_4_unconverted,1
2024-07-15,24,24,24,1.0,high,True,True,True,True,True,4.043125,3.173,1.86972784144831,1.358,7.274,1.8952,2.8127500000000003,6.1045,6.4752,24,0,0,0,0.0,23.0,0,100.0,100.0,100.0,100.0,0,24,24,reported_gmt_minus_4_unconverted,1
2024-07-16,24,24,24,1.0,high,True,True,True,True,True,2.733083333333333,2.3449999999999998,1.1479407997410602,1.694,5.81,1.816,1.9500000000000002,2.849,4.5908999999999995,24,0,0,0,0.0,23.0,0,100.0,100.0,100.0,100.0,0,24,24,reported_gmt_minus_4_unconverted,1
2024-07-17,24,24,24,1.0,high,True,True,True,True,True,1.4027083333333332,1.3645,0.22403716290454773,1.136,2.148,1.1993,1.31275,1.3905,1.6787999999999998,24,0,0,0,0.0,23.0,0,100.0,100.0,100.0,100.0,0,24,24,reported_gmt_minus_4_unconverted,1
2024-07-18,24,24,24,1.0,high,True,True,True,True,True,1.8073750000000002,1.7069999999999999,0.3919359766372675,1.323,2.905,1.4141,1.526,2.02725,2.3145999999999995,24,0,0,0,0.0,23.0,0,100.0,100.0,100.0,100.0,0,24,24,reported_gmt_minus_4_unconverted,1
2024-07-19,24,24,24,1.0,high,True,True,True,True,True,2.0688333333333335,2.1435000000000004,0.5083396388299826,1.22,2.994,1.3958000000000002,1.67675,2.3475,2.7723999999999998,24,0,0,0,0.0,23.0,0,100.0,100.0,100.0,100.0,0,24,24,reported_gmt_minus_4_unconverted,1
2024-07-20,24,24,24,1.0,high,True,True,True,True,True,1.5726666666666667,1.6215,0.2693229299181749,1.051,1.97,1.232,1.4055,1.739,1.9262,24,0,0,0,0.0,23.0,0,100.0,100.0,100.0,100.0,0,24,24,reported_gmt_minus_4_unconverted,1
2024-07-21,24,24,24,1.0,high,True,True,True,True,True,1.3896249999999999,1.403,0.20473244735507853,1.05,1.885,1.1277,1.2447499999999998,1.5390000000000001,1.5913,24,0,0,0,0.0,23.0,0,100.0,100.0,100.0,100.0,0,24,24,reported_gmt_minus_4_unconverted,1
2024-07-22,24,24,24,1.0,high,True,True,True,True,True,1.5370000000000001,1.3115,0.5681307259241754,1.016,3.135,1.0917000000000001,1.1545,1.6960000000000002,2.3853999999999997,24,0,0,0,0.0,23.0,0,100.0,100.0,100.0,100.0,0,24,24,reported_gmt_minus_4_unconverted,1
2024-07-23,24,24,24,1.0,high,True,True,True,True,True,1.5400416666666665,1.483,0.4108602300335096,0.912,2.485,1.0509,1.30225,1.732,2.1562,24,0,0,0,0.0,23.0,0,100.0,100.0,100.0,100.0,0,24,24,reported_gmt_minus_4_unconverted,1
2024-07-24,24,24,24,1.0,high,True,True,True,True,True,0.663625,0.7555000000000001,0.24394044399687254,0.336,1.077,0.34659999999999996,0.3815,0.86025,0.9227000000000001,24,0,0,0,0.0,23.0,0,100.0,100.0,100.0,100.0,0,24,24,reported_gmt_minus_4_unconverted,1
2024-07-25,24,24,24,1.0,high,True,True,True,True,True,0.7694166666666667,0.822,0.2100229628577224,0.411,1.104,0.4717,0.606,0.9255,1.0191,24,0,0,0,0.0,23.0,0,100.0,100.0,100.0,100.0,0,24,24,reported_gmt_minus_4_unconverted,1
2024-07-26,24,24,24,1.0,high,True,True,True,True,True,0.6763333333333333,0.5800000000000001,0.27207458482950025,0.408,1.587,0.4511,0.465,0.796,0.9525,24,0,0,0,0.0,23.0,0,100.0,100.0,100.0,100.0,0,24,24,reported_gmt_minus_4_unconverted,1
2024-07-27,24,24,24,1.0,high,True,True,True,True,True,1.0957083333333333,0.993,0.3887589483568658,0.596,1.919,0.6988,0.7685,1.3825,1.6348,24,0,0,0,0.0,23.0,0,100.0,100.0,100.0,100.0,0,24,24,reported_gmt_minus_4_unconverted,1
2024-07-28,24,24,24,1.0,high,True,True,True,True,True,3.1629166666666664,2.636,1.5141756522270136,0.861,6.253,1.671,2.00825,4.4285,5.4598,24,0,0,0,0.0,23.0,0,100.0,100.0,100.0,100.0,0,24,24,reported_gmt_minus_4_unconverted,1
2024-07-29,24,24,24,1.0,high,True,True,True,True,True,2.827458333333334,2.4445,1.0710890020732724,1.219,4.842,1.5807,2.151,3.7632499999999998,4.3054,24,0,0,0,0.0,23.0,0,100.0,100.0,100.0,100.0,0,24,24,reported_gmt_minus_4_unconverted,1
2024-07-30,24,24,24,1.0,high,True,True,True,True,True,1.0659166666666666,0.8565,0.654977790308268,0.468,3.153,0.507,0.5702499999999999,1.3675,1.8482,24,0,0,0,0.0,23.0,0,100.0,100.0,100.0,100.0,0,24,24,reported_gmt_minus_4_unconverted,1
2024-07-31,24,24,24,1.0,high,True,True,True,True,True,1.258125,1.3135,0.1527570712801439,0.895,1.451,1.044,1.165,1.3627500000000001,1.4131,24,0,0,0,0.0,23.0,0,100.0,100.0,100.0,100.0,0,24,24,reported_gmt_minus_4_unconverted,1
2024-08-01,24,24,24,1.0,high,True,True,True,True,True,1.533875,1.276,0.5197901175516401,1.087,2.739,1.118,1.165,1.69325,2.4734999999999996,24,0,0,0,0.0,23.0,0,100.0,100.0,100.0,100.0,0,24,24,reported_gmt_minus_4_unconverted,1
2024-08-02,24,24,24,1.0,high,True,True,True,True,True,1.1971666666666667,1.091,0.36860367153172346,0.753,1.995,0.8415,0.90325,1.426,1.7086,24,0,0,0,0.0,23.0,0,100.0,100.0,100.0,100.0,0,24,24,reported_gmt_minus_4_unconverted,1
2024-08-03,24,24,24,1.0,high,True,True,True,True,True,0.7392083333333334,0.7255,0.08323459730428086,0.599,0.902,0.6264,0.68775,0.78825,0.8531,24,0,0,0,0.0,23.0,0,100.0,100.0,100.0,100.0,0,24,24,reported_gmt_minus_4_unconverted,1
2024-08-04,24,24,24,1.0,high,True,True,True,True,True,0.7972916666666666,0.78,0.08331317509810521,0.656,0.963,0.6881,0.758,0.84875,0.921,24,0,0,0,0.0,23.0,0,100.0,100.0,100.0,100.0,0,24,24,reported_gmt_minus_4_unconverted,1
2024-08-05,24,24,24,1.0,high,True,True,True,True,True,0.8354583333333334,0.81,0.1634263506948903,0.614,1.174,0.6242,0.72775,0.93475,1.069,24,0,0,0,0.0,23.0,0,100.0,100.0,100.0,100.0,0,24,24,reported_gmt_minus_4_unconverted,1
2024-08-06,24,24,24,1.0,high,True,True,True,True,True,0.8989583333333333,0.875,0.14119658795195925,0.666,1.116,0.7316,0.7845,1.0585,1.0921,24,0,0,0,0.0,23.0,0,100.0,100.0,100.0,100.0,0,24,24,reported_gmt_minus_4_unconverted,1
2024-08-07,24,24,24,1.0,high,True,True,True,True,True,0.9564583333333334,0.958,0.1290116203619108,0.677,1.191,0.8208,0.8815,1.01475,1.134,24,0,0,0,0.0,23.0,0,100.0,100.0,100.0,100.0,0,24,24,reported_gmt_minus_4_unconverted,1
2024-08-08,24,24,24,1.0,high,True,True,True,True,True,0.970125,0.8915,0.25373545149983695,0.675,1.449,0.7135,0.80225,1.085,1.4344,24,0,0,0,0.0,23.0,0,100.0,100.0,100.0,100.0,0,24,24,reported_gmt_minus_4_unconverted,1
2024-08-09,24,24,24,1.0,high,True,True,True,True,True,1.248375,1.183,0.38705238523104785,0.64,1.93,0.8462999999999999,0.93375,1.48175,1.7717999999999998,24,0,0,0,0.0,23.0,0,100.0,100.0,100.0,100.0,0,24,24,reported_gmt_minus_4_unconverted,1
2024-08-10,24,24,24,1.0,high,True,True,True,True,True,1.4306666666666665,1.4715,0.27053291476457075,0.928,1.842,1.0929,1.147,1.63875,1.7683,24,0,0,0,0.0,23.0,0,100.0,100.0,100.0,100.0,0,24,24,reported_gmt_minus_4_unconverted,1
2024-08-11,24,24,24,1.0,high,True,True,True,True,True,1.8674166666666665,1.953,0.39669711550410264,1.168,2.816,1.3446,1.6047500000000001,2.04,2.3016,24,0,0,0,0.0,23.0,0,100.0,100.0,100.0,100.0,0,24,24,reported_gmt_minus_4_unconverted,1
2024-08-12,24,24,9,0.375,weak,False,False,False,False,False,1.5914444444444442,1.549,0.28301064958368227,1.344,2.281,1.3823999999999999,1.414,1.646,1.7986,9,15,0,0,0.0,8.0,15,0.0,0.0,37.5,100.0,15,9,9,reported_gmt_minus_4_unconverted,1
2024-08-13,24,24,0,0.0,missing,False,False,False,False,False,,,,,,,,,,0,24,0,0,,,24,0.0,0.0,0.0,0.0,24,0,0,reported_gmt_minus_4_unconverted,1
2024-08-14,24,24,0,0.0,missing,False,False,False,False,False,,,,,,,,,,0,24,0,0,,,24,0.0,0.0,0.0,0.0,24,0,0,reported_gmt_minus_4_unconverted,1
2024-08-15,24,24,0,0.0,missing,False,False,False,False,False,,,,,,,,,,0,24,0,0,,,24,0.0,0.0,0.0,0.0,24,0,0,reported_gmt_minus_4_unconverted,1
2024-08-16,24,24,0,0.0,missing,False,False,False,False,False,,,,,,,,,,0,24,0,0,,,24,0.0,0.0,0.0,0.0,24,0,0,reported_gmt_minus_4_unconverted,1
2024-08-17,24,24,0,0.0,missing,False,False,False,False,False,,,,,,,,,,0,24,0,0,,,24,0.0,0.0,0.0,0.0,24,0,0,reported_gmt_minus_4_unconverted,1
2024-08-18,24,24,0,0.0,missing,False,False,False,False,False,,,,,,,,,,0,24,0,0,,,24,0.0,0.0,0.0,0.0,24,0,0,reported_gmt_minus_4_unconverted,1
2024-08-19,24,24,0,0.0,missing,False,False,False,False,False,,,,,,,,,,0,24,0,0,,,24,0.0,0.0,0.0,0.0,24,0,0,reported_gmt_minus_4_unconverted,1
2024-08-20,24,24,0,0.0,missing,False,False,False,False,False,,,,,,,,,,0,24,0,0,,,24,0.0,0.0,0.0,0.0,24,0,0,reported_gmt_minus_4_unconverted,1
2024-08-21,24,24,0,0.0,missing,False,False,False,False,False,,,,,,,,,,0,24,0,0,,,24,0.0,0.0,0.0,0.0,24,0,0,reported_gmt_minus_4_unconverted,1
2024-08-22,24,24,0,0.0,missing,False,False,False,False,False,,,,,,,,,,0,24,0,0,,,24,0.0,0.0,0.0,0.0,24,0,0,reported_gmt_minus_4_unconverted,1
2024-08-23,24,24,0,0.0,missing,False,False,False,False,False,,,,,,,,,,0,24,0,0,,,24,0.0,0.0,0.0,0.0,24,0,0,reported_gmt_minus_4_unconverted,1
2024-08-24,24,24,24,1.0,high,True,True,True,True,True,6.9679166666666665,7.1015,3.263388661800953,1.225,11.704,2.6404,4.3004999999999995,10.06175,11.2798,24,0,0,0,0.0,23.0,0,100.0,100.0,100.0,100.0,0,24,24,reported_gmt_minus_4_unconverted,1
2024-08-25,24,24,24,1.0,high,True,True,True,True,True,8.049458333333334,7.258,2.654115442251354,3.796,12.759,5.0819,6.07125,9.947,11.6756,24,0,0,0,0.0,23.0,0,100.0,100.0,100.0,100.0,0,24,24,reported_gmt_minus_4_unconverted,1
2024-08-26,24,24,24,1.0,high,True,True,True,True,True,11.621625,11.3975,2.740379215467308,7.538,15.91,8.006,9.423,13.631499999999999,15.169599999999999,24,0,0,0,0.0,23.0,0,100.0,100.0,100.0,100.0,0,24,24,reported_gmt_minus_4_unconverted,1
2024-08-27,24,24,24,1.0,high,True,True,True,True,True,8.723041666666667,8.649000000000001,1.51701054649874,5.936,11.136,6.9842,7.70075,9.821,10.7622,24,0,0,0,0.0,23.0,0,100.0,100.0,100.0,100.0,0,24,24,reported_gmt_minus_4_unconverted,1
2024-08-28,24,24,24,1.0,high,True,True,True,True,True,5.827749999999999,4.7715,2.630028769060703,2.722,12.081,3.6571000000000002,4.1450000000000005,7.09875,10.1312,24,0,0,0,0.0,23.0,0,100.0,100.0,100.0,100.0,0,24,24,reported_gmt_minus_4_unconverted,1
2024-08-29,24,24,24,1.0,high,True,True,True,True,True,4.516333333333333,2.9770000000000003,2.5588742882737336,1.806,9.092,2.4734000000000003,2.5855,6.85,8.5412,24,0,0,0,0.0,23.0,0,100.0,100.0,100.0,100.0,0,24,24,reported_gmt_minus_4_unconverted,1
2024-08-30,24,24,24,1.0,high,True,True,True,True,True,7.990666666666667,8.2895,2.1302946860177263,3.282,11.632,5.2914,6.45,9.55275,10.6805,24,0,0,0,0.0,23.0,0,100.0,100.0,100.0,100.0,0,24,24,reported_gmt_minus_4_unconverted,1
2024-08-31,24,24,24,1.0,high,True,True,True,True,True,9.184166666666668,9.5005,2.44681064221173,2.815,12.889,5.8703,8.190750000000001,10.72325,12.1069,24,0,0,0,0.0,23.0,0,100.0,100.0,100.0,100.0,0,24,24,reported_gmt_minus_4_unconverted,1
2024-09-01,24,24,24,1.0,high,True,True,True,True,True,4.737333333333333,4.879,1.4635561416324776,2.292,7.846,2.8857,3.856,5.438000000000001,6.5386,24,0,0,0,0.0,23.0,0,100.0,100.0,100.0,100.0,0,24,24,reported_gmt_minus_4_unconverted,1
2024-09-02,24,24,24,1.0,high,True,True,True,True,True,2.6594166666666665,2.572,0.5737649053982533,1.937,3.973,2.0187999999999997,2.2575000000000003,3.01175,3.279,24,0,0,0,0.0,23.0,0,100.0,100.0,100.0,100.0,0,24,24,reported_gmt_minus_4_unconverted,1
2024-09-03,24,24,24,1.0,high,True,True,True,True,True,2.6520833333333336,2.0890000000000004,1.9445548706394313,1.169,8.789,1.409,1.6115000000000002,2.6625,3.5583,24,0,0,0,0.0,23.0,0,100.0,100.0,100.0,100.0,0,24,24,reported_gmt_minus_4_unconverted,1
2024-09-04,24,24,24,1.0,high,True,True,True,True,True,3.0216250000000002,1.582,2.4591020243788884,0.798,8.629,0.8824,1.14675,4.55175,6.408099999999998,24,0,0,0,0.0,23.0,0,100.0,100.0,100.0,100.0,0,24,24,reported_gmt_minus_4_unconverted,1
2024-09-05,24,24,24,1.0,high,True,True,True,True,True,3.1871666666666667,3.363,2.0070157094479892,0.705,8.304,0.8044,1.04125,4.023,5.7478,24,0,0,0,0.0,23.0,0,100.0,100.0,100.0,100.0,0,24,24,reported_gmt_minus_4_unconverted,1
2024-09-06,24,24,24,1.0,high,True,True,True,True,True,2.45625,2.3635,0.8315051961980441,1.175,3.831,1.2822,1.7912499999999998,3.19075,3.3162,24,0,0,0,0.0,23.0,0,100.0,100.0,100.0,100.0,0,24,24,reported_gmt_minus_4_unconverted,1
2024-09-07,24,24,24,1.0,high,True,True,True,True,True,3.517458333333334,2.8609999999999998,1.7773060948272656,1.451,7.61,1.8258999999999999,2.1585,5.0605,5.729299999999999,24,0,0,0,0.0,23.0,0,100.0,100.0,100.0,100.0,0,24,24,reported_gmt_minus_4_unconverted,1
2024-09-08,24,24,24,1.0,high,True,True,True,True,True,4.3957500000000005,3.2329999999999997,2.7572565011335954,0.978,11.468,1.4153,2.675,6.14175,7.547199999999999,24,0,0,0,0.0,23.0,0,100.0,100.0,100.0,100.0,0,24,24,reported_gmt_minus_4_unconverted,1
2024-09-09,24,24,24,1.0,high,True,True,True,True,True,7.964125,5.2555,5.647006419815262,2.36,20.328,3.8648,4.646,8.06075,18.0176,24,0,0,0,0.0,23.0,0,100.0,100.0,100.0,100.0,0,24,24,reported_gmt_minus_4_unconverted,1
2024-09-10,24,24,24,1.0,high,True,True,True,True,True,8.442166666666667,8.346,4.970330910746168,2.366,18.987,2.8723,3.79475,10.823,15.9659,24,0,0,0,0.0,23.0,0,100.0,100.0,100.0,100.0,0,24,24,reported_gmt_minus_4_unconverted,1
2024-09-11,24,24,24,1.0,high,True,True,True,True,True,6.654583333333334,6.2835,3.3946376628911135,2.002,11.93,2.4488,3.5285,10.105,10.7715,24,0,0,0,0.0,23.0,0,100.0,100.0,100.0,100.0,0,24,24,reported_gmt_minus_4_unconverted,1
2024-09-12,24,24,24,1.0,high,True,True,True,True,True,9.522625,9.406500000000001,4.22830296734939,3.543,17.096,3.9206000000000003,5.595750000000001,13.14325,15.5834,24,0,0,0,0.0,23.0,0,100.0,100.0,100.0,100.0,0,24,24,reported_gmt_minus_4_unconverted,1
2024-09-13,24,24,24,1.0,high,True,True,True,True,True,4.206375,3.57,2.2763431355250847,1.529,9.565,1.8456000000000001,2.226,5.72875,7.3690999999999995,24,0,0,0,0.0,23.0,0,100.0,100.0,100.0,100.0,0,24,24,reported_gmt_minus_4_unconverted,1
2024-09-14,24,24,24,1.0,high,True,True,True,True,True,5.200625,5.266,3.18716123945814,1.068,13.544,1.834,2.66,6.7145,9.456699999999998,24,0,0,0,0.0,23.0,0,100.0,100.0,100.0,100.0,0,24,24,reported_gmt_minus_4_unconverted,1
2024-09-15,24,24,24,1.0,high,True,True,True,True,True,5.692,5.0455000000000005,2.8007770039913846,1.889,12.324,2.5876,3.436,7.804,9.2198,24,0,0,0,0.0,23.0,0,100.0,100.0,100.0,100.0,0,24,24,reported_gmt_minus_4_unconverted,1
2024-09-16,24,24,24,1.0,high,True,True,True,True,True,14.7475,12.628499999999999,5.770814545775936,5.335,24.212,8.584900000000001,10.9345,20.169249999999998,22.4416,24,0,0,0,0.0,23.0,0,100.0,100.0,100.0,100.0,0,24,24,reported_gmt_minus_4_unconverted,1
2024-09-17,24,24,24,1.0,high,True,True,True,True,True,17.647541666666665,17.718,2.8794871520911447,11.17,24.829,14.8915,16.21025,18.245,21.621199999999998,24,0,0,0,0.0,23.0,0,100.0,100.0,100.0,100.0,0,24,24,reported_gmt_minus_4_unconverted,1
2024-09-18,24,24,24,1.0,high,True,True,True,True,True,16.700208333333332,16.771,1.097297033987198,14.707,18.409,15.0784,15.9025,17.29,18.2099,24,0,0,0,0.0,23.0,0,100.0,100.0,100.0,100.0,0,24,24,reported_gmt_minus_4_unconverted,1
2024-09-19,24,24,24,1.0,high,True,True,True,True,True,14.601666666666667,14.650500000000001,3.7307231921213186,6.062,21.624,10.1539,12.4155,17.25925,18.802599999999998,24,0,0,0,0.0,23.0,0,100.0,100.0,100.0,100.0,0,24,24,reported_gmt_minus_4_unconverted,1
2024-09-20,24,24,24,1.0,high,True,True,True,True,True,7.546958333333333,6.5375,3.592714929326539,2.168,15.78,4.0857,4.6565,10.66375,12.2107,24,0,0,0,0.0,23.0,0,100.0,100.0,100.0,100.0,0,24,24,reported_gmt_minus_4_unconverted,1
2024-09-21,24,24,24,1.0,high,True,True,True,True,True,7.335999999999999,8.5915,3.7184164698804594,2.148,11.999,2.2636,3.5985,10.9055,11.0276,24,0,0,0,0.0,23.0,0,100.0,100.0,100.0,100.0,0,24,24,reported_gmt_minus_4_unconverted,1
2024-09-22,24,24,24,1.0,high,True,True,True,True,True,9.986375,8.6415,2.979988077193832,5.577,15.781,7.3234,7.67675,12.146,13.947099999999999,24,0,0,0,0.0,23.0,0,100.0,100.0,100.0,100.0,0,24,24,reported_gmt_minus_4_unconverted,1
2024-09-23,24,24,24,1.0,high,True,True,True,True,True,11.857041666666667,11.4015,2.6699239930423464,7.757,16.671,8.601500000000001,9.7675,14.392999999999999,15.000499999999999,24,0,0,0,0.0,23.0,0,100.0,100.0,100.0,100.0,0,24,24,reported_gmt_minus_4_unconverted,1
2024-09-24,24,24,24,1.0,high,True,True,True,True,True,8.045291666666666,8.393,2.05338446979544,5.519,12.69,5.8062000000000005,6.02,9.15325,10.988599999999998,24,0,0,0,0.0,23.0,0,100.0,100.0,100.0,100.0,0,24,24,reported_gmt_minus_4_unconverted,1
2024-09-25,24,24,24,1.0,high,True,True,True,True,True,5.0035,2.694,4.378185379514132,0.876,14.236,1.2684000000000002,2.00575,7.1285,12.173,24,0,0,0,0.0,23.0,0,100.0,100.0,100.0,100.0,0,24,24,reported_gmt_minus_4_unconverted,1
2024-09-26,24,24,24,1.0,high,True,True,True,True,True,5.291541666666666,3.7024999999999997,3.509613604139681,1.82,12.083,2.2445,2.453,7.573,10.6272,24,0,0,0,0.0,23.0,0,100.0,100.0,100.0,100.0,0,24,24,reported_gmt_minus_4_unconverted,1
2024-09-27,24,24,24,1.0,high,True,True,True,True,True,8.770249999999999,9.095500000000001,2.2931643459183872,5.156,13.057,5.3346,7.27725,10.41975,11.5083,24,0,0,0,0.0,23.0,0,100.0,100.0,100.0,100.0,0,24,24,reported_gmt_minus_4_unconverted,1
2024-09-28,24,24,24,1.0,high,True,True,True,True,True,11.866999999999999,12.0765,1.435919641690058,9.15,14.128,9.907399999999999,10.89025,12.886,13.212399999999999,24,0,0,0,0.0,23.0,0,100.0,100.0,100.0,100.0,0,24,24,reported_gmt_minus_4_unconverted,1
2024-09-29,24,24,24,1.0,high,True,True,True,True,True,12.466125,12.3995,0.8984153833761732,9.97,13.782,11.4817,12.091,13.0055,13.6791,24,0,0,0,0.0,23.0,0,100.0,100.0,100.0,100.0,0,24,24,reported_gmt_minus_4_unconverted,1
2024-09-30,24,24,24,1.0,high,True,True,True,True,True,11.228500000000002,10.973,1.1535326836175528,9.372,13.829,10.1053,10.61975,11.78725,13.0298,24,0,0,0,0.0,23.0,0,100.0,100.0,100.0,100.0,0,24,24,reported_gmt_minus_4_unconverted,1
2024-10-01,24,24,24,1.0,high,True,True,True,True,True,8.807708333333332,9.131499999999999,1.7132636660750014,4.914,10.808,6.2814000000000005,8.02725,10.425749999999999,10.673,24,0,0,0,0.0,23.0,0,100.0,100.0,100.0,100.0,0,24,24,reported_gmt_minus_4_unconverted,1
2024-10-02,24,24,24,1.0,high,True,True,True,True,True,5.056666666666667,4.4975000000000005,1.726766031498255,2.911,8.97,3.4073,3.7872500000000002,6.24425,7.5870999999999995,24,0,0,0,0.0,23.0,0,100.0,100.0,100.0,100.0,0,24,24,reported_gmt_minus_4_unconverted,1
2024-10-03,24,24,24,1.0,high,True,True,True,True,True,6.059458333333333,5.0489999999999995,3.155585358488999,1.459,13.013,2.6358,4.056,8.652750000000001,10.313199999999998,24,0,0,0,0.0,23.0,0,100.0,100.0,100.0,100.0,0,24,24,reported_gmt_minus_4_unconverted,1
2024-10-04,24,24,24,1.0,high,True,True,True,True,True,11.428291666666667,11.843,2.6702000980087237,6.608,15.727,7.8052,8.8745,13.81575,14.5033,24,0,0,0,0.0,23.0,0,100.0,100.0,100.0,100.0,0,24,24,reported_gmt_minus_4_unconverted,1
2024-10-05,24,24,24,1.0,high,True,True,True,True,True,12.998291666666669,12.368,4.485872950566388,6.259,20.437,8.182,9.18425,16.579,18.9542,24,0,0,0,0.0,23.0,0,100.0,100.0,100.0,100.0,0,24,24,reported_gmt_minus_4_unconverted,1
2024-10-06,24,24,24,1.0,high,True,True,True,True,True,15.557791666666665,16.728,2.7785518589673672,10.113,19.703,11.142000000000001,14.217500000000001,17.33625,18.1751,24,0,0,0,0.0,23.0,0,100.0,100.0,100.0,100.0,0,24,24,reported_gmt_minus_4_unconverted,1
2024-10-07,24,24,24,1.0,high,True,True,True,True,True,17.619375,18.064999999999998,2.0132423516070657,13.324,21.372,14.990900000000002,16.6875,18.49675,20.0867,24,0,0,0,0.0,23.0,0,100.0,100.0,100.0,100.0,0,24,24,reported_gmt_minus_4_unconverted,1
2024-10-08,24,24,24,1.0,high,True,True,True,True,True,16.112750000000002,16.642000000000003,2.078477018730615,12.125,20.088,13.126,14.52375,17.49725,18.0702,24,0,0,0,0.0,23.0,0,100.0,100.0,100.0,100.0,0,24,24,reported_gmt_minus_4_unconverted,1
2024-10-09,24,24,24,1.0,high,True,True,True,True,True,11.329291666666668,10.7755,3.2784357945608713,6.815,17.991,7.9449,8.198,14.9125,15.47,24,0,0,0,0.0,23.0,0,100.0,100.0,100.0,100.0,0,24,24,reported_gmt_minus_4_unconverted,1
2024-10-10,24,24,24,1.0,high,True,True,True,True,True,7.799541666666667,7.967499999999999,1.7472025337208563,4.848,11.875,5.2643,7.060499999999999,8.79425,9.5416,24,0,0,0,0.0,23.0,0,100.0,100.0,100.0,100.0,0,24,24,reported_gmt_minus_4_unconverted,1
2024-10-11,24,24,24,1.0,high,True,True,True,True,True,5.379708333333333,5.2844999999999995,1.003790748987867,4.012,7.741,4.3377,4.4945,5.87525,6.4566,24,0,0,0,0.0,23.0,0,100.0,100.0,100.0,100.0,0,24,24,reported_gmt_minus_4_unconverted,1
2024-10-12,24,24,24,1.0,high,True,True,True,True,True,5.177708333333333,5.0725,0.9088858673824433,4.015,7.421,4.1455,4.44775,5.9445,6.172,24,0,0,0,0.0,23.0,0,100.0,100.0,100.0,100.0,0,24,24,reported_gmt_minus_4_unconverted,1
2024-10-13,24,24,24,1.0,high,True,True,True,True,True,5.745916666666666,5.485,1.0646944822716562,4.285,8.554,4.5724,5.01675,6.42125,6.9258,24,0,0,0,0.0,23.0,0,100.0,100.0,100.0,100.0,0,24,24,reported_gmt_minus_4_unconverted,1
2024-10-14,24,24,24,1.0,high,True,True,True,True,True,3.590583333333333,2.6965,2.0623633534004804,1.48,8.367,1.7409000000000001,1.94375,4.23,7.0333,24,0,0,0,0.0,23.0,0,100.0,100.0,100.0,100.0,0,24,24,reported_gmt_minus_4_unconverted,1
2024-10-15,24,24,24,1.0,high,True,True,True,True,True,1.333875,1.0990000000000002,0.6459222131455015,0.775,3.607,0.8134,0.8815,1.6052499999999998,1.8455,24,0,0,0,0.0,23.0,0,100.0,100.0,100.0,100.0,0,24,24,reported_gmt_minus_4_unconverted,1
2024-10-16,24,24,24,1.0,high,True,True,True,True,True,1.1232499999999999,1.0755,0.2856981152256316,0.805,2.065,0.8791,0.918,1.23075,1.3574000000000002,24,0,0,0,0.0,23.0,0,100.0,100.0,100.0,100.0,0,24,24,reported_gmt_minus_4_unconverted,1
2024-10-17,24,24,24,1.0,high,True,True,True,True,True,1.7383750000000002,1.3745,1.0411266394381744,0.768,4.732,1.0279,1.15375,1.7550000000000001,3.496299999999999,24,0,0,0,0.0,23.0,0,100.0,100.0,100.0,100.0,0,24,24,reported_gmt_minus_4_unconverted,1
2024-10-18,24,24,24,1.0,high,True,True,True,True,True,1.607333333333333,1.37,0.5829712996639579,0.987,2.857,1.1198000000000001,1.1995,1.79525,2.6597,24,0,0,0,0.0,23.0,0,100.0,100.0,100.0,100.0,0,24,24,reported_gmt_minus_4_unconverted,1
2024-10-19,24,24,24,1.0,high,True,True,True,True,True,1.8691249999999997,1.799,0.6807316596070029,0.943,2.989,1.0321,1.191,2.51525,2.6818,24,0,0,0,0.0,23.0,0,100.0,100.0,100.0,100.0,0,24,24,reported_gmt_minus_4_unconverted,1
2024-10-20,24,24,24,1.0,high,True,True,True,True,True,2.7275416666666668,2.5995,0.6184246450996811,1.9,4.778,2.2595,2.3817500000000003,2.79575,3.5584999999999996,24,0,0,0,0.0,23.0,0,100.0,100.0,100.0,100.0,0,24,24,reported_gmt_minus_4_unconverted,1
2024-10-21,24,24,24,1.0,high,True,True,True,True,True,3.613125,3.212,0.8966686806318637,2.601,6.427,3.0044,3.1109999999999998,3.969,4.8527,24,0,0,0,0.0,23.0,0,100.0,100.0,100.0,100.0,0,24,24,reported_gmt_minus_4_unconverted,1
2024-10-22,24,24,24,1.0,high,True,True,True,True,True,6.491208333333333,6.2885,1.0412954297899562,4.95,8.772,5.1071,5.8045,7.11575,7.8756,24,0,0,0,0.0,23.0,0,100.0,100.0,100.0,100.0,0,24,24,reported_gmt_minus_4_unconverted,1
2024-10-23,24,24,24,1.0,high,True,True,True,True,True,11.975083333333332,11.253,2.4930290274852513,8.955,18.58,9.4847,9.82975,13.8735,14.695599999999999,24,0,0,0,0.0,23.0,0,100.0,100.0,100.0,100.0,0,24,24,reported_gmt_minus_4_unconverted,1
2024-10-24,24,24,24,1.0,high,True,True,True,True,True,13.547791666666667,12.6745,3.711226294216516,9.178,21.412,9.447799999999999,10.8935,15.8445,19.5639,24,0,0,0,0.0,23.0,0,100.0,100.0,100.0,100.0,0,24,24,reported_gmt_minus_4_unconverted,1
2024-10-25,24,24,24,1.0,high,True,True,True,True,True,13.343583333333333,12.508,3.5693512005340158,8.495,20.546,9.4016,10.61675,15.808250000000001,18.2152,24,0,0,0,0.0,23.0,0,100.0,100.0,100.0,100.0,0,24,24,reported_gmt_minus_4_unconverted,1
2024-10-26,24,24,24,1.0,high,True,True,True,True,True,20.173708333333334,20.1265,2.8061966443718904,15.797,27.555,17.1463,17.767249999999997,22.09375,23.4209,24,0,0,0,0.0,23.0,0,100.0,100.0,100.0,100.0,0,24,24,reported_gmt_minus_4_unconverted,1
2024-10-27,24,24,24,1.0,high,True,True,True,True,True,19.02595833333333,19.692999999999998,3.024295843004532,13.566,24.343,15.3926,16.819000000000003,21.1865,22.282,24,0,0,0,0.0,23.0,0,100.0,100.0,100.0,100.0,0,24,24,reported_gmt_minus_4_unconverted,1
2024-10-28,24,24,24,1.0,high,True,True,True,True,True,16.626416666666668,14.468,6.566607739932768,9.444,29.724,10.2535,11.3505,19.37875,27.8595,24,0,0,0,0.0,23.0,0,100.0,100.0,100.0,100.0,0,24,24,reported_gmt_minus_4_unconverted,1
2024-10-29,24,24,24,1.0,high,True,True,True,True,True,19.535416666666666,18.430500000000002,4.99975760209534,12.744,31.124,13.7527,16.03475,21.92175,26.5903,24,0,0,0,0.0,23.0,0,100.0,100.0,100.0,100.0,0,24,24,reported_gmt_minus_4_unconverted,1
2024-10-30,24,24,24,1.0,high,True,True,True,True,True,22.528041666666667,22.601,3.0128069892892486,15.656,26.934,18.556,20.77,24.805,26.3934,24,0,0,0,0.0,23.0,0,100.0,100.0,100.0,100.0,0,24,24,reported_gmt_minus_4_unconverted,1
2024-10-31,24,24,24,1.0,high,True,True,True,True,True,22.065916666666666,21.3985,3.302013166126895,18.281,32.208,19.2314,19.74075,23.01175,26.0406,24,0,0,0,0.0,23.0,0,100.0,100.0,100.0,100.0,0,24,24,reported_gmt_minus_4_unconverted,1
2024-11-01,24,24,24,1.0,high,True,True,True,True,True,24.94033333333333,26.0845,5.7783400103630385,12.537,32.901,17.809,19.70375,29.05525,31.742900000000002,24,0,0,0,0.0,23.0,0,100.0,100.0,100.0,100.0,0,24,24,reported_gmt_minus_4_unconverted,1
2024-11-02,24,24,24,1.0,high,True,True,True,True,True,10.988291666666667,10.894,1.5328656732086636,8.087,14.4,9.0759,9.8955,11.97025,12.6902,24,0,0,0,0.0,23.0,0,100.0,100.0,100.0,100.0,0,24,24,reported_gmt_minus_4_unconverted,1
2024-11-03,24,24,24,1.0,high,True,True,True,True,True,8.874291666666666,8.625,1.341289855493314,6.962,11.472,7.1307,8.0225,9.792,10.7553,24,0,0,0,0.0,23.0,0,100.0,100.0,100.0,100.0,0,24,24,reported_gmt_minus_4_unconverted,1
2024-11-04,24,24,24,1.0,high,True,True,True,True,True,8.174625,7.8185,1.7176551967726235,5.117,11.077,6.2428,6.874,9.27,10.780899999999999,24,0,0,0,0.0,23.0,0,100.0,100.0,100.0,100.0,0,24,24,reported_gmt_minus_4_unconverted,1
2024-11-05,24,24,24,1.0,high,True,True,True,True,True,7.53125,7.118,1.546401777198196,5.004,11.955,6.0408,6.4305,8.08025,9.5025,24,0,0,0,0.0,23.0,0,100.0,100.0,100.0,100.0,0,24,24,reported_gmt_minus_4_unconverted,1
2024-11-06,24,24,24,1.0,high,True,True,True,True,True,8.226583333333334,8.0115,2.0613397904964765,4.764,11.642,5.9841,6.436,9.85625,10.8574,24,0,0,0,0.0,23.0,0,100.0,100.0,100.0,100.0,0,24,24,reported_gmt_minus_4_unconverted,1
2024-11-07,24,24,24,1.0,high,True,True,True,True,True,7.262625,7.3870000000000005,0.94951025419744,5.194,8.68,5.9363,6.74275,7.7725,8.4747,24,0,0,0,0.0,23.0,0,100.0,100.0,100.0,100.0,0,24,24,reported_gmt_minus_4_unconverted,1
2024-11-08,24,24,20,0.833333,standard,True,True,True,True,False,5.066800000000001,5.446,1.7175605589568628,2.622,8.109,3.0998,3.419,6.31275,7.2189000000000005,20,4,0,0,0.0,23.0,4,0.0,100.0,83.33333333333333,100.0,4,20,20,reported_gmt_minus_4_unconverted,1
2024-11-09,24,24,24,1.0,high,True,True,True,True,True,5.159625,4.419499999999999,2.452648006658358,2.293,12.692,3.7509,4.176,4.8965,6.860999999999999,24,0,0,0,0.0,23.0,0,100.0,100.0,100.0,100.0,0,24,24,reported_gmt_minus_4_unconverted,1
2024-11-10,24,24,24,1.0,high,True,True,True,True,True,3.112291666666667,2.4205,2.1589204927093952,0.929,10.475,1.3927999999999998,1.80175,3.851,5.5351,24,0,0,0,0.0,23.0,0,100.0,100.0,100.0,100.0,0,24,24,reported_gmt_minus_4_unconverted,1
2024-11-11,24,24,24,1.0,high,True,True,True,True,True,2.3865416666666666,2.368,0.5391257802072332,1.208,3.618,1.8375,2.07325,2.5925000000000002,3.023,24,0,0,0,0.0,23.0,0,100.0,100.0,100.0,100.0,0,24,24,reported_gmt_minus_4_unconverted,1
2024-11-12,24,24,24,1.0,high,True,True,True,True,True,5.853583333333333,5.0285,3.5058693509309644,1.554,12.183,2.0140000000000002,2.9042499999999998,8.24225,10.968499999999999,24,0,0,0,0.0,23.0,0,100.0,100.0,100.0,100.0,0,24,24,reported_gmt_minus_4_unconverted,1
2024-11-13,24,24,24,1.0,high,True,True,True,True,True,12.435791666666667,12.379,1.4745519873527,8.914,15.546,11.161,11.63375,12.94825,14.739799999999999,24,0,0,0,0.0,23.0,0,100.0,100.0,100.0,100.0,0,24,24,reported_gmt_minus_4_unconverted,1
2024-11-14,24,24,24,1.0,high,True,True,True,True,True,9.78125,10.0285,2.366454663396923,6.84,15.766,7.015000000000001,7.425000000000001,11.374749999999999,11.722199999999999,24,0,0,0,0.0,23.0,0,100.0,100.0,100.0,100.0,0,24,24,reported_gmt_minus_4_unconverted,1
2024-11-15,24,24,24,1.0,high,True,True,True,True,True,6.488583333333334,6.2235,1.6049799109312093,3.826,9.276,4.6061000000000005,5.5415,7.00125,9.0748,24,0,0,0,0.0,23.0,0,100.0,100.0,100.0,100.0,0,24,24,reported_gmt_minus_4_unconverted,1
2024-11-16,24,24,24,1.0,high,True,True,True,True,True,5.569291666666667,5.747,1.1210947087621512,3.261,6.989,3.8872,5.1075,6.481,6.7767,24,0,0,0,0.0,23.0,0,100.0,100.0,100.0,100.0,0,24,24,reported_gmt_minus_4_unconverted,1
2024-11-17,24,24,24,1.0,high,True,True,True,True,True,2.3149583333333332,2.1105,0.4704098563710315,1.702,3.13,1.8526,1.956,2.721,3.0282999999999998,24,0,0,0,0.0,23.0,0,100.0,100.0,100.0,100.0,0,24,24,reported_gmt_minus_4_unconverted,1
2024-11-18,24,24,24,1.0,high,True,True,True,True,True,3.0512499999999996,3.0460000000000003,0.625380875251582,1.668,4.124,2.1162,2.823,3.52175,3.7922999999999996,24,0,0,0,0.0,23.0,0,100.0,100.0,100.0,100.0,0,24,24,reported_gmt_minus_4_unconverted,1
2024-11-19,24,24,24,1.0,high,True,True,True,True,True,5.304583333333333,3.907,3.055208153680996,2.386,11.71,2.6005000000000003,3.4154999999999998,5.75025,11.007399999999999,24,0,0,0,0.0,23.0,0,100.0,100.0,100.0,100.0,0,24,24,reported_gmt_minus_4_unconverted,1
2024-11-20,24,24,24,1.0,high,True,True,True,True,True,3.8587916666666664,3.5875,1.4844785639692,2.056,7.395,2.266,2.857,4.787999999999999,5.815599999999999,24,0,0,0,0.0,23.0,0,100.0,100.0,100.0,100.0,0,24,24,reported_gmt_minus_4_unconverted,1
2024-11-21,24,24,24,1.0,high,True,True,True,True,True,2.296625,2.2939999999999996,0.9767500153014099,0.783,4.384,0.9205000000000001,1.885,2.7425,3.4747,24,0,0,0,0.0,23.0,0,100.0,100.0,100.0,100.0,0,24,24,reported_gmt_minus_4_unconverted,1
2024-11-22,24,24,24,1.0,high,True,True,True,True,True,3.483458333333333,3.341,1.3875779955882046,1.316,5.69,1.8314,2.198,4.7764999999999995,5.3538,24,0,0,0,0.0,23.0,0,100.0,100.0,100.0,100.0,0,24,24,reported_gmt_minus_4_unconverted,1
2024-11-23,24,24,24,1.0,high,True,True,True,True,True,3.297875,3.317,1.3844282232874272,1.054,5.432,1.3634000000000002,2.2525,4.39,5.1269,24,0,0,0,0.0,23.0,0,100.0,100.0,100.0,100.0,0,24,24,reported_gmt_minus_4_unconverted,1
2024-11-24,24,24,24,1.0,high,True,True,True,True,True,3.655958333333333,2.372,2.5429698912400878,0.844,8.501,1.0215,1.4987499999999998,6.2335,7.0518,24,0,0,0,0.0,23.0,0,100.0,100.0,100.0,100.0,0,24,24,reported_gmt_minus_4_unconverted,1
2024-11-25,24,24,24,1.0,high,True,True,True,True,True,4.096166666666667,2.393,3.2883676096555696,0.828,11.374,1.0545,1.36575,6.2749999999999995,8.7494,24,0,0,0,0.0,23.0,0,100.0,100.0,100.0,100.0,0,24,24,reported_gmt_minus_4_unconverted,1
2024-11-26,24,24,24,1.0,high,True,True,True,True,True,4.918875,3.8255,3.693883502700341,0.908,14.384,1.2547000000000001,2.1199999999999997,6.4822500000000005,8.9627,24,0,0,0,0.0,23.0,0,100.0,100.0,100.0,100.0,0,24,24,reported_gmt_minus_4_unconverted,1
2024-11-27,24,24,24,1.0,high,True,True,True,True,True,2.4082083333333335,1.732,2.1442487075727796,0.928,9.87,1.0087,1.20125,2.4055,5.326399999999998,24,0,0,0,0.0,23.0,0,100.0,100.0,100.0,100.0,0,24,24,reported_gmt_minus_4_unconverted,1
2024-11-28,24,24,24,1.0,high,True,True,True,True,True,2.2515,2.0869999999999997,0.9449916033673436,0.838,4.28,0.8944000000000001,1.8215000000000001,3.08425,3.2415,24,0,0,0,0.0,23.0,0,100.0,100.0,100.0,100.0,0,24,24,reported_gmt_minus_4_unconverted,1
2024-11-29,24,24,24,1.0,high,True,True,True,True,True,1.3891666666666669,1.0955,0.8319370621401109,0.542,3.638,0.6206,0.855,1.4895,2.7159,24,0,0,0,0.0,23.0,0,100.0,100.0,100.0,100.0,0,24,24,reported_gmt_minus_4_unconverted,1
2024-11-30,24,24,24,1.0,high,True,True,True,True,True,15.627500000000003,16.450499999999998,6.636352560280973,3.751,23.493,5.1467,11.82675,21.863500000000002,22.918400000000002,24,0,0,0,0.0,23.0,0,100.0,100.0,100.0,100.0,0,24,24,reported_gmt_minus_4_unconverted,1
2024-12-01,24,24,24,1.0,high,True,True,True,True,True,7.618416666666666,8.2165,4.317512296165031,1.289,17.299,1.8386,4.11475,10.21625,12.549999999999999,24,0,0,0,0.0,23.0,0,100.0,100.0,100.0,100.0,0,24,24,reported_gmt_minus_4_unconverted,1
2024-12-02,24,24,24,1.0,high,True,True,True,True,True,1.8264166666666668,1.4445000000000001,0.8567047544118593,0.878,3.858,1.0665,1.29875,2.248,3.0658,24,0,0,0,0.0,23.0,0,100.0,100.0,100.0,100.0,0,24,24,reported_gmt_minus_4_unconverted,1
2024-12-03,24,24,24,1.0,high,True,True,True,True,True,2.1129166666666666,2.0060000000000002,1.0119879667898903,0.822,4.328,0.9164,1.11375,2.6872499999999997,3.5847999999999995,24,0,0,0,0.0,23.0,0,100.0,100.0,100.0,100.0,0,24,24,reported_gmt_minus_4_unconverted,1
2024-12-04,24,24,24,1.0,high,True,True,True,True,True,2.5530000000000004,2.2445,1.0021722493620069,1.716,6.592,1.9417,2.08625,2.56725,3.2881,24,0,0,0,0.0,23.0,0,100.0,100.0,100.0,100.0,0,24,24,reported_gmt_minus_4_unconverted,1
2024-12-05,24,24,24,1.0,high,True,True,True,True,True,4.194625,1.5474999999999999,4.46535650081243,0.867,14.502,0.8921,1.0042499999999999,8.86475,10.4658,24,0,0,0,0.0,23.0,0,100.0,100.0,100.0,100.0,0,24,24,reported_gmt_minus_4_unconverted,1
2024-12-06,24,24,24,1.0,high,True,True,True,True,True,4.023666666666666,3.2855,2.907412635296899,0.766,9.398,0.8737,1.1795,6.5435,8.0631,24,0,0,0,0.0,23.0,0,100.0,100.0,100.0,100.0,0,24,24,reported_gmt_minus_4_unconverted,1
2024-12-07,24,24,24,1.0,high,True,True,True,True,True,4.333333333333333,3.051,3.2701713379745327,1.165,10.884,1.4906000000000001,1.99175,6.466,10.0522,24,0,0,0,0.0,23.0,0,100.0,100.0,100.0,100.0,0,24,24,reported_gmt_minus_4_unconverted,1
2024-12-08,24,24,24,1.0,high,True,True,True,True,True,9.908458333333334,8.829,3.5947678401080876,5.074,18.024,5.8348,7.24425,12.25075,14.732899999999997,24,0,0,0,0.0,23.0,0,100.0,100.0,100.0,100.0,0,24,24,reported_gmt_minus_4_unconverted,1
2024-12-09,24,24,24,1.0,high,True,True,True,True,True,4.976083333333333,4.875500000000001,2.070324967490489,1.844,8.983,2.1788,3.43325,6.220000000000001,7.6744,24,0,0,0,0.0,23.0,0,100.0,100.0,100.0,100.0,0,24,24,reported_gmt_minus_4_unconverted,1
2024-12-10,24,24,24,1.0,high,True,True,True,True,True,7.837583333333335,7.898,2.6260349167629076,2.519,12.193,4.3975,5.98675,9.845749999999999,11.1624,24,0,0,0,0.0,23.0,0,100.0,100.0,100.0,100.0,0,24,24,reported_gmt_minus_4_unconverted,1
2024-12-11,24,24,24,1.0,high,True,True,True,True,True,5.184833333333333,4.7,1.676019447502265,2.875,8.309,3.4807,3.8842499999999998,6.4125000000000005,7.858899999999999,24,0,0,0,0.0,23.0,0,100.0,100.0,100.0,100.0,0,24,24,reported_gmt_minus_4_unconverted,1
2024-12-12,24,24,24,1.0,high,True,True,True,True,True,7.988499999999999,8.565999999999999,2.473908947043296,2.71,11.306,4.6169,6.481,9.988,10.7304,24,0,0,0,0.0,23.0,0,100.0,100.0,100.0,100.0,0,24,24,reported_gmt_minus_4_unconverted,1
2024-12-13,24,24,24,1.0,high,True,True,True,True,True,4.6941250000000005,5.038,2.2147518520828346,1.676,8.148,1.9275,2.525,6.765,7.5504,24,0,0,0,0.0,23.0,0,100.0,100.0,100.0,100.0,0,24,24,reported_gmt_minus_4_unconverted,1
2024-12-14,24,24,24,1.0,high,True,True,True,True,True,5.580875,5.8149999999999995,1.0121454317438774,3.84,7.281,3.9933,5.0285,6.241,6.7923,24,0,0,0,0.0,23.0,0,100.0,100.0,100.0,100.0,0,24,24,reported_gmt_minus_4_unconverted,1
2024-12-15,24,24,24,1.0,high,True,True,True,True,True,6.918875,6.5235,1.5112665092420072,4.54,10.195,5.636,5.943,7.78675,9.1894,24,0,0,0,0.0,23.0,0,100.0,100.0,100.0,100.0,0,24,24,reported_gmt_minus_4_unconverted,1
2024-12-16,24,24,24,1.0,high,True,True,True,True,True,4.991166666666667,4.897,1.1127423494375883,2.337,7.67,3.7968,4.51975,5.67425,6.1179,24,0,0,0,0.0,23.0,0,100.0,100.0,100.0,100.0,0,24,24,reported_gmt_minus_4_unconverted,1
2024-12-17,24,24,24,1.0,high,True,True,True,True,True,4.372625,4.393,1.0852021175198496,1.967,6.433,3.3701,3.73125,5.0809999999999995,5.5328,24,0,0,0,0.0,23.0,0,100.0,100.0,100.0,100.0,0,24,24,reported_gmt_minus_4_unconverted,1
2024-12-18,24,24,24,1.0,high,True,True,True,True,True,2.623083333333333,2.7595,0.8272709411945566,0.766,4.199,1.4762000000000002,2.2634999999999996,3.1215,3.5805,24,0,0,0,0.0,23.0,0,100.0,100.0,100.0,100.0,0,24,24,reported_gmt_minus_4_unconverted,1
2024-12-19,24,24,24,1.0,high,True,True,True,True,True,1.1279166666666667,1.025,0.35359137760816595,0.679,2.031,0.783,0.8634999999999999,1.317,1.6304999999999998,24,0,0,0,0.0,23.0,0,100.0,100.0,100.0,100.0,0,24,24,reported_gmt_minus_4_unconverted,1
2024-12-20,24,24,24,1.0,high,True,True,True,True,True,2.5336666666666665,1.5899999999999999,1.9775951286230513,0.892,7.05,0.9916,1.067,3.4154999999999998,5.932499999999999,24,0,0,0,0.0,23.0,0,100.0,100.0,100.0,100.0,0,24,24,reported_gmt_minus_4_unconverted,1
2024-12-21,24,24,24,1.0,high,True,True,True,True,True,1.9943333333333335,2.0300000000000002,0.6179389773352584,1.087,3.182,1.2302,1.407,2.41975,2.8779,24,0,0,0,0.0,23.0,0,100.0,100.0,100.0,100.0,0,24,24,reported_gmt_minus_4_unconverted,1
2024-12-22,24,24,24,1.0,high,True,True,True,True,True,1.76325,1.9535,0.7322062699397831,0.321,3.172,0.4979,1.5755,2.162,2.4124,24,0,0,0,0.0,23.0,0,100.0,100.0,100.0,100.0,0,24,24,reported_gmt_minus_4_unconverted,1
2024-12-23,24,24,24,1.0,high,True,True,True,True,True,2.3409999999999997,1.8165,1.665211619924157,0.451,5.159,0.498,0.9929999999999999,3.8285,4.9899,24,0,0,0,0.0,23.0,0,100.0,100.0,100.0,100.0,0,24,24,reported_gmt_minus_4_unconverted,1
2024-12-24,24,24,24,1.0,high,True,True,True,True,True,1.3728749999999998,1.4235,1.046875529850612,0.288,3.048,0.32080000000000003,0.3545,2.47375,2.743,24,0,0,0,0.0,23.0,0,100.0,100.0,100.0,100.0,0,24,24,reported_gmt_minus_4_unconverted,1
2024-12-25,24,24,24,1.0,high,True,True,True,True,True,1.229,0.967,0.9029962684693471,0.448,3.998,0.4617,0.587,1.669,1.9106,24,0,0,0,0.0,23.0,0,100.0,100.0,100.0,100.0,0,24,24,reported_gmt_minus_4_unconverted,1
2024-12-26,24,24,24,1.0,high,True,True,True,True,True,1.1685833333333335,1.1280000000000001,0.7514486251447161,0.335,3.254,0.34850000000000003,0.5377500000000001,1.3235000000000001,1.9504,24,0,0,0,0.0,23.0,0,100.0,100.0,100.0,100.0,0,24,24,reported_gmt_minus_4_unconverted,1
2024-12-27,24,24,21,0.875,standard,True,True,True,True,False,5.1668095238095235,4.262,3.2448954315824667,0.915,13.653,2.207,2.69,6.3,9.578,21,3,0,0,0.0,23.0,3,0.0,100.0,87.5,100.0,3,21,21,reported_gmt_minus_4_unconverted,1
2024-12-28,24,24,24,1.0,high,True,True,True,True,True,11.493749999999999,11.123999999999999,2.5429694940809036,7.98,19.004,9.493,9.906500000000001,12.227,13.923799999999998,24,0,0,0,0.0,23.0,0,100.0,100.0,100.0,100.0,0,24,24,reported_gmt_minus_4_unconverted,1
2024-12-29,24,24,24,1.0,high,True,True,True,True,True,7.347291666666667,7.731,1.8433468964893998,4.388,11.185,5.0075,5.55875,8.729750000000001,9.2453,24,0,0,0,0.0,23.0,0,100.0,100.0,100.0,100.0,0,24,24,reported_gmt_minus_4_unconverted,1
2024-12-30,24,24,24,1.0,high,True,True,True,True,True,3.420208333333333,3.135,0.9706441151052253,1.763,5.684,2.5694000000000004,2.75075,3.86875,4.6454,24,0,0,0,0.0,23.0,0,100.0,100.0,100.0,100.0,0,24,24,reported_gmt_minus_4_unconverted,1
2024-12-31,24,24,24,1.0,high,True,True,True,True,True,3.8804166666666666,3.6494999999999997,1.445631197080021,1.639,6.705,2.266,2.8225,4.803,5.9121999999999995,24,0,0,0,0.0,23.0,0,100.0,100.0,100.0,100.0,0,24,24,reported_gmt_minus_4_unconverted,1
2025-01-01,24,24,24,1.0,high,True,True,True,True,True,5.624916666666667,5.521,1.0320133095142197,3.848,7.403,4.2687,5.00175,6.5495,6.9131,24,0,0,0,0.0,23.0,0,100.0,100.0,100.0,100.0,0,24,24,reported_gmt_minus_4_unconverted,1
2025-01-02,24,24,24,1.0,high,True,True,True,True,True,4.2330000000000005,4.063,0.7185964580800669,3.359,6.59,3.7049,3.8017499999999997,4.44625,4.8018,24,0,0,0,0.0,23.0,0,100.0,100.0,100.0,100.0,0,24,24,reported_gmt_minus_4_unconverted,1
2025-01-03,24,24,24,1.0,high,True,True,True,True,True,2.68425,2.6765,0.47975294819766123,1.993,3.857,2.1877,2.27775,2.951,3.2571,24,0,0,0,0.0,23.0,0,100.0,100.0,100.0,100.0,0,24,24,reported_gmt_minus_4_unconverted,1
2025-01-04,24,24,24,1.0,high,True,True,True,True,True,2.1180416666666666,1.8915,0.9782741004338764,1.044,4.49,1.2206000000000001,1.3984999999999999,2.3025,3.6648,24,0,0,0,0.0,23.0,0,100.0,100.0,100.0,100.0,0,24,24,reported_gmt_minus_4_unconverted,1
2025-01-05,24,24,24,1.0,high,True,True,True,True,True,2.3817916666666665,2.422,0.7948826535854299,1.01,4.021,1.4592,1.7542499999999999,2.9795,3.3160999999999996,24,0,0,0,0.0,23.0,0,100.0,100.0,100.0,100.0,0,24,24,reported_gmt_minus_4_unconverted,1
2025-01-06,24,24,24,1.0,high,True,True,True,True,True,1.028375,0.833,0.4685604979267793,0.488,2.2,0.6355000000000001,0.7264999999999999,1.31775,1.6829999999999996,24,0,0,0,0.0,23.0,0,100.0,100.0,100.0,100.0,0,24,24,reported_gmt_minus_4_unconverted,1
2025-01-07,24,24,24,1.0,high,True,True,True,True,True,0.9185,0.6885,0.5358895895367936,0.407,2.456,0.463,0.5145,1.2152500000000002,1.4478999999999997,24,0,0,0,0.0,23.0,0,100.0,100.0,100.0,100.0,0,24,24,reported_gmt_minus_4_unconverted,1
2025-01-08,24,24,24,1.0,high,True,True,True,True,True,1.5423333333333333,1.1505,1.0240365425997795,0.585,3.955,0.6857,0.7595000000000001,1.8860000000000001,3.1879999999999997,24,0,0,0,0.0,23.0,0,100.0,100.0,100.0,100.0,0,24,24,reported_gmt_minus_4_unconverted,1
2025-01-09,24,24,24,1.0,high,True,True,True,True,True,0.6649999999999999,0.7044999999999999,0.22682324089187964,0.257,1.013,0.3327,0.483,0.8674999999999999,0.9398,24,0,0,0,0.0,23.0,0,100.0,100.0,100.0,100.0,0,24,24,reported_gmt_minus_4_unconverted,1
2025-01-10,24,24,24,1.0,high,True,True,True,True,True,1.5762083333333334,1.217,0.955359935775024,0.652,3.952,0.6813,0.7444999999999999,2.516,2.7401999999999997,24,0,0,0,0.0,23.0,0,100.0,100.0,100.0,100.0,0,24,24,reported_gmt_minus_4_unconverted,1
2025-01-11,24,24,24,1.0,high,True,True,True,True,True,4.126083333333333,3.1355,1.9603982939735722,1.334,8.84,2.1929,2.8145,5.64675,6.8732999999999995,24,0,0,0,0.0,23.0,0,100.0,100.0,100.0,100.0,0,24,24,reported_gmt_minus_4_unconverted,1
2025-01-12,24,24,24,1.0,high,True,True,True,True,True,6.4405833333333335,6.327500000000001,1.1679313900585333,4.272,8.274,4.8965000000000005,5.77325,7.5305,7.825200000000001,24,0,0,0,0.0,23.0,0,100.0,100.0,100.0,100.0,0,24,24,reported_gmt_minus_4_unconverted,1
2025-01-13,24,24,24,1.0,high,True,True,True,True,True,6.636375,6.357,0.8847395987569991,5.334,8.96,5.7922,6.096,7.073,7.436,24,0,0,0,0.0,23.0,0,100.0,100.0,100.0,100.0,0,24,24,reported_gmt_minus_4_unconverted,1
2025-01-14,24,24,24,1.0,high,True,True,True,True,True,6.902916666666667,6.355,2.5333778604973185,1.988,11.638,3.8120000000000007,5.7745,8.090250000000001,10.3798,24,0,0,0,0.0,23.0,0,100.0,100.0,100.0,100.0,0,24,24,reported_gmt_minus_4_unconverted,1
2025-01-15,24,24,24,1.0,high,True,True,True,True,True,5.16475,5.243,2.0295296145958894,1.252,8.177,1.9663000000000004,4.3655,6.741,7.5662,24,0,0,0,0.0,23.0,0,100.0,100.0,100.0,100.0,0,24,24,reported_gmt_minus_4_unconverted,1
2025-01-16,24,24,24,1.0,high,True,True,True,True,True,5.457958333333333,5.3635,2.2693996424867175,2.037,9.732,2.4598999999999998,4.01675,6.675000000000001,8.485199999999999,24,0,0,0,0.0,23.0,0,100.0,100.0,100.0,100.0,0,24,24,reported_gmt_minus_4_unconverted,1
2025-01-17,24,24,24,1.0,high,True,True,True,True,True,5.604083333333333,5.596500000000001,1.5953197285283862,3.112,8.287,3.5189,4.19475,7.02225,7.5087,24,0,0,0,0.0,23.0,0,100.0,100.0,100.0,100.0,0,24,24,reported_gmt_minus_4_unconverted,1
2025-01-18,24,24,24,1.0,high,True,True,True,True,True,3.1012083333333336,2.8529999999999998,0.9381836743858092,1.608,4.792,1.8706,2.5695,4.125249999999999,4.2761000000000005,24,0,0,0,0.0,23.0,0,100.0,100.0,100.0,100.0,0,24,24,reported_gmt_minus_4_unconverted,1
2025-01-19,24,24,24,1.0,high,True,True,True,True,True,1.616291666666667,1.6005,0.46015266645894315,0.959,2.524,1.1063,1.20875,1.9060000000000001,2.2872,24,0,0,0,0.0,23.0,0,100.0,100.0,100.0,100.0,0,24,24,reported_gmt_minus_4_unconverted,1
2025-01-20,24,24,24,1.0,high,True,True,True,True,True,1.257625,1.2335,0.21666580406740218,1.003,1.775,1.0285,1.08375,1.3835000000000002,1.5331,24,0,0,0,0.0,23.0,0,100.0,100.0,100.0,100.0,0,24,24,reported_gmt_minus_4_unconverted,1
2025-01-21,24,24,24,1.0,high,True,True,True,True,True,2.0215416666666663,1.882,0.4148460142989326,1.404,3.067,1.673,1.7455,2.2352499999999997,2.514,24,0,0,0,0.0,23.0,0,100.0,100.0,100.0,100.0,0,24,24,reported_gmt_minus_4_unconverted,1
2025-01-22,24,24,24,1.0,high,True,True,True,True,True,2.2415,2.278,0.40164163130830943,1.532,2.82,1.7006999999999999,1.871,2.59125,2.7411,24,0,0,0,0.0,23.0,0,100.0,100.0,100.0,100.0,0,24,24,reported_gmt_minus_4_unconverted,1
2025-01-23,24,24,24,1.0,high,True,True,True,True,True,2.4868333333333332,2.4335,0.552532955276576,1.657,3.642,1.8431000000000002,2.048,2.78675,3.1999999999999997,24,0,0,0,0.0,23.0,0,100.0,100.0,100.0,100.0,0,24,24,reported_gmt_minus_4_unconverted,1
2025-01-24,24,24,24,1.0,high,True,True,True,True,True,5.426875,3.8745000000000003,2.8847766745376533,1.862,10.687,2.6119,3.10175,7.84725,9.3742,24,0,0,0,0.0,23.0,0,100.0,100.0,100.0,100.0,0,24,24,reported_gmt_minus_4_unconverted,1
2025-01-25,24,24,24,1.0,high,True,True,True,True,True,4.453375,4.4505,1.0786414084594926,1.764,6.698,3.3874,3.75575,4.9045,5.686599999999999,24,0,0,0,0.0,23.0,0,100.0,100.0,100.0,100.0,0,24,24,reported_gmt_minus_4_unconverted,1
2025-01-26,24,24,24,1.0,high,True,True,True,True,True,4.309208333333333,4.2955000000000005,0.9115502313506163,2.878,5.771,3.1408,3.55975,5.0875,5.505599999999999,24,0,0,0,0.0,23.0,0,100.0,100.0,100.0,100.0,0,24,24,reported_gmt_minus_4_unconverted,1
2025-01-27,24,24,24,1.0,high,True,True,True,True,True,4.0504999999999995,3.9545000000000003,0.558507794504015,3.156,5.057,3.4438,3.5785,4.44125,4.7905999999999995,24,0,0,0,0.0,23.0,0,100.0,100.0,100.0,100.0,0,24,24,reported_gmt_minus_4_unconverted,1
2025-01-28,24,24,24,1.0,high,True,True,True,True,True,3.894083333333333,3.415,1.559515641547684,1.972,6.844,2.3235,2.7037500000000003,5.0995,6.4041999999999994,24,0,0,0,0.0,23.0,0,100.0,100.0,100.0,100.0,0,24,24,reported_gmt_minus_4_unconverted,1
2025-01-29,24,24,24,1.0,high,True,True,True,True,True,2.31725,2.26,0.5519092749955258,1.013,3.471,1.8217,2.1345,2.671,2.7933,24,0,0,0,0.0,23.0,0,100.0,100.0,100.0,100.0,0,24,24,reported_gmt_minus_4_unconverted,1
2025-01-30,24,24,24,1.0,high,True,True,True,True,True,2.3917499999999996,2.175,1.0731304977575615,1.107,4.48,1.2699,1.52125,3.1319999999999997,4.0337,24,0,0,0,0.0,23.0,0,100.0,100.0,100.0,100.0,0,24,24,reported_gmt_minus_4_unconverted,1
2025-01-31,24,24,24,1.0,high,True,True,True,True,True,2.7298333333333336,1.597,2.3113563243193407,1.04,8.295,1.0802,1.4284999999999999,2.70325,6.5778,24,0,0,0,0.0,23.0,0,100.0,100.0,100.0,100.0,0,24,24,reported_gmt_minus_4_unconverted,1
2025-02-01,24,24,24,1.0,high,True,True,True,True,True,2.736541666666666,2.6109999999999998,1.0991295361870868,1.0,5.223,1.4599,1.7777500000000002,3.47175,3.9017,24,0,0,0,0.0,23.0,0,100.0,100.0,100.0,100.0,0,24,24,reported_gmt_minus_4_unconverted,1
2025-02-02,24,24,24,1.0,high,True,True,True,True,True,2.905041666666667,2.9015,0.5423309978526806,2.061,3.882,2.2823,2.4585,3.33125,3.6185,24,0,0,0,0.0,23.0,0,100.0,100.0,100.0,100.0,0,24,24,reported_gmt_minus_4_unconverted,1
2025-02-03,24,24,24,1.0,high,True,True,True,True,True,3.0301666666666667,2.1420000000000003,1.7195512727773328,1.274,6.387,1.6313,1.7485,4.1045,6.1175,24,0,0,0,0.0,23.0,0,100.0,100.0,100.0,100.0,0,24,24,reported_gmt_minus_4_unconverted,1
2025-02-04,24,24,24,1.0,high,True,True,True,True,True,3.2716250000000002,3.107,1.4359172136878984,1.594,7.13,1.8796000000000002,2.2270000000000003,3.6205,5.1411,24,0,0,0,0.0,23.0,0,100.0,100.0,100.0,100.0,0,24,24,reported_gmt_minus_4_unconverted,1
2025-02-05,24,24,24,1.0,high,True,True,True,True,True,3.029666666666666,2.3325,1.3788222973016617,1.625,5.681,1.7599,2.02675,4.2204999999999995,5.2778,24,0,0,0,0.0,23.0,0,100.0,100.0,100.0,100.0,0,24,24,reported_gmt_minus_4_unconverted,1
2025-02-06,24,24,24,1.0,high,True,True,True,True,True,3.2155833333333335,3.059,1.390369357140527,1.463,5.787,1.639,1.95175,4.25175,5.205299999999999,24,0,0,0,0.0,23.0,0,100.0,100.0,100.0,100.0,0,24,24,reported_gmt_minus_4_unconverted,1
2025-02-07,24,24,24,1.0,high,True,True,True,True,True,3.0969166666666665,2.9285,1.012652561417255,1.419,5.298,2.0658,2.32375,3.64125,4.678599999999999,24,0,0,0,0.0,23.0,0,100.0,100.0,100.0,100.0,0,24,24,reported_gmt_minus_4_unconverted,1
2025-02-08,24,24,24,1.0,high,True,True,True,True,True,2.826875,3.0220000000000002,0.6871007338653198,1.46,3.806,1.6688,2.5785,3.3465,3.4371,24,0,0,0,0.0,23.0,0,100.0,100.0,100.0,100.0,0,24,24,reported_gmt_minus_4_unconverted,1
2025-02-09,24,24,24,1.0,high,True,True,True,True,True,2.8331250000000003,2.801,0.38829519390367895,2.3,3.827,2.4149000000000003,2.57525,3.0180000000000002,3.2946,24,0,0,0,0.0,23.0,0,100.0,100.0,100.0,100.0,0,24,24,reported_gmt_minus_4_unconverted,1
2025-02-10,24,24,24,1.0,high,True,True,True,True,True,2.166125,2.1955,0.6283932798259659,1.332,3.742,1.4277,1.6635,2.50375,2.9341999999999997,24,0,0,0,0.0,23.0,0,100.0,100.0,100.0,100.0,0,24,24,reported_gmt_minus_4_unconverted,1
2025-02-11,24,24,24,1.0,high,True,True,True,True,True,1.6058333333333332,1.4235,0.4213249976243854,1.153,2.864,1.2509000000000001,1.34275,1.709,2.1729999999999996,24,0,0,0,0.0,23.0,0,100.0,100.0,100.0,100.0,0,24,24,reported_gmt_minus_4_unconverted,1
2025-02-12,24,24,24,1.0,high,True,True,True,True,True,1.9465416666666666,1.6139999999999999,0.895425183395001,1.031,4.127,1.1638,1.26275,2.55625,2.9546,24,0,0,0,0.0,23.0,0,100.0,100.0,100.0,100.0,0,24,24,reported_gmt_minus_4_unconverted,1
2025-02-13,24,24,24,1.0,high,True,True,True,True,True,3.6772916666666666,3.38,1.9902061173387933,0.941,7.281,1.1414,2.0755,4.9982500000000005,6.5474,24,0,0,0,0.0,23.0,0,100.0,100.0,100.0,100.0,0,24,24,reported_gmt_minus_4_unconverted,1
2025-02-14,24,24,24,1.0,high,True,True,True,True,True,4.162458333333333,3.6975,1.0280709237573848,2.988,6.235,3.1071,3.38025,5.147500000000001,5.6457,24,0,0,0,0.0,23.0,0,100.0,100.0,100.0,100.0,0,24,24,reported_gmt_minus_4_unconverted,1
2025-02-15,24,24,24,1.0,high,True,True,True,True,True,4.510458333333333,4.547499999999999,1.0251223460033259,2.776,7.079,3.3938,3.586,5.161,5.5574,24,0,0,0,0.0,23.0,0,100.0,100.0,100.0,100.0,0,24,24,reported_gmt_minus_4_unconverted,1
2025-02-16,24,24,24,1.0,high,True,True,True,True,True,3.591666666666667,3.4245,1.0213602041721943,2.274,6.845,2.6225,3.06375,3.77725,4.1507,24,0,0,0,0.0,23.0,0,100.0,100.0,100.0,100.0,0,24,24,reported_gmt_minus_4_unconverted,1
2025-02-17,24,24,24,1.0,high,True,True,True,True,True,2.4037916666666668,1.8935,1.584958509377856,0.975,7.898,1.0488,1.2075,3.12975,3.9714999999999994,24,0,0,0,0.0,23.0,0,100.0,100.0,100.0,100.0,0,24,24,reported_gmt_minus_4_unconverted,1
2025-02-18,24,24,24,1.0,high,True,True,True,True,True,2.3430416666666667,2.5115,0.7732040328718386,0.98,4.707,1.3122,2.07,2.61975,2.8085,24,0,0,0,0.0,23.0,0,100.0,100.0,100.0,100.0,0,24,24,reported_gmt_minus_4_unconverted,1
2025-02-19,24,24,24,1.0,high,True,True,True,True,True,2.983416666666667,2.9684999999999997,0.5550679485758765,2.19,3.837,2.258,2.5437499999999997,3.5797499999999998,3.6791,24,0,0,0,0.0,23.0,0,100.0,100.0,100.0,100.0,0,24,24,reported_gmt_minus_4_unconverted,1
2025-02-20,24,24,24,1.0,high,True,True,True,True,True,2.313041666666667,2.2305,0.5288915791882415,1.559,3.931,1.7622,2.037,2.493,2.8989,24,0,0,0,0.0,23.0,0,100.0,100.0,100.0,100.0,0,24,24,reported_gmt_minus_4_unconverted,1
2025-02-21,24,24,24,1.0,high,True,True,True,True,True,3.4938333333333333,3.1985,1.1537244289565054,2.032,5.698,2.1923000000000004,2.5795,4.3845,5.0916,24,0,0,0,0.0,23.0,0,100.0,100.0,100.0,100.0,0,24,24,reported_gmt_minus_4_unconverted,1
2025-02-22,24,24,24,1.0,high,True,True,True,True,True,3.4872083333333337,3.4345,0.9069193425220237,2.187,5.278,2.478,2.7025,3.9855,4.915799999999999,24,0,0,0,0.0,23.0,0,100.0,100.0,100.0,100.0,0,24,24,reported_gmt_minus_4_unconverted,1
2025-02-23,24,24,24,1.0,high,True,True,True,True,True,3.1507083333333337,3.0454999999999997,0.5296778741483533,2.199,4.2,2.5194,2.859,3.47725,3.9530999999999996,24,0,0,0,0.0,23.0,0,100.0,100.0,100.0,100.0,0,24,24,reported_gmt_minus_4_unconverted,1
2025-02-24,24,24,19,0.791667,standard,True,True,True,True,False,2.180684210526316,1.927,0.74518894342543,1.129,4.005,1.5634,1.677,2.683,3.174,19,5,0,0,0.0,23.0,5,0.0,100.0,79.16666666666667,100.0,5,19,19,reported_gmt_minus_4_unconverted,1
2025-02-25,24,24,24,1.0,high,True,True,True,True,True,2.144083333333333,1.9375,1.0182040846367757,1.032,5.194,1.067,1.42775,2.6105,2.8078999999999996,24,0,0,0,0.0,23.0,0,100.0,100.0,100.0,100.0,0,24,24,reported_gmt_minus_4_unconverted,1
2025-02-26,24,24,24,1.0,high,True,True,True,True,True,1.5531666666666668,1.438,0.5566555930513609,0.793,2.599,0.8977,1.057,1.98975,2.3607,24,0,0,0,0.0,23.0,0,100.0,100.0,100.0,100.0,0,24,24,reported_gmt_minus_4_unconverted,1
2025-02-27,24,24,24,1.0,high,True,True,True,True,True,2.4447916666666667,2.0435,0.8527471708067055,1.406,4.086,1.5625,1.81,3.1045,3.7342,24,0,0,0,0.0,23.0,0,100.0,100.0,100.0,100.0,0,24,24,reported_gmt_minus_4_unconverted,1
2025-02-28,24,24,24,1.0,high,True,True,True,True,True,2.8007916666666666,2.753,0.7818269006220187,1.486,4.92,1.9757,2.1585,3.1872499999999997,3.7204999999999995,24,0,0,0,0.0,23.0,0,100.0,100.0,100.0,100.0,0,24,24,reported_gmt_minus_4_unconverted,1
2025-03-01,24,24,24,1.0,high,True,True,True,True,True,1.6371666666666667,1.2855,0.9342691012889104,0.766,3.763,0.7797000000000001,0.9295,2.053,3.1664,24,0,0,0,0.0,23.0,0,100.0,100.0,100.0,100.0,0,24,24,reported_gmt_minus_4_unconverted,1
2025-03-02,24,24,24,1.0,high,True,True,True,True,True,0.807875,0.8049999999999999,0.2505736570525634,0.435,1.411,0.4884,0.6615,0.90175,1.1197,24,0,0,0,0.0,23.0,0,100.0,100.0,100.0,100.0,0,24,24,reported_gmt_minus_4_unconverted,1
2025-03-03,24,24,24,1.0,high,True,True,True,True,True,0.8677916666666666,0.743,0.5159913193714276,0.4,2.406,0.4533,0.55675,0.9345,1.3599999999999999,24,0,0,0,0.0,23.0,0,100.0,100.0,100.0,100.0,0,24,24,reported_gmt_minus_4_unconverted,1
2025-03-04,24,24,9,0.375,weak,False,False,False,False,False,0.8015555555555555,0.853,0.2757132165453404,0.497,1.144,0.5018,0.51,1.006,1.1384,9,15,0,0,0.0,8.0,15,0.0,0.0,37.5,100.0,15,9,9,reported_gmt_minus_4_unconverted,1
2025-03-05,24,24,0,0.0,missing,False,False,False,False,False,,,,,,,,,,0,24,0,0,,,24,0.0,0.0,0.0,0.0,24,0,0,reported_gmt_minus_4_unconverted,1
2025-03-06,24,24,0,0.0,missing,False,False,False,False,False,,,,,,,,,,0,24,0,0,,,24,0.0,0.0,0.0,0.0,24,0,0,reported_gmt_minus_4_unconverted,1
2025-03-07,24,24,0,0.0,missing,False,False,False,False,False,,,,,,,,,,0,24,0,0,,,24,0.0,0.0,0.0,0.0,24,0,0,reported_gmt_minus_4_unconverted,1
2025-03-08,24,24,0,0.0,missing,False,False,False,False,False,,,,,,,,,,0,24,0,0,,,24,0.0,0.0,0.0,0.0,24,0,0,reported_gmt_minus_4_unconverted,1
2025-03-09,24,24,0,0.0,missing,False,False,False,False,False,,,,,,,,,,0,24,0,0,,,24,0.0,0.0,0.0,0.0,24,0,0,reported_gmt_minus_4_unconverted,1
2025-03-10,24,24,0,0.0,missing,False,False,False,False,False,,,,,,,,,,0,24,0,0,,,24,0.0,0.0,0.0,0.0,24,0,0,reported_gmt_minus_4_unconverted,1
2025-03-11,24,24,0,0.0,missing,False,False,False,False,False,,,,,,,,,,0,24,0,0,,,24,0.0,0.0,0.0,0.0,24,0,0,reported_gmt_minus_4_unconverted,1
2025-03-12,24,24,0,0.0,missing,False,False,False,False,False,,,,,,,,,,0,24,0,0,,,24,0.0,0.0,0.0,0.0,24,0,0,reported_gmt_minus_4_unconverted,1
2025-03-13,24,24,0,0.0,missing,False,False,False,False,False,,,,,,,,,,0,24,0,0,,,24,0.0,0.0,0.0,0.0,24,0,0,reported_gmt_minus_4_unconverted,1
2025-03-14,24,24,0,0.0,missing,False,False,False,False,False,,,,,,,,,,0,24,0,0,,,24,0.0,0.0,0.0,0.0,24,0,0,reported_gmt_minus_4_unconverted,1
2025-03-15,24,24,0,0.0,missing,False,False,False,False,False,,,,,,,,,,0,24,0,0,,,24,0.0,0.0,0.0,0.0,24,0,0,reported_gmt_minus_4_unconverted,1
2025-03-16,24,24,0,0.0,missing,False,False,False,False,False,,,,,,,,,,0,24,0,0,,,24,0.0,0.0,0.0,0.0,24,0,0,reported_gmt_minus_4_unconverted,1
2025-03-17,24,24,0,0.0,missing,False,False,False,False,False,,,,,,,,,,0,24,0,0,,,24,0.0,0.0,0.0,0.0,24,0,0,reported_gmt_minus_4_unconverted,1
2025-03-18,24,24,0,0.0,missing,False,False,False,False,False,,,,,,,,,,0,24,0,0,,,24,0.0,0.0,0.0,0.0,24,0,0,reported_gmt_minus_4_unconverted,1
2025-03-19,24,24,0,0.0,missing,False,False,False,False,False,,,,,,,,,,0,24,0,0,,,24,0.0,0.0,0.0,0.0,24,0,0,reported_gmt_minus_4_unconverted,1
2025-03-20,24,24,0,0.0,missing,False,False,False,False,False,,,,,,,,,,0,24,0,0,,,24,0.0,0.0,0.0,0.0,24,0,0,reported_gmt_minus_4_unconverted,1
2025-03-21,24,24,0,0.0,missing,False,False,False,False,False,,,,,,,,,,0,24,0,0,,,24,0.0,0.0,0.0,0.0,24,0,0,reported_gmt_minus_4_unconverted,1
2025-03-22,24,24,0,0.0,missing,False,False,False,False,False,,,,,,,,,,0,24,0,0,,,24,0.0,0.0,0.0,0.0,24,0,0,reported_gmt_minus_4_unconverted,1
2025-03-23,24,24,0,0.0,missing,False,False,False,False,False,,,,,,,,,,0,24,0,0,,,24,0.0,0.0,0.0,0.0,24,0,0,reported_gmt_minus_4_unconverted,1
2025-03-24,24,24,0,0.0,missing,False,False,False,False,False,,,,,,,,,,0,24,0,0,,,24,0.0,0.0,0.0,0.0,24,0,0,reported_gmt_minus_4_unconverted,1
2025-03-25,24,24,0,0.0,missing,False,False,False,False,False,,,,,,,,,,0,24,0,0,,,24,0.0,0.0,0.0,0.0,24,0,0,reported_gmt_minus_4_unconverted,1
2025-03-26,24,24,0,0.0,missing,False,False,False,False,False,,,,,,,,,,0,24,0,0,,,24,0.0,0.0,0.0,0.0,24,0,0,reported_gmt_minus_4_unconverted,1
2025-03-27,24,24,0,0.0,missing,False,False,False,False,False,,,,,,,,,,0,24,0,0,,,24,0.0,0.0,0.0,0.0,24,0,0,reported_gmt_minus_4_unconverted,1
2025-03-28,24,24,0,0.0,missing,False,False,False,False,False,,,,,,,,,,0,24,0,0,,,24,0.0,0.0,0.0,0.0,24,0,0,reported_gmt_minus_4_unconverted,1
2025-03-29,24,24,0,0.0,missing,False,False,False,False,False,,,,,,,,,,0,24,0,0,,,24,0.0,0.0,0.0,0.0,24,0,0,reported_gmt_minus_4_unconverted,1
2025-03-30,24,24,0,0.0,missing,False,False,False,False,False,,,,,,,,,,0,24,0,0,,,24,0.0,0.0,0.0,0.0,24,0,0,reported_gmt_minus_4_unconverted,1
2025-03-31,24,24,0,0.0,missing,False,False,False,False,False,,,,,,,,,,0,24,0,0,,,24,0.0,0.0,0.0,0.0,24,0,0,reported_gmt_minus_4_unconverted,1
2025-04-01,24,24,0,0.0,missing,False,False,False,False,False,,,,,,,,,,0,24,0,0,,,24,0.0,0.0,0.0,0.0,24,0,0,reported_gmt_minus_4_unconverted,1
2025-04-02,24,24,0,0.0,missing,False,False,False,False,False,,,,,,,,,,0,24,0,0,,,24,0.0,0.0,0.0,0.0,24,0,0,reported_gmt_minus_4_unconverted,1
2025-04-03,24,24,0,0.0,missing,False,False,False,False,False,,,,,,,,,,0,24,0,0,,,24,0.0,0.0,0.0,0.0,24,0,0,reported_gmt_minus_4_unconverted,1
2025-04-04,24,24,0,0.0,missing,False,False,False,False,False,,,,,,,,,,0,24,0,0,,,24,0.0,0.0,0.0,0.0,24,0,0,reported_gmt_minus_4_unconverted,1
2025-04-05,24,24,24,1.0,high,True,True,True,True,True,1.504875,1.406,0.3390539667830246,1.114,2.229,1.1509,1.2152500000000002,1.762,1.9707999999999999,24,0,0,0,0.0,23.0,0,100.0,100.0,100.0,100.0,0,24,24,reported_gmt_minus_4_unconverted,1
2025-04-06,24,24,24,1.0,high,True,True,True,True,True,1.780333333333333,1.658,0.6597640992556859,0.874,3.159,1.0139,1.33575,2.0439999999999996,2.9167999999999994,24,0,0,0,0.0,23.0,0,100.0,100.0,100.0,100.0,0,24,24,reported_gmt_minus_4_unconverted,1
2025-04-07,24,24,24,1.0,high,True,True,True,True,True,1.270875,1.2305,0.5588044156947939,0.348,2.689,0.6294,0.8062499999999999,1.6760000000000002,1.8456,24,0,0,0,0.0,23.0,0,100.0,100.0,100.0,100.0,0,24,24,reported_gmt_minus_4_unconverted,1
2025-04-08,24,24,24,1.0,high,True,True,True,True,True,1.5976666666666668,0.871,1.4638088989870306,0.381,5.22,0.6252,0.71075,1.748,4.291899999999999,24,0,0,0,0.0,23.0,0,100.0,100.0,100.0,100.0,0,24,24,reported_gmt_minus_4_unconverted,1
2025-04-09,24,24,24,1.0,high,True,True,True,True,True,2.8945833333333333,1.7974999999999999,2.97324841993848,0.562,11.393,0.755,1.19575,3.021,7.121599999999997,24,0,0,0,0.0,23.0,0,100.0,100.0,100.0,100.0,0,24,24,reported_gmt_minus_4_unconverted,1
2025-04-10,24,24,24,1.0,high,True,True,True,True,True,3.979125,3.5655,2.296507562298816,1.166,9.161,1.736,2.2865,4.639749999999999,7.284199999999999,24,0,0,0,0.0,23.0,0,100.0,100.0,100.0,100.0,0,24,24,reported_gmt_minus_4_unconverted,1
2025-04-11,24,24,24,1.0,high,True,True,True,True,True,1.9968750000000002,1.4235000000000002,1.5104552239956177,0.291,5.162,0.6611,0.79475,3.2605,4.059,24,0,0,0,0.0,23.0,0,100.0,100.0,100.0,100.0,0,24,24,reported_gmt_minus_4_unconverted,1
2025-04-12,24,24,24,1.0,high,True,True,True,True,True,1.852625,1.7890000000000001,1.1113034185331556,0.421,3.785,0.6428,0.79125,2.51125,3.6677,24,0,0,0,0.0,23.0,0,100.0,100.0,100.0,100.0,0,24,24,reported_gmt_minus_4_unconverted,1
2025-04-13,24,24,24,1.0,high,True,True,True,True,True,4.7279583333333335,4.456,1.959207836349807,1.391,7.912,2.6146,3.23125,6.33575,7.4288,24,0,0,0,0.0,23.0,0,100.0,100.0,100.0,100.0,0,24,24,reported_gmt_minus_4_unconverted,1
2025-04-14,24,24,24,1.0,high,True,True,True,True,True,5.224,4.8405000000000005,1.6811578049717377,2.985,9.184,3.8029,3.94825,5.97575,7.7039,24,0,0,0,0.0,23.0,0,100.0,100.0,100.0,100.0,0,24,24,reported_gmt_minus_4_unconverted,1
2025-04-15,24,24,24,1.0,high,True,True,True,True,True,5.811916666666666,5.8325,1.2466419212067852,3.667,8.955,4.2328,5.052250000000001,6.2677499999999995,7.359699999999999,24,0,0,0,0.0,23.0,0,100.0,100.0,100.0,100.0,0,24,24,reported_gmt_minus_4_unconverted,1
2025-04-16,24,24,24,1.0,high,True,True,True,True,True,3.574333333333333,3.5065,1.1283774294040119,1.728,5.552,2.2133,2.71625,4.2405,5.1560999999999995,24,0,0,0,0.0,23.0,0,100.0,100.0,100.0,100.0,0,24,24,reported_gmt_minus_4_unconverted,1
2025-04-17,24,24,24,1.0,high,True,True,True,True,True,4.448708333333333,3.979,1.4828875321382315,1.696,6.701,2.603,3.63075,5.96275,6.3415,24,0,0,0,0.0,23.0,0,100.0,100.0,100.0,100.0,0,24,24,reported_gmt_minus_4_unconverted,1
2025-04-18,24,24,24,1.0,high,True,True,True,True,True,4.422416666666667,4.1114999999999995,1.1245538600075904,3.065,6.441,3.2261,3.43175,5.06825,6.1368,24,0,0,0,0.0,23.0,0,100.0,100.0,100.0,100.0,0,24,24,reported_gmt_minus_4_unconverted,1
2025-04-19,24,24,24,1.0,high,True,True,True,True,True,3.3373333333333335,3.0845000000000002,0.8685945502670526,1.861,5.108,2.5364999999999998,2.68175,3.9844999999999997,4.5194,24,0,0,0,0.0,23.0,0,100.0,100.0,100.0,100.0,0,24,24,reported_gmt_minus_4_unconverted,1
2025-04-20,24,24,24,1.0,high,True,True,True,True,True,3.049666666666667,2.8994999999999997,0.772460927204717,1.561,4.539,2.3304,2.65,3.215,4.3164,24,0,0,0,0.0,23.0,0,100.0,100.0,100.0,100.0,0,24,24,reported_gmt_minus_4_unconverted,1
2025-04-21,24,24,24,1.0,high,True,True,True,True,True,3.622458333333333,3.778,1.2062046109204678,1.061,6.269,2.3214,3.0015,4.24875,4.7058,24,0,0,0,0.0,23.0,0,100.0,100.0,100.0,100.0,0,24,24,reported_gmt_minus_4_unconverted,1
2025-04-22,24,24,24,1.0,high,True,True,True,True,True,5.106625,4.7905,1.045832674807807,3.603,7.097,3.8948,4.31025,6.017,6.5581,24,0,0,0,0.0,23.0,0,100.0,100.0,100.0,100.0,0,24,24,reported_gmt_minus_4_unconverted,1
2025-04-23,24,24,24,1.0,high,True,True,True,True,True,6.800416666666666,7.0600000000000005,1.6122702038259367,3.806,8.946,4.1944,5.72625,8.04875,8.6887,24,0,0,0,0.0,23.0,0,100.0,100.0,100.0,100.0,0,24,24,reported_gmt_minus_4_unconverted,1
2025-04-24,24,24,24,1.0,high,True,True,True,True,True,7.527708333333333,6.7875,2.4124055373111037,4.294,13.084,5.0625,5.9575,8.49175,10.6175,24,0,0,0,0.0,23.0,0,100.0,100.0,100.0,100.0,0,24,24,reported_gmt_minus_4_unconverted,1
2025-04-25,24,24,24,1.0,high,True,True,True,True,True,6.11375,5.0634999999999994,3.7909482150993856,1.595,14.849,2.6319000000000004,3.2575,7.75825,11.924999999999997,24,0,0,0,0.0,23.0,0,100.0,100.0,100.0,100.0,0,24,24,reported_gmt_minus_4_unconverted,1
2025-04-26,24,24,24,1.0,high,True,True,True,True,True,4.907333333333333,5.1955,1.7887982282664738,1.792,8.766,2.3609,3.7087499999999998,6.15225,6.7246,24,0,0,0,0.0,23.0,0,100.0,100.0,100.0,100.0,0,24,24,reported_gmt_minus_4_unconverted,1
2025-04-27,24,24,24,1.0,high,True,True,True,True,True,5.041125,3.0905,3.769078267122567,1.06,11.131,1.3111,1.5997499999999998,8.6205,9.9582,24,0,0,0,0.0,23.0,0,100.0,100.0,100.0,100.0,0,24,24,reported_gmt_minus_4_unconverted,1
2025-04-28,24,24,24,1.0,high,True,True,True,True,True,9.086500000000001,9.736999999999998,2.182902176700431,4.879,12.846,6.1224,7.53575,10.48575,11.4156,24,0,0,0,0.0,23.0,0,100.0,100.0,100.0,100.0,0,24,24,reported_gmt_minus_4_unconverted,1
2025-04-29,24,24,24,1.0,high,True,True,True,True,True,6.020458333333334,7.199,2.611331144457649,1.825,9.758,2.2778,3.5865,8.08575,8.6162,24,0,0,0,0.0,23.0,0,100.0,100.0,100.0,100.0,0,24,24,reported_gmt_minus_4_unconverted,1
2025-04-30,24,24,24,1.0,high,True,True,True,True,True,4.0975,4.229,0.8390161422502679,2.206,5.887,3.0963000000000003,3.55575,4.4355,5.059199999999999,24,0,0,0,0.0,23.0,0,100.0,100.0,100.0,100.0,0,24,24,reported_gmt_minus_4_unconverted,1
2025-05-01,24,24,24,1.0,high,True,True,True,True,True,3.9470000000000005,3.9725,0.44695900016230455,3.171,5.224,3.4118999999999997,3.6159999999999997,4.08,4.4759,24,0,0,0,0.0,23.0,0,100.0,100.0,100.0,100.0,0,24,24,reported_gmt_minus_4_unconverted,1
2025-05-02,24,24,24,1.0,high,True,True,True,True,True,3.9635416666666665,3.997,0.4858414465974307,3.072,4.909,3.31,3.6155,4.2815,4.5821000000000005,24,0,0,0,0.0,23.0,0,100.0,100.0,100.0,100.0,0,24,24,reported_gmt_minus_4_unconverted,1
2025-05-03,24,24,24,1.0,high,True,True,True,True,True,3.3706666666666663,3.23,0.48653510232777797,2.652,4.305,2.9244,3.013,3.6959999999999997,4.1907000000000005,24,0,0,0,0.0,23.0,0,100.0,100.0,100.0,100.0,0,24,24,reported_gmt_minus_4_unconverted,1
2025-05-04,24,24,24,1.0,high,True,True,True,True,True,2.825958333333334,2.7329999999999997,0.44153324550259854,2.006,3.835,2.3464,2.579,3.1494999999999997,3.4438,24,0,0,0,0.0,23.0,0,100.0,100.0,100.0,100.0,0,24,24,reported_gmt_minus_4_unconverted,1
2025-05-05,24,24,24,1.0,high,True,True,True,True,True,3.610875,3.5585,0.7941245829596699,2.653,5.126,2.7534,2.99725,4.0045,4.9346,24,0,0,0,0.0,23.0,0,100.0,100.0,100.0,100.0,0,24,24,reported_gmt_minus_4_unconverted,1
2025-05-06,24,24,24,1.0,high,True,True,True,True,True,4.2085,4.2044999999999995,0.9592291289046275,2.71,6.567,3.1078,3.4185,4.79,5.2723,24,0,0,0,0.0,23.0,0,100.0,100.0,100.0,100.0,0,24,24,reported_gmt_minus_4_unconverted,1
2025-05-07,24,24,24,1.0,high,True,True,True,True,True,3.6369583333333337,3.5345,0.6600564850115459,2.699,4.888,2.8969,3.216,4.00425,4.7674,24,0,0,0,0.0,23.0,0,100.0,100.0,100.0,100.0,0,24,24,reported_gmt_minus_4_unconverted,1
2025-05-08,24,24,24,1.0,high,True,True,True,True,True,4.907,4.764,1.2829139725131866,3.059,7.994,3.6029999999999998,3.927,5.7505,6.2388,24,0,0,0,0.0,23.0,0,100.0,100.0,100.0,100.0,0,24,24,reported_gmt_minus_4_unconverted,1
2025-05-09,24,24,21,0.875,standard,True,True,True,True,False,3.166714285714286,1.532,2.2592450540580393,0.861,6.592,0.915,1.158,5.199,6.082,21,3,0,0,0.0,23.0,3,0.0,100.0,87.5,100.0,3,21,21,reported_gmt_minus_4_unconverted,1
2025-05-10,24,24,24,1.0,high,True,True,True,True,True,0.9394166666666667,0.8465,0.3099019363362022,0.635,1.621,0.6466000000000001,0.6849999999999999,1.10975,1.4638999999999998,24,0,0,0,0.0,23.0,0,100.0,100.0,100.0,100.0,0,24,24,reported_gmt_minus_4_unconverted,1
2025-05-11,24,24,24,1.0,high,True,True,True,True,True,1.2906666666666666,1.0670000000000002,0.41249133499902196,0.821,1.97,0.8643,0.9989999999999999,1.65525,1.9045999999999998,24,0,0,0,0.0,23.0,0,100.0,100.0,100.0,100.0,0,24,24,reported_gmt_minus_4_unconverted,1
2025-05-12,24,24,24,1.0,high,True,True,True,True,True,1.328375,1.3495,0.18613431627631744,0.916,1.565,1.0656,1.2595,1.48025,1.5505,24,0,0,0,0.0,23.0,0,100.0,100.0,100.0,100.0,0,24,24,reported_gmt_minus_4_unconverted,1
2025-05-13,24,24,24,1.0,high,True,True,True,True,True,1.2669166666666667,1.277,0.16935296730861224,1.007,1.518,1.0435999999999999,1.11725,1.4049999999999998,1.4756,24,0,0,0,0.0,23.0,0,100.0,100.0,100.0,100.0,0,24,24,reported_gmt_minus_4_unconverted,1
2025-05-14,24,24,24,1.0,high,True,True,True,True,True,1.1607916666666667,1.1825,0.24487742793108747,0.715,1.551,0.7862,0.9755,1.33225,1.4638,24,0,0,0,0.0,23.0,0,100.0,100.0,100.0,100.0,0,24,24,reported_gmt_minus_4_unconverted,1
2025-05-15,24,24,24,1.0,high,True,True,True,True,True,1.1329583333333333,1.133,0.17453403285086955,0.836,1.443,0.9153,0.99925,1.2625,1.3635,24,0,0,0,0.0,23.0,0,100.0,100.0,100.0,100.0,0,24,24,reported_gmt_minus_4_unconverted,1
2025-05-16,24,24,24,1.0,high,True,True,True,True,True,1.1276666666666666,1.1435,0.165070911420218,0.832,1.339,0.8845000000000001,1.0325,1.2935,1.3264,24,0,0,0,0.0,23.0,0,100.0,100.0,100.0,100.0,0,24,24,reported_gmt_minus_4_unconverted,1
2025-05-17,24,24,24,1.0,high,True,True,True,True,True,1.135375,1.0550000000000002,0.25860105458946336,0.781,1.764,0.887,0.9562499999999999,1.22825,1.5184,24,0,0,0,0.0,23.0,0,100.0,100.0,100.0,100.0,0,24,24,reported_gmt_minus_4_unconverted,1
2025-05-18,24,24,24,1.0,high,True,True,True,True,True,1.9065416666666666,1.4969999999999999,0.8487932599805478,0.955,3.55,1.1354,1.34375,2.26875,3.441,24,0,0,0,0.0,23.0,0,100.0,100.0,100.0,100.0,0,24,24,reported_gmt_minus_4_unconverted,1
2025-05-19,24,24,24,1.0,high,True,True,True,True,True,3.4083749999999995,3.2439999999999998,1.4226914729392008,1.591,6.365,1.7870000000000001,2.2885,4.52375,5.4879999999999995,24,0,0,0,0.0,23.0,0,100.0,100.0,100.0,100.0,0,24,24,reported_gmt_minus_4_unconverted,1
2025-05-20,24,24,24,1.0,high,True,True,True,True,True,4.644458333333334,4.551,2.099827135311001,1.624,7.717,1.8984,2.78475,6.84375,7.1272,24,0,0,0,0.0,23.0,0,100.0,100.0,100.0,100.0,0,24,24,reported_gmt_minus_4_unconverted,1
2025-05-21,24,24,24,1.0,high,True,True,True,True,True,5.857499999999999,5.5175,1.7634393272436582,2.957,9.078,3.7191,4.72675,7.22725,8.0386,24,0,0,0,0.0,23.0,0,100.0,100.0,100.0,100.0,0,24,24,reported_gmt_minus_4_unconverted,1
2025-05-22,24,24,24,1.0,high,True,True,True,True,True,1.672125,1.48,0.5558685575393428,1.015,3.248,1.1316,1.35775,1.76775,2.4760999999999997,24,0,0,0,0.0,23.0,0,100.0,100.0,100.0,100.0,0,24,24,reported_gmt_minus_4_unconverted,1
2025-05-23,24,24,24,1.0,high,True,True,True,True,True,1.4480833333333336,1.44,0.15334953443080593,1.213,1.655,1.2424,1.32275,1.5825,1.6283,24,0,0,0,0.0,23.0,0,100.0,100.0,100.0,100.0,0,24,24,reported_gmt_minus_4_unconverted,1
2025-05-24,24,24,24,1.0,high,True,True,True,True,True,0.990625,1.0390000000000001,0.20988067261930154,0.694,1.422,0.7179,0.8105,1.116,1.2334,24,0,0,0,0.0,23.0,0,100.0,100.0,100.0,100.0,0,24,24,reported_gmt_minus_4_unconverted,1
2025-05-25,24,24,24,1.0,high,True,True,True,True,True,1.6768750000000001,1.616,0.5494078482290293,0.867,2.721,1.0289000000000001,1.22675,2.13075,2.3507,24,0,0,0,0.0,23.0,0,100.0,100.0,100.0,100.0,0,24,24,reported_gmt_minus_4_unconverted,1
2025-05-26,24,24,24,1.0,high,True,True,True,True,True,1.734791666666667,1.8075,0.301514867924801,1.055,2.161,1.2809000000000001,1.564,1.9425000000000001,2.0933,24,0,0,0,0.0,23.0,0,100.0,100.0,100.0,100.0,0,24,24,reported_gmt_minus_4_unconverted,1
2025-05-27,24,24,24,1.0,high,True,True,True,True,True,1.602,1.486,0.4912993420291349,1.025,2.46,1.094,1.1640000000000001,1.943,2.3783,24,0,0,0,0.0,23.0,0,100.0,100.0,100.0,100.0,0,24,24,reported_gmt_minus_4_unconverted,1
2025-05-28,24,24,24,1.0,high,True,True,True,True,True,1.5616666666666668,1.6905000000000001,0.4420423614037034,0.739,2.143,0.9621,1.1204999999999998,1.93325,2.0837,24,0,0,0,0.0,23.0,0,100.0,100.0,100.0,100.0,0,24,24,reported_gmt_minus_4_unconverted,1
2025-05-29,24,24,24,1.0,high,True,True,True,True,True,1.2615,1.099,0.406100972665666,0.814,2.092,0.9016000000000001,0.9615,1.54175,1.9466999999999999,24,0,0,0,0.0,23.0,0,100.0,100.0,100.0,100.0,0,24,24,reported_gmt_minus_4_unconverted,1
2025-05-30,24,24,24,1.0,high,True,True,True,True,True,0.7722083333333334,0.7625,0.20350749995081724,0.476,1.165,0.5274,0.62025,0.87375,1.0957,24,0,0,0,0.0,23.0,0,100.0,100.0,100.0,100.0,0,24,24,reported_gmt_minus_4_unconverted,1
2025-05-31,24,24,24,1.0,high,True,True,True,True,True,1.1402916666666667,0.915,0.3462726343776542,0.808,1.82,0.8575,0.8825000000000001,1.46575,1.6924000000000001,24,0,0,0,0.0,23.0,0,100.0,100.0,100.0,100.0,0,24,24,reported_gmt_minus_4_unconverted,1
2025-06-01,24,24,24,1.0,high,True,True,True,True,True,1.7822083333333332,1.6869999999999998,0.31569137090941624,1.317,2.384,1.4102000000000001,1.53225,2.0837499999999998,2.1445999999999996,24,0,0,0,0.0,23.0,0,100.0,100.0,100.0,100.0,0,24,24,reported_gmt_minus_4_unconverted,2
2025-06-02,24,24,24,1.0,high,True,True,True,True,True,1.9290416666666665,1.9380000000000002,0.4084341763972199,1.333,2.772,1.4168,1.5662500000000001,2.1952499999999997,2.4068,24,0,0,0,0.0,23.0,0,100.0,100.0,100.0,100.0,0,24,24,reported_gmt_minus_4_unconverted,2
2025-06-03,24,24,24,1.0,high,True,True,True,True,True,2.187125,2.122,0.46405484238302097,1.221,3.263,1.6663999999999999,1.92975,2.51275,2.6642,24,0,0,0,0.0,23.0,0,100.0,100.0,100.0,100.0,0,24,24,reported_gmt_minus_4_unconverted,2
2025-06-04,24,24,24,1.0,high,True,True,True,True,True,1.9458333333333335,1.908,0.49612749647003357,0.875,2.857,1.2497000000000003,1.71075,2.315,2.4877000000000002,24,0,0,0,0.0,23.0,0,100.0,100.0,100.0,100.0,0,24,24,reported_gmt_minus_4_unconverted,2
2025-06-05,24,24,24,1.0,high,True,True,True,True,True,3.3862500000000004,2.927,1.2905501438971843,1.722,5.782,1.9317000000000002,2.45575,4.70125,5.2391,24,0,0,0,0.0,23.0,0,100.0,100.0,100.0,100.0,0,24,24,reported_gmt_minus_4_unconverted,2
2025-06-06,24,24,24,1.0,high,True,True,True,True,True,3.3037083333333332,3.189,1.2233246033432532,1.487,6.192,1.8042,2.24425,4.2627500000000005,4.5116,24,0,0,0,0.0,23.0,0,100.0,100.0,100.0,100.0,0,24,24,reported_gmt_minus_4_unconverted,2
2025-06-07,24,24,24,1.0,high,True,True,True,True,True,3.1073749999999998,2.9195,1.0558596255719996,0.842,4.635,1.8683,2.384,4.187749999999999,4.427099999999999,24,0,0,0,0.0,23.0,0,100.0,100.0,100.0,100.0,0,24,24,reported_gmt_minus_4_unconverted,2
2025-06-08,24,24,24,1.0,high,True,True,True,True,True,3.5224583333333332,3.5839999999999996,0.8672135276483133,1.981,5.007,2.4537,2.93175,4.118,4.718500000000001,24,0,0,0,0.0,23.0,0,100.0,100.0,100.0,100.0,0,24,24,reported_gmt_minus_4_unconverted,2
2025-06-09,24,24,24,1.0,high,True,True,True,True,True,3.264375,3.326,0.8626510107247006,1.366,5.345,2.4101999999999997,2.901,3.6572500000000003,4.0882,24,0,0,0,0.0,23.0,0,100.0,100.0,100.0,100.0,0,24,24,reported_gmt_minus_4_unconverted,2
2025-06-10,24,24,24,1.0,high,True,True,True,True,True,3.0408749999999998,3.0095,0.5071921265761817,2.035,3.934,2.3817,2.7560000000000002,3.33275,3.7104,24,0,0,0,0.0,23.0,0,100.0,100.0,100.0,100.0,0,24,24,reported_gmt_minus_4_unconverted,2
2025-06-11,24,24,24,1.0,high,True,True,True,True,True,3.971458333333333,4.349,0.9429611536637341,2.087,5.104,2.4059,3.39175,4.58975,4.8342,24,0,0,0,0.0,23.0,0,100.0,100.0,100.0,100.0,0,24,24,reported_gmt_minus_4_unconverted,2
2025-06-12,24,24,24,1.0,high,True,True,True,True,True,1.60075,1.5394999999999999,0.4215170582963192,1.172,2.452,1.1875,1.2337500000000001,1.7205,2.3470999999999997,24,0,0,0,0.0,23.0,0,100.0,100.0,100.0,100.0,0,24,24,reported_gmt_minus_4_unconverted,2
2025-06-13,24,24,24,1.0,high,True,True,True,True,True,1.514083333333333,1.4485000000000001,0.390644385895771,0.914,2.134,1.0462,1.22925,1.9045,1.9625,24,0,0,0,0.0,23.0,0,100.0,100.0,100.0,100.0,0,24,24,reported_gmt_minus_4_unconverted,2
2025-06-14,24,24,24,1.0,high,True,True,True,True,True,0.8789583333333333,0.7905,0.2384414027308007,0.685,1.584,0.7118,0.7275,0.87625,1.2786999999999997,24,0,0,0,0.0,23.0,0,100.0,100.0,100.0,100.0,0,24,24,reported_gmt_minus_4_unconverted,2
2025-06-15,24,24,24,1.0,high,True,True,True,True,True,0.9291666666666668,0.923,0.16695812197300738,0.676,1.283,0.7605000000000001,0.78825,0.99975,1.1663999999999999,24,0,0,0,0.0,23.0,0,100.0,100.0,100.0,100.0,0,24,24,reported_gmt_minus_4_unconverted,2
2025-06-16,24,24,24,1.0,high,True,True,True,True,True,0.7383333333333333,0.764,0.14595969266909944,0.539,0.944,0.5592,0.5912499999999999,0.86975,0.9294,24,0,0,0,0.0,23.0,0,100.0,100.0,100.0,100.0,0,24,24,reported_gmt_minus_4_unconverted,2
2025-06-17,24,24,24,1.0,high,True,True,True,True,True,0.863,0.752,0.22670628383535107,0.578,1.386,0.624,0.704,1.017,1.1524999999999999,24,0,0,0,0.0,23.0,0,100.0,100.0,100.0,100.0,0,24,24,reported_gmt_minus_4_unconverted,2
2025-06-18,24,24,24,1.0,high,True,True,True,True,True,0.7492083333333334,0.819,0.18359951197402855,0.421,1.008,0.4444,0.63875,0.8915,0.9054,24,0,0,0,0.0,23.0,0,100.0,100.0,100.0,100.0,0,24,24,reported_gmt_minus_4_unconverted,2
2025-06-19,24,24,24,1.0,high,True,True,True,True,True,0.6252916666666667,0.6525000000000001,0.10921597238127949,0.416,0.785,0.4621,0.534,0.7024999999999999,0.7487,24,0,0,0,0.0,23.0,0,100.0,100.0,100.0,100.0,0,24,24,reported_gmt_minus_4_unconverted,2
2025-06-20,24,24,24,1.0,high,True,True,True,True,True,0.5818333333333333,0.587,0.11311658728427311,0.417,0.762,0.4413,0.479,0.6904999999999999,0.7284999999999999,24,0,0,0,0.0,23.0,0,100.0,100.0,100.0,100.0,0,24,24,reported_gmt_minus_4_unconverted,2
2025-06-21,24,24,24,1.0,high,True,True,True,True,True,0.8294999999999999,0.781,0.13054234695234374,0.656,1.102,0.71,0.734,0.9524999999999999,0.9994,24,0,0,0,0.0,23.0,0,100.0,100.0,100.0,100.0,0,24,24,reported_gmt_minus_4_unconverted,2
2025-06-22,24,24,24,1.0,high,True,True,True,True,True,0.7893333333333333,0.7715000000000001,0.0836081266419701,0.579,0.973,0.7288,0.74325,0.8087500000000001,0.9093,24,0,0,0,0.0,23.0,0,100.0,100.0,100.0,100.0,0,24,24,reported_gmt_minus_4_unconverted,2
2025-06-23,24,24,24,1.0,high,True,True,True,True,True,0.6732916666666666,0.6745000000000001,0.17488716341554697,0.371,0.968,0.4419,0.5619999999999999,0.77725,0.8911,24,0,0,0,0.0,23.0,0,100.0,100.0,100.0,100.0,0,24,24,reported_gmt_minus_4_unconverted,2
2025-06-24,24,24,24,1.0,high,True,True,True,True,True,1.0599583333333333,0.71,0.613272439577165,0.473,2.137,0.4954,0.5775,1.65475,2.0082,24,0,0,0,0.0,23.0,0,100.0,100.0,100.0,100.0,0,24,24,reported_gmt_minus_4_unconverted,2
2025-06-25,24,24,24,1.0,high,True,True,True,True,True,1.9756250000000002,1.927,0.3169617742005301,1.496,2.504,1.6169,1.73425,2.1615,2.4638,24,0,0,0,0.0,23.0,0,100.0,100.0,100.0,100.0,0,24,24,reported_gmt_minus_4_unconverted,2
2025-06-26,24,24,24,1.0,high,True,True,True,True,True,1.9261666666666668,1.94,0.22127076992496864,1.569,2.391,1.6241,1.806,2.0549999999999997,2.1896,24,0,0,0,0.0,23.0,0,100.0,100.0,100.0,100.0,0,24,24,reported_gmt_minus_4_unconverted,2
2025-06-27,24,24,24,1.0,high,True,True,True,True,True,1.7756666666666667,1.725,0.3060775216760654,1.31,2.512,1.4909,1.57025,1.89775,2.1536,24,0,0,0,0.0,23.0,0,100.0,100.0,100.0,100.0,0,24,24,reported_gmt_minus_4_unconverted,2
2025-06-28,24,24,24,1.0,high,True,True,True,True,True,1.6400416666666668,1.54,0.30829072659009593,1.197,2.311,1.3093000000000001,1.47,1.84125,2.0963000000000003,24,0,0,0,0.0,23.0,0,100.0,100.0,100.0,100.0,0,24,24,reported_gmt_minus_4_unconverted,1
2025-06-29,24,24,24,1.0,high,True,True,True,True,True,1.6480833333333333,1.7705,0.4001012824671824,1.01,2.305,1.1303,1.26925,1.9375,2.131,24,0,0,0,0.0,23.0,0,100.0,100.0,100.0,100.0,0,24,24,reported_gmt_minus_4_unconverted,1
2025-06-30,24,24,24,1.0,high,True,True,True,True,True,1.7664583333333335,1.827,0.31254411572666396,0.984,2.407,1.3614000000000002,1.5990000000000002,1.9045,2.1164,24,0,0,0,0.0,23.0,0,100.0,100.0,100.0,100.0,0,24,24,reported_gmt_minus_4_unconverted,1
2025-07-01,24,24,24,1.0,high,True,True,True,True,True,1.78975,1.8685,0.3873623458165774,1.081,2.437,1.2892000000000001,1.5322500000000001,2.07,2.2591,24,0,0,0,0.0,23.0,0,100.0,100.0,100.0,100.0,0,24,24,reported_gmt_minus_4_unconverted,1
2025-07-02,24,24,24,1.0,high,True,True,True,True,True,1.653583333333333,1.696,0.2353530034477658,1.197,2.056,1.359,1.49125,1.814,1.9449,24,0,0,0,0.0,23.0,0,100.0,100.0,100.0,100.0,0,24,24,reported_gmt_minus_4_unconverted,1
2025-07-03,24,24,24,1.0,high,True,True,True,True,True,1.8147083333333331,1.542,0.6004552243500554,1.194,3.082,1.2107,1.28725,2.3955,2.5305,24,0,0,0,0.0,23.0,0,100.0,100.0,100.0,100.0,0,24,24,reported_gmt_minus_4_unconverted,1
2025-07-04,24,24,24,1.0,high,True,True,True,True,True,1.8895833333333332,1.8175,0.34745658679919267,1.426,2.508,1.4689,1.6059999999999999,2.13775,2.3748,24,0,0,0,0.0,23.0,0,100.0,100.0,100.0,100.0,0,24,24,reported_gmt_minus_4_unconverted,1
2025-07-05,24,24,24,1.0,high,True,True,True,True,True,1.673375,1.6604999999999999,0.11197973904471176,1.444,1.934,1.5459,1.6207500000000001,1.7345000000000002,1.8154000000000001,24,0,0,0,0.0,23.0,0,100.0,100.0,100.0,100.0,0,24,24,reported_gmt_minus_4_unconverted,1
2025-07-06,24,24,24,1.0,high,True,True,True,True,True,1.283625,1.2785,0.1376766256881304,1.011,1.525,1.0997000000000001,1.2125000000000001,1.40075,1.4238,24,0,0,0,0.0,23.0,0,100.0,100.0,100.0,100.0,0,24,24,reported_gmt_minus_4_unconverted,1
2025-07-07,24,24,13,0.541667,partial,False,True,False,False,False,1.6586153846153844,1.358,0.5097114442606291,1.078,2.577,1.163,1.24,2.135,2.2356000000000003,13,11,0,0,0.0,23.0,11,0.0,100.0,54.166666666666664,100.0,11,13,13,reported_gmt_minus_4_unconverted,1
2025-07-08,24,24,24,1.0,high,True,True,True,True,True,1.968875,1.9529999999999998,0.18839858591272132,1.639,2.325,1.7601,1.83275,2.1399999999999997,2.1998,24,0,0,0,0.0,23.0,0,100.0,100.0,100.0,100.0,0,24,24,reported_gmt_minus_4_unconverted,1
2025-07-09,24,24,24,1.0,high,True,True,True,True,True,1.5651666666666666,1.504,0.261467042842408,1.201,2.19,1.2791,1.39075,1.68475,1.9462,24,0,0,0,0.0,23.0,0,100.0,100.0,100.0,100.0,0,24,24,reported_gmt_minus_4_unconverted,1
2025-07-10,24,24,24,1.0,high,True,True,True,True,True,1.0735416666666666,1.03,0.19911455718771034,0.828,1.561,0.8676,0.91125,1.16725,1.3341999999999998,24,0,0,0,0.0,23.0,0,100.0,100.0,100.0,100.0,0,24,24,reported_gmt_minus_4_unconverted,1
2025-07-11,24,24,24,1.0,high,True,True,True,True,True,1.0219583333333333,1.004,0.11383912339126981,0.842,1.264,0.8979,0.9327500000000001,1.09325,1.1654,24,0,0,0,0.0,23.0,0,100.0,100.0,100.0,100.0,0,24,24,reported_gmt_minus_4_unconverted,1
2025-07-12,24,24,24,1.0,high,True,True,True,True,True,0.9699583333333334,0.94,0.0979411887270895,0.779,1.193,0.8824,0.9145000000000001,1.0135,1.115,24,0,0,0,0.0,23.0,0,100.0,100.0,100.0,100.0,0,24,24,reported_gmt_minus_4_unconverted,1
2025-07-13,24,24,24,1.0,high,True,True,True,True,True,0.8694583333333333,0.8594999999999999,0.1036092068960244,0.707,1.179,0.7575000000000001,0.7995000000000001,0.9275,0.9611999999999999,24,0,0,0,0.0,23.0,0,100.0,100.0,100.0,100.0,0,24,24,reported_gmt_minus_4_unconverted,1
2025-07-14,24,24,9,0.375,weak,False,False,False,False,False,4.516888888888889,0.801,11.201896306479144,0.697,34.388,0.7066,0.725,0.855,7.604000000000005,9,15,0,0,0.0,12.0,11,0.0,0.0,37.5,100.0,15,9,9,reported_gmt_minus_4_unconverted,1
2025-07-15,24,24,0,0.0,missing,False,False,False,False,False,,,,,,,,,,0,24,0,0,,,24,0.0,0.0,0.0,0.0,24,0,0,reported_gmt_minus_4_unconverted,1
2025-07-16,24,24,0,0.0,missing,False,False,False,False,False,,,,,,,,,,0,24,0,0,,,24,0.0,0.0,0.0,0.0,24,0,0,reported_gmt_minus_4_unconverted,1
2025-07-17,24,24,0,0.0,missing,False,False,False,False,False,,,,,,,,,,0,24,0,0,,,24,0.0,0.0,0.0,0.0,24,0,0,reported_gmt_minus_4_unconverted,1
2025-07-18,24,24,12,0.5,partial,False,True,False,False,False,3.156916666666667,3.331,0.6870598039780994,1.847,4.054,2.1973,2.785,3.649,3.817,12,12,0,0,12.0,23.0,12,0.0,50.0,50.0,100.0,12,12,12,reported_gmt_minus_4_unconverted,1
2025-07-19,24,24,24,1.0,high,True,True,True,True,True,2.782,2.7110000000000003,0.33783479368781266,2.21,3.566,2.3961,2.52925,3.0620000000000003,3.1893,24,0,0,0,0.0,23.0,0,100.0,100.0,100.0,100.0,0,24,24,reported_gmt_minus_4_unconverted,1
2025-07-20,24,24,24,1.0,high,True,True,True,True,True,1.918,1.8319999999999999,0.4574952601322535,1.295,3.271,1.3924,1.6835,2.0447499999999996,2.3670999999999998,24,0,0,0,0.0,23.0,0,100.0,100.0,100.0,100.0,0,24,24,reported_gmt_minus_4_unconverted,1
2025-07-21,24,24,24,1.0,high,True,True,True,True,True,1.8090833333333334,1.863,0.48790197845439215,0.96,2.618,1.1800000000000002,1.3815,2.1825,2.4307,24,0,0,0,0.0,23.0,0,100.0,100.0,100.0,100.0,0,24,24,reported_gmt_minus_4_unconverted,1
2025-07-22,24,24,24,1.0,high,True,True,True,True,True,1.733291666666667,1.5335,0.46130386846196186,1.201,2.825,1.2894,1.3635,2.06825,2.3190999999999997,24,0,0,0,0.0,23.0,0,100.0,100.0,100.0,100.0,0,24,24,reported_gmt_minus_4_unconverted,1
2025-07-23,24,24,24,1.0,high,True,True,True,True,True,2.4017916666666665,2.0780000000000003,0.7731974256669322,1.781,4.517,1.8507,1.91275,2.5435,3.5827999999999998,24,0,0,0,0.0,23.0,0,100.0,100.0,100.0,100.0,0,24,24,reported_gmt_minus_4_unconverted,1
2025-07-24,24,24,24,1.0,high,True,True,True,True,True,3.768875,3.216,1.3374283666311126,2.165,5.776,2.369,2.59175,5.2705,5.6423000000000005,24,0,0,0,0.0,23.0,0,100.0,100.0,100.0,100.0,0,24,24,reported_gmt_minus_4_unconverted,1
2025-07-25,24,24,24,1.0,high,True,True,True,True,True,2.0375833333333335,1.944,0.3414455099014834,1.423,2.699,1.6687999999999998,1.8235000000000001,2.2205,2.5411,24,0,0,0,0.0,23.0,0,100.0,100.0,100.0,100.0,0,24,24,reported_gmt_minus_4_unconverted,1
2025-07-26,24,24,24,1.0,high,True,True,True,True,True,1.2842083333333332,1.301,0.1507289473847348,1.001,1.575,1.0795000000000001,1.18625,1.38625,1.4535,24,0,0,0,0.0,23.0,0,100.0,100.0,100.0,100.0,0,24,24,reported_gmt_minus_4_unconverted,1
2025-07-27,24,24,24,1.0,high,True,True,True,True,True,1.2525416666666667,1.252,0.20081593977238626,0.822,1.661,0.9678000000000001,1.17675,1.33375,1.504,24,0,0,0,0.0,23.0,0,100.0,100.0,100.0,100.0,0,24,24,reported_gmt_minus_4_unconverted,1
2025-07-28,24,24,24,1.0,high,True,True,True,True,True,1.3346666666666664,1.2525,0.2904378503699823,0.982,2.046,1.0323,1.1007500000000001,1.4995,1.6905,24,0,0,0,0.0,23.0,0,100.0,100.0,100.0,100.0,0,24,24,reported_gmt_minus_4_unconverted,1
2025-07-29,24,24,24,1.0,high,True,True,True,True,True,1.5139583333333333,1.569,0.35706307799416437,0.859,2.188,1.0557999999999998,1.17725,1.7555,1.9673,24,0,0,0,0.0,23.0,0,100.0,100.0,100.0,100.0,0,24,24,reported_gmt_minus_4_unconverted,1
2025-07-30,24,24,24,1.0,high,True,True,True,True,True,1.3857499999999998,1.3679999999999999,0.37090960459741223,0.869,1.994,0.9218000000000001,1.0542500000000001,1.65825,1.8783999999999998,24,0,0,0,0.0,23.0,0,100.0,100.0,100.0,100.0,0,24,24,reported_gmt_minus_4_unconverted,1
2025-07-31,24,24,24,1.0,high,True,True,True,True,True,1.3559999999999999,1.367,0.12476551920546278,1.165,1.57,1.1837,1.2275,1.45475,1.4999,24,0,0,0,0.0,23.0,0,100.0,100.0,100.0,100.0,0,24,24,reported_gmt_minus_4_unconverted,1
2025-08-01,24,24,24,1.0,high,True,True,True,True,True,1.3879583333333334,1.3685,0.2343936635081111,1.018,1.798,1.0884,1.226,1.5747499999999999,1.6984,24,0,0,0,0.0,23.0,0,100.0,100.0,100.0,100.0,0,24,24,reported_gmt_minus_4_unconverted,1
2025-08-02,24,24,24,1.0,high,True,True,True,True,True,1.8557499999999998,1.852,0.42097838940713583,1.229,2.53,1.2476,1.60175,2.2357500000000003,2.4446,24,0,0,0,0.0,23.0,0,100.0,100.0,100.0,100.0,0,24,24,reported_gmt_minus_4_unconverted,1
2025-08-03,24,24,24,1.0,high,True,True,True,True,True,2.224375,2.295,0.2947226865318001,1.738,2.622,1.8063,1.9505,2.4585,2.5435,24,0,0,0,0.0,23.0,0,100.0,100.0,100.0,100.0,0,24,24,reported_gmt_minus_4_unconverted,1
2025-08-04,24,24,24,1.0,high,True,True,True,True,True,1.9240416666666667,1.976,0.37267942619648986,1.105,2.553,1.3531,1.79775,2.18725,2.3197,24,0,0,0,0.0,23.0,0,100.0,100.0,100.0,100.0,0,24,24,reported_gmt_minus_4_unconverted,1
2025-08-05,24,24,24,1.0,high,True,True,True,True,True,1.9012083333333336,1.8885,0.326298473549264,1.376,2.334,1.5361,1.63475,2.2155,2.3198000000000003,24,0,0,0,0.0,23.0,0,100.0,100.0,100.0,100.0,0,24,24,reported_gmt_minus_4_unconverted,1
2025-08-06,24,24,24,1.0,high,True,True,True,True,True,1.86325,1.822,0.5536081057775515,0.973,2.961,1.1672,1.4717500000000001,2.2095000000000002,2.6361,24,0,0,0,0.0,23.0,0,100.0,100.0,100.0,100.0,0,24,24,reported_gmt_minus_4_unconverted,1
2025-08-07,24,24,20,0.833333,standard,True,True,True,True,False,1.4936500000000001,0.8795,0.8605651921847641,0.474,2.648,0.7196,0.742,2.3465,2.5267,20,4,0,0,0.0,23.0,4,0.0,100.0,83.33333333333333,100.0,4,20,20,reported_gmt_minus_4_unconverted,1
2025-08-08,24,24,24,1.0,high,True,True,True,True,True,0.7046250000000001,0.701,0.13397657566189305,0.535,0.953,0.5504,0.58375,0.8125,0.9017000000000001,24,0,0,0,0.0,23.0,0,100.0,100.0,100.0,100.0,0,24,24,reported_gmt_minus_4_unconverted,1
2025-08-09,24,24,24,1.0,high,True,True,True,True,True,0.668,0.6735,0.10319673065262921,0.493,0.824,0.5284,0.597,0.74225,0.7948000000000001,24,0,0,0,0.0,23.0,0,100.0,100.0,100.0,100.0,0,24,24,reported_gmt_minus_4_unconverted,1
2025-08-10,24,24,24,1.0,high,True,True,True,True,True,1.3789166666666668,0.8714999999999999,0.9056814833457524,0.505,3.233,0.5668000000000001,0.623,2.3175,2.6489,24,0,0,0,0.0,23.0,0,100.0,100.0,100.0,100.0,0,24,24,reported_gmt_minus_4_unconverted,1
2025-08-11,24,24,24,1.0,high,True,True,True,True,True,1.6077916666666667,1.6709999999999998,0.5944935717769015,0.669,2.553,0.7999,1.1139999999999999,2.15725,2.2954,24,0,0,0,0.0,23.0,0,100.0,100.0,100.0,100.0,0,24,24,reported_gmt_minus_4_unconverted,1
2025-08-12,24,24,24,1.0,high,True,True,True,True,True,1.7217083333333332,1.568,0.6327194226144975,0.947,3.018,1.0262,1.1007500000000001,2.22175,2.4887,24,0,0,0,0.0,23.0,0,100.0,100.0,100.0,100.0,0,24,24,reported_gmt_minus_4_unconverted,1
2025-08-13,24,24,21,0.875,standard,True,True,True,True,False,2.2456666666666667,2.107,0.32556417698102685,1.875,2.934,1.964,2.023,2.463,2.684,21,3,0,0,0.0,23.0,3,0.0,100.0,87.5,100.0,3,21,21,reported_gmt_minus_4_unconverted,1
2025-08-14,24,24,24,1.0,high,True,True,True,True,True,2.5132499999999998,2.4785,0.5108136944471855,1.816,3.832,1.8989,2.1020000000000003,2.8245,3.0330999999999997,24,0,0,0,0.0,23.0,0,100.0,100.0,100.0,100.0,0,24,24,reported_gmt_minus_4_unconverted,1
2025-08-15,24,24,24,1.0,high,True,True,True,True,True,2.2612916666666667,2.281,0.20451373487769273,1.73,2.618,2.0544000000000002,2.1742500000000002,2.3695,2.5117,24,0,0,0,0.0,23.0,0,100.0,100.0,100.0,100.0,0,24,24,reported_gmt_minus_4_unconverted,1
2025-08-16,24,24,24,1.0,high,True,True,True,True,True,1.9673749999999999,2.0025,0.6262580252024199,0.972,2.905,1.1498,1.37975,2.45525,2.7593,24,0,0,0,0.0,23.0,0,100.0,100.0,100.0,100.0,0,24,24,reported_gmt_minus_4_unconverted,1
2025-08-17,24,24,24,1.0,high,True,True,True,True,True,2.072416666666667,1.9285,0.44773953187740423,1.283,3.002,1.7007,1.7715,2.58725,2.6792000000000002,24,0,0,0,0.0,23.0,0,100.0,100.0,100.0,100.0,0,24,24,reported_gmt_minus_4_unconverted,1
2025-08-18,24,24,24,1.0,high,True,True,True,True,True,2.006041666666667,2.0020000000000002,0.18859860278118315,1.69,2.483,1.7702,1.8835,2.1025,2.2167,24,0,0,0,0.0,23.0,0,100.0,100.0,100.0,100.0,0,24,24,reported_gmt_minus_4_unconverted,1
2025-08-19,24,24,24,1.0,high,True,True,True,True,True,1.7878333333333334,1.748,0.4739225461086916,1.1,2.693,1.1977,1.42075,1.94475,2.5421,24,0,0,0,0.0,23.0,0,100.0,100.0,100.0,100.0,0,24,24,reported_gmt_minus_4_unconverted,1
2025-08-20,24,24,24,1.0,high,True,True,True,True,True,2.7691250000000003,2.7035,0.380250067890112,2.217,3.606,2.3838,2.56475,2.8605,3.424,24,0,0,0,0.0,23.0,0,100.0,100.0,100.0,100.0,0,24,24,reported_gmt_minus_4_unconverted,1
2025-08-21,24,24,24,1.0,high,True,True,True,True,True,3.950958333333334,3.151,1.4481649401365093,2.544,6.144,2.6342,2.79075,5.617,6.0108,24,0,0,0,0.0,23.0,0,100.0,100.0,100.0,100.0,0,24,24,reported_gmt_minus_4_unconverted,1
2025-08-22,24,24,24,1.0,high,True,True,True,True,True,6.867166666666667,5.872999999999999,1.9169730139550438,4.708,10.38,4.9649,5.335999999999999,8.43575,9.5369,24,0,0,0,0.0,23.0,0,100.0,100.0,100.0,100.0,0,24,24,reported_gmt_minus_4_unconverted,1
2025-08-23,24,24,24,1.0,high,True,True,True,True,True,6.338916666666667,6.0625,0.7327610629409282,5.516,8.265,5.781700000000001,5.9435,6.33075,7.5375,24,0,0,0,0.0,23.0,0,100.0,100.0,100.0,100.0,0,24,24,reported_gmt_minus_4_unconverted,1
2025-08-24,24,24,24,1.0,high,True,True,True,True,True,6.235833333333335,6.119,1.3151619727215174,3.527,8.838,4.580900000000001,5.632,6.9195,7.942799999999999,24,0,0,0,0.0,23.0,0,100.0,100.0,100.0,100.0,0,24,24,reported_gmt_minus_4_unconverted,1
2025-08-25,24,24,24,1.0,high,True,True,True,True,True,8.177999999999999,8.523499999999999,2.1450691485763143,4.451,12.409,5.0001,6.70275,9.22925,11.046,24,0,0,0,0.0,23.0,0,100.0,100.0,100.0,100.0,0,24,24,reported_gmt_minus_4_unconverted,1
2025-08-26,24,24,24,1.0,high,True,True,True,True,True,7.197958333333333,7.493,1.4456647479294074,3.617,9.394,5.5439,6.1365,8.1735,8.6595,24,0,0,0,0.0,23.0,0,100.0,100.0,100.0,100.0,0,24,24,reported_gmt_minus_4_unconverted,1
2025-08-27,24,24,24,1.0,high,True,True,True,True,True,4.952208333333334,5.2035,1.6264592372273947,1.894,7.57,2.8512,3.65225,5.996,7.065899999999999,24,0,0,0,0.0,23.0,0,100.0,100.0,100.0,100.0,0,24,24,reported_gmt_minus_4_unconverted,1
2025-08-28,24,24,24,1.0,high,True,True,True,True,True,4.7523333333333335,4.9350000000000005,1.0546075168008018,3.003,6.324,3.3914,3.74475,5.74375,5.8329,24,0,0,0,0.0,23.0,0,100.0,100.0,100.0,100.0,0,24,24,reported_gmt_minus_4_unconverted,1
2025-08-29,24,24,24,1.0,high,True,True,True,True,True,4.655,4.9825,1.244132175279306,2.247,6.469,3.0998,3.6525,5.699249999999999,6.1811,24,0,0,0,0.0,23.0,0,100.0,100.0,100.0,100.0,0,24,24,reported_gmt_minus_4_unconverted,1
2025-08-30,24,24,24,1.0,high,True,True,True,True,True,4.23525,4.537,1.2288191309227485,2.244,6.302,2.3361,3.2647500000000003,5.048,5.4228,24,0,0,0,0.0,23.0,0,100.0,100.0,100.0,100.0,0,24,24,reported_gmt_minus_4_unconverted,1
2025-08-31,24,24,24,1.0,high,True,True,True,True,True,4.407291666666667,4.6075,1.4937291378689914,1.669,6.637,2.1867,3.423,5.50475,6.0779,24,0,0,0,0.0,23.0,0,100.0,100.0,100.0,100.0,0,24,24,reported_gmt_minus_4_unconverted,1
2025-09-01,24,24,24,1.0,high,True,True,True,True,True,3.92,4.1635,1.3835297642969782,1.75,5.953,2.1717,2.7657499999999997,5.008,5.801699999999999,24,0,0,0,0.0,23.0,0,100.0,100.0,100.0,100.0,0,24,24,reported_gmt_minus_4_unconverted,1
2025-09-02,24,24,24,1.0,high,True,True,True,True,True,7.092333333333333,7.0405,2.282669388289045,3.916,11.542,4.3655,4.913,8.46925,10.3112,24,0,0,0,0.0,23.0,0,100.0,100.0,100.0,100.0,0,24,24,reported_gmt_minus_4_unconverted,1
2025-09-03,24,24,24,1.0,high,True,True,True,True,True,6.600125000000001,6.4005,3.05111739064916,2.65,12.037,3.3358,3.5767499999999997,9.01725,10.960899999999999,24,0,0,0,0.0,23.0,0,100.0,100.0,100.0,100.0,0,24,24,reported_gmt_minus_4_unconverted,1
2025-09-04,24,24,24,1.0,high,True,True,True,True,True,5.298291666666667,4.2165,2.934902109013647,2.271,12.568,2.9265,3.27975,5.86225,9.7858,24,0,0,0,0.0,23.0,0,100.0,100.0,100.0,100.0,0,24,24,reported_gmt_minus_4_unconverted,1
2025-09-05,24,24,24,1.0,high,True,True,True,True,True,6.2629166666666665,5.325,3.1445215011213543,3.319,18.77,4.0186,4.44425,6.8425,8.729299999999999,24,0,0,0,0.0,23.0,0,100.0,100.0,100.0,100.0,0,24,24,reported_gmt_minus_4_unconverted,1
2025-09-06,24,24,24,1.0,high,True,True,True,True,True,8.276833333333334,6.726,3.287443855254303,4.799,16.571,5.0264,5.8415,9.732,12.9263,24,0,0,0,0.0,23.0,0,100.0,100.0,100.0,100.0,0,24,24,reported_gmt_minus_4_unconverted,1
2025-09-07,24,24,24,1.0,high,True,True,True,True,True,12.100375,11.0225,4.913384123891908,6.323,25.385,6.7722999999999995,8.14375,15.75275,16.6519,24,0,0,0,0.0,23.0,0,100.0,100.0,100.0,100.0,0,24,24,reported_gmt_minus_4_unconverted,1
2025-09-08,24,24,24,1.0,high,True,True,True,True,True,17.732208333333332,13.407,13.04793770471083,6.73,44.364,7.1954,7.78375,20.133499999999998,41.3727,24,0,0,0,0.0,23.0,0,100.0,100.0,100.0,100.0,0,24,24,reported_gmt_minus_4_unconverted,1
2025-09-09,24,24,24,1.0,high,True,True,True,True,True,19.859125,16.919,11.69191683363191,7.174,40.644,8.571100000000001,9.350249999999999,29.878,38.7727,24,0,0,0,0.0,23.0,0,100.0,100.0,100.0,100.0,0,24,24,reported_gmt_minus_4_unconverted,1
2025-09-10,24,24,19,0.791667,standard,True,True,True,True,False,5.850315789473684,1.04,7.138963059254721,0.57,19.018,0.6206,0.7935,11.946,16.7952,19,5,0,0,0.0,23.0,5,0.0,100.0,79.16666666666667,100.0,5,19,19,reported_gmt_minus_4_unconverted,1
2025-09-11,24,24,24,1.0,high,True,True,True,True,True,0.6989166666666667,0.7144999999999999,0.1403628579220941,0.496,1.009,0.5382,0.571,0.776,0.8789,24,0,0,0,0.0,23.0,0,100.0,100.0,100.0,100.0,0,24,24,reported_gmt_minus_4_unconverted,1
2025-09-12,24,24,24,1.0,high,True,True,True,True,True,2.8675833333333336,3.0165,1.656002439524213,0.901,5.508,1.076,1.2055,4.36475,5.0813,24,0,0,0,0.0,23.0,0,100.0,100.0,100.0,100.0,0,24,24,reported_gmt_minus_4_unconverted,1
2025-09-13,24,24,24,1.0,high,True,True,True,True,True,2.8333333333333335,2.8325,0.7038353109410866,1.778,4.388,1.9974,2.35675,3.25075,3.6075,24,0,0,0,0.0,23.0,0,100.0,100.0,100.0,100.0,0,24,24,reported_gmt_minus_4_unconverted,1
2025-09-14,24,24,24,1.0,high,True,True,True,True,True,2.4851666666666667,2.6385,0.5391101094812891,1.394,3.215,1.5810000000000002,2.1020000000000003,2.86275,3.085,24,0,0,0,0.0,23.0,0,100.0,100.0,100.0,100.0,0,24,24,reported_gmt_minus_4_unconverted,1
2025-09-15,24,24,24,1.0,high,True,True,True,True,True,2.169458333333333,2.2729999999999997,0.5031647650592214,1.338,2.94,1.4804,1.705,2.49425,2.8402,24,0,0,0,0.0,23.0,0,100.0,100.0,100.0,100.0,0,24,24,reported_gmt_minus_4_unconverted,1
2025-09-16,24,24,24,1.0,high,True,True,True,True,True,2.7538750000000003,1.992,1.4349560609088803,1.149,5.425,1.5373999999999999,1.7069999999999999,3.8962499999999998,4.9765,24,0,0,0,0.0,23.0,0,100.0,100.0,100.0,100.0,0,24,24,reported_gmt_minus_4_unconverted,1
2025-09-17,24,24,24,1.0,high,True,True,True,True,True,3.8195833333333336,3.4690000000000003,0.7088719708201847,2.937,5.238,3.1562,3.3235,4.09675,5.111000000000001,24,0,0,0,0.0,23.0,0,100.0,100.0,100.0,100.0,0,24,24,reported_gmt_minus_4_unconverted,1
2025-09-18,24,24,24,1.0,high,True,True,True,True,True,3.134083333333333,2.959,0.9729201636966602,1.959,5.447,2.1755,2.58425,3.20775,4.912999999999999,24,0,0,0,0.0,23.0,0,100.0,100.0,100.0,100.0,0,24,24,reported_gmt_minus_4_unconverted,1
2025-09-19,24,24,24,1.0,high,True,True,True,True,True,2.4152083333333336,2.4195,0.3037314287279166,1.782,2.934,2.0421,2.18475,2.64175,2.7316,24,0,0,0,0.0,23.0,0,100.0,100.0,100.0,100.0,0,24,24,reported_gmt_minus_4_unconverted,1
2025-09-20,24,24,24,1.0,high,True,True,True,True,True,1.889458333333333,1.914,0.32889551389152605,1.403,2.41,1.4805,1.552,2.1245000000000003,2.3004,24,0,0,0,0.0,23.0,0,100.0,100.0,100.0,100.0,0,24,24,reported_gmt_minus_4_unconverted,1
2025-09-21,24,24,24,1.0,high,True,True,True,True,True,1.7814166666666666,1.6815,0.5175447820713444,1.113,2.61,1.16,1.2895,2.261,2.4388,24,0,0,0,0.0,23.0,0,100.0,100.0,100.0,100.0,0,24,24,reported_gmt_minus_4_unconverted,1
2025-09-22,24,24,24,1.0,high,True,True,True,True,True,2.3709583333333333,1.641,1.2120551888412927,1.349,4.738,1.4112,1.4775,3.358,4.2791,24,0,0,0,0.0,23.0,0,100.0,100.0,100.0,100.0,0,24,24,reported_gmt_minus_4_unconverted,1
2025-09-23,24,24,18,0.75,standard,True,True,True,True,False,2.970222222222222,2.551,1.292087665736235,1.39,5.846,1.6780000000000002,1.9855,3.78975,4.697800000000001,18,6,0,0,0.0,17.0,6,0.0,100.0,75.0,100.0,6,18,18,reported_gmt_minus_4_unconverted,1
2025-09-24,24,24,0,0.0,missing,False,False,False,False,False,,,,,,,,,,0,24,0,0,,,24,0.0,0.0,0.0,0.0,24,0,0,reported_gmt_minus_4_unconverted,1
2025-09-25,24,24,0,0.0,missing,False,False,False,False,False,,,,,,,,,,0,24,0,0,,,24,0.0,0.0,0.0,0.0,24,0,0,reported_gmt_minus_4_unconverted,1
2025-09-26,24,24,13,0.541667,partial,False,True,False,False,False,3.061076923076923,3.133,0.6909352914152502,2.088,4.33,2.1584,2.386,3.461,3.7125999999999997,13,11,0,0,11.0,23.0,11,0.0,100.0,54.166666666666664,100.0,11,13,13,reported_gmt_minus_4_unconverted,1
2025-09-27,24,24,24,1.0,high,True,True,True,True,True,2.845333333333334,1.9775,1.5889598365971498,1.217,6.309,1.3571,1.59625,3.9815,5.254899999999999,24,0,0,0,0.0,23.0,0,100.0,100.0,100.0,100.0,0,24,24,reported_gmt_minus_4_unconverted,1
2025-09-28,24,24,24,1.0,high,True,True,True,True,True,4.096375000000001,3.6055,2.8260324902360137,1.225,12.241,1.2759,1.60325,5.00775,8.0054,24,0,0,0,0.0,23.0,0,100.0,100.0,100.0,100.0,0,24,24,reported_gmt_minus_4_unconverted,1
2025-09-29,24,24,24,1.0,high,True,True,True,True,True,10.935333333333332,11.4565,3.847652742021869,4.42,18.842,6.1319,7.999499999999999,13.178749999999999,15.929499999999997,24,0,0,0,0.0,23.0,0,100.0,100.0,100.0,100.0,0,24,24,reported_gmt_minus_4_unconverted,1
2025-09-30,24,24,24,1.0,high,True,True,True,True,True,9.746375,9.2895,2.5624550865629185,5.744,14.964,6.8736999999999995,7.949999999999999,12.148,13.134599999999999,24,0,0,0,0.0,23.0,0,100.0,100.0,100.0,100.0,0,24,24,reported_gmt_minus_4_unconverted,1
2025-10-01,24,24,24,1.0,high,True,True,True,True,True,11.526708333333332,11.474499999999999,3.4151681921681547,4.81,18.063,7.5338,10.15725,13.00375,16.3844,24,0,0,0,0.0,23.0,0,100.0,100.0,100.0,100.0,0,24,24,reported_gmt_minus_4_unconverted,1
2025-10-02,24,24,24,1.0,high,True,True,True,True,True,9.085208333333334,7.7595,4.485235944345545,2.059,19.552,4.007,6.72475,12.676,14.4049,24,0,0,0,0.0,23.0,0,100.0,100.0,100.0,100.0,0,24,24,reported_gmt_minus_4_unconverted,1
2025-10-03,24,24,24,1.0,high,True,True,True,True,True,12.068333333333333,12.6465,2.9921730894287264,4.004,16.305,8.671000000000001,11.369250000000001,13.955,14.8672,24,0,0,0,0.0,23.0,0,100.0,100.0,100.0,100.0,0,24,24,reported_gmt_minus_4_unconverted,1
2025-10-04,24,24,24,1.0,high,True,True,True,True,True,15.223458333333332,13.3905,4.564641802025335,10.165,27.031,11.1223,11.94925,17.102999999999998,21.4347,24,0,0,0,0.0,23.0,0,100.0,100.0,100.0,100.0,0,24,24,reported_gmt_minus_4_unconverted,1
2025-10-05,24,24,24,1.0,high,True,True,True,True,True,9.486,10.448,4.772448063807413,2.403,19.159,3.0602000000000005,4.8905,12.35925,15.579099999999999,24,0,0,0,0.0,23.0,0,100.0,100.0,100.0,100.0,0,24,24,reported_gmt_minus_4_unconverted,1
2025-10-06,24,24,24,1.0,high,True,True,True,True,True,0.9008333333333334,0.6725,0.5777419061699849,0.279,2.241,0.40330000000000005,0.518,0.95825,1.9042,24,0,0,0,0.0,23.0,0,100.0,100.0,100.0,100.0,0,24,24,reported_gmt_minus_4_unconverted,1
2025-10-07,24,24,24,1.0,high,True,True,True,True,True,1.4651666666666667,1.0925,0.9445735484364344,0.548,3.62,0.7008,0.7555000000000001,1.774,3.1159,24,0,0,0,0.0,23.0,0,100.0,100.0,100.0,100.0,0,24,24,reported_gmt_minus_4_unconverted,1
2025-10-08,24,24,24,1.0,high,True,True,True,True,True,3.357958333333334,2.1085000000000003,2.66056996965045,0.87,9.64,1.3166,1.67075,3.8129999999999997,7.622699999999999,24,0,0,0,0.0,23.0,0,100.0,100.0,100.0,100.0,0,24,24,reported_gmt_minus_4_unconverted,1
2025-10-09,24,24,24,1.0,high,True,True,True,True,True,7.634291666666667,6.7915,3.929946591950037,2.34,16.521,3.6907,4.8435,8.538,14.1564,24,0,0,0,0.0,23.0,0,100.0,100.0,100.0,100.0,0,24,24,reported_gmt_minus_4_unconverted,1
2025-10-10,24,24,24,1.0,high,True,True,True,True,True,15.386750000000001,12.5835,7.720719285313298,7.095,30.989,8.1168,8.777000000000001,19.724,27.9519,24,0,0,0,0.0,23.0,0,100.0,100.0,100.0,100.0,0,24,24,reported_gmt_minus_4_unconverted,1
2025-10-11,24,24,24,1.0,high,True,True,True,True,True,17.815541666666665,17.012999999999998,6.297923701880657,7.623,29.193,9.383899999999999,13.602500000000001,22.46925,25.0195,24,0,0,0,0.0,23.0,0,100.0,100.0,100.0,100.0,0,24,24,reported_gmt_minus_4_unconverted,1
2025-10-12,24,24,24,1.0,high,True,True,True,True,True,14.54275,13.25,4.468126903047756,9.088,23.001,9.4975,10.08975,17.4995,21.094099999999997,24,0,0,0,0.0,23.0,0,100.0,100.0,100.0,100.0,0,24,24,reported_gmt_minus_4_unconverted,1
2025-10-13,24,24,24,1.0,high,True,True,True,True,True,23.835375,23.36,4.7754134154064065,13.435,34.288,19.62,20.77575,25.45375,29.939899999999998,24,0,0,0,0.0,23.0,0,100.0,100.0,100.0,100.0,0,24,24,reported_gmt_minus_4_unconverted,1
2025-10-14,24,24,24,1.0,high,True,True,True,True,True,24.374041666666667,26.11,9.400134205698604,7.155,42.26,11.887100000000002,17.03775,30.8385,35.979699999999994,24,0,0,0,0.0,23.0,0,100.0,100.0,100.0,100.0,0,24,24,reported_gmt_minus_4_unconverted,1
2025-10-15,24,24,24,1.0,high,True,True,True,True,True,45.67679166666667,44.027,19.391911377369524,18.989,86.617,26.7844,28.789,56.939499999999995,71.9618,24,0,0,0,0.0,23.0,0,100.0,100.0,100.0,100.0,0,24,24,reported_gmt_minus_4_unconverted,1
2025-10-16,24,24,24,1.0,high,True,True,True,True,True,50.54504166666667,49.309,9.822324206840015,30.121,71.149,39.8286,44.98025,57.137,63.97189999999999,24,0,0,0,0.0,23.0,0,100.0,100.0,100.0,100.0,0,24,24,reported_gmt_minus_4_unconverted,1
2025-10-17,24,24,24,1.0,high,True,True,True,True,True,31.734125000000002,29.0965,15.482599892087835,9.495,68.959,14.1503,18.7525,40.7415,50.067899999999995,24,0,0,0,0.0,23.0,0,100.0,100.0,100.0,100.0,0,24,24,reported_gmt_minus_4_unconverted,1
2025-10-18,24,24,24,1.0,high,True,True,True,True,True,51.85441666666666,45.547,24.137794110367512,13.743,98.895,28.5778,33.377250000000004,69.36725,85.6005,24,0,0,0,0.0,23.0,0,100.0,100.0,100.0,100.0,0,24,24,reported_gmt_minus_4_unconverted,1
2025-10-19,24,24,24,1.0,high,True,True,True,True,True,54.814875,54.8455,29.170716983501134,15.482,116.436,20.4814,29.65775,71.25375,90.37129999999999,24,0,0,0,0.0,23.0,0,100.0,100.0,100.0,100.0,0,24,24,reported_gmt_minus_4_unconverted,1
2025-10-20,24,24,24,1.0,high,True,True,True,True,True,63.09220833333334,63.159499999999994,8.165827740887055,44.189,82.072,51.775000000000006,62.1335,65.824,70.5358,24,0,0,0,0.0,23.0,0,100.0,100.0,100.0,100.0,0,24,24,reported_gmt_minus_4_unconverted,1
2025-10-21,24,24,24,1.0,high,True,True,True,True,True,40.50058333333333,40.462,13.28248999677744,22.094,65.473,25.827,28.204250000000002,47.88275,60.219300000000004,24,0,0,0,0.0,23.0,0,100.0,100.0,100.0,100.0,0,24,24,reported_gmt_minus_4_unconverted,1
2025-10-22,24,24,24,1.0,high,True,True,True,True,True,35.802416666666666,31.158,14.259602768772643,14.273,64.655,21.6457,27.56675,42.76325,58.2401,24,0,0,0,0.0,23.0,0,100.0,100.0,100.0,100.0,0,24,24,reported_gmt_minus_4_unconverted,1
2025-10-23,24,24,24,1.0,high,True,True,True,True,True,12.652375000000001,11.77,3.704273722308141,8.119,23.408,9.5134,10.63725,12.822,17.4926,24,0,0,0,0.0,23.0,0,100.0,100.0,100.0,100.0,0,24,24,reported_gmt_minus_4_unconverted,1
2025-10-24,24,24,24,1.0,high,True,True,True,True,True,21.310291666666668,18.7395,9.981036909099029,9.403,48.021,12.6539,14.68275,23.31725,34.2003,24,0,0,0,0.0,23.0,0,100.0,100.0,100.0,100.0,0,24,24,reported_gmt_minus_4_unconverted,1
2025-10-25,24,24,24,1.0,high,True,True,True,True,True,16.773416666666666,15.116,9.365724832864112,6.969,51.98,8.9284,11.78825,18.305,22.438399999999998,24,0,0,0,0.0,23.0,0,100.0,100.0,100.0,100.0,0,24,24,reported_gmt_minus_4_unconverted,1
2025-10-26,24,24,24,1.0,high,True,True,True,True,True,20.006083333333333,14.511,11.504670533296906,11.362,54.61,12.3646,12.90025,21.84325,38.02539999999999,24,0,0,0,0.0,23.0,0,100.0,100.0,100.0,100.0,0,24,24,reported_gmt_minus_4_unconverted,1
2025-10-27,24,24,24,1.0,high,True,True,True,True,True,20.6405,19.776,5.214370469318837,13.24,29.715,15.1378,15.5325,24.59175,27.3251,24,0,0,0,0.0,23.0,0,100.0,100.0,100.0,100.0,0,24,24,reported_gmt_minus_4_unconverted,1
2025-10-28,24,24,24,1.0,high,True,True,True,True,True,21.5385,21.147,3.7069871160095595,14.814,31.254,17.571199999999997,19.20125,22.60775,26.8038,24,0,0,0,0.0,23.0,0,100.0,100.0,100.0,100.0,0,24,24,reported_gmt_minus_4_unconverted,1
2025-10-29,24,24,24,1.0,high,True,True,True,True,True,25.561125000000004,22.6065,7.649578944437002,18.599,48.094,19.2954,19.947499999999998,29.561,35.507,24,0,0,0,0.0,23.0,0,100.0,100.0,100.0,100.0,0,24,24,reported_gmt_minus_4_unconverted,1
2025-10-30,24,24,20,0.833333,standard,True,True,True,True,False,15.901900000000001,12.624500000000001,6.925466109337259,8.833,33.06,9.2211,9.76775,20.4215,24.334300000000002,20,4,0,0,0.0,23.0,4,0.0,100.0,83.33333333333333,100.0,4,20,20,reported_gmt_minus_4_unconverted,1
2025-10-31,24,24,24,1.0,high,True,True,True,True,True,11.377375,10.008,4.892889231034554,3.5,19.285,6.452,7.414,15.687,18.458499999999997,24,0,0,0,0.0,23.0,0,100.0,100.0,100.0,100.0,0,24,24,reported_gmt_minus_4_unconverted,1
2025-11-01,24,24,24,1.0,high,True,True,True,True,True,2.663041666666666,2.2569999999999997,1.5626643490377654,0.738,7.717,1.5851000000000002,1.9,2.6095,4.7753,24,0,0,0,0.0,23.0,0,100.0,100.0,100.0,100.0,0,24,24,reported_gmt_minus_4_unconverted,1
2025-11-02,24,24,24,1.0,high,True,True,True,True,True,0.9957916666666667,0.76,0.5796648941351836,0.444,2.422,0.5032,0.57325,1.1475,1.8137999999999999,24,0,0,0,0.0,23.0,0,100.0,100.0,100.0,100.0,0,24,24,reported_gmt_minus_4_unconverted,1
2025-11-03,24,24,24,1.0,high,True,True,True,True,True,0.75325,0.674,0.24730587468188842,0.404,1.317,0.4965,0.611,0.873,1.1271,24,0,0,0,0.0,23.0,0,100.0,100.0,100.0,100.0,0,24,24,reported_gmt_minus_4_unconverted,1
2025-11-04,24,24,24,1.0,high,True,True,True,True,True,1.2214166666666666,1.1045,0.36027440226518487,0.706,2.164,0.8331000000000001,1.0405,1.44025,1.5936,24,0,0,0,0.0,23.0,0,100.0,100.0,100.0,100.0,0,24,24,reported_gmt_minus_4_unconverted,1
2025-11-05,24,24,24,1.0,high,True,True,True,True,True,1.3877916666666668,1.293,0.3317200206521296,0.749,2.023,1.1041,1.19325,1.518,1.8999,24,0,0,0,0.0,23.0,0,100.0,100.0,100.0,100.0,0,24,24,reported_gmt_minus_4_unconverted,1
2025-11-06,24,24,24,1.0,high,True,True,True,True,True,1.9969166666666667,1.606,0.9783281176563932,1.184,5.344,1.3779000000000001,1.50275,2.038,2.8505,24,0,0,0,0.0,23.0,0,100.0,100.0,100.0,100.0,0,24,24,reported_gmt_minus_4_unconverted,1
2025-11-07,24,24,24,1.0,high,True,True,True,True,True,2.686958333333333,2.662,1.2100296251912925,0.827,5.462,1.1704,1.43325,3.42,4.0230999999999995,24,0,0,0,0.0,23.0,0,100.0,100.0,100.0,100.0,0,24,24,reported_gmt_minus_4_unconverted,1
2025-11-08,24,24,24,1.0,high,True,True,True,True,True,1.3366666666666667,1.509,0.4031651583749968,0.551,1.885,0.7939,1.028,1.6245,1.7933,24,0,0,0,0.0,23.0,0,100.0,100.0,100.0,100.0,0,24,24,reported_gmt_minus_4_unconverted,1
2025-11-09,24,24,24,1.0,high,True,True,True,True,True,1.903625,1.8395000000000001,0.6278992450676476,1.048,2.879,1.0898,1.33925,2.45425,2.7124,24,0,0,0,0.0,23.0,0,100.0,100.0,100.0,100.0,0,24,24,reported_gmt_minus_4_unconverted,1
2025-11-10,24,24,24,1.0,high,True,True,True,True,True,2.0489583333333337,1.8355000000000001,0.4452341327560304,1.509,3.068,1.6862,1.7337500000000001,2.24675,2.8207999999999998,24,0,0,0,0.0,23.0,0,100.0,100.0,100.0,100.0,0,24,24,reported_gmt_minus_4_unconverted,1
2025-11-11,24,24,24,1.0,high,True,True,True,True,True,2.1547916666666667,1.8645,0.6236209815450314,1.539,3.402,1.6004,1.72325,2.665,3.1688,24,0,0,0,0.0,23.0,0,100.0,100.0,100.0,100.0,0,24,24,reported_gmt_minus_4_unconverted,1
2025-11-12,24,24,24,1.0,high,True,True,True,True,True,2.280416666666667,2.424,0.6252531950906085,0.871,3.156,1.4906,1.941,2.75175,2.889,24,0,0,0,0.0,23.0,0,100.0,100.0,100.0,100.0,0,24,24,reported_gmt_minus_4_unconverted,1
2025-11-13,24,24,24,1.0,high,True,True,True,True,True,2.714166666666667,2.585,0.798200675795617,1.774,4.766,1.8427,2.0205,3.33875,3.4633000000000003,24,0,0,0,0.0,23.0,0,100.0,100.0,100.0,100.0,0,24,24,reported_gmt_minus_4_unconverted,1
2025-11-14,24,24,24,1.0,high,True,True,True,True,True,3.2594583333333333,3.252,0.4738427531472281,2.415,4.259,2.6563,2.957,3.621,3.7540999999999998,24,0,0,0,0.0,23.0,0,100.0,100.0,100.0,100.0,0,24,24,reported_gmt_minus_4_unconverted,1
2025-11-15,24,24,24,1.0,high,True,True,True,True,True,2.958208333333333,2.9175,0.4398981086734663,2.233,3.979,2.3453,2.7030000000000003,3.28775,3.432,24,0,0,0,0.0,23.0,0,100.0,100.0,100.0,100.0,0,24,24,reported_gmt_minus_4_unconverted,1
2025-11-16,24,24,24,1.0,high,True,True,True,True,True,2.5890000000000004,2.545,0.9535945269028816,1.261,4.549,1.5655,1.8435,2.9295,3.9696,24,0,0,0,0.0,23.0,0,100.0,100.0,100.0,100.0,0,24,24,reported_gmt_minus_4_unconverted,1
2025-11-17,24,24,24,1.0,high,True,True,True,True,True,1.734,1.6895,0.6364174183936063,0.901,3.305,0.9739,1.25975,2.05525,2.5711,24,0,0,0,0.0,23.0,0,100.0,100.0,100.0,100.0,0,24,24,reported_gmt_minus_4_unconverted,1
2025-11-18,24,24,24,1.0,high,True,True,True,True,True,2.135,1.702,0.9657495399496929,1.305,4.785,1.3852,1.4955,2.2634999999999996,3.2742,24,0,0,0,0.0,23.0,0,100.0,100.0,100.0,100.0,0,24,24,reported_gmt_minus_4_unconverted,1
2025-11-19,24,24,24,1.0,high,True,True,True,True,True,3.491708333333333,3.3125,1.0968751060118038,2.04,5.211,2.2344000000000004,2.62475,4.3115000000000006,5.0986,24,0,0,0,0.0,23.0,0,100.0,100.0,100.0,100.0,0,24,24,reported_gmt_minus_4_unconverted,1
2025-11-20,24,24,24,1.0,high,True,True,True,True,True,4.553833333333333,3.8925,1.8880605108824302,2.022,8.483,2.7933000000000003,3.29875,5.101,7.749,24,0,0,0,0.0,23.0,0,100.0,100.0,100.0,100.0,0,24,24,reported_gmt_minus_4_unconverted,1
2025-11-21,24,24,24,1.0,high,True,True,True,True,True,7.178166666666667,7.153499999999999,0.8687454055764238,5.301,8.983,6.2548,6.7989999999999995,7.6125,8.2195,24,0,0,0,0.0,23.0,0,100.0,100.0,100.0,100.0,0,24,24,reported_gmt_minus_4_unconverted,1
2025-11-22,24,24,24,1.0,high,True,True,True,True,True,6.1887083333333335,6.375500000000001,1.3153526714772426,3.968,8.334,4.4179,5.00225,7.3317499999999995,7.8106,24,0,0,0,0.0,23.0,0,100.0,100.0,100.0,100.0,0,24,24,reported_gmt_minus_4_unconverted,1
2025-11-23,24,24,24,1.0,high,True,True,True,True,True,6.30125,6.315,0.7487762915468201,5.123,7.762,5.2955000000000005,5.74175,6.70875,7.3717,24,0,0,0,0.0,23.0,0,100.0,100.0,100.0,100.0,0,24,24,reported_gmt_minus_4_unconverted,1
2025-11-24,24,24,24,1.0,high,True,True,True,True,True,8.099666666666666,8.0605,1.2924981764907386,6.188,10.672,6.4697,7.1975,8.89775,9.9797,24,0,0,0,0.0,23.0,0,100.0,100.0,100.0,100.0,0,24,24,reported_gmt_minus_4_unconverted,1
2025-11-25,24,24,24,1.0,high,True,True,True,True,True,8.02125,6.9005,3.763442726038741,2.707,19.02,4.9548000000000005,6.2540000000000004,8.620750000000001,13.003599999999995,24,0,0,0,0.0,23.0,0,100.0,100.0,100.0,100.0,0,24,24,reported_gmt_minus_4_unconverted,1
2025-11-26,24,24,24,1.0,high,True,True,True,True,True,12.532874999999999,9.8415,6.354553973418351,6.434,35.692,8.001999999999999,8.591999999999999,15.28875,18.5175,24,0,0,0,0.0,23.0,0,100.0,100.0,100.0,100.0,0,24,24,reported_gmt_minus_4_unconverted,1
2025-11-27,24,24,24,1.0,high,True,True,True,True,True,19.436833333333333,18.0475,7.105126040963033,13.006,44.655,13.4941,14.9975,20.339750000000002,25.602299999999996,24,0,0,0,0.0,23.0,0,100.0,100.0,100.0,100.0,0,24,24,reported_gmt_minus_4_unconverted,1
2025-11-28,24,24,21,0.875,standard,True,True,True,True,False,10.786999999999999,4.589,9.751864385849508,1.258,27.432,1.669,1.812,20.783,22.215,21,3,0,0,0.0,23.0,3,0.0,100.0,87.5,100.0,3,21,21,reported_gmt_minus_4_unconverted,1
2025-11-29,24,24,24,1.0,high,True,True,True,True,True,2.91925,1.834,2.2214871292036316,0.89,7.924,0.9568,1.1125,4.15925,5.8324,24,0,0,0,0.0,23.0,0,100.0,100.0,100.0,100.0,0,24,24,reported_gmt_minus_4_unconverted,1
2025-11-30,24,24,24,1.0,high,True,True,True,True,True,4.504833333333333,3.5155000000000003,3.2745890106096973,1.052,12.922,1.7378,2.09,6.26525,7.994,24,0,0,0,0.0,23.0,0,100.0,100.0,100.0,100.0,0,24,24,reported_gmt_minus_4_unconverted,1
2025-12-01,24,24,24,1.0,high,True,True,True,True,True,3.0693749999999995,2.213,2.1709053773964206,1.426,9.645,1.6807,1.87525,2.80775,5.659199999999999,24,0,0,0,0.0,23.0,0,100.0,100.0,100.0,100.0,0,24,24,reported_gmt_minus_4_unconverted,1
2025-12-02,24,24,24,1.0,high,True,True,True,True,True,2.7383333333333333,2.08,1.2837432584528685,1.594,5.682,1.6671,1.7605,3.51425,4.788699999999999,24,0,0,0,0.0,23.0,0,100.0,100.0,100.0,100.0,0,24,24,reported_gmt_minus_4_unconverted,1
2025-12-03,24,24,24,1.0,high,True,True,True,True,True,2.8458333333333337,2.4815,1.387446032375178,1.565,7.131,1.769,2.06925,3.111,3.3369,24,0,0,0,0.0,23.0,0,100.0,100.0,100.0,100.0,0,24,24,reported_gmt_minus_4_unconverted,1
2025-12-04,24,24,24,1.0,high,True,True,True,True,True,6.846625,4.7035,4.930611469377457,1.914,17.553,2.6396,3.00175,10.331999999999999,13.768999999999998,24,0,0,0,0.0,23.0,0,100.0,100.0,100.0,100.0,0,24,24,reported_gmt_minus_4_unconverted,1
2025-12-05,24,24,24,1.0,high,True,True,True,True,True,18.538666666666668,17.708,8.564545926523847,6.351,40.852,8.8499,11.701500000000001,23.456,28.402199999999997,24,0,0,0,0.0,23.0,0,100.0,100.0,100.0,100.0,0,24,24,reported_gmt_minus_4_unconverted,1
2025-12-06,24,24,24,1.0,high,True,True,True,True,True,21.891333333333336,18.487499999999997,12.208291450687419,6.5,57.489,9.8943,13.442,26.66725,37.69799999999999,24,0,0,0,0.0,23.0,0,100.0,100.0,100.0,100.0,0,24,24,reported_gmt_minus_4_unconverted,1
2025-12-07,24,24,24,1.0,high,True,True,True,True,True,24.47770833333333,21.250999999999998,13.822363635661207,3.113,52.595,9.7863,13.819,33.56725,43.751599999999996,24,0,0,0,0.0,23.0,0,100.0,100.0,100.0,100.0,0,24,24,reported_gmt_minus_4_unconverted,1
2025-12-08,24,24,24,1.0,high,True,True,True,True,True,16.060166666666664,14.567,12.195234734595479,3.341,44.741,4.1003,5.9585,20.343,35.611399999999996,24,0,0,0,0.0,23.0,0,100.0,100.0,100.0,100.0,0,24,24,reported_gmt_minus_4_unconverted,1
2025-12-09,24,24,24,1.0,high,True,True,True,True,True,4.447,4.2885,1.5835448127265117,2.79,10.587,3.2169,3.3122499999999997,5.024,5.362399999999999,24,0,0,0,0.0,23.0,0,100.0,100.0,100.0,100.0,0,24,24,reported_gmt_minus_4_unconverted,1
2025-12-10,24,24,24,1.0,high,True,True,True,True,True,3.7834583333333334,3.1905,1.2013280686903092,2.561,6.347,2.7774,2.8970000000000002,4.734249999999999,5.801799999999999,24,0,0,0,0.0,23.0,0,100.0,100.0,100.0,100.0,0,24,24,reported_gmt_minus_4_unconverted,1
2025-12-11,24,24,24,1.0,high,True,True,True,True,True,5.939583333333332,5.851,0.9689029168698176,4.887,9.774,5.0698,5.48625,6.14875,6.6104,24,0,0,0,0.0,23.0,0,100.0,100.0,100.0,100.0,0,24,24,reported_gmt_minus_4_unconverted,1
2025-12-12,24,24,24,1.0,high,True,True,True,True,True,4.9355,5.2115,0.9091095021814048,3.265,6.985,3.7691,4.0485,5.59225,5.6761,24,0,0,0,0.0,23.0,0,100.0,100.0,100.0,100.0,0,24,24,reported_gmt_minus_4_unconverted,1
2025-12-13,24,24,24,1.0,high,True,True,True,True,True,3.6983333333333337,3.453,1.2203936523379113,1.959,6.495,2.5643,2.7145,4.569,5.562499999999999,24,0,0,0,0.0,23.0,0,100.0,100.0,100.0,100.0,0,24,24,reported_gmt_minus_4_unconverted,1
2025-12-14,24,24,24,1.0,high,True,True,True,True,True,6.7508333333333335,3.3745000000000003,8.446048593311533,1.844,33.889,2.2321,2.76525,4.7125,19.93289999999999,24,0,0,0,0.0,23.0,0,100.0,100.0,100.0,100.0,0,24,24,reported_gmt_minus_4_unconverted,1
2025-12-15,24,24,24,1.0,high,True,True,True,True,True,3.5347916666666666,2.812,1.8427404917479662,1.972,8.433,2.1029,2.401,3.77825,6.4155,24,0,0,0,0.0,23.0,0,100.0,100.0,100.0,100.0,0,24,24,reported_gmt_minus_4_unconverted,1
2025-12-16,24,24,24,1.0,high,True,True,True,True,True,2.8890833333333332,2.8175,0.6715722575430355,1.518,4.378,2.3161,2.35475,3.247,3.8655999999999997,24,0,0,0,0.0,23.0,0,100.0,100.0,100.0,100.0,0,24,24,reported_gmt_minus_4_unconverted,1
2025-12-17,24,24,24,1.0,high,True,True,True,True,True,7.006291666666667,6.089,4.632195765172718,2.24,19.888,2.8393,3.4005,8.218499999999999,11.616599999999998,24,0,0,0,0.0,23.0,0,100.0,100.0,100.0,100.0,0,24,24,reported_gmt_minus_4_unconverted,1
2025-12-18,24,24,24,1.0,high,True,True,True,True,True,8.057333333333334,7.1825,3.333401522490942,5.203,21.142,5.8409,6.158,8.41575,11.3585,24,0,0,0,0.0,23.0,0,100.0,100.0,100.0,100.0,0,24,24,reported_gmt_minus_4_unconverted,1
2025-12-19,24,24,20,0.833333,standard,True,True,True,True,False,6.6008499999999986,5.8759999999999994,3.142122334631399,2.823,12.85,3.3647,4.21,7.53925,12.5693,20,4,0,0,0.0,23.0,4,0.0,100.0,83.33333333333333,100.0,4,20,20,reported_gmt_minus_4_unconverted,1
2025-12-20,24,24,24,1.0,high,True,True,True,True,True,6.543458333333334,6.314,3.490418449800847,2.426,19.768,3.5039,4.67725,6.90125,8.7007,24,0,0,0,0.0,23.0,0,100.0,100.0,100.0,100.0,0,24,24,reported_gmt_minus_4_unconverted,1
2025-12-21,24,24,24,1.0,high,True,True,True,True,True,4.664958333333334,4.225,2.6576791359177943,1.288,12.473,1.8332000000000002,2.7475,5.6195,8.1355,24,0,0,0,0.0,23.0,0,100.0,100.0,100.0,100.0,0,24,24,reported_gmt_minus_4_unconverted,1
2025-12-22,24,24,24,1.0,high,True,True,True,True,True,2.031416666666667,1.7730000000000001,0.6778387596309103,1.509,3.968,1.5446,1.59075,2.20275,2.942899999999999,24,0,0,0,0.0,23.0,0,100.0,100.0,100.0,100.0,0,24,24,reported_gmt_minus_4_unconverted,1
2025-12-23,24,24,24,1.0,high,True,True,True,True,True,1.7138333333333333,1.6110000000000002,0.3318261287333246,1.37,2.58,1.4686,1.509,1.7765,2.2405999999999997,24,0,0,0,0.0,23.0,0,100.0,100.0,100.0,100.0,0,24,24,reported_gmt_minus_4_unconverted,1
2025-12-24,24,24,24,1.0,high,True,True,True,True,True,1.671833333333333,1.4689999999999999,0.7686278947447264,0.661,3.597,0.9291,1.19225,1.86575,2.6294,24,0,0,0,0.0,23.0,0,100.0,100.0,100.0,100.0,0,24,24,reported_gmt_minus_4_unconverted,1
2025-12-25,24,24,24,1.0,high,True,True,True,True,True,10.162374999999999,10.7925,5.469934717140838,1.263,16.668,1.6939000000000002,6.50875,15.15575,16.3922,24,0,0,0,0.0,23.0,0,100.0,100.0,100.0,100.0,0,24,24,reported_gmt_minus_4_unconverted,1
2025-12-26,24,24,24,1.0,high,True,True,True,True,True,10.252583333333334,10.2465,1.6483159236196108,7.538,14.565,8.1183,9.162749999999999,11.1305,12.0008,24,0,0,0,0.0,23.0,0,100.0,100.0,100.0,100.0,0,24,24,reported_gmt_minus_4_unconverted,1
2025-12-27,24,24,24,1.0,high,True,True,True,True,True,8.615124999999999,8.5815,1.6428680995111278,6.138,11.519,6.501,7.32475,9.695,10.945,24,0,0,0,0.0,23.0,0,100.0,100.0,100.0,100.0,0,24,24,reported_gmt_minus_4_unconverted,1
2025-12-28,24,24,24,1.0,high,True,True,True,True,True,8.414416666666666,7.6145,2.855739071576312,4.694,13.72,5.1529,6.324999999999999,10.227,12.734,24,0,0,0,0.0,23.0,0,100.0,100.0,100.0,100.0,0,24,24,reported_gmt_minus_4_unconverted,1
2025-12-29,24,24,24,1.0,high,True,True,True,True,True,6.387666666666665,6.5745000000000005,1.927073308473729,2.838,9.736,3.4443,5.4072499999999994,7.7995,8.7521,24,0,0,0,0.0,23.0,0,100.0,100.0,100.0,100.0,0,24,24,reported_gmt_minus_4_unconverted,1
2025-12-30,24,24,24,1.0,high,True,True,True,True,True,1.8864166666666666,1.683,1.1977312944159006,0.711,4.71,0.8,0.87,2.083,3.9031,24,0,0,0,0.0,23.0,0,100.0,100.0,100.0,100.0,0,24,24,reported_gmt_minus_4_unconverted,1
2025-12-31,24,24,24,1.0,high,True,True,True,True,True,2.5704166666666666,2.0765,2.146429713382843,0.538,6.653,0.5617,0.621,3.6505,5.992799999999999,24,0,0,0,0.0,23.0,0,100.0,100.0,100.0,100.0,0,24,24,reported_gmt_minus_4_unconverted,1
2026-01-01,24,24,24,1.0,high,True,True,True,True,True,3.1823750000000004,2.4835000000000003,1.885609342465004,1.174,7.03,1.4636,1.8827500000000001,4.0569999999999995,6.4542,24,0,0,0,0.0,23.0,0,100.0,100.0,100.0,100.0,0,24,24,reported_gmt_minus_4_unconverted,1
2026-01-02,24,24,24,1.0,high,True,True,True,True,True,3.2737499999999997,1.8844999999999998,2.4654135070753473,1.122,8.952,1.1661,1.3612499999999998,5.98925,6.5133,24,0,0,0,0.0,23.0,0,100.0,100.0,100.0,100.0,0,24,24,reported_gmt_minus_4_unconverted,1
2026-01-03,24,24,24,1.0,high,True,True,True,True,True,4.003708333333334,2.6225,2.6187469701826065,1.383,9.644,1.603,1.7349999999999999,5.7745,7.919299999999999,24,0,0,0,0.0,23.0,0,100.0,100.0,100.0,100.0,0,24,24,reported_gmt_minus_4_unconverted,1
2026-01-04,24,24,24,1.0,high,True,True,True,True,True,5.766166666666666,5.4015,2.6893339512692127,2.324,14.406,3.0776,3.9090000000000003,6.3195,8.857099999999999,24,0,0,0,0.0,23.0,0,100.0,100.0,100.0,100.0,0,24,24,reported_gmt_minus_4_unconverted,1
2026-01-05,24,24,24,1.0,high,True,True,True,True,True,6.230875,4.358499999999999,4.263146728318639,2.24,18.818,3.057,3.59375,6.88925,11.3364,24,0,0,0,0.0,23.0,0,100.0,100.0,100.0,100.0,0,24,24,reported_gmt_minus_4_unconverted,1
2026-01-06,24,24,24,1.0,high,True,True,True,True,True,9.018458333333333,7.8535,3.8725504120463787,3.836,17.688,5.369800000000001,6.62725,9.81275,14.7438,24,0,0,0,0.0,23.0,0,100.0,100.0,100.0,100.0,0,24,24,reported_gmt_minus_4_unconverted,1
2026-01-07,24,24,24,1.0,high,True,True,True,True,True,10.074958333333335,6.043,7.719609392456424,3.937,28.348,4.2654000000000005,5.53125,12.769,22.6943,24,0,0,0,0.0,23.0,0,100.0,100.0,100.0,100.0,0,24,24,reported_gmt_minus_4_unconverted,1
2026-01-08,24,24,24,1.0,high,True,True,True,True,True,7.81325,6.3345,3.3629215074422105,3.606,15.839,4.3704,5.3085,9.93225,12.409299999999998,24,0,0,0,0.0,23.0,0,100.0,100.0,100.0,100.0,0,24,24,reported_gmt_minus_4_unconverted,1
2026-01-09,24,24,24,1.0,high,True,True,True,True,True,4.4692083333333334,3.412,2.999854025132131,2.055,15.704,2.4401,2.867,4.49775,7.896799999999999,24,0,0,0,0.0,23.0,0,100.0,100.0,100.0,100.0,0,24,24,reported_gmt_minus_4_unconverted,1
2026-01-10,24,24,24,1.0,high,True,True,True,True,True,7.498458333333335,5.837,3.983543550104568,3.794,21.86,4.1557,5.1122499999999995,9.102,10.8604,24,0,0,0,0.0,23.0,0,100.0,100.0,100.0,100.0,0,24,24,reported_gmt_minus_4_unconverted,1
2026-01-11,24,24,24,1.0,high,True,True,True,True,True,12.757958333333333,7.396,15.010559151532851,5.109,69.36,5.3180000000000005,5.901,9.15175,30.746299999999984,24,0,0,0,0.0,23.0,0,100.0,100.0,100.0,100.0,0,24,24,reported_gmt_minus_4_unconverted,1
2026-01-12,24,24,24,1.0,high,True,True,True,True,True,9.765166666666667,8.2765,3.8321761290496514,4.809,17.793,5.9271,6.81625,11.74825,15.747,24,0,0,0,0.0,23.0,0,100.0,100.0,100.0,100.0,0,24,24,reported_gmt_minus_4_unconverted,1
2026-01-13,24,24,24,1.0,high,True,True,True,True,True,8.27075,7.611000000000001,3.7054251208312055,4.251,18.894,4.719,5.71,9.121500000000001,13.355699999999999,24,0,0,0,0.0,23.0,0,100.0,100.0,100.0,100.0,0,24,24,reported_gmt_minus_4_unconverted,1
2026-01-14,24,24,24,1.0,high,True,True,True,True,True,7.944291666666667,6.8255,3.443290747540998,4.293,18.291,4.928599999999999,5.14525,9.45325,11.5223,24,0,0,0,0.0,23.0,0,100.0,100.0,100.0,100.0,0,24,24,reported_gmt_minus_4_unconverted,1
2026-01-15,24,24,24,1.0,high,True,True,True,True,True,10.656166666666666,10.705,3.05438577994883,5.849,15.641,7.2318,8.1375,13.76375,14.686,24,0,0,0,0.0,23.0,0,100.0,100.0,100.0,100.0,0,24,24,reported_gmt_minus_4_unconverted,1
2026-01-16,24,24,9,0.375,weak,False,False,False,False,False,7.658111111111111,8.402,2.415549132415052,1.801,10.609,5.901000000000001,7.566,8.501,9.1098,9,15,0,0,0.0,23.0,15,0.0,0.0,37.5,100.0,15,9,9,reported_gmt_minus_4_unconverted,1
2026-01-17,24,24,23,0.958333,high,True,True,True,True,True,3.8938260869565213,4.552,1.6592487251813124,1.386,6.097,1.446,2.4755,5.286,5.554,23,1,0,0,1.0,23.0,1,0.0,100.0,95.83333333333333,100.0,1,23,23,reported_gmt_minus_4_unconverted,1
2026-01-18,24,24,24,1.0,high,True,True,True,True,True,6.073958333333334,6.013,1.274342233712431,4.1,8.949,4.3813,5.245,6.98675,7.7053,24,0,0,0,0.0,23.0,0,100.0,100.0,100.0,100.0,0,24,24,reported_gmt_minus_4_unconverted,1
2026-01-19,24,24,24,1.0,high,True,True,True,True,True,5.686208333333333,4.992,2.4152531594587265,3.292,14.908,3.5971,4.43125,6.592,7.504499999999999,24,0,0,0,0.0,23.0,0,100.0,100.0,100.0,100.0,0,24,24,reported_gmt_minus_4_unconverted,1
2026-01-20,24,24,24,1.0,high,True,True,True,True,True,8.882166666666667,6.914,4.469605406828842,4.904,21.165,5.6884,6.061,9.149,15.824499999999997,24,0,0,0,0.0,23.0,0,100.0,100.0,100.0,100.0,0,24,24,reported_gmt_minus_4_unconverted,1
2026-01-21,24,24,24,1.0,high,True,True,True,True,True,14.148666666666665,9.073,10.483178644512057,1.787,39.356,4.2018,5.31925,21.156499999999998,28.383599999999998,24,0,0,0,0.0,23.0,0,100.0,100.0,100.0,100.0,0,24,24,reported_gmt_minus_4_unconverted,1
2026-01-22,24,24,24,1.0,high,True,True,True,True,True,17.365875,17.290999999999997,4.126133091411798,9.242,27.104,12.8842,14.315999999999999,18.975,22.9781,24,0,0,0,0.0,23.0,0,100.0,100.0,100.0,100.0,0,24,24,reported_gmt_minus_4_unconverted,1
2026-01-23,24,24,24,1.0,high,True,True,True,True,True,10.583416666666666,9.051,5.11688769975305,4.674,23.218,6.5154,7.4925,10.67775,18.981599999999997,24,0,0,0,0.0,23.0,0,100.0,100.0,100.0,100.0,0,24,24,reported_gmt_minus_4_unconverted,1
2026-01-24,24,24,24,1.0,high,True,True,True,True,True,5.5620416666666666,5.171,2.4116090511481563,2.321,9.585,2.4563,3.573,6.996,9.3122,24,0,0,0,0.0,23.0,0,100.0,100.0,100.0,100.0,0,24,24,reported_gmt_minus_4_unconverted,1
2026-01-25,24,24,24,1.0,high,True,True,True,True,True,9.075083333333334,9.334,1.7241090936094114,6.553,12.26,6.9878,7.439500000000001,10.084,11.3179,24,0,0,0,0.0,23.0,0,100.0,100.0,100.0,100.0,0,24,24,reported_gmt_minus_4_unconverted,1
2026-01-26,24,24,24,1.0,high,True,True,True,True,True,6.205041666666666,6.23,1.9179621313568318,3.043,10.067,3.9868,4.91175,7.1884999999999994,9.046199999999999,24,0,0,0,0.0,23.0,0,100.0,100.0,100.0,100.0,0,24,24,reported_gmt_minus_4_unconverted,1
2026-01-27,24,24,24,1.0,high,True,True,True,True,True,4.381333333333333,2.895,3.277037669001986,1.508,14.96,1.6606,2.07025,5.4822500000000005,8.544399999999998,24,0,0,0,0.0,23.0,0,100.0,100.0,100.0,100.0,0,24,24,reported_gmt_minus_4_unconverted,1
2026-01-28,24,24,24,1.0,high,True,True,True,True,True,6.3823333333333325,6.2305,2.5398163005579186,2.694,12.904,3.8215000000000003,4.3245000000000005,7.9392499999999995,8.7303,24,0,0,0,0.0,23.0,0,100.0,100.0,100.0,100.0,0,24,24,reported_gmt_minus_4_unconverted,1
2026-01-29,24,24,24,1.0,high,True,True,True,True,True,8.408416666666666,7.8134999999999994,1.8650818589487461,5.559,11.324,6.2849,7.1965,10.668750000000001,11.100299999999999,24,0,0,0,0.0,23.0,0,100.0,100.0,100.0,100.0,0,24,24,reported_gmt_minus_4_unconverted,1
2026-01-30,24,24,24,1.0,high,True,True,True,True,True,7.090291666666666,6.8870000000000005,1.3984958839120123,3.991,9.607,5.9081,6.48925,8.0015,8.8776,24,0,0,0,0.0,23.0,0,100.0,100.0,100.0,100.0,0,24,24,reported_gmt_minus_4_unconverted,1
2026-01-31,24,24,24,1.0,high,True,True,True,True,True,4.088333333333334,3.909,0.910128737509469,2.264,6.11,3.1756,3.6245000000000003,4.2935,5.539,24,0,0,0,0.0,23.0,0,100.0,100.0,100.0,100.0,0,24,24,reported_gmt_minus_4_unconverted,1
2026-02-01,24,24,24,1.0,high,True,True,True,True,True,3.66025,3.4779999999999998,0.4944594105643578,3.099,5.054,3.1609000000000003,3.33925,3.8775,4.3584,24,0,0,0,0.0,23.0,0,100.0,100.0,100.0,100.0,0,24,24,reported_gmt_minus_4_unconverted,1
2026-02-02,24,24,24,1.0,high,True,True,True,True,True,6.208916666666667,5.0525,3.8660710638857236,1.558,14.934,2.8575,3.6105,6.9135,12.311199999999998,24,0,0,0,0.0,23.0,0,100.0,100.0,100.0,100.0,0,24,24,reported_gmt_minus_4_unconverted,1
2026-02-03,24,24,24,1.0,high,True,True,True,True,True,11.156999999999998,10.724,3.816634973604252,5.5,20.284,6.4237,8.44275,13.6665,15.326699999999999,24,0,0,0,0.0,23.0,0,100.0,100.0,100.0,100.0,0,24,24,reported_gmt_minus_4_unconverted,1
2026-02-04,24,24,24,1.0,high,True,True,True,True,True,10.355958333333334,8.525,4.713783336770422,4.961,24.977,6.1009,7.84075,10.992,17.058899999999994,24,0,0,0,0.0,23.0,0,100.0,100.0,100.0,100.0,0,24,24,reported_gmt_minus_4_unconverted,1
2026-02-05,24,24,24,1.0,high,True,True,True,True,True,12.69783333333333,10.4875,6.905140030483069,6.534,33.418,7.7979,8.7045,12.5445,23.374499999999994,24,0,0,0,0.0,23.0,0,100.0,100.0,100.0,100.0,0,24,24,reported_gmt_minus_4_unconverted,1
2026-02-06,24,24,24,1.0,high,True,True,True,True,True,16.469166666666666,16.762500000000003,8.694788667415356,3.81,30.823,5.169,7.4825,23.93825,26.621299999999998,24,0,0,0,0.0,23.0,0,100.0,100.0,100.0,100.0,0,24,24,reported_gmt_minus_4_unconverted,1
2026-02-07,24,24,24,1.0,high,True,True,True,True,True,9.68425,7.0315,6.012688881603348,5.317,29.715,5.6048,5.82425,10.448,16.2909,24,0,0,0,0.0,23.0,0,100.0,100.0,100.0,100.0,0,24,24,reported_gmt_minus_4_unconverted,1
2026-02-08,24,24,24,1.0,high,True,True,True,True,True,14.140666666666668,7.0009999999999994,10.648490448912451,4.956,45.142,5.0552,5.57125,22.397,24.0187,24,0,0,0,0.0,23.0,0,100.0,100.0,100.0,100.0,0,24,24,reported_gmt_minus_4_unconverted,1
2026-02-09,24,24,24,1.0,high,True,True,True,True,True,32.61504166666666,34.76,18.55389695262489,9.055,59.402,11.703100000000001,15.13675,51.14025,55.8172,24,0,0,0,0.0,23.0,0,100.0,100.0,100.0,100.0,0,24,24,reported_gmt_minus_4_unconverted,1
2026-02-10,24,24,24,1.0,high,True,True,True,True,True,48.34116666666666,50.376000000000005,13.792968380795456,22.052,77.907,28.5308,40.537,56.33125,62.779399999999995,24,0,0,0,0.0,23.0,0,100.0,100.0,100.0,100.0,0,24,24,reported_gmt_minus_4_unconverted,1
2026-02-11,24,24,24,1.0,high,True,True,True,True,True,67.554625,66.727,13.34306229375401,26.719,93.069,58.4903,61.43825,72.9705,83.7873,24,0,0,0,0.0,23.0,0,100.0,100.0,100.0,100.0,0,24,24,reported_gmt_minus_4_unconverted,1
2026-02-12,24,24,24,1.0,high,True,True,True,True,True,53.262708333333336,55.8545,12.443526815452445,32.312,81.747,34.6274,44.61525,58.59575,64.8881,24,0,0,0,0.0,23.0,0,100.0,100.0,100.0,100.0,0,24,24,reported_gmt_minus_4_unconverted,1
2026-02-13,24,24,24,1.0,high,True,True,True,True,True,45.604083333333335,46.653499999999994,11.223586739411846,28.394,61.72,31.0714,35.57125,55.02575,58.6562,24,0,0,0,0.0,23.0,0,100.0,100.0,100.0,100.0,0,24,24,reported_gmt_minus_4_unconverted,1
2026-02-14,24,24,24,1.0,high,True,True,True,True,True,41.89333333333333,41.826499999999996,8.401008918015723,27.705,55.214,32.1079,35.31675,48.9285,51.4595,24,0,0,0,0.0,23.0,0,100.0,100.0,100.0,100.0,0,24,24,reported_gmt_minus_4_unconverted,1
2026-02-15,24,24,24,1.0,high,True,True,True,True,True,65.89920833333333,63.766999999999996,7.771058094701897,53.347,79.778,57.7796,59.579,73.1695,76.8967,24,0,0,0,0.0,23.0,0,100.0,100.0,100.0,100.0,0,24,24,reported_gmt_minus_4_unconverted,1
2026-02-16,24,24,24,1.0,high,True,True,True,True,True,61.903875,60.245999999999995,7.975250249924013,52.156,78.02,52.2931,55.5845,66.87725,73.5319,24,0,0,0,0.0,23.0,0,100.0,100.0,100.0,100.0,0,24,24,reported_gmt_minus_4_unconverted,1
2026-02-17,24,24,19,0.791667,standard,True,True,True,True,False,58.10763157894737,54.453,9.26659881995862,48.301,75.18,49.9122,50.861,64.1805,73.006,19,5,0,0,0.0,23.0,5,0.0,100.0,79.16666666666667,100.0,5,19,19,reported_gmt_minus_4_unconverted,1
2026-02-18,24,24,24,1.0,high,True,True,True,True,True,64.55675000000001,76.17,19.60575000893981,34.374,91.311,36.9966,47.20675,80.35825,84.2379,24,0,0,0,0.0,23.0,0,100.0,100.0,100.0,100.0,0,24,24,reported_gmt_minus_4_unconverted,1
2026-02-19,24,24,24,1.0,high,True,True,True,True,True,85.090125,81.9845,9.790292065246371,70.895,105.35,75.04910000000001,77.0065,93.88775000000001,98.1806,24,0,0,0,0.0,23.0,0,100.0,100.0,100.0,100.0,0,24,24,reported_gmt_minus_4_unconverted,1
2026-02-20,24,24,24,1.0,high,True,True,True,True,True,67.30858333333333,69.0325,6.427706947384058,51.842,78.992,58.3088,63.0715,71.35725,73.1517,24,0,0,0,0.0,23.0,0,100.0,100.0,100.0,100.0,0,24,24,reported_gmt_minus_4_unconverted,1
2026-02-21,24,24,24,1.0,high,True,True,True,True,True,53.800333333333334,52.3335,4.112730307193768,47.654,64.289,50.4312,51.101749999999996,56.058749999999996,58.5058,24,0,0,0,0.0,23.0,0,100.0,100.0,100.0,100.0,0,24,24,reported_gmt_minus_4_unconverted,1
2026-02-22,24,24,24,1.0,high,True,True,True,True,True,53.67429166666667,52.6285,4.778788990484902,45.937,64.603,49.372800000000005,50.75175,55.03525,61.1735,24,0,0,0,0.0,23.0,0,100.0,100.0,100.0,100.0,0,24,24,reported_gmt_minus_4_unconverted,1
2026-02-23,24,24,24,1.0,high,True,True,True,True,True,96.845125,94.906,25.87851743336378,59.864,142.679,65.4157,78.72725,109.29375,135.96939999999998,24,0,0,0,0.0,23.0,0,100.0,100.0,100.0,100.0,0,24,24,reported_gmt_minus_4_unconverted,1
2026-02-24,24,24,24,1.0,high,True,True,True,True,True,62.34695833333334,63.290000000000006,8.183233625126794,47.99,79.174,52.2046,56.023250000000004,68.35725,72.1833,24,0,0,0,0.0,23.0,0,100.0,100.0,100.0,100.0,0,24,24,reported_gmt_minus_4_unconverted,1
2026-02-25,24,24,24,1.0,high,True,True,True,True,True,53.384083333333336,53.6175,11.806106492594953,36.45,73.999,38.1218,39.990750000000006,63.4,67.6589,24,0,0,0,0.0,23.0,0,100.0,100.0,100.0,100.0,0,24,24,reported_gmt_minus_4_unconverted,1
2026-02-26,24,24,24,1.0,high,True,True,True,True,True,32.125875,31.423000000000002,5.029552372791457,23.994,41.007,27.0298,27.95575,36.1095,38.8602,24,0,0,0,0.0,23.0,0,100.0,100.0,100.0,100.0,0,24,24,reported_gmt_minus_4_unconverted,1
2026-02-27,24,24,24,1.0,high,True,True,True,True,True,31.714916666666667,31.936500000000002,6.7165593476879595,23.618,48.476,24.7408,26.05425,33.772749999999995,39.0029,24,0,0,0,0.0,23.0,0,100.0,100.0,100.0,100.0,0,24,24,reported_gmt_minus_4_unconverted,1
2026-02-28,24,24,24,1.0,high,True,True,True,True,True,30.867041666666665,30.8175,4.801343032030921,23.266,40.706,24.995,27.429000000000002,32.929,37.4899,24,0,0,0,0.0,23.0,0,100.0,100.0,100.0,100.0,0,24,24,reported_gmt_minus_4_unconverted,1
2026-03-01,24,24,24,1.0,high,True,True,True,True,True,22.058458333333334,23.250999999999998,3.1611572864210276,13.716,25.992,16.773,21.6045,23.95925,24.2361,24,0,0,0,0.0,23.0,0,100.0,100.0,100.0,100.0,0,24,24,reported_gmt_minus_4_unconverted,1
2026-03-02,24,24,24,1.0,high,True,True,True,True,True,35.154374999999995,35.167500000000004,5.748940014302069,24.476,46.543,28.131600000000002,31.187250000000002,39.4295,41.8166,24,0,0,0,0.0,23.0,0,100.0,100.0,100.0,100.0,0,24,24,reported_gmt_minus_4_unconverted,1
2026-03-03,24,24,24,1.0,high,True,True,True,True,True,34.6355,29.533,14.720478504155507,16.655,58.953,19.0746,25.30975,49.592749999999995,57.023399999999995,24,0,0,0,0.0,23.0,0,100.0,100.0,100.0,100.0,0,24,24,reported_gmt_minus_4_unconverted,1
2026-03-04,24,24,18,0.75,standard,True,True,True,True,False,8.871777777777778,1.213,10.173779028090708,0.738,23.591,0.8438,0.9475,20.4805,21.6122,18,6,0,0,0.0,23.0,6,0.0,100.0,75.0,100.0,6,18,18,reported_gmt_minus_4_unconverted,1
2026-03-05,24,24,24,1.0,high,True,True,True,True,True,1.8548749999999998,1.7530000000000001,0.4408054202006378,1.25,2.576,1.3129,1.499,2.186,2.5112,24,0,0,0,0.0,23.0,0,100.0,100.0,100.0,100.0,0,24,24,reported_gmt_minus_4_unconverted,1
2026-03-06,24,24,24,1.0,high,True,True,True,True,True,1.9376666666666666,1.9215,0.2800614321842646,1.46,2.554,1.589,1.77375,2.04575,2.3325,24,0,0,0,0.0,23.0,0,100.0,100.0,100.0,100.0,0,24,24,reported_gmt_minus_4_unconverted,1
2026-03-07,24,24,24,1.0,high,True,True,True,True,True,1.6584583333333331,1.6135000000000002,0.4175257325229675,0.966,2.694,1.218,1.3605,1.919,2.1498,24,0,0,0,0.0,23.0,0,100.0,100.0,100.0,100.0,0,24,24,reported_gmt_minus_4_unconverted,1
2026-03-08,24,24,24,1.0,high,True,True,True,True,True,1.496875,1.2175,0.690517028250823,0.821,3.055,0.8742,1.024,1.76625,2.6232999999999995,24,0,0,0,0.0,23.0,0,100.0,100.0,100.0,100.0,0,24,24,reported_gmt_minus_4_unconverted,1
2026-03-09,24,24,24,1.0,high,True,True,True,True,True,2.0726666666666667,1.5245,1.2222821373105335,1.134,5.471,1.2063000000000001,1.3475000000000001,2.249,3.5172,24,0,0,0,0.0,23.0,0,100.0,100.0,100.0,100.0,0,24,24,reported_gmt_minus_4_unconverted,1
2026-03-10,24,24,24,1.0,high,True,True,True,True,True,2.41825,2.0275,1.5226158626578774,0.944,6.339,1.1227,1.3452499999999998,2.7415000000000003,4.787499999999999,24,0,0,0,0.0,23.0,0,100.0,100.0,100.0,100.0,0,24,24,reported_gmt_minus_4_unconverted,1
2026-03-11,24,24,24,1.0,high,True,True,True,True,True,3.954125,3.9325,1.463027810740452,1.631,5.859,2.1429,2.5935,5.36125,5.802,24,0,0,0,0.0,23.0,0,100.0,100.0,100.0,100.0,0,24,24,reported_gmt_minus_4_unconverted,1
2026-03-12,24,24,24,1.0,high,True,True,True,True,True,5.556166666666667,5.6375,1.7790095844174856,2.241,8.211,3.1782,4.261,7.0285,7.8675999999999995,24,0,0,0,0.0,23.0,0,100.0,100.0,100.0,100.0,0,24,24,reported_gmt_minus_4_unconverted,1
2026-03-13,24,24,24,1.0,high,True,True,True,True,True,5.96975,5.852,1.3231490188512238,2.708,8.363,5.0935999999999995,5.328,6.72225,7.6141,24,0,0,0,0.0,23.0,0,100.0,100.0,100.0,100.0,0,24,24,reported_gmt_minus_4_unconverted,1
2026-03-14,24,24,24,1.0,high,True,True,True,True,True,3.2567083333333335,2.8895,1.1507094401193163,2.006,6.001,2.2131,2.3339999999999996,3.93525,4.855199999999999,24,0,0,0,0.0,23.0,0,100.0,100.0,100.0,100.0,0,24,24,reported_gmt_minus_4_unconverted,1
2026-03-15,24,24,24,1.0,high,True,True,True,True,True,1.9575000000000002,1.8555000000000001,0.43668056178799425,1.355,3.375,1.5969,1.67625,2.09725,2.3586,24,0,0,0,0.0,23.0,0,100.0,100.0,100.0,100.0,0,24,24,reported_gmt_minus_4_unconverted,1
2026-03-16,24,24,24,1.0,high,True,True,True,True,True,2.2835833333333335,1.754,1.3032219576935054,1.147,5.925,1.4046,1.5665,2.319,4.240099999999999,24,0,0,0,0.0,23.0,0,100.0,100.0,100.0,100.0,0,24,24,reported_gmt_minus_4_unconverted,1
2026-03-17,24,24,24,1.0,high,True,True,True,True,True,2.0909583333333335,1.735,0.8058486468727651,1.245,4.358,1.4600000000000002,1.5815000000000001,2.367,3.3231999999999995,24,0,0,0,0.0,23.0,0,100.0,100.0,100.0,100.0,0,24,24,reported_gmt_minus_4_unconverted,1
2026-03-18,24,24,24,1.0,high,True,True,True,True,True,1.7597499999999997,1.662,0.618136769022351,0.954,3.421,1.1133,1.40775,1.9292500000000001,2.6330999999999993,24,0,0,0,0.0,23.0,0,100.0,100.0,100.0,100.0,0,24,24,reported_gmt_minus_4_unconverted,1
2026-03-19,24,24,24,1.0,high,True,True,True,True,True,2.605833333333333,2.6715,0.9710075299339371,1.048,4.176,1.301,1.81775,3.376,3.7969999999999997,24,0,0,0,0.0,23.0,0,100.0,100.0,100.0,100.0,0,24,24,reported_gmt_minus_4_unconverted,1
2026-03-20,24,24,24,1.0,high,True,True,True,True,True,3.106208333333333,2.8325,0.7891700637332574,2.255,4.864,2.4055,2.537,3.368,4.3122,24,0,0,0,0.0,23.0,0,100.0,100.0,100.0,100.0,0,24,24,reported_gmt_minus_4_unconverted,1
2026-03-21,24,24,24,1.0,high,True,True,True,True,True,3.778708333333333,3.283,1.1842602710100316,2.603,7.694,2.845,2.87625,4.55275,5.0874,24,0,0,0,0.0,23.0,0,100.0,100.0,100.0,100.0,0,24,24,reported_gmt_minus_4_unconverted,1
2026-03-22,24,24,24,1.0,high,True,True,True,True,True,2.846291666666667,2.951,0.39342194178180034,2.316,3.636,2.3951,2.4845,3.0509999999999997,3.2469,24,0,0,0,0.0,23.0,0,100.0,100.0,100.0,100.0,0,24,24,reported_gmt_minus_4_unconverted,1
2026-03-23,24,24,24,1.0,high,True,True,True,True,True,3.1605416666666666,2.9275,0.9020715762195306,2.336,6.325,2.4061,2.644,3.319,4.018599999999999,24,0,0,0,0.0,23.0,0,100.0,100.0,100.0,100.0,0,24,24,reported_gmt_minus_4_unconverted,1
2026-03-24,24,24,24,1.0,high,True,True,True,True,True,5.457750000000001,5.8565000000000005,1.3668712050900582,2.82,6.929,3.2937000000000003,4.98575,6.6155,6.7921,24,0,0,0,0.0,23.0,0,100.0,100.0,100.0,100.0,0,24,24,reported_gmt_minus_4_unconverted,1
2026-03-25,24,24,24,1.0,high,True,True,True,True,True,12.044416666666669,11.262,4.92868838639094,5.669,19.794,6.031,7.61025,16.6695,18.0507,24,0,0,0,0.0,23.0,0,100.0,100.0,100.0,100.0,0,24,24,reported_gmt_minus_4_unconverted,1
2026-03-26,24,24,24,1.0,high,True,True,True,True,True,27.464291666666668,26.296999999999997,8.380804638547108,17.091,51.736,18.3394,21.348,32.062,37.1248,24,0,0,0,0.0,23.0,0,100.0,100.0,100.0,100.0,0,24,24,reported_gmt_minus_4_unconverted,1
2026-03-27,24,24,24,1.0,high,True,True,True,True,True,14.388958333333333,3.6654999999999998,15.514031633328827,0.232,39.857,2.0311,2.8644999999999996,31.259500000000003,34.2117,24,0,0,0,0.0,23.0,0,100.0,100.0,100.0,100.0,0,24,24,reported_gmt_minus_4_unconverted,1
2026-03-28,24,24,24,1.0,high,True,True,True,True,True,3.2812916666666667,2.956,0.9704555845924463,2.11,5.045,2.2096,2.456,4.35725,4.5771,24,0,0,0,0.0,23.0,0,100.0,100.0,100.0,100.0,0,24,24,reported_gmt_minus_4_unconverted,1
2026-03-29,24,24,24,1.0,high,True,True,True,True,True,4.678583333333333,4.2095,1.4530279304496065,2.685,7.364,3.0334000000000003,3.57575,6.01525,6.537,24,0,0,0,0.0,23.0,0,100.0,100.0,100.0,100.0,0,24,24,reported_gmt_minus_4_unconverted,1
2026-03-30,24,24,24,1.0,high,True,True,True,True,True,7.78875,6.9785,3.02881869998706,2.451,15.312,5.4103,6.02575,9.84525,12.2046,24,0,0,0,0.0,23.0,0,100.0,100.0,100.0,100.0,0,24,24,reported_gmt_minus_4_unconverted,1
2026-03-31,24,24,24,1.0,high,True,True,True,True,True,8.147916666666667,7.2425,2.4279994254828248,4.865,13.377,5.4406,6.548500000000001,9.941749999999999,11.7511,24,0,0,0,0.0,23.0,0,100.0,100.0,100.0,100.0,0,24,24,reported_gmt_minus_4_unconverted,1
2026-04-01,24,24,24,1.0,high,True,True,True,True,True,6.449916666666667,6.505,2.2406156940461246,2.704,12.422,3.2104000000000004,5.40775,7.826,8.0793,24,0,0,0,0.0,23.0,0,100.0,100.0,100.0,100.0,0,24,24,reported_gmt_minus_4_unconverted,1
2026-04-02,24,24,24,1.0,high,True,True,True,True,True,5.714875,5.8705,2.358273029008267,1.75,10.542,2.2651000000000003,4.4319999999999995,6.9575,8.775799999999998,24,0,0,0,0.0,23.0,0,100.0,100.0,100.0,100.0,0,24,24,reported_gmt_minus_4_unconverted,1
2026-04-03,24,24,24,1.0,high,True,True,True,True,True,4.899041666666666,5.8435,1.6394287308101554,2.257,6.675,2.5641,3.39425,6.21425,6.5682,24,0,0,0,0.0,23.0,0,100.0,100.0,100.0,100.0,0,24,24,reported_gmt_minus_4_unconverted,1
2026-04-04,24,24,24,1.0,high,True,True,True,True,True,6.430833333333332,6.1335,1.0110528161779924,4.122,8.331,5.4368,5.83825,7.07075,7.8609,24,0,0,0,0.0,23.0,0,100.0,100.0,100.0,100.0,0,24,24,reported_gmt_minus_4_unconverted,1
2026-04-05,24,24,24,1.0,high,True,True,True,True,True,5.448333333333333,5.761,2.0167087622867257,1.589,8.808,3.2492,3.848,6.75725,8.046899999999999,24,0,0,0,0.0,23.0,0,100.0,100.0,100.0,100.0,0,24,24,reported_gmt_minus_4_unconverted,1
2026-04-06,24,24,24,1.0,high,True,True,True,True,True,4.432333333333333,4.866,1.8395149329118796,1.539,7.487,1.8203,2.514,5.8877500000000005,6.3206,24,0,0,0,0.0,23.0,0,100.0,100.0,100.0,100.0,0,24,24,reported_gmt_minus_4_unconverted,1
2026-04-07,24,24,24,1.0,high,True,True,True,True,True,5.613833333333332,5.774,2.7051869768483923,1.207,10.747,2.25,3.4612499999999997,7.87975,8.9923,24,0,0,0,0.0,23.0,0,100.0,100.0,100.0,100.0,0,24,24,reported_gmt_minus_4_unconverted,1
2026-04-08,24,24,24,1.0,high,True,True,True,True,True,8.400791666666665,7.648,3.5471528077694465,1.699,14.627,4.9745,5.7787500000000005,10.791,13.7632,24,0,0,0,0.0,23.0,0,100.0,100.0,100.0,100.0,0,24,24,reported_gmt_minus_4_unconverted,1
2026-04-09,24,24,24,1.0,high,True,True,True,True,True,10.22725,9.86,3.9160293915715414,4.823,20.53,6.3273,7.06975,12.20825,14.823699999999999,24,0,0,0,0.0,23.0,0,100.0,100.0,100.0,100.0,0,24,24,reported_gmt_minus_4_unconverted,1
2026-04-10,24,24,20,0.833333,standard,True,True,True,True,False,7.685050000000001,6.034000000000001,5.794755155583184,1.368,21.582,1.6121,3.48225,11.076,15.392200000000004,20,4,0,0,0.0,23.0,4,0.0,100.0,83.33333333333333,100.0,4,20,20,reported_gmt_minus_4_unconverted,1
2026-04-11,24,24,24,1.0,high,True,True,True,True,True,7.49875,5.5585,5.560411278579717,1.382,19.898,1.6141,2.765,11.20425,15.148,24,0,0,0,0.0,23.0,0,100.0,100.0,100.0,100.0,0,24,24,reported_gmt_minus_4_unconverted,1
2026-04-12,24,24,24,1.0,high,True,True,True,True,True,6.6758750000000004,6.875,2.272438152647657,1.537,10.438,4.0548,5.217,8.15925,9.1053,24,0,0,0,0.0,23.0,0,100.0,100.0,100.0,100.0,0,24,24,reported_gmt_minus_4_unconverted,1
2026-04-13,24,24,24,1.0,high,True,True,True,True,True,5.18725,5.4990000000000006,2.049233456897863,2.196,9.583,2.5959,3.2279999999999998,6.7155,7.4525999999999994,24,0,0,0,0.0,23.0,0,100.0,100.0,100.0,100.0,0,24,24,reported_gmt_minus_4_unconverted,1
2026-04-14,24,24,24,1.0,high,True,True,True,True,True,3.675875,3.607,1.5832596071698577,0.849,5.85,1.2378,2.9017500000000003,5.1655,5.7203,24,0,0,0,0.0,23.0,0,100.0,100.0,100.0,100.0,0,24,24,reported_gmt_minus_4_unconverted,1
2026-04-15,24,24,24,1.0,high,True,True,True,True,True,2.4212916666666664,2.1189999999999998,1.309733410616091,0.887,4.77,0.9450000000000001,1.28225,3.5775,4.2206,24,0,0,0,0.0,23.0,0,100.0,100.0,100.0,100.0,0,24,24,reported_gmt_minus_4_unconverted,1
2026-04-16,24,24,24,1.0,high,True,True,True,True,True,2.399625,2.2385,1.1005813014434491,1.141,4.936,1.3416,1.4875,2.5705,4.1829,24,0,0,0,0.0,23.0,0,100.0,100.0,100.0,100.0,0,24,24,reported_gmt_minus_4_unconverted,1
2026-04-17,24,24,24,1.0,high,True,True,True,True,True,1.7219166666666663,1.433,0.7769356146266962,0.943,3.887,1.1376,1.2802499999999999,1.9104999999999999,2.5882,24,0,0,0,0.0,23.0,0,100.0,100.0,100.0,100.0,0,24,24,reported_gmt_minus_4_unconverted,1
2026-04-18,24,24,24,1.0,high,True,True,True,True,True,1.7686666666666664,1.5645,0.7721614872025414,0.955,3.374,0.9735,1.11725,2.4855,2.9301,24,0,0,0,0.0,23.0,0,100.0,100.0,100.0,100.0,0,24,24,reported_gmt_minus_4_unconverted,1
2026-04-19,24,24,24,1.0,high,True,True,True,True,True,3.26375,3.0655,0.7649080223194785,2.247,5.07,2.374,2.77025,3.7895,4.3309,24,0,0,0,0.0,23.0,0,100.0,100.0,100.0,100.0,0,24,24,reported_gmt_minus_4_unconverted,1
2026-04-20,24,24,24,1.0,high,True,True,True,True,True,4.4555,4.6205,0.9337667523670389,2.813,6.082,3.2294,3.7102500000000003,5.0725,5.5843,24,0,0,0,0.0,23.0,0,100.0,100.0,100.0,100.0,0,24,24,reported_gmt_minus_4_unconverted,1
2026-04-21,24,24,24,1.0,high,True,True,True,True,True,3.389708333333333,3.3055000000000003,1.01232021395392,1.055,5.901,2.6011,2.666,3.91475,4.5767,24,0,0,0,0.0,23.0,0,100.0,100.0,100.0,100.0,0,24,24,reported_gmt_minus_4_unconverted,1
2026-04-22,24,24,24,1.0,high,True,True,True,True,True,2.228125,1.821,1.075873813212554,1.005,4.825,1.3103,1.4195,3.037,3.5849999999999995,24,0,0,0,0.0,23.0,0,100.0,100.0,100.0,100.0,0,24,24,reported_gmt_minus_4_unconverted,1
2026-04-23,24,24,24,1.0,high,True,True,True,True,True,4.92125,4.818,2.3138338268468783,1.583,11.55,2.0099,3.03,6.57925,6.8534999999999995,24,0,0,0,0.0,23.0,0,100.0,100.0,100.0,100.0,0,24,24,reported_gmt_minus_4_unconverted,1
2026-04-24,24,24,24,1.0,high,True,True,True,True,True,7.027041666666666,6.640499999999999,2.648342311369209,3.811,12.869,4.097,5.1345,7.856,10.8352,24,0,0,0,0.0,23.0,0,100.0,100.0,100.0,100.0,0,24,24,reported_gmt_minus_4_unconverted,1
2026-04-25,24,24,24,1.0,high,True,True,True,True,True,14.171958333333334,13.627500000000001,7.01403888782544,4.431,30.981,6.0772,8.82175,17.8555,24.674499999999995,24,0,0,0,0.0,23.0,0,100.0,100.0,100.0,100.0,0,24,24,reported_gmt_minus_4_unconverted,1
2026-04-26,24,24,24,1.0,high,True,True,True,True,True,45.898875000000004,40.3305,22.552244780417528,16.713,78.86,21.1108,25.15075,68.26275,76.529,24,0,0,0,0.0,23.0,0,100.0,100.0,100.0,100.0,0,24,24,reported_gmt_minus_4_unconverted,1
2026-04-27,24,24,24,1.0,high,True,True,True,True,True,53.203125,53.2615,7.422329139378076,38.673,72.92,45.0525,48.9715,57.415,60.5017,24,0,0,0,0.0,23.0,0,100.0,100.0,100.0,100.0,0,24,24,reported_gmt_minus_4_unconverted,1
2026-04-28,24,24,24,1.0,high,True,True,True,True,True,48.988708333333335,51.5315,8.26760152107199,28.822,62.011,39.0127,43.996249999999996,54.003750000000004,58.2508,24,0,0,0,0.0,23.0,0,100.0,100.0,100.0,100.0,0,24,24,reported_gmt_minus_4_unconverted,1
2026-04-29,24,24,24,1.0,high,True,True,True,True,True,60.63529166666666,60.1395,5.970146713506889,49.847,72.522,52.6241,57.175250000000005,64.37375,68.15180000000001,24,0,0,0,0.0,23.0,0,100.0,100.0,100.0,100.0,0,24,24,reported_gmt_minus_4_unconverted,1
2026-04-30,24,24,24,1.0,high,True,True,True,True,True,51.23283333333333,50.7315,9.016522383050905,35.134,64.475,40.7259,44.229,59.117000000000004,61.8478,24,0,0,0,0.0,23.0,0,100.0,100.0,100.0,100.0,0,24,24,reported_gmt_minus_4_unconverted,1
2026-05-01,24,24,24,1.0,high,True,True,True,True,True,57.131708333333336,59.171,9.965012024596975,31.97,74.645,44.614,54.664249999999996,61.997249999999994,64.34009999999999,24,0,0,0,0.0,23.0,0,100.0,100.0,100.0,100.0,0,24,24,reported_gmt_minus_4_unconverted,1
2026-05-02,24,24,24,1.0,high,True,True,True,True,True,66.44470833333334,64.055,10.45480077983385,53.537,93.381,56.157900000000005,57.768499999999996,72.952,80.5745,24,0,0,0,0.0,23.0,0,100.0,100.0,100.0,100.0,0,24,24,reported_gmt_minus_4_unconverted,1
2026-05-03,24,24,24,1.0,high,True,True,True,True,True,49.25725,52.099000000000004,9.851749600738549,32.736,61.448,36.7013,40.268,58.80825,60.7331,24,0,0,0,0.0,23.0,0,100.0,100.0,100.0,100.0,0,24,24,reported_gmt_minus_4_unconverted,1
2026-05-04,24,24,24,1.0,high,True,True,True,True,True,33.67304166666667,32.513000000000005,7.419942056958612,24.032,52.696,26.1369,28.353,36.094,41.603699999999996,24,0,0,0,0.0,23.0,0,100.0,100.0,100.0,100.0,0,24,24,reported_gmt_minus_4_unconverted,1
2026-05-05,24,24,24,1.0,high,True,True,True,True,True,29.451625000000003,29.1875,4.952672618965661,21.291,41.825,23.6236,26.2835,31.2325,36.821299999999994,24,0,0,0,0.0,23.0,0,100.0,100.0,100.0,100.0,0,24,24,reported_gmt_minus_4_unconverted,1
2026-05-06,24,24,20,0.833333,standard,True,True,True,True,False,13.807699999999997,4.0015,13.493097592550988,1.172,40.689,1.5185,2.23875,26.1385,29.073700000000002,20,4,0,0,0.0,23.0,4,0.0,100.0,83.33333333333333,100.0,4,20,20,reported_gmt_minus_4_unconverted,1
2026-05-07,24,24,24,1.0,high,True,True,True,True,True,2.9261666666666666,2.817,1.054654225910978,1.608,5.13,1.8227,2.061,3.7590000000000003,4.3122,24,0,0,0,0.0,23.0,0,100.0,100.0,100.0,100.0,0,24,24,reported_gmt_minus_4_unconverted,1
2026-05-08,24,24,24,1.0,high,True,True,True,True,True,2.31975,1.79,1.1632862091281861,1.336,5.594,1.4324,1.555,2.6599999999999997,4.160799999999999,24,0,0,0,0.0,23.0,0,100.0,100.0,100.0,100.0,0,24,24,reported_gmt_minus_4_unconverted,1
2026-05-09,24,24,24,1.0,high,True,True,True,True,True,1.3994583333333335,1.282,0.6854086041990901,0.601,3.909,0.7941,1.0455,1.46975,2.1495999999999995,24,0,0,0,0.0,23.0,0,100.0,100.0,100.0,100.0,0,24,24,reported_gmt_minus_4_unconverted,1
2026-05-10,24,24,24,1.0,high,True,True,True,True,True,2.229416666666667,1.7505,1.2033609063844863,1.01,5.627,1.1135000000000002,1.4705000000000001,2.95375,3.7173,24,0,0,0,0.0,23.0,0,100.0,100.0,100.0,100.0,0,24,24,reported_gmt_minus_4_unconverted,1
2026-05-11,24,24,24,1.0,high,True,True,True,True,True,1.844375,1.758,0.44460239320484796,0.958,3.06,1.2972,1.64725,2.1455,2.2921,24,0,0,0,0.0,23.0,0,100.0,100.0,100.0,100.0,0,24,24,reported_gmt_minus_4_unconverted,1
2026-05-12,24,24,24,1.0,high,True,True,True,True,True,1.3114583333333332,1.2345000000000002,0.2794365416281511,1.017,2.011,1.0429,1.0875000000000001,1.532,1.6260999999999999,24,0,0,0,0.0,23.0,0,100.0,100.0,100.0,100.0,0,24,24,reported_gmt_minus_4_unconverted,1
2026-05-13,24,24,24,1.0,high,True,True,True,True,True,1.624291666666667,1.2839999999999998,0.9063673542207384,0.833,3.897,0.9653,1.18425,1.3725,3.3394999999999997,24,0,0,0,0.0,23.0,0,100.0,100.0,100.0,100.0,0,24,24,reported_gmt_minus_4_unconverted,1
2026-05-14,24,24,24,1.0,high,True,True,True,True,True,3.013583333333333,2.7205000000000004,1.2614091125702882,1.425,5.951,1.5806,2.056,3.71625,4.7616,24,0,0,0,0.0,23.0,0,100.0,100.0,100.0,100.0,0,24,24,reported_gmt_minus_4_unconverted,1
2026-05-15,24,24,10,0.416667,weak,False,False,False,False,False,2.4984,2.4595000000000002,0.2086699680250025,2.155,2.883,2.3341000000000003,2.37825,2.62575,2.7372,10,14,0,0,0.0,9.0,14,0.0,0.0,41.666666666666664,100.0,14,10,10,reported_gmt_minus_4_unconverted,1
2026-05-16,24,24,0,0.0,missing,False,False,False,False,False,,,,,,,,,,0,24,0,0,,,24,0.0,0.0,0.0,0.0,24,0,0,reported_gmt_minus_4_unconverted,1
2026-05-17,24,24,0,0.0,missing,False,False,False,False,False,,,,,,,,,,0,24,0,0,,,24,0.0,0.0,0.0,0.0,24,0,0,reported_gmt_minus_4_unconverted,1
2026-05-18,24,24,0,0.0,missing,False,False,False,False,False,,,,,,,,,,0,24,0,0,,,24,0.0,0.0,0.0,0.0,24,0,0,reported_gmt_minus_4_unconverted,1
2026-05-19,24,24,0,0.0,missing,False,False,False,False,False,,,,,,,,,,0,24,0,0,,,24,0.0,0.0,0.0,0.0,24,0,0,reported_gmt_minus_4_unconverted,1
2026-05-20,24,24,0,0.0,missing,False,False,False,False,False,,,,,,,,,,0,24,0,0,,,24,0.0,0.0,0.0,0.0,24,0,0,reported_gmt_minus_4_unconverted,1
2026-05-21,24,24,0,0.0,missing,False,False,False,False,False,,,,,,,,,,0,24,0,0,,,24,0.0,0.0,0.0,0.0,24,0,0,reported_gmt_minus_4_unconverted,1
2026-05-22,24,24,0,0.0,missing,False,False,False,False,False,,,,,,,,,,0,24,0,0,,,24,0.0,0.0,0.0,0.0,24,0,0,reported_gmt_minus_4_unconverted,1
2026-05-23,24,24,0,0.0,missing,False,False,False,False,False,,,,,,,,,,0,24,0,0,,,24,0.0,0.0,0.0,0.0,24,0,0,reported_gmt_minus_4_unconverted,1
2026-05-24,24,24,0,0.0,missing,False,False,False,False,False,,,,,,,,,,0,24,0,0,,,24,0.0,0.0,0.0,0.0,24,0,0,reported_gmt_minus_4_unconverted,1
2026-05-25,24,24,0,0.0,missing,False,False,False,False,False,,,,,,,,,,0,24,0,0,,,24,0.0,0.0,0.0,0.0,24,0,0,reported_gmt_minus_4_unconverted,1
2026-05-26,24,24,0,0.0,missing,False,False,False,False,False,,,,,,,,,,0,24,0,0,,,24,0.0,0.0,0.0,0.0,24,0,0,reported_gmt_minus_4_unconverted,1
2026-05-27,24,24,0,0.0,missing,False,False,False,False,False,,,,,,,,,,0,24,0,0,,,24,0.0,0.0,0.0,0.0,24,0,0,reported_gmt_minus_4_unconverted,1
2026-05-28,24,24,0,0.0,missing,False,False,False,False,False,,,,,,,,,,0,24,0,0,,,24,0.0,0.0,0.0,0.0,24,0,0,reported_gmt_minus_4_unconverted,1
2026-05-29,24,24,0,0.0,missing,False,False,False,False,False,,,,,,,,,,0,24,0,0,,,24,0.0,0.0,0.0,0.0,24,0,0,reported_gmt_minus_4_unconverted,1
2026-05-30,24,24,0,0.0,missing,False,False,False,False,False,,,,,,,,,,0,24,0,0,,,24,0.0,0.0,0.0,0.0,24,0,0,reported_gmt_minus_4_unconverted,1
2026-05-31,24,24,0,0.0,missing,False,False,False,False,False,,,,,,,,,,0,24,0,0,,,24,0.0,0.0,0.0,0.0,24,0,0,reported_gmt_minus_4_unconverted,1
