date,chl_mean,target_eligible_default,chl_satellite_proxy_log10,wind_spd_ms,sst_primary_degC
2015-07-01,,False,0.4081271752100862,2.5030070179304005,13.270989990234398
2015-07-02,,False,0.1141879894243554,3.072794319571573,13.269982910156273
2015-07-03,,False,0.8937698508352866,3.931441302556843,13.260980224609398
2015-07-04,,False,0.0018927415168657,1.96999251058584,13.451989746093773
2015-07-05,,False,,2.624734478862998,13.463983154296898
2015-07-06,,False,,3.151431251117919,13.244989013671898
2015-07-07,,False,-0.0257026039279603,3.459846023390915,13.356988525390648
2015-07-08,,False,0.1015851535747478,3.666892296841857,13.415002441406273
2015-07-09,,False,-0.3482124682538108,3.832990564689734,13.698999023437525
2015-07-10,,False,-0.3568873593634215,3.557496722572775,12.947991943359398
2015-07-11,,False,,2.750818426278059,13.762994384765648
2015-07-12,,False,,0.6301097553940996,13.644982910156273
2015-07-13,,False,-0.0799650344942554,4.191603356163245,13.514001464843773
2015-07-14,1.682909090909091,False,0.0619278547932671,4.711288305693491,13.446984863281273
2015-07-15,1.0390833333333334,True,-0.0613902942607523,3.629270951645412,13.394982910156273
2015-07-16,0.9799166666666668,True,0.1802540717336293,4.365234770399775,13.433984375000025
2015-07-17,0.9585,True,0.2337972099940609,4.241748108963193,13.894006347656273
2015-07-18,1.6441666666666663,True,-0.2769312368228334,4.285698780470425,13.997979736328148
2015-07-19,3.1671666666666667,True,-0.2493283017401163,6.351962738997608,13.554986572265648
2015-07-20,4.803541666666667,True,0.5512970623423706,5.234748199729681,13.221002197265648
2015-07-21,5.633541666666666,True,0.0231177610468674,4.107361426125861,13.132989501953148
2015-07-22,8.091583333333334,True,0.0979092207256271,2.3086571091548107,13.288995361328148
2015-07-23,7.7175,True,0.5252121017101302,3.5444461062909154,13.413995361328148
2015-07-24,10.013875,True,0.1110847803012224,2.9986934196594173,13.441979980468773
2015-07-25,11.933458333333334,True,0.0387920437291457,3.0217886070255107,13.631982421875025
2015-07-26,12.118458333333333,True,,2.8086106497963503,13.286004638671898
2015-07-27,10.598291666666666,True,-0.0355901373287508,1.3634441711466982,13.153985595703148
2015-07-28,7.710791666666666,True,0.0060232241508599,3.4754856625139934,13.469995117187525
2015-07-29,6.958833333333334,True,-0.198587445822871,2.968585737929601,13.196008300781273
2015-07-30,7.116791666666667,True,0.4298664804221389,1.5164928567550588,13.127008056640648
2015-07-31,6.095624999999999,True,0.3488211183598327,2.9414299469152216,13.141992187500025
2015-08-01,3.984291666666666,True,0.2955654799565793,4.267015898200576,13.137994384765648
2015-08-02,4.658458333333333,True,0.3563559281260455,4.385080296112191,13.166986083984398
2015-08-03,4.077375,True,,4.993294878456618,13.383996582031273
2015-08-04,6.1297500000000005,False,0.919998193415432,1.1088733740642636,13.646997070312525
2015-08-05,,False,,1.0059944682472268,13.701989746093773
2015-08-06,,False,,4.114648330736532,13.504998779296898
2015-08-07,,False,-0.4467255989826605,4.29104628097086,13.361993408203148
2015-08-08,,False,,11.353540264744865,13.430993652343773
2015-08-09,,False,-0.2385377694918979,0.9784632448716076,13.422998046875025
2015-08-10,,False,-0.4061263607101208,3.00522336041304,13.322991943359398
2015-08-11,,False,-0.3108742405899222,4.802713023451946,13.086999511718773
2015-08-12,,False,,3.0234417764743573,12.972985839843773
2015-08-13,,False,-0.267212503305788,3.075313632733464,13.058007812500025
2015-08-14,,False,1.2075141582070803,3.557083791567653,13.635003662109398
2015-08-15,,False,-0.1546880170887364,5.658011410897084,13.504998779296898
2015-08-16,,False,-0.2546588925608556,3.0976813884239505,13.363000488281273
2015-08-17,,False,0.9936653499584692,2.5653789698083447,13.485986328125025
2015-08-18,4.099230769230769,False,1.1159056407421863,3.7316770247036257,13.627984619140648
2015-08-19,4.897833333333334,True,,1.2894525316662626,13.620996093750025
2015-08-20,2.565583333333333,True,0.6858046204070448,0.9624203218408904,13.682000732421898
2015-08-21,1.9542916666666663,True,-0.0536832751531288,1.8796204290298488,13.745996093750025
2015-08-22,1.8032083333333333,True,-0.1657925963117446,3.8511658454364,13.831994628906273
2015-08-23,3.5695833333333336,True,0.8159158258229554,3.800937238366695,13.934991455078148
2015-08-24,6.666458333333334,True,-0.5076603723235591,2.262103633853939,13.946008300781273
2015-08-25,4.984666666666667,True,0.036686444812109,2.13628478743443,14.137994384765648
2015-08-26,3.1843333333333335,True,0.0087647875000156,3.8880422930306624,14.174981689453148
2015-08-27,3.4482500000000003,True,0.2296026128621364,2.757914688704996,14.158990478515648
2015-08-28,6.541875,True,0.1592580667356004,3.362173548846575,14.083001708984398
2015-08-29,8.607291666666667,True,0.3769761779044424,4.8880796339598005,14.141992187500025
2015-08-30,8.854125000000002,True,-0.0860262560662125,3.048363440510776,14.340997314453148
2015-08-31,5.351,True,-0.4897816020692915,1.5730363372861589,14.346978759765648
2015-09-01,5.7035833333333334,True,-0.2504199676216978,0.724104428701541,14.312982177734398
2015-09-02,5.207666666666667,True,-0.5145328207255878,1.193294951782722,14.314996337890648
2015-09-03,2.7680833333333332,True,-0.1496022588229769,1.0017870106289477,14.348992919921898
2015-09-04,2.55325,True,,1.8969660139753035,14.463006591796898
2015-09-05,1.6928333333333334,True,,2.0120480715132505,14.937005615234398
2015-09-06,0.963875,True,-0.3896128120516853,4.0166980769355884,14.541986083984398
2015-09-07,1.531291666666667,True,-0.5431943340046481,2.4378261384991475,14.493981933593773
2015-09-08,1.643541666666667,True,0.5811886677801562,4.703064979008021,14.502008056640648
2015-09-09,1.5445000000000002,True,,5.0749108670774765,14.394006347656273
2015-09-10,1.7497916666666666,True,0.9066281256960708,5.712905530810445,14.227990722656273
2015-09-11,1.2012916666666666,True,0.0493644866649535,5.465099081266046,14.205987548828148
2015-09-12,1.0795416666666666,True,1.2420149908579792,4.512519052741779,14.131982421875025
2015-09-13,6.2114166666666675,True,0.4222543712372774,3.693111486974932,14.029992675781273
2015-09-14,13.432357142857144,False,,1.5770530894918404,14.325982666015648
2015-09-15,14.343625,True,0.2169097686076722,2.8438539822982505,14.230981445312525
2015-09-16,9.149708333333336,True,0.4080587160101525,2.108852164547281,14.546990966796898
2015-09-17,5.2484166666666665,True,0.9003064724574497,3.678430779290839,14.661981201171898
2015-09-18,1.79725,True,,5.145437957235053,14.528985595703148
2015-09-19,2.156,True,,4.400661610141927,14.085992431640648
2015-09-20,4.539541666666667,True,,1.7313951953653282,13.989007568359398
2015-09-21,6.954833333333333,True,0.4511124268368982,2.269798063234465,14.331994628906273
2015-09-22,10.142583333333333,True,1.0962105869415075,2.549547108934056,14.546990966796898
2015-09-23,13.66725,True,1.0008267352374816,1.805463292551116,14.495996093750025
2015-09-24,12.332,True,0.6784578096824564,1.2783025109124373,14.473992919921898
2015-09-25,6.335208333333334,True,,6.7700181980618845,14.445001220703148
2015-09-26,2.1664999999999996,True,0.6431079362727048,6.06256198879814,14.032983398437525
2015-09-27,1.9611666666666665,True,0.4177291516717352,6.22683566016683,13.929986572265648
2015-09-28,2.8517500000000005,True,1.0304784832505878,7.2994123759725404,13.730981445312525
2015-09-29,1.6382916666666667,True,0.4788665301864486,5.2644256810126535,13.773980712890648
2015-09-30,3.3019999999999996,True,0.4298881067821629,2.0615233731205858,14.165002441406273
2015-10-01,7.007583333333334,True,0.2847294183878707,2.172881065988938,14.432000732421898
2015-10-02,9.927208333333333,True,0.7817255393004128,3.8687814372574008,14.562982177734398
2015-10-03,11.692166666666663,True,0.6086062537971126,2.0475205102438503,14.467004394531273
2015-10-04,9.682708333333332,True,1.3823093142958287,2.36446128654602,14.290979003906273
2015-10-05,6.196458333333333,True,0.101346003959139,4.739904944198425,15.054986572265648
2015-10-06,4.311833333333333,True,0.961241426959232,6.5206618066427815,14.316003417968773
2015-10-07,3.2705416666666665,True,1.005058529695458,7.583839183086884,13.527978515625025
2015-10-08,1.6302083333333333,True,,7.835914098100369,12.507989501953148
2015-10-09,1.717666666666667,True,0.3351508833714888,6.127361617431203,12.616998291015648
2015-10-10,1.7123333333333337,True,0.3238193310239491,4.159198050744566,12.609002685546898
2015-10-11,1.3790000000000002,True,0.8476128075997901,3.985285217138061,12.831994628906273
2015-10-12,0.7305000000000001,True,0.5299944385766142,3.507388087598473,13.270989990234398
2015-10-13,12.436541666666669,True,0.7260238562387167,2.1639637914212293,13.629998779296898
2015-10-14,19.756375,True,0.9193933600799912,3.7115146475993495,13.827996826171898
2015-10-15,7.778333333333333,True,0.7840340058924883,4.794138691062033,14.455987548828148
2015-10-16,9.916791666666668,True,0.7524961203151512,5.136489303475908,14.689996337890648
2015-10-17,11.48745833333333,True,0.5971391226732828,4.035216772337978,14.512994384765648
2015-10-18,10.878916666666663,True,,1.2081710914429495,14.350000000000025
2015-10-19,,False,-0.1205269548558388,4.552830247321857,14.547998046875025
2015-10-20,5.321478260869565,True,-0.0962244726563258,3.5286072499188137,14.715997314453148
2015-10-21,3.625291666666667,True,1.3903845513926367,4.1989370559787975,14.982995605468773
2015-10-22,2.1502083333333335,True,0.5318472977709445,3.601125660557586,14.956994628906273
2015-10-23,0.8884736842105263,True,0.9187732520525888,2.513654524860972,15.137994384765648
2015-10-24,0.5167916666666666,True,,1.5334814230507,15.648004150390648
2015-10-25,0.7171249999999999,True,0.1821666282003658,3.457377084078193,15.748986816406273
2015-10-26,0.616875,True,0.03836224199709,4.688886985166548,16.163995361328148
2015-10-27,0.7291666666666666,True,,4.083256796200005,16.055993652343773
2015-10-28,1.575416666666667,True,0.5229596469271584,5.01994376465258,15.790979003906273
2015-10-29,1.922125,True,-0.3914950835104914,3.67316814012149,15.770989990234398
2015-10-30,1.797208333333333,True,0.848377111970306,6.718266009074894,15.838006591796898
2015-10-31,1.416958333333333,True,,5.115838842450673,15.514001464843773
2015-11-01,2.250375,True,0.6386294255959473,3.0508598913116867,15.221978759765648
2015-11-02,5.317166666666666,True,0.6047727892888993,1.910472240295586,15.163995361328148
2015-11-03,6.528958333333333,True,0.2772077441071319,2.130164308016248,15.498986816406273
2015-11-04,5.941666666666666,True,1.709798205173804,2.263249230970022,15.838983154296898
2015-11-05,2.825125,True,0.2958473958142431,3.4727693775441537,15.629998779296898
2015-11-06,1.7921249999999995,True,0.1766704077839847,3.523579402933458,14.995996093750025
2015-11-07,1.027125,True,,3.737828362157179,14.605004882812525
2015-11-08,0.6535833333333333,True,0.0649368262280871,5.076946610702267,14.459008789062525
2015-11-09,0.3874,False,,4.864428912557874,14.689996337890648
2015-11-10,0.3745454545454545,False,0.0294312620513698,2.862361593862233,14.895989990234398
2015-11-11,,False,0.6462578352833849,2.640943413096636,15.118005371093773
2015-11-12,,False,0.0668020851509851,3.518742958700221,15.185998535156273
2015-11-13,0.7243,False,-0.0415115697951325,4.5499689551087386,15.101007080078148
2015-11-14,3.059208333333333,True,0.059419751797198,3.7601961171166023,15.346978759765648
2015-11-15,4.090291666666666,True,-0.2036055915208774,4.195566702145884,14.883996582031273
2015-11-16,1.8021666666666665,True,,4.127545952728901,15.299005126953148
2015-11-17,1.2130416666666666,True,0.164940860499105,5.205232266109291,15.287988281250025
2015-11-18,0.9417083333333331,True,0.1384030300022231,6.544061634769314,15.010003662109398
2015-11-19,0.3699166666666666,True,0.2970386023813301,7.411315849623461,14.600000000000025
2015-11-20,0.2383333333333333,True,-0.41641913532402,5.110936161690175,14.364007568359398
2015-11-21,0.3047083333333333,True,-0.2008053026102408,4.248893126337539,14.277978515625025
2015-11-22,1.1120416666666666,True,-0.0471102502381139,4.152154647133062,14.366998291015648
2015-11-23,1.4891250000000005,True,0.4103453191351253,3.9111259498605273,14.234979248046898
2015-11-24,1.8140833333333333,True,0.4153939147099936,4.351953072776609,14.653985595703148
2015-11-25,1.674875,True,,2.96092262521462,15.118005371093773
2015-11-26,1.7988333333333333,True,,4.501477157698906,15.430993652343773
2015-11-27,1.5785833333333332,True,1.2022308116972305,7.027656612850016,15.448999023437525
2015-11-28,1.329041666666667,True,0.5313423821216517,6.710179195918563,15.107995605468773
2015-11-29,1.147375,True,-0.1154415782771086,3.166716105844832,15.299981689453148
2015-11-30,,False,0.1767130433845562,2.610718017924382,15.317987060546898
2015-12-01,,False,0.4302057593295667,4.323627827430912,15.476983642578148
2015-12-02,,False,0.5369589256963859,4.184874359273264,15.739007568359398
2015-12-03,,False,0.7114407583576842,5.140296432937251,15.564996337890648
2015-12-04,,False,-0.1437564565447593,4.438185753193338,16.083001708984398
2015-12-05,,False,-0.1182440970158353,3.9729276417442567,15.825006103515648
2015-12-06,,False,1.0658950972106256,4.798721275158607,15.764978027343773
2015-12-07,,False,0.088036218661757,4.120222018154975,15.873986816406273
2015-12-08,,False,0.7280805260464648,4.683957524876954,15.726007080078148
2015-12-09,,False,0.9244665417611492,2.56624575513776,15.631005859375025
2015-12-10,,False,0.239809740662363,2.7282528392848406,15.783990478515648
2015-12-11,,False,,2.958529244239179,15.833001708984398
2015-12-12,,False,0.1407022284450536,2.868190765325139,16.037988281250023
2015-12-13,,False,0.2276499436960039,3.487950802352977,16.010980224609398
2015-12-14,,False,0.74154077494785,5.210608967855583,16.365991210937523
2015-12-15,,False,0.263810628222171,3.1169384533971227,16.282983398437523
2015-12-16,,False,0.033551745614799,3.269356864102333,16.441003417968773
2015-12-17,,False,0.6288750947687602,4.86268749652457,16.616998291015648
2015-12-18,,False,0.8483608454301977,4.779173895157767,16.865991210937523
2015-12-19,,False,0.3597579685382421,3.2647903497451054,16.698999023437523
2015-12-20,,False,0.7354169410908838,3.861480311559394,16.213006591796898
2015-12-21,,False,,4.879320439743957,16.231988525390648
2015-12-22,,False,0.8948957938618288,4.747960458843393,16.390985107421898
2015-12-23,,False,0.5927660374025895,5.7484678062862935,16.269006347656273
2015-12-24,,False,0.8953332804665471,4.164511522537484,16.566979980468773
2015-12-25,,False,0.4483169811341707,3.5748533199722123,16.909997558593773
2015-12-26,,False,0.678322359469935,4.458474477961595,16.830987548828148
2015-12-27,,False,,3.7046323690564726,16.657983398437523
2015-12-28,,False,0.4409277255647806,3.042168825837293,16.917993164062523
2015-12-29,,False,0.2897875331999938,2.976433910195728,17.145989990234398
2015-12-30,,False,0.27123561951697,4.464189720749411,17.037988281250023
2015-12-31,,False,0.3557942549274918,3.953614930281836,17.799005126953148
2016-01-01,,False,-0.0691282466277846,3.4665013674549576,17.415979003906273
2016-01-02,,False,0.8083796583799072,3.0416920965255323,17.722985839843773
2016-01-03,,False,0.4697371438290649,2.28416432283716,18.010003662109398
2016-01-04,,False,,2.376868047150979,17.830987548828148
2016-01-05,,False,,1.705365296833693,18.1459899902344
2016-01-06,,False,,2.0437490599970696,18.57100830078128
2016-01-07,2.027214285714286,False,1.1381173188392202,2.285876948605399,19.100000000000023
2016-01-08,,False,0.242547713626647,2.65985706332712,19.137994384765648
2016-01-09,,False,0.7584351312789847,4.410046782736826,18.774987792968773
2016-01-10,,False,1.0250310705897656,3.802681032908756,18.79000244140628
2016-01-11,,False,0.3524329300387372,3.253649439349334,18.7600036621094
2016-01-12,,False,,3.786788057972221,18.549981689453148
2016-01-13,1.2595454545454543,False,0.6042736991976486,3.732516986695862,18.5729919433594
2016-01-14,1.045958333333333,True,0.960765550465465,4.030993035760625,18.278985595703148
2016-01-15,0.5397083333333333,True,0.4894392649219365,5.132039468730651,18.275994873046898
2016-01-16,0.9669166666666666,True,0.2227522028543029,5.032839287693279,18.305993652343773
2016-01-17,1.1559166666666665,True,0.1749615078181789,3.252400292010869,18.370996093750023
2016-01-18,3.8401666666666663,True,0.519908123710177,2.144018248877773,18.537988281250023
2016-01-19,3.2922083333333334,True,0.8094789461147132,2.4128379685316625,18.433984375000023
2016-01-20,2.783583333333333,True,0.7666970501164768,2.294720912639719,19.140008544921898
2016-01-21,1.8927916666666669,True,1.366435783116367,2.164048355515364,19.726983642578148
2016-01-22,1.7400833333333334,True,,2.509545856265991,19.892999267578148
2016-01-23,1.463666666666667,True,,2.089210605574406,19.860986328125023
2016-01-24,2.3805833333333335,True,0.5386004990733211,4.067884510916988,19.5830017089844
2016-01-25,2.5220833333333332,True,0.5487561735074861,3.3560069505870707,18.986993408203148
2016-01-26,3.5909166666666668,True,0.2046982201189062,3.0199001506405123,19.245996093750023
2016-01-27,4.456166666666666,True,0.3091477526213403,3.921179108268523,19.730004882812523
2016-01-28,3.020208333333333,True,,3.4998764196407177,19.991998291015648
2016-01-29,4.463541666666667,True,0.7202106581306748,4.335883180295218,20.106988525390648
2016-01-30,3.029041666666666,True,0.5883475611352964,4.065408222994728,20.06099853515628
2016-01-31,3.932625,True,-0.2168615532971463,2.4577508035342306,19.652978515625023
2016-02-01,2.5011,False,0.2224931632354022,2.610860046433612,19.6249938964844
2016-02-02,,False,0.5262522597699076,2.2131148643947456,20.064996337890648
2016-02-03,,False,0.0058115335562642,3.0381088312663973,20.25899658203128
2016-02-04,4.8931818181818185,False,,2.6564318508729627,19.943994140625023
2016-02-05,3.196916666666666,True,0.4629069354873369,3.3559239217721157,19.856988525390648
2016-02-06,4.131,True,1.0288724849142747,3.1255738866458964,19.846002197265648
2016-02-07,3.1019166666666664,True,,2.7864958721553355,19.6140075683594
2016-02-08,4.068375,True,1.0262731140234476,3.888834907190406,19.282983398437523
2016-02-09,3.466583333333334,True,0.2565590744801412,2.821821568562561,19.230004882812523
2016-02-10,3.8542083333333337,True,-0.2476980371632046,3.6853630601468166,19.1039978027344
2016-02-11,2.689666666666666,True,0.1120698963487074,3.606715175783694,18.941003417968773
2016-02-12,1.7535,True,,3.974224384446277,18.90499267578128
2016-02-13,1.2837083333333332,True,,4.257325968154379,18.971978759765648
2016-02-14,1.1750416666666668,True,0.1377955643399904,4.758658873314582,18.667993164062523
2016-02-15,1.5528750000000002,True,0.913747215526507,3.4040398078978584,18.452996826171898
2016-02-16,2.6014166666666667,True,0.3391412088079891,2.804983986104121,17.976007080078148
2016-02-17,3.628916666666667,True,0.9623860053491176,3.2817678477819627,18.027978515625023
2016-02-18,3.0104583333333337,True,1.10409093330709,3.8379653495553328,18.097985839843773
2016-02-19,3.1517916666666665,True,0.998133821786358,4.337719202487418,17.947991943359398
2016-02-20,3.3933750000000003,True,0.7747306346737343,3.646290816979976,17.840997314453148
2016-02-21,3.2814166666666664,True,0.2433189167490219,2.321661496559455,18.070001220703148
2016-02-22,2.4457083333333336,True,0.8160435067102575,2.392464101354424,18.350000000000023
2016-02-23,1.428583333333333,True,-0.0121291177395844,1.6942317764849593,18.65499267578128
2016-02-24,1.0619166666666666,True,-0.2252533198680429,1.8449700133173148,18.6559997558594
2016-02-25,0.630375,True,-0.2361362821749076,1.7581869589907049,18.938989257812523
2016-02-26,0.4782916666666667,True,0.0248131429256406,4.608315969783965,18.34200439453128
2016-02-27,0.5608333333333334,True,0.0318824075952449,3.213200653423234,17.951989746093773
2016-02-28,0.66325,True,-0.2607762697906218,2.4193260033981683,17.158990478515648
2016-02-29,1.5502916666666664,True,,3.0029316113645854,16.813989257812523
2016-03-01,1.7415,True,-0.3226761621433678,2.9431561084411184,16.557000732421898
2016-03-02,2.126958333333333,True,,2.70246909335992,16.550988769531273
2016-03-03,2.791166666666667,True,-0.3354635865795465,2.970977639740493,16.952996826171898
2016-03-04,2.9428333333333327,True,-0.1730349268439512,2.5523058232281333,17.201989746093773
2016-03-05,4.5175833333333335,True,,2.5949617663316,17.304986572265648
2016-03-06,4.9870833333333335,True,-0.0745244110389147,2.6472459629006586,16.899987792968773
2016-03-07,5.025958333333334,True,0.790796579641651,3.6236112406069454,17.234002685546898
2016-03-08,6.862416666666667,True,0.8685662682059538,3.2167723155576,17.296990966796898
2016-03-09,6.740583333333333,True,-0.2342448237119701,2.398965534330259,17.607995605468773
2016-03-10,5.188291666666667,True,0.108967212164652,1.994504020627588,17.551995849609398
2016-03-11,4.803208333333333,True,-0.1532617165118719,2.3633379383839994,18.006005859375023
2016-03-12,7.025208333333333,True,0.2166110650375944,1.8552887004106628,18.4899841308594
2016-03-13,7.795708333333334,True,0.4896116747635937,3.213981873040811,18.618981933593773
2016-03-14,6.141041666666666,True,0.0088077600917532,3.487151269404793,18.3850036621094
2016-03-15,4.5449166666666665,True,,2.8252633458331955,18.264001464843773
2016-03-16,3.5883749999999996,True,,1.771333153922564,17.350000000000023
2016-03-17,1.6650416666666663,True,-0.361635784915911,2.611701748687804,17.159997558593773
2016-03-18,0.6011666666666666,True,0.1403236832314154,4.090096022671934,16.852990722656273
2016-03-19,0.7680416666666666,True,-0.3478054330968637,2.473503101705504,16.692987060546898
2016-03-20,1.6047083333333336,True,-0.1390894021096363,2.6864338899782094,16.833001708984398
2016-03-21,1.8780833333333335,True,-0.3325858744579981,3.2501137563000952,16.801995849609398
2016-03-22,1.895708333333333,True,-0.1505215581976317,3.338784114502771,17.152978515625023
2016-03-23,4.536416666666667,True,-0.5712571076466072,2.171332907650939,17.646997070312523
2016-03-24,4.498916666666666,True,0.6095175896684815,2.384265254442471,17.554986572265648
2016-03-25,7.171208333333333,True,-0.3244273139056757,2.7652271522527947,17.450006103515648
2016-03-26,9.715416666666668,True,,1.82910234297644,17.614984130859398
2016-03-27,10.583541666666669,True,0.2971011149364668,2.642890179339139,17.357995605468773
2016-03-28,7.527666666666666,True,-0.0566860644084076,2.665478947174075,17.472985839843773
2016-03-29,6.761458333333334,True,0.2032054787774306,1.7036442277357118,17.692987060546898
2016-03-30,7.511500000000001,True,0.057543487029163,2.7324826187751463,17.868981933593773
2016-03-31,7.940958333333332,True,0.3899464502004177,4.06655556666936,18.004998779296898
2016-04-01,6.900458333333333,True,,1.9849856622342557,17.609979248046898
2016-04-02,5.364958333333334,True,0.2585162007975028,3.300732411882905,17.309991455078148
2016-04-03,7.68775,True,-0.2356529690170604,3.598056684619329,17.264001464843773
2016-04-04,1.7876666666666663,True,,4.598841793402501,16.359002685546898
2016-04-05,2.1925000000000003,True,-0.134616501953817,1.7365848004383626,16.070001220703148
2016-04-06,3.542125,True,1.0131471104039282,2.0453357840452,16.152978515625023
2016-04-07,3.1764166666666664,True,0.9394545412080556,3.5699445039883204,16.352990722656273
2016-04-08,3.1336666666666666,True,0.8999799390685767,4.250636740243274,16.568994140625023
2016-04-09,3.692041666666667,True,0.7033537214080698,5.20876945197507,16.136987304687523
2016-04-10,3.6340416666666666,True,-0.2099807109329889,4.053879695349661,16.240991210937523
2016-04-11,6.393166666666667,True,,1.0228391708229836,16.290979003906273
2016-04-12,6.113416666666666,True,-0.1425638110070495,1.7708656972687749,16.236993408203148
2016-04-13,3.0457916666666662,True,-0.3253663195516549,2.7044908080501675,16.415979003906273
2016-04-14,4.185666666666667,True,-0.1962339246052756,2.499421500894564,16.540002441406273
2016-04-15,4.989708333333333,True,-0.3844016326788825,1.3874115635087865,16.533990478515648
2016-04-16,5.126541666666667,True,-0.1027687393560753,1.8159088224938345,17.037988281250023
2016-04-17,4.628583333333334,True,0.0684112386233668,3.768254971277848,17.116998291015648
2016-04-18,2.378083333333333,True,-0.4788344883276823,4.2661362792081885,17.046990966796898
2016-04-19,1.4019583333333336,True,0.5018780321685458,5.555980546279853,16.571008300781273
2016-04-20,1.8669583333333335,True,-0.5622113830723559,2.919078447972937,14.958001708984398
2016-04-21,3.183833333333333,True,0.3863726006805922,4.567372486703483,14.614007568359398
2016-04-22,3.0469166666666667,True,-0.4587517217669467,1.4660383941023551,14.684991455078148
2016-04-23,5.011541666666667,True,,1.4177657994141708,14.969995117187525
2016-04-24,4.976624999999999,True,0.0689301924966104,4.344731666603685,14.973992919921898
2016-04-25,2.9951250000000003,True,0.99618530619141,6.515981129538932,14.889978027343773
2016-04-26,2.852375,True,0.4902844579290625,3.277132088161298,14.605004882812525
2016-04-27,3.435625,True,,0.9490816223015118,14.856988525390648
2016-04-28,3.5276666666666667,True,0.3929098208230385,1.9899477435018167,15.288995361328148
2016-04-29,4.4200952380952385,True,0.2200824732749734,2.930093210548769,15.330987548828148
2016-04-30,2.7695416666666666,True,-0.1822344016349699,2.289549743203468,15.363000488281273
2016-05-01,0.8675,True,-0.2376452461943846,0.998178887422429,15.748986816406273
2016-05-02,0.5246666666666667,True,-0.0458193164059971,2.1319349820703315,16.493005371093773
2016-05-03,0.5098333333333334,True,,0.8832782711105783,16.570001220703148
2016-05-04,0.4781666666666666,True,,1.1358580675356729,16.775994873046898
2016-05-05,0.4184166666666666,True,-0.0527091236635921,1.7572096849277663,16.627008056640648
2016-05-06,0.3342083333333334,True,-0.1288843700618135,3.0741844134052534,15.661981201171898
2016-05-07,0.4457916666666666,True,-0.0595482155711253,2.702967201200764,16.432000732421898
2016-05-08,0.5882083333333333,True,,2.7436676905400117,16.040979003906273
2016-05-09,1.1967916666666667,True,-0.2179152360341555,0.997654315319625,15.932000732421898
2016-05-10,1.3342916666666664,True,0.0079700686523879,0.9243362886735836,15.846002197265648
2016-05-11,1.635916666666667,True,-0.1399085192268311,2.023608131054213,15.896997070312525
2016-05-12,1.831,True,-0.1412169536094986,1.9727213537235224,16.062005615234398
2016-05-13,1.0220416666666667,True,,1.5031679990623117,15.911981201171898
2016-05-14,1.1010833333333334,True,-0.3208066431085686,2.153506352924607,15.730981445312525
2016-05-15,1.456041666666667,True,,1.6676032806450831,15.226007080078148
2016-05-16,1.5896666666666668,True,-0.4002420160110809,2.877957440183144,15.334008789062525
2016-05-17,1.64325,True,-0.546348992647781,3.055375138033556,15.392999267578148
2016-05-18,1.860458333333333,True,-0.5266090805440324,1.7073770714206642,15.303979492187525
2016-05-19,2.142333333333333,True,,1.446821768870647,15.347985839843773
2016-05-20,1.718625,True,0.2635763453412696,0.713816112635592,15.139978027343773
2016-05-21,1.76475,True,0.5942040564649451,1.3286088513688472,15.196984863281273
2016-05-22,1.5670000000000002,True,0.1442193354548084,2.5691133040533685,15.343988037109398
2016-05-23,1.468333333333333,True,0.1584198142270932,1.5788430096197124,15.407006835937525
2016-05-24,0.9359583333333332,True,-0.1447770588540258,2.2095973650996235,15.437005615234398
2016-05-25,1.0329583333333332,True,,2.6164610882809978,15.030999755859398
2016-05-26,1.5117083333333332,True,0.162468150188635,3.580126691717392,15.131982421875025
2016-05-27,1.3107083333333334,True,0.1165183108717493,3.1520951723497173,15.171990966796898
2016-05-28,1.0582083333333332,True,,2.533699384440044,15.109979248046898
2016-05-29,0.9497916666666668,True,-0.298359028204779,1.9073466623996784,15.152978515625025
2016-05-30,0.760125,True,0.1950104232937007,2.4032748723156168,14.698999023437525
2016-05-31,0.8622916666666667,True,,2.868482811857553,14.402001953125025
2016-06-01,0.9183333333333332,True,-0.1992426820419378,1.8318139479799045,14.519006347656273
2016-06-02,1.0389166666666667,True,,2.6859603774057104,14.864984130859398
2016-06-03,1.4503333333333333,True,,0.0762602524365961,14.187982177734398
2016-06-04,1.6860416666666669,True,-0.274327047021449,0.905117358915248,14.096002197265648
2016-06-05,1.311125,True,-0.1877744163195026,4.5300243355366,14.157983398437525
2016-06-06,1.4018749999999998,True,-0.0829688235686802,4.887429309242432,14.158990478515648
2016-06-07,1.2565833333333334,True,-0.0260051725825105,3.393201944062761,14.139978027343773
2016-06-08,1.0876249999999998,True,-0.3121418585466411,1.025915642646655,14.029992675781273
2016-06-09,0.9205833333333334,True,-0.3824644446381958,1.8216613755261324,13.721978759765648
2016-06-10,0.7083749999999999,True,-0.282885744419398,3.425802694343892,13.696008300781273
2016-06-11,0.64325,True,-0.2631673468244206,3.034538427278432,13.592004394531273
2016-06-12,0.8093333333333333,True,-0.2786311361733914,2.576586924817376,13.357995605468773
2016-06-13,0.9587916666666668,True,-0.0553379304348828,3.1785070752727003,13.253991699218773
2016-06-14,1.1629166666666666,True,-0.2795783365138695,4.0145247217824735,13.245996093750025
2016-06-15,0.9119583333333332,True,0.0490425191771791,5.301629212796916,13.252984619140648
2016-06-16,0.7575714285714283,False,-0.159641533535398,3.8023553512518617,13.498986816406273
2016-06-17,,False,-0.4610602156625795,1.6672597512126766,13.620996093750025
2016-06-18,,False,-0.5862004890082811,1.84118072766983,13.601983642578148
2016-06-19,,False,,2.0314637845992274,13.659997558593773
2016-06-20,,False,-0.2908351423010196,3.426965144629916,13.601007080078148
2016-06-21,0.7322,False,-0.4774580970476649,2.9305930471957424,13.618005371093773
2016-06-22,0.8577083333333334,True,-0.5402306402089724,3.493192515294566,13.665002441406273
2016-06-23,0.796875,True,,4.530972360896547,13.421990966796898
2016-06-24,0.7379166666666667,True,-0.6152751947181854,4.227210801382539,12.310998535156273
2016-06-25,0.7768750000000001,True,-0.2985353471416981,0.6490753409701094,12.072991943359398
2016-06-26,1.2195,True,0.2416147716734018,1.6447335166090098,12.300988769531273
2016-06-27,1.6779166666666665,True,0.2541198162268464,2.4000363664951587,12.577996826171898
2016-06-28,1.8565833333333333,True,-0.6451940667167224,2.4081985106585786,13.058984375000025
2016-06-29,1.7164583333333334,True,-0.1549788555147514,3.635561834532064,12.911004638671898
2016-06-30,1.6845416666666664,True,,3.3333001217133384,12.519006347656273
2016-07-01,1.9441250000000003,True,,2.6045528109760703,12.644982910156273
2016-07-02,2.2395833333333335,True,,1.671315033383694,13.510003662109398
2016-07-03,1.3153333333333337,True,-0.4013593742063867,3.3477555503983902,13.183984375000025
2016-07-04,0.9005416666666667,True,0.0861254459558021,0.7295310024066243,13.140985107421898
2016-07-05,1.3908333333333334,True,-0.0456453727717943,1.4091536438735206,13.192987060546898
2016-07-06,1.0438333333333334,True,-0.2294495741977369,4.821829396805004,13.307000732421898
2016-07-07,1.1005,True,,1.4776195293350023,13.344995117187525
2016-07-08,1.1621666666666666,True,-0.3186345104951869,1.147712726665973,13.214990234375025
2016-07-09,1.5800833333333333,True,-0.1791323910969027,2.408960612555879,13.027001953125025
2016-07-10,1.367375,True,,1.6109557469885876,12.865991210937525
2016-07-11,1.4563333333333333,True,-0.3691220958707586,0.5359068409961371,13.109002685546898
2016-07-12,2.3707083333333334,True,,1.830622830643433,13.576989746093773
2016-07-13,3.4109166666666666,True,,3.0476229983682384,13.482995605468773
2016-07-14,3.369208333333334,True,0.2455343738327805,2.7036732116167497,13.373986816406273
2016-07-15,2.8668333333333336,True,-0.4703318026904122,2.94054318964548,13.417993164062525
2016-07-16,5.416458333333334,True,,1.402854897929657,13.226983642578148
2016-07-17,6.1375,True,-0.5499115531907234,1.564682924086042,13.174005126953148
2016-07-18,2.48625,True,0.5698591548119322,2.5386747074581315,12.933007812500025
2016-07-19,2.4495,False,0.4049106274163656,1.861719583636124,13.165002441406273
2016-07-20,4.041,False,0.0732960845718247,3.2160442513188663,13.541986083984398
2016-07-21,3.24,False,0.6401783651898703,2.5991824589246835,13.623986816406273
2016-07-22,2.889416666666667,True,-0.3592415999446587,2.9057533587437927,13.916986083984398
2016-07-23,2.888291666666666,True,,1.8692034148838537,14.015985107421898
2016-07-24,2.7957916666666667,True,,1.2640214709306092,14.088006591796898
2016-07-25,3.1488333333333336,True,-0.1290113077606496,0.3968166201657344,14.088983154296898
2016-07-26,2.293,False,0.7104124452146082,4.612715190945119,14.098992919921898
2016-07-27,1.9459583333333332,True,-0.2648630346887618,2.9737512492351827,14.128991699218773
2016-07-28,2.305,False,,3.39364268547384,14.089990234375025
2016-07-29,1.612,False,-0.2886552570812716,4.3088057305971885,14.118981933593773
2016-07-30,1.401,False,-0.3202307782348871,3.901137309391775,14.081994628906273
2016-07-31,1.0011666666666663,True,0.1369717977243451,2.936977668315345,13.840997314453148
2016-08-01,0.8874166666666667,True,-0.192141826919376,4.711341040442889,13.799981689453148
2016-08-02,1.0719583333333331,True,-0.558282417077055,3.508523511907415,13.767999267578148
2016-08-03,1.4030909090909092,False,-0.0262419786648678,3.885446321135981,13.739007568359398
2016-08-04,2.01625,True,0.0485148364054546,4.3533976898638045,13.753991699218773
2016-08-05,2.629,False,-0.2617931078911413,4.357967085013705,13.636987304687525
2016-08-06,2.0610833333333334,True,0.6138189599963886,5.0023149740885815,13.428979492187525
2016-08-07,3.0234583333333336,True,-0.3007537766968131,5.0977803675830575,13.584985351562525
2016-08-08,5.600083333333333,True,0.3846163354606713,5.072059337238843,13.710992431640648
2016-08-09,10.814,False,-0.3601863887739243,2.1243771714172013,13.671990966796898
2016-08-10,20.361,False,,1.012161087467396,13.782983398437525
2016-08-11,9.659333333333334,True,0.4891428888033093,3.626309710447941,13.853997802734398
2016-08-12,7.550416666666667,True,-0.0540648820111424,4.14837266976147,13.860986328125025
2016-08-13,6.052958333333334,True,0.2398875537475861,3.752573670868392,13.790979003906273
2016-08-14,12.952666666666666,True,-0.1507327693405103,4.68023129310187,13.730004882812525
2016-08-15,10.887333333333332,True,1.5642865814668618,4.906240482440996,13.338983154296898
2016-08-16,10.8165,False,0.3823073564390729,5.405134963110493,13.790979003906273
2016-08-17,8.433333333333334,True,1.2378055082695016,6.576045861872763,13.663995361328148
2016-08-18,3.749708333333333,True,1.3018786812392902,7.688759195391922,13.010003662109398
2016-08-19,2.1940416666666667,True,0.0675397206675337,7.106908077117209,12.883996582031273
2016-08-20,2.5079999999999996,True,0.9616623623438816,6.350323479859344,12.791986083984398
2016-08-21,4.739666666666667,True,0.1502310735576403,3.97864360848648,12.790979003906273
2016-08-22,5.3847499999999995,True,-0.0268215901915495,1.322062799801425,12.792993164062525
2016-08-23,4.144,False,-0.1407265355434182,1.5985344540105872,13.008996582031273
2016-08-24,6.195,False,0.022538281733511,2.345009085295999,13.152001953125025
2016-08-25,10.824083333333334,True,0.5425566946554771,3.030283551126752,13.187005615234398
2016-08-26,10.898291666666664,True,0.338249702413125,4.924811276395829,13.407006835937525
2016-08-27,13.755458333333332,True,1.175579202063327,4.0913355549873325,13.329980468750025
2016-08-28,9.411541666666666,True,0.6237431405909563,5.820561406011748,12.946984863281273
2016-08-29,6.413625,True,1.276840567898074,3.424464776712608,13.007989501953148
2016-08-30,,False,0.3316134868968802,4.772817957615722,12.920007324218773
2016-08-31,3.6172083333333336,True,0.989260564436896,6.5055061949667055,12.887994384765648
2016-09-01,3.931708333333334,True,0.6700649959589696,7.337713291679235,12.835992431640648
2016-09-02,3.129,True,0.8067401796334172,7.376784523692764,12.576989746093773
2016-09-03,2.094875,True,0.603355926546948,5.180696952899434,12.409997558593773
2016-09-04,1.538333333333333,True,0.7094471531058384,2.632928968403749,12.085992431640648
2016-09-05,3.827083333333333,True,0.9617548681717768,2.6218611510988,12.092004394531273
2016-09-06,4.238,False,0.6218004473324777,3.513686009884429,12.399987792968773
2016-09-07,13.588916666666668,True,1.2246117532658296,1.0102854267037618,12.441003417968773
2016-09-08,15.87925,True,0.375745787323661,2.35803182317357,12.532006835937525
2016-09-09,,False,0.128005363324732,2.187473987494923,12.597985839843773
2016-09-10,10.046416666666667,True,,1.6486058750164083,13.191003417968773
2016-09-11,5.289750000000001,True,-0.0725872832177045,2.8723152333788287,13.498986816406273
2016-09-12,3.9838333333333336,True,1.1411677554359598,6.270388977089686,13.419000244140648
2016-09-13,2.3206666666666664,True,1.097277512776888,5.550663952147622,13.379998779296898
2016-09-14,1.7620416666666667,True,,1.2042312566061772,13.351983642578148
2016-09-15,4.957708333333334,True,1.091519821563364,3.1004345088958525,13.553002929687525
2016-09-16,4.217,False,0.55835659386834,2.8762238166223733,13.601983642578148
2016-09-17,7.898125,True,0.9114133871393476,5.385568060724277,13.476983642578148
2016-09-18,3.70825,True,0.3953834971986487,4.348973091425732,13.178979492187525
2016-09-19,0.640625,True,0.1791779171592773,1.582064384174169,13.080987548828148
2016-09-20,0.5061666666666668,True,,2.4396510770102497,13.196008300781273
2016-09-21,0.65975,True,-0.4205948494170575,2.706095893387616,13.799981689453148
2016-09-22,0.86675,True,-0.4344847103180006,3.381346322379753,13.842004394531273
2016-09-23,0.861,False,0.0569886265983646,2.397351153013512,13.913995361328148
2016-09-24,2.5007083333333333,True,,3.3603896967473155,13.684991455078148
2016-09-25,1.729666666666667,True,-0.2146069721779921,3.411420335038347,13.512994384765648
2016-09-26,2.4624166666666665,True,,3.192385324092068,13.428002929687525
2016-09-27,4.0834166666666665,True,0.5120657192030836,2.2577782302493823,13.568994140625025
2016-09-28,5.267791666666667,True,,3.023225927694332,13.994989013671898
2016-09-29,4.809833333333334,True,1.511460313681216,1.6072389817879285,14.275994873046898
2016-09-30,3.016,False,0.9977341925028136,4.683549989930171,14.383996582031273
2016-10-01,4.4405833333333335,True,,4.17052472976319,14.493981933593773
2016-10-02,2.877541666666667,True,,3.284611041916641,14.468988037109398
2016-10-03,3.0398750000000003,True,0.8641988763163622,3.492815532057493,14.162988281250025
2016-10-04,2.8405416666666667,True,0.5480308460734427,6.744311569956178,13.584008789062525
2016-10-05,2.1466666666666665,True,0.851322710321417,7.328605614272112,13.661004638671898
2016-10-06,1.9967083333333333,True,0.4530190038688364,5.672789936808952,14.036004638671898
2016-10-07,2.253,False,0.6668949807894259,5.181475995990141,13.691979980468773
2016-10-08,3.129583333333333,True,0.172181846900554,5.470731569792984,13.278985595703148
2016-10-09,2.1202916666666667,True,0.4792821457768776,4.46775691013755,13.182000732421898
2016-10-10,1.8987500000000004,True,0.3748876718679197,3.86702431100052,14.072991943359398
2016-10-11,2.93125,True,0.6812295195025126,3.734414898769276,14.110986328125025
2016-10-12,4.2385,True,0.2113142254654462,3.905895846906863,14.727990722656273
2016-10-13,4.660208333333333,True,0.1978331766892011,4.103252238121226,14.820001220703148
2016-10-14,4.507,False,,3.272534353057952,14.967004394531273
2016-10-15,8.842958333333334,True,0.0814692832146426,2.839117740421907,13.926995849609398
2016-10-16,4.961374999999999,True,0.25625539247496,2.383888624861679,13.823999023437525
2016-10-17,4.360416666666667,True,-0.2769644447639215,5.728061441606632,13.615991210937525
2016-10-18,2.3569166666666668,True,0.2861673214209524,5.255635722741651,13.504998779296898
2016-10-19,3.3389166666666665,True,1.2941818194515842,5.827943910928866,13.422998046875025
2016-10-20,5.091291666666667,True,0.9569241450024936,5.3719411135048665,13.234979248046898
2016-10-21,,False,0.3355185325142019,1.2091191355181288,13.448999023437525
2016-10-22,6.846583333333332,True,-0.494818200901445,3.1678024453514,13.907983398437525
2016-10-23,12.838291666666668,True,0.96012996385824,2.07311223931792,13.959008789062525
2016-10-24,10.51425,True,0.9330281658357912,5.266115247054411,13.588983154296898
2016-10-25,4.8745,True,0.971606781588065,6.717373419600591,13.404992675781273
2016-10-26,6.269666666666667,True,0.7328594268309311,4.876739132888803,13.344995117187525
2016-10-27,13.96575,True,-0.2102058674435091,2.3666228751641496,14.040002441406273
2016-10-28,18.434,False,1.5697646261621272,1.8866668057554017,15.376000976562525
2016-10-29,15.047833333333337,True,0.7575658133454805,1.9494486246477696,15.434991455078148
2016-10-30,14.424999999999995,True,0.9180067621563488,3.441602272034738,15.273004150390648
2016-10-31,10.974375,True,-0.1245403100271563,4.829492579554662,14.260980224609398
2016-11-01,8.407875,True,0.4358665957688986,6.8261418046960936,14.047998046875025
2016-11-02,5.152083333333334,True,0.5128468424514413,6.487955486098668,13.782983398437525
2016-11-03,4.0343333333333335,True,0.1807236956979788,2.1921120202189246,13.756982421875025
2016-11-04,5.754541666666667,True,-0.1078379822058149,2.408007359356516,13.747003173828148
2016-11-05,7.2895416666666675,True,0.0715229899279419,1.903212780166052,14.738000488281273
2016-11-06,5.785,False,0.5061421276033083,3.2461549921062507,14.948999023437525
2016-11-07,5.6585,True,-0.3426205542286422,3.527863981175617,14.808984375000025
2016-11-08,3.676458333333333,True,0.4267107147401039,3.282442081171578,14.678002929687525
2016-11-09,3.475,True,-0.1048976811690569,3.4305543125260263,14.549981689453148
2016-11-10,3.5989583333333335,True,0.3960769501400553,2.95423940853904,14.439996337890648
2016-11-11,3.599083333333333,True,,1.413299377204433,14.325982666015648
2016-11-12,4.443458333333333,True,,1.927225013299633,15.264001464843773
2016-11-13,4.357875,True,,2.172587290999471,15.909997558593773
2016-11-14,5.261791666666666,True,0.1047318854844304,3.2018092405883856,16.157006835937523
2016-11-15,6.900500000000001,True,0.1886771459214448,4.09317301847462,16.041986083984398
2016-11-16,3.142875,True,0.038672094480938,2.845226071026337,16.277001953125023
2016-11-17,3.4754583333333335,True,0.5570319756332519,1.4643566582691212,16.201989746093773
2016-11-18,4.395416666666667,True,,2.58976497318013,15.975000000000025
2016-11-19,4.535583333333334,True,0.5810523556356907,2.570727337826875,16.019982910156273
2016-11-20,5.518,False,0.6977115328721291,3.1559156479201773,16.601007080078148
2016-11-21,3.2769583333333334,True,0.4095768475507337,2.72304340267488,16.620996093750023
2016-11-22,3.2615,True,1.2731725191915857,2.216755003783845,16.754998779296898
2016-11-23,4.147916666666666,True,0.8404855145231572,2.5159658365769424,17.356988525390648
2016-11-24,4.1985,True,0.800136922591939,3.0763259807078183,17.356988525390648
2016-11-25,5.018791666666666,True,0.1776937466904732,2.379579632140648,17.398980712890648
2016-11-26,3.66525,True,0.778568193927523,4.214381688470817,17.463983154296898
2016-11-27,,False,0.6296434325144189,6.358512938143456,17.234002685546898
2016-11-28,3.449375,True,,4.205585288800756,17.076989746093773
2016-11-29,3.7899166666666666,True,-0.0868391895224727,2.2556586569194157,16.830987548828148
2016-11-30,3.641916666666667,True,0.2647336933427356,2.4633661985753688,17.170983886718773
2016-12-01,3.897944444444444,True,0.9603516855260156,3.020602070289268,17.467980957031273
2016-12-02,4.159789473684211,True,0.2223866374363763,2.770948559040712,17.295007324218773
2016-12-03,5.315833333333334,True,0.0222379963568861,2.4218509441129923,16.985986328125023
2016-12-04,5.593,False,0.3672217234329488,2.4273089549559743,17.490991210937523
2016-12-05,5.274791666666666,True,0.3958091166530606,5.482682027384401,17.402978515625023
2016-12-06,8.615833333333333,True,0.1334419058600582,3.241725578287639,16.178979492187523
2016-12-07,4.760666666666667,True,-0.2282203947045288,2.5670613665028656,15.903985595703148
2016-12-08,2.825083333333333,True,-0.1252812912586613,1.9605152072443728,15.989984130859398
2016-12-09,3.4428749999999995,True,-0.1039161455825262,2.2881246975009444,16.546990966796898
2016-12-10,3.4091666666666662,True,0.7415028099162779,4.084355562942314,17.295983886718773
2016-12-11,2.826,False,-0.145241006847272,2.8879183814067946,16.908990478515648
2016-12-12,8.7805,True,-0.0426767212577358,4.694471905522044,16.838983154296898
2016-12-13,9.232416666666667,True,,3.83933275396634,16.600000000000023
2016-12-14,8.400208333333333,True,-0.1841741601843995,1.471433618226261,16.530999755859398
2016-12-15,9.605041666666668,True,0.1855230037462301,2.5176263239641616,16.964990234375023
2016-12-16,8.513499999999999,True,0.1024768170511124,2.6815102794538914,17.874993896484398
2016-12-17,10.135166666666668,True,0.0711262502667511,3.743601279859624,17.852990722656273
2016-12-18,8.419,False,0.1527474732704628,5.000590854662713,18.305993652343773
2016-12-19,7.310375,True,,2.7684494238880637,18.378991699218773
2016-12-20,7.056875000000001,True,-0.3354462413527559,3.543024644065776,17.685998535156273
2016-12-21,6.575,True,0.5943429961404129,5.042758989931365,17.495996093750023
2016-12-22,4.8101666666666665,True,0.9955280228793753,5.553629176967528,16.920007324218773
2016-12-23,13.272416666666668,True,0.6242059969653323,3.3967653254015824,16.717004394531273
2016-12-24,10.835875,True,1.0305737250172209,3.713857951334212,16.507989501953148
2016-12-25,5.58,False,-0.2018101907599584,3.1229789761775764,16.357995605468773
2016-12-26,4.205875,True,0.5618865952762282,3.570313938978089,16.594995117187523
2016-12-27,8.61425,True,1.0466908254298084,4.333129569466556,16.572991943359398
2016-12-28,4.339416666666667,True,0.706692813916022,2.334203689876388,16.821984863281273
2016-12-29,4.758166666666667,True,,2.428045234674989,17.674005126953148
2016-12-30,6.685458333333334,True,0.9772665074563108,2.531910570264607,18.101007080078148
2016-12-31,7.46075,True,1.2823590108031873,3.313853907567508,17.838983154296898
2017-01-01,5.481,False,0.7264267633972418,3.88841648458873,17.435998535156273
2017-01-02,6.288041666666667,True,0.7173485868207528,3.959749296605291,17.613000488281273
2017-01-03,10.521791666666664,True,0.381958193014944,4.768109628540339,18.192987060546898
2017-01-04,7.3907,False,0.9504155126991832,5.920834770555051,17.136987304687523
2017-01-05,,False,-0.3146842950069821,2.301509571779888,17.098992919921898
2017-01-06,,False,0.7381799683385732,2.340157886106738,17.084985351562523
2017-01-07,,False,0.948878715615712,2.550354560643156,17.202996826171898
2017-01-08,,False,0.625520301609946,3.3775888959152924,17.338006591796898
2017-01-09,,False,0.4131204898415173,4.420772907690234,17.135003662109398
2017-01-10,,False,0.7755870938519727,3.98172076739148,16.441979980468773
2017-01-11,,False,0.9032614218052868,4.112041510334727,15.666986083984398
2017-01-12,,False,0.725392994564481,2.3741679525511388,16.146997070312523
2017-01-13,,False,0.3371462698920377,1.6192831969231405,16.684991455078148
2017-01-14,,False,,2.2174615523314327,16.816979980468773
2017-01-15,,False,0.2447994806668904,2.241541511563488,16.566979980468773
2017-01-16,,False,0.8575379134027417,2.9262047056851435,16.471002197265648
2017-01-17,,False,-0.0502086915232776,1.916710277768876,16.745996093750023
2017-01-18,,False,0.8946363314968193,1.393805925203419,17.214990234375023
2017-01-19,,False,0.5652203421666443,1.937944001731445,17.800988769531273
2017-01-20,,False,0.2978691565011373,1.8832766991584693,18.84200439453128
2017-01-21,,False,,1.8609424830819392,19.105004882812523
2017-01-22,,False,-0.0417935227436852,2.189786799591817,19.357995605468773
2017-01-23,,False,0.3350058909540518,2.893670695015309,19.480004882812523
2017-01-24,,False,0.0236678869692568,3.1557659115551093,19.627008056640648
2017-01-25,,False,-0.0335778322833707,1.5006900666387608,19.753991699218773
2017-01-26,,False,0.49820770117906,2.550740709040736,20.30098876953128
2017-01-27,,False,0.7468236851907256,1.6320351802960622,20.5419860839844
2017-01-28,,False,0.1254153075107377,3.042022157717187,20.882989501953148
2017-01-29,,False,-0.0987650683592006,2.780902928102706,20.563989257812523
2017-01-30,,False,,2.7955511838232017,20.5620056152344
2017-01-31,,False,-0.0395978755517495,3.4806989429437905,20.215997314453148
2017-02-01,,False,-0.1295348473965623,4.137224550365361,19.809991455078148
2017-02-02,,False,,3.636302374069965,19.105004882812523
2017-02-03,,False,,3.346642947822156,18.921990966796898
2017-02-04,,False,0.7820101513289908,3.9404756025611793,19.209985351562523
2017-02-05,,False,0.8985779245604288,4.802612491752836,19.278985595703148
2017-02-06,,False,0.6218635682159113,3.6696447741146567,19.21798095703128
2017-02-07,,False,0.645906554574975,3.7438942506879496,18.929986572265648
2017-02-08,,False,0.8531488127328334,5.525691587890231,18.527001953125023
2017-02-09,0.8608333333333333,True,,5.648004211046552,18.006005859375023
2017-02-10,0.7168749999999999,True,0.6891263684365802,3.7540701885859735,18.080987548828148
2017-02-11,1.0728333333333333,True,0.3226629556961278,3.6084636894779183,18.287988281250023
2017-02-12,3.1997083333333336,True,0.6799086735700618,3.04750064262656,18.491998291015648
2017-02-13,7.025625000000001,True,-0.0490532079596929,2.302566443601901,18.420007324218773
2017-02-14,4.718083333333333,True,1.129433738232782,2.271215564343625,18.403985595703148
2017-02-15,9.144916666666669,True,1.016850609645323,2.268910945448501,18.698999023437523
2017-02-16,5.970833333333334,True,0.1715413642331861,3.6249541353006234,18.808007812500023
2017-02-17,8.169333333333332,True,0.8112559812647169,2.72129972523529,18.693994140625023
2017-02-18,10.457333333333333,True,0.3035573813092155,4.267031591697257,18.704980468750023
2017-02-19,8.544291666666666,True,0.9929976306188444,4.035682706679106,18.756982421875023
2017-02-20,9.645916666666666,True,0.6799902409099302,2.7935749158394,18.682000732421898
2017-02-21,9.767125,True,0.4832713586426733,2.7094179981813435,18.773004150390648
2017-02-22,8.270208333333334,True,0.1231158705705081,1.4652495382065571,19.055993652343773
2017-02-23,10.075541666666668,True,0.3117359198150298,1.611949951821268,19.157983398437523
2017-02-24,7.942916666666666,True,0.7701080420847146,1.778555400634948,19.307000732421898
2017-02-25,7.829833333333333,True,0.2130014381996648,1.8899622198199588,19.723992919921898
2017-02-26,5.281875,True,0.7366334144239068,1.814764756423328,19.952996826171898
2017-02-27,6.151583333333334,True,0.531569825138547,2.001419224059001,20.202996826171898
2017-02-28,5.915791666666666,True,0.4550304944760913,2.7361145233858166,20.210992431640648
2017-03-01,4.575958333333333,True,0.6318409461486539,2.932847098311139,19.765008544921898
2017-03-02,2.318791666666667,True,0.1645927602381674,4.132921779770554,19.445001220703148
2017-03-03,3.38275,True,-0.1164224651437054,3.924168571184973,19.070001220703148
2017-03-04,5.828291666666668,True,0.4432030734007094,5.430140382421244,18.928979492187523
2017-03-05,5.910083333333333,True,0.8937917223632997,3.511533391101485,18.876000976562523
2017-03-06,3.5690000000000004,True,0.6042006536993222,2.344170558600524,18.626000976562523
2017-03-07,3.912125,True,0.1308550558611663,2.0048753591055597,18.115991210937523
2017-03-08,2.7924166666666665,True,0.753124234489814,3.018287424204952,18.200982666015648
2017-03-09,0.89925,True,0.6801214088725209,5.300166512787623,18.294000244140648
2017-03-10,0.40025,True,0.0440330688511268,5.807357656207639,18.381982421875023
2017-03-11,0.336,False,0.1001562106562962,6.495299957441111,18.3859802246094
2017-03-12,2.2434583333333333,True,1.1487783179319684,2.7382236197803915,16.709985351562523
2017-03-13,7.765583333333333,True,-0.0604850593505221,1.3428530646667327,16.394006347656273
2017-03-14,8.319041666666665,True,1.4282057420588283,1.6916340683012463,17.145989990234398
2017-03-15,7.567375000000001,True,1.080128191600651,2.2683947318463704,17.336999511718773
2017-03-16,6.700541666666666,True,0.0624446552736146,2.0416670973816275,15.126000976562525
2017-03-17,8.472666666666667,True,0.8349003740939125,2.440103035182956,15.904992675781273
2017-03-18,7.069,False,-0.1183960779713109,2.696525864958849,16.415979003906273
2017-03-19,8.449,False,-0.2991342128968451,2.3698568511734006,16.225000000000023
2017-03-20,6.082583333333333,True,0.7219940459963337,4.123985240116528,16.481988525390648
2017-03-21,4.220083333333334,True,1.3155469758627598,2.4875368730249874,16.501000976562523
2017-03-22,4.723875,True,-0.0760928127518899,2.648917155998947,16.521997070312523
2017-03-23,6.891708333333334,True,-0.3561295861123816,2.5575584627141965,17.322991943359398
2017-03-24,9.096291666666666,True,-0.230131470957015,1.5748495862455594,17.325006103515648
2017-03-25,6.573,False,1.163888685881126,1.998372943510535,17.385980224609398
2017-03-26,5.971,False,0.8773171239467986,3.1286841762872,17.404992675781273
2017-03-27,2.4031249999999997,True,1.098861920029887,2.7720136438603684,17.301995849609398
2017-03-28,5.200875,True,1.0879390317071822,2.4097030465471287,17.340997314453148
2017-03-29,7.65225,True,0.8080642359701568,3.1025101548909166,17.218988037109398
2017-03-30,2.2710000000000004,True,1.1155834132782416,4.659793789716548,17.111993408203148
2017-03-31,3.1808333333333336,True,1.196933748226357,3.151342885773084,16.898980712890648
2017-04-01,1.207,False,1.214371067073539,3.7098876947723327,16.825982666015648
2017-04-02,1.5356250000000002,True,0.5231122981564965,5.667697672308967,16.519982910156273
2017-04-03,3.631875,True,0.4595531840027205,3.7478811161312384,16.529992675781273
2017-04-04,10.727166666666667,True,0.9650272689508388,3.318155388664896,16.631982421875023
2017-04-05,9.854416666666667,True,1.0375465010580314,4.1343931986795335,16.635980224609398
2017-04-06,11.063625,True,0.6697382198519787,3.8441507493759377,16.411004638671898
2017-04-07,14.874333333333334,True,0.8200740953191488,4.572532250214352,16.299005126953148
2017-04-08,3.2964583333333337,True,1.5501676808576907,5.714479602058614,15.882989501953148
2017-04-09,2.437416666666667,True,0.551311842656573,4.086853415632566,15.922998046875025
2017-04-10,4.61225,True,1.5695444405197767,2.1245720924615736,16.382989501953148
2017-04-11,16.124708333333334,True,0.9526731274911062,1.150611082621664,17.437982177734398
2017-04-12,19.8235,True,1.187701215429005,1.1670478910366713,17.571984863281273
2017-04-13,14.122750000000002,True,1.2142277950036842,1.5655339099978314,17.024987792968773
2017-04-14,5.637625,True,0.6867122067277046,1.2645428287470364,16.627008056640648
2017-04-15,3.60075,True,0.3733826776473251,3.224788325401035,16.842004394531273
2017-04-16,1.0364166666666668,True,,2.861616023216707,16.911981201171898
2017-04-17,1.0619583333333331,True,-0.2048139079383978,2.6924281036241333,17.980004882812523
2017-04-18,0.8601666666666667,True,1.6456729212306855,1.8621922245774096,17.889001464843773
2017-04-19,0.5756249999999999,True,0.1556391978767535,2.520948948082105,17.241998291015648
2017-04-20,0.3607727272727272,True,0.0124760160442836,3.875186002950099,16.454003906250023
2017-04-21,0.695625,True,0.1241000891975915,5.09724919347024,16.016992187500023
2017-04-22,1.0745833333333332,True,0.3871368866744364,4.445494921227272,15.774987792968773
2017-04-23,1.874375,True,0.6429233483899547,5.066570883285257,15.782983398437525
2017-04-24,1.9154583333333337,True,0.9224749941835956,6.120760962087225,14.946984863281273
2017-04-25,1.270625,True,0.6090282562864566,5.979596014959457,14.747003173828148
2017-04-26,1.3497500000000002,True,0.2160823302484111,6.23895544316353,14.730004882812525
2017-04-27,2.22775,True,0.3269803592108279,1.62356911567221,15.027001953125025
2017-04-28,2.9047083333333337,True,0.438648879158681,2.4594038706744663,15.264001464843773
2017-04-29,2.6964166666666665,True,-0.3579747505005983,1.6817835208685576,14.510980224609398
2017-04-30,2.3395,True,-0.2366710663746843,0.9585657630855222,14.614984130859398
2017-05-01,1.9647083333333333,True,-0.3415260473318161,1.547749866860589,14.946984863281273
2017-05-02,1.4544583333333332,True,-0.0829137396831086,2.8330853363568136,15.101007080078148
2017-05-03,0.9192916666666668,True,-0.1654422522337021,3.96854044602944,15.245996093750025
2017-05-04,0.8639583333333333,True,-0.2769450486668942,1.4162296067442106,15.225000000000025
2017-05-05,1.047,False,1.4524058109329072,1.316803382644207,15.368981933593773
2017-05-06,0.7501666666666665,True,-0.3292806912097524,2.921847653213292,15.497979736328148
2017-05-07,0.693375,True,-0.3047642386328577,2.567039803591642,15.162988281250025
2017-05-08,0.9466666666666668,True,0.1902799765959222,2.089226022449535,15.014001464843773
2017-05-09,1.2045416666666666,True,0.062802362900821,1.9725447299622911,15.014978027343773
2017-05-10,1.086,False,-0.3438378505248926,2.8493142144396573,14.965997314453148
2017-05-11,,False,-0.272657846077288,6.865598009938404,15.236993408203148
2017-05-12,,False,,3.0060150907297376,15.764978027343773
2017-05-13,,False,0.8018728501930191,1.6322180974846217,15.523004150390648
2017-05-14,,False,0.500282162105561,2.854649083500362,15.448999023437525
2017-05-15,0.8289999999999998,False,-0.1036865465852259,3.6211291933434153,15.644006347656273
2017-05-16,0.6776315789473685,True,-0.4527055686455282,2.783084629469579,15.847985839843773
2017-05-17,1.304,False,-0.0115177878183966,1.6958325417990874,16.245996093750023
2017-05-18,0.7145833333333332,True,-0.1705340310557328,1.6244936954940792,16.385003662109398
2017-05-19,1.0055416666666668,True,0.1287811440792891,4.201178603809577,16.256005859375023
2017-05-20,0.894625,True,0.0525867882203176,4.346099485758191,15.860986328125025
2017-05-21,1.00025,True,0.1162532598736886,3.533335314709632,15.859979248046898
2017-05-22,0.9627916666666666,True,-0.1452513143969356,1.9646326391128668,16.019006347656273
2017-05-23,1.3724999999999998,True,-0.3250139989233188,2.177715652712872,16.294000244140648
2017-05-24,,False,,2.359731207157539,15.778985595703148
2017-05-25,1.000125,True,-0.1204735570208377,0.5383107529275316,15.495996093750025
2017-05-26,0.8594166666666667,True,-0.0700651415675836,1.7821288274741058,14.988000488281273
2017-05-27,0.5605,True,0.4329469064810435,2.5707931305623517,14.885003662109398
2017-05-28,0.4349166666666667,True,-0.3178212837183646,2.744695538228627,14.820001220703148
2017-05-29,0.8130416666666668,True,0.1492569199448624,1.681089823359243,14.843988037109398
2017-05-30,0.8730833333333333,True,-0.0585657518464657,2.6173392082151024,14.864007568359398
2017-05-31,0.913,False,-0.1463487489243597,4.449305240591388,15.079003906250025
2017-06-01,0.9962083333333333,True,-0.0119066655793671,4.895696302628702,15.123986816406273
2017-06-02,1.0225416666666665,True,-0.3211922250128464,3.9051812361459497,15.072991943359398
2017-06-03,1.35975,True,0.8310090936755831,5.290107052111876,14.725000000000025
2017-06-04,1.7599583333333335,True,0.2259339032736586,5.568008565843944,14.584985351562525
2017-06-05,2.2407083333333335,True,0.9778565134842544,4.772281733600114,14.058007812500025
2017-06-06,2.2548333333333335,True,1.2801522187634704,4.001299506418176,13.930993652343773
2017-06-07,2.143,False,-0.2561571472652199,1.6685142506089667,14.122003173828148
2017-06-08,4.7744583333333335,True,1.1618136263095624,2.993502867897207,14.381982421875025
2017-06-09,4.581125,True,0.5997288756806785,5.191505003816491,14.374993896484398
2017-06-10,4.455916666666667,True,0.4316202931085967,2.7805404245127066,14.165979003906273
2017-06-11,6.788958333333333,True,1.2377414504249535,0.9438124009492632,14.360986328125025
2017-06-12,6.162583333333334,True,1.2530503465563876,1.2219888655650772,15.170007324218773
2017-06-13,3.5628333333333333,True,-0.00800298735357,1.53459155511516,14.325982666015648
2017-06-14,2.206,False,,0.9941255119888732,15.159997558593773
2017-06-15,2.640833333333333,True,-0.1347267693387363,2.132551540640369,14.642999267578148
2017-06-16,1.9959583333333333,True,-0.5525016072827954,4.466904591678121,13.753991699218773
2017-06-17,2.029041666666666,True,0.2666306181742953,3.2028839839491785,13.506005859375025
2017-06-18,1.329208333333333,True,0.5526480788273155,6.290103397224009,13.648980712890648
2017-06-19,1.1007916666666666,True,0.0007112296602617,3.0604420946439954,13.745996093750025
2017-06-20,1.0490416666666669,True,-0.3697390962235189,0.9665047076477882,13.735986328125025
2017-06-21,1.51,False,-0.5897273202723824,2.145607117629213,13.672998046875025
2017-06-22,1.7252083333333337,True,-0.6189613405309549,2.2635663023189125,13.719995117187525
2017-06-23,1.3549583333333337,True,,0.4411576493702677,13.889001464843773
2017-06-24,1.425,True,,4.166519607646489,13.829003906250025
2017-06-25,1.4699166666666663,True,-0.434856807921509,7.746751829209146,13.869989013671898
2017-06-26,1.124125,True,,4.086729003641882,14.366998291015648
2017-06-27,1.161625,True,0.6555587276254871,0.4579781536195723,14.241998291015648
2017-06-28,1.0136666666666667,True,-0.0059013513262014,2.8103118451357845,14.239984130859398
2017-06-29,1.047375,True,-0.1580222394300742,4.337495579740807,14.256982421875025
2017-06-30,1.1214166666666667,True,-0.3343154220014683,3.122184794565034,14.374993896484398
2017-07-01,1.3248333333333333,True,-0.5410905997916122,1.3833159153657544,14.570001220703148
2017-07-02,1.264875,True,-0.6440209033653919,0.8848354684987637,14.725000000000025
2017-07-03,0.7093333333333334,True,,1.7763911575990212,14.848992919921898
2017-07-04,0.5275416666666667,True,0.2340215973734198,1.572538164007903,14.791986083984398
2017-07-05,0.608,False,,4.215708878017254,14.770989990234398
2017-07-06,0.6075416666666666,True,-0.4392378353523447,4.412618420851041,14.524987792968773
2017-07-07,0.6353749999999999,True,0.1295065937721141,4.4665058366119,14.559991455078148
2017-07-08,0.8210833333333335,True,-0.2186811700019656,4.065358934896021,14.473992919921898
2017-07-09,0.9113333333333332,True,-0.1427427778590536,5.758402067394374,14.481988525390648
2017-07-10,1.1601666666666668,True,-0.3125412444416737,4.868003085754117,14.667993164062525
2017-07-11,1.2292142857142854,False,-0.654189156164086,1.2082746213208926,14.691003417968773
2017-07-12,,False,,3.242511362197892,14.282983398437525
2017-07-13,,False,0.0025434444637462,2.3913109358185496,13.792993164062525
2017-07-14,,False,-0.2013075794919005,5.076247602830278,13.553002929687525
2017-07-15,,False,-0.3875598719341754,4.153043049622112,13.469995117187525
2017-07-16,,False,0.0301038960073205,5.763257840757585,13.238000488281273
2017-07-17,,False,0.0638702801868646,4.393010514948188,13.149987792968773
2017-07-18,,False,0.4107756731793457,2.831957893824876,13.092980957031273
2017-07-19,,False,0.0547288880842104,3.1266173712347816,12.978997802734398
2017-07-20,,False,-0.4264285723694442,1.411453273535153,13.127008056640648
2017-07-21,1.466875,False,,1.7197270254359447,13.171990966796898
2017-07-22,1.5157916666666666,True,,2.621367882726863,13.175988769531273
2017-07-23,1.2362083333333334,True,-0.2331495346311933,1.3449630972098563,13.084008789062525
2017-07-24,1.1381666666666668,True,-0.0218877396260718,4.788080757672676,13.033990478515648
2017-07-25,0.9545,True,-0.5677171373893319,3.775451142186311,13.127008056640648
2017-07-26,1.3430833333333332,True,-0.0283940419322358,3.6603243866594606,13.448999023437525
2017-07-27,1.8084583333333335,True,,4.228273233345068,13.882989501953148
2017-07-28,1.7393333333333334,True,-0.057588668176474,4.81642946943682,13.579980468750025
2017-07-29,1.854625,True,-0.185299470611349,5.4254069309358695,13.619989013671898
2017-07-30,2.400166666666667,True,-0.3744965533327777,4.305484883714211,13.407983398437525
2017-07-31,2.688041666666667,True,,1.6803926919170709,13.346978759765648
2017-08-01,3.0703333333333336,True,-0.4211521721940639,2.331739431481498,13.133996582031273
2017-08-02,3.599,False,1.3538662145619509,3.711486991466906,13.206994628906273
2017-08-03,6.295375,True,,1.2544919892141233,13.155999755859398
2017-08-04,5.094541666666667,True,-0.3988367436479537,2.0132447407348524,13.566003417968773
2017-08-05,3.841583333333333,True,-0.2544953740680473,2.7589585078219647,13.711999511718773
2017-08-06,3.4110416666666663,True,-0.2348502704152996,4.2810406916047645,13.583001708984398
2017-08-07,2.657541666666667,True,1.3584657786975205,3.304228250684083,13.494989013671898
2017-08-08,3.799041666666666,True,0.0774301328598619,3.4456635266901072,13.280999755859398
2017-08-09,6.423,False,0.8060018484693046,1.4063274608838237,13.377008056640648
2017-08-10,5.107666666666667,True,,2.112008341776585,13.464990234375025
2017-08-11,4.933333333333334,True,-0.4331556597395056,0.9034683654332092,13.767999267578148
2017-08-12,4.8356666666666674,True,1.8082016664364449,1.385059667527384,13.620996093750025
2017-08-13,4.659583333333334,True,1.749614115134071,3.921751651834733,13.601983642578148
2017-08-14,4.120583333333333,True,1.3304152365087487,5.702705018208626,13.514001464843773
2017-08-15,6.786041666666667,True,-0.2816617733234874,5.519260835650129,13.290002441406273
2017-08-16,3.298875,False,1.0599303256291162,4.399722815751205,12.993005371093773
2017-08-17,11.048583333333337,True,,4.217044887038316,13.312982177734398
2017-08-18,12.31825,True,-0.1593844331652944,4.964822449279174,13.593988037109398
2017-08-19,10.873541666666666,True,0.5190651900556232,5.059538575658545,13.799981689453148
2017-08-20,2.8865,True,0.7091939854851086,5.7476545626157,13.863000488281273
2017-08-21,5.04475,True,0.3947188119899213,3.57402168428438,13.805993652343773
2017-08-22,12.557458333333336,True,,1.8135646922756767,13.764978027343773
2017-08-23,9.936,False,0.5740555653436109,2.366473180513454,13.307000732421898
2017-08-24,0.0555,False,0.4413024066353748,4.084282271517824,13.592004394531273
2017-08-25,,False,0.6947506631247407,1.966499008067626,13.545007324218773
2017-08-26,,False,1.0152337510234797,3.8285229214720182,13.485986328125025
2017-08-27,,False,0.5402004023484114,3.1592373966135354,13.488000488281273
2017-08-28,12.0355,False,1.301593529822876,2.2873156587224006,13.490991210937525
2017-08-29,10.420041666666668,True,0.6210864836048118,5.131522139269928,13.684991455078148
2017-08-30,8.59,False,1.3876161651788266,4.616223326798046,13.659997558593773
2017-08-31,6.129208333333334,True,0.0537419440050295,3.5526884417778426,13.532006835937525
2017-09-01,5.479541666666667,True,0.9584769459651103,3.14702377480322,13.317987060546898
2017-09-02,3.2615833333333337,True,0.0853187844688918,4.777567763401097,13.451989746093773
2017-09-03,1.452208333333333,True,0.938886665117701,5.821004773517264,13.395989990234398
2017-09-04,1.25725,True,0.4995537776045721,6.640223255792856,13.267999267578148
2017-09-05,1.9747083333333333,True,,5.898241812641897,13.170007324218773
2017-09-06,1.745,False,-0.0040117973639143,5.74242114878321,12.823999023437525
2017-09-07,2.665375,True,0.6431660101075868,3.4435146066294533,12.713006591796898
2017-09-08,3.3745,True,0.8095507760582208,3.5735109192159955,12.675988769531273
2017-09-09,3.645583333333333,True,0.5254805729571722,1.589236727826978,12.859002685546898
2017-09-10,8.665291666666667,True,0.8902199334964338,2.2663851835930187,13.464990234375025
2017-09-11,12.839,True,0.9659384033391408,5.593115548006176,13.415979003906273
2017-09-12,13.01,True,0.8883620581751351,2.448231217401699,13.274987792968773
2017-09-13,11.770083333333334,True,0.9079943989801164,2.720375943564893,13.213983154296898
2017-09-14,5.41425,True,0.8179598346746185,6.880784426643138,13.032006835937525
2017-09-15,4.040583333333333,True,0.5853616549610442,6.059099765087868,13.012994384765648
2017-09-16,5.803541666666667,True,0.4189547272707922,0.8208333913522704,13.162988281250025
2017-09-17,6.170625,True,,1.7772313693103563,13.030999755859398
2017-09-18,6.941333333333333,True,,2.409381041676862,13.650994873046898
2017-09-19,8.645041666666666,True,1.178872359502951,2.38492266644108,13.442987060546898
2017-09-20,8.153,False,0.6074120900130953,5.173838199226108,13.321008300781273
2017-09-21,3.8815416666666662,True,0.8433618414351683,6.376629777776039,13.231988525390648
2017-09-22,4.404208333333333,True,0.555098360730886,4.971180150166375,13.359979248046898
2017-09-23,6.338874999999999,True,,2.1041607441664603,13.403985595703148
2017-09-24,9.124125,True,-0.3966652114071676,4.3311546620073065,13.773980712890648
2017-09-25,7.778000000000001,True,0.6188368185300462,5.800002180334849,13.905999755859398
2017-09-26,6.8665416666666665,True,-0.120115349793048,4.951716707267377,13.313989257812525
2017-09-27,6.8300833333333335,True,,2.3974502897484613,12.597985839843773
2017-09-28,3.918416666666667,True,-0.1136539349164144,1.778919658801526,12.441979980468773
2017-09-29,2.888125,True,-0.2909211211185081,2.808832392904271,13.114984130859398
2017-09-30,2.189875,True,0.4726276844056986,4.247457679027293,13.861993408203148
2017-10-01,2.68,True,0.406648291143593,6.716560713726746,13.243981933593773
2017-10-02,1.733583333333333,True,0.0805692058385336,5.702585873139124,13.135980224609398
2017-10-03,1.483125,True,-0.1576354195570278,4.385662968381974,13.124993896484398
2017-10-04,2.0001666666666664,True,-0.3615364191144462,3.7605622375483847,13.025994873046898
2017-10-05,2.364,True,0.1587038542249123,2.046603010838787,13.653985595703148
2017-10-06,3.298958333333333,True,0.4529875533080357,4.641777842730615,13.764978027343773
2017-10-07,3.7079583333333335,True,0.3364192362855778,3.316611640249268,13.721978759765648
2017-10-08,4.932875,True,0.1866102175089764,5.694893276361057,14.014978027343773
2017-10-09,7.738208333333334,True,0.220662713930908,6.1264396609513465,14.077996826171898
2017-10-10,8.058541666666667,True,1.5073816623585767,6.550832284812446,13.045983886718773
2017-10-11,5.583125,True,0.2986142115046002,7.454319652872082,12.898980712890648
2017-10-12,4.989333333333334,True,0.5993839557429608,5.852789816848341,12.327996826171898
2017-10-13,4.521625,True,0.2057503619599065,5.622523191469316,12.182000732421898
2017-10-14,4.259083333333333,True,0.3097237447629056,2.795552911336654,12.064996337890648
2017-10-15,6.741750000000001,True,1.1149497150922414,2.1719617021378195,13.089990234375025
2017-10-16,9.065208333333333,True,0.3033342464130827,2.0169849011660954,13.260980224609398
2017-10-17,9.602958333333332,True,0.7108476228091112,4.47221986613689,13.477990722656273
2017-10-18,7.247,False,-0.0301187593312302,5.610043866023249,13.575982666015648
2017-10-19,25.0565,True,1.5739697224110871,5.598581414462606,13.661004638671898
2017-10-20,32.084291666666665,True,0.2702100563681129,5.087257390585254,13.648004150390648
2017-10-21,32.78145833333334,True,0.5155139074185573,4.533295704872443,13.663995361328148
2017-10-22,35.4925,True,0.1162431187474945,3.387349048535704,13.670983886718773
2017-10-23,32.45883333333333,True,0.2805322381456246,4.642989879279593,13.493005371093773
2017-10-24,29.6625,True,0.3253637334272805,5.234640638841464,13.770989990234398
2017-10-25,28.887666666666664,True,-0.081686661990344,5.730031398945516,14.010003662109398
2017-10-26,25.133916666666664,True,1.0129171652809323,5.409559521537879,14.334985351562525
2017-10-27,24.5675,True,0.3109123103843689,5.010409633258828,13.995996093750025
2017-10-28,25.82983333333333,True,-0.4053884218373639,4.374553676453474,13.369989013671898
2017-10-29,23.082458333333335,True,,5.585687865774661,13.378991699218773
2017-10-30,26.902791666666666,True,-0.0718402738823654,5.178670764719746,13.624993896484398
2017-10-31,32.720708333333334,True,1.285957805813152,4.04501389334355,13.800988769531273
2017-11-01,25.766499999999997,True,-0.107363738809973,3.940755335149592,13.653985595703148
2017-11-02,11.08875,True,1.164614428109659,3.76137808462945,13.527978515625025
2017-11-03,15.956916666666666,True,-0.3040463248351149,4.646745419329184,13.696008300781273
2017-11-04,17.05004166666667,True,0.1375289318961003,3.8064169746331658,13.739984130859398
2017-11-05,17.789083333333334,True,-0.1244896574910651,3.707836695166392,13.937005615234398
2017-11-06,14.355541666666666,True,,3.648996607346051,13.721002197265648
2017-11-07,10.246416666666669,True,-0.4047912866722647,4.3620189288424775,14.037988281250025
2017-11-08,11.921458333333334,True,-0.2378916175225213,4.661019406668545,14.067987060546898
2017-11-09,14.334375,True,0.5885247611321054,6.276557162574799,14.765985107421898
2017-11-10,14.266958333333337,True,-0.2323922434488788,6.700123509571853,14.590997314453148
2017-11-11,15.02,False,-0.3229190692687742,1.3768554819078844,14.795983886718773
2017-11-12,19.646,True,-0.3783990546872783,1.9217547702195563,15.352990722656273
2017-11-13,18.028541666666666,True,0.1520073958767373,2.4455417487592577,15.728997802734398
2017-11-14,19.4625,True,,3.044142504909562,15.411981201171898
2017-11-15,20.283083333333337,True,-0.3513247960417992,6.094645677853517,14.711999511718773
2017-11-16,20.47854166666667,True,0.9893138415790276,6.1169103950622645,14.698999023437525
2017-11-17,17.470041666666663,True,0.2750476336586789,4.8966683316081925,14.665002441406273
2017-11-18,24.667,False,0.9524918092123824,3.0289062938343143,14.364984130859398
2017-11-19,19.836708333333338,True,0.923654595640232,3.006919471572925,14.260980224609398
2017-11-20,24.336583333333333,True,1.3056728884290432,3.4014881888061264,14.057000732421898
2017-11-21,20.204041666666665,True,0.6964596103323657,4.425090771532543,13.982995605468773
2017-11-22,29.580333333333332,True,0.7596011032842709,3.4284714714542117,13.756982421875025
2017-11-23,30.622083333333336,True,-0.4789755496658118,2.588974903488334,14.019006347656273
2017-11-24,31.13416666666667,True,0.0764563888983584,2.661485843532696,14.844995117187525
2017-11-25,21.041,False,0.1531622876889358,3.9865960535735456,15.139001464843773
2017-11-26,35.523583333333335,True,-0.157238570721291,2.3730051517823947,15.098992919921898
2017-11-27,40.57429166666666,True,-0.2743464239180985,2.588875850277195,15.243981933593773
2017-11-28,32.70166666666667,True,-0.0737103499730133,2.4595564200520608,15.627008056640648
2017-11-29,47.08920833333334,True,0.0890053754880536,3.78535646291211,15.758996582031273
2017-11-30,36.65258333333333,True,,3.675015943517156,15.480981445312525
2017-12-01,13.966625,True,1.7982824961706998,2.442277815027643,15.351007080078148
2017-12-02,13.868,False,-0.1528707195888004,2.114630241787038,15.736993408203148
2017-12-03,2.6125416666666665,True,0.2522170630138838,2.845560725612397,15.972985839843773
2017-12-04,2.056833333333333,True,-0.0605171058945582,3.3774357606840306,15.907006835937525
2017-12-05,1.7295,True,0.2971416009253116,2.4336621050987506,15.872979736328148
2017-12-06,1.87425,True,0.4015986226947005,2.800891835065106,15.527978515625025
2017-12-07,3.479791666666667,True,0.0114343928616619,2.909263436573717,15.731988525390648
2017-12-08,3.9094583333333337,True,0.1869223994864922,3.7070994723875215,15.939996337890648
2017-12-09,4.594,False,0.1357886950801089,4.4057009534379405,16.002008056640648
2017-12-10,4.941,True,1.3666071861581846,1.8652481971012933,15.993005371093773
2017-12-11,6.070833333333333,True,,2.520369537506939,15.937982177734398
2017-12-12,4.66575,True,,2.306785317103404,16.027978515625023
2017-12-13,3.835125,True,0.5437854551615572,3.9522940374500704,16.105004882812523
2017-12-14,4.772374999999999,True,0.1875122718431629,4.480472124007751,16.060998535156273
2017-12-15,3.1601250000000003,True,-0.0989704264321302,1.2407492707676009,16.180993652343773
2017-12-16,5.84,False,0.8087478336625835,2.956152239175271,16.357995605468773
2017-12-17,5.994083333333333,True,0.311725261801403,2.642902940638004,16.389001464843773
2017-12-18,6.923208333333332,True,-0.0962434046334048,1.5787213307342616,16.321008300781273
2017-12-19,,False,0.0235206369096681,2.746363874075238,16.240991210937523
2017-12-20,7.36225,True,0.8617071383902833,2.9509450349068915,16.113000488281273
2017-12-21,6.368250000000001,True,0.0665341044099057,2.283695379121481,16.581994628906273
2017-12-22,5.985708333333332,True,0.5365806930983016,3.906869697714343,16.333001708984398
2017-12-23,5.748916666666666,True,0.5174773214538655,4.116301774811025,16.335992431640648
2017-12-24,5.209125,True,0.235091544176298,4.407922425731957,16.329003906250023
2017-12-25,4.360666666666667,True,0.7749707762595653,2.8843870099470914,16.162988281250023
2017-12-26,6.914958333333334,True,,3.5725856475219646,16.067987060546898
2017-12-27,7.506791666666667,True,0.6131545774494784,3.5685766059275266,17.304986572265648
2017-12-28,4.94825,True,-0.2436706121258464,2.962805156233952,17.536981201171898
2017-12-29,4.382,False,0.2907999859751713,3.835672800037915,17.063989257812523
2017-12-30,5.445208333333333,True,0.2429706807759336,3.7520913199820463,16.908990478515648
2017-12-31,3.371166666666667,True,-0.0631171386260128,3.069102420017069,16.915002441406273
2018-01-01,2.4402500000000003,True,-0.0547764471829557,3.246171532369976,16.853997802734398
2018-01-02,2.0553749999999997,True,0.1204619576058227,3.400356710092586,16.348992919921898
2018-01-03,1.665625,True,1.0036163508311111,3.475756975125756,16.355004882812523
2018-01-04,2.935375,True,0.374802409148767,4.724660759074518,15.959008789062525
2018-01-05,1.803,False,0.8249808558584328,5.345222549120231,17.213983154296898
2018-01-06,2.8832916666666666,True,0.8569047532022049,2.9835805364347685,17.822991943359398
2018-01-07,3.1772500000000004,True,0.1983122197423083,2.299181402529533,17.465997314453148
2018-01-08,2.8935833333333334,True,0.4257705947085599,2.442038919192182,18.002984619140648
2018-01-09,3.8712916666666666,True,0.4306811499732521,2.656066074670625,18.434991455078148
2018-01-10,9.410708333333334,True,0.1279379240988698,2.837368771775873,18.170007324218773
2018-01-11,5.895416666666666,True,,2.6529185341122217,17.541986083984398
2018-01-12,6.332,False,,2.902095507671766,17.366998291015648
2018-01-13,8.390458333333333,True,0.0329157752380458,2.5977202506264594,17.751000976562523
2018-01-14,7.42025,True,0.0191193442374603,2.197862700856564,17.764001464843773
2018-01-15,4.844666666666666,True,0.0631928111565643,2.9013986093157325,17.718988037109398
2018-01-16,2.878916666666667,True,0.1614168936139217,3.976861020840884,17.605004882812523
2018-01-17,1.805875,True,-0.2208711712529675,4.683142347519913,17.391992187500023
2018-01-18,1.8225,True,-0.1076603953392052,3.493564124833554,17.312982177734398
2018-01-19,1.993,False,-0.1171794792901197,2.311842771881145,17.196984863281273
2018-01-20,5.4562083333333335,True,-0.1668043154989128,2.2412089485124578,17.769982910156273
2018-01-21,4.416125,True,0.5668447543286955,1.8521432102938933,18.139001464843773
2018-01-22,2.908,True,0.0073675127932874,2.4229778825762733,18.55098876953128
2018-01-23,2.1519166666666667,True,-0.1139060936423137,2.9114813098216965,18.59298095703128
2018-01-24,1.8500416666666668,True,-0.0454747467773166,3.2160344075624767,18.51900634765628
2018-01-25,1.3675833333333334,True,-0.0752686979628294,3.3670212175544942,18.347985839843773
2018-01-26,1.578,False,-0.0596927713561021,5.05236378943494,17.984979248046898
2018-01-27,1.1803333333333332,True,,5.082645357640396,17.461999511718773
2018-01-28,0.7765,True,-0.0404800822605292,3.570788007012339,17.310998535156273
2018-01-29,2.4639583333333337,True,-0.0927930367894478,2.76881214047237,17.387994384765648
2018-01-30,2.972,True,0.8896209011196713,4.788240538116367,17.391992187500023
2018-01-31,2.0162083333333336,True,0.9170267393364874,2.801196268931833,17.334985351562523
2018-02-01,7.324541666666666,True,0.040418620086843,2.09401074061403,17.472985839843773
2018-02-02,8.7,False,,2.197356669910991,17.823999023437523
2018-02-03,14.779375,True,0.6999661128650081,2.3093220453557435,17.767999267578148
2018-02-04,16.931458333333335,True,1.0217523703475042,2.1971263396263563,18.308984375000023
2018-02-05,9.576625,True,0.301629825076979,2.766024529649977,18.407983398437523
2018-02-06,6.862875,True,0.8138678099310757,3.690085883029899,18.118005371093773
2018-02-07,5.53725,True,0.0366770718064579,3.266263699299052,17.551995849609398
2018-02-08,2.0213750000000004,True,0.1923896290483726,3.901695321341912,18.851983642578148
2018-02-09,1.759,False,0.0288397078307361,3.735036027101352,18.214990234375023
2018-02-10,2.0204583333333335,True,0.4988628440603517,2.879919557490151,17.705987548828148
2018-02-11,1.575416666666667,True,0.4191356189417278,2.896670586820583,16.510980224609398
2018-02-12,1.538166666666667,True,-0.2036139480427565,2.243015041756913,16.624993896484398
2018-02-13,1.02775,True,-0.2616262669325005,2.1300692299161,17.515008544921898
2018-02-14,1.6835833333333337,True,0.1465385705408999,2.318132388708768,18.063989257812523
2018-02-15,3.216208333333333,True,-0.1735571435608568,2.8964877983811044,18.033990478515648
2018-02-16,11.544,False,-0.2361387344241732,2.6348324230351143,18.191003417968773
2018-02-17,1.983208333333333,True,-0.3085498845279715,3.371290987718248,18.204003906250023
2018-02-18,1.3226250000000002,True,-0.1904232820277325,3.774296475001906,17.911981201171898
2018-02-19,1.701125,True,0.1350095600938836,3.030625338247661,18.29000244140628
2018-02-20,2.3995,True,1.2048629471102956,2.9991301544831104,18.30098876953128
2018-02-21,3.4637499999999997,True,0.2429829006764968,3.377767397721529,18.368005371093773
2018-02-22,2.047,True,0.6716655608786352,3.1884060110541985,18.307000732421898
2018-02-23,2.5236666666666667,True,0.5515474741713317,3.2154842926955904,18.105004882812523
2018-02-24,2.24525,True,-0.157656594521423,3.117432172796751,18.195001220703148
2018-02-25,2.5977916666666663,True,-0.2204064771246872,4.000526695321008,17.855981445312523
2018-02-26,3.155208333333333,True,-0.1064533837185904,3.182926677041119,17.911981201171898
2018-02-27,5.506291666666667,True,0.6024275200645549,2.5269420004421472,17.805993652343773
2018-02-28,4.266666666666667,True,0.297473287154868,3.1140639187140264,17.342004394531273
2018-03-01,3.4760416666666667,True,0.3595600243661012,3.2714238720639024,17.340997314453148
2018-03-02,3.7880416666666665,True,-0.111209416811102,3.320229855440752,17.363000488281273
2018-03-03,2.7843750000000003,True,-0.2199248405890473,3.640089572647451,17.433007812500023
2018-03-04,3.052708333333334,True,0.6747098501436819,4.591734606326212,17.377984619140648
2018-03-05,3.443333333333334,True,0.3354202999617522,2.2048872034441027,17.286981201171898
2018-03-06,1.9505416666666668,True,-0.24301411129679,1.7398732304539442,17.325006103515648
2018-03-07,1.5635,True,-0.0356756719560575,1.8659311015323337,17.122003173828148
2018-03-08,1.2295,False,0.4274800533621063,2.205603573427513,17.296990966796898
2018-03-09,0.953,False,0.3615275810236208,2.3572679724452823,17.318994140625023
2018-03-10,1.3965416666666668,True,0.5631613781671146,4.668306810936318,17.126000976562523
2018-03-11,0.9472916666666666,True,0.4799824935718785,5.190920331225626,16.904992675781273
2018-03-12,1.4795416666666668,True,0.5879229914405861,3.507744186978513,17.347985839843773
2018-03-13,2.3857916666666665,True,0.7968838779352432,2.7589776515766875,16.993981933593773
2018-03-14,2.239375,True,0.1794207563503392,4.650040709572029,16.489007568359398
2018-03-15,2.0965833333333332,True,1.1652141783120773,2.989744090833944,16.632989501953148
2018-03-16,1.983,False,0.1474899332819189,2.9500737686264027,15.571008300781273
2018-03-17,2.512541666666667,True,0.8247749942581422,3.691247237420096,15.687005615234398
2018-03-18,2.5980000000000003,True,0.6533891927094363,4.362721188232111,15.980981445312525
2018-03-19,2.4434583333333335,True,0.8618922932928257,4.343435509722394,16.183007812500023
2018-03-20,2.6809583333333333,True,0.5828136168352724,3.79500405483158,16.092980957031273
2018-03-21,4.332375,True,0.1674467889656187,3.01594474682078,16.002008056640648
2018-03-22,6.883958333333333,True,0.4192451036602145,3.737848328192612,15.861993408203148
2018-03-23,5.108125,False,-0.0215330467113919,3.566524122779595,15.576989746093773
2018-03-24,8.426291666666666,True,1.244196902586589,4.130080997648007,15.575006103515648
2018-03-25,12.503041666666666,True,0.9993361079358254,2.1958463139726447,15.441979980468773
2018-03-26,12.381416666666668,True,0.2012818197501037,3.185310617238846,15.170983886718773
2018-03-27,12.651083333333332,True,-0.1822713829967919,3.1084990713576226,14.924981689453148
2018-03-28,14.421791666666666,True,-0.3537041661034317,2.6222216298069942,15.020989990234398
2018-03-29,12.780958333333333,True,-0.4961723075899754,2.575380376613509,15.144006347656273
2018-03-30,16.691,False,-0.2277616817352522,2.364083770066852,15.046990966796898
2018-03-31,8.637125,True,1.4666442926672008,1.7051869413804697,15.132989501953148
2018-04-01,6.782958333333333,True,-0.4285475751926756,2.849791048884955,15.545007324218773
2018-04-02,3.248083333333333,True,-0.2332677357597229,1.48036661775841,15.563989257812525
2018-04-03,3.1346666666666665,True,0.5351491428771196,2.2506268350653227,15.622003173828148
2018-04-04,3.1032500000000005,True,0.2059283338703371,2.855657490230312,15.683007812500025
2018-04-05,2.0703181818181817,True,-0.3854360046185412,2.300507662317939,15.564996337890648
2018-04-06,1.993,False,-0.3661060118592313,1.3116115921138825,15.439996337890648
2018-04-07,1.8082083333333332,True,0.1729845917893913,2.5706789339484155,16.428002929687523
2018-04-08,1.7962916666666668,True,-0.401903540567373,2.442519674166604,16.435998535156273
2018-04-09,1.40175,True,0.4683473388647183,1.6884701501063042,16.411981201171898
2018-04-10,1.1194166666666667,True,-0.1892289205425258,1.45276471528834,16.480981445312523
2018-04-11,1.0337916666666669,True,0.033530419421591,2.668448606084454,16.282983398437523
2018-04-12,0.574,True,-0.2046935386909284,5.230290880241832,16.167993164062523
2018-04-13,0.4434166666666666,True,-0.3441999802820777,3.8156715514800608,16.183984375000023
2018-04-14,0.7116666666666666,True,-0.4738919532491959,4.007368918411784,16.386987304687523
2018-04-15,0.7594583333333333,True,-0.4094748689012346,2.551077649140155,16.340997314453148
2018-04-16,1.1725,True,-0.2714196688926105,2.689486497130086,14.777978515625025
2018-04-17,1.4202083333333333,True,-0.2262305208569432,3.262800893886445,14.809991455078148
2018-04-18,2.2775416666666666,True,-0.0782818846453612,3.3005885610680084,14.959008789062525
2018-04-19,3.4150416666666668,True,-0.4485718817477147,3.662790539955613,15.024987792968773
2018-04-20,4.068,False,-0.3982751282509008,2.495921077185752,14.877984619140648
2018-04-21,1.2215,True,-0.6226186214506094,3.172351925221382,14.571984863281273
2018-04-22,1.7722083333333334,True,-0.4545683991614945,3.423353200838271,14.469995117187525
2018-04-23,1.9657916666666668,True,,3.170707224674483,14.424005126953148
2018-04-24,2.0586249999999997,True,-0.3198818676810195,4.09981071065387,13.088983154296898
2018-04-25,2.1744583333333334,True,-0.3795325555448695,3.725489167156947,13.062982177734398
2018-04-26,2.3599583333333336,True,0.5070825958955082,4.05251719682614,13.020989990234398
2018-04-27,4.027083333333334,True,-0.0204679078209385,5.088994636072486,13.059991455078148
2018-04-28,5.506375000000001,True,,2.416029483641323,12.926995849609398
2018-04-29,2.653541666666667,True,-0.3757490751861145,2.572146867988768,14.934991455078148
2018-04-30,6.122208333333333,True,-0.515162522048174,3.025384200124692,14.778985595703148
2018-05-01,6.87425,True,,3.6827998159006174,14.786004638671898
2018-05-02,5.09425,True,-0.0276872183474542,4.141094824219845,14.812005615234398
2018-05-03,8.23775,True,-0.0561028947542642,3.561977449593241,14.708001708984398
2018-05-04,12.37425,False,-0.5368665389395999,2.0540052648743248,14.704980468750025
2018-05-05,9.7205,True,-0.5407428241742326,1.1740724164042935,14.456994628906273
2018-05-06,8.733125,True,-0.3183870902678525,1.1763057762337443,14.818994140625025
2018-05-07,7.336625000000001,True,0.1505227512870904,1.0794822792724457,14.211999511718773
2018-05-08,8.018666666666666,True,0.3224381411943622,0.978691801170622,14.347985839843773
2018-05-09,9.671333333333331,True,0.3987585587538091,0.8031556402909907,14.370996093750025
2018-05-10,7.581875,True,0.3780086546121977,2.3742186484722314,14.351983642578148
2018-05-11,9.7225,False,0.5249792325424032,3.2827104862951195,14.294000244140648
2018-05-12,2.673875,True,-0.3955867539263596,1.2617537503264558,14.498986816406273
2018-05-13,2.2784999999999997,True,,2.003427826666277,15.012994384765648
2018-05-14,1.1142083333333332,True,0.1912953098754029,2.5104177057119084,14.950982666015648
2018-05-15,0.356875,True,-0.295114314804567,2.67399699274942,14.463983154296898
2018-05-16,0.738625,True,-0.6696671246909486,2.344560464327511,14.400994873046898
2018-05-17,0.6732916666666666,True,-0.1922046448703214,3.958777995852244,14.635980224609398
2018-05-18,0.7666666666666666,True,-0.085151567125462,5.282729796535391,14.502984619140648
2018-05-19,0.8495416666666666,True,-0.2196281396339042,4.603802802701764,14.614007568359398
2018-05-20,0.893875,True,-0.474846011174224,3.3575333751355623,14.241998291015648
2018-05-21,1.2755,True,-0.6368582725773142,4.436329712383129,14.665979003906273
2018-05-22,1.7409583333333334,True,-0.6375831233139782,3.210388523117904,15.477990722656273
2018-05-23,1.9896666666666665,True,-0.2956915509946367,2.4263854873765465,15.553002929687525
2018-05-24,3.372625,True,-0.2717813569828703,1.4478665009167302,15.672998046875025
2018-05-25,3.8203333333333336,False,-0.5524165821532642,1.9712891682789493,14.877008056640648
2018-05-26,6.011625,True,-0.3572123982569467,3.2977064484641123,14.299981689453148
2018-05-27,8.718583333333333,True,-0.2011858331038801,2.665835168039327,14.363000488281273
2018-05-28,7.177083333333333,True,-0.414454403736664,2.025859377968352,14.477990722656273
2018-05-29,4.821958333333333,True,,0.8597679170050992,14.622003173828148
2018-05-30,3.8519583333333336,True,-0.4101176823827887,4.575513523236804,13.782983398437525
2018-05-31,2.4399583333333332,True,0.8519383123091974,6.664718364873643,13.721978759765648
2018-06-01,1.638,False,0.4583158252705955,4.831048195858767,13.387994384765648
2018-06-02,1.8178333333333336,True,0.450328180734279,4.803671320221996,13.157006835937525
2018-06-03,1.069208333333333,True,0.2566583719490368,5.457986574123035,13.184991455078148
2018-06-04,2.2227916666666663,True,0.6273507897209878,4.687062283304004,13.068994140625025
2018-06-05,1.786625,True,0.3628748825747103,4.715005243128978,12.981988525390648
2018-06-06,2.0379583333333335,True,0.1742490047610275,5.478448358911284,12.809991455078148
2018-06-07,2.883791666666666,True,0.400974648368277,2.0737188661909536,12.799005126953148
2018-06-08,3.6865,False,-0.2973773573823062,3.022245768240196,13.261987304687525
2018-06-09,2.6448750000000003,True,,1.6875901628410117,13.868005371093773
2018-06-10,1.9515,True,-0.5442638575943777,2.9107799615807712,13.469995117187525
2018-06-11,1.8350416666666665,True,0.1414464435363544,2.0702657558808646,13.059991455078148
2018-06-12,1.54075,True,0.4355516909657581,4.915550848088289,12.963983154296898
2018-06-13,1.6763750000000002,True,0.4495267012813556,4.638065719069444,12.872979736328148
2018-06-14,1.2811666666666666,True,0.4801073524486327,4.388109043744743,12.790002441406273
2018-06-15,1.136,False,-0.1935388191127643,3.868792176928327,12.846978759765648
2018-06-16,1.802875,True,0.5256230189376832,3.544476604405625,12.907983398437525
2018-06-17,1.6213750000000002,True,0.136846465813977,2.1674646513912887,12.844995117187525
2018-06-18,1.230666666666667,False,1.4755245482164323,1.696561286919434,13.159997558593773
2018-06-19,,False,-0.3535832543233844,1.7817977334357475,12.954980468750025
2018-06-20,,False,-0.3790903566701875,3.261339921554361,12.696008300781273
2018-06-21,,False,-0.2646891059884605,4.8681917034963575,12.387994384765648
2018-06-22,,False,-0.62848938407783,4.357277768366965,12.234002685546898
2018-06-23,,False,-0.1131944313763817,2.9135367656430606,12.954003906250025
2018-06-24,,False,-0.121456609289991,2.979461785835149,13.105981445312525
2018-06-25,,False,-0.156977240634661,4.110677665136065,13.055993652343773
2018-06-26,,False,0.1826214060432217,4.17690690140364,12.895989990234398
2018-06-27,,False,-0.3489866043264232,2.92418034406649,12.900994873046898
2018-06-28,,False,-0.6211439343205561,1.1408991590733233,12.952996826171898
2018-06-29,,False,-0.4140072303991903,2.153233478001668,12.809991455078148
2018-06-30,,False,,2.5805767374814184,13.001000976562525
2018-07-01,,False,-0.2969235070423796,4.905097047568244,13.257989501953148
2018-07-02,,False,-0.0413040399413596,0.5597147264998936,13.563989257812525
2018-07-03,,False,-0.2941345922903783,2.163234693870581,13.446984863281273
2018-07-04,,False,-0.0262880408181574,5.024747039856679,13.343988037109398
2018-07-05,,False,-0.5342409518946247,3.8976666868570575,13.567987060546898
2018-07-06,,False,-0.0932551864353995,1.9028970480238157,13.727990722656273
2018-07-07,,False,0.0787971614617096,5.061312016369168,13.555993652343773
2018-07-08,,False,-0.3542587811018714,3.510147190266732,13.661004638671898
2018-07-09,,False,1.3856405175733508,1.781959783963364,13.787988281250025
2018-07-10,,False,0.473703909026571,1.602179965191717,13.592004394531273
2018-07-11,,False,-0.0360225914428178,3.840281147118658,14.071984863281273
2018-07-12,,False,-0.0704606024728784,4.103824732141277,14.189996337890648
2018-07-13,,False,-0.2198026147471609,2.7353558454751288,13.941003417968773
2018-07-14,,False,-0.5987993954484492,3.2001612777368305,13.420007324218773
2018-07-15,,False,-0.2187055836482372,4.600197895349704,13.183007812500025
2018-07-16,,False,-0.5728084486538144,3.599876653628875,13.305993652343773
2018-07-17,,False,,3.554643605383476,13.273980712890648
2018-07-18,,False,-0.0341662879603697,5.993890441498664,12.950006103515648
2018-07-19,,False,0.244240361466184,5.222463683820343,12.865991210937525
2018-07-20,,False,0.04382503461454,4.355016030311784,12.956994628906273
2018-07-21,1.8253333333333337,True,0.0551779109706032,4.3327148764437045,13.054986572265648
2018-07-22,1.3320416666666668,True,0.143017328505052,6.20712831693048,12.675988769531273
2018-07-23,1.0824583333333333,True,0.3747231155236675,4.878210869798455,12.434991455078148
2018-07-24,1.426125,True,-0.2753667326886602,2.609628410927616,12.310998535156273
2018-07-25,1.4903333333333333,True,-0.5109705753224344,2.6867702527779644,12.523980712890648
2018-07-26,1.596666666666667,True,,2.6943513211598824,12.730981445312525
2018-07-27,1.7266666666666666,False,0.1361527469728505,2.7772471363258884,12.822991943359398
2018-07-28,1.481625,True,0.1447556438887944,4.251641552543905,12.803979492187525
2018-07-29,1.4962083333333334,True,0.183558543448801,4.670681482239533,12.874993896484398
2018-07-30,1.4180416666666666,True,0.3600736963178598,3.1406210405028623,12.706994628906273
2018-07-31,1.233125,True,-0.1506849009486196,3.184260251872068,12.559991455078148
2018-08-01,2.015625,True,-0.2316312841979713,2.3170689037701235,12.571008300781273
2018-08-02,2.183625,True,-0.5321206303479358,2.615713788070982,12.590997314453148
2018-08-03,2.46,False,0.1496595646126612,5.7508008609872885,12.715997314453148
2018-08-04,1.362458333333333,True,0.0291657214877722,4.69560573345838,12.886987304687525
2018-08-05,0.9787916666666666,True,-0.2201269795128932,2.9286647928804537,12.851983642578148
2018-08-06,0.8959166666666668,True,-0.4552825261508078,3.357818511865995,12.727990722656273
2018-08-07,1.0970000000000002,True,-0.0958265429545202,4.432149794771407,12.925988769531273
2018-08-08,1.0685,True,0.2502617130546611,3.0881501213156444,13.044000244140648
2018-08-09,0.8329166666666667,True,-0.4551592889974149,0.6603730359707239,13.184991455078148
2018-08-10,0.8,False,-0.3895378734217274,1.9933127947753169,13.331994628906273
2018-08-11,0.6980416666666667,True,-0.359999075191625,3.23787727877706,13.326989746093773
2018-08-12,0.7574166666666665,True,-0.2385263371119614,3.603968338597744,12.933007812500025
2018-08-13,0.8791250000000002,True,0.0415385727959084,6.105418277789661,12.891992187500025
2018-08-14,1.1052916666666668,True,0.3980365422501091,4.627813157116126,12.834985351562525
2018-08-15,1.388875,True,-0.0392292475513892,1.5396189716156392,12.775994873046898
2018-08-16,1.8369583333333337,True,-0.2497274295517335,1.7216075666203208,12.810998535156273
2018-08-17,2.82,False,-0.2415283463011918,4.335780609645392,12.855981445312525
2018-08-18,1.4063333333333332,True,-0.0575232941072256,7.616158011133969,12.831994628906273
2018-08-19,1.6540833333333331,True,0.3695920648927885,6.505834414312357,12.586999511718773
2018-08-20,2.094708333333333,True,0.4604688174006367,1.981275131871792,12.159997558593773
2018-08-21,1.8675416666666669,True,-0.2690374360632371,2.5644500883274417,12.179986572265648
2018-08-22,2.7705,True,-0.2034994115053615,3.128218445599845,12.370996093750025
2018-08-23,2.475375,True,0.6270796256341435,5.652074691029071,12.601007080078148
2018-08-24,2.0034166666666664,True,0.7506367570408313,7.561052735901773,12.572991943359398
2018-08-25,1.5126666666666668,True,0.6270212665748556,6.813597754090878,12.754998779296898
2018-08-26,1.698,False,-0.2594093290939662,0.8828939562439537,12.925988769531273
2018-08-27,4.756541666666667,True,1.4074562792994822,1.8555491986243955,12.851983642578148
2018-08-28,2.626208333333333,True,,3.04066452915556,12.791986083984398
2018-08-29,2.257916666666667,False,-0.176781474148421,3.387723414145478,12.818994140625025
2018-08-30,4.216666666666666,True,,1.7935937146175585,12.415979003906273
2018-08-31,1.7437083333333334,True,-0.4348715335850134,1.4313166019818553,12.387994384765648
2018-09-01,2.321,True,-0.1859953251376563,4.111326606085494,12.420007324218773
2018-09-02,2.762708333333333,True,0.596944502304322,5.8465710478136845,12.588983154296898
2018-09-03,1.690125,True,-0.0490945952052915,4.798826610348045,12.708001708984398
2018-09-04,1.5026666666666664,True,-0.4664073877404042,2.496101288334529,12.972985839843773
2018-09-05,1.186,False,-0.3444302301270522,2.990713764517855,13.011987304687525
2018-09-06,0.669625,False,-0.3267429262554895,5.011839688362975,12.967980957031273
2018-09-07,0.5420416666666666,True,1.53823350496877,2.999497219840586,12.943994140625025
2018-09-08,0.5198333333333334,True,-0.407692869454608,3.923590892865856,12.921990966796898
2018-09-09,0.7967916666666666,True,-0.441087228038105,3.6122506470110114,12.933984375000025
2018-09-10,1.2521666666666669,True,-0.6619637139668938,3.4459581615089694,12.894982910156273
2018-09-11,1.2324583333333334,True,-0.2002187121322576,3.791261471027616,12.950006103515648
2018-09-12,0.7192500000000001,True,-0.4343357423436305,5.14281314494143,12.955987548828148
2018-09-13,0.596,False,1.6759820053421786,3.635019203583079,12.948999023437525
2018-09-14,0.778,False,1.7562157989602667,2.354458884923812,12.584985351562525
2018-09-15,0.5494583333333334,True,,1.846510945866488,12.602990722656273
2018-09-16,0.6852499999999999,True,0.6181671533508715,2.918783157406266,12.917993164062525
2018-09-17,0.988125,True,0.0418734837540984,3.988677803351034,13.174005126953148
2018-09-18,1.078125,True,-0.1174207693540678,3.1020156939894767,13.351983642578148
2018-09-19,1.1423333333333332,True,-0.176888825779224,5.397898742216114,13.413995361328148
2018-09-20,1.18375,False,-0.2669542902329304,5.615529849380052,13.159997558593773
2018-09-21,0.8906666666666667,False,-0.0351863233825147,5.10464655454518,13.236993408203148
2018-09-22,0.8973750000000001,True,-0.2958070903567993,4.318527862646018,13.045007324218773
2018-09-23,1.0490833333333334,True,1.0447450771070708,5.9623907904261335,12.960992431640648
2018-09-24,1.948125,True,0.0396946485255957,5.171294270499288,12.866998291015648
2018-09-25,8.513375,True,0.1215598291607254,2.978439717236649,12.761987304687525
2018-09-26,11.3865,True,-0.379361605393436,1.6551477773299026,12.961999511718773
2018-09-27,14.714,False,-0.1638347828665209,2.1455756299649584,13.025994873046898
2018-09-28,10.534,False,0.2471907130731347,3.532451881745554,13.788995361328148
2018-09-29,6.474916666666666,True,0.0438082321794561,4.619985102109569,13.586999511718773
2018-09-30,4.116333333333333,True,0.2596051744757429,5.897170853389539,13.736993408203148
2018-10-01,1.8546249999999995,True,1.040385485858499,7.314509553894863,13.529992675781273
2018-10-02,1.372375,True,0.8675261192371079,6.153114499442797,13.260980224609398
2018-10-03,3.95475,True,0.3877869408689628,6.319108765485391,13.118981933593773
2018-10-04,4.3255,False,-0.3199634921205031,1.3923533580780882,13.684991455078148
2018-10-05,4.978714285714285,False,-0.252603184191533,3.029177053154761,14.046990966796898
2018-10-06,9.043083333333334,True,0.5037724485658408,4.105253832842663,14.088983154296898
2018-10-07,11.47475,True,0.072745982634055,2.891898072583573,14.041986083984398
2018-10-08,10.466083333333334,True,0.1354088352827013,4.25811223327405,13.846002197265648
2018-10-09,6.849749999999999,True,0.581028337664199,6.117393170645873,13.232995605468773
2018-10-10,6.691333333333333,True,0.5743048686926222,4.885108338908107,13.202996826171898
2018-10-11,8.854,False,0.9816722675752528,2.6414243409798046,13.437005615234398
2018-10-12,6.850833333333333,True,0.2665515673498245,5.05628587713351,13.705987548828148
2018-10-13,4.682625000000001,True,1.2415000391613238,4.8162715311782485,13.633996582031273
2018-10-14,3.8995416666666665,True,0.6832494111896222,4.983783592531053,13.353997802734398
2018-10-15,4.667958333333334,True,0.2011426926527576,3.64730762522722,13.353997802734398
2018-10-16,8.181458333333333,True,-0.1911018773345376,2.960000002025306,13.458001708984398
2018-10-17,7.306083333333333,True,0.6674976281033004,3.0617512152375213,13.381982421875025
2018-10-18,7.927583333333334,True,0.9659772403390032,4.668331950861741,13.912988281250025
2018-10-19,4.037333333333334,True,1.1895074822326823,4.824061889186025,14.124993896484398
2018-10-20,2.4892083333333335,True,1.485158329739081,5.738480835829536,13.805993652343773
2018-10-21,2.345833333333333,True,0.4738022415397465,6.010220954331075,13.685998535156273
2018-10-22,4.587238095238095,True,0.8722271382305335,2.6723280128810467,13.684991455078148
2018-10-23,,False,-0.0953830275535433,2.07653570022046,13.756982421875025
2018-10-24,13.697958333333332,True,0.6373250454017841,4.055317198407771,13.831994628906273
2018-10-25,13.705666666666666,True,0.647461932396521,4.4982182695843616,14.128991699218773
2018-10-26,12.427541666666665,True,0.6038257545271188,5.243752941262652,14.644982910156273
2018-10-27,11.729625,True,0.3831296948632322,5.031836109030302,14.592004394531273
2018-10-28,12.142,True,0.1353690342101785,4.367668961167749,14.434991455078148
2018-10-29,11.492791666666667,True,,3.2029176164063973,14.105981445312525
2018-10-30,10.328708333333331,True,0.4341609369081485,3.5761482003286296,14.810998535156273
2018-10-31,7.567125,True,0.5795175927048769,4.612413446495939,14.738000488281273
2018-11-01,7.872624999999999,True,0.448135191541582,4.647743736289125,14.794000244140648
2018-11-02,7.64825,True,0.3931979975654762,4.365130114036851,14.978997802734398
2018-11-03,5.032916666666667,True,1.0588197673568058,4.465713524527908,15.284997558593773
2018-11-04,2.8064583333333335,True,0.7614213404744437,4.73101513938003,15.280999755859398
2018-11-05,4.245458333333334,True,0.6355003020142191,4.474058392944063,15.174005126953148
2018-11-06,2.513916666666667,True,-0.2434061607465462,1.9719640306464143,14.820001220703148
2018-11-07,1.352125,True,-0.4026355440561082,2.4961143423235064,14.592004394531273
2018-11-08,1.5055238095238093,True,-0.2136750255116165,2.6297459207544285,15.006005859375025
2018-11-09,1.8877916666666668,True,-0.4179579164176744,3.516011082282158,15.480981445312525
2018-11-10,2.7765416666666667,True,1.002724991334025,3.8990936042685456,15.424981689453148
2018-11-11,4.038958333333333,True,0.2099383166848342,3.7829881574760136,15.430993652343773
2018-11-12,4.7908333333333335,True,0.929140559317298,2.429662977284591,16.092980957031273
2018-11-13,3.91225,True,0.6493334694575931,4.016824056831474,15.950006103515648
2018-11-14,2.28425,True,1.008578073719001,6.253868096149613,15.709985351562525
2018-11-15,1.7561250000000002,True,0.3721307975913117,5.088061958693789,15.702996826171898
2018-11-16,1.4750000000000003,True,0.2769695263886536,4.135233567112011,15.688989257812525
2018-11-17,1.5818333333333332,True,0.1591154973782147,6.162200591401382,15.868005371093773
2018-11-18,0.980375,True,0.1525811085904399,6.193531840498384,15.769982910156273
2018-11-19,0.9788333333333332,True,0.1961591415553715,2.030676439961868,15.202996826171898
2018-11-20,1.1442916666666667,True,-0.0823854710561549,3.218741229855013,14.971002197265648
2018-11-21,1.529583333333333,True,0.7211818615685885,4.27067238957042,15.580987548828148
2018-11-22,1.816875,True,-0.2400202491338345,5.048417451478234,15.420007324218773
2018-11-23,2.6412916666666666,True,0.624357402348278,3.0402970022659064,15.098992919921898
2018-11-24,4.238625,True,0.1472758471438596,2.878736892654167,15.226007080078148
2018-11-25,3.3527916666666666,True,0.2369352727538097,4.048012393362062,14.954003906250025
2018-11-26,2.691125,True,0.6072646346135152,4.096671096119365,15.817987060546898
2018-11-27,4.403208333333333,True,0.149851654407222,3.887560598453765,16.034997558593773
2018-11-28,7.891208333333334,True,-0.3225390782607406,3.258461423296897,16.122003173828148
2018-11-29,5.871875,True,-0.3233864862217666,3.627122876173235,15.869989013671898
2018-11-30,6.555499999999999,True,0.4843821845651974,3.7818575476752647,15.817987060546898
2018-12-01,12.604708333333337,True,-0.1358261725814904,2.477655168073766,15.817987060546898
2018-12-02,12.761208333333334,True,-0.05823105121344,2.00584297311646,16.394006347656273
2018-12-03,7.322375000000001,True,0.2210294215052421,1.8709764189076044,16.357995605468773
2018-12-04,5.535791666666667,True,0.0899795707791603,2.294961531394501,16.721002197265648
2018-12-05,5.813333333333333,True,0.5625750475449772,2.9858692385606527,17.517999267578148
2018-12-06,5.271833333333333,True,0.0830502813813311,2.773537216945152,17.629998779296898
2018-12-07,4.517041666666667,True,0.734502430632563,3.102607890931753,17.329003906250023
2018-12-08,5.695166666666666,True,0.2762764780801889,4.187697125095946,16.954003906250023
2018-12-09,6.778333333333333,True,0.8402005353526016,5.302215219607354,16.723992919921898
2018-12-10,5.4891250000000005,True,0.7085821749253257,5.205894716707088,16.710992431640648
2018-12-11,2.6843333333333335,True,0.799609200496679,5.928218917491519,16.942987060546898
2018-12-12,4.75175,True,-0.0799038271965647,6.424700789942008,16.825006103515648
2018-12-13,2.17125,True,-0.2198220242838889,6.396431682704979,17.023004150390648
2018-12-14,5.247625,True,1.242311853750323,6.582459497784769,15.991998291015648
2018-12-15,4.304625,True,0.488769941534291,4.916530673317639,15.066003417968773
2018-12-16,7.712916666666666,True,0.837142104630754,4.254844759641737,14.981988525390648
2018-12-17,13.348833333333332,True,0.3654881062871479,3.153406518909506,15.313989257812525
2018-12-18,14.11608333333333,True,0.2365236818938077,2.8562712000712347,15.642999267578148
2018-12-19,12.6235,True,-0.2670293970231097,2.928692613705101,15.528985595703148
2018-12-20,11.672958333333334,True,0.3308779939409239,4.530511115496616,16.184991455078148
2018-12-21,3.665333333333333,True,0.3936042196862978,2.9045916779574936,15.993981933593773
2018-12-22,2.3846666666666665,True,-0.193904456454631,2.4247004997499397,16.491998291015648
2018-12-23,2.589625,True,0.2015919671078047,3.9199156230405943,17.346002197265648
2018-12-24,2.9355,True,-0.3025435422094156,3.1630196764725342,16.919000244140648
2018-12-25,1.2432916666666665,True,1.4314753931166269,2.755046518615391,16.756005859375023
2018-12-26,0.6357916666666666,True,-0.280167298133123,3.487430357929344,16.586999511718773
2018-12-27,0.6518333333333334,True,-0.0497237726671167,5.127180310487106,16.493981933593773
2018-12-28,0.6320416666666667,True,0.1456100741249115,4.315456568733766,16.532983398437523
2018-12-29,0.5723333333333332,True,-0.2049559301370198,4.843425060844516,16.301995849609398
2018-12-30,0.7367916666666666,True,-0.0239674533538376,4.441365552004377,15.109002685546898
2018-12-31,1.3891666666666669,True,0.1129973894024082,4.331065880511446,15.014978027343773
2019-01-01,3.394916666666667,True,0.1866210988212815,4.630769903148339,15.476983642578148
2019-01-02,4.225791666666667,True,0.4480778131595981,4.708335066195257,15.172998046875025
2019-01-03,4.054791666666667,True,0.2138493798557917,2.863095721063856,15.131982421875025
2019-01-04,5.175791666666666,True,-0.2476550432923405,2.0071862003833623,16.355981445312523
2019-01-05,5.9264166666666656,True,0.4592661127722132,2.311061017220132,16.747979736328148
2019-01-06,8.246708333333332,True,1.2852541297546705,2.059733789827632,17.040979003906273
2019-01-07,8.877208333333334,True,-0.0982349603286303,2.1939979913560896,17.329980468750023
2019-01-08,8.861208333333332,True,0.9397208093317656,3.45494086949274,17.291986083984398
2019-01-09,4.202,False,1.070659636270568,4.937376406174064,17.661004638671898
2019-01-10,3.669333333333333,True,1.1314201255226295,4.709209646314549,17.133996582031273
2019-01-11,9.174958333333334,True,1.0359126387257351,2.801335000611477,16.070001220703148
2019-01-12,24.294416666666667,True,1.3034738246943536,2.98116359130515,16.504998779296898
2019-01-13,33.632416666666664,True,1.5217916994647438,3.6167815738280296,16.797998046875023
2019-01-14,42.78679166666666,True,0.9389463510825004,4.482993210552936,17.350000000000023
2019-01-15,39.608333333333334,True,1.0459823751782846,4.566509874763296,17.064996337890648
2019-01-16,28.33575,True,0.9200665566432068,4.569795420665779,17.282983398437523
2019-01-17,19.500291666666666,True,0.9555323594648082,6.036451929558032,17.280999755859398
2019-01-18,26.01225,True,0.2882473664702861,2.160126578484582,17.251000976562523
2019-01-19,43.111541666666675,True,0.0528424257837429,2.259310455650211,17.076989746093773
2019-01-20,41.217,True,-0.0512772071674217,3.339064107849,17.183984375000023
2019-01-21,39.576208333333334,True,1.2499128578937515,3.1022868435322897,17.318994140625023
2019-01-22,26.304333333333336,True,0.0712300939202883,3.063770865600137,17.555993652343773
2019-01-23,24.605499999999996,True,0.6672478742477687,2.0916757182060826,17.400994873046898
2019-01-24,24.142583333333334,True,-0.2100107698395197,2.634578284072704,17.385003662109398
2019-01-25,22.81325,True,-0.0870915249514257,3.355675954784153,17.448999023437523
2019-01-26,17.2565,True,-0.2347234161057466,1.7859880899639995,17.390008544921898
2019-01-27,13.60945833333333,True,-0.1609166121720454,2.186010919553007,17.661981201171898
2019-01-28,17.0855,True,-0.3054525342736607,1.88853641814022,18.400994873046898
2019-01-29,19.541291666666663,True,0.4801986940446956,1.992895137928923,18.902001953125023
2019-01-30,25.077291666666667,True,0.2083098393960576,2.985365063078669,19.079980468750023
2019-01-31,29.61883333333333,True,-0.1239544258595166,2.6728379388078967,18.881982421875023
2019-02-01,25.3875,True,-0.3391022181873454,1.7381992940834636,18.692987060546898
2019-02-02,0.4891904761904763,True,-0.4573259755275635,2.2557607667116497,18.2499938964844
2019-02-03,0.5654166666666667,True,-0.4959238864194294,3.202660568136877,18.191979980468773
2019-02-04,0.499875,True,-0.4261340887988411,3.2948258398332024,18.48800048828128
2019-02-05,0.5198333333333333,True,0.0797037591265828,3.154689549040328,18.450006103515648
2019-02-06,17.973791666666667,True,0.1582294279020456,2.7162417503949863,18.7609802246094
2019-02-07,20.74591666666667,True,-0.2266428599187818,2.4648666906230687,19.1359802246094
2019-02-08,11.421166666666666,True,-0.245327922717933,2.6779268665474607,19.109002685546898
2019-02-09,16.688333333333333,True,-0.2328544158576496,2.134721368515322,18.872979736328148
2019-02-10,18.756874999999997,True,-0.3200106785304125,2.589295202525447,18.627008056640648
2019-02-11,16.651,True,0.4574800010133839,4.703530458058849,18.557000732421898
2019-02-12,11.532125,True,-0.0293319335149862,3.473651027653658,18.1249938964844
2019-02-13,16.434875,True,1.0327004248911094,3.7822398106424058,17.782983398437523
2019-02-14,9.548625,True,0.4787265621206961,2.2862520397683133,17.930993652343773
2019-02-15,13.997708333333335,True,0.9580947851320702,2.1430194496520305,17.908990478515648
2019-02-16,13.5625,True,0.8197195418200505,1.9219586591085,17.877984619140648
2019-02-17,12.087041666666666,True,0.7274082320317985,2.3187177448394185,18.243981933593773
2019-02-18,12.462125,True,-0.0807506037481428,2.5143292511976028,18.49898681640628
2019-02-19,10.856291666666666,True,0.0387998087447504,2.57365438535049,18.438989257812523
2019-02-20,6.807750000000001,True,0.2910163022814253,1.9302804551314008,18.351983642578148
2019-02-21,6.451374999999999,True,0.0866761709739338,2.097659084788577,18.452996826171898
2019-02-22,6.594916666666667,True,0.2683099792606507,4.187312389570944,18.627984619140648
2019-02-23,5.337041666666667,True,-0.0470916123000325,4.666344586548671,18.553002929687523
2019-02-24,7.784583333333334,True,0.4116709804308631,3.7994254038802815,18.396997070312523
2019-02-25,19.370875,True,0.6000813752287457,2.564880912348089,18.283990478515648
2019-02-26,15.695454545454544,False,0.8763689431945317,2.547720036263658,17.683984375000023
2019-02-27,,False,0.3042558540978919,2.156779472495304,17.648980712890648
2019-02-28,,False,-0.0439508006245117,2.7729620291450443,17.997003173828148
2019-03-01,6.637541666666667,True,0.0444021474749552,3.56997784712616,18.254998779296898
2019-03-02,6.335291666666667,True,-0.2904861419783194,2.211356155897996,18.445001220703148
2019-03-03,4.717875,True,0.3582456344259907,2.9851313607821908,18.080987548828148
2019-03-04,2.914541666666667,True,0.7898145870635027,4.504018711503141,17.762994384765648
2019-03-05,3.225,True,0.7602861465163283,3.5958966144476188,17.596978759765648
2019-03-06,6.329208333333334,True,0.8635643594004063,3.524853770268874,17.532006835937523
2019-03-07,6.014750000000001,True,0.689810438263744,4.60625935974735,17.592980957031273
2019-03-08,4.481166666666667,False,0.6805126008814999,4.959010806580186,17.305993652343773
2019-03-09,,False,0.0678462307443297,2.2768656077380265,17.072991943359398
2019-03-10,,False,0.052189850671101,2.052515623375481,17.088983154296898
2019-03-11,,False,1.0551204758061006,2.3819424950663683,17.318994140625023
2019-03-12,,False,0.0969342415985559,3.336694885288451,17.678002929687523
2019-03-13,,False,-0.2265401418544608,3.274738066999673,17.603997802734398
2019-03-14,,False,-0.4875550139667975,2.552422388230269,17.084008789062523
2019-03-15,,False,-0.3875604090197421,2.9752539725296185,16.310998535156273
2019-03-16,,False,-0.4530253243320907,3.4744662846344734,16.183007812500023
2019-03-17,,False,0.3004327323875742,4.27462807385732,16.300988769531273
2019-03-18,,False,0.4997666455198992,4.763233315158775,15.836999511718773
2019-03-19,,False,0.1718924797908551,4.849305823517289,15.665002441406273
2019-03-20,,False,0.8219519157946193,4.327331917064303,16.286004638671898
2019-03-21,,False,0.66502432605599,3.4348760268991287,16.346978759765648
2019-03-22,,False,0.7196747239531441,2.6780478381962505,14.294000244140648
2019-03-23,,False,-0.0929705459324283,2.4962515693113727,14.870996093750025
2019-03-24,,False,-0.3912270166698691,2.2922923762887715,15.040002441406273
2019-03-25,,False,-0.4585067288878366,2.35826992506824,14.774987792968773
2019-03-26,,False,1.4041899567025085,2.815938197607053,14.971978759765648
2019-03-27,,False,1.344277871218405,2.1525763127539865,15.381005859375025
2019-03-28,,False,1.3424984306785872,2.7560853724429224,15.593988037109398
2019-03-29,,False,0.3444368355574456,3.080707887773717,16.096002197265648
2019-03-30,,False,-0.1465213024653422,1.8828818700875372,15.760980224609398
2019-03-31,,False,0.9879424764413204,1.6441061446974847,15.559991455078148
2019-04-01,,False,-0.0252043047428089,3.4543706013107016,15.502984619140648
2019-04-02,,False,0.0485515506338,2.337989644418802,15.653985595703148
2019-04-03,,False,0.8500645197943708,1.715833627369775,16.166986083984398
2019-04-04,,False,0.5907617922951642,2.836558453136254,16.342004394531273
2019-04-05,,False,-0.1859285929049344,1.7746119695303946,16.433007812500023
2019-04-06,,False,-0.0339979844102827,2.4471005376138195,16.106988525390648
2019-04-07,,False,-0.3083184870354118,1.2780147527970955,15.839990234375025
2019-04-08,,False,1.1406579139398434,2.785589324969614,15.921990966796898
2019-04-09,,False,0.4984981544861898,4.206603447569568,15.859002685546898
2019-04-10,,False,0.3607602805060343,4.727984937915882,15.872003173828148
2019-04-11,,False,-0.3464973266899355,3.1582673326522785,15.872003173828148
2019-04-12,,False,-0.4141206010845705,2.693792175513523,15.511987304687525
2019-04-13,,False,0.1459660998535361,3.2138606980198454,15.443994140625025
2019-04-14,,False,0.343419801755231,4.288161005933029,15.381982421875025
2019-04-15,,False,0.8547721647601411,3.284459593740389,15.171990966796898
2019-04-16,,False,-0.0541669194522961,2.285299467480878,15.228997802734398
2019-04-17,,False,1.3744538985089303,1.5204071083545496,15.476983642578148
2019-04-18,,False,1.276158793764746,1.6075688647497317,15.213983154296898
2019-04-19,,False,-0.3402539449632535,1.7487446929318518,15.205987548828148
2019-04-20,,False,-0.176395305558304,3.0951786685917373,15.364984130859398
2019-04-21,,False,0.1241193073512582,3.4315319886573854,15.340997314453148
2019-04-22,,False,-0.0298438666373798,3.608186069340811,15.342980957031273
2019-04-23,,False,-0.0744062016678452,2.3003175439571875,15.383996582031273
2019-04-24,1.1594166666666668,False,-0.3497177585239181,0.931725506550924,15.165002441406273
2019-04-25,0.9920416666666668,True,0.0236490605744679,3.385556700090346,14.866998291015648
2019-04-26,1.0204166666666663,True,0.0052216776323256,3.780218499799373,14.753991699218773
2019-04-27,1.1849583333333331,True,-0.1562356242360147,4.069045014199928,15.023980712890648
2019-04-28,0.9497083333333332,True,-0.1903477205859379,4.362447944030606,15.519006347656273
2019-04-29,0.982,False,-0.4718522885365885,3.136702629992774,15.721002197265648
2019-04-30,,False,-0.1291268170758784,2.750291997971856,15.135003662109398
2019-05-01,,False,0.1758270728121019,3.1139815016005747,14.997979736328148
2019-05-02,,False,-0.3699730715882168,3.004067110915501,15.016992187500025
2019-05-03,,False,-0.3729339858907568,3.151696286018588,15.096002197265648
2019-05-04,,False,-0.4267532675821185,2.66021920505195,15.144982910156273
2019-05-05,,False,-0.3232334307713242,3.931509552136636,15.090997314453148
2019-05-06,,False,,3.162768706234296,14.938989257812525
2019-05-07,,False,-0.1288554276087338,4.325632102960614,14.764001464843773
2019-05-08,1.2067083333333333,True,,3.418858213035953,14.025994873046898
2019-05-09,1.4559166666666667,True,0.1960772380265726,3.245356222268887,14.364984130859398
2019-05-10,1.48425,True,-0.0234686535056517,4.330568584769526,13.982995605468773
2019-05-11,2.00975,True,0.3434375982682493,2.874383237944499,13.813989257812525
2019-05-12,2.1632916666666664,True,0.2366460412437653,4.331654691438663,13.747003173828148
2019-05-13,2.9478333333333335,True,-0.2394737790849199,0.7117341473184475,13.649987792968773
2019-05-14,2.788,False,-0.3927724480935732,1.7278715041772543,13.396997070312525
2019-05-15,2.015166666666667,True,1.3418936825854224,1.0911481542072494,13.663995361328148
2019-05-16,1.8038333333333336,True,0.7307086046884842,1.3865002466979508,13.611993408203148
2019-05-17,2.4581250000000003,True,-0.159517729621775,1.6453558612184287,13.674981689453148
2019-05-18,2.39675,True,0.9538095723677196,4.498077817455662,13.683007812500025
2019-05-19,2.5205416666666665,True,-0.2767936811163619,3.094431068181096,13.394982910156273
2019-05-20,2.434041666666667,True,0.1037378327037175,3.693078366164484,13.530999755859398
2019-05-21,2.339125,True,0.6469304118528584,5.816051768608556,13.433984375000025
2019-05-22,3.810208333333333,True,1.0830848220473963,4.388160196895552,13.115991210937525
2019-05-23,6.164124999999999,True,1.061165210919899,3.296493768833276,13.014978027343773
2019-05-24,4.663916666666666,True,-0.0850288556915075,1.5313624300910298,13.205987548828148
2019-05-25,1.6842916666666667,True,,1.484753643149569,13.391992187500025
2019-05-26,1.751125,True,-0.2987445420828941,1.191916639514922,13.361993408203148
2019-05-27,1.6676666666666666,True,0.3922790604760989,0.9968353387163764,13.178002929687525
2019-05-28,1.8592916666666668,True,0.4401679598050673,1.6970936011653075,13.148980712890648
2019-05-29,1.5534583333333334,True,,1.524218387667372,13.158990478515648
2019-05-30,2.5013333333333336,True,-0.4383830254167606,1.531736438894069,13.882989501953148
2019-05-31,2.968958333333333,True,-0.3513729291175609,1.0104207172694533,13.682000732421898
2019-06-01,2.4359583333333332,True,0.7080727348633036,3.14746714213005,13.709985351562525
2019-06-02,1.6201249999999998,True,0.2506925849960594,3.812262798608409,14.023004150390648
2019-06-03,1.2987083333333334,True,0.4400731351855335,3.607418885867456,14.038995361328148
2019-06-04,1.5367500000000005,True,,3.696785506140471,13.846002197265648
2019-06-05,1.472625,True,-0.2138890166210191,3.510673394834273,13.732995605468773
2019-06-06,1.4912083333333337,True,0.1953630178169502,4.967126141709207,13.851007080078148
2019-06-07,1.26525,True,0.2840611428433451,6.588790267819423,13.864007568359398
2019-06-08,1.1242916666666667,True,0.3223423761646526,2.685815445668492,13.774987792968773
2019-06-09,1.3009583333333332,True,-0.5611316096751989,3.363565934415912,13.308007812500025
2019-06-10,1.452125,True,0.3841883624755007,1.8507363572600692,13.280999755859398
2019-06-11,1.7242916666666668,True,-0.2098034225052295,2.3142061448401603,13.304986572265648
2019-06-12,1.2696666666666665,True,-0.0639834874528062,3.389804505308127,13.381005859375025
2019-06-13,0.9947083333333332,True,-0.0269837193406551,1.0957344293720337,13.352990722656273
2019-06-14,0.9725833333333332,True,0.2949597038501772,2.741090182858168,13.400994873046898
2019-06-15,1.17975,True,0.4423278253092293,0.9021551833461168,13.226007080078148
2019-06-16,1.74875,True,0.4764538160230804,0.7846780381652843,13.040979003906273
2019-06-17,1.6434583333333332,True,0.0096082916503106,1.1392499454063632,12.920983886718773
2019-06-18,1.496625,True,0.3309065579795403,4.185688014234039,13.118981933593773
2019-06-19,1.796833333333333,True,0.2811387610370842,3.0336109740218435,13.247979736328148
2019-06-20,1.883375,True,-0.2845237715080603,1.2592333214825533,13.476983642578148
2019-06-21,1.6478749999999998,True,-0.559641917765251,1.6674548878112798,13.650994873046898
2019-06-22,1.317208333333333,True,0.0884214041367561,3.954409116032388,13.219995117187525
2019-06-23,1.5552916666666663,True,-0.1562384062716847,5.133726946497258,12.971978759765648
2019-06-24,1.7690833333333331,True,,5.039825900611783,13.131982421875025
2019-06-25,1.3081666666666667,True,0.3326488871350053,6.336732625027726,13.161004638671898
2019-06-26,1.233666666666667,True,0.6297960142719738,4.581709257912907,13.209985351562525
2019-06-27,1.6425416666666666,True,-0.1893076099352134,2.5547539938161674,13.232995605468773
2019-06-28,2.049375,True,-0.4736356906757011,2.7848695390614666,13.360986328125025
2019-06-29,2.2488333333333332,True,-0.1338750071951215,1.9275278461787977,13.514001464843773
2019-06-30,2.786958333333333,True,0.5155308101086921,5.450340955797635,13.364984130859398
2019-07-01,2.687041666666667,True,0.6384718231489059,3.641035725941831,13.032983398437525
2019-07-02,2.4414583333333333,True,0.8837856754429778,4.087515588561506,12.905999755859398
2019-07-03,2.485958333333334,True,0.5042633271970929,4.827780284652446,13.019982910156273
2019-07-04,2.44875,True,0.384231281347319,5.857177052352895,13.030999755859398
2019-07-05,2.2861249999999997,True,-0.5988880431005816,1.842853739788516,12.881005859375025
2019-07-06,2.153625,True,,2.8776554394637333,12.757989501953148
2019-07-07,2.064791666666667,True,,0.8343832028104231,12.577996826171898
2019-07-08,2.07625,True,,1.70799850157375,13.045983886718773
2019-07-09,1.34475,True,,3.2879266876273023,12.933984375000025
2019-07-10,0.9839583333333334,True,,3.589719463387748,12.928002929687525
2019-07-11,0.8827083333333334,True,-0.2185339034475338,3.2075512980409897,12.675988769531273
2019-07-12,0.8959583333333333,True,-0.0817651199515525,3.914458687015084,12.731988525390648
2019-07-13,1.3070416666666664,True,0.1118957156506102,4.889659171634676,13.079980468750025
2019-07-14,1.3345,True,-0.0097840083963806,5.362501065541398,12.898980712890648
2019-07-15,1.3822916666666665,True,-0.3705194643109933,3.248365333974287,12.915002441406273
2019-07-16,1.2877083333333337,True,-0.2677619021817437,1.930693145838539,12.879998779296898
2019-07-17,1.0740833333333333,True,,4.101151168726927,12.865991210937525
2019-07-18,0.8631666666666667,True,-0.2234383615465581,4.881197371007147,12.767999267578148
2019-07-19,0.769625,True,0.1500826510414711,5.607184690291818,12.616998291015648
2019-07-20,0.8192083333333332,True,-0.329319838755003,4.213083461722149,12.855004882812525
2019-07-21,0.994125,True,,3.528938536012414,12.534997558593773
2019-07-22,0.6562083333333333,True,-0.080788982625019,6.694834269804641,12.405999755859398
2019-07-23,0.4637083333333334,True,-0.2058964477695237,4.505900585470376,12.389978027343773
2019-07-24,0.6609999999999999,True,0.0121029890114203,1.1117835731539518,12.442987060546898
2019-07-25,0.7903333333333333,True,0.0333172437182493,1.7400522539253924,12.445001220703148
2019-07-26,1.1508333333333334,True,-0.1482340857143483,4.422805971819334,12.355004882812525
2019-07-27,1.9249166666666664,True,-0.0843069555744921,3.679269339903358,12.482995605468773
2019-07-28,2.18,True,-0.4267262983360835,4.111250768127714,12.445001220703148
2019-07-29,2.1377083333333333,True,0.0085532110613834,4.2357293308861,12.749993896484398
2019-07-30,2.2273333333333336,True,0.2983120761478155,5.326539618528065,12.671990966796898
2019-07-31,1.6485000000000003,True,-0.2842446012058429,7.421470428032681,12.850000000000025
2019-08-01,1.1934166666666666,True,0.0723387886025888,9.225570319983063,13.006982421875025
2019-08-02,0.953375,True,0.0385720561934569,5.901662509287978,12.950006103515648
2019-08-03,1.06075,True,-0.1905231010682984,4.040853430163804,12.945001220703148
2019-08-04,1.1336666666666666,True,-0.1533249395012104,0.5823570363879675,12.961999511718773
2019-08-05,0.9279166666666666,True,-0.2781345626510156,1.6932673819805766,12.597985839843773
2019-08-06,1.109625,True,0.2731283777265108,5.494696690238693,12.549981689453148
2019-08-07,1.9790833333333335,True,0.2296681203716264,6.739937888074691,12.445001220703148
2019-08-08,1.505375,True,0.6120498329832211,5.27536546764815,12.657006835937525
2019-08-09,1.5838333333333334,True,-3.908957128184749e-05,4.1683395906244085,12.774987792968773
2019-08-10,1.7227083333333333,True,0.4499199828951748,4.752705599321831,12.618005371093773
2019-08-11,3.5502916666666664,True,0.6362053827109637,5.747088203453934,12.616998291015648
2019-08-12,5.1040833333333335,True,0.978304022098001,6.350651703255632,12.820001220703148
2019-08-13,7.798958333333332,True,0.024598383575829,3.541608289583459,12.856988525390648
2019-08-14,10.901291666666667,True,0.6336142786608517,1.3262672069974146,12.697991943359398
2019-08-15,9.856958333333331,True,1.1910323985158289,2.1328928317748903,12.618981933593773
2019-08-16,2.954416666666667,True,0.977893776274148,2.3247604927332683,12.534997558593773
2019-08-17,2.8318333333333334,True,0.9697892510323334,3.701138442425088,12.778985595703148
2019-08-18,3.158791666666667,True,-0.0589227084639819,4.045093996224915,12.930993652343773
2019-08-19,2.5239166666666666,True,0.0714673074548862,3.623294999613824,12.954980468750025
2019-08-20,1.7696666666666665,True,-0.1423116281894383,3.323829549591708,12.817987060546898
2019-08-21,1.4934999999999998,True,0.687697182534605,4.11134823277415,12.568994140625025
2019-08-22,1.4001666666666666,True,0.1848877056424969,3.403064872403577,12.619989013671898
2019-08-23,1.2191666666666665,True,-0.4576335596551632,3.4072575791769704,12.754998779296898
2019-08-24,1.55275,False,-0.3645571700426055,3.4057853718019007,12.861993408203148
2019-08-25,,False,-0.1787721392171748,3.740759682222445,12.872003173828148
2019-08-26,,False,0.5658934059729377,5.650605027979336,12.872003173828148
2019-08-27,,False,0.977111502329364,6.870379616689564,12.868981933593773
2019-08-28,,False,0.153065490630977,5.042000045601288,12.917993164062525
2019-08-29,,False,-0.3595165426255649,5.470345568447579,13.080987548828148
2019-08-30,,False,-0.0590575362770362,6.361583023833567,13.489984130859398
2019-08-31,,False,0.5721740602715751,4.940592869243353,13.351983642578148
2019-09-01,,False,0.172850422944588,3.9595747378232,13.064996337890648
2019-09-02,,False,-0.5426029457803904,2.1521783417418825,12.975000000000025
2019-09-03,,False,-0.0065402430794484,2.1691939169617767,12.721002197265648
2019-09-04,,False,,1.77943687499468,12.683984375000025
2019-09-05,,False,,1.4200000564621091,12.844995117187525
2019-09-06,,False,0.1046520673749725,1.946188990308704,12.951989746093773
2019-09-07,,False,1.1268733733395078,2.753022792757299,12.984002685546898
2019-09-08,,False,0.6572166545440278,4.796194635165091,13.273980712890648
2019-09-09,,False,1.1265045277863714,1.9837127548757827,13.226983642578148
2019-09-10,,False,1.3702961055613858,1.968167721897204,13.446984863281273
2019-09-11,,False,1.11813329680587,2.8592952282986577,13.620996093750025
2019-09-12,,False,0.5371175878122895,4.269770731688288,13.586999511718773
2019-09-13,,False,-0.0345437030268815,1.9875564767937612,13.325982666015648
2019-09-14,,False,0.7322843807103615,2.6334728524284983,13.480004882812525
2019-09-15,,False,0.94664605777401,4.060041256568671,13.645989990234398
2019-09-16,,False,0.5457246299856539,6.159734887335038,13.484979248046898
2019-09-17,,False,0.8631869666053991,1.9936999749408848,13.165979003906273
2019-09-18,,False,0.8434705685653467,3.477943291028084,13.172998046875025
2019-09-19,,False,-0.392827128321729,2.755939694783088,13.373986816406273
2019-09-20,,False,1.2813304831291017,5.161167124850223,13.580987548828148
2019-09-21,,False,1.3036960440442056,3.229641889744174,13.730004882812525
2019-09-22,,False,-0.2736766214364011,1.360637442115705,13.227990722656273
2019-09-23,,False,0.8479312646824823,3.615406843415857,13.320001220703148
2019-09-24,,False,0.1565442819985988,3.058476054267373,13.803002929687525
2019-09-25,,False,-0.1406544556100238,1.86913871013464,13.674005126953148
2019-09-26,,False,-0.3991421910590654,2.0124293063883,13.903985595703148
2019-09-27,,False,0.134054232729454,2.110481458200962,14.389978027343773
2019-09-28,,False,0.0328895222289782,3.414350246695299,14.529992675781273
2019-09-29,,False,1.021181686063195,2.419401264442854,14.477990722656273
2019-09-30,,False,0.6379823722705573,4.1938311513397855,13.419000244140648
2019-10-01,,False,-0.0294587936751651,6.631877174428632,13.398980712890648
2019-10-02,,False,0.4849468560218827,6.451471646409808,13.308984375000025
2019-10-03,,False,-0.3623747030938959,6.991319183495952,13.072991943359398
2019-10-04,,False,0.6639878012294751,6.740937506920515,12.593988037109398
2019-10-05,,False,0.9468017447001564,5.615997053778775,12.493005371093773
2019-10-06,,False,0.9378531605482302,5.88590921971018,12.667993164062525
2019-10-07,,False,-0.1453398247256233,6.99600557751775,12.738000488281273
2019-10-08,,False,-0.1741686600840398,3.0918054001091484,13.033990478515648
2019-10-09,,False,-0.2332508162780523,2.0066323689963337,13.538995361328148
2019-10-10,,False,-0.2257453457279261,1.113361387441863,14.116998291015648
2019-10-11,,False,-0.2881510156320963,2.2388037196966124,14.092980957031273
2019-10-12,,False,-0.2217891124402092,2.911846509130305,14.077996826171898
2019-10-13,,False,,1.3356298910674331,13.131982421875025
2019-10-14,,False,-0.1089854366670974,4.976651278819277,13.318994140625025
2019-10-15,,False,0.6183584278073487,2.52661174279785,13.506982421875025
2019-10-16,4.395687499999999,False,0.6125192493097756,2.96561972389069,13.691003417968773
2019-10-17,3.356375,True,0.3258264644288687,5.214167606293135,13.700982666015648
2019-10-18,3.3003750000000003,True,0.8754358753774865,4.896181086506302,13.792993164062525
2019-10-19,5.492249999999999,True,-0.0759020287524923,2.512834602618456,13.530999755859398
2019-10-20,3.745875,True,1.1615340691349998,4.444817998684886,13.558007812500025
2019-10-21,5.806416666666667,True,1.3560518162803492,5.601909111046116,13.795007324218773
2019-10-22,7.877875,True,0.1694274970600597,1.9184825080419137,13.801995849609398
2019-10-23,6.7536249999999995,True,1.2049903797856634,1.7421294475438236,14.057000732421898
2019-10-24,6.3875,True,0.0180256624170459,3.532687189705882,14.377984619140648
2019-10-25,8.365333333333334,True,1.0105445408951104,4.158802879169818,14.387994384765648
2019-10-26,11.346166666666669,True,0.3734678689763067,4.124173027250025,14.265985107421898
2019-10-27,11.833291666666668,True,0.3678298168816329,4.6326014890977545,14.891992187500025
2019-10-28,10.336291666666666,True,1.6428813787996872,4.920973328012987,14.919000244140648
2019-10-29,5.208833333333334,True,0.917937223354256,5.840051002829535,14.701989746093773
2019-10-30,2.6333333333333333,True,0.4141958184427148,6.113497322174317,14.391992187500025
2019-10-31,2.9794583333333335,True,0.785757915372578,4.581374201019265,14.308007812500025
2019-11-01,4.89225,True,1.0371790088761936,5.66786267790746,14.568994140625025
2019-11-02,6.09475,True,-0.0208892226028253,6.009285239099613,14.761987304687525
2019-11-03,9.893375,True,0.1068431950818657,3.7245640961196895,14.363000488281273
2019-11-04,11.657958333333337,True,1.215714702630514,5.124519072956678,14.280999755859398
2019-11-05,6.947125,True,0.5646854555834714,4.981517759710007,14.481988525390648
2019-11-06,6.1972916666666675,True,0.0157922610160533,4.191196311753214,14.512994384765648
2019-11-07,7.843208333333333,True,0.4475468789399254,3.1749253125404904,14.504998779296898
2019-11-08,9.457833333333332,True,-0.1059440748925186,2.2998619723045004,14.222985839843773
2019-11-09,10.57675,True,-0.3260138522392081,1.677944386138973,14.456994628906273
2019-11-10,10.966333333333331,True,0.2331957745821563,1.8367532902862016,15.264001464843773
2019-11-11,10.744791666666666,True,0.3490061234502524,2.513431311153457,15.209985351562525
2019-11-12,12.132708333333332,True,0.4220507570131542,2.1552978781975947,15.157983398437525
2019-11-13,10.385541666666668,True,-0.1304678565054827,3.166283413081175,15.325982666015648
2019-11-14,9.211416666666668,True,0.0749659214625665,4.282347501428042,15.442987060546898
2019-11-15,10.481458333333334,True,0.7508518569312023,2.080203307533978,16.116998291015648
2019-11-16,9.9115,True,0.58532894254035,2.215167838023386,16.545983886718773
2019-11-17,11.643375,True,1.135890116676115,4.315915017354612,16.665979003906273
2019-11-18,8.532625,True,0.8159688831186253,2.554126397529529,16.632989501953148
2019-11-19,6.797208333333334,True,0.8277464452870288,1.7205102463868742,16.363000488281273
2019-11-20,5.841875000000001,True,0.4761778434769275,1.6146518345089804,16.568994140625023
2019-11-21,3.033,True,0.1012520294628007,2.0597622014801056,16.958001708984398
2019-11-22,2.40575,True,1.0209580486977516,2.15720872344987,17.240991210937523
2019-11-23,2.0092916666666665,True,0.32500903726097,1.5528164489781902,17.283990478515648
2019-11-24,3.2497916666666664,True,0.8236427174015257,3.690212970141304,17.434991455078148
2019-11-25,5.2592083333333335,True,0.7057619028638779,6.359306457118494,17.352990722656273
2019-11-26,3.155208333333333,True,1.2467963694708184,8.10833047864464,16.491998291015648
2019-11-27,1.7114583333333335,True,0.6551462216073721,6.738549465494747,15.853997802734398
2019-11-28,3.425666666666667,True,0.77590208930768,4.929085128085062,15.484979248046898
2019-11-29,4.4750000000000005,True,0.798306391760464,4.721005750253289,15.734002685546898
2019-11-30,5.153916666666667,True,0.406683039359074,4.203274524964545,15.803002929687525
2019-12-01,8.713958333333332,True,0.9542083156053136,1.979217209862609,15.997979736328148
2019-12-02,11.207375,True,0.3762998444289483,4.5966999909959405,16.148980712890648
2019-12-03,11.289791666666666,True,0.3355542044654295,3.98478526888617,16.110986328125023
2019-12-04,8.629333333333333,True,0.3134852348998556,2.7944847817583303,15.998986816406273
2019-12-05,9.1935,True,0.1454257661495537,2.204947257557905,16.068994140625023
2019-12-06,8.578375,True,-0.0295859403006958,2.261515415814837,15.478997802734398
2019-12-07,11.835083333333335,True,0.1426652877241904,4.207803559497262,15.745996093750025
2019-12-08,10.891375000000002,True,0.8453285562401868,3.062658202307677,15.437982177734398
2019-12-09,5.376041666666667,True,0.3454494834747176,2.691622626442339,16.042993164062523
2019-12-10,5.486416666666667,True,0.4307551211543934,3.8684822866608335,16.165979003906273
2019-12-11,8.540833333333333,True,0.1520158962634935,5.071273461857683,15.977990722656273
2019-12-12,5.999416666666666,True,0.1313442616635047,1.45376245471638,16.172998046875023
2019-12-13,7.608083333333333,True,0.0071159377630457,1.630918248844585,16.365991210937523
2019-12-14,5.474374999999999,True,0.9508392755576868,2.9631143529926462,16.312005615234398
2019-12-15,4.807708333333333,True,1.0111179412089557,6.2224827077234615,15.666986083984398
2019-12-16,3.6554583333333337,True,0.5280658726729659,6.682854504132747,15.611993408203148
2019-12-17,4.148833333333333,True,0.4964502603662475,3.3921333536771674,15.316979980468773
2019-12-18,6.759125,True,0.0831877350634525,2.0256104060029987,15.843988037109398
2019-12-19,9.109916666666663,True,0.6871813978239842,2.744104973439065,15.885003662109398
2019-12-20,8.443541666666667,True,0.9406203621614062,5.522549131373091,15.751000976562525
2019-12-21,6.861416666666667,True,0.7148796987222413,4.9954354605497695,15.464990234375025
2019-12-22,6.65575,True,0.4132502536951574,3.9823421330741273,14.898980712890648
2019-12-23,5.374874999999999,True,0.0658584679214394,1.7981531738249616,14.997979736328148
2019-12-24,4.529708333333333,True,0.2962711568166453,4.460591432125811,15.307000732421898
2019-12-25,3.812708333333333,True,0.7715562477022989,4.580660878058008,15.415979003906273
2019-12-26,4.582291666666666,True,1.157181511603239,4.3501342678742585,15.072991943359398
2019-12-27,6.967083333333332,True,0.412026213514251,2.7762666080532927,14.917993164062525
2019-12-28,9.263875,True,0.7176483083414744,3.0135162129290416,14.700006103515648
2019-12-29,9.3265,True,0.097422666661696,2.917913217849835,14.600000000000025
2019-12-30,9.550708333333333,True,0.250562839113606,2.8828290603230995,14.856988525390648
2019-12-31,11.788625,True,-0.1189195971861346,2.391868827754712,15.911981201171898
2020-01-01,9.633041666666664,True,0.6976534176849077,2.4008378019116017,16.635980224609398
2020-01-02,7.124333333333333,True,0.0985815933987022,3.309739921035536,17.142999267578148
2020-01-03,6.671791666666667,True,-0.1216601050740123,3.586217852394052,17.403985595703148
2020-01-04,5.541045454545455,True,0.2410247267752938,2.851896713816622,16.713983154296898
2020-01-05,4.7977083333333335,True,-0.1929651845468455,2.9727983213838,16.872003173828148
2020-01-06,3.987666666666667,True,0.8183683717876108,3.1404738304840767,16.959008789062523
2020-01-07,4.047083333333333,True,0.5770441906885928,1.6053133341860322,17.206994628906273
2020-01-08,7.470541666666667,True,0.7331804481841526,2.517023815877859,17.467980957031273
2020-01-09,6.231875,True,1.1633358125046125,4.396456323890821,17.399987792968773
2020-01-10,4.934375,True,0.5792547595894403,4.457097117223905,17.700982666015648
2020-01-11,9.604125,True,0.7463062545049685,4.168541667594494,17.152978515625023
2020-01-12,10.078458333333332,True,0.5413336172284353,3.9509483746538296,18.40499267578128
2020-01-13,3.488266666666667,False,0.1872568620084396,4.681041282719341,18.407006835937523
2020-01-14,4.444958333333333,True,0.1989155865833376,3.868702576473457,18.283990478515648
2020-01-15,3.609833333333333,True,0.3120926355633051,3.090378332949952,17.770989990234398
2020-01-16,4.649416666666666,True,0.427553217675191,1.8376555666332024,17.669000244140648
2020-01-17,4.398291666666666,True,,1.81280495057572,17.721978759765648
2020-01-18,3.998208333333333,True,0.1586503234425982,2.015552574189212,18.116998291015648
2020-01-19,4.412375,True,0.040486635453438,2.3020109196708023,18.46700439453128
2020-01-20,5.765916666666667,True,-0.1199018636172387,2.975995981880321,18.579003906250023
2020-01-21,5.281125,True,-0.1342254267869185,2.5721606762858418,18.39400634765628
2020-01-22,6.000916666666666,True,0.451820302929031,2.571277716127772,18.596002197265648
2020-01-23,5.62955,True,0.6974392507220213,2.160922294669551,18.997003173828148
2020-01-24,5.141875,True,-0.0126350956069325,2.8006744256359752,19.283990478515648
2020-01-25,4.969375,True,-0.017279267631157,2.786385085415807,19.420007324218773
2020-01-26,3.201041666666667,True,-0.0747530240318636,2.531940831921234,19.57100830078128
2020-01-27,4.034458333333333,True,0.0062097021569039,2.701829878829874,19.658990478515648
2020-01-28,4.783041666666667,True,-0.3748074355290149,2.7266719525534944,19.494989013671898
2020-01-29,3.2213333333333334,True,0.4686806292528582,3.5553488453994544,19.161981201171898
2020-01-30,2.3454166666666665,True,0.191885799890492,3.533536971228009,19.2499938964844
2020-01-31,2.2624583333333335,True,-0.4126153134911814,3.129415453986332,19.226007080078148
2020-02-01,3.3039166666666664,True,0.8668551995416834,3.0893817672031214,18.774987792968773
2020-02-02,2.8522083333333335,True,0.1495867110965557,2.7372961695493485,18.84200439453128
2020-02-03,2.55725,True,0.7897583369512188,3.365681059308001,19.100000000000023
2020-02-04,3.1042916666666662,True,0.2852047025601291,5.173873556601348,19.29000244140628
2020-02-05,2.126625,True,0.9921199095548312,5.796911918134618,19.023004150390648
2020-02-06,1.2151666666666665,True,1.1071070348401788,4.612456379044663,17.860986328125023
2020-02-07,2.4428750000000004,True,1.0509417019796392,4.159108515976086,17.588006591796898
2020-02-08,8.256749999999998,True,0.5344172264199053,2.6902976257147,17.571984863281273
2020-02-09,10.5535,True,0.1263661608628317,2.5226703228596574,17.484979248046898
2020-02-10,10.419666666666666,True,-0.1665149471848039,2.283927025315238,17.542993164062523
2020-02-11,12.433,False,-0.1146759551582604,2.5037644604922327,17.516992187500023
2020-02-12,9.019714285714285,False,0.4425325814522702,3.655869092903348,17.589990234375023
2020-02-13,,False,0.5678667340178661,5.936441156492228,17.775994873046898
2020-02-14,,False,1.0048610002118157,4.117907367457652,17.614007568359398
2020-02-15,,False,0.5734456707393378,2.7172099633716944,17.740991210937523
2020-02-16,,False,-0.0030337157955134,2.9418419956886064,17.721002197265648
2020-02-17,,False,0.9076155771351344,4.28893235138189,17.704003906250023
2020-02-18,,False,0.6248496214395354,3.544612137745591,17.925988769531273
2020-02-19,,False,1.1240885345541476,3.247435691826704,17.839990234375023
2020-02-20,,False,0.0092686742582933,1.9273009270161827,17.663995361328148
2020-02-21,,False,0.4633593341533637,2.3343502530169804,17.726007080078148
2020-02-22,,False,0.2769308094791999,2.5707477190599355,17.322991943359398
2020-02-23,,False,0.2065073818015795,2.9321351325832765,17.697991943359398
2020-02-24,,False,0.2082420230880376,3.95787375420614,17.778985595703148
2020-02-25,,False,0.1660842675320095,3.616623987939298,17.596978759765648
2020-02-26,,False,0.5137615938131044,2.148317049218557,17.648004150390648
2020-02-27,,False,0.3798048317407784,1.979376796795475,17.822991943359398
2020-02-28,,False,0.123172561633603,2.794829852640127,17.791986083984398
2020-02-29,,False,-0.2465357256424651,2.2199483773800157,17.814996337890648
2020-03-01,,False,0.262930786209355,2.559218749590095,17.886987304687523
2020-03-02,,False,-0.1931473195809261,3.1735111891025727,17.915002441406273
2020-03-03,,False,-0.280063491395005,3.5444907743715026,17.840997314453148
2020-03-04,,False,-0.5692927320752894,3.683204492658065,17.708001708984398
2020-03-05,,False,-0.3580466789442063,2.414720043866903,17.909997558593773
2020-03-06,,False,-0.3730148818508543,1.7941986741119529,18.01998291015628
2020-03-07,,False,0.0980137537327287,3.0178210931897365,18.34298095703128
2020-03-08,,False,-0.1656033837473119,2.529898977851143,18.6149841308594
2020-03-09,,False,-0.1845003624449354,2.087001978184124,18.211999511718773
2020-03-10,,False,-0.1496554153067783,2.4151646091635497,18.0419860839844
2020-03-11,,False,-0.0421424849083947,1.9481583275485648,18.171990966796898
2020-03-12,,False,0.1311326297823516,2.922554379345144,18.282006835937523
2020-03-13,,False,0.2536804682832504,4.088571945927098,18.47799072265628
2020-03-14,,False,0.0724586427383463,4.557756719281685,18.855004882812523
2020-03-15,,False,-0.2011080057138877,3.314084631701733,18.90499267578128
2020-03-16,,False,-0.4597105833171917,3.1778075718196344,18.688989257812523
2020-03-17,,False,0.6784826455996655,3.903944855815076,17.502008056640648
2020-03-18,,False,0.0776035851624716,3.703309535488879,17.077996826171898
2020-03-19,,False,0.5474515423781375,3.892945451102996,16.925988769531273
2020-03-20,,False,0.0329572392810334,2.3598217033530573,17.270989990234398
2020-03-21,,False,0.2466174136501089,1.5537290233148493,17.303002929687523
2020-03-22,,False,1.4921547166544105,1.6553493491241351,17.588983154296898
2020-03-23,,False,1.3513143121602087,2.6388253724925823,18.162988281250023
2020-03-24,,False,0.5673776906476272,3.1977856368616764,18.261987304687523
2020-03-25,,False,0.3724386267946593,3.490776107158457,17.804986572265648
2020-03-26,,False,1.3478342161963563,3.018153229421221,17.646997070312523
2020-03-27,,False,0.450644954539168,2.3416520647999928,17.407983398437523
2020-03-28,,False,0.5689158468050362,2.523814974168854,17.446008300781273
2020-03-29,,False,1.1996240583679043,3.0486036900909195,17.448999023437523
2020-03-30,,False,0.8313493618784948,2.7011702326629496,17.360986328125023
2020-03-31,,False,0.7032979556677723,2.939457370268056,17.463983154296898
2020-04-01,,False,0.8243490450792962,4.195239778323749,17.036004638671898
2020-04-02,,False,-0.2129720494677561,0.91207370798868,17.015985107421898
2020-04-03,,False,,1.409848271709511,17.389001464843773
2020-04-04,,False,,1.747011869252326,16.782983398437523
2020-04-05,,False,0.6943235352182647,3.2235720898387084,16.771997070312523
2020-04-06,,False,0.7715799359538574,2.170717352211321,16.885980224609398
2020-04-07,,False,-0.0342376497622484,1.5615746356395126,16.930993652343773
2020-04-08,,False,1.3490014042498428,1.523327157476192,16.874993896484398
2020-04-09,,False,-0.3505899180713721,2.5375346007470165,17.096002197265648
2020-04-10,,False,0.1896009859223964,3.049210492856735,16.821008300781273
2020-04-11,,False,0.2241084111289392,3.1938066812069525,16.411981201171898
2020-04-12,,False,-0.4883485755001999,3.7851184729249168,16.490991210937523
2020-04-13,,False,0.2471119409868788,4.28535355425674,16.523980712890648
2020-04-14,,False,0.0562171882401802,1.7267386154217927,16.963006591796898
2020-04-15,,False,,1.377837271167394,17.316003417968773
2020-04-16,,False,0.7816521402666079,2.0845288594778952,17.321008300781273
2020-04-17,,False,0.4296874251318974,3.222245216048804,17.433984375000023
2020-04-18,,False,0.100530306934786,2.802685809029689,17.377984619140648
2020-04-19,,False,-0.3008540584931233,2.1743964866260788,17.305993652343773
2020-04-20,,False,-0.3020271539500176,0.6923622523819566,17.330987548828148
2020-04-21,,False,,1.019056694743788,17.291986083984398
2020-04-22,,False,1.5507934106823753,1.2682681974322882,17.402001953125023
2020-04-23,,False,,2.128790302049418,17.050988769531273
2020-04-24,,False,-0.4010993615592166,2.656318856727877,16.770989990234398
2020-04-25,,False,0.5694519417517558,1.0863815535824404,16.529992675781273
2020-04-26,,False,0.2578556651415619,1.6691865457211896,16.515985107421898
2020-04-27,,False,0.3146094256281915,2.653586159525525,16.705987548828148
2020-04-28,,False,0.0715838899474581,5.319351807641907,16.892999267578148
2020-04-29,,False,0.1632444564366152,3.161692795103417,16.463983154296898
2020-04-30,,False,0.3475661986460101,3.841213278980622,16.174981689453148
2020-05-01,,False,0.3289910771973389,3.0741183578228326,16.174005126953148
2020-05-02,,False,-0.070033447248299,4.015752597623211,16.109979248046898
2020-05-03,,False,0.177023533155217,4.262496184161841,15.842980957031273
2020-05-04,,False,0.6688212350833735,3.959929439688628,15.761987304687525
2020-05-05,,False,0.0154755328090982,3.00822978138471,15.782983398437525
2020-05-06,,False,-0.5383660992901133,0.508232552329364,15.606988525390648
2020-05-07,,False,-0.3705458025145926,1.016015653735463,15.536981201171898
2020-05-08,,False,-0.3340934323426648,1.4366081899049452,15.461999511718773
2020-05-09,,False,-0.3110349475119983,2.9281652973052523,15.658990478515648
2020-05-10,,False,0.7673690185658291,4.711881207799426,15.607995605468773
2020-05-11,,False,0.5258426782082872,3.994488331211594,15.330987548828148
2020-05-12,,False,-0.4514176227677827,2.5306878392896848,15.053979492187525
2020-05-13,,False,0.8143563971843091,2.636412605707997,15.274987792968773
2020-05-14,,False,0.3981173638170914,4.081551335039309,15.314996337890648
2020-05-15,,False,0.8455107767941966,3.844767404876422,15.230004882812525
2020-05-16,,False,-0.1020259669519805,2.5985051717004986,15.205987548828148
2020-05-17,,False,-0.1241114157384866,1.247509379510376,15.132989501953148
2020-05-18,,False,-0.3841302591821044,1.623576648361327,15.295007324218773
2020-05-19,,False,,1.8682562401111484,14.756005859375025
2020-05-20,,False,-0.2384691797260379,2.117755834606832,14.857995605468773
2020-05-21,,False,0.719612168361915,4.346286056182971,14.671990966796898
2020-05-22,,False,0.8534181678764552,3.697370405954168,14.523980712890648
2020-05-23,,False,0.2484151457464084,2.893760425366254,14.454003906250025
2020-05-24,,False,0.8499278536167377,1.0463410642856463,14.280999755859398
2020-05-25,,False,-0.4995972815716758,1.9213020960278613,14.674981689453148
2020-05-26,,False,0.9424373053037328,1.6613951216580474,15.270989990234398
2020-05-27,,False,0.1492985154691807,1.7797942017915958,15.076989746093773
2020-05-28,,False,0.3131026231270998,0.5718436019989213,14.730004882812525
2020-05-29,,False,-0.0513956370738301,0.7012355861837135,14.855004882812525
2020-05-30,,False,-0.2401700358676599,1.7907130580432988,14.799981689453148
2020-05-31,,False,0.0673332504546443,0.911531233617673,14.609002685546898
2020-06-01,,False,-0.1351314405622944,2.2350274324547077,14.659997558593773
2020-06-02,,False,-0.1358091853215806,3.9245561245648326,14.722985839843773
2020-06-03,,False,-0.3391831557495756,1.2517168205724778,14.575006103515648
2020-06-04,,False,0.0856770181427261,1.774914554831769,14.576989746093773
2020-06-05,,False,0.1327082072207127,2.797992648942337,14.615991210937525
2020-06-06,,False,-0.2732640067341935,3.267415475138802,14.632989501953148
2020-06-07,,False,-0.676626906607201,2.1588604407893848,14.644006347656273
2020-06-08,,False,0.110163835102836,4.359072991380566,14.665979003906273
2020-06-09,,False,-0.1222916790027278,4.532641883925645,14.666986083984398
2020-06-10,,False,-0.3524230685995301,4.04775992427617,14.398004150390648
2020-06-11,,False,-0.0170975101777324,2.089933183215209,13.850000000000025
2020-06-12,,False,0.0865842693678223,1.327179211363417,13.635980224609398
2020-06-13,,False,0.0465168538622449,3.895990729557825,14.297998046875025
2020-06-14,,False,-0.4746502597895734,1.2752523759901742,14.399987792968773
2020-06-15,,False,,4.351826342111736,14.486993408203148
2020-06-16,,False,-0.0064864275394192,2.8633974119698267,14.486993408203148
2020-06-17,,False,0.0552728748148874,6.254279603453076,14.430993652343773
2020-06-18,,False,-0.2246489814366651,2.7862856435057783,14.722985839843773
2020-06-19,,False,0.1784078004811314,2.9697089360681432,14.967004394531273
2020-06-20,,False,-0.2181591749739757,3.118402715689614,14.959008789062525
2020-06-21,,False,-0.1837266294656365,3.5329545387420045,14.803002929687525
2020-06-22,,False,-0.2466877311973891,3.459929539225499,14.644982910156273
2020-06-23,,False,-0.2276245076644725,1.1458884004756271,14.598992919921898
2020-06-24,,False,0.4301096187523093,3.8442502995474856,14.525994873046898
2020-06-25,,False,-0.1514903560515903,4.726082071679943,14.355981445312525
2020-06-26,,False,0.1653402686363694,3.3246684551262264,14.429986572265648
2020-06-27,,False,0.0453794634267128,3.49739438938881,14.291986083984398
2020-06-28,,False,,1.4365410488399717,13.913995361328148
2020-06-29,,False,-0.2985627329199723,3.3604374850811345,13.821984863281273
2020-06-30,,False,0.4833727541268561,2.7857850914391737,13.816003417968773
2020-07-01,,False,0.316695333438165,5.285928225578391,13.855981445312525
2020-07-02,,False,0.0489055239484365,5.284327357552597,13.869989013671898
2020-07-03,,False,-0.3262589082452411,4.836805493561811,13.696984863281273
2020-07-04,,False,-0.3310643077282921,0.8315268297209425,13.381982421875025
2020-07-05,,False,0.0810689015842469,3.1490456517233967,13.394006347656273
2020-07-06,,False,0.1706853795184766,3.226576940339287,13.579003906250025
2020-07-07,,False,0.6732843729545932,0.8597883449974351,13.584008789062525
2020-07-08,,False,0.850817313794092,2.910448836829417,13.589990234375025
2020-07-09,,False,0.756816939798059,5.304846673218171,13.715997314453148
2020-07-10,,False,0.186164725610629,5.824702279132357,13.613000488281273
2020-07-11,,False,-0.0896088802806713,4.726218280231224,13.536004638671898
2020-07-12,,False,0.241649140999282,5.108585257478481,13.542993164062525
2020-07-13,,False,0.2254813757542932,1.1895596886437831,13.646997070312525
2020-07-14,,False,-0.443108436578294,1.76228716494516,13.352990722656273
2020-07-15,,False,-0.2427072808166188,1.6536347231834638,13.304986572265648
2020-07-16,,False,0.8488001216312018,1.480180157550992,13.334008789062525
2020-07-17,,False,1.181384695276537,1.7237092396852725,13.386987304687525
2020-07-18,,False,-0.4069957768021136,0.6250867592410845,13.357995605468773
2020-07-19,,False,-0.4027852471682734,1.0883284840991814,13.295983886718773
2020-07-20,,False,-0.0228952157374792,0.77422597713612,13.307000732421898
2020-07-21,,False,-0.0754976107859664,1.4611674767777665,13.486993408203148
2020-07-22,,False,0.2291664172231317,2.730697784843517,13.408990478515648
2020-07-23,,False,0.3371882869571042,1.0100867673135907,13.146997070312525
2020-07-24,,False,0.4626519774389585,2.2837133926044832,12.913995361328148
2020-07-25,,False,0.424126369660912,4.671195024245076,13.071984863281273
2020-07-26,,False,-0.1844895550251419,5.884963269883877,13.239007568359398
2020-07-27,,False,0.9215374657902736,5.4733915956497325,13.122979736328148
2020-07-28,,False,0.0073564162186122,5.014526737422655,13.283990478515648
2020-07-29,,False,-0.1394807080962603,3.715969450786558,13.244989013671898
2020-07-30,,False,0.0877045909352138,3.2173456016518243,13.249993896484398
2020-07-31,,False,0.3643455694055414,3.303362270694652,13.243005371093773
2020-08-01,,False,0.7209906055704363,2.711373239726361,13.385980224609398
2020-08-02,,False,0.6741089336746996,3.6926246356799486,13.631005859375025
2020-08-03,,False,-0.1024693082681593,4.592091072329186,13.562982177734398
2020-08-04,,False,-0.3772573666152003,2.93355622070978,13.407983398437525
2020-08-05,,False,-0.2694490856405763,5.500855887456898,13.439996337890648
2020-08-06,,False,-0.0831379728780456,6.791203714432184,13.411004638671898
2020-08-07,,False,-0.197640164699414,4.146153210745355,12.920007324218773
2020-08-08,,False,-0.5861211806150772,2.686606127494283,12.762994384765648
2020-08-09,,False,-0.136967077217344,4.491736385682563,12.767999267578148
2020-08-10,,False,0.4007956585473873,7.194212322400368,13.191003417968773
2020-08-11,,False,-0.3070444041285477,5.162869124292307,13.003991699218773
2020-08-12,,False,1.3322297423772282,4.496483602631472,12.721002197265648
2020-08-13,,False,-0.1574113780112076,4.497026606920384,12.445001220703148
2020-08-14,,False,0.0180516375303032,4.673081571535282,12.610986328125025
2020-08-15,,False,0.2650806346152009,5.400465549011038,12.696984863281273
2020-08-16,,False,0.5013460630727605,3.8904435706968026,12.741998291015648
2020-08-17,,False,-0.3501123597740874,3.9695262199820167,12.592004394531273
2020-08-18,,False,1.456331368442829,3.611872152221865,12.428002929687525
2020-08-19,,False,0.9464542403070868,4.609620183943204,12.489007568359398
2020-08-20,,False,-0.4552927913380222,2.7182948930206536,12.697991943359398
2020-08-21,,False,-0.2510000959802759,1.8752134488971253,12.592980957031273
2020-08-22,,False,,2.000303144852399,12.710992431640648
2020-08-23,,False,-0.4427026237851825,4.380313005351431,12.877984619140648
2020-08-24,,False,-0.0861172749355175,6.822937678947351,12.275994873046898
2020-08-25,,False,-0.075499274032464,4.311445062611885,12.493005371093773
2020-08-26,,False,0.2837686136042324,1.2766791691512436,12.964990234375025
2020-08-27,,False,0.2767592917365457,3.7516177571294977,12.997003173828148
2020-08-28,,False,0.3853368174419821,3.785181719125672,12.968988037109398
2020-08-29,,False,0.4499920348869832,4.323396972045966,13.038995361328148
2020-08-30,,False,0.3684723888044054,5.525662098076548,13.011987304687525
2020-08-31,,False,-0.1594192200808419,3.3073684942001784,12.697991943359398
2020-09-01,,False,-0.331646450642206,2.834944478904531,12.682000732421898
2020-09-02,,False,0.5326547516797484,4.385727559363528,12.665002441406273
2020-09-03,,False,1.021761667273676,4.938520412780464,12.721002197265648
2020-09-04,,False,0.9223759096124964,3.7374392104016185,13.348992919921898
2020-09-05,,False,0.0992212056288384,3.3843350675431947,13.370996093750025
2020-09-06,,False,-0.0155352048304716,3.756433931164652,13.575006103515648
2020-09-07,,False,0.4150535711328948,3.7522860347458513,13.512994384765648
2020-09-08,,False,0.0289248669171528,3.702335342466734,12.982995605468773
2020-09-09,,False,1.063498377783611,4.547184298403534,12.935998535156273
2020-09-10,,False,-0.0245728241450354,6.87747989912142,13.092004394531273
2020-09-11,,False,0.1322802509027291,5.8272717377472345,13.312005615234398
2020-09-12,,False,0.198747362585874,6.081464353808058,13.152978515625025
2020-09-13,,False,0.1166877589318331,5.744955824521779,13.260980224609398
2020-09-14,,False,-0.4010938858506565,2.249059872538792,13.592980957031273
2020-09-15,,False,1.1813894414824702,2.141521979655788,13.550988769531273
2020-09-16,,False,1.0327296181762156,4.368270307127711,13.898980712890648
2020-09-17,,False,0.1448692571316577,4.651032017651255,14.032006835937525
2020-09-18,,False,-0.194723059466016,2.789644659422837,13.717004394531273
2020-09-19,,False,-0.5266454174666528,1.1853871076951237,13.364984130859398
2020-09-20,,False,-0.3775574501073533,1.4906294727125118,13.034997558593773
2020-09-21,,False,-0.4245359457374353,2.850489938358631,12.260980224609398
2020-09-22,,False,-0.2903453878017507,3.3405360072286068,12.133996582031273
2020-09-23,,False,,1.900836405511217,12.045983886718773
2020-09-24,,False,,1.8260413516084903,12.200982666015648
2020-09-25,,False,0.0386552335812372,2.1580979807591216,12.946008300781273
2020-09-26,,False,0.5225370610839498,5.619730361039372,13.127984619140648
2020-09-27,,False,0.8871564348010502,4.705095675002879,13.204980468750025
2020-09-28,,False,0.1406688637954038,1.9934221880848424,13.204980468750025
2020-09-29,,False,1.2189937851555228,3.326366924816156,13.219995117187525
2020-09-30,,False,1.4377458103573395,5.491602031369848,12.698999023437525
2020-10-01,,False,0.2275724817434911,6.09407162812562,12.669000244140648
2020-10-02,,False,0.8693367117203351,5.343651129359079,12.791986083984398
2020-10-03,,False,0.3688986778851515,5.728775655374708,12.766992187500025
2020-10-04,,False,0.4201361639655505,6.448529169336772,12.550988769531273
2020-10-05,,False,1.3996464015402232,4.809488946552059,12.760980224609398
2020-10-06,,False,0.3590177037936691,5.442012081075071,12.723992919921898
2020-10-07,,False,0.2418146870618691,5.153813534056999,12.769982910156273
2020-10-08,,False,0.8661508594955347,6.540014696870274,13.066979980468773
2020-10-09,,False,0.3144303027382835,6.025620160813512,13.425988769531273
2020-10-10,,False,0.1695417394793691,4.587782149947729,13.171990966796898
2020-10-11,,False,-0.2852746793647407,1.12125115268606,12.982995605468773
2020-10-12,,False,-0.1644959593891794,1.744474398298839,13.777978515625025
2020-10-13,,False,,2.319423046502445,14.158990478515648
2020-10-14,,False,0.6672090196479611,2.553327563715477,14.468988037109398
2020-10-15,,False,0.3769882177794388,2.7019234510869103,14.922998046875025
2020-10-16,,False,0.1718439311225383,2.150164609781204,14.743005371093773
2020-10-17,,False,-0.1554074446015786,4.095120227543438,14.045007324218773
2020-10-18,,False,0.0745455861837402,4.58261523364622,13.973992919921898
2020-10-19,,False,0.4709717672009193,5.651183687748388,13.994989013671898
2020-10-20,,False,1.0200312206324456,5.311381597933819,13.902001953125025
2020-10-21,,False,0.8373814287843798,4.955374177195537,13.669000244140648
2020-10-22,,False,-0.2465690179820164,4.812314538726187,13.455987548828148
2020-10-23,,False,-0.3845507956938643,4.085798933958214,13.633996582031273
2020-10-24,6.215083333333333,True,0.3341011447032863,4.125900308454117,13.236993408203148
2020-10-25,3.7808333333333337,True,1.1926908622246444,5.673970233771991,12.609979248046898
2020-10-26,3.0005,True,0.860929246488143,5.5534080717613765,13.183984375000025
2020-10-27,3.5112500000000004,True,1.0392689557217525,5.00523888471676,13.665979003906273
2020-10-28,3.2396666666666665,True,0.4511605387525942,6.670580679272109,13.437005615234398
2020-10-29,4.077,True,0.5315250647037736,3.654847178991926,13.070001220703148
2020-10-30,4.759166666666666,True,0.1535060703220638,2.766971943688882,12.959008789062525
2020-10-31,8.939958333333335,True,1.522488002063357,2.7727209465977616,13.028985595703148
2020-11-01,11.000041666666666,True,-0.0461863278312298,2.8790778343686445,12.846002197265648
2020-11-02,13.819791666666667,True,-0.0240376785319707,3.71707102432269,13.318994140625025
2020-11-03,10.958041666666666,True,0.3913812176566865,3.6317325569563694,13.779992675781273
2020-11-04,6.3051666666666675,True,1.408387076237136,2.5846845034846315,13.894006347656273
2020-11-05,4.244083333333333,True,0.1647941227507636,4.55348591048296,13.889978027343773
2020-11-06,4.206458333333333,True,-0.0046128805518639,3.889108780939005,13.846978759765648
2020-11-07,2.0685,True,-0.0365483059456057,2.133990033357544,13.619989013671898
2020-11-08,2.516,True,0.2183303525073375,2.2742225220427383,13.398980712890648
2020-11-09,3.705083333333333,True,-0.1427951013061739,4.516494408278711,13.503991699218773
2020-11-10,4.079125,True,-0.5144718811728543,2.6031079292908026,13.486993408203148
2020-11-11,4.376875,True,-0.4388915136975626,3.2839422671635967,13.426995849609398
2020-11-12,4.96875,True,1.4574218866497637,2.837162458821911,13.490991210937525
2020-11-13,5.426875,True,0.0835083481949568,3.345664260019941,13.924981689453148
2020-11-14,4.9347916666666665,True,0.4955604967062757,4.82198914969986,13.787988281250025
2020-11-15,4.154541666666667,True,-0.0720624663684865,3.756810005951617,13.808984375000025
2020-11-16,3.251041666666667,True,-0.2517518828756451,3.849610970238949,13.967004394531273
2020-11-17,4.612958333333333,True,0.8256921276325828,2.498273167449813,13.868005371093773
2020-11-18,5.424291666666666,True,0.8487778280920241,3.6981630891710178,13.921990966796898
2020-11-19,5.499375000000001,True,0.6765509790442266,2.774759808709342,14.303002929687525
2020-11-20,6.125708333333333,True,0.3073915572293442,3.053568637042824,14.730004882812525
2020-11-21,1.5895833333333331,True,0.9102876096949372,5.078231953119259,14.778985595703148
2020-11-22,1.4455,True,0.1497331393952065,4.091063559555298,14.954980468750025
2020-11-23,1.847625,True,0.2041808168920656,4.143360992842123,14.985986328125025
2020-11-24,1.6405416666666666,True,0.9554621986532532,5.796088844301024,14.745996093750025
2020-11-25,1.526625,True,0.4977606145907577,7.539762235260463,14.193994140625025
2020-11-26,1.4472499999999997,True,0.5430452178210413,1.2889670495264272,14.455987548828148
2020-11-27,1.8810833333333337,True,0.2559560065559386,1.6075606280677115,14.977990722656273
2020-11-28,1.949,True,0.6702408811697659,3.821143221701449,15.126000976562525
2020-11-29,2.814916666666667,True,0.3334278568236536,5.30976260364242,14.958001708984398
2020-11-30,4.901291666666666,True,0.043510126621664,4.930935951705109,14.812005615234398
2020-12-01,9.531583333333332,True,-0.3625846986658264,1.638614908641178,14.881982421875025
2020-12-02,7.835125000000001,True,,5.076215736075008,14.799981689453148
2020-12-03,4.748916666666666,True,0.6640570188021867,3.184429061099656,14.986993408203148
2020-12-04,10.464625,True,0.5349083090765666,3.059172109830087,15.484002685546898
2020-12-05,10.137999999999998,True,0.2315068976788744,3.808666237444008,15.366998291015648
2020-12-06,8.225666666666667,True,-0.2179618834645672,3.4498127453928933,15.377984619140648
2020-12-07,4.319583333333333,True,-0.3062109451231266,3.252493264323853,15.221002197265648
2020-12-08,3.8523333333333327,True,-0.3549194762254035,3.906219595480376,14.937005615234398
2020-12-09,4.426699999999999,True,-0.145369886893442,3.6923092837488247,14.856988525390648
2020-12-10,1.52925,True,0.3060235724781803,4.453212553013246,15.698999023437525
2020-12-11,0.6762083333333333,True,0.1081774212567465,5.279023289413266,15.523980712890648
2020-12-12,1.5220000000000002,True,0.3388185220387553,4.112711022699502,15.392999267578148
2020-12-13,1.894875,True,0.0212762967932038,4.581083229308141,15.021997070312525
2020-12-14,2.3573333333333335,True,0.0255648684642215,3.4740468570119565,14.945001220703148
2020-12-15,2.1144583333333333,True,-0.1507302421090932,3.9402678119764696,15.157983398437525
2020-12-16,2.4112916666666666,True,-0.3312891113808416,2.7505205611310903,15.144982910156273
2020-12-17,2.658791666666667,True,-0.0230173433123109,3.1664480017422365,15.047998046875025
2020-12-18,2.219875,True,0.1991763098012542,5.153234061468996,15.109002685546898
2020-12-19,1.03425,True,0.2201818012792207,5.447924716309017,15.307000732421898
2020-12-20,0.5462083333333333,True,0.0307906338144846,4.478960225950828,15.459985351562525
2020-12-21,2.75375,True,0.4357918958286458,2.494143155968872,15.182000732421898
2020-12-22,3.5993333333333335,True,0.0057162518877631,2.8654202219735,15.118981933593773
2020-12-23,4.09175,True,0.4367306319564782,2.4034248930976214,15.137994384765648
2020-12-24,5.361625,True,0.4434249110806584,2.4454638755210896,15.323999023437525
2020-12-25,7.515916666666667,True,0.3644745155434717,2.047276303989773,15.994989013671898
2020-12-26,9.52425,True,0.2998568135749687,2.509574591286127,16.265985107421898
2020-12-27,9.020166666666666,True,0.7840079566645376,2.41229666928877,16.682000732421898
2020-12-28,5.873708333333333,True,0.5909428701605882,2.6902714464461277,16.969995117187523
2020-12-29,3.7100833333333334,True,0.5829014142224357,3.359302357727383,16.903985595703148
2020-12-30,5.872791666666667,True,0.480879500226277,4.180279865612635,16.829980468750023
2020-12-31,8.945416666666667,True,0.4053004257984234,1.417504906864523,16.894982910156273
2021-01-01,13.37341666666667,True,0.4098701350803806,2.3091884178084032,16.954003906250023
2021-01-02,10.338333333333331,True,0.8051208275418803,3.519092815269239,17.119989013671898
2021-01-03,20.075208333333332,True,-0.110928038601021,3.928588177222794,16.984002685546898
2021-01-04,17.138166666666667,True,0.0422674646755154,2.608453061707505,17.299005126953148
2021-01-05,9.668375,True,-0.0037714244972906,3.9713752802666815,17.003991699218773
2021-01-06,7.629791666666667,True,0.6013148979740638,3.65195384843421,16.977990722656273
2021-01-07,8.874666666666668,True,0.2566242239803558,3.356656891583046,17.077996826171898
2021-01-08,11.991875,True,0.0451081943469313,3.2242004140719653,17.489984130859398
2021-01-09,9.152375,True,0.5946286947675683,4.145775624596578,17.301995849609398
2021-01-10,6.711958333333334,True,0.8645607951148344,4.45426203230423,16.876000976562523
2021-01-11,5.103375,True,1.3519363360678422,5.096686034790545,16.813989257812523
2021-01-12,3.8703333333333334,True,1.0180780977691128,4.641762649849553,16.658990478515648
2021-01-13,8.042208333333333,True,1.171005005315219,4.012239988715809,16.655999755859398
2021-01-14,2.71875,True,1.229141474156845,4.618603167156761,15.928002929687525
2021-01-15,5.106208333333334,True,1.0043112202132478,3.197737559745581,16.036004638671898
2021-01-16,15.872041666666666,True,0.8667870148770379,3.306292102599333,16.047998046875023
2021-01-17,21.315458333333336,True,1.0704745228538104,2.8873550577726483,16.008996582031273
2021-01-18,27.115041666666663,True,0.9760980014973004,2.6646998997668185,16.196008300781273
2021-01-19,24.603041666666662,True,0.0882851324900427,2.219872785269024,16.892999267578148
2021-01-20,18.862318181818186,True,0.6304527035056284,2.5528953926395843,17.244989013671898
2021-01-21,16.40975,True,1.255046490561259,2.394851053174148,17.093988037109398
2021-01-22,12.093375,True,0.9988808237768532,2.425585844697576,17.023004150390648
2021-01-23,9.482125,True,0.4581926523766712,2.594841595247334,17.903985595703148
2021-01-24,9.238458333333334,True,0.7884724111585465,2.2029621731725597,18.191979980468773
2021-01-25,11.472958333333333,True,0.2652215486920296,2.6421702321823872,18.21798095703128
2021-01-26,12.5135,True,0.2008624464202233,2.984034208335244,18.3649841308594
2021-01-27,11.073416666666668,True,0.7318729748311505,5.225859865717302,18.162988281250023
2021-01-28,11.383375,True,0.3773904272061941,3.748471490984768,18.075006103515648
2021-01-29,9.678541666666666,True,0.3112700063758705,3.8212805138194894,18.077996826171898
2021-01-30,11.089083333333331,True,0.3917967873285515,3.368080227894225,17.937005615234398
2021-01-31,11.274666666666668,True,0.5441933735193276,3.428023375397469,17.726007080078148
2021-02-01,4.149916666666667,True,0.7994244743364587,5.480885335298449,16.439996337890648
2021-02-02,0.0599166666666666,True,0.4154741159196199,4.752825980753323,16.629998779296898
2021-02-03,0.1164999999999999,True,0.4902483604595538,3.990781693245597,15.519982910156273
2021-02-04,1.4164166666666669,True,0.7183837967798521,2.230874618265341,15.929986572265648
2021-02-05,3.0680416666666663,True,0.0380344769804632,2.6015333677995867,14.909997558593773
2021-02-06,2.7307083333333337,True,0.3332723380511039,2.392306891314881,15.109979248046898
2021-02-07,4.322666666666667,True,1.4034894749897249,2.0504270226275785,15.389978027343773
2021-02-08,2.6082083333333332,True,1.5179984499557018,2.610680849738579,16.790002441406273
2021-02-09,4.723166666666667,True,1.2987051052207814,2.7373322816485364,16.749993896484398
2021-02-10,13.625875,True,-0.1265616399950978,2.3024665771658386,17.170007324218773
2021-02-11,15.42495833333333,True,0.8489087862496966,1.9639844232560024,17.350000000000023
2021-02-12,10.125416666666666,True,0.1905097437706122,2.779358731296498,17.540002441406273
2021-02-13,3.862416666666667,True,0.0395520252824968,2.827081732856077,17.309991455078148
2021-02-14,1.3235416666666666,True,0.3775338343702866,4.246276650172829,18.149987792968773
2021-02-15,0.7644583333333334,True,0.8496486541942213,2.4234334353176425,17.109979248046898
2021-02-16,0.6948333333333334,True,0.2930667685382142,2.226372434149414,17.809991455078148
2021-02-17,0.5224166666666666,True,0.2184365002301748,3.023335384506122,17.269982910156273
2021-02-18,0.3532916666666666,True,0.0608019930001788,3.2484246425907526,17.040002441406273
2021-02-19,0.328125,True,0.0269611435943426,3.570649277273483,16.879998779296898
2021-02-20,0.5724583333333333,True,-0.1206352738929702,3.065201173122928,17.510003662109398
2021-02-21,0.86325,True,0.2392443652239763,3.81819413202098,17.109979248046898
2021-02-22,0.7203333333333334,True,0.1253326458962452,4.050412573370696,16.469995117187523
2021-02-23,0.7405833333333334,True,0.306562982322794,2.546711645573798,16.739984130859398
2021-02-24,3.2588749999999997,True,0.2551170061427183,2.303078040748608,16.969995117187523
2021-02-25,8.160291666666666,True,0.6360889779371403,2.540939728865669,17.670007324218773
2021-02-26,10.313761904761906,True,0.462542521096402,2.4318332241930607,17.279992675781273
2021-02-27,10.122458333333332,True,0.0290949897593346,2.890693618280744,17.869989013671898
2021-02-28,10.627583333333332,True,0.1480303942478476,1.9963726342409711,17.450006103515648
2021-03-01,7.79625,True,-0.3411636125146002,1.7505673931213606,17.730981445312523
2021-03-02,7.559625,True,0.2819035027898071,2.0322991262050865,17.838983154296898
2021-03-03,8.38275,True,-0.2488721452404669,2.4392129139892247,18.058007812500023
2021-03-04,7.966541666666667,True,-0.3131617220841937,2.705144619970552,17.894006347656273
2021-03-05,2.747125,True,-0.3020553835408712,2.255912733832022,17.705987548828148
2021-03-06,0.954625,True,0.1502212560094829,2.66292240729092,18.183007812500023
2021-03-07,0.9326666666666666,True,-0.5679803609788421,3.916983459650616,18.351007080078148
2021-03-08,0.9996666666666668,True,-0.320397935930494,1.5039796335316058,17.928002929687523
2021-03-09,0.9437083333333334,True,-0.5389191062530453,1.833533847273565,17.988000488281273
2021-03-10,0.7112083333333333,True,-0.3431962129960451,2.411831274168659,17.780999755859398
2021-03-11,0.5817083333333334,True,-0.0922412567628131,3.0843203083425617,18.396997070312523
2021-03-12,0.9349166666666668,True,-0.305245363813116,3.673066235707041,18.441003417968773
2021-03-13,1.6952083333333334,True,0.3350080932478018,2.6646710358553265,18.163995361328148
2021-03-14,2.0068333333333332,True,0.4386533291105112,2.449255435077904,17.890985107421898
2021-03-15,1.96675,True,-0.3279432597406087,1.9898913351986751,17.688989257812523
2021-03-16,1.3533333333333335,True,1.343605985738748,3.449871369822671,17.701989746093773
2021-03-17,1.0475833333333335,True,0.9374853134537624,2.97446471935752,17.872003173828148
2021-03-18,0.9615,True,0.8912749942168953,3.647016140501043,17.368981933593773
2021-03-19,0.9370833333333334,True,-0.0647859329167181,3.16253090216543,16.971978759765648
2021-03-20,0.9839583333333334,True,0.6124429777675433,3.490668337424016,16.775994873046898
2021-03-21,1.033625,True,0.51100355816279,3.3515158053394174,16.696008300781273
2021-03-22,1.0259166666666666,True,0.5642209169170149,2.851562879610782,16.760980224609398
2021-03-23,1.1334583333333332,True,0.1530477300314119,2.499969348719586,16.709985351562523
2021-03-24,1.094875,True,0.3115476739449634,3.461797934897576,17.448999023437523
2021-03-25,1.4441666666666668,True,0.2229728259046713,5.435949193792464,17.614007568359398
2021-03-26,1.919125,True,0.2132799184185816,5.642749961735627,16.725000000000023
2021-03-27,2.257625,True,0.3511414146211856,2.5543213059045757,16.550988769531273
2021-03-28,6.063083333333334,True,-0.1771531171949844,1.493992567717655,16.381982421875023
2021-03-29,9.887166666666667,True,0.1224125045971277,1.56304453177083,16.596978759765648
2021-03-30,4.999416666666666,True,0.7806347457585493,2.622661912962675,16.655999755859398
2021-03-31,3.5555833333333333,True,1.049242384381071,2.270792994989611,16.710992431640648
2021-04-01,5.540208333333333,True,-0.1629407256158897,2.244753551133012,16.622979736328148
2021-04-02,8.730625,True,0.7492666785624584,3.10670671535603,16.433007812500023
2021-04-03,10.746833333333337,True,0.3071195402210112,2.227430489886601,16.473992919921898
2021-04-04,10.136083333333334,True,0.4304438655765863,1.461639379619453,16.477990722656273
2021-04-05,7.178041666666666,True,1.2485196528835345,1.105001117037835,16.627984619140648
2021-04-06,4.935958333333333,True,0.4419470295705779,2.471417613747289,16.632989501953148
2021-04-07,3.093541666666667,True,0.4896349817371261,3.213712080576795,16.696008300781273
2021-04-08,2.4205833333333335,True,1.3795037371928272,4.536814544745465,16.739984130859398
2021-04-09,1.2862083333333334,True,1.008174531929959,4.956202679689214,16.064996337890648
2021-04-10,1.0864583333333333,True,1.0713783587772745,6.448123736918624,15.786004638671898
2021-04-11,0.6835000000000001,True,0.4402727577004964,1.9542251986370969,15.562982177734398
2021-04-12,1.2220833333333332,True,0.4512004020143648,1.369992857830896,15.252984619140648
2021-04-13,1.8934583333333332,True,-0.4930309483921753,1.201942937591306,15.228997802734398
2021-04-14,1.737375,True,,1.9466258349624543,15.234979248046898
2021-04-15,1.6635833333333334,True,-0.6182527016473128,3.0527601230113985,16.330987548828148
2021-04-16,0.9825,True,-0.6598186426716759,2.6615683927977547,16.280999755859398
2021-04-17,1.19,True,-0.3412522334052801,3.44956997467522,15.399987792968773
2021-04-18,1.6655,True,0.2424113337791411,3.336710753257629,15.550988769531273
2021-04-19,1.2754166666666666,True,-0.3332458866870456,1.1307115289585532,15.696008300781273
2021-04-20,1.6669999999999998,True,-0.2812419508070156,3.4414544663252724,15.852990722656273
2021-04-21,1.8890833333333337,True,0.7148655241440505,1.5840774635582662,16.033990478515648
2021-04-22,1.5149375000000005,False,0.047349202737154,2.81960221257914,15.459985351562525
2021-04-23,1.36475,True,-0.34492185344071,2.999450043736667,15.286981201171898
2021-04-24,1.4181666666666668,True,0.9140769660381564,3.3025316543058527,15.165979003906273
2021-04-25,1.5222916666666668,True,-0.0799953768458622,2.6853516043285293,15.049005126953148
2021-04-26,1.4338333333333333,True,,1.0517278907592906,15.878991699218773
2021-04-27,1.331125,True,0.0395072627400518,1.900152207189652,16.064996337890648
2021-04-28,1.5287499999999998,True,0.6535426242104,2.241517615832178,16.205987548828148
2021-04-29,1.659375,True,-0.0010577192397042,1.6031160082846894,16.415979003906273
2021-04-30,1.9295,True,0.8776956691677124,1.6145053581884512,16.631005859375023
2021-05-01,4.18875,True,0.4868324834935643,1.5339145298710477,16.320001220703148
2021-05-02,4.241833333333333,True,0.6116965893218674,1.762631300100462,16.639001464843773
2021-05-03,3.1575,True,0.7431842054624311,1.4749792177232428,16.559991455078148
2021-05-04,3.177708333333333,True,0.1882337031598588,2.226169774623477,16.460992431640648
2021-05-05,2.444458333333334,True,1.4598834567843806,2.4765892596692787,16.478997802734398
2021-05-06,2.8673749999999996,True,0.399380562870666,1.9217960540063903,16.389978027343773
2021-05-07,5.867541666666667,True,-0.3194808357798875,2.97984487220568,16.308007812500023
2021-05-08,7.1142916666666665,True,1.0571435760502668,2.982921750387209,16.280999755859398
2021-05-09,6.843541666666667,True,0.2354090612698392,4.813791250584143,16.310998535156273
2021-05-10,5.162083333333334,True,-0.1682653441945649,3.8610651678583032,16.467004394531273
2021-05-11,6.387041666666668,True,-0.2053881325212082,3.22999812456957,16.135980224609398
2021-05-12,8.338583333333332,True,-0.4255801679339226,1.8521958713547253,15.968988037109398
2021-05-13,7.259416666666667,True,0.7889570070488251,1.6134595509249443,15.721978759765648
2021-05-14,5.493791666666667,True,0.8384893654399155,3.2082499503368727,15.843988037109398
2021-05-15,5.143166666666667,True,,2.54856760723798,16.197991943359398
2021-05-16,4.4344166666666665,True,-0.2382558137880819,2.307294262386156,16.387994384765648
2021-05-17,6.959666666666666,True,,0.8276100383227765,16.589990234375023
2021-05-18,6.858666666666667,True,,2.005053674507804,16.001000976562523
2021-05-19,5.280333333333334,True,0.472405133855894,2.3867667178245098,16.359002685546898
2021-05-20,4.766333333333333,True,1.0927703268429132,1.7591704764423552,15.575006103515648
2021-05-21,3.9923333333333337,True,1.256861226055474,4.152533611594366,15.208001708984398
2021-05-22,3.8114166666666662,True,0.1406324630721861,5.712900607873391,15.139001464843773
2021-05-23,3.6220416666666666,True,1.3169530656363515,4.446192491879376,15.144982910156273
2021-05-24,5.5162916666666675,True,0.8931027031022898,3.559112663853748,14.902001953125025
2021-05-25,8.692,True,0.0188095456339183,3.113069206974598,14.184991455078148
2021-05-26,11.264041666666666,True,-0.3268859867921331,2.8730400341444384,14.002984619140648
2021-05-27,13.686375000000004,True,-0.457035922337392,3.5361873170239795,14.300988769531273
2021-05-28,12.351166666666666,True,-0.3999289030418982,3.19983314463351,14.477990722656273
2021-05-29,11.712666666666667,True,0.5482947789737187,4.836258800338986,14.424005126953148
2021-05-30,9.659541666666668,True,0.2424788181268423,3.6362295229101353,14.282006835937525
2021-05-31,7.574041666666666,True,0.4340415426172765,4.379914809479447,14.044000244140648
2021-06-01,7.602458333333334,True,-0.3271116886195224,5.81397088736771,14.027001953125025
2021-06-02,6.593374999999999,True,-0.6091831990451646,4.733643532123642,14.232995605468773
2021-06-03,9.6535,True,-0.6649954316244642,2.6325383847068577,14.244989013671898
2021-06-04,4.3062499999999995,True,,2.631997445405978,14.692987060546898
2021-06-05,2.8864583333333336,True,1.3381922376560855,3.3575218415577592,14.816003417968773
2021-06-06,1.6124166666666664,True,-0.3883100060432459,3.1790755977498515,14.553979492187525
2021-06-07,1.055875,True,-0.0763459228246687,2.510005664575778,14.162988281250025
2021-06-08,1.0914166666666667,True,0.1274818851216271,2.08525831219618,14.047998046875025
2021-06-09,1.2822916666666666,True,-0.3915798628891908,2.4133216523193823,13.980981445312525
2021-06-10,1.614083333333333,True,-0.2106412686608287,4.020615797072678,13.990991210937525
2021-06-11,2.618125,True,-0.1894786063843876,3.3784652207078043,13.856988525390648
2021-06-12,3.0278750000000003,True,-0.3897854645067933,0.9369976916776408,13.442987060546898
2021-06-13,3.6839166666666663,True,-0.3988615814036925,1.9573983848189431,13.079003906250025
2021-06-14,3.2575416666666666,True,-0.3384106535271758,1.1712733685738286,13.364984130859398
2021-06-15,3.780083333333333,True,-0.2862877389581443,2.369359657823565,13.439996337890648
2021-06-16,3.3502500000000004,True,0.4124162500231904,0.6078411594674239,13.510003662109398
2021-06-17,4.7392916666666665,True,1.1140023523769431,1.874739045993841,13.473992919921898
2021-06-18,3.62125,True,-0.2162594447049003,1.504963019734492,13.424005126953148
2021-06-19,3.4121666666666663,True,1.210610399367039,2.927663068239347,13.339990234375025
2021-06-20,4.2855,True,-0.0783369421837064,2.3527104104941388,13.493005371093773
2021-06-21,7.079,True,0.3180034287093149,2.463172046835109,13.502984619140648
2021-06-22,6.249375000000001,True,0.8894001849436916,1.604777571449418,13.567987060546898
2021-06-23,6.050083333333333,True,-0.2960740890114015,5.391590843107885,13.506982421875025
2021-06-24,4.109473684210525,True,0.4759268920263625,3.114825313674636,13.691003417968773
2021-06-25,1.78,True,-0.0049236962057207,3.687761888916298,13.524987792968773
2021-06-26,2.237,True,0.7621224658838041,6.540988900371082,13.443994140625025
2021-06-27,3.7096666666666662,True,-0.1088716024201537,4.871807830182243,13.320001220703148
2021-06-28,5.118708333333333,True,1.2005866841709687,2.4407619942610896,13.313989257812525
2021-06-29,6.0356250000000005,True,0.0534805646097025,1.1306615991188431,13.400994873046898
2021-06-30,5.311625,True,,2.2928894900964867,13.419000244140648
2021-07-01,3.4128333333333334,True,-0.1871428553882011,3.856437808229788,13.275994873046898
2021-07-02,3.2423750000000005,True,-0.2097597830463027,5.342029553357102,13.165979003906273
2021-07-03,6.1206249999999995,True,,3.388450043592816,13.114007568359398
2021-07-04,5.398583333333334,True,1.3392970486696194,2.773211331925042,13.110986328125025
2021-07-05,5.09575,True,1.4209194271027452,2.0241330035025222,13.816003417968773
2021-07-06,4.491166666666667,True,-0.1143753113535668,1.9731763874287995,13.735986328125025
2021-07-07,4.762833333333333,True,1.1886678851840382,4.474199650019366,13.558984375000025
2021-07-08,4.841374999999999,True,0.2371838332979091,3.246465622127253,13.544000244140648
2021-07-09,4.146826086956522,True,0.663270017688927,4.382185896312548,13.435998535156273
2021-07-10,4.280333333333334,True,1.0916598947561604,4.314692060610126,13.610986328125025
2021-07-11,5.513749999999999,True,,1.0611551354800923,13.652978515625025
2021-07-12,5.248125,True,-0.5809078907548679,2.052778592787745,13.528985595703148
2021-07-13,4.347958333333334,True,-0.4349797014883285,1.6349661109048752,13.689996337890648
2021-07-14,3.983833333333333,True,0.892812719949632,4.187941102880231,13.631982421875025
2021-07-15,3.8437083333333337,True,-0.3590422081296854,4.032545052776851,13.597985839843773
2021-07-16,3.501,True,-0.2646054526157326,5.298573760772149,13.558984375000025
2021-07-17,4.578208333333333,True,1.1336454054123437,5.44472968814485,13.596002197265648
2021-07-18,8.248125,True,0.059613725574236,0.8274917211267317,13.084985351562525
2021-07-19,9.371708333333332,True,0.463025676933145,1.982493135304892,12.859002685546898
2021-07-20,10.938916666666666,True,-0.3018791083783539,1.3931108565059784,12.924005126953148
2021-07-21,8.47325,True,1.3822210989368573,1.1285014431179967,12.972985839843773
2021-07-22,9.185958333333334,True,-0.1313103992088378,1.999528301234496,13.135003662109398
2021-07-23,9.179833333333333,True,,1.23945027626839,12.960992431640648
2021-07-24,7.171166666666667,True,-3.629364406037411e-05,2.4374667984806946,13.088983154296898
2021-07-25,7.618166666666667,True,0.5581055244117239,2.290046990036032,13.036981201171898
2021-07-26,6.758416666666666,True,1.481236218911991,3.3958505318266616,12.885980224609398
2021-07-27,5.682416666666666,True,0.4051774293926436,3.995951380950344,12.969995117187525
2021-07-28,6.3265,True,0.0093553769128265,1.8508985259654605,12.725000000000025
2021-07-29,8.739875,True,-0.3277531041176416,1.5959307737025958,12.654992675781273
2021-07-30,6.885041666666666,True,-0.4727289863380323,2.402236274467906,12.760980224609398
2021-07-31,3.173125,True,-0.6991065678163009,3.351793987694772,12.930993652343773
2021-08-01,2.777208333333333,True,-0.2976451693526013,2.959814446052546,13.271997070312525
2021-08-02,2.8622916666666662,True,-0.7094307570986993,0.8588690957521772,13.775994873046898
2021-08-03,1.8239583333333336,True,-0.7408941946691228,1.4486551304131623,13.800988769531273
2021-08-04,2.6645,True,-0.5666716573971985,1.6630066827653451,13.536004638671898
2021-08-05,2.6366666666666663,True,-0.3804686866532228,2.0889499697339304,13.790002441406273
2021-08-06,2.0970909090909093,False,-0.584016747115603,2.3290143537780663,13.446984863281273
2021-08-07,,False,-0.4775001834707192,1.7042789235630382,13.472985839843773
2021-08-08,,False,0.5036220990923131,1.1961109466058502,13.377008056640648
2021-08-09,,False,1.1417791766359964,5.357043612401324,13.407983398437525
2021-08-10,,False,-0.0829777542082942,4.91462384955704,13.278985595703148
2021-08-11,,False,1.3169109810579285,3.846013929589661,12.900994873046898
2021-08-12,,False,1.386697425072454,2.9664599692930027,13.201989746093773
2021-08-13,,False,0.6724052347838865,3.726371856972501,13.179986572265648
2021-08-14,,False,-0.1456540789848103,3.3026376676851084,13.279992675781273
2021-08-15,,False,-0.4087861587958609,1.891569502075815,13.494989013671898
2021-08-16,,False,0.5664803339234856,2.000886613272675,14.128991699218773
2021-08-17,,False,0.7743250661119941,1.918189646948804,13.959008789062525
2021-08-18,,False,0.7817589481849968,2.7173085506121164,13.683984375000025
2021-08-19,,False,0.8840705776940921,2.4662434150722623,13.581994628906273
2021-08-20,,False,1.286225809981162,4.828778080485683,13.622003173828148
2021-08-21,,False,0.7306330252107658,3.737600782520519,13.481988525390648
2021-08-22,,False,1.3669630267783992,5.579476773684964,13.355004882812525
2021-08-23,,False,-0.1826799628487649,3.6724685025694894,13.308007812500025
2021-08-24,,False,0.8427754754485864,1.7219702518176916,12.980004882812525
2021-08-25,,False,0.1446218515073664,2.804775043528867,12.859002685546898
2021-08-26,,False,-0.0436854776584735,6.248265712980476,12.889001464843773
2021-08-27,,False,0.5108086487448534,3.860541543680032,12.633996582031273
2021-08-28,,False,0.7669877845093587,3.9781192039653295,12.683007812500025
2021-08-29,,False,-0.4021897829151019,1.866811337114708,12.769006347656273
2021-08-30,,False,0.3912560233384947,1.8097549223167688,13.170983886718773
2021-08-31,10.050541666666666,True,1.4721779868179834,3.51163602360952,13.262994384765648
2021-09-01,6.827916666666667,True,0.0995059533118955,4.383361825620743,13.389001464843773
2021-09-02,5.525291666666667,True,1.196988117531428,3.694944595269399,13.403985595703148
2021-09-03,7.862041666666666,True,-0.3282398109064159,3.296425840000744,13.313989257812525
2021-09-04,6.052833333333333,True,0.5413386186973103,4.076486423007886,13.419000244140648
2021-09-05,3.159833333333333,True,1.2497964115079174,4.448959297222944,13.372979736328148
2021-09-06,3.792791666666666,True,0.9798414529969678,5.657103685541591,12.911981201171898
2021-09-07,3.7544583333333335,True,1.2836781546176654,5.218203066744513,12.838006591796898
2021-09-08,2.921875,True,1.1687275164660291,5.720542965884814,12.852990722656273
2021-09-09,2.0542916666666664,True,0.7891698951933214,3.30221716934287,12.685998535156273
2021-09-10,6.549333333333333,True,0.3694382710976392,1.9062918101382809,12.799005126953148
2021-09-11,10.270666666666669,True,0.244018507450947,4.110457226376051,12.941003417968773
2021-09-12,11.098999999999998,True,1.198255313464052,1.3010956921881176,12.911981201171898
2021-09-13,8.889541666666666,True,0.7325087626634589,5.988194192387664,12.834008789062525
2021-09-14,8.587625000000001,True,1.438481218518359,5.369869560088199,12.708001708984398
2021-09-15,6.61075,True,0.8344228212471198,4.18377947386278,12.726983642578148
2021-09-16,5.749583333333334,True,0.4589614336066778,3.355690131380033,12.693994140625025
2021-09-17,7.776041666666667,True,-0.3017765929846968,4.310820124700763,13.055993652343773
2021-09-18,9.22075,True,0.3755058934557389,5.413811544405519,12.902978515625025
2021-09-19,6.486750000000001,True,1.2480337458123016,5.94875100336924,12.981988525390648
2021-09-20,4.892916666666667,True,0.7065109431586696,6.121759510648303,12.935998535156273
2021-09-21,5.210791666666666,True,-0.2841214406752572,1.7579663377793822,12.796990966796898
2021-09-22,6.173875,True,0.7254435003530338,3.4469209187533725,12.790002441406273
2021-09-23,6.361041666666666,True,0.6721383306889409,4.555627222829224,12.865991210937525
2021-09-24,7.608791666666666,True,-0.156657250246836,1.276485495901185,12.993005371093773
2021-09-25,9.146041666666669,True,1.2686027288743436,2.794943989713994,13.300988769531273
2021-09-26,8.166833333333335,True,1.0637775802940437,5.827773994466192,13.435998535156273
2021-09-27,6.973583333333334,True,1.0237484096232472,4.3362805476395145,13.644982910156273
2021-09-28,8.540291666666667,True,0.377347652050656,3.6055844796576944,13.644006347656273
2021-09-29,5.096125,True,0.3623574573727275,4.147905109779643,13.221002197265648
2021-09-30,3.079125,True,0.8293963541947078,5.429820551339563,13.269006347656273
2021-10-01,0.593875,True,0.7046833744578423,6.111757209455394,13.450006103515648
2021-10-02,0.13175,True,0.2162353510676088,7.1724775625016814,12.428979492187525
2021-10-03,0.1970416666666666,True,0.1101157859450219,5.629716372096838,12.239007568359398
2021-10-04,0.2131666666666667,True,0.2565190967530427,4.215292745839254,12.632989501953148
2021-10-05,1.859125,True,1.4310143049199315,4.015658543465023,12.342004394531273
2021-10-06,8.517833333333334,True,0.0459925647107819,2.2363772217271136,12.231988525390648
2021-10-07,15.452083333333334,True,0.0506742546586864,2.270680990852092,12.959008789062525
2021-10-08,14.320666666666668,True,1.2272187461738977,2.905109911410784,13.691003417968773
2021-10-09,12.387666666666666,True,0.8870611756328953,1.9567405317387323,13.973992919921898
2021-10-10,6.738833333333335,True,1.303496352382807,3.015621843779762,14.083001708984398
2021-10-11,1.526333333333333,True,0.4844868163009443,2.884208078765864,14.077996826171898
2021-10-12,4.150916666666666,True,-0.0927543515419694,2.4701044047504923,13.993005371093773
2021-10-13,3.45625,False,0.3118565240354701,4.038396564514192,13.717980957031273
2021-10-14,,False,1.181572076451279,7.530929373346564,13.015985107421898
2021-10-15,,False,0.5650133565243152,7.177467319824635,12.523004150390648
2021-10-16,,False,0.0784392556892642,5.0378482352233815,12.201989746093773
2021-10-17,,False,0.2093480991484755,5.005077094615912,12.114984130859398
2021-10-18,,False,-0.1300803929055919,3.366184467017442,12.290979003906273
2021-10-19,,False,-0.2676806274804352,1.8549127244947017,12.649987792968773
2021-10-20,,False,0.3178287885732741,2.4656706652262312,13.006982421875025
2021-10-21,,False,1.394989728773758,3.130190778419676,12.941979980468773
2021-10-22,,False,0.3139967696153742,4.733649359869677,12.661004638671898
2021-10-23,,False,0.9736235941722234,6.236541341823553,12.365991210937525
2021-10-24,,False,0.746982650880409,5.163904796925167,12.163995361328148
2021-10-25,,False,-0.1706347494695163,1.7034805415628085,11.866998291015648
2021-10-26,,False,-0.2412289241203822,2.328808122656824,12.102990722656273
2021-10-27,15.218208333333331,True,-0.292732600343893,3.0578823023908583,13.096978759765648
2021-10-28,13.146125,True,-0.3937504403531351,2.8443360060181604,13.283990478515648
2021-10-29,13.315791666666664,True,-0.1185469217664741,2.096168181477441,13.501000976562525
2021-10-30,8.885833333333332,True,-0.2719444473558597,1.9667398019051896,13.451989746093773
2021-10-31,7.641708333333334,True,1.284425397940452,2.013093472287568,14.083001708984398
2021-11-01,2.3259583333333333,True,-0.2694232829265388,2.4065898685792173,14.532983398437525
2021-11-02,1.1282083333333337,True,0.1172405681219658,3.248247912084445,14.331994628906273
2021-11-03,0.663125,True,-0.1650900326540363,4.410476268701347,14.184991455078148
2021-11-04,1.6515833333333332,True,-0.0023863968755369,6.659586237635666,13.653985595703148
2021-11-05,1.5896249999999998,True,0.1147057055712347,5.044471106677356,12.818994140625025
2021-11-06,1.2623333333333333,True,0.3026665255943079,4.4430474189871205,12.830987548828148
2021-11-07,1.2734166666666666,True,-0.3288965584194259,5.021140895753739,12.938989257812525
2021-11-08,1.8465833333333337,True,-0.2903453878017507,3.180576189010212,13.274987792968773
2021-11-09,3.134,True,0.2822864098405801,1.9159211898942528,13.357995605468773
2021-11-10,3.5465,True,0.3994310045838796,3.3041697535771024,13.407983398437525
2021-11-11,4.206583333333334,True,0.062490432830277,4.0081884109314405,13.037988281250025
2021-11-12,4.952791666666666,True,-0.0427472674150491,4.869995191529521,13.185998535156273
2021-11-13,1.8013333333333332,True,0.945163842301834,7.0155445531207485,13.111993408203148
2021-11-14,0.8859166666666667,True,0.0513854566936081,5.927745497883601,12.658990478515648
2021-11-15,0.777375,True,0.784191800164974,5.869975706084858,12.711999511718773
2021-11-16,0.9881666666666667,True,0.5965261347519825,5.135969313715874,13.054986572265648
2021-11-17,3.6315,True,0.7357530506873504,3.180987605698732,12.857995605468773
2021-11-18,5.021625,True,-0.1298978049386505,2.850289953920303,12.952996826171898
2021-11-19,7.182666666666667,True,-0.2156374568107713,2.702354939824106,13.579980468750025
2021-11-20,6.103666666666666,True,-0.3050456597224027,2.947988419242534,13.773004150390648
2021-11-21,5.437333333333334,True,-0.3144856509561641,3.1746276345879263,13.730981445312525
2021-11-22,4.541833333333333,True,-0.3522215106015364,2.3846341291452404,13.859002685546898
2021-11-23,3.951666666666666,True,-0.4885607665850699,2.7028696866620527,14.942987060546898
2021-11-24,2.058875,True,0.6130411652946333,2.3667856624936907,15.161004638671898
2021-11-25,2.6777499999999996,True,-0.0303833875658028,3.237104426515055,15.169000244140648
2021-11-26,3.4655833333333335,True,-0.3414319442724831,2.063537812432368,15.057000732421898
2021-11-27,3.416583333333333,True,1.0444544468139796,4.50576457656506,15.206994628906273
2021-11-28,1.5162916666666668,True,0.4791903020317093,5.66079069702735,15.597985839843773
2021-11-29,1.8254583333333336,True,-0.0593152399560375,2.609728946319368,15.425988769531273
2021-11-30,2.4049166666666664,True,-0.0528041779273164,3.94513214874962,14.780999755859398
2021-12-01,1.596833333333333,True,0.6632673646860386,4.510166443042834,14.820001220703148
2021-12-02,1.4796249999999995,True,-0.1446994271581874,3.602350611001586,15.023004150390648
2021-12-03,2.7758750000000005,True,0.844131700148814,3.6423667571809646,14.997979736328148
2021-12-04,2.7114166666666666,True,0.6922892996633995,3.987606540639801,14.834008789062525
2021-12-05,2.8614999999999995,True,-0.0683490418203011,2.5245999445287217,15.213983154296898
2021-12-06,2.14575,True,-0.1168855680468061,2.674798135152185,15.150994873046898
2021-12-07,1.5649583333333332,True,0.292011150631476,3.1119401609377397,15.169000244140648
2021-12-08,1.6341249999999998,True,0.3209075152094099,3.787651361145707,15.193994140625025
2021-12-09,1.46575,True,0.1682508051302278,2.391306628293531,15.403985595703148
2021-12-10,1.59,True,1.2485089491429495,2.597358800267747,15.544000244140648
2021-12-11,0.7429166666666668,True,0.0276533022068879,1.9546133093018423,15.592980957031273
2021-12-12,0.4140833333333333,True,0.1258246210291582,3.558375613350768,15.628991699218773
2021-12-13,0.4185,True,0.9375854576277776,3.763977941078874,15.715997314453148
2021-12-14,0.5615,True,0.28836928851638,3.7809108145768526,15.882989501953148
2021-12-15,0.593,True,-0.0049547481162724,3.137709826089209,16.288995361328148
2021-12-16,1.19795,True,0.0530428412581136,3.659406485803161,16.248986816406273
2021-12-17,1.280166666666667,True,0.5919072574029323,5.04093604929496,16.335992431640648
2021-12-18,1.087125,True,-0.173637020605388,4.665364978935877,16.385003662109398
2021-12-19,1.0579166666666666,True,-0.3949160716842712,3.000678151586993,16.419000244140648
2021-12-20,1.458375,True,-0.2417195248678156,2.8265036491489237,16.256005859375023
2021-12-21,1.639458333333333,True,0.452524543351404,2.837460683815867,16.219995117187523
2021-12-22,2.0593333333333335,True,0.6742997602861807,2.4954559033152592,16.107995605468773
2021-12-23,2.1500833333333333,True,1.2304689962440811,2.4872230029808464,16.231988525390648
2021-12-24,1.2757500000000002,True,1.5664583342196332,3.4256951811780043,15.972985839843773
2021-12-25,3.933875,True,0.3311663996019958,2.514825199206383,16.473992919921898
2021-12-26,5.500291666666667,True,0.583085122536817,2.1387720048666736,16.972985839843773
2021-12-27,4.348,True,1.1972938904273256,2.6202931249381605,17.385003662109398
2021-12-28,4.195291666666667,True,0.7825363136724253,2.5105390664701366,17.783990478515648
2021-12-29,3.371,True,1.4505015468685094,1.9544777200101864,17.984979248046898
2021-12-30,2.562625,True,1.2186673742966547,3.541020209834383,18.497003173828148
2021-12-31,2.9522083333333335,True,0.2714905240269945,3.246264041408715,18.37398681640628
2022-01-01,3.794954545454545,True,0.857285024723388,4.5941720741000855,18.06099853515628
2022-01-02,1.4109166666666664,True,0.9432308693305193,4.650416923624116,17.982995605468773
2022-01-03,0.8675833333333335,True,0.1547510755321304,3.549172559612949,18.045007324218773
2022-01-04,1.731,True,0.3858724352779422,4.910967237272947,18.0939880371094
2022-01-05,2.031,True,0.9869736000318836,4.2448050524579,17.606988525390648
2022-01-06,1.3058333333333334,True,-0.4162354306370416,4.23699721605694,17.682000732421898
2022-01-07,1.3482500000000002,True,0.9766208920934112,3.4465532130356977,17.424981689453148
2022-01-08,5.0168333333333335,True,-0.0372279692137337,2.086705299413131,16.883996582031273
2022-01-09,5.269791666666667,True,0.3420284327736163,1.8523624750716927,16.622003173828148
2022-01-10,4.9003749999999995,True,0.8989530271059164,2.298439099687373,16.696984863281273
2022-01-11,3.0530000000000004,True,0.5592551931790345,3.1967039992778177,17.840997314453148
2022-01-12,2.4614166666666666,True,0.6958976184008274,3.9408100516794047,18.1350036621094
2022-01-13,2.362833333333333,True,0.6386301394606011,4.637445507547421,17.773004150390648
2022-01-14,1.5816666666666668,True,0.9374963141816004,5.0176281269883845,17.421990966796898
2022-01-15,1.4723333333333333,True,-0.0740802248606348,3.122218624421392,16.902978515625023
2022-01-16,2.1641666666666666,True,0.9570894956869022,4.550176840073942,17.088006591796898
2022-01-17,2.3095833333333333,True,0.9639233946354504,5.95520458454014,17.579003906250023
2022-01-18,2.292291666666667,True,1.4301557611942162,4.922484176128764,17.413995361328148
2022-01-19,4.250708333333333,True,0.5777606260842522,4.620713959961607,16.842004394531273
2022-01-20,6.242208333333334,True,1.2205560247808296,5.483399429510401,16.872003173828148
2022-01-21,5.101833333333333,True,1.362494464103342,4.908704798307139,16.648980712890648
2022-01-22,3.8862083333333337,True,0.8498410108070544,5.198858513109934,16.385003662109398
2022-01-23,4.023625,True,1.40899156727592,4.469176347161207,16.361993408203148
2022-01-24,9.846708333333334,True,0.7728581998261218,3.340778828482612,16.400994873046898
2022-01-25,10.658208333333333,True,1.22246955237395,3.953567676235175,16.442987060546898
2022-01-26,,False,1.011838565861437,3.9201818005809903,16.872003173828148
2022-01-27,9.111583333333334,True,0.3063130016422867,3.2681519749642147,16.912988281250023
2022-01-28,8.526875,True,0.6509259164375802,3.693835161174432,16.739984130859398
2022-01-29,6.455208333333332,True,0.6647286461282402,3.274365801358891,16.872003173828148
2022-01-30,5.2087916666666665,True,1.1202759615264355,3.6569162570275857,17.019006347656273
2022-01-31,2.9723749999999995,True,0.066161676390032,2.528852279816804,17.351007080078148
2022-02-01,3.1735416666666665,True,0.4689287674292997,2.355608518147572,17.674981689453148
2022-02-02,2.993458333333333,True,0.6068332332589658,2.8196603961898834,17.899987792968773
2022-02-03,2.348,False,0.3233222426528164,3.0253604543500616,18.010003662109398
2022-02-04,1.9041666666666668,True,0.1384388652499993,3.371154313120168,17.816979980468773
2022-02-05,2.120791666666667,True,0.0532950966816601,3.584469485345626,17.735986328125023
2022-02-06,2.504166666666667,True,-0.0848196617961776,2.1780898509893865,17.623986816406273
2022-02-07,2.93975,True,-0.2529459151067808,2.2753728400943825,17.528985595703148
2022-02-08,2.740375,True,-0.3539446871715478,3.0606745549796432,17.615991210937523
2022-02-09,2.1759583333333334,True,1.2696423525507203,2.520206045777409,17.779992675781273
2022-02-10,1.688125,True,,1.841761029959586,17.472985839843773
2022-02-11,1.0865416666666663,True,0.5876403921288623,2.1611848973189853,17.627008056640648
2022-02-12,0.7387499999999999,True,0.1750077024033425,2.158498029944931,17.713006591796898
2022-02-13,1.3675,True,0.2973202949374765,2.0594498852685765,17.744989013671898
2022-02-14,2.3301666666666665,True,0.7144687677338231,2.1902425519588293,17.839990234375023
2022-02-15,2.33175,True,1.0654450821974482,3.3746575475750404,17.989984130859398
2022-02-16,0.8715416666666665,True,0.1269598622140733,3.880570095155318,18.094995117187523
2022-02-17,1.0567916666666666,True,0.9298327091181912,2.216999442653319,18.245996093750023
2022-02-18,4.38375,True,-0.2933353631295654,1.8766917179695888,18.506982421875023
2022-02-19,6.743666666666667,True,1.2091797814253271,3.510264728503756,18.064996337890648
2022-02-20,2.8869166666666666,True,1.045281275655518,4.275604220865564,17.195001220703148
2022-02-21,3.233125,True,1.1049985798425783,3.293927627476525,16.833001708984398
2022-02-22,4.57825,True,1.187689655440076,2.517354713870521,16.773980712890648
2022-02-23,6.267625,True,0.7559259561089207,1.930729538033466,16.904992675781273
2022-02-24,4.098291666666667,True,1.0000487457198028,4.600806292692964,17.090997314453148
2022-02-25,3.142375,True,1.095246916746894,4.306986826798071,17.984002685546898
2022-02-26,3.4620833333333336,True,1.3959140811256905,4.8181768044122135,17.807000732421898
2022-02-27,2.9776249999999997,True,0.4445688615248703,6.144775933113163,17.654992675781273
2022-02-28,1.204125,True,0.830496860073225,5.922101259506161,17.454980468750023
2022-03-01,1.6015416666666669,True,1.1767321780669373,1.84042305837933,17.615991210937523
2022-03-02,8.030125,True,0.2797781787752592,1.415747162783103,16.933007812500023
2022-03-03,16.765333333333334,True,1.174209482097585,1.5574907153345918,17.123986816406273
2022-03-04,17.901625,True,0.9326146118234936,2.180861817179868,17.163995361328148
2022-03-05,12.342999999999998,True,1.1165843088759213,3.5606056117054004,16.639978027343773
2022-03-06,5.375333333333333,True,1.1596561733363862,5.062046671157989,14.589990234375025
2022-03-07,4.20225,True,1.3226839482076425,4.016688655439588,14.584008789062525
2022-03-08,5.751124999999999,True,0.4803348653147218,3.597976886968332,14.510980224609398
2022-03-09,7.287791666666667,True,0.5707753258991591,4.465339752509702,14.538995361328148
2022-03-10,9.357041666666667,True,0.96074913944362,3.4494701904690106,15.081994628906273
2022-03-11,14.197875000000002,True,0.4480587345519908,2.334063139880617,16.042993164062523
2022-03-12,12.601166666666666,True,0.3733812751811082,2.626349814715778,16.144982910156273
2022-03-13,11.186916666666669,True,0.4399524227724016,2.653718459982629,16.136987304687523
2022-03-14,12.649499999999998,True,0.2437448849105616,2.4832158943437284,16.191979980468773
2022-03-15,12.1175,True,-0.4137162490493181,2.0966406710714707,16.516992187500023
2022-03-16,10.979,True,0.7023739090471733,1.7429003704328534,16.902001953125023
2022-03-17,11.404541666666663,True,0.6148315542011471,2.274116963374224,16.919000244140648
2022-03-18,9.706,True,0.509299646522524,3.8338490533942857,17.071984863281273
2022-03-19,7.074333333333333,True,0.5743259778267076,1.997926844132392,16.973992919921898
2022-03-20,8.942333333333332,True,-0.3519029490556194,1.856037045736156,16.363000488281273
2022-03-21,6.352374999999999,True,0.6690880109261041,3.810906321484707,16.217980957031273
2022-03-22,3.192625,True,0.3105576117090276,3.34091578807403,16.596978759765648
2022-03-23,2.4677916666666664,True,0.5189965249762706,5.080901049141393,16.635980224609398
2022-03-24,1.659333333333333,True,0.0251836233115558,3.623706476316363,16.303979492187523
2022-03-25,2.171625,True,-0.1288295516935635,0.9411053033703298,16.066003417968773
2022-03-26,1.4722083333333336,True,-0.1508766626523796,1.9986894779930973,16.184991455078148
2022-03-27,1.4669583333333334,True,0.2277187190654146,3.151896331173321,16.226983642578148
2022-03-28,2.188916666666667,True,0.3816354107243807,3.304346866350412,16.284997558593773
2022-03-29,4.390875,True,0.8801454331197931,4.794691471611295,15.947991943359398
2022-03-30,2.8149166666666665,True,0.9423763946289532,1.9523987129151037,14.594995117187525
2022-03-31,5.0129166666666665,True,0.2662343787259481,3.2863223425553127,14.122003173828148
2022-04-01,10.522833333333336,True,0.0398283920484185,3.2642288061845988,14.122003173828148
2022-04-02,10.462833333333334,True,-0.3644578226583397,2.6810107568384955,14.295007324218773
2022-04-03,8.637875,True,0.6241924672747672,3.8617336342188056,14.231988525390648
2022-04-04,8.553583333333332,True,0.7031650731352476,3.425855332825703,14.159997558593773
2022-04-05,10.685125,True,0.2481193977535094,2.056831188674856,13.982995605468773
2022-04-06,11.85975,True,0.5255383102705226,3.206571603845191,14.059991455078148
2022-04-07,14.014208333333334,True,-0.2097239516152755,3.9734291237313513,14.485986328125025
2022-04-08,9.465541666666669,True,-0.2894401652954443,3.874875346837489,15.251000976562525
2022-04-09,10.7425,False,-0.3857253409107638,4.027629753237726,15.170983886718773
2022-04-10,6.387791666666668,True,0.3251426638616035,4.3064889448435375,15.146997070312525
2022-04-11,3.356125,True,0.2420625765667972,4.287673374806019,14.856988525390648
2022-04-12,3.137166666666667,True,0.0165783383343976,3.7098249823167984,14.941979980468773
2022-04-13,5.445708333333333,True,-0.2615380960003468,1.688806210805253,15.070001220703148
2022-04-14,7.566916666666667,True,,1.2520742469231536,15.085992431640648
2022-04-15,5.498125000000001,True,1.2052902106342611,2.0449450005465093,14.701989746093773
2022-04-16,4.015,True,0.6301500344579989,3.296218463513944,15.175988769531273
2022-04-17,3.4852916666666665,True,-0.0713652617914404,3.684694129827825,15.171990966796898
2022-04-18,6.09975,True,1.2004531492002783,2.830781675372192,15.062005615234398
2022-04-19,8.291375,True,0.6709016947992361,1.6778698455792769,14.631005859375025
2022-04-20,6.6677083333333345,True,0.1822664078232121,2.866846531713543,14.661004638671898
2022-04-21,6.781,True,1.0526840720364938,3.979983525232112,14.919000244140648
2022-04-22,6.6982083333333335,True,0.943960600903938,4.845668982643735,14.896997070312525
2022-04-23,5.8989166666666675,True,-0.1180473248401845,3.602503463259007,14.838983154296898
2022-04-24,6.614625,True,-0.4111827726581108,1.7086991783150942,14.596978759765648
2022-04-25,6.864708333333333,True,-0.2187614403796659,2.331687579631548,14.571984863281273
2022-04-26,3.869875,True,0.5099033646560227,1.3755407100610224,14.588006591796898
2022-04-27,2.12975,True,-0.2478491218011557,3.376699526052038,14.797998046875025
2022-04-28,1.712,True,0.7998598778608559,5.55955528193593,14.631982421875025
2022-04-29,1.4496666666666669,True,-0.1265043082201682,1.7153134512547976,14.541986083984398
2022-04-30,2.1315,True,0.3903234377157067,3.904749285893608,14.011987304687525
2022-05-01,2.7737916666666664,True,0.6755750737515127,4.649081812412053,14.122979736328148
2022-05-02,3.328416666666666,True,0.2866434971637824,3.9988219005539873,14.299005126953148
2022-05-03,4.0112499999999995,True,-0.4891762046423222,2.170058614430092,14.342980957031273
2022-05-04,2.826,True,-0.7341847430503465,1.2547440487148025,14.185998535156273
2022-05-05,2.44325,True,,2.0266460050347432,14.162988281250025
2022-05-06,1.8950833333333332,True,-0.4785916956679623,2.0712837547054024,14.336999511718773
2022-05-07,3.062291666666667,True,,1.6720261384055932,13.947991943359398
2022-05-08,3.254375,True,-0.431784977745094,1.839173425412979,14.063989257812525
2022-05-09,1.7392083333333332,True,0.3745058685810267,3.809326990134663,14.139978027343773
2022-05-10,4.696916666666667,True,-0.2409722217532867,4.347938730006914,14.201989746093773
2022-05-11,2.7731428571428576,True,1.2632320968994395,1.4410762111820818,14.364984130859398
2022-05-12,1.9914999999999996,True,-0.1565030407746184,2.217755559456357,14.169000244140648
2022-05-13,1.969541666666667,True,0.0081911250388387,2.672996599500234,14.102990722656273
2022-05-14,1.678,True,-0.2484990321070557,2.0818456602349835,14.038995361328148
2022-05-15,1.5222083333333334,True,-0.7472116401653679,1.0178767109526965,14.003991699218773
2022-05-16,1.972,False,-0.7813385695734039,1.8483333332767264,13.905999755859398
2022-05-17,1.0016500000000002,True,-0.7329255241746037,2.6678492177056965,13.976983642578148
2022-05-18,1.3634583333333332,True,-0.28317686132847,1.5497614252423786,14.088983154296898
2022-05-19,1.6831249999999998,True,0.0706216641757739,1.884346235795546,14.321008300781273
2022-05-20,1.6162083333333337,True,-0.1239343842865116,2.919138355656889,14.294000244140648
2022-05-21,1.3724999999999998,True,-0.0208386780057835,4.206755394902282,14.245996093750025
2022-05-22,2.091875,True,0.0035737754404978,4.157375238697382,14.269982910156273
2022-05-23,5.491083333333333,True,0.7266028546537383,4.061820951618314,14.213983154296898
2022-05-24,6.735458333333334,True,-0.1687100031913726,3.867077624615415,14.254998779296898
2022-05-25,6.619875,True,-0.1114819092631904,4.802217804165867,14.428002929687525
2022-05-26,8.019666666666668,True,0.0938832988664331,3.479837748543225,14.326989746093773
2022-05-27,9.314791666666666,True,-0.3381912421545252,4.099132577301108,14.101007080078148
2022-05-28,6.609333333333333,True,0.8240452938431342,3.2974771148974424,13.997003173828148
2022-05-29,4.50525,True,1.168240915668736,3.735358022685861,14.067987060546898
2022-05-30,4.067625,True,-0.1267269572281946,4.219352437513739,13.937982177734398
2022-05-31,1.508416666666667,True,,3.9816441273560303,13.757989501953148
2022-06-01,2.8574583333333337,True,-0.3100709096007302,2.324199926715793,12.735986328125025
2022-06-02,3.4894166666666666,True,0.623627090744145,0.8070562188535874,12.730004882812525
2022-06-03,2.4088333333333334,True,,0.6336337961350331,12.860986328125025
2022-06-04,2.999333333333334,True,,0.978675337768461,13.308007812500025
2022-06-05,3.006041666666667,True,-0.079089381285455,0.1622267587827333,13.107995605468773
2022-06-06,3.4793749999999997,True,0.5299010727675908,2.643555038948546,13.129998779296898
2022-06-07,2.549583333333333,True,-0.425531755436268,4.349675624384951,13.092004394531273
2022-06-08,1.7416250000000002,True,-0.5452966784628245,2.674131539328448,13.162988281250025
2022-06-09,1.791958333333333,True,0.0095163212772889,3.880104815706225,13.218988037109398
2022-06-10,2.407666666666666,True,-0.4529730560158939,1.8840360375978809,13.503991699218773
2022-06-11,1.8547916666666664,True,1.408057081273225,1.2881673512803071,13.563989257812525
2022-06-12,2.122291666666667,True,-0.4966303833474795,2.37134286020657,13.678002929687525
2022-06-13,3.1913750000000003,True,,2.443367011375712,13.477990722656273
2022-06-14,4.0715,True,-0.2325240340771923,1.5820031448233072,13.674005126953148
2022-06-15,3.5834166666666665,True,-0.362688779826665,2.17059133510209,13.253991699218773
2022-06-16,3.5543750000000003,True,0.7957718212288938,2.8132640355445195,13.232995605468773
2022-06-17,3.512833333333333,True,0.7020520633559599,3.949090196651687,13.170007324218773
2022-06-18,4.755708333333334,True,1.6396071761560216,3.635225358317912,12.920007324218773
2022-06-19,8.211291666666666,True,0.5148755469874701,1.2376282700583885,12.848992919921898
2022-06-20,11.473083333333332,True,,1.4035615649985014,12.713983154296898
2022-06-21,8.879083333333334,True,-0.3785990878567803,2.6819997170415704,12.715997314453148
2022-06-22,8.110000000000001,True,0.5200300218749699,6.817204859716355,12.830987548828148
2022-06-23,5.727875,True,-0.1535979061190693,5.297731163007073,13.003991699218773
2022-06-24,2.8375,True,0.6829522642020098,0.6972895294850422,13.260003662109398
2022-06-25,2.8060416666666668,True,,1.162965855662405,13.437982177734398
2022-06-26,4.325541666666667,True,,1.076090700452844,13.717980957031273
2022-06-27,5.573958333333333,True,-0.2487284151293975,1.6514358961486142,13.465997314453148
2022-06-28,6.281083333333332,True,0.1845590626281963,3.0725022139906493,13.301995849609398
2022-06-29,5.20275,True,0.6784511662680307,5.532710301357863,13.282983398437525
2022-06-30,4.8725,True,-0.4391854211724981,3.8525656132753103,13.196984863281273
2022-07-01,7.017500000000001,True,-0.2763966349251813,2.2731393471892845,13.040002441406273
2022-07-02,6.470833333333334,True,1.1364302691775887,4.820328431989416,13.218988037109398
2022-07-03,6.422458333333334,True,0.6279790440339474,5.098002455967631,13.157983398437525
2022-07-04,5.5432500000000005,True,1.1691187730859676,4.438287234033514,13.163995361328148
2022-07-05,6.969541666666667,True,-0.0105423003396597,5.09366153904476,13.176995849609398
2022-07-06,5.180208333333334,True,1.4822616661996009,3.763464211988896,13.088006591796898
2022-07-07,6.315291666666667,True,0.2721558907496784,4.087199423337744,13.140985107421898
2022-07-08,8.178375,True,0.5505018211009066,2.4552161808398414,13.081994628906273
2022-07-09,15.722583333333333,True,-0.651673130721738,4.878269341971534,13.185998535156273
2022-07-10,11.03433333333333,True,-0.6396321147459438,3.624587938353974,13.231988525390648
2022-07-11,6.832541666666667,True,1.1425095878506062,0.6275582273202945,13.157983398437525
2022-07-12,5.212041666666667,True,0.749226616105514,5.251744435355609,13.238000488281273
2022-07-13,5.646333333333334,True,-0.4315127440422256,1.4193677611310849,13.342004394531273
2022-07-14,5.491874999999999,True,-0.6242273571280975,7.064669444053686,13.236993408203148
2022-07-15,1.821625,True,-0.6138758086995623,6.0433813733392405,13.253991699218773
2022-07-16,1.1360833333333331,True,-0.132754169163536,1.5553290706234972,13.209985351562525
2022-07-17,1.11975,True,-0.2239799243131928,4.926181429908151,13.184991455078148
2022-07-18,1.039625,True,-0.0692853789371803,3.809545462795388,13.132989501953148
2022-07-19,1.366875,True,-0.4749072377978049,2.991253073678749,13.277001953125025
2022-07-20,2.414875,True,-0.5598927266938216,3.2082658361716847,13.261987304687525
2022-07-21,2.6104166666666666,True,-0.654930532503011,3.589530173624111,13.333001708984398
2022-07-22,5.250541666666667,True,1.231416477440098,2.467747377960853,12.911981201171898
2022-07-23,10.217083333333331,True,-0.6549194517665453,2.522606782485629,13.581994628906273
2022-07-24,9.355791666666669,True,-0.5025140630871641,1.3176423289563606,13.400994873046898
2022-07-25,7.959,True,-0.3802835109934667,2.287115415775627,13.133996582031273
2022-07-26,7.833375,True,0.1122942600504232,1.5736046310148104,13.132989501953148
2022-07-27,6.297454545454546,False,0.6709318263869445,4.284631727536968,13.266992187500025
2022-07-28,,False,0.1892783023623107,4.949581356999269,13.063989257812525
2022-07-29,,False,,1.835599051270363,12.976007080078148
2022-07-30,,False,-0.6461685850645901,1.6360250640368426,13.178979492187525
2022-07-31,,False,-0.017621120560171,3.372818981905754,13.516992187500025
2022-08-01,,False,,3.8489391815425567,13.626000976562525
2022-08-02,,False,,3.02143406487608,13.450982666015648
2022-08-03,,False,-0.5396373970896199,2.4895741759968444,13.394006347656273
2022-08-04,,False,0.528015131937516,5.278407159555913,13.189996337890648
2022-08-05,,False,0.0073746897846306,5.365315258970402,13.081994628906273
2022-08-06,,False,-0.3381593226509171,1.0752696057850752,12.999993896484398
2022-08-07,,False,0.0158515157757551,2.0376952783218294,12.907006835937525
2022-08-08,,False,-0.1513506240512688,5.637676924649322,13.235986328125025
2022-08-09,,False,0.1196842469931174,2.443365327591528,12.984979248046898
2022-08-10,,False,0.7258930780822588,3.4432927395382547,12.946984863281273
2022-08-11,,False,,3.84112452896193,13.032006835937525
2022-08-12,,False,0.7590819495732748,3.3892396702254,13.041986083984398
2022-08-13,,False,0.2022139706370227,4.186654424987356,12.907006835937525
2022-08-14,,False,-0.142448840888248,2.680840834781176,12.928002929687525
2022-08-15,,False,0.4756617702317486,4.15222102379543,13.033990478515648
2022-08-16,,False,0.4680248596260505,5.574868474370648,13.090997314453148
2022-08-17,,False,0.0844738844098041,5.51344443350744,13.002984619140648
2022-08-18,,False,0.6077501839985794,5.196094174479775,12.911004638671898
2022-08-19,,False,0.1070491540385949,2.7166082230768,12.751000976562525
2022-08-20,,False,0.0034546325339888,2.498503675407098,12.607995605468773
2022-08-21,,False,,1.5293184105576036,12.435998535156273
2022-08-22,,False,-0.1204788520983031,2.312871667434161,12.438989257812525
2022-08-23,,False,0.3566878015442075,3.3623592277510403,12.722985839843773
2022-08-24,,False,-0.0414296337725108,4.07677032854474,12.892999267578148
2022-08-25,,False,-0.2090922684899149,3.9193561440187383,12.747979736328148
2022-08-26,,False,1.5317975203717835,3.3359070005961757,13.019006347656273
2022-08-27,,False,0.2621795943280079,3.7609144168341393,13.015985107421898
2022-08-28,,False,0.1260630607594701,0.5634629285229198,12.978997802734398
2022-08-29,,False,-0.50944535839816,1.7851478830198495,12.863000488281273
2022-08-30,,False,1.5494114144503066,1.94763952730362,12.639001464843773
2022-08-31,,False,,2.6655118439207364,13.114007568359398
2022-09-01,,False,0.5215454163568952,4.54992033391012,12.836999511718773
2022-09-02,,False,1.073891060384529,3.92867197689316,12.997979736328148
2022-09-03,,False,-0.2446637755554332,2.013431315809504,12.885980224609398
2022-09-04,,False,-0.2272849291989396,2.61644808608084,12.725000000000025
2022-09-05,,False,-0.5591159245001032,2.0639056815095675,12.676995849609398
2022-09-06,,False,1.1153585754813116,2.335125871973146,12.973992919921898
2022-09-07,,False,-0.5057684926377493,2.479075546945201,13.118005371093773
2022-09-08,,False,-0.2410357969242849,4.041824622770238,13.131005859375025
2022-09-09,,False,1.2792679202372792,4.168779756235531,13.085992431640648
2022-09-10,,False,,2.1717646257233048,13.094995117187525
2022-09-11,,False,1.1209010944403968,2.524560933597948,13.083001708984398
2022-09-12,,False,-0.1374569248998223,4.65592371496076,12.952996826171898
2022-09-13,,False,0.4131711203520983,4.231934475724723,12.769006347656273
2022-09-14,,False,-0.0463902995553392,4.832658325536058,13.183984375000025
2022-09-15,,False,-0.1565459496117054,3.722636935324533,13.175988769531273
2022-09-16,,False,,2.7076506249675525,13.307000732421898
2022-09-17,,False,1.083291068162724,2.020383852734628,13.128991699218773
2022-09-18,,False,1.054264779627353,4.5598234059860285,13.359002685546898
2022-09-19,,False,0.9206351525698214,5.877340197002282,13.297998046875025
2022-09-20,,False,0.0122999099077819,5.716588238186479,12.868981933593773
2022-09-21,,False,-0.1199324673234223,7.467015056672277,12.331994628906273
2022-09-22,,False,0.0517799130865587,6.621121698197928,12.198999023437525
2022-09-23,,False,-0.0783183098817682,3.3856281365681253,12.278985595703148
2022-09-24,,False,-0.2351397649795918,4.67419605935284,12.506005859375025
2022-09-25,,False,0.6972757495590687,5.016354318537432,12.499993896484398
2022-09-26,,False,0.4324990067580672,5.4757613570892,12.227990722656273
2022-09-27,,False,0.0491217272870936,4.2031356828871695,12.247979736328148
2022-09-28,11.0,False,0.4065018390846123,3.476250416576078,12.247003173828148
2022-09-29,,False,,3.0374031619075312,12.267999267578148
2022-09-30,,False,-0.2345465753019907,3.630791136540433,12.368981933593773
2022-10-01,,False,0.1001430555380472,2.511053446042088,12.402978515625025
2022-10-02,,False,,3.1515981647409133,12.461999511718773
2022-10-03,11.0,False,0.2407640510703186,2.9678847405992914,12.717980957031273
2022-10-04,,False,0.7719056585162611,3.479579362772223,12.715997314453148
2022-10-05,7.434933333333333,False,0.7940226324157005,3.734280466567434,12.855981445312525
2022-10-06,5.0028749999999995,True,0.543353862658219,6.009491755510206,13.129998779296898
2022-10-07,5.473333333333334,True,0.2350230225617444,5.516841660612002,13.101007080078148
2022-10-08,8.201333333333332,True,0.7770789734603866,6.1029819186327225,13.118005371093773
2022-10-09,4.974791666666667,True,0.6426380203953169,3.4040910337179096,12.653985595703148
2022-10-10,6.293125000000001,True,0.3759063837255746,2.246423216054162,12.752984619140648
2022-10-11,4.008958333333333,True,1.0794911458102665,5.369594799924555,12.889001464843773
2022-10-12,3.6374166666666663,True,0.4372732445140661,5.990448560728656,13.093988037109398
2022-10-13,5.3308333333333335,True,0.8934124775160889,4.453315305321193,13.225000000000025
2022-10-14,8.124291666666666,True,0.7626054123151217,4.401798098113308,13.139978027343773
2022-10-15,14.578833333333334,True,0.3904279579533844,1.5693368346138374,12.846002197265648
2022-10-16,17.557583333333334,True,0.1610446250395086,2.57098452658984,12.176995849609398
2022-10-17,13.998833333333332,True,0.836774954955906,4.255590955853591,12.618005371093773
2022-10-18,7.904041666666667,True,1.3784621817727165,4.626945142874347,12.782983398437525
2022-10-19,5.617250000000001,True,1.0158013169845854,2.879263126358428,13.503991699218773
2022-10-20,6.345125,True,0.7635710890418708,3.9985361788460025,13.614984130859398
2022-10-21,17.873625,True,-0.0631190844156384,3.670279052118609,13.553002929687525
2022-10-22,15.046625,True,-0.1684762848819704,3.221897957220236,13.468988037109398
2022-10-23,11.824375000000002,True,0.7257694643101279,3.9423652675371503,13.536004638671898
2022-10-24,9.171125,True,-0.2099687887027318,4.296417759528653,13.326989746093773
2022-10-25,4.465208333333334,True,1.0268421350354942,2.6791707359553074,13.226007080078148
2022-10-26,4.841958333333333,True,0.5130307031872889,4.296393456768263,13.334985351562525
2022-10-27,7.056666666666666,True,0.2642980842964832,4.092981295763555,13.368005371093773
2022-10-28,7.084125,True,1.024896396575491,4.413361938331408,13.413995361328148
2022-10-29,4.394458333333334,True,0.3463416460434571,4.332613113244044,12.792993164062525
2022-10-30,2.1659166666666665,True,0.945960043147741,5.299098723503876,12.753991699218773
2022-10-31,1.0787916666666668,True,0.5989956191587817,2.9212897901918016,12.566979980468773
2022-11-01,0.4905,True,0.3353788768509873,1.5471214417513148,12.448999023437525
2022-11-02,0.773625,True,0.2311318468021695,1.529863155898494,13.448999023437525
2022-11-03,0.7600833333333332,True,0.542010435252265,1.8608049691590565,14.239007568359398
2022-11-04,0.9391666666666666,True,,2.122618328831693,14.476983642578148
2022-11-05,3.4127083333333332,True,0.3077359016887595,3.4056356951502345,14.714990234375025
2022-11-06,2.419375,True,0.4764523987447205,4.129754663009864,14.549005126953148
2022-11-07,2.707333333333333,True,,3.58865181173957,14.461999511718773
2022-11-08,2.4320416666666667,True,,2.242825460295088,14.873986816406273
2022-11-09,2.693333333333334,True,-0.3573676263048444,1.9996582887259375,15.089990234375025
2022-11-10,3.2122916666666668,True,0.4234082863187437,2.1735437879269,15.012994384765648
2022-11-11,2.997375,True,,1.957809600514017,15.010003662109398
2022-11-12,2.330458333333333,True,,2.1507434794716858,15.051995849609398
2022-11-13,1.1995416666666667,True,1.2328476697196111,4.0220048530013095,15.282006835937525
2022-11-14,0.6742083333333334,True,0.3024137236813424,4.714753826624942,15.029992675781273
2022-11-15,1.8542499999999995,True,-0.1953205732213938,1.355987099730659,15.020989990234398
2022-11-16,2.1846666666666668,True,0.2238665359642388,2.5222057204747177,15.323999023437525
2022-11-17,2.167875,True,0.1803302300695569,3.8072354432205655,15.430993652343773
2022-11-18,2.1381666666666668,True,-0.1134808119528922,4.894279753069538,15.273980712890648
2022-11-19,2.16375,True,-0.1372860527599272,5.353026004764477,15.330987548828148
2022-11-20,2.3221666666666665,True,0.755505813880579,4.781700694690064,15.527001953125025
2022-11-21,1.5516249999999998,True,-0.2614120402976622,3.2388633726637006,15.641992187500025
2022-11-22,2.7889166666666667,True,-0.1654425553412884,1.5790338590314363,15.387994384765648
2022-11-23,3.706666666666667,True,-0.3048874146397672,2.209544643463447,15.059991455078148
2022-11-24,4.045958333333333,True,0.6400006876035055,2.245196684907746,15.933007812500025
2022-11-25,5.782291666666667,True,0.9954699782746326,2.1281552396478483,16.165002441406273
2022-11-26,7.617166666666667,True,-0.0787666989749295,2.356126745614327,15.855981445312525
2022-11-27,9.181625,True,0.1950554920759294,2.607874432086085,15.808984375000025
2022-11-28,9.687958333333333,True,,2.633609796879088,15.705987548828148
2022-11-29,13.416833333333331,True,,2.3475093134570235,15.547998046875025
2022-11-30,14.649375,True,-0.5182078336011937,3.565306179798798,15.967980957031273
2022-12-01,13.034375,True,0.262365427301178,4.543837519184565,15.683007812500025
2022-12-02,13.073125,True,-0.2031152790983199,3.05605481053338,15.775994873046898
2022-12-03,11.06575,True,0.2355871149968846,3.421077515354844,16.058007812500023
2022-12-04,7.45925,True,0.6605437778395274,3.045043738864821,16.058984375000023
2022-12-05,7.686291666666667,True,-0.3240567558243303,1.9968069558016632,16.084008789062523
2022-12-06,11.834375,True,0.2590203256340136,2.3838193743123104,16.205987548828148
2022-12-07,11.178208333333332,True,0.3268850053053853,2.762853481537863,16.430993652343773
2022-12-08,15.732208333333332,True,0.0062047005070478,3.676515367051535,16.381982421875023
2022-12-09,12.21075,True,-0.0748314386129247,3.625263425858069,16.490991210937523
2022-12-10,11.835,True,-0.1346738558544107,4.490016291182194,16.312005615234398
2022-12-11,19.01545833333333,True,0.5810682219833051,1.429217785162493,16.123986816406273
2022-12-12,18.250083333333333,True,0.7826226814955888,2.139815047219962,16.403985595703148
2022-12-13,13.418333333333331,True,0.8079103385176398,1.6747212205656454,16.611993408203148
2022-12-14,12.59383333333333,True,0.3843953940851682,3.2372745186115117,16.592004394531273
2022-12-15,5.7924999999999995,True,0.3902211268169538,2.5666582842933563,16.557000732421898
2022-12-16,3.438166666666666,True,-0.2059931906343827,1.5841881115381862,16.273004150390648
2022-12-17,5.005208333333333,True,0.7076675695072446,2.813727830119476,16.200982666015648
2022-12-18,3.91725,True,0.4910975967148815,2.9709499017674643,16.157006835937523
2022-12-19,7.167222222222222,False,-0.0453572306385716,2.855621251125399,16.155999755859398
2022-12-20,,False,1.181130888662672,3.799574744836092,16.573999023437523
2022-12-21,,False,0.1444939199145387,4.219887930550573,16.533990478515648
2022-12-22,1.7034166666666668,True,0.9285286084217764,5.294074132983213,16.310998535156273
2022-12-23,1.4045416666666668,True,0.4113427252863194,6.0882860471088565,15.921990966796898
2022-12-24,1.6063333333333334,True,0.6867267341750788,3.141930030592268,16.162988281250023
2022-12-25,1.9934166666666664,True,-0.2077258119505437,2.197609278631107,15.963006591796898
2022-12-26,3.640333333333333,True,0.9537916064909864,1.521866462013416,16.189996337890648
2022-12-27,4.45075,True,0.5876264500123132,2.802679785213475,16.928979492187523
2022-12-28,4.577791666666667,True,0.3361607050121822,3.2399427450089906,17.107995605468773
2022-12-29,6.975625000000001,True,-0.3314930114049988,2.355007975845292,17.020989990234398
2022-12-30,6.931958333333334,True,-0.031970818378381,2.654965299428249,17.079003906250023
2022-12-31,3.976083333333333,True,1.146732695366434,2.78869929057576,17.188989257812523
2023-01-01,2.4143749999999997,True,-0.1272366105609425,3.5156047097659986,17.189996337890648
2023-01-02,0.8060833333333335,True,0.3748961011352828,4.393447507065488,17.303979492187523
2023-01-03,0.5287083333333333,True,0.4420528583693872,4.405454243551097,17.286004638671898
2023-01-04,10.2875,True,-0.1431452732236072,1.6061859171783806,17.006982421875023
2023-01-05,14.08483333333333,True,1.212080139248598,2.1626162148732893,17.271997070312523
2023-01-06,8.160583333333333,True,1.3691294312715123,2.2949864082341183,17.408990478515648
2023-01-07,4.976958333333333,True,1.216160886831,2.7939369666897464,17.732995605468773
2023-01-08,2.4744166666666665,True,0.8234749965758671,2.918945040939488,17.749993896484398
2023-01-09,1.212875,True,0.6153441226361321,3.277668372890027,17.907983398437523
2023-01-10,2.4225833333333333,True,0.7954321456137252,3.1090653612555297,18.396997070312523
2023-01-11,1.6959999999999995,True,0.6683640377184272,3.6353363595743935,18.29000244140628
2023-01-12,7.731333333333333,True,0.7566192826751946,4.283975207268934,17.820001220703148
2023-01-13,5.682208333333333,True,0.5033806713635999,4.481964353446981,17.766992187500023
2023-01-14,2.1947499999999995,True,0.8413056099779687,4.382039843708604,17.917993164062523
2023-01-15,1.2523333333333333,True,1.2519255747559392,4.038939972581283,17.683007812500023
2023-01-16,2.2604583333333337,True,0.5526166070114327,2.8450485391839604,17.648980712890648
2023-01-17,3.727916666666667,True,0.1072975184928232,3.140151985634944,17.790002441406273
2023-01-18,3.44,True,0.4969934659809387,3.187850747550208,18.016992187500023
2023-01-19,2.914,True,0.8836217537043664,3.531449269042746,17.813989257812523
2023-01-20,2.545458333333333,True,0.5967958072114112,4.349538556970352,17.683984375000023
2023-01-21,2.168833333333333,True,0.6707221873907084,3.2260910116143138,17.672998046875023
2023-01-22,1.8235,True,0.4046915382104,3.0349781164865712,17.894982910156273
2023-01-23,2.6936250000000004,True,0.0301755744525061,2.4865964485859515,17.816979980468773
2023-01-24,2.3364166666666666,True,0.0357067523105699,4.371762433225388,17.803002929687523
2023-01-25,2.0668333333333333,True,-0.4034775423271857,4.046704543277917,18.001000976562523
2023-01-26,2.010125,True,0.9718269647286232,4.707093730695662,17.769006347656273
2023-01-27,2.149625,True,0.116418811958511,4.20946432950432,17.881982421875023
2023-01-28,2.8789583333333333,True,1.043202395595569,3.453122878697034,18.015985107421898
2023-01-29,2.783041666666667,True,0.0995795603204711,2.758499937682757,17.786004638671898
2023-01-30,3.8310416666666662,True,0.859614482318044,3.0991604845293628,17.907983398437523
2023-01-31,5.687125000000001,True,0.3515424676988356,2.3688583918610258,17.777978515625023
2023-02-01,6.496083333333334,True,0.2590117140045661,3.2488985802946067,17.616998291015648
2023-02-02,6.067375000000001,True,0.1292487393819772,2.846864965595867,17.637994384765648
2023-02-03,6.543291666666666,True,-0.053719422874325,2.2284726274127484,18.202996826171898
2023-02-04,6.5092083333333335,True,1.1394077571307837,2.584251357606928,18.29000244140628
2023-02-05,4.991125,True,1.040939943701794,2.1263579277072964,18.5629821777344
2023-02-06,4.346125,True,0.3355520527551638,3.358937273839459,18.856988525390648
2023-02-07,7.482583333333333,True,0.1302468289594999,2.9204008641565884,18.589990234375023
2023-02-08,5.956333333333333,True,-0.1372431943248934,2.436028017991859,18.303979492187523
2023-02-09,4.393041666666666,True,-0.0825732395095921,2.1069979692291136,18.183007812500023
2023-02-10,1.869916666666667,True,-0.0756616868478705,1.978863398633537,18.450982666015648
2023-02-11,0.8626250000000001,True,-0.1562578810203886,2.348717865072452,18.538995361328148
2023-02-12,1.219625,True,-0.2352480081264721,2.8205534877005216,18.670983886718773
2023-02-13,1.4667916666666667,True,0.1098968459068793,4.665288729933667,18.451989746093773
2023-02-14,2.716583333333333,True,0.0285002619423927,4.642726578225068,18.1149841308594
2023-02-15,3.921125,True,0.0575829826851109,2.216390790571464,17.618005371093773
2023-02-16,10.056291666666668,True,0.0153628593156212,2.646955735437663,17.377984619140648
2023-02-17,11.223541666666668,True,0.6190619019327953,2.1753789070459457,17.848992919921898
2023-02-18,20.12975,True,0.8525427483240293,1.5165145831221172,18.111993408203148
2023-02-19,13.196875,True,0.3220130258074763,2.16427828744251,18.898004150390648
2023-02-20,15.859666666666664,True,0.208908285301534,2.2201640074258986,18.619989013671898
2023-02-21,14.058166666666663,True,,1.9189026317050384,17.773980712890648
2023-02-22,13.820791666666665,True,-0.0360558922959276,2.3375856551321954,18.148004150390648
2023-02-23,9.600958333333333,True,0.2497029732091493,2.327339790280263,18.3749938964844
2023-02-24,3.728166666666666,True,-0.0487875308648296,2.2751106901337144,17.980981445312523
2023-02-25,3.1840833333333336,True,0.3971643526527448,3.65051672945188,17.546990966796898
2023-02-26,1.2684583333333332,True,0.5442373795260933,3.591104468143062,18.088983154296898
2023-02-27,1.6299166666666665,True,-0.2194355857229347,2.073402264306263,18.2609802246094
2023-02-28,1.7440416666666667,True,0.3560810886355853,3.84134767734016,18.122979736328148
2023-03-01,1.5820833333333333,True,0.076114362531984,2.66606245188745,18.105981445312523
2023-03-02,2.928083333333334,True,-0.3125923366404708,2.8102539903365664,17.932000732421898
2023-03-03,6.559958333333334,True,-0.4718917635076527,2.020154723627463,17.895989990234398
2023-03-04,7.019458333333333,True,0.0248657039053438,2.9015131424071727,17.943994140625023
2023-03-05,6.181124999999999,True,-0.2982645165552193,1.8202595196481013,17.903985595703148
2023-03-06,3.9928333333333335,True,0.1758981758461276,1.740377492975702,18.287988281250023
2023-03-07,2.2680416666666665,True,0.681392014222254,2.2873308422917,18.438989257812523
2023-03-08,1.5045416666666664,True,0.6682330928215569,2.8781597484350754,18.701989746093773
2023-03-09,2.010875,True,0.0505445015768627,2.6585836724402863,18.83199462890628
2023-03-10,1.4305,True,-0.3521121333958244,3.1947528055110097,18.56099853515628
2023-03-11,1.4732500000000002,True,0.927295454458881,2.693006976266615,18.59200439453128
2023-03-12,1.2432083333333332,True,0.6604992051191212,2.809383474533102,18.680993652343773
2023-03-13,1.0555833333333335,True,0.8181198139666318,2.912734322749037,18.695001220703148
2023-03-14,1.59475,True,0.2464428868217664,3.068892574979573,18.90499267578128
2023-03-15,3.101791666666666,True,0.8541066183110254,2.689082268321524,18.424005126953148
2023-03-16,2.978333333333333,True,0.5066243385562049,3.6002051941826347,18.454980468750023
2023-03-17,2.2660416666666667,True,0.1873712517252522,4.181326694457374,18.695001220703148
2023-03-18,1.40025,True,0.0898170548641858,4.156104921534622,18.620996093750023
2023-03-19,1.6376666666666668,True,0.5607158655314466,1.4700274666729058,18.661981201171898
2023-03-20,2.3238749999999997,True,-0.1361565653278325,1.8411919599867308,18.536981201171898
2023-03-21,4.412541666666667,True,0.4340888393343676,1.9219065980445045,18.339990234375023
2023-03-22,6.493291666666667,True,-0.0338294102623668,2.103108107500427,18.254998779296898
2023-03-23,3.3172083333333333,True,0.750061445408815,2.206674203905435,18.348992919921898
2023-03-24,2.7312083333333335,True,-0.3128777075036148,1.1195261937672274,18.506005859375023
2023-03-25,3.947125,True,-0.305076908057496,1.2198500389761295,18.303002929687523
2023-03-26,3.7742083333333336,True,0.4345929285936947,2.1782362957856134,18.2189880371094
2023-03-27,4.521458333333334,True,-0.2807296868534716,3.459473717461539,18.307000732421898
2023-03-28,5.063291666666666,True,-0.3020189033683336,4.004057929202308,17.980004882812523
2023-03-29,4.7476666666666665,True,0.4403500717394564,3.755460806857784,17.738000488281273
2023-03-30,3.1332500000000003,True,-0.2446088508593416,2.175486957899108,17.514001464843773
2023-03-31,2.7275833333333335,True,0.2603815515393197,0.7993991278843917,17.335992431640648
2023-04-01,2.9097500000000003,True,0.5874257784649778,1.110485753084472,17.182000732421898
2023-04-02,4.262999999999999,True,0.0024059988297384,1.7628890740921976,17.111993408203148
2023-04-03,5.99925,True,0.6948396510063106,3.829068458460692,16.998986816406273
2023-04-04,6.353791666666666,True,-0.300828649511366,2.6347038231707054,16.963983154296898
2023-04-05,6.027958333333333,True,0.6550527030187353,2.845445578150775,17.075982666015648
2023-04-06,4.9301666666666675,True,0.4450340350204521,3.356305047215828,17.064996337890648
2023-04-07,5.238874999999999,True,0.1363622119655122,3.026971665948336,16.799005126953148
2023-04-08,6.624708333333333,True,-0.319516165538017,1.6344440270129712,16.796990966796898
2023-04-09,4.036208333333334,True,0.1742129901307249,1.9401650631967384,16.596978759765648
2023-04-10,3.72725,True,1.1341619598018324,1.892321325801375,16.721002197265648
2023-04-11,5.297,True,-0.2275458609177552,3.576710023473535,16.760980224609398
2023-04-12,6.763416666666667,True,1.3936377852792892,3.5558680490493697,16.762994384765648
2023-04-13,4.2115833333333335,True,0.8342428944331765,2.910828216643614,16.838983154296898
2023-04-14,4.491333333333333,True,1.1648922084217723,3.0117356208835706,16.904992675781273
2023-04-15,4.586875,True,1.6900261503101983,4.479017877739391,16.758996582031273
2023-04-16,4.933291666666666,True,1.2723847624425115,4.0341597129007,16.076989746093773
2023-04-17,3.3994999999999997,True,0.5945138952720896,5.127644271691696,15.730004882812525
2023-04-18,4.002625,True,0.4019179485250188,4.379782285946555,15.075006103515648
2023-04-19,6.905625000000001,True,1.311079625957262,2.787213975225778,14.844995117187525
2023-04-20,9.263541666666669,True,,0.8193337478165923,15.084985351562525
2023-04-21,8.920875,True,1.0670517645133828,1.3620503629258298,15.861993408203148
2023-04-22,7.859291666666667,True,-0.1809351625583822,2.4481654782455258,14.269982910156273
2023-04-23,8.287916666666666,True,0.3936094487939821,3.3203973770363167,15.571984863281273
2023-04-24,9.307166666666667,True,0.399235066389587,3.037282929210248,15.266992187500025
2023-04-25,9.10625,True,-0.1140390943474761,3.6403946620660097,14.994989013671898
2023-04-26,10.306458333333332,True,,2.076144260773826,15.133996582031273
2023-04-27,15.90033333333333,True,-0.6686281696088953,1.6882394515514116,15.734979248046898
2023-04-28,15.712666666666664,True,-0.5964537608481918,1.0188587427954672,15.523980712890648
2023-04-29,9.903541666666667,True,0.7194826449098366,0.8938987160608062,15.228997802734398
2023-04-30,4.889,True,1.236673451016987,4.646179816753342,15.221002197265648
2023-05-01,3.107541666666666,True,1.032996645649069,6.291223397248712,14.959008789062525
2023-05-02,3.626625,True,0.1618353191466168,4.834973174928845,13.909997558593773
2023-05-03,6.282833333333333,True,1.118543743407458,3.8175170840694648,13.732995605468773
2023-05-04,5.950611111111112,True,-0.2188939575130481,3.38261407360958,13.808007812500025
2023-05-05,3.412041666666667,True,1.0182791985112865,2.175600132668439,14.376000976562525
2023-05-06,7.142458333333333,True,-0.1809267993099127,1.5103311133496862,13.948999023437525
2023-05-07,11.111125,True,0.2785299921746338,2.713590479990033,14.019006347656273
2023-05-08,6.729083333333333,True,-0.2737663193322656,2.777188712659771,14.178979492187525
2023-05-09,6.533166666666666,True,-0.2764747136975139,2.4196516728022264,14.439996337890648
2023-05-10,3.939958333333333,True,-0.6531906115626899,1.1949276622171936,14.973992919921898
2023-05-11,3.172,True,-0.265772197244299,1.813703374077148,15.865991210937525
2023-05-12,4.155208333333333,True,-0.3040151244974144,1.006251733500671,15.840997314453148
2023-05-13,2.3124583333333333,True,-0.410272117939553,0.9751513257063894,15.734002685546898
2023-05-14,1.5595416666666668,True,1.3031643728697837,1.6678917512693283,15.924981689453148
2023-05-15,1.4348333333333334,True,-0.2812660413934786,0.7094987109512113,16.152978515625023
2023-05-16,1.9031666666666665,True,-0.5131597368760646,0.974035120796055,16.472985839843773
2023-05-17,2.078583333333333,True,0.6388420102176233,1.0813938037266504,16.402001953125023
2023-05-18,1.53775,True,0.1093687335605681,3.1202891453040107,16.390985107421898
2023-05-19,0.8369166666666666,True,-0.3073208462156824,3.83096497448174,16.428979492187523
2023-05-20,1.3613333333333333,True,-0.6571928791948386,2.1331215663872043,15.723992919921898
2023-05-21,1.3752916666666666,True,0.1507818560274977,1.695402632733595,15.320001220703148
2023-05-22,1.1712083333333334,True,0.0739360227760634,1.2828127195776555,15.195001220703148
2023-05-23,1.1364166666666666,True,-0.1287221291520744,1.547852670258812,15.084008789062525
2023-05-24,1.2656666666666665,True,0.3090742196778139,2.8940966973376323,14.549981689453148
2023-05-25,1.2277916666666668,True,-0.1153305631159437,2.905379832361741,14.586999511718773
2023-05-26,1.3221666666666667,True,0.2366728506023707,4.744436198470969,14.796990966796898
2023-05-27,1.5855833333333331,True,0.9666299614090164,4.155113373467064,14.912988281250025
2023-05-28,1.4499166666666667,True,0.0288092344536879,3.86875333502042,14.780999755859398
2023-05-29,1.832625,True,0.8450483656982934,2.6698268681474184,14.568994140625025
2023-05-30,1.5752499999999998,True,-0.3413460987001372,1.5323491221439305,15.036004638671898
2023-05-31,1.6639166666666665,True,0.35418833284836,4.344718789020431,15.536981201171898
2023-06-01,1.604125,True,-0.1137335092256154,3.222486498672658,15.508996582031273
2023-06-02,1.0602083333333334,True,-0.3763715668212245,2.5279942640889828,15.611993408203148
2023-06-03,0.626875,True,-0.317734357817994,4.332934984670444,15.034997558593773
2023-06-04,0.481,True,-0.237006629664346,3.5993173880541662,15.639978027343773
2023-06-05,0.6364166666666667,True,-0.0981882257318207,2.836434219298943,15.372979736328148
2023-06-06,1.280875,True,-0.3378658408653912,2.7974473655289978,15.355004882812525
2023-06-07,1.3825833333333335,True,-0.5182721597673665,0.6982737640233679,15.446984863281273
2023-06-08,1.3260833333333333,True,-0.5838478690067541,2.1318921380367115,15.359002685546898
2023-06-09,0.884125,True,-0.1043591832695647,3.9048383503418975,14.997003173828148
2023-06-10,0.6075833333333333,True,0.0897285105047817,6.674312310839617,14.705987548828148
2023-06-11,0.6391666666666667,True,-0.1820188381707511,6.252397978740631,14.282983398437525
2023-06-12,0.74275,True,-0.2124713493039197,4.410659284891623,14.071008300781273
2023-06-13,0.7636249999999999,True,-0.3641215704175031,2.822317315348307,13.340997314453148
2023-06-14,0.6935416666666666,True,0.0399546806854212,2.548202122007305,13.179986572265648
2023-06-15,0.6526666666666667,True,-0.028116731003195,3.9050356099158896,13.148004150390648
2023-06-16,1.12975,True,0.0318713908579307,3.38181491371757,13.286981201171898
2023-06-17,1.55625,True,-0.4015386208824629,0.825049550545219,13.999993896484398
2023-06-18,1.371916666666667,True,-0.5132915959757562,2.5724429245200526,14.560998535156273
2023-06-19,0.8664166666666667,True,0.2157221944587662,1.437234404671388,14.863000488281273
2023-06-20,0.8590833333333333,True,-0.1398392181451179,2.0317117459244605,14.925988769531273
2023-06-21,0.5615416666666667,True,,2.489281685517069,15.221978759765648
2023-06-22,0.4109166666666666,True,-0.2323258548662431,3.053615894243517,15.467004394531273
2023-06-23,1.442875,True,-0.1184152875812299,3.652311293885242,14.995996093750025
2023-06-24,1.3605,True,0.1007297151627812,3.747358113387244,14.804986572265648
2023-06-25,0.7604583333333332,True,-0.1700318612029918,4.35957739900315,14.628991699218773
2023-06-26,0.8452500000000001,True,-0.5272818716250701,4.209917467343567,14.603997802734398
2023-06-27,0.9770416666666666,True,-0.2246906254738719,5.663973141015507,14.619989013671898
2023-06-28,0.599125,True,-0.2308419679353685,3.924896774430245,14.506982421875025
2023-06-29,0.5946250000000001,True,-0.3436584836558048,4.730597592661647,14.202996826171898
2023-06-30,0.59725,True,-0.4728979936874745,4.317702717692828,14.129998779296898
2023-07-01,0.7502083333333333,True,-0.5112726164390416,1.3128222922204458,14.144006347656273
2023-07-02,1.3845416666666666,True,-0.3722942230041605,2.1103705860076643,13.943994140625025
2023-07-03,1.3782916666666665,True,0.1904524135481216,3.747494654377029,14.053002929687525
2023-07-04,1.0947083333333334,True,-0.1777153100212777,3.4512893196333887,14.006982421875025
2023-07-05,1.2923333333333331,True,,4.330569713636824,13.911981201171898
2023-07-06,1.2587916666666663,True,-0.2521298377018417,4.28229142591729,14.033990478515648
2023-07-07,0.9078333333333334,False,-0.4135902366604833,1.96756805605165,14.142999267578148
2023-07-08,,False,0.0966887455202589,1.8037460492050532,14.894006347656273
2023-07-09,,False,,2.8233151613494765,14.710992431640648
2023-07-10,,False,,1.4782832731460689,14.812005615234398
2023-07-11,,False,-0.2376482886208866,3.5156562955410027,15.162988281250025
2023-07-12,,False,-0.0305821798654534,0.2351392562938817,14.865991210937525
2023-07-13,,False,-0.0077234773477309,4.561159564166805,14.812982177734398
2023-07-14,,False,-0.1198982472682375,5.105574853247446,14.760980224609398
2023-07-15,,False,-0.177274148793433,3.229998192542276,14.633996582031273
2023-07-16,,False,-0.1503373083842682,2.696557570584955,14.370996093750025
2023-07-17,,False,-0.3370389749932765,2.42008271558515,14.271997070312525
2023-07-18,,False,0.0970347033474011,2.685884312833755,14.308984375000025
2023-07-19,,False,-0.3190334122096132,2.1735420797725418,14.904992675781273
2023-07-20,,False,,1.9097012755109497,15.141992187500025
2023-07-21,,False,-0.402539978279901,0.5068105018395934,14.502984619140648
2023-07-22,,False,-0.1306045592956685,1.5439678367490786,14.650994873046898
2023-07-23,,False,-0.3129787531507083,5.172890443004377,14.670983886718773
2023-07-24,,False,0.1380067254247399,4.611243858455691,14.495996093750025
2023-07-25,,False,-0.1862303598464479,4.464712078299508,14.596978759765648
2023-07-26,,False,-0.2370590373836976,4.732911020986377,14.667993164062525
2023-07-27,,False,0.0670033061159278,4.24246083656249,14.812005615234398
2023-07-28,,False,-0.5113456282824475,2.245333097643784,14.752008056640648
2023-07-29,,False,-0.6336365812419913,2.366949728543883,14.646997070312525
2023-07-30,,False,,2.2294699022913087,14.706994628906273
2023-07-31,,False,-0.3277514248631477,2.447437653005606,14.907006835937525
2023-08-01,,False,0.1461056178510889,4.157599165513662,14.766992187500025
2023-08-02,,False,-0.4193329275768009,1.196576691781315,14.744989013671898
2023-08-03,,False,0.9563115338509828,0.637841693309337,14.782983398437525
2023-08-04,,False,,1.7171727048961538,14.822991943359398
2023-08-05,,False,,3.2608853164459446,14.090997314453148
2023-08-06,,False,-0.1768445983606161,0.8531035481549805,13.988000488281273
2023-08-07,,False,-0.1402066042044522,2.8273155531913003,14.079003906250025
2023-08-08,,False,-0.1215095117611846,2.143011310889812,14.335992431640648
2023-08-09,,False,,1.1839528190211075,14.754998779296898
2023-08-10,,False,-0.281910849595265,0.8151380990933028,14.674005126953148
2023-08-11,,False,0.230399564691075,6.873573428345367,14.420983886718773
2023-08-12,,False,1.0229011595841704,4.644292893927235,13.597985839843773
2023-08-13,,False,-0.4137658789787266,1.013401603111992,13.282983398437525
2023-08-14,,False,-0.6010633352740486,1.8166644066408664,13.672998046875025
2023-08-15,,False,,2.112086151697139,14.586999511718773
2023-08-16,,False,0.5149629620024607,1.361183716738784,14.805993652343773
2023-08-17,,False,0.0836316077961778,3.601505051605155,14.701989746093773
2023-08-18,,False,0.150639294354889,5.5624208875671375,14.816003417968773
2023-08-19,,False,0.1929464969104245,4.165059136074269,15.037988281250025
2023-08-20,,False,0.3008497401498446,3.730659798542787,14.950982666015648
2023-08-21,,False,1.7286528453405043,2.339966856741244,14.843988037109398
2023-08-22,,False,0.4749364112515829,1.570071772494266,14.825006103515648
2023-08-23,,False,-0.1242865205344868,1.3056918916751823,14.920983886718773
2023-08-24,,False,1.302023748794857,5.377755146529566,14.741998291015648
2023-08-25,,False,-0.0125549393803662,6.22820421960843,14.592980957031273
2023-08-26,,False,1.0784305257566835,5.57209234785724,14.351983642578148
2023-08-27,,False,0.6026566670001828,3.898097608645848,13.993005371093773
2023-08-28,,False,0.7118216726686909,2.1331055829597325,13.967004394531273
2023-08-29,,False,0.2102422816218591,4.17731736211142,13.939996337890648
2023-08-30,,False,1.301491390488699,6.77256009536027,13.935998535156273
2023-08-31,,False,0.123118483044869,5.458210834523427,14.002984619140648
2023-09-01,,False,-0.472443791440774,3.5629244888470217,14.041986083984398
2023-09-02,,False,,1.5928703563503137,13.662988281250025
2023-09-03,,False,0.2870999598657878,1.824296279233444,13.642999267578148
2023-09-04,,False,0.1018009104744294,3.017310794274612,13.566979980468773
2023-09-05,,False,-0.0968277616615347,4.565835785078671,13.473992919921898
2023-09-06,,False,0.0321091748340384,3.841770999887382,13.454980468750025
2023-09-07,,False,0.2747294415961663,5.094205930888114,13.829980468750025
2023-09-08,,False,0.0808048127113178,4.892220521449216,13.827996826171898
2023-09-09,3.5681666666666665,True,-0.2454206519099252,2.9426797856767446,13.911004638671898
2023-09-10,3.0532083333333335,True,-0.2226395779912556,3.113035024676872,13.894982910156273
2023-09-11,1.8005833333333332,True,0.9193978977212854,4.739470474877539,13.952996826171898
2023-09-12,1.5475416666666668,True,0.3893385330837104,6.76026828779097,13.370996093750025
2023-09-13,1.2577083333333332,True,0.6066862470608184,5.801103486422459,13.346002197265648
2023-09-14,1.18575,True,1.0614422496949072,6.898897932003715,13.593988037109398
2023-09-15,1.7014166666666668,True,-0.0688880133401355,5.699780996939087,13.787988281250025
2023-09-16,1.8635,True,0.3328019827101414,3.5506073232327635,14.144982910156273
2023-09-17,2.8513749999999995,True,-0.5094686578993226,5.046983491768808,14.213006591796898
2023-09-18,3.150416666666666,True,0.0676987838271293,5.0887875359074535,14.137994384765648
2023-09-19,7.479166666666667,True,0.3203960889061964,1.434875297517604,13.924005126953148
2023-09-20,10.268,True,0.2790734555058629,2.215522544217253,14.256005859375025
2023-09-21,9.056875,True,1.2728911647386616,2.680221676332313,14.683007812500025
2023-09-22,6.783083333333333,True,0.5894940473311906,4.779851646382336,14.786981201171898
2023-09-23,6.729083333333333,True,1.3408491672979532,4.898223994673323,14.568994140625025
2023-09-24,5.00425,True,1.1692823237839058,5.956078649359348,14.459985351562525
2023-09-25,5.213708333333333,True,0.5043882697331882,5.971149236478276,14.325982666015648
2023-09-26,1.3572499999999998,True,1.129193658845897,7.271638255630688,13.959985351562525
2023-09-27,1.4195416666666667,True,0.15038083691389,5.384471550525813,13.305993652343773
2023-09-28,1.8160416666666663,True,0.9536884495482278,4.957452803718028,13.084985351562525
2023-09-29,1.9935416666666663,True,0.249881407865961,4.224097537342189,12.956994628906273
2023-09-30,5.939583333333334,True,0.3585248677237569,1.856409767626377,13.161981201171898
2023-10-01,8.654041666666666,True,-0.2402169307680206,1.9392151341893893,13.540979003906273
2023-10-02,8.897125,True,1.4128228582964797,2.94302591115958,13.317987060546898
2023-10-03,9.391458333333333,True,1.04398905588301,4.284543912036559,13.254998779296898
2023-10-04,2.845,True,0.7287992682233302,5.803967828970944,13.226007080078148
2023-10-05,2.493875,True,1.2746294711625268,4.474338063462089,13.144006347656273
2023-10-06,4.939791666666666,True,0.313526737219316,3.789603424255296,12.989007568359398
2023-10-07,5.32675,True,0.8462666304977681,5.015175873615937,13.310998535156273
2023-10-08,5.610499999999999,True,0.6122594971767507,5.015655118778023,13.787988281250025
2023-10-09,11.231416666666666,True,0.3254103811288327,3.196795689568243,13.658990478515648
2023-10-10,13.846416666666668,True,0.9990051300985536,3.962367943682205,13.650994873046898
2023-10-11,7.731416666666667,True,0.6687377202306503,6.152860197759767,13.597985839843773
2023-10-12,5.603458333333333,True,1.2899595435319322,5.743412507734783,13.639978027343773
2023-10-13,9.385458333333332,True,0.6752389460833355,3.853956128455996,13.764001464843773
2023-10-14,16.33725,True,0.8801804725046474,3.608722917448316,14.006005859375025
2023-10-15,12.214375,True,,5.141093697687928,14.204003906250025
2023-10-16,8.151625000000001,True,0.5540080040469433,5.485041696486992,14.107995605468773
2023-10-17,10.027500000000002,True,0.00025112481786,1.9089046826237888,13.839990234375025
2023-10-18,11.267333333333331,True,0.7575712056220779,2.591149626083808,13.601983642578148
2023-10-19,11.854416666666664,True,0.5781590868467661,3.575699732390187,13.960992431640648
2023-10-20,9.75125,True,0.2121680373473105,2.205510714699958,14.575982666015648
2023-10-21,6.457125,True,0.5076183671579212,2.4573534649814115,14.676995849609398
2023-10-22,4.012041666666666,True,0.1141240226750105,2.296024684183838,14.762994384765648
2023-10-23,4.319125,True,0.3349083564430174,3.4957971912504178,14.610986328125025
2023-10-24,4.1835,True,0.4798750903357783,5.270014140412555,14.778985595703148
2023-10-25,3.1527499999999997,True,-0.2630022064698685,4.350516105534517,14.683007812500025
2023-10-26,1.4219583333333332,True,0.1388959944693897,3.333285845605828,14.679986572265648
2023-10-27,0.5485000000000001,True,0.1771165817239962,2.4349541316734844,14.516992187500025
2023-10-28,0.6552916666666667,True,0.0680013746439732,2.6702014594783283,14.596978759765648
2023-10-29,1.1463333333333332,True,1.4178360717538268,2.259876275279118,15.067987060546898
2023-10-30,1.950416666666667,True,0.3768605433366622,4.764242939762472,15.441003417968773
2023-10-31,2.6619166666666665,True,0.2411962449888869,5.591758068008082,15.135003662109398
2023-11-01,2.7135,True,-0.1044986102188394,4.906114112336074,14.688989257812525
2023-11-02,2.4890833333333333,True,1.040192479683302,5.82932951333613,14.451989746093773
2023-11-03,2.464916666666667,True,0.1319778133514477,4.181618864900071,14.415979003906273
2023-11-04,2.5465416666666667,True,0.467533122762991,2.200765589731046,14.809991455078148
2023-11-05,2.1366666666666667,True,0.5981968527106714,3.130589167632133,14.641992187500025
2023-11-06,2.43425,True,0.0013077038904298,2.951133039268865,14.902001953125025
2023-11-07,2.038875,True,0.4632158452076421,5.384469641524503,14.993981933593773
2023-11-08,1.9009166666666664,True,0.1608254649305804,5.830054126546092,14.852990722656273
2023-11-09,2.6562916666666667,True,,1.031271112963143,14.760003662109398
2023-11-10,2.5520416666666668,True,-0.3453882304380068,1.974975463154771,14.902001953125025
2023-11-11,2.5688333333333335,True,-0.3310180129598137,4.291752117207507,14.997003173828148
2023-11-12,1.88275,True,0.1042207470382331,6.085790541660936,14.592980957031273
2023-11-13,2.533125,True,0.0224018588180719,6.587949491861457,14.378991699218773
2023-11-14,1.737458333333333,True,0.0019822690717322,3.8535222186061007,14.467004394531273
2023-11-15,1.5965833333333337,True,-0.0552920630467672,5.340359120050605,14.674981689453148
2023-11-16,0.9547272727272728,False,-0.014910679533001,5.48057649577599,14.911004638671898
2023-11-17,,False,0.0815643759492357,4.524437676937264,14.541986083984398
2023-11-18,,False,-0.1463821445429373,5.0222721937505925,14.739007568359398
2023-11-19,,False,-0.3179953761526201,3.467331505056704,14.937005615234398
2023-11-20,,False,-0.2966822282223679,4.2354589466975066,14.597985839843773
2023-11-21,,False,-0.1293912975105643,3.648461485676759,14.278985595703148
2023-11-22,,False,-0.0224847368019683,4.839846231340376,14.223992919921898
2023-11-23,,False,-0.245612549435616,2.14426414960824,14.389978027343773
2023-11-24,,False,-0.3221221620292812,2.571926518124727,14.711999511718773
2023-11-25,,False,-0.2935678172016132,3.941740937805485,14.963006591796898
2023-11-26,,False,-0.3459983479389588,2.7872706405485705,15.023004150390648
2023-11-27,,False,-0.2535334672429347,2.7774594426620407,14.993005371093773
2023-11-28,,False,0.7013405588174301,4.224902360506473,15.079980468750025
2023-11-29,,False,0.4121431971157618,5.125083782907898,15.006005859375025
2023-11-30,,False,-0.1768262396645093,2.885602351846079,14.872979736328148
2023-12-01,,False,1.1432089902405558,4.18803039291867,14.861993408203148
2023-12-02,,False,0.8201777825389024,5.707457259722656,15.046990966796898
2023-12-03,,False,1.1056989428001152,5.077183827636662,15.067987060546898
2023-12-04,,False,0.2111591421758772,3.660301821542474,15.165979003906273
2023-12-05,,False,0.4442559621550482,4.786606602682647,15.222985839843773
2023-12-06,,False,1.0514548941264412,4.794109808205459,15.398004150390648
2023-12-07,,False,-0.0429306267698006,4.141094958166577,15.299981689453148
2023-12-08,0.9117916666666668,True,1.0878731006301143,4.701994320949895,15.554986572265648
2023-12-09,0.6469583333333334,True,0.5052844415788882,5.169196745497342,15.188989257812525
2023-12-10,4.071750000000001,True,-0.2681745999195357,1.5559155680381362,15.144982910156273
2023-12-11,3.8310833333333334,True,0.0701780291736161,2.4968087211780485,15.068994140625025
2023-12-12,4.1845,True,0.1170064872432017,4.580288354746804,14.800988769531273
2023-12-13,8.110833333333334,True,-0.0198587710599667,3.8249326786427695,15.079003906250025
2023-12-14,9.307875,True,1.1411575213781548,2.7318447051080885,15.256982421875025
2023-12-15,7.729375,True,0.1186771953133793,3.17533407438011,15.240991210937525
2023-12-16,7.164666666666666,True,0.036107365325725,2.877264981235285,15.131005859375025
2023-12-17,5.574249999999999,True,0.898736847375869,4.915867958140911,15.114007568359398
2023-12-18,3.8951666666666664,True,0.3729650247263468,4.2619536906160365,15.111993408203148
2023-12-19,6.072916666666667,True,0.5001509917967631,3.4832043267770234,15.348992919921898
2023-12-20,6.682541666666666,True,0.884306776852081,4.457889132905723,15.456994628906273
2023-12-21,3.45325,True,-0.3359576418785608,3.837504413669857,15.368005371093773
2023-12-22,3.044208333333333,True,-0.1284610482148976,4.170932388249836,15.273980712890648
2023-12-23,1.0358333333333334,True,,2.321594187271984,15.394006347656273
2023-12-24,0.8598750000000001,True,-0.6885241901996677,2.5865689631940767,15.648980712890648
2023-12-25,0.8107083333333334,True,-0.5253897936567739,2.222496053790889,15.856988525390648
2023-12-26,0.8927083333333333,True,-0.4966948815408286,2.688241134214659,16.123986816406273
2023-12-27,2.334125,True,0.1783648502608887,2.14735506024275,16.485986328125023
2023-12-28,4.471416666666666,True,-0.4072695271790607,2.304018505554308,16.313989257812523
2023-12-29,6.487958333333332,True,0.7727001471643495,2.669908813162828,16.863000488281273
2023-12-30,5.794666666666667,True,0.3872415397789267,2.7601304357685605,17.192987060546898
2023-12-31,2.3667916666666664,True,0.6960546341639382,3.814933721896572,17.197991943359398
2024-01-01,1.4748749999999995,True,1.1353967209804936,4.539400361074423,17.195001220703148
2024-01-02,1.3474583333333332,True,-0.2063472802271944,3.9976218506643098,17.265985107421898
2024-01-03,4.187583333333333,True,0.8478538991168959,2.336905046691395,17.243005371093773
2024-01-04,5.254875,True,-0.1882778113230113,2.32622494419794,17.054986572265648
2024-01-05,4.764958333333333,True,0.7142631363462085,2.304438889074809,17.015985107421898
2024-01-06,4.161791666666667,True,0.6344727478405022,3.1271558152036483,17.152001953125023
2024-01-07,4.034458333333333,True,0.4263716804099642,4.241541171698776,17.249993896484398
2024-01-08,2.731,True,0.852455205224224,5.048327695042264,16.982995605468773
2024-01-09,2.405666666666667,True,0.2283682682185285,5.128898776209992,16.602990722656273
2024-01-10,2.1230833333333337,True,0.4594833480695367,4.725858829173687,16.544000244140648
2024-01-11,1.9541666666666668,True,0.0184865767135558,3.867624901783076,16.669000244140648
2024-01-12,2.672,True,,3.4917584942280224,16.415979003906273
2024-01-13,3.5416190476190472,True,0.482658364759556,4.270106745958229,16.400994873046898
2024-01-14,2.9018750000000004,True,0.0063235506675663,5.342567368579822,16.394982910156273
2024-01-15,4.860291666666666,True,-0.1536109948403263,4.079039344208501,16.516992187500023
2024-01-16,5.959499999999999,True,-0.0551639246527317,5.836163445642009,16.769982910156273
2024-01-17,5.785,True,0.0162568470636066,2.875978030935711,16.856988525390648
2024-01-18,7.041708333333333,True,-0.0477799287900617,4.525983842714039,17.021997070312523
2024-01-19,3.7794500000000006,True,0.0426211038972145,3.17993624638284,16.605004882812523
2024-01-20,9.268791666666669,True,0.583055267109939,2.4933089239069868,16.476983642578148
2024-01-21,8.613625,True,-0.3299255142030268,2.782617867881283,17.338006591796898
2024-01-22,3.261083333333333,True,-0.4141811268192782,2.759126317580728,17.594995117187523
2024-01-23,2.6172083333333336,True,-0.2907223335678,3.1621925771258885,17.520989990234398
2024-01-24,2.446458333333333,True,-0.4543072591671809,3.247458969934125,17.209985351562523
2024-01-25,7.520458333333333,True,0.1545616125545608,2.3776936301595666,17.963006591796898
2024-01-26,3.3326,False,1.3434225158879862,2.143417987749505,18.200982666015648
2024-01-27,1.9487916666666667,True,1.1864129388725253,3.216786942555774,18.764001464843773
2024-01-28,3.930333333333333,True,0.1297727814521979,2.4486105305415125,18.652001953125023
2024-01-29,6.243833333333334,True,-0.1272967458850435,2.7819067152621777,18.153985595703148
2024-01-30,8.842,True,-0.4048352387175427,2.8695662496576246,18.23800048828128
2024-01-31,7.94175,True,-0.4582032098263534,1.7912027410792175,18.127984619140648
2024-02-01,6.711708333333333,True,0.2318983192044142,1.7458593650434715,18.376000976562523
2024-02-02,4.49175,True,0.0659968458303253,2.6786118522366213,18.351983642578148
2024-02-03,3.1946666666666665,True,0.7591226277251254,1.580233371891657,18.3640075683594
2024-02-04,2.0817083333333333,True,0.3855487999630892,1.4447612992120442,18.847985839843773
2024-02-05,1.2652666666666663,False,0.5711934461513025,3.045362966497835,19.713983154296898
2024-02-06,1.27475,True,0.1020166011730037,2.4779538308742945,19.857995605468773
2024-02-07,1.9401666666666664,True,-0.1481873294132781,3.5922191851712197,19.734002685546898
2024-02-08,3.8061666666666665,True,-0.3136361768304924,2.8218824070499693,19.490991210937523
2024-02-09,4.708555555555556,False,0.1501709192729232,3.8227337059706312,19.4890075683594
2024-02-10,4.941166666666667,True,0.1152955828828811,4.316174723915843,19.544000244140648
2024-02-11,0.9272083333333332,True,0.3713786734501387,4.511111128558615,19.398004150390648
2024-02-12,1.3095,True,-0.2217360998646911,3.850720009165788,19.2499938964844
2024-02-13,1.336458333333333,True,-0.3775150005326937,2.0264744079418757,18.6769958496094
2024-02-14,1.5680416666666666,True,0.2994460994920079,2.4311150478545533,19.265008544921898
2024-02-15,2.025041666666666,True,,3.4572536668910328,19.247003173828148
2024-02-16,1.2665833333333332,True,-0.5007983256735822,4.101643086587418,19.230981445312523
2024-02-17,0.8134583333333335,True,0.3808238064896355,4.615147864528611,18.981988525390648
2024-02-18,1.0622083333333334,True,-0.2327364598684649,2.0930001201037336,19.045007324218773
2024-02-19,1.8447083333333336,True,-0.4748843299179409,2.411069915600727,18.325006103515648
2024-02-20,2.990208333333334,True,0.7806871459041004,2.0840341407021072,18.330987548828148
2024-02-21,4.159416666666666,True,0.9958881277687232,1.325916842778393,18.391992187500023
2024-02-22,5.986125,True,0.8058220241858925,1.442689106285428,18.329980468750023
2024-02-23,6.450833333333333,True,0.4040499425486146,2.6883520798789347,18.639001464843773
2024-02-24,5.234875,True,0.5145815034850061,2.768942318148346,18.919000244140648
2024-02-25,3.567458333333333,True,,2.67781968868721,18.627984619140648
2024-02-26,1.6805416666666666,True,-0.4442649349809276,2.932330493362342,18.473992919921898
2024-02-27,0.4753749999999999,True,-0.3323398106351019,2.794003486005831,18.705987548828148
2024-02-28,0.418875,True,-0.3665481225925385,3.447952962555632,18.691979980468773
2024-02-29,0.5865,True,-0.4512194556418175,2.886039918446345,18.691003417968773
2024-03-01,0.9314583333333334,True,-0.4614206373497789,2.733004479707133,18.695001220703148
2024-03-02,1.669125,True,-0.4116372308585068,2.061933688573195,18.46700439453128
2024-03-03,1.950458333333333,True,-0.3468364537323311,1.571659816240823,18.773004150390648
2024-03-04,1.2645,True,-0.1923225689085012,2.3218100604740584,18.741998291015648
2024-03-05,0.97625,True,-0.4217805206039581,2.872053839501994,18.700006103515648
2024-03-06,0.7817083333333333,True,-0.4749412734897043,2.932746806844312,18.454003906250023
2024-03-07,0.6740833333333333,True,-0.2745989381445807,3.4887736686120294,18.553979492187523
2024-03-08,0.7323333333333334,True,-0.3025192030607638,5.454429458861724,18.63399658203128
2024-03-09,0.9781666666666666,True,-0.2965981761424233,4.744958667939144,18.6140075683594
2024-03-10,1.22575,True,0.0899154724376949,3.0401127962738617,18.501000976562523
2024-03-11,1.528333333333333,True,0.4875852297416073,3.858709682787678,18.490991210937523
2024-03-12,1.547291666666667,True,0.4603825206665769,5.166872709535344,18.303002929687523
2024-03-13,1.6784,True,0.1771174425540235,5.536406921394947,18.137994384765648
2024-03-14,1.4633333333333332,True,0.1694878460333991,4.863623599253072,17.937005615234398
2024-03-15,2.433095238095238,True,0.9355900872598916,4.288569464140584,17.165002441406273
2024-03-16,3.1831666666666667,True,0.7310682643507413,3.660300072317131,17.269982910156273
2024-03-17,3.735625,True,0.8636561548152516,2.818260214995592,17.029992675781273
2024-03-18,3.2083333333333335,True,0.1273728200950737,1.544596427172175,16.719995117187523
2024-03-19,3.0420833333333337,True,0.2143631094562494,1.610668099800867,16.898980712890648
2024-03-20,2.422625,True,-0.144815175351982,1.3978873741484343,17.050988769531273
2024-03-21,1.3122916666666666,True,0.4998951153394207,2.460842292404187,17.144982910156273
2024-03-22,2.4423333333333335,True,-0.1723616714284877,1.6237940098809718,17.103997802734398
2024-03-23,3.140875,True,-0.178372916460925,3.3179427322602417,16.939996337890648
2024-03-24,2.032958333333333,True,-0.1888368068911059,2.806757135133776,16.829980468750023
2024-03-25,,False,-0.0853434972398502,1.8842971650288105,16.975000000000023
2024-03-26,4.528,False,-0.1254521689054858,2.417661784137984,16.675988769531273
2024-03-27,,False,-0.3405391224639996,2.781550486894329,16.661004638671898
2024-03-28,,False,-0.3196231717350505,2.7047527146014607,16.183007812500023
2024-03-29,,False,-0.3256546501763153,2.4009927477925155,16.984979248046898
2024-03-30,,False,-0.2592333384706983,2.3720423209471457,16.675988769531273
2024-03-31,,False,-0.0878716269379129,1.972539776131875,16.709985351562523
2024-04-01,,False,0.3266126314530385,5.026229407336217,17.153985595703148
2024-04-02,,False,0.6173173957510634,3.9520186215889104,15.700982666015648
2024-04-03,,False,-0.0890387891477666,4.039431468559677,15.494989013671898
2024-04-04,,False,0.641389765593067,4.475695283475215,15.269982910156273
2024-04-05,,False,0.1467382863059676,3.6887109106852383,15.015985107421898
2024-04-06,,False,-0.1918206665982037,5.202404188290951,14.881982421875025
2024-04-07,,False,-0.1797779722694644,3.6008303526588303,15.086999511718773
2024-04-08,,False,-0.65557194260485,3.865727387010096,15.550988769531273
2024-04-09,,False,-0.6964027236583885,2.4325752503893106,15.864007568359398
2024-04-10,,False,-0.5042226361442138,2.196745742512161,16.040979003906273
2024-04-11,,False,-0.461261839752011,2.8162896742587016,15.814996337890648
2024-04-12,,False,-0.1344122071457533,3.1497555987426824,15.274987792968773
2024-04-13,,False,0.4147930087903646,1.4348646448787927,15.390985107421898
2024-04-14,,False,0.0603620393350757,1.5714352662903055,15.430993652343773
2024-04-15,,False,0.5395445215671062,1.4070423555276554,15.495996093750025
2024-04-16,,False,1.041422015323172,4.383593068220739,15.732995605468773
2024-04-17,,False,1.0892734623361957,4.692184743762925,15.576989746093773
2024-04-18,,False,-0.3018907281435424,1.3542225023447076,15.428979492187525
2024-04-19,,False,0.2766309170081347,2.098797390937744,15.530999755859398
2024-04-20,,False,,1.305526672064523,15.519006347656273
2024-04-21,,False,-0.5542290789306044,2.5446274558327606,15.554986572265648
2024-04-22,,False,0.9897363885552362,1.4572388535846592,15.678002929687525
2024-04-23,,False,-0.5316337401376455,3.062499465066946,15.588006591796898
2024-04-24,,False,0.593749530307692,3.435208791433203,15.482995605468773
2024-04-25,,False,0.4235543797804231,4.721357876074309,15.503991699218773
2024-04-26,,False,1.132449980412268,5.392606417303444,15.688989257812525
2024-04-27,,False,0.0248587613312598,5.978361091541353,15.786004638671898
2024-04-28,,False,0.6380643431304428,4.985382918083568,15.089990234375025
2024-04-29,,False,0.0153426199593843,3.297575603050148,14.920007324218773
2024-04-30,,False,-0.1340236771743709,3.577412774028,14.475000000000025
2024-05-01,,False,1.4125007358144293,5.632399875684835,14.045007324218773
2024-05-02,,False,-0.0581106836543031,5.986831285194721,13.537988281250025
2024-05-03,,False,0.8772828691923124,4.261837941135568,13.471978759765648
2024-05-04,,False,0.1100518996515484,4.176501679415584,13.450006103515648
2024-05-05,,False,0.1063878690924208,3.3742643079277657,13.460992431640648
2024-05-06,,False,1.2559735982069629,2.689085036248428,13.588983154296898
2024-05-07,10.838583333333334,True,0.8111836971274741,1.5488465951714878,13.343988037109398
2024-05-08,9.555291666666667,True,1.2444356632542717,4.7097273077950295,13.581994628906273
2024-05-09,8.601708333333333,True,-0.5144175929265307,1.922773401429207,13.809991455078148
2024-05-10,11.195416666666668,True,-0.2144021692112533,1.5691752384989632,13.791986083984398
2024-05-11,9.071625,True,1.1774942877541326,5.287141014847917,14.208001708984398
2024-05-12,4.577125,True,0.4569659399119842,6.007852434333164,14.127984619140648
2024-05-13,3.8350833333333334,True,1.0707669433886884,5.382921003547168,13.829003906250025
2024-05-14,4.506291666666666,True,-0.3870045334868066,4.475540020359706,13.764001464843773
2024-05-15,5.005791666666666,True,-0.3516753070598014,2.227895181032196,13.476983642578148
2024-05-16,7.147000000000001,True,1.4896314069645546,3.429966630885342,12.743981933593773
2024-05-17,8.376666666666667,True,-0.2097820218380194,2.315127030679162,12.898980712890648
2024-05-18,8.0895,True,1.1597781179532871,3.79053860767731,12.863000488281273
2024-05-19,8.31625,True,1.2284652237281704,4.261289266637458,12.885980224609398
2024-05-20,10.69925,True,,3.448241403201517,12.956994628906273
2024-05-21,9.762125,True,-0.0132686582623784,4.152244342593423,13.683984375000025
2024-05-22,13.047583333333334,True,0.1459315463201616,1.54252815483049,13.150994873046898
2024-05-23,11.250583333333331,True,1.0454545024981765,2.4688185621041803,13.175988769531273
2024-05-24,6.766291666666667,True,0.5040710451809081,2.6212682253764346,12.939996337890648
2024-05-25,10.231958333333331,True,-0.5814090792453402,1.3258972558055675,13.208001708984398
2024-05-26,7.030374999999999,True,0.0404228182923935,1.49553919686643,13.283990478515648
2024-05-27,2.73775,True,1.032316081375805,2.631819721328285,13.316979980468773
2024-05-28,3.015333333333333,True,-0.5046809708249108,2.315536748213713,13.312005615234398
2024-05-29,2.3502499999999995,True,-0.1002118237647895,3.3021090211529125,13.197991943359398
2024-05-30,1.988375,True,-0.3910590134684777,3.336270838680705,13.219995117187525
2024-05-31,2.048875,True,-0.4930390442984819,1.7471955824013667,13.534997558593773
2024-06-01,1.817875,True,0.0735139896758941,3.382783427128464,13.441979980468773
2024-06-02,2.0076666666666667,True,-0.344888604955136,2.861743295119788,13.503991699218773
2024-06-03,1.8641666666666663,True,,0.4369355463490739,13.400994873046898
2024-06-04,1.43575,True,,1.5528334525736374,12.287988281250025
2024-06-05,1.1779583333333334,True,,0.976432327478733,13.200006103515648
2024-06-06,1.003375,True,-0.5681474407011655,2.7487354424234605,14.122979736328148
2024-06-07,1.046875,True,-0.714919453982595,1.852899257881819,13.782006835937525
2024-06-08,1.3770416666666667,True,-0.8181230905990259,3.995072979473669,13.596002197265648
2024-06-09,1.755375,True,,1.6504383947327432,13.495996093750025
2024-06-10,1.4254166666666668,True,,0.5452714228796913,13.394982910156273
2024-06-11,1.378375,True,-0.7324197397578337,0.93637837861926,13.594995117187525
2024-06-12,1.5675,True,-0.7301256621577499,3.611822648724708,13.616998291015648
2024-06-13,1.499,True,,7.383503410805909,14.158990478515648
2024-06-14,1.1272916666666666,True,-0.3876165223244425,3.726600420902265,14.234002685546898
2024-06-15,1.2825833333333334,True,-0.1569925867826058,2.642477402749348,14.264001464843773
2024-06-16,1.05075,True,-0.3945387699550641,4.052543918088093,14.115991210937525
2024-06-17,1.0920416666666666,True,-0.204819425316196,2.9678219519053277,14.196984863281273
2024-06-18,1.094625,True,-0.1202372573330665,0.7081917219488313,14.033990478515648
2024-06-19,1.0315416666666668,True,0.0064634857791806,1.5651997451702362,14.079980468750025
2024-06-20,1.1049166666666668,True,-0.1270879562449551,0.9908555283124612,14.364984130859398
2024-06-21,0.904625,True,,3.4749516043826776,14.860986328125025
2024-06-22,1.3395416666666666,True,-0.6348610426096275,1.0252651777514674,14.614007568359398
2024-06-23,1.038125,True,-0.2996636596367327,5.04961360679634,14.420007324218773
2024-06-24,0.94625,True,-0.269955147846216,5.644717659726463,14.131005859375025
2024-06-25,0.7523333333333334,True,-0.3312651049478336,6.013892214156104,13.719995117187525
2024-06-26,0.7375416666666667,True,-0.2254959783186231,4.919556397858934,13.823999023437525
2024-06-27,1.18725,True,,3.560333848921614,13.794000244140648
2024-06-28,1.4546666666666668,True,-0.2537567496963061,3.356371881162724,13.527978515625025
2024-06-29,1.7725416666666665,True,-0.5077824047308355,1.416490129704108,13.339990234375025
2024-06-30,1.777375,True,0.5367268866190505,3.2316325310930165,13.527978515625025
2024-07-01,4.161125,True,-0.3135586103621486,4.118905287079758,13.596978759765648
2024-07-02,4.239416666666666,True,-0.2905519372127665,5.991923790137501,13.726007080078148
2024-07-03,1.6436666666666666,True,-0.5577182366262963,6.027244522359409,13.782983398437525
2024-07-04,1.4894166666666664,True,-0.5823196837375885,4.751992306280516,13.653985595703148
2024-07-05,2.237083333333333,True,-0.9038476827115765,3.2346731137958167,13.008996582031273
2024-07-06,2.9367916666666667,True,-0.661726419538303,3.10510652324667,13.127008056640648
2024-07-07,2.6437500000000003,True,-0.4735851957712935,4.299275439911727,13.152978515625025
2024-07-08,1.0487499999999998,True,0.0208888489045931,4.704482075741772,13.192987060546898
2024-07-09,4.556375,True,-0.5710237991850128,3.696110402622736,13.129998779296898
2024-07-10,3.3039166666666664,True,0.8270368057427697,4.621096097777773,12.640985107421898
2024-07-11,3.6514166666666674,True,0.3218890910897856,2.815443190669461,12.469995117187525
2024-07-12,2.8033333333333332,True,-0.0746306333314401,1.5650496398330542,12.515985107421898
2024-07-13,1.6458333333333333,True,-0.5923398522731735,2.6874656595998228,12.532983398437525
2024-07-14,2.0770416666666667,True,-0.5528403489387834,3.521434626588726,12.669000244140648
2024-07-15,4.043125,True,-0.3843586029461383,4.006375193524484,12.756005859375025
2024-07-16,2.733083333333333,True,-0.1493573481215256,3.961860134901074,12.761987304687525
2024-07-17,1.4027083333333332,True,-0.4357069576689062,3.979067570904742,12.611993408203148
2024-07-18,1.807375,True,-0.6694540316488699,2.3393735873816306,12.760003662109398
2024-07-19,2.0688333333333335,True,,3.472192185165617,12.950006103515648
2024-07-20,1.5726666666666669,True,,0.6767298618746066,13.107995605468773
2024-07-21,1.389625,True,0.1063838977749781,1.3367069687191928,12.954003906250025
2024-07-22,1.537,True,0.3616603832009406,0.8989447623131366,12.939996337890648
2024-07-23,1.5400416666666663,True,-0.3529678508546873,2.11521978800824,13.208001708984398
2024-07-24,0.663625,True,-0.1664695609062235,2.4988688593571955,13.549981689453148
2024-07-25,0.7694166666666667,True,-0.1689781861462286,4.484234207535326,13.493005371093773
2024-07-26,0.6763333333333333,True,-0.5107392211665389,5.59056047528455,13.447991943359398
2024-07-27,1.0957083333333333,True,-0.0713402450338046,5.651302092624139,12.935998535156273
2024-07-28,3.1629166666666664,True,-0.0255199230041817,5.407253685156642,12.902001953125025
2024-07-29,2.827458333333334,True,-0.6468360293776825,1.864737250507562,12.935998535156273
2024-07-30,1.0659166666666666,True,,1.052284850850754,12.905999755859398
2024-07-31,1.258125,True,,2.879456059200627,12.676995849609398
2024-08-01,1.533875,True,,6.855171373457243,12.304986572265648
2024-08-02,1.1971666666666667,True,-0.5893070796248958,9.582045285010103,12.817987060546898
2024-08-03,0.7392083333333334,True,-0.0394864746726264,1.4366860449657524,12.980981445312525
2024-08-04,0.7972916666666666,True,-0.179326770561384,0.8398619475529716,12.836999511718773
2024-08-05,0.8354583333333334,True,-0.1842003486262157,0.745335621678418,12.674005126953148
2024-08-06,0.8989583333333333,True,0.0920709311537103,5.3127872513461325,12.810998535156273
2024-08-07,0.9564583333333334,True,-0.3898656229572745,5.9483195972662575,12.920007324218773
2024-08-08,0.970125,True,0.0809182281768023,4.775010458534522,12.976983642578148
2024-08-09,1.248375,True,0.0814558071987688,2.65742427683255,13.081994628906273
2024-08-10,1.4306666666666663,True,0.6520402891729052,4.349869233866781,13.239007568359398
2024-08-11,1.8674166666666665,True,0.930715258692861,1.4669692384231792,13.335992431640648
2024-08-12,1.5914444444444442,False,-0.5625571247358095,0.0704166807043246,13.425988769531273
2024-08-13,,False,,1.4284629891477918,13.325982666015648
2024-08-14,,False,-0.4892809322728509,1.439655412993014,13.480004882812525
2024-08-15,,False,,1.6265113591739448,12.842004394531273
2024-08-16,,False,-0.3905080599065412,5.75985057560329,12.618005371093773
2024-08-17,,False,-0.3265088788893943,3.7596048893994687,12.443994140625025
2024-08-18,,False,-0.5276246121413535,1.2404619989092536,12.342004394531273
2024-08-19,,False,-0.1656298025898605,3.82884823677467,12.831994628906273
2024-08-20,,False,-0.4440950134580848,5.64685518667159,12.700006103515648
2024-08-21,,False,0.1193411658077,2.380803076157152,12.747979736328148
2024-08-22,,False,0.1983494710820607,3.917523450850289,12.631005859375025
2024-08-23,,False,1.3810790726424669,4.892436789418245,12.972985839843773
2024-08-24,6.9679166666666665,True,0.839522599822771,4.483528744978671,13.090997314453148
2024-08-25,8.049458333333334,True,0.1308100851311853,1.848280311104307,12.960992431640648
2024-08-26,11.621625,True,0.0434523733971162,4.95043435199513,13.041986083984398
2024-08-27,8.723041666666667,True,-0.0790373335561981,2.4788964636713424,13.023980712890648
2024-08-28,5.827749999999999,True,,1.1255640633051205,12.980004882812525
2024-08-29,4.516333333333333,True,-0.3590306404141202,1.7722460688157902,13.111993408203148
2024-08-30,7.990666666666667,True,1.2407785457505054,0.2670647735192449,13.377984619140648
2024-08-31,9.184166666666668,True,0.6854680318146265,4.915208931257011,13.409997558593773
2024-09-01,4.737333333333333,True,-0.000947683089411,1.6165958627782786,13.368005371093773
2024-09-02,2.6594166666666665,True,0.2474957907456812,5.022525604614877,13.412988281250025
2024-09-03,2.6520833333333336,True,-0.0965904001064906,6.738956893024689,13.557000732421898
2024-09-04,3.021625,True,1.40624534985105,6.195536202631664,13.419000244140648
2024-09-05,3.1871666666666667,True,-0.0804101124960092,4.885195948333877,13.100000000000025
2024-09-06,2.45625,True,-0.0479627661523144,5.763682751560757,13.051995849609398
2024-09-07,3.517458333333334,True,-0.3831879934927155,6.107388726444524,13.118005371093773
2024-09-08,4.3957500000000005,True,-0.1334728068504816,3.637732756246343,13.219995117187525
2024-09-09,7.964125,True,0.245783677571548,5.113196314909836,13.090997314453148
2024-09-10,8.442166666666667,True,0.1912757130273343,5.110008278582078,13.120996093750025
2024-09-11,6.654583333333334,True,0.5220158133102291,4.79812133511101,13.161004638671898
2024-09-12,9.522625,True,1.1488768982789428,5.235131156201026,13.071008300781273
2024-09-13,4.206375,True,0.873967457848056,5.305287855511985,13.049981689453148
2024-09-14,5.200625,True,0.1932603297972679,1.976884591527612,13.127008056640648
2024-09-15,5.692,True,0.2363837145800927,1.886985656963686,12.840997314453148
2024-09-16,14.7475,True,-0.1885494870465178,0.549487280593196,12.912988281250025
2024-09-17,17.647541666666665,True,0.57411169316118,1.9446081052085795,12.765985107421898
2024-09-18,16.700208333333332,True,0.2967213816642573,1.2681264746895424,13.373986816406273
2024-09-19,14.601666666666668,True,0.7601320133335744,2.618321792457524,13.557000732421898
2024-09-20,7.546958333333333,True,0.589876008136895,4.956673069078416,13.417993164062525
2024-09-21,7.335999999999999,True,-0.0286777795785158,4.523425029326776,13.295983886718773
2024-09-22,9.986375,True,0.6725106299311506,3.8142549184051058,13.317987060546898
2024-09-23,11.857041666666667,True,0.5420809953876664,5.484944069693701,13.120996093750025
2024-09-24,8.045291666666666,True,0.3279223833843668,6.793903473743558,12.817987060546898
2024-09-25,5.0035,True,0.8234127104243661,6.3812780916486345,12.786004638671898
2024-09-26,5.291541666666666,True,0.3518032439126471,2.512162890906823,13.054986572265648
2024-09-27,8.770249999999999,True,-0.3126453225688037,2.0378258742461206,13.396997070312525
2024-09-28,11.867,True,-0.523277339076754,1.5479836335491408,13.335992431640648
2024-09-29,12.466125,True,-0.4362254666040394,1.2535178126057869,13.753991699218773
2024-09-30,11.228500000000002,True,-0.5918434436469611,0.9632886053517644,13.678979492187525
2024-10-01,8.807708333333332,True,-0.0299302459058792,5.262638925469924,13.696984863281273
2024-10-02,5.056666666666667,True,0.5014787330201408,6.190387754054227,13.662988281250025
2024-10-03,6.059458333333333,True,1.0912556526318198,2.742555466024097,13.446008300781273
2024-10-04,11.428291666666668,True,0.0227054704029778,0.68387998384512,13.245996093750025
2024-10-05,12.998291666666669,True,,2.172399509051547,13.810998535156273
2024-10-06,15.557791666666663,True,,1.7127627350850143,13.420983886718773
2024-10-07,17.619375,True,0.3618095739622257,1.6345148934959384,13.425988769531273
2024-10-08,16.112750000000002,True,0.4621024188272325,2.725046380386423,13.749993896484398
2024-10-09,11.329291666666668,True,0.6760169740010986,2.3850254235388797,13.794000244140648
2024-10-10,7.799541666666667,True,0.6096118286697076,0.4920425780563669,13.412988281250025
2024-10-11,5.379708333333333,True,0.4605522643084972,5.267665104594693,13.180993652343773
2024-10-12,5.177708333333333,True,0.0339149926557881,3.786984072855605,13.193994140625025
2024-10-13,5.745916666666666,True,0.0470272238552073,3.245417017596937,13.426995849609398
2024-10-14,3.590583333333333,True,0.381441170108728,4.2416971110917085,13.683984375000025
2024-10-15,1.333875,True,0.0143660630837926,1.8185058083569776,13.971978759765648
2024-10-16,1.12325,True,0.4898205880314177,2.189548301231429,14.118005371093773
2024-10-17,1.7383750000000002,True,0.022856287961193,4.340560074253749,14.221978759765648
2024-10-18,1.607333333333333,True,-0.4269510932429501,3.5371139363689856,14.536981201171898
2024-10-19,1.8691249999999997,True,1.055967680755648,1.3605089849632783,14.536981201171898
2024-10-20,2.7275416666666668,True,-0.4843963341885464,1.723923685259276,14.692987060546898
2024-10-21,3.613125,True,0.0970419492773881,2.657776610353228,14.512994384765648
2024-10-22,6.491208333333333,True,-0.6488400703644591,1.2339374538054702,14.648004150390648
2024-10-23,11.975083333333332,True,0.7354804978903305,2.2040590057124216,14.969995117187525
2024-10-24,13.547791666666669,True,0.4468650068931099,4.517551657552518,15.105981445312525
2024-10-25,13.343583333333331,True,0.6835460116871288,6.027867159122128,14.976983642578148
2024-10-26,20.173708333333337,True,-0.1265713750239449,0.732526580372755,14.777978515625025
2024-10-27,19.02595833333333,True,-0.3827509324474541,1.1569789022262948,14.266992187500025
2024-10-28,16.626416666666668,True,-0.0004456743408717,0.9665104039407312,14.287988281250025
2024-10-29,19.535416666666663,True,-0.428637336138885,2.6585241007231413,14.757989501953148
2024-10-30,22.528041666666667,True,-0.6240997219918549,2.2511221148714085,14.756982421875025
2024-10-31,22.065916666666663,True,-0.6317553479745152,1.1288243017223532,14.571008300781273
2024-11-01,24.94033333333333,True,-0.5213520715168817,2.5167689279544057,15.044000244140648
2024-11-02,10.988291666666669,True,0.8438561655275649,4.783673062512809,15.126000976562525
2024-11-03,8.874291666666666,True,-0.4914104191370927,2.746388740722712,15.064996337890648
2024-11-04,8.174625,True,0.0078572611335569,5.998093582256003,14.878991699218773
2024-11-05,7.53125,True,-0.1606372468737976,6.251092949934319,14.885003662109398
2024-11-06,8.226583333333334,True,-0.0840879929312856,3.910744407120883,14.928979492187525
2024-11-07,7.262625,True,0.1095784867250373,3.289153563800589,15.001000976562525
2024-11-08,5.066800000000001,True,-0.1356338660744782,1.132668449955477,14.669000244140648
2024-11-09,5.159625,True,-0.1365373313491708,0.8599711188452651,14.551995849609398
2024-11-10,3.112291666666667,True,0.93503998024333,4.719612546749374,14.475000000000025
2024-11-11,2.3865416666666666,True,1.0372934322296834,6.658443295967758,14.174005126953148
2024-11-12,5.853583333333333,True,0.7451276732094271,0.8716701366203312,13.826989746093773
2024-11-13,12.435791666666669,True,-0.2285427856332168,3.1014209164883786,14.257989501953148
2024-11-14,9.78125,True,0.7493604383013664,1.6360541799455288,14.370996093750025
2024-11-15,6.488583333333334,True,-0.173080310397326,3.576752593513175,14.641992187500025
2024-11-16,5.569291666666667,True,0.1926453945422025,4.034010134413308,14.822991943359398
2024-11-17,2.3149583333333332,True,1.0179127544371882,4.81122034069681,14.533990478515648
2024-11-18,3.0512499999999996,True,0.4348624247934505,2.938420027120032,15.176995849609398
2024-11-19,5.304583333333333,True,1.337077633275752,3.931667240449237,15.327996826171898
2024-11-20,3.8587916666666664,True,-0.0096034547792316,3.913098430512545,14.989984130859398
2024-11-21,2.296625,True,0.5604104880395586,3.2582319676989164,14.870996093750025
2024-11-22,3.483458333333333,True,1.2699860133506784,3.661156401227383,14.803979492187525
2024-11-23,3.297875,True,0.0522484275119869,3.122490832134897,14.739984130859398
2024-11-24,3.655958333333333,True,0.5667954002328769,3.612631745704725,14.765985107421898
2024-11-25,4.096166666666667,True,1.051763047983682,4.278984899689308,13.688989257812525
2024-11-26,4.918875,True,1.1112539889974498,5.865197002382038,13.840997314453148
2024-11-27,2.4082083333333335,True,0.9928659086571612,5.082178649078885,13.519982910156273
2024-11-28,2.2515,True,0.6223092096345866,5.093177401064452,13.714990234375025
2024-11-29,1.3891666666666669,True,1.2177723655789436,2.949595881204306,13.697991943359398
2024-11-30,15.627500000000005,True,1.339646342483601,3.1386795662457287,13.586999511718773
2024-12-01,7.618416666666666,True,0.6848858069074506,6.188506782555457,13.002984619140648
2024-12-02,1.8264166666666668,True,0.9253677743659586,5.476916736565345,13.490991210937525
2024-12-03,2.1129166666666666,True,0.9641381954941548,3.851963832666563,13.856988525390648
2024-12-04,2.5530000000000004,True,1.3131679154528704,3.158421820238084,13.879998779296898
2024-12-05,4.194625,True,0.9370315537813498,4.292301764034839,14.458001708984398
2024-12-06,4.023666666666666,True,0.704157960475484,5.12520400114042,14.463006591796898
2024-12-07,4.333333333333333,True,0.559443896335758,3.036928883184645,14.493981933593773
2024-12-08,9.908458333333334,True,0.7319720241761327,3.976971672504869,14.631005859375025
2024-12-09,4.976083333333333,True,1.2936668428351004,4.553598040030379,14.804986572265648
2024-12-10,7.837583333333335,True,,3.770920677117682,15.553979492187525
2024-12-11,5.184833333333333,True,0.5356514342362664,3.3871232098066195,15.396997070312525
2024-12-12,7.988499999999999,True,0.9313044415232228,3.9339234685077926,15.415979003906273
2024-12-13,4.6941250000000005,True,0.2802894296286465,2.987249415830215,15.550988769531273
2024-12-14,5.580875,True,0.7720953960093597,2.7505909717508965,15.642999267578148
2024-12-15,6.918875,True,-0.0951067208353431,2.804062962082968,15.786981201171898
2024-12-16,4.991166666666667,True,0.5647880517073077,3.894012927700818,16.327996826171898
2024-12-17,4.372625,True,0.46396771774861,4.404702692876634,16.463006591796898
2024-12-18,2.623083333333333,True,0.0704318419276106,4.617029364944379,16.029992675781273
2024-12-19,1.127916666666667,True,-0.305303107481538,1.6894669008208707,15.765985107421898
2024-12-20,2.5336666666666665,True,1.0043599765035294,2.4488752296092886,15.734002685546898
2024-12-21,1.9943333333333335,True,-0.0935187269669355,3.3770288104002417,15.273004150390648
2024-12-22,1.76325,True,-0.4177938819545977,2.445283010717868,15.517999267578148
2024-12-23,2.3409999999999997,True,-0.5453887723687828,2.0880767730225425,15.640985107421898
2024-12-24,1.3728749999999998,True,-0.4920301928966065,2.119353460172254,15.688989257812525
2024-12-25,1.229,True,,2.414563625802458,16.572991943359398
2024-12-26,1.1685833333333335,True,-0.1158026074572436,2.202420420387119,16.976007080078148
2024-12-27,5.1668095238095235,True,0.1819143884712342,2.42892058146765,17.377008056640648
2024-12-28,11.49375,True,0.718526001792812,2.791967708115008,17.675988769531273
2024-12-29,7.347291666666667,True,-0.0661333777420255,3.7185891020131416,17.777001953125023
2024-12-30,3.420208333333333,True,-0.2496667090410469,3.314020825942709,17.370996093750023
2024-12-31,3.880416666666666,True,-0.1026518668349623,3.134748065528903,17.322991943359398
2025-01-01,5.624916666666667,True,-0.0644539427512017,2.6450616207829083,17.382989501953148
2025-01-02,4.2330000000000005,True,-0.2402943499364255,2.904688715099519,17.331994628906273
2025-01-03,2.68425,True,-0.2201117245161095,2.0134507407419284,17.364007568359398
2025-01-04,2.1180416666666666,True,-0.1208674136280169,2.2953105997358016,17.696008300781273
2025-01-05,2.3817916666666665,True,0.0664779118356547,2.201625326012389,17.869989013671898
2025-01-06,1.028375,True,0.3324200816932414,2.6412673456796485,18.053979492187523
2025-01-07,0.9185,True,-0.2624044596973506,2.874465584317994,18.003991699218773
2025-01-08,1.5423333333333331,True,1.1027059698241053,3.940698093269857,18.6870056152344
2025-01-09,0.6649999999999999,True,-0.266013516792957,3.7995060226798616,18.663995361328148
2025-01-10,1.5762083333333334,True,,3.02268709837094,18.210992431640648
2025-01-11,4.126083333333333,True,-0.2237355546891523,2.2520837007543486,18.192987060546898
2025-01-12,6.4405833333333335,True,-0.1093530568691167,1.742367543427038,18.184991455078148
2025-01-13,6.636375,True,1.064539188596069,2.8085326711126157,18.459985351562523
2025-01-14,6.902916666666667,True,-0.3790336303310323,3.1219590954065906,19.028985595703148
2025-01-15,5.16475,True,-0.0195347020172935,3.263439307110818,18.860986328125023
2025-01-16,5.457958333333333,True,0.9502316235884708,3.350995285271328,19.1559997558594
2025-01-17,5.604083333333333,True,0.1276472642352729,3.8499237267678414,19.231988525390648
2025-01-18,3.1012083333333336,True,0.9082831202054816,5.301520134218881,19.167993164062523
2025-01-19,1.616291666666667,True,0.1787763248216831,4.523455348020792,18.441003417968773
2025-01-20,1.257625,True,-0.120649729864512,3.327229518030914,17.950006103515648
2025-01-21,2.0215416666666663,True,1.100075736205599,2.607735733039043,17.924005126953148
2025-01-22,2.2415,True,0.5524676578246361,3.5625932640003373,17.988000488281273
2025-01-23,2.4868333333333332,True,1.125543942838013,4.546307427469542,17.973992919921898
2025-01-24,5.426875,True,0.6148812699839054,4.211357896765686,18.288995361328148
2025-01-25,4.453375,True,0.3417232532471373,2.72023321157156,18.525994873046898
2025-01-26,4.309208333333333,True,0.9846662909751408,3.2071401033849,17.808984375000023
2025-01-27,4.0504999999999995,True,0.5509472505560754,3.178516714666502,17.253991699218773
2025-01-28,3.894083333333333,True,0.9279285066638612,3.4192106710300827,17.312005615234398
2025-01-29,2.31725,True,-0.1219431439425845,1.9334548014668635,17.814996337890648
2025-01-30,2.3917499999999996,True,-0.2635198024413099,3.034704532810532,17.935998535156273
2025-01-31,2.7298333333333336,True,1.17336559438998,3.7991994255610537,17.741998291015648
2025-02-01,2.736541666666666,True,-0.168658775908587,2.5696817558967027,17.725000000000023
2025-02-02,2.905041666666667,True,0.7238422693607811,3.2715886715874483,17.730004882812523
2025-02-03,3.0301666666666667,True,0.6627295497775842,3.24360751632057,17.825982666015648
2025-02-04,3.271625,True,0.3835054504474569,2.414579642463346,18.002984619140648
2025-02-05,3.029666666666666,True,1.316830633707088,3.488791548340573,17.920007324218773
2025-02-06,3.2155833333333335,True,0.3182302016866264,2.1607360180284427,18.1359802246094
2025-02-07,3.0969166666666665,True,0.5760463537927285,2.2146738903266905,18.286004638671898
2025-02-08,2.826875,True,-0.1120566237652608,2.199129093337864,18.688989257812523
2025-02-09,2.8331250000000003,True,0.1171142330943765,2.466143392009665,18.51998291015628
2025-02-10,2.166125,True,0.7401829377886266,1.591685191062918,19.213983154296898
2025-02-11,1.6058333333333332,True,0.2166120082383263,2.97979265489704,19.463006591796898
2025-02-12,1.9465416666666664,True,1.2015539512937723,3.405633526184254,19.225000000000023
2025-02-13,3.677291666666666,True,0.1479539526799736,2.9359409601781032,18.482995605468773
2025-02-14,4.162458333333333,True,0.3970527674395122,4.105547683340635,18.209008789062523
2025-02-15,4.510458333333333,True,1.1374930214845316,4.95338032670554,18.4689880371094
2025-02-16,3.591666666666667,True,0.4619677707350549,5.312958922783687,18.4580017089844
2025-02-17,2.4037916666666668,True,1.1549628933512448,3.819968606397942,18.054986572265648
2025-02-18,2.3430416666666667,True,0.1347693403689842,2.8285192794458967,17.692987060546898
2025-02-19,2.983416666666667,True,0.0730657750722693,2.0811192229954845,17.708001708984398
2025-02-20,2.313041666666667,True,0.3894896630698979,2.561686038930793,17.820001220703148
2025-02-21,3.4938333333333333,True,0.066576077517869,3.092235174328054,17.865991210937523
2025-02-22,3.4872083333333337,True,0.7925441260858663,2.5641924700607697,17.886987304687523
2025-02-23,3.1507083333333337,True,-0.3326279936742808,1.7498944068750304,17.631005859375023
2025-02-24,2.180684210526316,True,-0.1204365274448039,2.8069859693186308,17.559991455078148
2025-02-25,2.144083333333333,True,-0.2798523528322011,2.2319691984163392,17.704980468750023
2025-02-26,1.5531666666666668,True,-0.377618276002444,1.8932229287920617,17.743005371093773
2025-02-27,2.4447916666666667,True,-0.3225683195544347,2.065242314519144,17.977990722656273
2025-02-28,2.8007916666666666,True,0.7317821981527902,2.0434248835604327,18.105004882812523
2025-03-01,1.6371666666666669,True,0.0785967100866307,3.3561677213955337,18.232995605468773
2025-03-02,0.807875,True,1.120577815652573,4.095289963875429,18.149987792968773
2025-03-03,0.8677916666666666,True,0.3648344404028799,4.337609667504706,18.015985107421898
2025-03-04,0.8015555555555555,False,0.9779451980318826,4.431044502625679,17.645989990234398
2025-03-05,,False,-0.5262733580796283,1.666647032184981,17.305993652343773
2025-03-06,,False,0.8000396603425521,1.720558429889375,17.196984863281273
2025-03-07,,False,1.455967436614822,3.296063897705115,17.476983642578148
2025-03-08,,False,0.5871125541579288,5.084216097126816,17.614007568359398
2025-03-09,,False,0.1732332803455603,1.2785154307455566,17.661004638671898
2025-03-10,,False,0.0487191558690287,1.6462230364685206,17.461999511718773
2025-03-11,,False,0.7004590602902967,1.5920022185466982,18.008996582031273
2025-03-12,,False,-0.5992934833541542,1.5406574273886962,18.369989013671898
2025-03-13,,False,-0.6256623856292624,1.7201130074841948,18.303002929687523
2025-03-14,,False,-0.6132690365340634,2.113314959251144,17.818994140625023
2025-03-15,,False,0.4144759172114561,2.0969133129299404,17.473992919921898
2025-03-16,,False,0.7967869093474484,4.134066103255722,17.527001953125023
2025-03-17,,False,0.6567567005466173,3.606503686384521,17.489984130859398
2025-03-18,,False,0.309841459215743,1.2211219757260812,17.537988281250023
2025-03-19,,False,-0.0607942270974525,1.6800103433056628,17.198999023437523
2025-03-20,,False,0.0484679321256531,2.5275426744492737,17.116998291015648
2025-03-21,,False,-0.2115666367298264,3.2791308677913555,17.008996582031273
2025-03-22,,False,-0.4946625199391818,3.758678809609821,17.055993652343773
2025-03-23,,False,-0.4949069438009866,2.781470014048414,16.896997070312523
2025-03-24,,False,0.2805315597195664,2.4392577071132244,16.959985351562523
2025-03-25,,False,0.0594749688862205,1.6177830439528802,16.980981445312523
2025-03-26,,False,0.9522354785185342,2.1940301105488587,17.103997802734398
2025-03-27,,False,0.0124308893624326,2.5359352950925502,17.066003417968773
2025-03-28,,False,0.1112264667136015,3.413146520860073,16.963983154296898
2025-03-29,,False,0.8497669115007912,2.34481907916389,17.154992675781273
2025-03-30,,False,0.2891921530050804,4.528117909829232,17.148004150390648
2025-03-31,,False,1.063808548013631,6.315112733024324,16.928979492187523
2025-04-01,,False,0.2853949497673988,3.260966682199933,16.476983642578148
2025-04-02,,False,0.5699014161576754,3.795982421396768,15.700982666015648
2025-04-03,,False,0.5977557172204924,2.940331581633939,15.792993164062525
2025-04-04,,False,-0.2273623489501576,1.93785147839709,15.868981933593773
2025-04-05,1.504875,True,0.6532527329553102,2.107422461618735,15.624993896484398
2025-04-06,1.780333333333333,True,1.298486232598815,2.6229373512432157,15.553002929687525
2025-04-07,1.270875,True,0.5066156960602806,2.970205120429119,15.473992919921898
2025-04-08,1.5976666666666668,True,0.4814735497711562,2.04973982993921,15.402001953125025
2025-04-09,2.8945833333333333,True,-0.2416939632939453,1.4223396208015473,15.421990966796898
2025-04-10,3.979125,True,0.8502411392364195,3.000017949774701,15.017999267578148
2025-04-11,1.996875,True,0.7771223942227308,5.438847331086491,15.365991210937525
2025-04-12,1.852625,True,0.3254565344163519,3.482747901236429,15.399987792968773
2025-04-13,4.7279583333333335,True,0.946719249286521,2.4622643960962343,15.127008056640648
2025-04-14,5.224,True,-0.476992387604488,3.144187625781792,15.071008300781273
2025-04-15,5.811916666666666,True,0.1827219650312475,3.853898441406735,15.169000244140648
2025-04-16,3.574333333333333,True,1.16630542206301,4.264016137172654,15.225000000000025
2025-04-17,4.448708333333333,True,0.3134255652217066,3.847360421611594,15.014001464843773
2025-04-18,4.422416666666667,True,0.733947937968354,2.2961865876457326,14.743981933593773
2025-04-19,3.3373333333333335,True,,1.2290340947464231,14.336999511718773
2025-04-20,3.049666666666667,True,0.3539693638739538,2.6342484397700137,14.392999267578148
2025-04-21,3.622458333333333,True,0.3525486789238143,2.948080463886688,14.959008789062525
2025-04-22,5.106625,True,-0.073647226835991,2.3785744293033693,14.853997802734398
2025-04-23,6.800416666666666,True,-0.2082007482078596,2.983469929695419,14.754998779296898
2025-04-24,7.527708333333333,True,0.1624487042627368,4.1810182425781655,15.144982910156273
2025-04-25,6.11375,True,0.3125569115508609,5.116483717055153,14.989007568359398
2025-04-26,4.907333333333333,True,1.2284947393355188,4.750276575279383,14.961999511718773
2025-04-27,5.041125,True,0.0956116219408708,3.059680593781065,15.006982421875025
2025-04-28,9.0865,True,,1.57905465024498,14.934991455078148
2025-04-29,6.020458333333334,True,,2.1664823432695117,15.002984619140648
2025-04-30,4.0975,True,-0.3936651080711866,1.6395218361700516,15.480981445312525
2025-05-01,3.947000000000001,True,1.3050143787359036,3.3823664303211656,15.287988281250025
2025-05-02,3.9635416666666665,True,0.4158265312728335,3.854008115820874,15.170983886718773
2025-05-03,3.3706666666666663,True,0.6505236633865491,3.3432149937754283,15.307000732421898
2025-05-04,2.825958333333334,True,-0.6176482397364044,3.0096924736782835,14.988000488281273
2025-05-05,3.610875,True,-0.6240168854544742,2.826411391627356,14.360986328125025
2025-05-06,4.2085,True,0.269578492563206,3.603119289014665,14.629998779296898
2025-05-07,3.6369583333333337,True,0.218328880660387,2.4866788812562013,14.728997802734398
2025-05-08,4.907,True,-0.1416147370443615,0.640208452570552,14.618005371093773
2025-05-09,3.166714285714286,True,-0.0564787040869009,3.847310601625765,14.433984375000025
2025-05-10,0.9394166666666668,True,-0.3412368703979881,1.3743650137889467,14.468988037109398
2025-05-11,1.2906666666666666,True,-0.6058771137772706,0.9146653496239948,14.558007812500025
2025-05-12,1.328375,True,-0.1661529384555275,3.258789844320574,14.494989013671898
2025-05-13,1.2669166666666667,True,-0.4484785957824563,3.385121898271922,14.524987792968773
2025-05-14,1.1607916666666669,True,-0.3733543325323928,3.4197094422393315,14.381005859375025
2025-05-15,1.1329583333333333,True,-0.3138321131670623,2.19941767706658,14.648004150390648
2025-05-16,1.1276666666666666,True,0.0225720490060134,1.9130195916339112,14.346978759765648
2025-05-17,1.135375,True,0.047662082524084,1.690733063706075,14.270989990234398
2025-05-18,1.9065416666666664,True,-0.2709641172180609,3.0349630452723337,14.271997070312525
2025-05-19,3.4083749999999995,True,-0.1066120138643349,2.990130159103066,14.308984375000025
2025-05-20,4.644458333333334,True,0.5816493620440443,3.405188675602862,15.010980224609398
2025-05-21,5.857499999999999,True,0.2163368526169005,3.950029597107169,15.027978515625025
2025-05-22,1.672125,True,,2.1674999374703523,15.323999023437525
2025-05-23,1.4480833333333336,True,,2.253081381436876,14.924981689453148
2025-05-24,0.990625,True,-0.5671663724043062,2.632888294426699,14.886987304687525
2025-05-25,1.676875,True,-0.6539605923788129,2.094569610303876,14.495996093750025
2025-05-26,1.734791666666667,True,-0.4154511550576949,1.9524165206643864,14.688989257812525
2025-05-27,1.602,True,0.2731899294361333,5.507171352960026,14.748986816406273
2025-05-28,1.5616666666666668,True,0.0068766000432812,4.08701346159268,14.734002685546898
2025-05-29,1.2615,True,-0.5717722377743647,2.164590869316473,14.512994384765648
2025-05-30,0.7722083333333334,True,-0.0350252564352335,4.242409574245225,13.976007080078148
2025-05-31,1.1402916666666667,True,-0.5484709571387688,2.9259716616484286,14.161004638671898
2025-06-01,1.7822083333333332,True,-0.6429621530587553,0.3240180433786391,14.711999511718773
2025-06-02,1.9290416666666663,True,-0.6226870488609721,1.2624893575887082,15.295983886718773
2025-06-03,2.187125,True,-0.6297576940003553,1.1098329625509575,15.032983398437525
2025-06-04,1.9458333333333335,True,0.0457274100237752,1.3936445148038945,14.950006103515648
2025-06-05,3.3862500000000004,True,-0.3731832597500452,2.2549516805633703,14.601007080078148
2025-06-06,3.3037083333333332,True,-0.4269801867486191,1.649455066439007,14.235986328125025
2025-06-07,3.107375,True,0.0945386916360818,2.8840698835802656,14.088006591796898
2025-06-08,3.5224583333333332,True,1.1837395497679064,3.6350476389433055,14.044000244140648
2025-06-09,3.264375,True,0.0278032371187481,2.9220090610695304,14.086999511718773
2025-06-10,3.040875,True,-0.5726448883961918,0.5341325409429531,14.128991699218773
2025-06-11,3.971458333333333,True,,3.7640021684081,14.204003906250025
2025-06-12,1.60075,True,-0.4764651012853867,4.709274616782145,13.935998535156273
2025-06-13,1.514083333333333,True,0.0437632040646467,4.526633779812928,14.079980468750025
2025-06-14,0.8789583333333333,True,0.0673487236087499,1.7211448537387448,13.998986816406273
2025-06-15,0.9291666666666668,True,-0.3891408288067485,1.486367664026805,13.697991943359398
2025-06-16,0.7383333333333333,True,-0.5975321468398239,3.371164418013418,13.588006591796898
2025-06-17,0.863,True,-0.1129586670614185,2.049136998591513,14.006005859375025
2025-06-18,0.7492083333333334,True,-0.2729508232417278,3.398126389577629,14.605981445312525
2025-06-19,0.6252916666666667,True,-0.2652978753313361,2.91176841155067,14.155999755859398
2025-06-20,0.5818333333333333,True,-0.3590512317534428,3.9458675013996047,14.163995361328148
2025-06-21,0.8294999999999999,True,-0.6800677152484363,5.565915169298688,14.055993652343773
2025-06-22,0.7893333333333333,True,-0.3833479412582378,5.096179183822926,13.985986328125025
2025-06-23,0.6732916666666666,True,0.0273891023761509,5.463002607901634,13.912988281250025
2025-06-24,1.0599583333333331,True,-0.8104474548677856,1.4704658173096727,13.939996337890648
2025-06-25,1.975625,True,-0.6416567609530075,1.3718717628572177,14.209985351562525
2025-06-26,1.9261666666666668,True,-0.0711419619424873,2.699227066072865,13.907006835937525
2025-06-27,1.7756666666666667,True,-0.3437949728207366,4.970014711068715,13.542993164062525
2025-06-28,1.6400416666666668,True,0.2522457376691366,4.006610803289412,13.476007080078148
2025-06-29,1.6480833333333331,True,0.2577703107722159,5.739121927494378,13.471978759765648
2025-06-30,1.7664583333333337,True,0.0752570496985655,5.082207544437366,13.372979736328148
2025-07-01,1.78975,True,0.0011458050612436,3.5981784873047418,13.359979248046898
2025-07-02,1.653583333333333,True,-0.0692339160952969,3.5986006967789885,13.279992675781273
2025-07-03,1.8147083333333331,True,0.303167773052608,1.7459727255923396,13.891992187500025
2025-07-04,1.8895833333333332,True,,1.609004332860276,14.446008300781273
2025-07-05,1.673375,True,-0.1995179050271577,2.9042659859752344,13.613000488281273
2025-07-06,1.283625,True,0.8328207844811341,1.4327441600668882,13.514001464843773
2025-07-07,1.6586153846153844,False,-0.0359745009672615,4.294521405082045,13.490991210937525
2025-07-08,1.968875,True,,2.972147246021695,13.545007324218773
2025-07-09,1.5651666666666666,True,,2.8542697591740067,13.218988037109398
2025-07-10,1.0735416666666666,True,-0.4196961061152755,4.64861616546039,13.420983886718773
2025-07-11,1.0219583333333333,True,-0.5924738801770469,3.5445102462701183,13.395989990234398
2025-07-12,0.9699583333333334,True,-0.7767728637490813,1.4293670220294443,13.477990722656273
2025-07-13,0.8694583333333333,True,-0.7059660417346291,1.3311187776048432,13.666986083984398
2025-07-14,4.516888888888889,False,-0.462921726547208,2.400121116226801,13.864007568359398
2025-07-15,,False,-0.4478604919963188,4.876798158987307,13.850000000000025
2025-07-16,,False,0.1272103492887526,5.906794964256611,13.873986816406273
2025-07-17,,False,-0.3747183527154738,2.076897358066258,13.347985839843773
2025-07-18,3.156916666666667,False,-0.6391283901574301,1.6009802237712327,13.113000488281273
2025-07-19,2.782,True,-0.6786704119368675,3.006470058694008,13.122003173828148
2025-07-20,1.918,True,-0.5476522227521033,1.750906104270591,13.109979248046898
2025-07-21,1.8090833333333336,True,-0.424272376894262,3.625071482488551,13.157006835937525
2025-07-22,1.733291666666667,True,-0.4941614849178783,3.1684407052771624,13.094995117187525
2025-07-23,2.4017916666666665,True,-0.4502183315112896,2.7252937877173986,13.467980957031273
2025-07-24,3.768875,True,-0.1569182391889834,2.132824472571228,13.295983886718773
2025-07-25,2.0375833333333335,True,-0.1445922322539647,3.3109717171740227,13.231988525390648
2025-07-26,1.2842083333333332,True,,2.124511527365319,13.316979980468773
2025-07-27,1.2525416666666669,True,-0.2633585155323779,1.487407721612599,13.573999023437525
2025-07-28,1.3346666666666664,True,0.1471577338049013,3.742928374088617,13.856988525390648
2025-07-29,1.5139583333333333,True,-0.291597001369145,1.7248188173499617,13.892999267578148
2025-07-30,1.3857499999999998,True,,2.613524113270143,13.984002685546898
2025-07-31,1.356,True,-0.5900722162616574,4.930150405484911,13.704003906250025
2025-08-01,1.3879583333333334,True,-0.6210641205808424,5.680601518838733,13.734002685546898
2025-08-02,1.85575,True,-0.3665360221140169,2.539794811250707,13.822991943359398
2025-08-03,2.224375,True,-0.2189192401882694,5.2108030042584685,13.767999267578148
2025-08-04,1.9240416666666669,True,-0.5588088071330335,4.274265060987383,13.782983398437525
2025-08-05,1.9012083333333336,True,-0.7243753756600833,2.5982831388215955,14.279992675781273
2025-08-06,1.86325,True,-0.5070736874803656,4.226238099872853,14.206994628906273
2025-08-07,1.49365,True,-0.7061425602708223,4.31580969729743,14.034997558593773
2025-08-08,0.7046250000000001,True,,3.391857104610696,13.994989013671898
2025-08-09,0.668,True,-0.3473238985057122,3.403777452791593,13.968988037109398
2025-08-10,1.3789166666666668,True,0.0023161981151906,4.460436475631107,14.176995849609398
2025-08-11,1.6077916666666667,True,0.0590868106049483,3.993880177237701,14.196984863281273
2025-08-12,1.7217083333333332,True,-0.3142979333226766,3.532373848744597,13.924005126953148
2025-08-13,2.2456666666666667,True,-0.4910956106592511,1.0428575920333387,13.751000976562525
2025-08-14,2.51325,True,,2.712827801449777,13.865991210937525
2025-08-15,2.2612916666666667,True,-0.3834799041858244,4.564188690598916,13.980981445312525
2025-08-16,1.967375,True,-0.0144973168177379,1.7583640917999992,14.025994873046898
2025-08-17,2.072416666666667,True,-0.4013394805926114,2.778279663716559,14.079003906250025
2025-08-18,2.006041666666667,True,-0.3452231245436704,2.812733292669173,13.825982666015648
2025-08-19,1.7878333333333334,True,0.2731728724818625,1.452444173892155,13.769982910156273
2025-08-20,2.7691250000000003,True,0.1729687746069319,3.364921347365076,14.295007324218773
2025-08-21,3.950958333333334,True,-0.3261050841325617,1.9119842212502471,14.368981933593773
2025-08-22,6.867166666666667,True,0.6486803250499803,2.3049920808796807,14.214990234375025
2025-08-23,6.338916666666667,True,1.2141039552924855,6.4125724268818605,14.019982910156273
2025-08-24,6.235833333333335,True,0.3566934034901751,6.089059147849382,13.864984130859398
2025-08-25,8.177999999999999,True,1.32660078990469,4.123632486409687,13.977990722656273
2025-08-26,7.197958333333333,True,-0.6190001242218709,0.196188244261895,14.124993896484398
2025-08-27,4.952208333333334,True,,1.488124095495111,13.295983886718773
2025-08-28,4.7523333333333335,True,-0.2369261315732083,2.514949669719862,13.713983154296898
2025-08-29,4.655,True,0.9306398053785304,1.648701485200953,13.687982177734398
2025-08-30,4.23525,True,-0.193249624867532,1.6015395311456766,14.217004394531273
2025-08-31,4.407291666666667,True,0.4049422545393142,2.899676896659777,14.514001464843773
2025-09-01,3.92,True,-0.0903701252623575,3.880055200192608,14.398980712890648
2025-09-02,7.092333333333333,True,0.3614216344013581,4.630510677551661,14.152001953125025
2025-09-03,6.600125000000001,True,-0.1645571715667232,5.456427768246729,14.200006103515648
2025-09-04,5.298291666666667,True,-0.6482241221724471,3.097040945124258,13.895989990234398
2025-09-05,6.2629166666666665,True,-0.1308013330109618,2.907196230389066,13.766992187500025
2025-09-06,8.276833333333334,True,,2.513273761300038,13.657983398437525
2025-09-07,12.100375,True,-0.3785585168379856,1.8879327960169676,13.959008789062525
2025-09-08,17.732208333333332,True,0.3611893803446803,2.772448155781504,14.064996337890648
2025-09-09,19.859125,True,0.4106825739089128,4.687862176188325,13.971002197265648
2025-09-10,5.850315789473684,True,0.7024463931606408,5.634746975840166,13.805993652343773
2025-09-11,0.6989166666666667,True,0.0146905581603196,3.658898689370931,13.709985351562525
2025-09-12,2.8675833333333336,True,,2.8427599834084645,13.838983154296898
2025-09-13,2.8333333333333335,True,0.2513212582391222,3.864888256965436,14.008996582031273
2025-09-14,2.4851666666666667,True,-0.0090165985602312,5.696815556055453,13.954980468750025
2025-09-15,2.169458333333333,True,1.0010744492296677,4.521128821654054,13.999993896484398
2025-09-16,2.7538750000000003,True,-0.2499920308578103,1.4916399821420103,13.951989746093773
2025-09-17,3.8195833333333336,True,0.1072369775802631,1.499955911026379,13.657006835937525
2025-09-18,3.134083333333333,True,0.1913102402137592,3.31222621553702,13.545007324218773
2025-09-19,2.4152083333333336,True,0.0832984786835263,2.488775131049313,14.232995605468773
2025-09-20,1.889458333333333,True,0.1237389488146397,2.23385660328061,14.342980957031273
2025-09-21,1.7814166666666666,True,0.2724625098812174,5.204773978693294,14.402978515625025
2025-09-22,2.3709583333333333,True,0.1181377300863519,5.319555630392029,14.295007324218773
2025-09-23,2.970222222222222,True,-0.1617954241618503,3.275924750217581,14.209008789062525
2025-09-24,,False,-0.4107201252437958,2.529849857728234,14.073999023437525
2025-09-25,,False,-0.402462383351245,1.943239818493708,14.308007812500025
2025-09-26,3.061076923076923,False,-0.2721172379511543,2.4182238130221982,14.433007812500025
2025-09-27,2.845333333333334,True,0.554418512208518,6.70331166908293,14.512994384765648
2025-09-28,4.096375000000001,True,0.1560710313917984,5.6234125594725946,14.309991455078148
2025-09-29,10.935333333333332,True,-0.4482320624863132,4.569548713115485,14.072991943359398
2025-09-30,9.746375,True,0.1214298124374154,4.3804998683161,14.025994873046898
2025-10-01,11.526708333333332,True,-0.1393320851673738,1.9545365554752911,14.006982421875025
2025-10-02,9.085208333333334,True,-0.1864998426607258,1.7243085018540376,13.653985595703148
2025-10-03,12.068333333333332,True,0.3958479891761206,2.0949721655536764,13.425988769531273
2025-10-04,15.223458333333332,True,0.8895249258014452,2.286231844861068,13.631982421875025
2025-10-05,9.486,True,0.5913600419709464,6.85860292825967,13.616998291015648
2025-10-06,0.9008333333333334,True,0.3620283154081153,7.628648897229962,13.605981445312525
2025-10-07,1.4651666666666667,True,0.210057738616097,4.485502319156023,13.161981201171898
2025-10-08,3.357958333333334,True,0.2676651340096149,2.660044377515707,12.877008056640648
2025-10-09,7.634291666666667,True,,1.7740872557649827,12.876000976562525
2025-10-10,15.38675,True,0.9053425821992782,1.900721576874698,13.262994384765648
2025-10-11,17.815541666666665,True,0.599407136033091,5.433095749284674,13.975000000000025
2025-10-12,14.54275,True,0.7024863282174382,3.4938979235380043,14.019006347656273
2025-10-13,23.835375,True,0.2731015737847823,2.427834863019496,13.885980224609398
2025-10-14,24.374041666666667,True,0.089642854132622,1.7212523694677604,13.891992187500025
2025-10-15,45.67679166666667,True,0.9645423125609364,3.38395372680593,14.709985351562525
2025-10-16,50.54504166666667,True,0.8605463011672602,3.914888816565135,14.534997558593773
2025-10-17,31.734125,True,0.7492775973389355,2.3435024487118032,14.502008056640648
2025-10-18,51.85441666666666,True,0.3955822631344559,1.2724473995500605,14.534997558593773
2025-10-19,54.814875,True,-0.2629481379552597,2.249634812305305,14.291986083984398
2025-10-20,63.09220833333334,True,-0.227420116919716,4.115530437891575,14.166986083984398
2025-10-21,40.50058333333333,True,-0.2297186195523052,4.369196013435763,13.816979980468773
2025-10-22,35.802416666666666,True,-0.1852127009668557,3.688847983256214,14.036981201171898
2025-10-23,12.652375,True,-0.2529448491548183,4.604546477305213,14.254998779296898
2025-10-24,21.310291666666668,True,0.020275505467401,5.538503295000238,14.316003417968773
2025-10-25,16.773416666666666,True,-0.0989718569333535,7.196016804797219,14.189996337890648
2025-10-26,20.006083333333333,True,-0.1348352992159522,4.0043663621024805,14.079980468750025
2025-10-27,20.6405,True,-0.2577902465375566,3.7948499438027232,13.941003417968773
2025-10-28,21.5385,True,0.7565711873693097,3.722918902953107,14.304986572265648
2025-10-29,25.561125000000004,True,0.0384990496988642,4.349961750153461,14.441003417968773
2025-10-30,15.9019,True,0.29162519282186,4.773973169877381,14.605004882812525
2025-10-31,11.377375,True,0.3900456625344459,5.313045125780563,14.450006103515648
2025-11-01,2.663041666666666,True,0.6508524454768305,5.0954908763674185,13.955987548828148
2025-11-02,0.9957916666666669,True,0.438360515597857,3.108779879383257,14.155999755859398
2025-11-03,0.75325,True,0.9328482694053252,2.6880606459396885,14.426995849609398
2025-11-04,1.2214166666666666,True,0.1559472603576337,3.1948670818696896,14.547998046875025
2025-11-05,1.3877916666666668,True,0.3193894912815149,3.671373819026664,14.682000732421898
2025-11-06,1.996916666666667,True,0.0532939976477171,2.7400973191090245,15.023980712890648
2025-11-07,2.686958333333333,True,0.3101501558481585,5.146966264807694,15.088006591796898
2025-11-08,1.336666666666667,True,0.3249652861884674,4.990483342042454,14.838983154296898
2025-11-09,1.903625,True,0.1557757878757976,4.420513115625719,14.566979980468773
2025-11-10,2.0489583333333337,True,0.7917137030621529,5.071159250145688,14.714990234375025
2025-11-11,2.1547916666666667,True,0.3578372359402047,6.268056468064289,14.870996093750025
2025-11-12,2.280416666666667,True,0.2199014102090733,5.605966838587868,14.683984375000025
2025-11-13,2.714166666666667,True,0.0743081724376863,2.8296882048091803,14.706994628906273
2025-11-14,3.2594583333333333,True,-0.3595214888054457,2.356274047434294,14.792993164062525
2025-11-15,2.958208333333333,True,0.4482449457816173,4.602626904848045,14.836999511718773
2025-11-16,2.5890000000000004,True,-0.1608436892317707,5.362769601663412,14.817987060546898
2025-11-17,1.734,True,-0.2238568987911488,3.126832233480211,15.096002197265648
2025-11-18,2.135,True,-0.2453809344292125,1.800348316800091,15.015985107421898
2025-11-19,3.491708333333333,True,0.3482195623794191,1.8597214050740705,15.114984130859398
2025-11-20,4.553833333333333,True,-0.1821542664650113,2.416589987608222,15.834985351562525
2025-11-21,7.178166666666667,True,-0.4472561709586391,2.3873980647656903,15.864984130859398
2025-11-22,6.1887083333333335,True,-0.3973286502048598,2.353074964002881,15.877984619140648
2025-11-23,6.30125,True,,2.7977711953400384,16.032006835937523
2025-11-24,8.099666666666666,True,,2.5182764069216814,16.482995605468773
2025-11-25,8.02125,True,-0.5831692948635456,2.542239855181528,16.355004882812523
2025-11-26,12.532875,True,0.2992934889216607,3.291159326503857,16.421990966796898
2025-11-27,19.436833333333333,True,-0.3008769847768716,3.0587223962840016,16.446984863281273
2025-11-28,10.787,True,0.8315512462113902,2.7736911683607555,16.743005371093773
2025-11-29,2.91925,True,0.195438685105589,3.583215063108329,16.836999511718773
2025-11-30,4.504833333333333,True,0.8389640002295609,4.301798255259019,16.842980957031273
2025-12-01,3.0693749999999995,True,1.0887502568469145,4.809157374394583,16.981988525390648
2025-12-02,2.7383333333333333,True,0.6103772459437973,5.465703606898344,17.421990966796898
2025-12-03,2.8458333333333337,True,0.3873466769540132,3.345295904552435,16.592980957031273
2025-12-04,6.846625,True,-0.4417565312073994,2.0763997144919424,16.321008300781273
2025-12-05,18.538666666666668,True,0.8209357736403932,1.705684971228586,17.135003662109398
2025-12-06,21.891333333333336,True,0.048581919705376,1.951020081961624,17.648980712890648
2025-12-07,24.47770833333333,True,0.4437566353250374,2.2905529857277167,17.812005615234398
2025-12-08,16.060166666666664,True,-0.024417370146615,3.2718414149236184,17.738000488281273
2025-12-09,4.447,True,,3.175521332998364,17.305993652343773
2025-12-10,3.783458333333334,True,,2.468830744410394,17.008996582031273
2025-12-11,5.939583333333332,True,-0.1533365829666707,2.1305909183671297,16.925988769531273
2025-12-12,4.9355,True,0.0432283137568242,3.142777741955102,16.960992431640648
2025-12-13,3.6983333333333337,True,0.5114500447534449,2.9006006176803454,17.525994873046898
2025-12-14,6.7508333333333335,True,0.7310871896074056,5.302218509028651,17.601007080078148
2025-12-15,3.5347916666666666,True,0.3928949460490284,6.14481598965771,17.277978515625023
2025-12-16,2.8890833333333332,True,0.9813799885507546,3.2059166052033143,17.029992675781273
2025-12-17,7.006291666666667,True,0.0253006157540339,1.897673981864114,16.926995849609398
2025-12-18,8.057333333333334,True,0.4881517105034666,1.9425301201746463,17.118981933593773
2025-12-19,6.6008499999999986,True,0.6545742106740445,2.1002529395522016,17.484979248046898
2025-12-20,6.543458333333334,True,0.4453109467147502,2.009311471539659,17.411981201171898
2025-12-21,4.664958333333334,True,0.8491561937682158,3.231285297288746,17.820001220703148
2025-12-22,2.031416666666667,True,0.8892581450928161,4.610961357602851,17.879998779296898
2025-12-23,1.713833333333333,True,0.5381820132335762,4.838555884528107,17.795007324218773
2025-12-24,1.671833333333333,True,0.2683462627998008,4.2630873771698745,17.597985839843773
2025-12-25,10.162375,True,0.1784941343955107,1.603751859650138,17.189996337890648
2025-12-26,10.252583333333334,True,1.241885776239423,1.9269738070246776,17.189996337890648
2025-12-27,8.615124999999999,True,0.8516994199041792,2.671877115251041,17.191979980468773
2025-12-28,8.414416666666666,True,0.5048464628509521,3.225177036759685,17.912988281250023
2025-12-29,6.387666666666665,True,0.909529192696458,2.9945257940408823,18.036981201171898
2025-12-30,1.8864166666666664,True,0.1769747625082994,3.0177685457770687,17.769006347656273
2025-12-31,2.5704166666666666,True,0.3408056699980957,2.2294077187229147,17.411004638671898
2026-01-01,3.1823750000000004,True,0.8736986443254647,2.4889217085450777,17.455987548828148
2026-01-02,3.2737499999999997,True,0.0236941641141094,2.298531501703404,17.585992431640648
2026-01-03,4.003708333333334,True,0.6921345769095388,3.028412882624856,17.631982421875023
2026-01-04,5.766166666666666,True,0.0873405746920821,2.9111191850209845,17.784997558593773
2026-01-05,6.230875,True,0.447553529323696,2.794160303685892,17.954003906250023
2026-01-06,9.018458333333331,True,1.4383556777262851,3.036121479596856,18.14400634765628
2026-01-07,10.074958333333337,True,0.5270465148092701,2.550466249028436,18.56099853515628
2026-01-08,7.81325,True,1.1212205924625631,2.848702460622281,18.3330017089844
2026-01-09,4.4692083333333334,True,0.6376319630945865,2.4817255133355944,18.691003417968773
2026-01-10,7.498458333333335,True,0.0080708538294251,2.200118314018669,19.076989746093773
2026-01-11,12.757958333333333,True,-0.2113474275532124,2.3187504420776146,19.084008789062523
2026-01-12,9.765166666666667,True,-0.0091217459183606,2.486718079608183,19.454980468750023
2026-01-13,8.27075,True,0.8392166569580073,2.742213777636122,19.549005126953148
2026-01-14,7.944291666666667,True,0.8443489200182936,2.366387360989535,18.982995605468773
2026-01-15,10.656166666666666,True,0.4938999248922581,5.237598565894632,19.042993164062523
2026-01-16,7.658111111111111,False,0.942947758358626,4.404088564938418,19.070001220703148
2026-01-17,3.8938260869565218,True,0.1692168758302234,3.484413619256515,18.678979492187523
2026-01-18,6.073958333333334,True,0.4730370469163434,1.9468382957703756,18.511987304687523
2026-01-19,5.686208333333333,True,-0.0937641164981774,2.1869311003351557,18.377984619140648
2026-01-20,8.882166666666667,True,-0.0879186589391966,2.473015148181824,18.596978759765648
2026-01-21,14.148666666666664,True,0.9350073191647518,2.6755903934639336,18.674005126953148
2026-01-22,17.365875,True,0.0656191938656475,2.048247372660275,18.8229919433594
2026-01-23,10.583416666666666,True,-0.1041346139995272,1.677168501926075,18.808984375000023
2026-01-24,5.5620416666666666,True,0.940553022033596,1.968255362893652,18.6559997558594
2026-01-25,9.075083333333334,True,-0.1074705807781125,1.2510676296871457,18.7399841308594
2026-01-26,6.205041666666666,True,0.9331770725947496,2.8087835108035923,19.038995361328148
2026-01-27,4.381333333333333,True,0.4808456580627993,4.076029460313864,19.148980712890648
2026-01-28,6.3823333333333325,True,0.5657074569048149,2.163924481840928,19.076989746093773
2026-01-29,8.408416666666666,True,0.9936477406672564,1.4031674361000983,19.241998291015648
2026-01-30,7.090291666666666,True,0.054995219282968,3.570248357185611,19.411004638671898
2026-01-31,4.088333333333334,True,0.0781931080436332,3.424023898284665,19.198999023437523
2026-02-01,3.66025,True,-0.2179522200656914,2.1178652491786494,18.887994384765648
2026-02-02,6.208916666666667,True,0.5090490733385777,1.323406309300464,20.267999267578148
2026-02-03,11.156999999999998,True,0.4838874303436741,1.3876473148782194,20.325006103515648
2026-02-04,10.355958333333334,True,0.7996186614077252,1.738877723945767,20.348992919921898
2026-02-05,12.69783333333333,True,0.4317788610228033,3.529058445292426,20.392999267578148
2026-02-06,16.469166666666666,True,0.5784928261724092,3.638588981245797,20.2609802246094
2026-02-07,9.68425,True,0.1839665184861829,3.054068880657344,20.226007080078148
2026-02-08,14.140666666666668,True,0.9524616822567462,3.058124172935548,20.01998291015628
2026-02-09,32.61504166666666,True,0.1391856505068499,3.534647380497866,19.600000000000023
2026-02-10,48.34116666666666,True,0.2315841167280083,4.747216182557902,19.334008789062523
2026-02-11,67.554625,True,1.004974721668908,4.827351210634163,18.698999023437523
2026-02-12,53.262708333333336,True,-0.0093610788095065,2.6020399711483924,18.594995117187523
2026-02-13,45.604083333333335,True,0.7268378815760157,0.5189560988528823,18.47799072265628
2026-02-14,41.89333333333333,True,0.3758840737477358,1.7018719760196894,18.110986328125023
2026-02-15,65.89920833333333,True,0.1635170813984108,3.4850344493965904,18.244989013671898
2026-02-16,61.903875,True,0.9867779596635742,2.9221938328447803,18.407983398437523
2026-02-17,58.10763157894737,True,0.1739253205163653,2.686828385495661,18.573999023437523
2026-02-18,64.55675000000001,True,0.4897099244621351,2.960304640554364,18.589990234375023
2026-02-19,85.090125,True,0.3261399879490457,3.80946610828326,18.032983398437523
2026-02-20,67.30858333333333,True,0.1716316542952224,1.6299028305097285,17.787988281250023
2026-02-21,53.800333333333334,True,0.9541495861299576,2.529583812613671,17.697991943359398
2026-02-22,53.67429166666667,True,0.4281224025866983,1.5956608515539243,18.805993652343773
2026-02-23,96.845125,True,0.5192376980265148,1.1849405874509955,17.299981689453148
2026-02-24,62.34695833333334,True,0.5770446568420445,0.9362684389040958,17.499993896484398
2026-02-25,53.384083333333336,True,-0.0580103485930125,1.1620080809795184,17.219995117187523
2026-02-26,32.125875,True,0.3912524061708022,1.0877941992167393,17.659997558593773
2026-02-27,31.714916666666667,True,0.1300073752959438,1.4995473384140992,18.119989013671898
2026-02-28,30.867041666666665,True,-0.2193872782590741,1.9154163111786784,17.950006103515648
2026-03-01,22.058458333333338,True,-0.1863112904936711,1.9308000548488229,17.879998779296898
2026-03-02,35.154374999999995,True,0.2975343280403291,2.92186317704836,17.649987792968773
2026-03-03,34.6355,True,0.7992950666583274,4.925177928692537,18.2499938964844
2026-03-04,8.871777777777778,True,0.1512325055346159,0.9097811563040642,18.469995117187523
2026-03-05,1.854875,True,-0.1748518875922433,1.434965534130443,18.179986572265648
2026-03-06,1.9376666666666664,True,-0.3281576908131402,1.0118211304303644,17.709985351562523
2026-03-07,1.6584583333333331,True,0.6924463638517515,1.611534919324409,17.980004882812523
2026-03-08,1.496875,True,0.4335815698136618,0.887217138067893,17.920007324218773
2026-03-09,2.0726666666666667,True,0.7454386770047099,3.14685338042049,18.2600036621094
2026-03-10,2.41825,True,0.5659449162148671,1.5203449227993544,18.170007324218773
2026-03-11,3.954125,True,0.9049025658444092,3.835370366381509,17.359979248046898
2026-03-12,5.556166666666667,True,-0.1803554565690638,2.3022705627091917,17.969995117187523
2026-03-13,5.96975,True,0.6284721469878923,2.910632162801816,17.389978027343773
2026-03-14,3.2567083333333335,True,0.1524384439325776,2.999597662864867,17.389978027343773
2026-03-15,1.9575,True,0.1472502869243884,1.7967884195154815,17.119989013671898
2026-03-16,2.2835833333333335,True,0.0755863967660191,1.3114983694627784,17.820001220703148
2026-03-17,2.0909583333333335,True,0.5413599636045191,3.71013565175572,17.820001220703148
2026-03-18,1.7597499999999997,True,0.7698418360099557,2.808529729137476,17.109979248046898
2026-03-19,2.605833333333333,True,0.351913174516944,2.391217901392528,16.869989013671898
2026-03-20,3.106208333333333,True,0.5770910503179002,0.7465267808865146,16.879998779296898
2026-03-21,3.778708333333333,True,0.5976495865751488,4.994837695034667,17.129998779296898
2026-03-22,2.846291666666667,True,0.3720660931977891,4.643864071960827,15.649987792968773
2026-03-23,3.1605416666666666,True,0.0219236224587153,5.3443295671178594,15.989984130859398
2026-03-24,5.457750000000001,True,0.7122819523780897,0.934898690533678,15.269982910156273
2026-03-25,12.044416666666669,True,0.1575542233279316,2.0552114806321127,15.579980468750025
2026-03-26,27.464291666666668,True,0.8292571372346309,3.061085941809989,
2026-03-27,14.388958333333331,True,0.3715056805635612,2.369437337357389,14.760003662109398
2026-03-28,3.2812916666666667,True,0.0298920760061048,3.102552561894063,15.079980468750025
2026-03-29,4.678583333333333,True,0.9823480816799108,2.639407553259636,15.989984130859398
2026-03-30,7.78875,True,0.4167011837763946,1.339980236330003,15.709985351562525
2026-03-31,8.147916666666667,True,-0.221219210676632,2.063678115521112,16.040002441406273
2026-04-01,6.449916666666667,True,0.0530392214923261,1.975107750097469,15.939996337890648
2026-04-02,5.714875,True,0.3921992853774294,3.314229421587412,16.089990234375023
2026-04-03,4.899041666666666,True,0.8736072297589078,2.017856349671137,15.249993896484398
2026-04-04,6.430833333333332,True,-0.1106692527384197,0.3346434979035705,
2026-04-05,5.448333333333333,True,0.3146886999308223,2.884620195940111,
2026-04-06,4.432333333333333,True,1.1725884604341426,3.816416713831186,
2026-04-07,5.613833333333332,True,-0.4321398195349957,2.014226291476608,
2026-04-08,8.400791666666665,True,-0.0488675645560498,1.0938969932696907,
2026-04-09,10.22725,True,-0.507264138912096,1.0402659143701063,
2026-04-10,7.685050000000001,True,0.1307772160133599,0.9274039510068652,
2026-04-11,7.49875,True,1.476277837651646,2.119162853903576,
2026-04-12,6.675875,True,1.005613702392955,2.612329068591402,
2026-04-13,5.18725,True,0.7675852210220958,0.3797973519616613,
2026-04-14,3.675875,True,0.5494177906887643,0.4312264371731557,
2026-04-15,2.4212916666666664,True,0.27527259719212,1.4948135940033431,
2026-04-16,2.399625,True,-0.118115476548156,0.6420939803370175,
2026-04-17,1.7219166666666663,True,-0.5034221250610962,0.6571313784045073,
2026-04-18,1.7686666666666664,True,-0.1846678524468345,1.5610830068372914,
2026-04-19,3.26375,True,-0.2070518232641263,0.5380924164431419,
2026-04-20,4.4555,True,0.4155431264339506,2.3633077639558264,
2026-04-21,3.389708333333333,True,1.0320290142420705,4.099697387527921,
2026-04-22,2.228125,True,0.5867124127146257,3.881170982857423,
2026-04-23,4.92125,True,0.0432617754242228,2.741276536267471,
2026-04-24,7.027041666666666,True,0.7562236620480497,4.8472284179273855,
2026-04-25,14.171958333333334,True,0.9948279992162036,5.750924125471649,
2026-04-26,45.898875,True,0.8553056081272965,1.804479406951339,
2026-04-27,53.203125,True,-0.4674546307248552,0.817586200581681,
2026-04-28,48.988708333333335,True,-0.2283102862204575,1.826340467862556,
2026-04-29,60.63529166666666,True,-0.1695980881388398,2.673678462532558,
2026-04-30,51.23283333333333,True,-0.2278027505551428,0.4922068209302248,
2026-05-01,57.131708333333336,True,0.6460112340391871,3.1481454155409225,
2026-05-02,66.44470833333334,True,-0.2275970080998149,2.225742321455489,
2026-05-03,49.25725,True,-0.2609719122157535,0.9302430809860032,
2026-05-04,33.67304166666667,True,0.0451291461827251,0.7993592398807151,
2026-05-05,29.451625000000003,True,-0.4209198162735526,0.9048238227664384,
2026-05-06,13.807699999999995,True,0.3194346016363518,1.152693167323041,
2026-05-07,2.9261666666666666,True,0.9733543397152816,6.456719085632057,
2026-05-08,2.31975,True,0.7574696096695777,7.001948614546471,
2026-05-09,1.3994583333333337,True,-0.3093967154507512,1.9001783644962515,
2026-05-10,2.229416666666667,True,-0.5812714143595028,0.5017528644210727,
2026-05-11,1.844375,True,,,
2026-05-12,1.3114583333333332,True,,,
2026-05-13,1.624291666666667,True,,,
2026-05-14,3.013583333333333,True,,,
2026-05-15,2.4984,False,,,
2026-05-16,,False,,,
2026-05-17,,False,,,
2026-05-18,,False,,,
2026-05-19,,False,,,
2026-05-20,,False,,,
2026-05-21,,False,,,
2026-05-22,,False,,,
2026-05-23,,False,,,
2026-05-24,,False,,,
2026-05-25,,False,,,
2026-05-26,,False,,,
2026-05-27,,False,,,
2026-05-28,,False,,,
2026-05-29,,False,,,
2026-05-30,,False,,,
2026-05-31,,False,,,
