date,chl_mean,target_eligible_default,observed_chl,is_observed,reconstructed_chl,final_chl,is_reconstructed,gap_id,gap_length,method,method_sensitivity_variant,reconstructed_chl_sensitivity_variant,uncertainty_lower,uncertainty_upper,quality_flag,extrapolation_flag,notes
2015-07-01,,False,,False,1.0390833333333334,1.0390833333333334,True,REAL_L010_20150701,14.0,state_space_kalman,gap_edge_residual_model_sensitivity,,1.0390833333333334,1.0390833333333334,standard_uncertainty,False,"Retrospective reconstruction (engineered hybrid pipeline, primary method assignment). Method=state_space_kalman. "
2015-07-02,,False,,False,1.0390833333333334,1.0390833333333334,True,REAL_L010_20150701,14.0,state_space_kalman,gap_edge_residual_model_sensitivity,,0.4340190598643959,2.487665343426274,standard_uncertainty,False,"Retrospective reconstruction (engineered hybrid pipeline, primary method assignment). Method=state_space_kalman. "
2015-07-03,,False,,False,1.0390833333333334,1.0390833333333334,True,REAL_L010_20150701,14.0,state_space_kalman,gap_edge_residual_model_sensitivity,,0.3173207108453008,3.4025329476129915,standard_uncertainty,False,"Retrospective reconstruction (engineered hybrid pipeline, primary method assignment). Method=state_space_kalman. "
2015-07-04,,False,,False,1.0390833333333334,1.0390833333333334,True,REAL_L010_20150701,14.0,state_space_kalman,gap_edge_residual_model_sensitivity,,0.2585718010458401,4.175606811122071,standard_uncertainty,False,"Retrospective reconstruction (engineered hybrid pipeline, primary method assignment). Method=state_space_kalman. "
2015-07-05,,False,,False,1.0390833333333334,1.0390833333333334,True,REAL_L010_20150701,14.0,state_space_kalman,gap_edge_residual_model_sensitivity,,0.2246943011932302,4.805169369572071,standard_uncertainty,False,"Retrospective reconstruction (engineered hybrid pipeline, primary method assignment). Method=state_space_kalman. "
2015-07-06,,False,,False,1.0390833333333334,1.0390833333333334,True,REAL_L010_20150701,14.0,state_space_kalman,gap_edge_residual_model_sensitivity,,0.2047620673860393,5.272920846103574,standard_uncertainty,False,"Retrospective reconstruction (engineered hybrid pipeline, primary method assignment). Method=state_space_kalman. "
2015-07-07,,False,,False,1.0390833333333334,1.0390833333333334,True,REAL_L010_20150701,14.0,state_space_kalman,gap_edge_residual_model_sensitivity,,0.1941402076577463,5.561414539715163,standard_uncertainty,False,"Retrospective reconstruction (engineered hybrid pipeline, primary method assignment). Method=state_space_kalman. "
2015-07-08,,False,,False,1.0390833333333334,1.0390833333333334,True,REAL_L010_20150701,14.0,state_space_kalman,gap_edge_residual_model_sensitivity,,0.1907944352518493,5.6589395397507865,standard_uncertainty,False,"Retrospective reconstruction (engineered hybrid pipeline, primary method assignment). Method=state_space_kalman. "
2015-07-09,,False,,False,1.0390833333333334,1.0390833333333334,True,REAL_L010_20150701,14.0,state_space_kalman,gap_edge_residual_model_sensitivity,,0.1941402076577462,5.561414539715166,standard_uncertainty,False,"Retrospective reconstruction (engineered hybrid pipeline, primary method assignment). Method=state_space_kalman. "
2015-07-10,,False,,False,1.0390833333333334,1.0390833333333334,True,REAL_L010_20150701,14.0,state_space_kalman,gap_edge_residual_model_sensitivity,,0.204762067386039,5.2729208461035775,standard_uncertainty,False,"Retrospective reconstruction (engineered hybrid pipeline, primary method assignment). Method=state_space_kalman. "
2015-07-11,,False,,False,1.0390833333333334,1.0390833333333334,True,REAL_L010_20150701,14.0,state_space_kalman,gap_edge_residual_model_sensitivity,,0.22469430119323,4.805169369572074,standard_uncertainty,False,"Retrospective reconstruction (engineered hybrid pipeline, primary method assignment). Method=state_space_kalman. "
2015-07-12,,False,,False,1.0390833333333334,1.0390833333333334,True,REAL_L010_20150701,14.0,state_space_kalman,gap_edge_residual_model_sensitivity,,0.2585718010458399,4.175606811122075,standard_uncertainty,False,"Retrospective reconstruction (engineered hybrid pipeline, primary method assignment). Method=state_space_kalman. "
2015-07-13,,False,,False,1.0390833333333334,1.0390833333333334,True,REAL_L010_20150701,14.0,state_space_kalman,gap_edge_residual_model_sensitivity,,0.3173207108453006,3.4025329476129933,standard_uncertainty,False,"Retrospective reconstruction (engineered hybrid pipeline, primary method assignment). Method=state_space_kalman. "
2015-07-14,1.682909090909091,False,1.682909090909091,False,1.0390833333333334,1.0390833333333334,True,REAL_L010_20150701,14.0,state_space_kalman,gap_edge_residual_model_sensitivity,,0.4340190598643959,2.4876653434262743,standard_uncertainty,False,"Retrospective reconstruction (engineered hybrid pipeline, primary method assignment). Method=state_space_kalman. "
2015-07-15,1.0390833333333334,True,1.0390833333333334,True,,1.0390833333333334,False,,,,,,,,,False,
2015-07-16,0.9799166666666668,True,0.9799166666666668,True,,0.9799166666666668,False,,,,,,,,,False,
2015-07-17,0.9585,True,0.9585,True,,0.9585,False,,,,,,,,,False,
2015-07-18,1.6441666666666663,True,1.6441666666666663,True,,1.6441666666666663,False,,,,,,,,,False,
2015-07-19,3.1671666666666667,True,3.1671666666666667,True,,3.1671666666666667,False,,,,,,,,,False,
2015-07-20,4.803541666666667,True,4.803541666666667,True,,4.803541666666667,False,,,,,,,,,False,
2015-07-21,5.633541666666666,True,5.633541666666666,True,,5.633541666666666,False,,,,,,,,,False,
2015-07-22,8.091583333333334,True,8.091583333333334,True,,8.091583333333334,False,,,,,,,,,False,
2015-07-23,7.7175,True,7.7175,True,,7.7175,False,,,,,,,,,False,
2015-07-24,10.013875,True,10.013875,True,,10.013875,False,,,,,,,,,False,
2015-07-25,11.933458333333334,True,11.933458333333334,True,,11.933458333333334,False,,,,,,,,,False,
2015-07-26,12.118458333333333,True,12.118458333333333,True,,12.118458333333333,False,,,,,,,,,False,
2015-07-27,10.598291666666666,True,10.598291666666666,True,,10.598291666666666,False,,,,,,,,,False,
2015-07-28,7.710791666666666,True,7.710791666666666,True,,7.710791666666666,False,,,,,,,,,False,
2015-07-29,6.958833333333334,True,6.958833333333334,True,,6.958833333333334,False,,,,,,,,,False,
2015-07-30,7.116791666666667,True,7.116791666666667,True,,7.116791666666667,False,,,,,,,,,False,
2015-07-31,6.095624999999999,True,6.095624999999999,True,,6.095624999999999,False,,,,,,,,,False,
2015-08-01,3.984291666666666,True,3.984291666666666,True,,3.984291666666666,False,,,,,,,,,False,
2015-08-02,4.658458333333333,True,4.658458333333333,True,,4.658458333333333,False,,,,,,,,,False,
2015-08-03,4.077375,True,4.077375,True,,4.077375,False,,,,,,,,,False,
2015-08-04,6.1297500000000005,False,6.1297500000000005,False,4.124365211072112,4.124365211072112,True,REAL_L010_20150804,15.0,state_space_kalman,gap_edge_residual_model_sensitivity,4.229858532080387,1.7155252028387094,9.91555726849977,standard_uncertainty,False,"Retrospective reconstruction (engineered hybrid pipeline, primary method assignment). Method=state_space_kalman. "
2015-08-05,,False,,False,4.171896966627281,4.171896966627281,True,REAL_L010_20150804,15.0,state_space_kalman,gap_edge_residual_model_sensitivity,4.969015877105462,1.2584707005597395,13.830059207904226,standard_uncertainty,False,"Retrospective reconstruction (engineered hybrid pipeline, primary method assignment). Method=state_space_kalman. "
2015-08-06,,False,,False,4.219976507761693,4.219976507761693,True,REAL_L010_20150804,15.0,state_space_kalman,gap_edge_residual_model_sensitivity,4.984707099579488,1.0257238910134694,17.361593974831884,standard_uncertainty,False,"Retrospective reconstruction (engineered hybrid pipeline, primary method assignment). Method=state_space_kalman. "
2015-08-07,,False,,False,4.2686101474978155,4.2686101474978155,True,REAL_L010_20150804,15.0,state_space_kalman,gap_edge_residual_model_sensitivity,4.698679369519752,0.8888009398342084,20.500690058586304,standard_uncertainty,False,"Retrospective reconstruction (engineered hybrid pipeline, primary method assignment). Method=state_space_kalman. "
2015-08-08,,False,,False,4.317804271613326,4.317804271613326,True,REAL_L010_20150804,15.0,state_space_kalman,gap_edge_residual_model_sensitivity,4.72379667384185,0.8049706877303481,23.160388337280096,standard_uncertainty,False,"Retrospective reconstruction (engineered hybrid pipeline, primary method assignment). Method=state_space_kalman. "
2015-08-09,,False,,False,4.367565339479584,4.367565339479584,True,REAL_L010_20150804,15.0,state_space_kalman,gap_edge_residual_model_sensitivity,4.397932336861667,0.755647737391937,25.2440734626713,standard_uncertainty,False,"Retrospective reconstruction (engineered hybrid pipeline, primary method assignment). Method=state_space_kalman. "
2015-08-10,,False,,False,4.417899884909764,4.417899884909764,True,REAL_L010_20150804,15.0,state_space_kalman,gap_edge_residual_model_sensitivity,4.965136999075359,0.7319479050520632,26.66561275518291,standard_uncertainty,False,"Retrospective reconstruction (engineered hybrid pipeline, primary method assignment). Method=state_space_kalman. "
2015-08-11,,False,,False,4.468814517016788,4.468814517016788,True,REAL_L010_20150804,15.0,state_space_kalman,gap_edge_residual_model_sensitivity,4.611845924294195,0.7299358793566427,27.358982826137527,standard_uncertainty,False,"Retrospective reconstruction (engineered hybrid pipeline, primary method assignment). Method=state_space_kalman. "
2015-08-12,,False,,False,4.520315921081104,4.520315921081104,True,REAL_L010_20150804,15.0,state_space_kalman,gap_edge_residual_model_sensitivity,4.1004852730180295,0.7489159679489613,27.283776686374296,standard_uncertainty,False,"Retrospective reconstruction (engineered hybrid pipeline, primary method assignment). Method=state_space_kalman. "
2015-08-13,,False,,False,4.572410859428504,4.572410859428504,True,REAL_L010_20150804,15.0,state_space_kalman,gap_edge_residual_model_sensitivity,4.63111909667375,0.7910887764223274,26.428059265321213,standard_uncertainty,False,"Retrospective reconstruction (engineered hybrid pipeline, primary method assignment). Method=state_space_kalman. "
2015-08-14,,False,,False,4.625106172318039,4.625106172318039,True,REAL_L010_20150804,15.0,state_space_kalman,gap_edge_residual_model_sensitivity,4.816446450921193,0.8622611545487258,24.808733400972898,standard_uncertainty,False,"Retrospective reconstruction (engineered hybrid pipeline, primary method assignment). Method=state_space_kalman. "
2015-08-15,,False,,False,4.678408778840165,4.678408778840165,True,REAL_L010_20150804,15.0,state_space_kalman,gap_edge_residual_model_sensitivity,4.626989068511216,0.974128340579239,22.468814210778337,standard_uncertainty,False,"Retrospective reconstruction (engineered hybrid pipeline, primary method assignment). Method=state_space_kalman. "
2015-08-16,,False,,False,4.732325677825254,4.732325677825254,True,REAL_L010_20150804,15.0,state_space_kalman,gap_edge_residual_model_sensitivity,4.387841619875558,1.1502574715460914,19.469472596341987,standard_uncertainty,False,"Retrospective reconstruction (engineered hybrid pipeline, primary method assignment). Method=state_space_kalman. "
2015-08-17,,False,,False,4.786863948762557,4.786863948762557,True,REAL_L010_20150804,15.0,state_space_kalman,gap_edge_residual_model_sensitivity,4.3575477368025455,1.443978141184418,15.868707295781835,standard_uncertainty,False,"Retrospective reconstruction (engineered hybrid pipeline, primary method assignment). Method=state_space_kalman. "
2015-08-18,4.099230769230769,False,4.099230769230769,False,4.842030752729776,4.842030752729776,True,REAL_L010_20150804,15.0,state_space_kalman,gap_edge_residual_model_sensitivity,5.195719711792446,2.0140374006958366,11.64092672870956,standard_uncertainty,False,"Retrospective reconstruction (engineered hybrid pipeline, primary method assignment). Method=state_space_kalman. "
2015-08-19,4.897833333333334,True,4.897833333333334,True,,4.897833333333334,False,,,,,,,,,False,
2015-08-20,2.565583333333333,True,2.565583333333333,True,,2.565583333333333,False,,,,,,,,,False,
2015-08-21,1.9542916666666663,True,1.9542916666666663,True,,1.9542916666666663,False,,,,,,,,,False,
2015-08-22,1.8032083333333333,True,1.8032083333333333,True,,1.8032083333333333,False,,,,,,,,,False,
2015-08-23,3.5695833333333336,True,3.5695833333333336,True,,3.5695833333333336,False,,,,,,,,,False,
2015-08-24,6.666458333333334,True,6.666458333333334,True,,6.666458333333334,False,,,,,,,,,False,
2015-08-25,4.984666666666667,True,4.984666666666667,True,,4.984666666666667,False,,,,,,,,,False,
2015-08-26,3.1843333333333335,True,3.1843333333333335,True,,3.1843333333333335,False,,,,,,,,,False,
2015-08-27,3.4482500000000003,True,3.4482500000000003,True,,3.4482500000000003,False,,,,,,,,,False,
2015-08-28,6.541875,True,6.541875,True,,6.541875,False,,,,,,,,,False,
2015-08-29,8.607291666666667,True,8.607291666666667,True,,8.607291666666667,False,,,,,,,,,False,
2015-08-30,8.854125000000002,True,8.854125000000002,True,,8.854125000000002,False,,,,,,,,,False,
2015-08-31,5.351,True,5.351,True,,5.351,False,,,,,,,,,False,
2015-09-01,5.7035833333333334,True,5.7035833333333334,True,,5.7035833333333334,False,,,,,,,,,False,
2015-09-02,5.207666666666667,True,5.207666666666667,True,,5.207666666666667,False,,,,,,,,,False,
2015-09-03,2.7680833333333332,True,2.7680833333333332,True,,2.7680833333333332,False,,,,,,,,,False,
2015-09-04,2.55325,True,2.55325,True,,2.55325,False,,,,,,,,,False,
2015-09-05,1.6928333333333334,True,1.6928333333333334,True,,1.6928333333333334,False,,,,,,,,,False,
2015-09-06,0.963875,True,0.963875,True,,0.963875,False,,,,,,,,,False,
2015-09-07,1.531291666666667,True,1.531291666666667,True,,1.531291666666667,False,,,,,,,,,False,
2015-09-08,1.643541666666667,True,1.643541666666667,True,,1.643541666666667,False,,,,,,,,,False,
2015-09-09,1.5445000000000002,True,1.5445000000000002,True,,1.5445000000000002,False,,,,,,,,,False,
2015-09-10,1.7497916666666666,True,1.7497916666666666,True,,1.7497916666666666,False,,,,,,,,,False,
2015-09-11,1.2012916666666666,True,1.2012916666666666,True,,1.2012916666666666,False,,,,,,,,,False,
2015-09-12,1.0795416666666666,True,1.0795416666666666,True,,1.0795416666666666,False,,,,,,,,,False,
2015-09-13,6.2114166666666675,True,6.2114166666666675,True,,6.2114166666666675,False,,,,,,,,,False,
2015-09-14,13.432357142857144,False,13.432357142857144,False,13.16067758962602,13.16067758962602,True,REAL_L001_20150914,1.0,gaussian_process,,,6.199555989561096,27.938038612721137,standard_uncertainty,False,"Retrospective reconstruction (engineered hybrid pipeline, primary method assignment). Method=gaussian_process. "
2015-09-15,14.343625,True,14.343625,True,,14.343625,False,,,,,,,,,False,
2015-09-16,9.149708333333336,True,9.149708333333336,True,,9.149708333333336,False,,,,,,,,,False,
2015-09-17,5.2484166666666665,True,5.2484166666666665,True,,5.2484166666666665,False,,,,,,,,,False,
2015-09-18,1.79725,True,1.79725,True,,1.79725,False,,,,,,,,,False,
2015-09-19,2.156,True,2.156,True,,2.156,False,,,,,,,,,False,
2015-09-20,4.539541666666667,True,4.539541666666667,True,,4.539541666666667,False,,,,,,,,,False,
2015-09-21,6.954833333333333,True,6.954833333333333,True,,6.954833333333333,False,,,,,,,,,False,
2015-09-22,10.142583333333333,True,10.142583333333333,True,,10.142583333333333,False,,,,,,,,,False,
2015-09-23,13.66725,True,13.66725,True,,13.66725,False,,,,,,,,,False,
2015-09-24,12.332,True,12.332,True,,12.332,False,,,,,,,,,False,
2015-09-25,6.335208333333334,True,6.335208333333334,True,,6.335208333333334,False,,,,,,,,,False,
2015-09-26,2.1664999999999996,True,2.1664999999999996,True,,2.1664999999999996,False,,,,,,,,,False,
2015-09-27,1.9611666666666665,True,1.9611666666666665,True,,1.9611666666666665,False,,,,,,,,,False,
2015-09-28,2.8517500000000005,True,2.8517500000000005,True,,2.8517500000000005,False,,,,,,,,,False,
2015-09-29,1.6382916666666667,True,1.6382916666666667,True,,1.6382916666666667,False,,,,,,,,,False,
2015-09-30,3.3019999999999996,True,3.3019999999999996,True,,3.3019999999999996,False,,,,,,,,,False,
2015-10-01,7.007583333333334,True,7.007583333333334,True,,7.007583333333334,False,,,,,,,,,False,
2015-10-02,9.927208333333333,True,9.927208333333333,True,,9.927208333333333,False,,,,,,,,,False,
2015-10-03,11.692166666666663,True,11.692166666666663,True,,11.692166666666663,False,,,,,,,,,False,
2015-10-04,9.682708333333332,True,9.682708333333332,True,,9.682708333333332,False,,,,,,,,,False,
2015-10-05,6.196458333333333,True,6.196458333333333,True,,6.196458333333333,False,,,,,,,,,False,
2015-10-06,4.311833333333333,True,4.311833333333333,True,,4.311833333333333,False,,,,,,,,,False,
2015-10-07,3.2705416666666665,True,3.2705416666666665,True,,3.2705416666666665,False,,,,,,,,,False,
2015-10-08,1.6302083333333333,True,1.6302083333333333,True,,1.6302083333333333,False,,,,,,,,,False,
2015-10-09,1.717666666666667,True,1.717666666666667,True,,1.717666666666667,False,,,,,,,,,False,
2015-10-10,1.7123333333333337,True,1.7123333333333337,True,,1.7123333333333337,False,,,,,,,,,False,
2015-10-11,1.3790000000000002,True,1.3790000000000002,True,,1.3790000000000002,False,,,,,,,,,False,
2015-10-12,0.7305000000000001,True,0.7305000000000001,True,,0.7305000000000001,False,,,,,,,,,False,
2015-10-13,12.436541666666669,True,12.436541666666669,True,,12.436541666666669,False,,,,,,,,,False,
2015-10-14,19.756375,True,19.756375,True,,19.756375,False,,,,,,,,,False,
2015-10-15,7.778333333333333,True,7.778333333333333,True,,7.778333333333333,False,,,,,,,,,False,
2015-10-16,9.916791666666668,True,9.916791666666668,True,,9.916791666666668,False,,,,,,,,,False,
2015-10-17,11.48745833333333,True,11.48745833333333,True,,11.48745833333333,False,,,,,,,,,False,
2015-10-18,10.878916666666663,True,10.878916666666663,True,,10.878916666666663,False,,,,,,,,,False,
2015-10-19,,False,,False,7.746937697073135,7.746937697073135,True,REAL_L001_20151019,1.0,gaussian_process,,,3.8276236782254927,15.679452508287364,standard_uncertainty,False,"Retrospective reconstruction (engineered hybrid pipeline, primary method assignment). Method=gaussian_process. "
2015-10-20,5.321478260869565,True,5.321478260869565,True,,5.321478260869565,False,,,,,,,,,False,
2015-10-21,3.625291666666667,True,3.625291666666667,True,,3.625291666666667,False,,,,,,,,,False,
2015-10-22,2.1502083333333335,True,2.1502083333333335,True,,2.1502083333333335,False,,,,,,,,,False,
2015-10-23,0.8884736842105263,True,0.8884736842105263,True,,0.8884736842105263,False,,,,,,,,,False,
2015-10-24,0.5167916666666666,True,0.5167916666666666,True,,0.5167916666666666,False,,,,,,,,,False,
2015-10-25,0.7171249999999999,True,0.7171249999999999,True,,0.7171249999999999,False,,,,,,,,,False,
2015-10-26,0.616875,True,0.616875,True,,0.616875,False,,,,,,,,,False,
2015-10-27,0.7291666666666666,True,0.7291666666666666,True,,0.7291666666666666,False,,,,,,,,,False,
2015-10-28,1.575416666666667,True,1.575416666666667,True,,1.575416666666667,False,,,,,,,,,False,
2015-10-29,1.922125,True,1.922125,True,,1.922125,False,,,,,,,,,False,
2015-10-30,1.797208333333333,True,1.797208333333333,True,,1.797208333333333,False,,,,,,,,,False,
2015-10-31,1.416958333333333,True,1.416958333333333,True,,1.416958333333333,False,,,,,,,,,False,
2015-11-01,2.250375,True,2.250375,True,,2.250375,False,,,,,,,,,False,
2015-11-02,5.317166666666666,True,5.317166666666666,True,,5.317166666666666,False,,,,,,,,,False,
2015-11-03,6.528958333333333,True,6.528958333333333,True,,6.528958333333333,False,,,,,,,,,False,
2015-11-04,5.941666666666666,True,5.941666666666666,True,,5.941666666666666,False,,,,,,,,,False,
2015-11-05,2.825125,True,2.825125,True,,2.825125,False,,,,,,,,,False,
2015-11-06,1.7921249999999995,True,1.7921249999999995,True,,1.7921249999999995,False,,,,,,,,,False,
2015-11-07,1.027125,True,1.027125,True,,1.027125,False,,,,,,,,,False,
2015-11-08,0.6535833333333333,True,0.6535833333333333,True,,0.6535833333333333,False,,,,,,,,,False,
2015-11-09,0.3874,False,0.3874,False,0.8453157932243042,0.8453157932243042,True,REAL_L001_20151109,5.0,state_space_kalman,,,0.3696974363859988,1.932820517392953,standard_uncertainty,False,"Retrospective reconstruction (engineered hybrid pipeline, primary method assignment). Method=state_space_kalman. "
2015-11-10,0.3745454545454545,False,0.3745454545454545,False,1.093294081766316,1.093294081766316,True,REAL_L001_20151109,5.0,state_space_kalman,,,0.3840746755164101,3.1121342421707814,standard_uncertainty,False,"Retrospective reconstruction (engineered hybrid pipeline, primary method assignment). Method=state_space_kalman. "
2015-11-11,,False,,False,1.414018238871448,1.414018238871448,True,REAL_L001_20151109,5.0,state_space_kalman,,,0.4662023698204652,4.2887975465056085,standard_uncertainty,False,"Retrospective reconstruction (engineered hybrid pipeline, primary method assignment). Method=state_space_kalman. "
2015-11-12,,False,,False,1.8288286868166543,1.8288286868166543,True,REAL_L001_20151109,5.0,state_space_kalman,,,0.6424682948337261,5.2058823643416225,standard_uncertainty,False,"Retrospective reconstruction (engineered hybrid pipeline, primary method assignment). Method=state_space_kalman. "
2015-11-13,0.7243,False,0.7243,False,2.365326184471936,2.365326184471936,True,REAL_L001_20151109,5.0,state_space_kalman,,,1.0344714172208953,5.408334987136615,standard_uncertainty,False,"Retrospective reconstruction (engineered hybrid pipeline, primary method assignment). Method=state_space_kalman. "
2015-11-14,3.059208333333333,True,3.059208333333333,True,,3.059208333333333,False,,,,,,,,,False,
2015-11-15,4.090291666666666,True,4.090291666666666,True,,4.090291666666666,False,,,,,,,,,False,
2015-11-16,1.8021666666666665,True,1.8021666666666665,True,,1.8021666666666665,False,,,,,,,,,False,
2015-11-17,1.2130416666666666,True,1.2130416666666666,True,,1.2130416666666666,False,,,,,,,,,False,
2015-11-18,0.9417083333333331,True,0.9417083333333331,True,,0.9417083333333331,False,,,,,,,,,False,
2015-11-19,0.3699166666666666,True,0.3699166666666666,True,,0.3699166666666666,False,,,,,,,,,False,
2015-11-20,0.2383333333333333,True,0.2383333333333333,True,,0.2383333333333333,False,,,,,,,,,False,
2015-11-21,0.3047083333333333,True,0.3047083333333333,True,,0.3047083333333333,False,,,,,,,,,False,
2015-11-22,1.1120416666666666,True,1.1120416666666666,True,,1.1120416666666666,False,,,,,,,,,False,
2015-11-23,1.4891250000000005,True,1.4891250000000005,True,,1.4891250000000005,False,,,,,,,,,False,
2015-11-24,1.8140833333333333,True,1.8140833333333333,True,,1.8140833333333333,False,,,,,,,,,False,
2015-11-25,1.674875,True,1.674875,True,,1.674875,False,,,,,,,,,False,
2015-11-26,1.7988333333333333,True,1.7988333333333333,True,,1.7988333333333333,False,,,,,,,,,False,
2015-11-27,1.5785833333333332,True,1.5785833333333332,True,,1.5785833333333332,False,,,,,,,,,False,
2015-11-28,1.329041666666667,True,1.329041666666667,True,,1.329041666666667,False,,,,,,,,,False,
2015-11-29,1.147375,True,1.147375,True,,1.147375,False,,,,,,,,,False,
2015-11-30,,False,,False,1.548545313340814,1.548545313340814,True,REAL_L031_20151130,45.0,gap_edge_residual_model,,,0.5664802406354026,4.233144274864821,moderate_uncertainty_long_gap,False,"Retrospective reconstruction (engineered hybrid pipeline, primary method assignment). Method=gap_edge_residual_model. "
2015-12-01,,False,,False,1.5910575320406264,1.5910575320406264,True,REAL_L031_20151130,45.0,gap_edge_residual_model,,,0.5650324503899385,4.480210063185225,moderate_uncertainty_long_gap,False,"Retrospective reconstruction (engineered hybrid pipeline, primary method assignment). Method=gap_edge_residual_model. "
2015-12-02,,False,,False,1.6925320265124342,1.6925320265124342,True,REAL_L031_20151130,45.0,gap_edge_residual_model,,,0.5696454973166475,5.028855093675766,moderate_uncertainty_long_gap,False,"Retrospective reconstruction (engineered hybrid pipeline, primary method assignment). Method=gap_edge_residual_model. "
2015-12-03,,False,,False,1.670243895538239,1.670243895538239,True,REAL_L031_20151130,45.0,gap_edge_residual_model,,,0.5872524318772935,4.750452308328053,moderate_uncertainty_long_gap,False,"Retrospective reconstruction (engineered hybrid pipeline, primary method assignment). Method=gap_edge_residual_model. "
2015-12-04,,False,,False,1.5278847208191602,1.5278847208191602,True,REAL_L031_20151130,45.0,gap_edge_residual_model,,,0.5532519682021776,4.219472960391819,moderate_uncertainty_long_gap,False,"Retrospective reconstruction (engineered hybrid pipeline, primary method assignment). Method=gap_edge_residual_model. "
2015-12-05,,False,,False,1.498102901169148,1.498102901169148,True,REAL_L031_20151130,45.0,gap_edge_residual_model,,,0.5361388243466287,4.186065624377181,moderate_uncertainty_long_gap,False,"Retrospective reconstruction (engineered hybrid pipeline, primary method assignment). Method=gap_edge_residual_model. "
2015-12-06,,False,,False,1.6492475623275489,1.6492475623275489,True,REAL_L031_20151130,45.0,gap_edge_residual_model,,,0.5716791025497897,4.757944640116463,moderate_uncertainty_long_gap,False,"Retrospective reconstruction (engineered hybrid pipeline, primary method assignment). Method=gap_edge_residual_model. "
2015-12-07,,False,,False,1.6424055345126425,1.6424055345126425,True,REAL_L031_20151130,45.0,gap_edge_residual_model,,,0.6193092251907836,4.355652766139195,moderate_uncertainty_long_gap,False,"Retrospective reconstruction (engineered hybrid pipeline, primary method assignment). Method=gap_edge_residual_model. "
2015-12-08,,False,,False,1.699022146978982,1.699022146978982,True,REAL_L031_20151130,45.0,gap_edge_residual_model,,,0.6100210808550574,4.732092621912113,moderate_uncertainty_long_gap,False,"Retrospective reconstruction (engineered hybrid pipeline, primary method assignment). Method=gap_edge_residual_model. "
2015-12-09,,False,,False,1.7971075728869128,1.7971075728869128,True,REAL_L031_20151130,45.0,gap_edge_residual_model,,,0.6611632411244572,4.884717461053694,moderate_uncertainty_long_gap,False,"Retrospective reconstruction (engineered hybrid pipeline, primary method assignment). Method=gap_edge_residual_model. "
2015-12-10,,False,,False,1.7649784745870336,1.7649784745870336,True,REAL_L031_20151130,45.0,gap_edge_residual_model,,,0.5924679534155163,5.257919855069057,moderate_uncertainty_long_gap,False,"Retrospective reconstruction (engineered hybrid pipeline, primary method assignment). Method=gap_edge_residual_model. "
2015-12-11,,False,,False,1.8256483288516612,1.8256483288516612,True,REAL_L031_20151130,45.0,gap_edge_residual_model,,,0.6450448427722095,5.167069945578765,moderate_uncertainty_long_gap,False,"Retrospective reconstruction (engineered hybrid pipeline, primary method assignment). Method=gap_edge_residual_model. "
2015-12-12,,False,,False,1.679452497853551,1.679452497853551,True,REAL_L031_20151130,45.0,gap_edge_residual_model,,,0.6167003585029902,4.573632321851253,moderate_uncertainty_long_gap,False,"Retrospective reconstruction (engineered hybrid pipeline, primary method assignment). Method=gap_edge_residual_model. "
2015-12-13,,False,,False,1.5914903424099427,1.5914903424099427,True,REAL_L031_20151130,45.0,gap_edge_residual_model,,,0.6066793088945449,4.174926477382772,moderate_uncertainty_long_gap,False,"Retrospective reconstruction (engineered hybrid pipeline, primary method assignment). Method=gap_edge_residual_model. "
2015-12-14,,False,,False,1.649986600393972,1.649986600393972,True,REAL_L031_20151130,45.0,gap_edge_residual_model,,,0.6248533878987602,4.356951301223887,moderate_uncertainty_long_gap,False,"Retrospective reconstruction (engineered hybrid pipeline, primary method assignment). Method=gap_edge_residual_model. "
2015-12-15,,False,,False,1.5970429653254077,1.5970429653254077,True,REAL_L031_20151130,45.0,gap_edge_residual_model,,,0.59639202942995,4.276626962190058,moderate_uncertainty_long_gap,False,"Retrospective reconstruction (engineered hybrid pipeline, primary method assignment). Method=gap_edge_residual_model. "
2015-12-16,,False,,False,1.5463267469036617,1.5463267469036617,True,REAL_L031_20151130,45.0,gap_edge_residual_model,,,0.5858042444376356,4.081784027504121,moderate_uncertainty_long_gap,False,"Retrospective reconstruction (engineered hybrid pipeline, primary method assignment). Method=gap_edge_residual_model. "
2015-12-17,,False,,False,1.6341105520742256,1.6341105520742256,True,REAL_L031_20151130,45.0,gap_edge_residual_model,,,0.5842907387536598,4.570185901108644,moderate_uncertainty_long_gap,False,"Retrospective reconstruction (engineered hybrid pipeline, primary method assignment). Method=gap_edge_residual_model. "
2015-12-18,,False,,False,1.6748075823349284,1.6748075823349284,True,REAL_L031_20151130,45.0,gap_edge_residual_model,,,0.5967690971608505,4.7002776303118905,moderate_uncertainty_long_gap,False,"Retrospective reconstruction (engineered hybrid pipeline, primary method assignment). Method=gap_edge_residual_model. "
2015-12-19,,False,,False,1.6309971156486254,1.6309971156486254,True,REAL_L031_20151130,45.0,gap_edge_residual_model,,,0.5799122174745632,4.587162524077738,moderate_uncertainty_long_gap,False,"Retrospective reconstruction (engineered hybrid pipeline, primary method assignment). Method=gap_edge_residual_model. "
2015-12-20,,False,,False,1.7851956957288064,1.7851956957288064,True,REAL_L031_20151130,45.0,gap_edge_residual_model,,,0.6379124978520154,4.995863355522418,moderate_uncertainty_long_gap,False,"Retrospective reconstruction (engineered hybrid pipeline, primary method assignment). Method=gap_edge_residual_model. "
2015-12-21,,False,,False,1.723302477887965,1.723302477887965,True,REAL_L031_20151130,45.0,gap_edge_residual_model,,,0.6255392066969154,4.747538441237475,moderate_uncertainty_long_gap,False,"Retrospective reconstruction (engineered hybrid pipeline, primary method assignment). Method=gap_edge_residual_model. "
2015-12-22,,False,,False,1.6603459657054565,1.6603459657054565,True,REAL_L031_20151130,45.0,gap_edge_residual_model,,,0.5832267278550634,4.72671877705759,moderate_uncertainty_long_gap,False,"Retrospective reconstruction (engineered hybrid pipeline, primary method assignment). Method=gap_edge_residual_model. "
2015-12-23,,False,,False,1.7110122703817698,1.7110122703817698,True,REAL_L031_20151130,45.0,gap_edge_residual_model,,,0.6105620073259854,4.794865966551899,moderate_uncertainty_long_gap,False,"Retrospective reconstruction (engineered hybrid pipeline, primary method assignment). Method=gap_edge_residual_model. "
2015-12-24,,False,,False,1.7430869321192295,1.7430869321192295,True,REAL_L031_20151130,45.0,gap_edge_residual_model,,,0.5907620187234905,5.14310662606586,moderate_uncertainty_long_gap,False,"Retrospective reconstruction (engineered hybrid pipeline, primary method assignment). Method=gap_edge_residual_model. "
2015-12-25,,False,,False,1.821184457827396,1.821184457827396,True,REAL_L031_20151130,45.0,gap_edge_residual_model,,,0.5521082304326304,6.007359873684733,moderate_uncertainty_long_gap,False,"Retrospective reconstruction (engineered hybrid pipeline, primary method assignment). Method=gap_edge_residual_model. "
2015-12-26,,False,,False,1.9108743762260931,1.9108743762260931,True,REAL_L031_20151130,45.0,gap_edge_residual_model,,,0.622533964678381,5.865448455658,moderate_uncertainty_long_gap,False,"Retrospective reconstruction (engineered hybrid pipeline, primary method assignment). Method=gap_edge_residual_model. "
2015-12-27,,False,,False,1.7448659285297683,1.7448659285297683,True,REAL_L031_20151130,45.0,gap_edge_residual_model,,,0.5921526954861295,5.141506796730214,moderate_uncertainty_long_gap,False,"Retrospective reconstruction (engineered hybrid pipeline, primary method assignment). Method=gap_edge_residual_model. "
2015-12-28,,False,,False,1.7221174263777412,1.7221174263777412,True,REAL_L031_20151130,45.0,gap_edge_residual_model,,,0.5235013393873037,5.665101895832554,moderate_uncertainty_long_gap,False,"Retrospective reconstruction (engineered hybrid pipeline, primary method assignment). Method=gap_edge_residual_model. "
2015-12-29,,False,,False,1.7450313717598191,1.7450313717598191,True,REAL_L031_20151130,45.0,gap_edge_residual_model,,,0.5073514955123901,6.002021311380149,moderate_uncertainty_long_gap,False,"Retrospective reconstruction (engineered hybrid pipeline, primary method assignment). Method=gap_edge_residual_model. "
2015-12-30,,False,,False,1.648850920483431,1.648850920483431,True,REAL_L031_20151130,45.0,gap_edge_residual_model,,,0.518947554868475,5.238890389739098,moderate_uncertainty_long_gap,False,"Retrospective reconstruction (engineered hybrid pipeline, primary method assignment). Method=gap_edge_residual_model. "
2015-12-31,,False,,False,1.5717091285131215,1.5717091285131215,True,REAL_L031_20151130,45.0,gap_edge_residual_model,,,0.4511964314305444,5.474931565436685,moderate_uncertainty_long_gap,False,"Retrospective reconstruction (engineered hybrid pipeline, primary method assignment). Method=gap_edge_residual_model. "
2016-01-01,,False,,False,1.5123722296705238,1.5123722296705238,True,REAL_L031_20151130,45.0,gap_edge_residual_model,,,0.4843767241825559,4.722088504435539,moderate_uncertainty_long_gap,False,"Retrospective reconstruction (engineered hybrid pipeline, primary method assignment). Method=gap_edge_residual_model. "
2016-01-02,,False,,False,1.6762232718212011,1.6762232718212011,True,REAL_L031_20151130,45.0,gap_edge_residual_model,,,0.5369940270242846,5.23231975700897,moderate_uncertainty_long_gap,False,"Retrospective reconstruction (engineered hybrid pipeline, primary method assignment). Method=gap_edge_residual_model. "
2016-01-03,,False,,False,1.6532038644513196,1.6532038644513196,True,REAL_L031_20151130,45.0,gap_edge_residual_model,,,0.5194678169854566,5.261313459796672,moderate_uncertainty_long_gap,False,"Retrospective reconstruction (engineered hybrid pipeline, primary method assignment). Method=gap_edge_residual_model. "
2016-01-04,,False,,False,1.678199234273315,1.678199234273315,True,REAL_L031_20151130,45.0,gap_edge_residual_model,,,0.517617790687972,5.440988931567234,moderate_uncertainty_long_gap,False,"Retrospective reconstruction (engineered hybrid pipeline, primary method assignment). Method=gap_edge_residual_model. "
2016-01-05,,False,,False,1.6142863710992887,1.6142863710992887,True,REAL_L031_20151130,45.0,gap_edge_residual_model,,,0.497409828260732,5.238980695312961,moderate_uncertainty_long_gap,False,"Retrospective reconstruction (engineered hybrid pipeline, primary method assignment). Method=gap_edge_residual_model. "
2016-01-06,,False,,False,1.4153933969286032,1.4153933969286032,True,REAL_L031_20151130,45.0,gap_edge_residual_model,,,0.4641335255380152,4.316297698484195,moderate_uncertainty_long_gap,False,"Retrospective reconstruction (engineered hybrid pipeline, primary method assignment). Method=gap_edge_residual_model. "
2016-01-07,2.027214285714286,False,2.027214285714286,False,1.6683581445719502,1.6683581445719502,True,REAL_L031_20151130,45.0,gap_edge_residual_model,,,0.4656261907630797,5.97779711231025,moderate_uncertainty_long_gap,False,"Retrospective reconstruction (engineered hybrid pipeline, primary method assignment). Method=gap_edge_residual_model. "
2016-01-08,,False,,False,1.5152731414240324,1.5152731414240324,True,REAL_L031_20151130,45.0,gap_edge_residual_model,,,0.4145390977917407,5.538808535436539,moderate_uncertainty_long_gap,False,"Retrospective reconstruction (engineered hybrid pipeline, primary method assignment). Method=gap_edge_residual_model. "
2016-01-09,,False,,False,1.5558692556302556,1.5558692556302556,True,REAL_L031_20151130,45.0,gap_edge_residual_model,,,0.4495682409143087,5.384564389362318,moderate_uncertainty_long_gap,False,"Retrospective reconstruction (engineered hybrid pipeline, primary method assignment). Method=gap_edge_residual_model. "
2016-01-10,,False,,False,1.6179267055377062,1.6179267055377062,True,REAL_L031_20151130,45.0,gap_edge_residual_model,,,0.4794465920336501,5.459809013113963,moderate_uncertainty_long_gap,False,"Retrospective reconstruction (engineered hybrid pipeline, primary method assignment). Method=gap_edge_residual_model. "
2016-01-11,,False,,False,1.452602571851982,1.452602571851982,True,REAL_L031_20151130,45.0,gap_edge_residual_model,,,0.3954315744738835,5.3360792813735,moderate_uncertainty_long_gap,False,"Retrospective reconstruction (engineered hybrid pipeline, primary method assignment). Method=gap_edge_residual_model. "
2016-01-12,,False,,False,1.557217634721475,1.557217634721475,True,REAL_L031_20151130,45.0,gap_edge_residual_model,,,0.4546093550538966,5.334089003953857,moderate_uncertainty_long_gap,False,"Retrospective reconstruction (engineered hybrid pipeline, primary method assignment). Method=gap_edge_residual_model. "
2016-01-13,1.2595454545454543,False,1.2595454545454543,False,2.213531361231977,2.213531361231977,True,REAL_L031_20151130,45.0,gap_edge_residual_model,,,0.323781055120282,15.132822040305234,moderate_uncertainty_long_gap,False,"Retrospective reconstruction (engineered hybrid pipeline, primary method assignment). Method=gap_edge_residual_model. "
2016-01-14,1.045958333333333,True,1.045958333333333,True,,1.045958333333333,False,,,,,,,,,False,
2016-01-15,0.5397083333333333,True,0.5397083333333333,True,,0.5397083333333333,False,,,,,,,,,False,
2016-01-16,0.9669166666666666,True,0.9669166666666666,True,,0.9669166666666666,False,,,,,,,,,False,
2016-01-17,1.1559166666666665,True,1.1559166666666665,True,,1.1559166666666665,False,,,,,,,,,False,
2016-01-18,3.8401666666666663,True,3.8401666666666663,True,,3.8401666666666663,False,,,,,,,,,False,
2016-01-19,3.2922083333333334,True,3.2922083333333334,True,,3.2922083333333334,False,,,,,,,,,False,
2016-01-20,2.783583333333333,True,2.783583333333333,True,,2.783583333333333,False,,,,,,,,,False,
2016-01-21,1.8927916666666669,True,1.8927916666666669,True,,1.8927916666666669,False,,,,,,,,,False,
2016-01-22,1.7400833333333334,True,1.7400833333333334,True,,1.7400833333333334,False,,,,,,,,,False,
2016-01-23,1.463666666666667,True,1.463666666666667,True,,1.463666666666667,False,,,,,,,,,False,
2016-01-24,2.3805833333333335,True,2.3805833333333335,True,,2.3805833333333335,False,,,,,,,,,False,
2016-01-25,2.5220833333333332,True,2.5220833333333332,True,,2.5220833333333332,False,,,,,,,,,False,
2016-01-26,3.5909166666666668,True,3.5909166666666668,True,,3.5909166666666668,False,,,,,,,,,False,
2016-01-27,4.456166666666666,True,4.456166666666666,True,,4.456166666666666,False,,,,,,,,,False,
2016-01-28,3.020208333333333,True,3.020208333333333,True,,3.020208333333333,False,,,,,,,,,False,
2016-01-29,4.463541666666667,True,4.463541666666667,True,,4.463541666666667,False,,,,,,,,,False,
2016-01-30,3.029041666666666,True,3.029041666666666,True,,3.029041666666666,False,,,,,,,,,False,
2016-01-31,3.932625,True,3.932625,True,,3.932625,False,,,,,,,,,False,
2016-02-01,2.5011,False,2.5011,False,3.7730476654293064,3.7730476654293064,True,REAL_L001_20160201,4.0,state_space_kalman,,,1.677940307227738,8.484144891376864,standard_uncertainty,False,"Retrospective reconstruction (engineered hybrid pipeline, primary method assignment). Method=state_space_kalman. "
2016-02-02,,False,,False,3.6199456306160736,3.6199456306160736,True,REAL_L001_20160201,4.0,state_space_kalman,,,1.3418222680842344,9.765828664719836,standard_uncertainty,False,"Retrospective reconstruction (engineered hybrid pipeline, primary method assignment). Method=state_space_kalman. "
2016-02-03,,False,,False,3.4730561420366795,3.4730561420366795,True,REAL_L001_20160201,4.0,state_space_kalman,,,1.287374050670043,9.369552663781516,standard_uncertainty,False,"Retrospective reconstruction (engineered hybrid pipeline, primary method assignment). Method=state_space_kalman. "
2016-02-04,4.8931818181818185,False,4.8931818181818185,False,3.332127108131695,3.332127108131695,True,REAL_L001_20160201,4.0,state_space_kalman,,,1.4818552213822092,7.492682756409655,standard_uncertainty,False,"Retrospective reconstruction (engineered hybrid pipeline, primary method assignment). Method=state_space_kalman. "
2016-02-05,3.196916666666666,True,3.196916666666666,True,,3.196916666666666,False,,,,,,,,,False,
2016-02-06,4.131,True,4.131,True,,4.131,False,,,,,,,,,False,
2016-02-07,3.1019166666666664,True,3.1019166666666664,True,,3.1019166666666664,False,,,,,,,,,False,
2016-02-08,4.068375,True,4.068375,True,,4.068375,False,,,,,,,,,False,
2016-02-09,3.466583333333334,True,3.466583333333334,True,,3.466583333333334,False,,,,,,,,,False,
2016-02-10,3.8542083333333337,True,3.8542083333333337,True,,3.8542083333333337,False,,,,,,,,,False,
2016-02-11,2.689666666666666,True,2.689666666666666,True,,2.689666666666666,False,,,,,,,,,False,
2016-02-12,1.7535,True,1.7535,True,,1.7535,False,,,,,,,,,False,
2016-02-13,1.2837083333333332,True,1.2837083333333332,True,,1.2837083333333332,False,,,,,,,,,False,
2016-02-14,1.1750416666666668,True,1.1750416666666668,True,,1.1750416666666668,False,,,,,,,,,False,
2016-02-15,1.5528750000000002,True,1.5528750000000002,True,,1.5528750000000002,False,,,,,,,,,False,
2016-02-16,2.6014166666666667,True,2.6014166666666667,True,,2.6014166666666667,False,,,,,,,,,False,
2016-02-17,3.628916666666667,True,3.628916666666667,True,,3.628916666666667,False,,,,,,,,,False,
2016-02-18,3.0104583333333337,True,3.0104583333333337,True,,3.0104583333333337,False,,,,,,,,,False,
2016-02-19,3.1517916666666665,True,3.1517916666666665,True,,3.1517916666666665,False,,,,,,,,,False,
2016-02-20,3.3933750000000003,True,3.3933750000000003,True,,3.3933750000000003,False,,,,,,,,,False,
2016-02-21,3.2814166666666664,True,3.2814166666666664,True,,3.2814166666666664,False,,,,,,,,,False,
2016-02-22,2.4457083333333336,True,2.4457083333333336,True,,2.4457083333333336,False,,,,,,,,,False,
2016-02-23,1.428583333333333,True,1.428583333333333,True,,1.428583333333333,False,,,,,,,,,False,
2016-02-24,1.0619166666666666,True,1.0619166666666666,True,,1.0619166666666666,False,,,,,,,,,False,
2016-02-25,0.630375,True,0.630375,True,,0.630375,False,,,,,,,,,False,
2016-02-26,0.4782916666666667,True,0.4782916666666667,True,,0.4782916666666667,False,,,,,,,,,False,
2016-02-27,0.5608333333333334,True,0.5608333333333334,True,,0.5608333333333334,False,,,,,,,,,False,
2016-02-28,0.66325,True,0.66325,True,,0.66325,False,,,,,,,,,False,
2016-02-29,1.5502916666666664,True,1.5502916666666664,True,,1.5502916666666664,False,,,,,,,,,False,
2016-03-01,1.7415,True,1.7415,True,,1.7415,False,,,,,,,,,False,
2016-03-02,2.126958333333333,True,2.126958333333333,True,,2.126958333333333,False,,,,,,,,,False,
2016-03-03,2.791166666666667,True,2.791166666666667,True,,2.791166666666667,False,,,,,,,,,False,
2016-03-04,2.9428333333333327,True,2.9428333333333327,True,,2.9428333333333327,False,,,,,,,,,False,
2016-03-05,4.5175833333333335,True,4.5175833333333335,True,,4.5175833333333335,False,,,,,,,,,False,
2016-03-06,4.9870833333333335,True,4.9870833333333335,True,,4.9870833333333335,False,,,,,,,,,False,
2016-03-07,5.025958333333334,True,5.025958333333334,True,,5.025958333333334,False,,,,,,,,,False,
2016-03-08,6.862416666666667,True,6.862416666666667,True,,6.862416666666667,False,,,,,,,,,False,
2016-03-09,6.740583333333333,True,6.740583333333333,True,,6.740583333333333,False,,,,,,,,,False,
2016-03-10,5.188291666666667,True,5.188291666666667,True,,5.188291666666667,False,,,,,,,,,False,
2016-03-11,4.803208333333333,True,4.803208333333333,True,,4.803208333333333,False,,,,,,,,,False,
2016-03-12,7.025208333333333,True,7.025208333333333,True,,7.025208333333333,False,,,,,,,,,False,
2016-03-13,7.795708333333334,True,7.795708333333334,True,,7.795708333333334,False,,,,,,,,,False,
2016-03-14,6.141041666666666,True,6.141041666666666,True,,6.141041666666666,False,,,,,,,,,False,
2016-03-15,4.5449166666666665,True,4.5449166666666665,True,,4.5449166666666665,False,,,,,,,,,False,
2016-03-16,3.5883749999999996,True,3.5883749999999996,True,,3.5883749999999996,False,,,,,,,,,False,
2016-03-17,1.6650416666666663,True,1.6650416666666663,True,,1.6650416666666663,False,,,,,,,,,False,
2016-03-18,0.6011666666666666,True,0.6011666666666666,True,,0.6011666666666666,False,,,,,,,,,False,
2016-03-19,0.7680416666666666,True,0.7680416666666666,True,,0.7680416666666666,False,,,,,,,,,False,
2016-03-20,1.6047083333333336,True,1.6047083333333336,True,,1.6047083333333336,False,,,,,,,,,False,
2016-03-21,1.8780833333333335,True,1.8780833333333335,True,,1.8780833333333335,False,,,,,,,,,False,
2016-03-22,1.895708333333333,True,1.895708333333333,True,,1.895708333333333,False,,,,,,,,,False,
2016-03-23,4.536416666666667,True,4.536416666666667,True,,4.536416666666667,False,,,,,,,,,False,
2016-03-24,4.498916666666666,True,4.498916666666666,True,,4.498916666666666,False,,,,,,,,,False,
2016-03-25,7.171208333333333,True,7.171208333333333,True,,7.171208333333333,False,,,,,,,,,False,
2016-03-26,9.715416666666668,True,9.715416666666668,True,,9.715416666666668,False,,,,,,,,,False,
2016-03-27,10.583541666666669,True,10.583541666666669,True,,10.583541666666669,False,,,,,,,,,False,
2016-03-28,7.527666666666666,True,7.527666666666666,True,,7.527666666666666,False,,,,,,,,,False,
2016-03-29,6.761458333333334,True,6.761458333333334,True,,6.761458333333334,False,,,,,,,,,False,
2016-03-30,7.511500000000001,True,7.511500000000001,True,,7.511500000000001,False,,,,,,,,,False,
2016-03-31,7.940958333333332,True,7.940958333333332,True,,7.940958333333332,False,,,,,,,,,False,
2016-04-01,6.900458333333333,True,6.900458333333333,True,,6.900458333333333,False,,,,,,,,,False,
2016-04-02,5.364958333333334,True,5.364958333333334,True,,5.364958333333334,False,,,,,,,,,False,
2016-04-03,7.68775,True,7.68775,True,,7.68775,False,,,,,,,,,False,
2016-04-04,1.7876666666666663,True,1.7876666666666663,True,,1.7876666666666663,False,,,,,,,,,False,
2016-04-05,2.1925000000000003,True,2.1925000000000003,True,,2.1925000000000003,False,,,,,,,,,False,
2016-04-06,3.542125,True,3.542125,True,,3.542125,False,,,,,,,,,False,
2016-04-07,3.1764166666666664,True,3.1764166666666664,True,,3.1764166666666664,False,,,,,,,,,False,
2016-04-08,3.1336666666666666,True,3.1336666666666666,True,,3.1336666666666666,False,,,,,,,,,False,
2016-04-09,3.692041666666667,True,3.692041666666667,True,,3.692041666666667,False,,,,,,,,,False,
2016-04-10,3.6340416666666666,True,3.6340416666666666,True,,3.6340416666666666,False,,,,,,,,,False,
2016-04-11,6.393166666666667,True,6.393166666666667,True,,6.393166666666667,False,,,,,,,,,False,
2016-04-12,6.113416666666666,True,6.113416666666666,True,,6.113416666666666,False,,,,,,,,,False,
2016-04-13,3.0457916666666662,True,3.0457916666666662,True,,3.0457916666666662,False,,,,,,,,,False,
2016-04-14,4.185666666666667,True,4.185666666666667,True,,4.185666666666667,False,,,,,,,,,False,
2016-04-15,4.989708333333333,True,4.989708333333333,True,,4.989708333333333,False,,,,,,,,,False,
2016-04-16,5.126541666666667,True,5.126541666666667,True,,5.126541666666667,False,,,,,,,,,False,
2016-04-17,4.628583333333334,True,4.628583333333334,True,,4.628583333333334,False,,,,,,,,,False,
2016-04-18,2.378083333333333,True,2.378083333333333,True,,2.378083333333333,False,,,,,,,,,False,
2016-04-19,1.4019583333333336,True,1.4019583333333336,True,,1.4019583333333336,False,,,,,,,,,False,
2016-04-20,1.8669583333333335,True,1.8669583333333335,True,,1.8669583333333335,False,,,,,,,,,False,
2016-04-21,3.183833333333333,True,3.183833333333333,True,,3.183833333333333,False,,,,,,,,,False,
2016-04-22,3.0469166666666667,True,3.0469166666666667,True,,3.0469166666666667,False,,,,,,,,,False,
2016-04-23,5.011541666666667,True,5.011541666666667,True,,5.011541666666667,False,,,,,,,,,False,
2016-04-24,4.976624999999999,True,4.976624999999999,True,,4.976624999999999,False,,,,,,,,,False,
2016-04-25,2.9951250000000003,True,2.9951250000000003,True,,2.9951250000000003,False,,,,,,,,,False,
2016-04-26,2.852375,True,2.852375,True,,2.852375,False,,,,,,,,,False,
2016-04-27,3.435625,True,3.435625,True,,3.435625,False,,,,,,,,,False,
2016-04-28,3.5276666666666667,True,3.5276666666666667,True,,3.5276666666666667,False,,,,,,,,,False,
2016-04-29,4.4200952380952385,True,4.4200952380952385,True,,4.4200952380952385,False,,,,,,,,,False,
2016-04-30,2.7695416666666666,True,2.7695416666666666,True,,2.7695416666666666,False,,,,,,,,,False,
2016-05-01,0.8675,True,0.8675,True,,0.8675,False,,,,,,,,,False,
2016-05-02,0.5246666666666667,True,0.5246666666666667,True,,0.5246666666666667,False,,,,,,,,,False,
2016-05-03,0.5098333333333334,True,0.5098333333333334,True,,0.5098333333333334,False,,,,,,,,,False,
2016-05-04,0.4781666666666666,True,0.4781666666666666,True,,0.4781666666666666,False,,,,,,,,,False,
2016-05-05,0.4184166666666666,True,0.4184166666666666,True,,0.4184166666666666,False,,,,,,,,,False,
2016-05-06,0.3342083333333334,True,0.3342083333333334,True,,0.3342083333333334,False,,,,,,,,,False,
2016-05-07,0.4457916666666666,True,0.4457916666666666,True,,0.4457916666666666,False,,,,,,,,,False,
2016-05-08,0.5882083333333333,True,0.5882083333333333,True,,0.5882083333333333,False,,,,,,,,,False,
2016-05-09,1.1967916666666667,True,1.1967916666666667,True,,1.1967916666666667,False,,,,,,,,,False,
2016-05-10,1.3342916666666664,True,1.3342916666666664,True,,1.3342916666666664,False,,,,,,,,,False,
2016-05-11,1.635916666666667,True,1.635916666666667,True,,1.635916666666667,False,,,,,,,,,False,
2016-05-12,1.831,True,1.831,True,,1.831,False,,,,,,,,,False,
2016-05-13,1.0220416666666667,True,1.0220416666666667,True,,1.0220416666666667,False,,,,,,,,,False,
2016-05-14,1.1010833333333334,True,1.1010833333333334,True,,1.1010833333333334,False,,,,,,,,,False,
2016-05-15,1.456041666666667,True,1.456041666666667,True,,1.456041666666667,False,,,,,,,,,False,
2016-05-16,1.5896666666666668,True,1.5896666666666668,True,,1.5896666666666668,False,,,,,,,,,False,
2016-05-17,1.64325,True,1.64325,True,,1.64325,False,,,,,,,,,False,
2016-05-18,1.860458333333333,True,1.860458333333333,True,,1.860458333333333,False,,,,,,,,,False,
2016-05-19,2.142333333333333,True,2.142333333333333,True,,2.142333333333333,False,,,,,,,,,False,
2016-05-20,1.718625,True,1.718625,True,,1.718625,False,,,,,,,,,False,
2016-05-21,1.76475,True,1.76475,True,,1.76475,False,,,,,,,,,False,
2016-05-22,1.5670000000000002,True,1.5670000000000002,True,,1.5670000000000002,False,,,,,,,,,False,
2016-05-23,1.468333333333333,True,1.468333333333333,True,,1.468333333333333,False,,,,,,,,,False,
2016-05-24,0.9359583333333332,True,0.9359583333333332,True,,0.9359583333333332,False,,,,,,,,,False,
2016-05-25,1.0329583333333332,True,1.0329583333333332,True,,1.0329583333333332,False,,,,,,,,,False,
2016-05-26,1.5117083333333332,True,1.5117083333333332,True,,1.5117083333333332,False,,,,,,,,,False,
2016-05-27,1.3107083333333334,True,1.3107083333333334,True,,1.3107083333333334,False,,,,,,,,,False,
2016-05-28,1.0582083333333332,True,1.0582083333333332,True,,1.0582083333333332,False,,,,,,,,,False,
2016-05-29,0.9497916666666668,True,0.9497916666666668,True,,0.9497916666666668,False,,,,,,,,,False,
2016-05-30,0.760125,True,0.760125,True,,0.760125,False,,,,,,,,,False,
2016-05-31,0.8622916666666667,True,0.8622916666666667,True,,0.8622916666666667,False,,,,,,,,,False,
2016-06-01,0.9183333333333332,True,0.9183333333333332,True,,0.9183333333333332,False,,,,,,,,,False,
2016-06-02,1.0389166666666667,True,1.0389166666666667,True,,1.0389166666666667,False,,,,,,,,,False,
2016-06-03,1.4503333333333333,True,1.4503333333333333,True,,1.4503333333333333,False,,,,,,,,,False,
2016-06-04,1.6860416666666669,True,1.6860416666666669,True,,1.6860416666666669,False,,,,,,,,,False,
2016-06-05,1.311125,True,1.311125,True,,1.311125,False,,,,,,,,,False,
2016-06-06,1.4018749999999998,True,1.4018749999999998,True,,1.4018749999999998,False,,,,,,,,,False,
2016-06-07,1.2565833333333334,True,1.2565833333333334,True,,1.2565833333333334,False,,,,,,,,,False,
2016-06-08,1.0876249999999998,True,1.0876249999999998,True,,1.0876249999999998,False,,,,,,,,,False,
2016-06-09,0.9205833333333334,True,0.9205833333333334,True,,0.9205833333333334,False,,,,,,,,,False,
2016-06-10,0.7083749999999999,True,0.7083749999999999,True,,0.7083749999999999,False,,,,,,,,,False,
2016-06-11,0.64325,True,0.64325,True,,0.64325,False,,,,,,,,,False,
2016-06-12,0.8093333333333333,True,0.8093333333333333,True,,0.8093333333333333,False,,,,,,,,,False,
2016-06-13,0.9587916666666668,True,0.9587916666666668,True,,0.9587916666666668,False,,,,,,,,,False,
2016-06-14,1.1629166666666666,True,1.1629166666666666,True,,1.1629166666666666,False,,,,,,,,,False,
2016-06-15,0.9119583333333332,True,0.9119583333333332,True,,0.9119583333333332,False,,,,,,,,,False,
2016-06-16,0.7575714285714283,False,0.7575714285714283,False,0.9040031501210378,0.9040031501210378,True,REAL_L001_20160616,6.0,state_space_kalman,,,0.3907531604314376,2.091401370948479,standard_uncertainty,False,"Retrospective reconstruction (engineered hybrid pipeline, primary method assignment). Method=state_space_kalman. "
2016-06-17,,False,,False,0.8961173614606951,0.8961173614606951,True,REAL_L001_20160616,6.0,state_space_kalman,,,0.3034573372655335,2.64625773345071,standard_uncertainty,False,"Retrospective reconstruction (engineered hybrid pipeline, primary method assignment). Method=state_space_kalman. "
2016-06-18,,False,,False,0.8883003620106413,0.8883003620106413,True,REAL_L001_20160616,6.0,state_space_kalman,,,0.2712738172915436,2.9087861889015203,standard_uncertainty,False,"Retrospective reconstruction (engineered hybrid pipeline, primary method assignment). Method=state_space_kalman. "
2016-06-19,,False,,False,0.8805515517097215,0.8805515517097215,True,REAL_L001_20160616,6.0,state_space_kalman,,,0.2689074450151206,2.883412302603966,standard_uncertainty,False,"Retrospective reconstruction (engineered hybrid pipeline, primary method assignment). Method=state_space_kalman. "
2016-06-20,,False,,False,0.8728703357312264,0.8728703357312264,True,REAL_L001_20160616,6.0,state_space_kalman,,,0.2955850642457264,2.577608665524986,standard_uncertainty,False,"Retrospective reconstruction (engineered hybrid pipeline, primary method assignment). Method=state_space_kalman. "
2016-06-21,0.7322,False,0.7322,False,0.8652561244372312,0.8652561244372312,True,REAL_L001_20160616,6.0,state_space_kalman,,,0.3740048529269359,2.001760552081376,standard_uncertainty,False,"Retrospective reconstruction (engineered hybrid pipeline, primary method assignment). Method=state_space_kalman. "
2016-06-22,0.8577083333333334,True,0.8577083333333334,True,,0.8577083333333334,False,,,,,,,,,False,
2016-06-23,0.796875,True,0.796875,True,,0.796875,False,,,,,,,,,False,
2016-06-24,0.7379166666666667,True,0.7379166666666667,True,,0.7379166666666667,False,,,,,,,,,False,
2016-06-25,0.7768750000000001,True,0.7768750000000001,True,,0.7768750000000001,False,,,,,,,,,False,
2016-06-26,1.2195,True,1.2195,True,,1.2195,False,,,,,,,,,False,
2016-06-27,1.6779166666666665,True,1.6779166666666665,True,,1.6779166666666665,False,,,,,,,,,False,
2016-06-28,1.8565833333333333,True,1.8565833333333333,True,,1.8565833333333333,False,,,,,,,,,False,
2016-06-29,1.7164583333333334,True,1.7164583333333334,True,,1.7164583333333334,False,,,,,,,,,False,
2016-06-30,1.6845416666666664,True,1.6845416666666664,True,,1.6845416666666664,False,,,,,,,,,False,
2016-07-01,1.9441250000000003,True,1.9441250000000003,True,,1.9441250000000003,False,,,,,,,,,False,
2016-07-02,2.2395833333333335,True,2.2395833333333335,True,,2.2395833333333335,False,,,,,,,,,False,
2016-07-03,1.3153333333333337,True,1.3153333333333337,True,,1.3153333333333337,False,,,,,,,,,False,
2016-07-04,0.9005416666666667,True,0.9005416666666667,True,,0.9005416666666667,False,,,,,,,,,False,
2016-07-05,1.3908333333333334,True,1.3908333333333334,True,,1.3908333333333334,False,,,,,,,,,False,
2016-07-06,1.0438333333333334,True,1.0438333333333334,True,,1.0438333333333334,False,,,,,,,,,False,
2016-07-07,1.1005,True,1.1005,True,,1.1005,False,,,,,,,,,False,
2016-07-08,1.1621666666666666,True,1.1621666666666666,True,,1.1621666666666666,False,,,,,,,,,False,
2016-07-09,1.5800833333333333,True,1.5800833333333333,True,,1.5800833333333333,False,,,,,,,,,False,
2016-07-10,1.367375,True,1.367375,True,,1.367375,False,,,,,,,,,False,
2016-07-11,1.4563333333333333,True,1.4563333333333333,True,,1.4563333333333333,False,,,,,,,,,False,
2016-07-12,2.3707083333333334,True,2.3707083333333334,True,,2.3707083333333334,False,,,,,,,,,False,
2016-07-13,3.4109166666666666,True,3.4109166666666666,True,,3.4109166666666666,False,,,,,,,,,False,
2016-07-14,3.369208333333334,True,3.369208333333334,True,,3.369208333333334,False,,,,,,,,,False,
2016-07-15,2.8668333333333336,True,2.8668333333333336,True,,2.8668333333333336,False,,,,,,,,,False,
2016-07-16,5.416458333333334,True,5.416458333333334,True,,5.416458333333334,False,,,,,,,,,False,
2016-07-17,6.1375,True,6.1375,True,,6.1375,False,,,,,,,,,False,
2016-07-18,2.48625,True,2.48625,True,,2.48625,False,,,,,,,,,False,
2016-07-19,2.4495,False,2.4495,False,3.0829991146760207,3.0829991146760207,True,REAL_L001_20160719,3.0,gaussian_process,,,1.765987193693602,5.3821927899791,standard_uncertainty,False,"Retrospective reconstruction (engineered hybrid pipeline, primary method assignment). Method=gaussian_process. "
2016-07-20,4.041,False,4.041,False,2.887695915620077,2.887695915620077,True,REAL_L001_20160719,3.0,gaussian_process,,,1.5891613758093213,5.247288178547715,standard_uncertainty,False,"Retrospective reconstruction (engineered hybrid pipeline, primary method assignment). Method=gaussian_process. "
2016-07-21,3.24,False,3.24,False,2.837326258428053,2.837326258428053,True,REAL_L001_20160719,3.0,gaussian_process,,,1.6162461594286768,4.980937000098463,standard_uncertainty,False,"Retrospective reconstruction (engineered hybrid pipeline, primary method assignment). Method=gaussian_process. "
2016-07-22,2.889416666666667,True,2.889416666666667,True,,2.889416666666667,False,,,,,,,,,False,
2016-07-23,2.888291666666666,True,2.888291666666666,True,,2.888291666666666,False,,,,,,,,,False,
2016-07-24,2.7957916666666667,True,2.7957916666666667,True,,2.7957916666666667,False,,,,,,,,,False,
2016-07-25,3.1488333333333336,True,3.1488333333333336,True,,3.1488333333333336,False,,,,,,,,,False,
2016-07-26,2.293,False,2.293,False,2.44912535612601,2.44912535612601,True,REAL_L001_20160726,1.0,gaussian_process,,,1.4481969266157768,4.141850393258534,standard_uncertainty,False,"Retrospective reconstruction (engineered hybrid pipeline, primary method assignment). Method=gaussian_process. "
2016-07-27,1.9459583333333332,True,1.9459583333333332,True,,1.9459583333333332,False,,,,,,,,,False,
2016-07-28,2.305,False,2.305,False,1.65813745397116,1.65813745397116,True,REAL_L001_20160728,3.0,gaussian_process,,,0.905600447175112,3.0360186159783527,standard_uncertainty,False,"Retrospective reconstruction (engineered hybrid pipeline, primary method assignment). Method=gaussian_process. "
2016-07-29,1.612,False,1.612,False,1.3636690239114886,1.3636690239114886,True,REAL_L001_20160728,3.0,gaussian_process,,,0.7127638108145419,2.6089893714589425,standard_uncertainty,False,"Retrospective reconstruction (engineered hybrid pipeline, primary method assignment). Method=gaussian_process. "
2016-07-30,1.401,False,1.401,False,1.1436141925490697,1.1436141925490697,True,REAL_L001_20160728,3.0,gaussian_process,,,0.6243241972078738,2.0948305820096227,standard_uncertainty,False,"Retrospective reconstruction (engineered hybrid pipeline, primary method assignment). Method=gaussian_process. "
2016-07-31,1.0011666666666663,True,1.0011666666666663,True,,1.0011666666666663,False,,,,,,,,,False,
2016-08-01,0.8874166666666667,True,0.8874166666666667,True,,0.8874166666666667,False,,,,,,,,,False,
2016-08-02,1.0719583333333331,True,1.0719583333333331,True,,1.0719583333333331,False,,,,,,,,,False,
2016-08-03,1.4030909090909092,False,1.4030909090909092,False,1.398742235962796,1.398742235962796,True,REAL_L001_20160803,1.0,gaussian_process,,,0.823992156775719,2.374391341686925,standard_uncertainty,False,"Retrospective reconstruction (engineered hybrid pipeline, primary method assignment). Method=gaussian_process. "
2016-08-04,2.01625,True,2.01625,True,,2.01625,False,,,,,,,,,False,
2016-08-05,2.629,False,2.629,False,2.015076054392378,2.015076054392378,True,REAL_L001_20160805,1.0,gaussian_process,,,1.335877780346244,3.039598056592506,standard_uncertainty,False,"Retrospective reconstruction (engineered hybrid pipeline, primary method assignment). Method=gaussian_process. "
2016-08-06,2.0610833333333334,True,2.0610833333333334,True,,2.0610833333333334,False,,,,,,,,,False,
2016-08-07,3.0234583333333336,True,3.0234583333333336,True,,3.0234583333333336,False,,,,,,,,,False,
2016-08-08,5.600083333333333,True,5.600083333333333,True,,5.600083333333333,False,,,,,,,,,False,
2016-08-09,10.814,False,10.814,False,7.898838667754175,7.898838667754175,True,REAL_L001_20160809,2.0,gaussian_process,,,4.4379354887721965,14.058710960773768,standard_uncertainty,False,"Retrospective reconstruction (engineered hybrid pipeline, primary method assignment). Method=gaussian_process. "
2016-08-10,20.361,False,20.361,False,9.38696804369362,9.38696804369362,True,REAL_L001_20160809,2.0,gaussian_process,,,5.271920906550918,16.714053684650853,standard_uncertainty,False,"Retrospective reconstruction (engineered hybrid pipeline, primary method assignment). Method=gaussian_process. "
2016-08-11,9.659333333333334,True,9.659333333333334,True,,9.659333333333334,False,,,,,,,,,False,
2016-08-12,7.550416666666667,True,7.550416666666667,True,,7.550416666666667,False,,,,,,,,,False,
2016-08-13,6.052958333333334,True,6.052958333333334,True,,6.052958333333334,False,,,,,,,,,False,
2016-08-14,12.952666666666666,True,12.952666666666666,True,,12.952666666666666,False,,,,,,,,,False,
2016-08-15,10.887333333333332,True,10.887333333333332,True,,10.887333333333332,False,,,,,,,,,False,
2016-08-16,10.8165,False,10.8165,False,10.368295398877628,10.368295398877628,True,REAL_L001_20160816,1.0,gaussian_process,,,6.523124754134087,16.480069526534344,standard_uncertainty,False,"Retrospective reconstruction (engineered hybrid pipeline, primary method assignment). Method=gaussian_process. "
2016-08-17,8.433333333333334,True,8.433333333333334,True,,8.433333333333334,False,,,,,,,,,False,
2016-08-18,3.749708333333333,True,3.749708333333333,True,,3.749708333333333,False,,,,,,,,,False,
2016-08-19,2.1940416666666667,True,2.1940416666666667,True,,2.1940416666666667,False,,,,,,,,,False,
2016-08-20,2.5079999999999996,True,2.5079999999999996,True,,2.5079999999999996,False,,,,,,,,,False,
2016-08-21,4.739666666666667,True,4.739666666666667,True,,4.739666666666667,False,,,,,,,,,False,
2016-08-22,5.3847499999999995,True,5.3847499999999995,True,,5.3847499999999995,False,,,,,,,,,False,
2016-08-23,4.144,False,4.144,False,6.642022017661077,6.642022017661077,True,REAL_L001_20160823,2.0,gaussian_process,,,3.5043090059343687,12.589202723956578,standard_uncertainty,False,"Retrospective reconstruction (engineered hybrid pipeline, primary method assignment). Method=gaussian_process. "
2016-08-24,6.195,False,6.195,False,8.692707690509117,8.692707690509117,True,REAL_L001_20160823,2.0,gaussian_process,,,4.550285658093577,16.606246875563162,standard_uncertainty,False,"Retrospective reconstruction (engineered hybrid pipeline, primary method assignment). Method=gaussian_process. "
2016-08-25,10.824083333333334,True,10.824083333333334,True,,10.824083333333334,False,,,,,,,,,False,
2016-08-26,10.898291666666664,True,10.898291666666664,True,,10.898291666666664,False,,,,,,,,,False,
2016-08-27,13.755458333333332,True,13.755458333333332,True,,13.755458333333332,False,,,,,,,,,False,
2016-08-28,9.411541666666666,True,9.411541666666666,True,,9.411541666666666,False,,,,,,,,,False,
2016-08-29,6.413625,True,6.413625,True,,6.413625,False,,,,,,,,,False,
2016-08-30,,False,,False,4.440712376095232,4.440712376095232,True,REAL_L001_20160830,1.0,gaussian_process,,,2.6691700657908384,7.388036700974547,standard_uncertainty,False,"Retrospective reconstruction (engineered hybrid pipeline, primary method assignment). Method=gaussian_process. "
2016-08-31,3.6172083333333336,True,3.6172083333333336,True,,3.6172083333333336,False,,,,,,,,,False,
2016-09-01,3.931708333333334,True,3.931708333333334,True,,3.931708333333334,False,,,,,,,,,False,
2016-09-02,3.129,True,3.129,True,,3.129,False,,,,,,,,,False,
2016-09-03,2.094875,True,2.094875,True,,2.094875,False,,,,,,,,,False,
2016-09-04,1.538333333333333,True,1.538333333333333,True,,1.538333333333333,False,,,,,,,,,False,
2016-09-05,3.827083333333333,True,3.827083333333333,True,,3.827083333333333,False,,,,,,,,,False,
2016-09-06,4.238,False,4.238,False,8.407722696950504,8.407722696950504,True,REAL_L001_20160906,1.0,gaussian_process,,,5.139741578997715,13.75357104288532,standard_uncertainty,False,"Retrospective reconstruction (engineered hybrid pipeline, primary method assignment). Method=gaussian_process. "
2016-09-07,13.588916666666668,True,13.588916666666668,True,,13.588916666666668,False,,,,,,,,,False,
2016-09-08,15.87925,True,15.87925,True,,15.87925,False,,,,,,,,,False,
2016-09-09,,False,,False,14.188424315534116,14.188424315534116,True,REAL_L001_20160909,1.0,gaussian_process,,,8.657837439797007,23.251924739575593,standard_uncertainty,False,"Retrospective reconstruction (engineered hybrid pipeline, primary method assignment). Method=gaussian_process. "
2016-09-10,10.046416666666667,True,10.046416666666667,True,,10.046416666666667,False,,,,,,,,,False,
2016-09-11,5.289750000000001,True,5.289750000000001,True,,5.289750000000001,False,,,,,,,,,False,
2016-09-12,3.9838333333333336,True,3.9838333333333336,True,,3.9838333333333336,False,,,,,,,,,False,
2016-09-13,2.3206666666666664,True,2.3206666666666664,True,,2.3206666666666664,False,,,,,,,,,False,
2016-09-14,1.7620416666666667,True,1.7620416666666667,True,,1.7620416666666667,False,,,,,,,,,False,
2016-09-15,4.957708333333334,True,4.957708333333334,True,,4.957708333333334,False,,,,,,,,,False,
2016-09-16,4.217,False,4.217,False,8.28874543179123,8.28874543179123,True,REAL_L001_20160916,1.0,gaussian_process,,,5.110891792450575,13.44252698414068,standard_uncertainty,False,"Retrospective reconstruction (engineered hybrid pipeline, primary method assignment). Method=gaussian_process. "
2016-09-17,7.898125,True,7.898125,True,,7.898125,False,,,,,,,,,False,
2016-09-18,3.70825,True,3.70825,True,,3.70825,False,,,,,,,,,False,
2016-09-19,0.640625,True,0.640625,True,,0.640625,False,,,,,,,,,False,
2016-09-20,0.5061666666666668,True,0.5061666666666668,True,,0.5061666666666668,False,,,,,,,,,False,
2016-09-21,0.65975,True,0.65975,True,,0.65975,False,,,,,,,,,False,
2016-09-22,0.86675,True,0.86675,True,,0.86675,False,,,,,,,,,False,
2016-09-23,0.861,False,0.861,False,1.700264390674875,1.700264390674875,True,REAL_L001_20160923,1.0,gaussian_process,,,1.0203445362847483,2.833257684432033,standard_uncertainty,False,"Retrospective reconstruction (engineered hybrid pipeline, primary method assignment). Method=gaussian_process. "
2016-09-24,2.5007083333333333,True,2.5007083333333333,True,,2.5007083333333333,False,,,,,,,,,False,
2016-09-25,1.729666666666667,True,1.729666666666667,True,,1.729666666666667,False,,,,,,,,,False,
2016-09-26,2.4624166666666665,True,2.4624166666666665,True,,2.4624166666666665,False,,,,,,,,,False,
2016-09-27,4.0834166666666665,True,4.0834166666666665,True,,4.0834166666666665,False,,,,,,,,,False,
2016-09-28,5.267791666666667,True,5.267791666666667,True,,5.267791666666667,False,,,,,,,,,False,
2016-09-29,4.809833333333334,True,4.809833333333334,True,,4.809833333333334,False,,,,,,,,,False,
2016-09-30,3.016,False,3.016,False,4.909001462785515,4.909001462785515,True,REAL_L001_20160930,1.0,gaussian_process,,,2.924848239032932,8.239160938346037,standard_uncertainty,False,"Retrospective reconstruction (engineered hybrid pipeline, primary method assignment). Method=gaussian_process. "
2016-10-01,4.4405833333333335,True,4.4405833333333335,True,,4.4405833333333335,False,,,,,,,,,False,
2016-10-02,2.877541666666667,True,2.877541666666667,True,,2.877541666666667,False,,,,,,,,,False,
2016-10-03,3.0398750000000003,True,3.0398750000000003,True,,3.0398750000000003,False,,,,,,,,,False,
2016-10-04,2.8405416666666667,True,2.8405416666666667,True,,2.8405416666666667,False,,,,,,,,,False,
2016-10-05,2.1466666666666665,True,2.1466666666666665,True,,2.1466666666666665,False,,,,,,,,,False,
2016-10-06,1.9967083333333333,True,1.9967083333333333,True,,1.9967083333333333,False,,,,,,,,,False,
2016-10-07,2.253,False,2.253,False,2.70219455534937,2.70219455534937,True,REAL_L001_20161007,1.0,gaussian_process,,,1.6406325669627575,4.450634201707597,standard_uncertainty,False,"Retrospective reconstruction (engineered hybrid pipeline, primary method assignment). Method=gaussian_process. "
2016-10-08,3.129583333333333,True,3.129583333333333,True,,3.129583333333333,False,,,,,,,,,False,
2016-10-09,2.1202916666666667,True,2.1202916666666667,True,,2.1202916666666667,False,,,,,,,,,False,
2016-10-10,1.8987500000000004,True,1.8987500000000004,True,,1.8987500000000004,False,,,,,,,,,False,
2016-10-11,2.93125,True,2.93125,True,,2.93125,False,,,,,,,,,False,
2016-10-12,4.2385,True,4.2385,True,,4.2385,False,,,,,,,,,False,
2016-10-13,4.660208333333333,True,4.660208333333333,True,,4.660208333333333,False,,,,,,,,,False,
2016-10-14,4.507,False,4.507,False,7.244115652434866,7.244115652434866,True,REAL_L001_20161014,1.0,gaussian_process,,,4.550438111563743,11.532342666631326,standard_uncertainty,False,"Retrospective reconstruction (engineered hybrid pipeline, primary method assignment). Method=gaussian_process. "
2016-10-15,8.842958333333334,True,8.842958333333334,True,,8.842958333333334,False,,,,,,,,,False,
2016-10-16,4.961374999999999,True,4.961374999999999,True,,4.961374999999999,False,,,,,,,,,False,
2016-10-17,4.360416666666667,True,4.360416666666667,True,,4.360416666666667,False,,,,,,,,,False,
2016-10-18,2.3569166666666668,True,2.3569166666666668,True,,2.3569166666666668,False,,,,,,,,,False,
2016-10-19,3.3389166666666665,True,3.3389166666666665,True,,3.3389166666666665,False,,,,,,,,,False,
2016-10-20,5.091291666666667,True,5.091291666666667,True,,5.091291666666667,False,,,,,,,,,False,
2016-10-21,,False,,False,5.480103401945673,5.480103401945673,True,REAL_L001_20161021,1.0,gaussian_process,,,3.6394310289124614,8.251711066218665,standard_uncertainty,False,"Retrospective reconstruction (engineered hybrid pipeline, primary method assignment). Method=gaussian_process. "
2016-10-22,6.846583333333332,True,6.846583333333332,True,,6.846583333333332,False,,,,,,,,,False,
2016-10-23,12.838291666666668,True,12.838291666666668,True,,12.838291666666668,False,,,,,,,,,False,
2016-10-24,10.51425,True,10.51425,True,,10.51425,False,,,,,,,,,False,
2016-10-25,4.8745,True,4.8745,True,,4.8745,False,,,,,,,,,False,
2016-10-26,6.269666666666667,True,6.269666666666667,True,,6.269666666666667,False,,,,,,,,,False,
2016-10-27,13.96575,True,13.96575,True,,13.96575,False,,,,,,,,,False,
2016-10-28,18.434,False,18.434,False,15.556424573928084,15.556424573928084,True,REAL_L001_20161028,1.0,gaussian_process,,,10.21492143459006,23.69106283136338,standard_uncertainty,False,"Retrospective reconstruction (engineered hybrid pipeline, primary method assignment). Method=gaussian_process. "
2016-10-29,15.047833333333337,True,15.047833333333337,True,,15.047833333333337,False,,,,,,,,,False,
2016-10-30,14.424999999999995,True,14.424999999999995,True,,14.424999999999995,False,,,,,,,,,False,
2016-10-31,10.974375,True,10.974375,True,,10.974375,False,,,,,,,,,False,
2016-11-01,8.407875,True,8.407875,True,,8.407875,False,,,,,,,,,False,
2016-11-02,5.152083333333334,True,5.152083333333334,True,,5.152083333333334,False,,,,,,,,,False,
2016-11-03,4.0343333333333335,True,4.0343333333333335,True,,4.0343333333333335,False,,,,,,,,,False,
2016-11-04,5.754541666666667,True,5.754541666666667,True,,5.754541666666667,False,,,,,,,,,False,
2016-11-05,7.2895416666666675,True,7.2895416666666675,True,,7.2895416666666675,False,,,,,,,,,False,
2016-11-06,5.785,False,5.785,False,6.8494652254970285,6.8494652254970285,True,REAL_L001_20161106,1.0,gaussian_process,,,4.463690599472638,10.5104000444914,standard_uncertainty,False,"Retrospective reconstruction (engineered hybrid pipeline, primary method assignment). Method=gaussian_process. "
2016-11-07,5.6585,True,5.6585,True,,5.6585,False,,,,,,,,,False,
2016-11-08,3.676458333333333,True,3.676458333333333,True,,3.676458333333333,False,,,,,,,,,False,
2016-11-09,3.475,True,3.475,True,,3.475,False,,,,,,,,,False,
2016-11-10,3.5989583333333335,True,3.5989583333333335,True,,3.5989583333333335,False,,,,,,,,,False,
2016-11-11,3.599083333333333,True,3.599083333333333,True,,3.599083333333333,False,,,,,,,,,False,
2016-11-12,4.443458333333333,True,4.443458333333333,True,,4.443458333333333,False,,,,,,,,,False,
2016-11-13,4.357875,True,4.357875,True,,4.357875,False,,,,,,,,,False,
2016-11-14,5.261791666666666,True,5.261791666666666,True,,5.261791666666666,False,,,,,,,,,False,
2016-11-15,6.900500000000001,True,6.900500000000001,True,,6.900500000000001,False,,,,,,,,,False,
2016-11-16,3.142875,True,3.142875,True,,3.142875,False,,,,,,,,,False,
2016-11-17,3.4754583333333335,True,3.4754583333333335,True,,3.4754583333333335,False,,,,,,,,,False,
2016-11-18,4.395416666666667,True,4.395416666666667,True,,4.395416666666667,False,,,,,,,,,False,
2016-11-19,4.535583333333334,True,4.535583333333334,True,,4.535583333333334,False,,,,,,,,,False,
2016-11-20,5.518,False,5.518,False,3.9235644004853936,3.9235644004853936,True,REAL_L001_20161120,1.0,gaussian_process,,,2.5898823139580247,5.944037503862352,standard_uncertainty,False,"Retrospective reconstruction (engineered hybrid pipeline, primary method assignment). Method=gaussian_process. "
2016-11-21,3.2769583333333334,True,3.2769583333333334,True,,3.2769583333333334,False,,,,,,,,,False,
2016-11-22,3.2615,True,3.2615,True,,3.2615,False,,,,,,,,,False,
2016-11-23,4.147916666666666,True,4.147916666666666,True,,4.147916666666666,False,,,,,,,,,False,
2016-11-24,4.1985,True,4.1985,True,,4.1985,False,,,,,,,,,False,
2016-11-25,5.018791666666666,True,5.018791666666666,True,,5.018791666666666,False,,,,,,,,,False,
2016-11-26,3.66525,True,3.66525,True,,3.66525,False,,,,,,,,,False,
2016-11-27,,False,,False,3.3523115127259597,3.3523115127259597,True,REAL_L001_20161127,1.0,gaussian_process,,,2.194425079276659,5.121155688787223,standard_uncertainty,False,"Retrospective reconstruction (engineered hybrid pipeline, primary method assignment). Method=gaussian_process. "
2016-11-28,3.449375,True,3.449375,True,,3.449375,False,,,,,,,,,False,
2016-11-29,3.7899166666666666,True,3.7899166666666666,True,,3.7899166666666666,False,,,,,,,,,False,
2016-11-30,3.641916666666667,True,3.641916666666667,True,,3.641916666666667,False,,,,,,,,,False,
2016-12-01,3.897944444444444,True,3.897944444444444,True,,3.897944444444444,False,,,,,,,,,False,
2016-12-02,4.159789473684211,True,4.159789473684211,True,,4.159789473684211,False,,,,,,,,,False,
2016-12-03,5.315833333333334,True,5.315833333333334,True,,5.315833333333334,False,,,,,,,,,False,
2016-12-04,5.593,False,5.593,False,5.44592837843466,5.44592837843466,True,REAL_L001_20161204,1.0,gaussian_process,,,3.220765793873144,9.208411229235784,standard_uncertainty,False,"Retrospective reconstruction (engineered hybrid pipeline, primary method assignment). Method=gaussian_process. "
2016-12-05,5.274791666666666,True,5.274791666666666,True,,5.274791666666666,False,,,,,,,,,False,
2016-12-06,8.615833333333333,True,8.615833333333333,True,,8.615833333333333,False,,,,,,,,,False,
2016-12-07,4.760666666666667,True,4.760666666666667,True,,4.760666666666667,False,,,,,,,,,False,
2016-12-08,2.825083333333333,True,2.825083333333333,True,,2.825083333333333,False,,,,,,,,,False,
2016-12-09,3.4428749999999995,True,3.4428749999999995,True,,3.4428749999999995,False,,,,,,,,,False,
2016-12-10,3.4091666666666662,True,3.4091666666666662,True,,3.4091666666666662,False,,,,,,,,,False,
2016-12-11,2.826,False,2.826,False,5.409250519511601,5.409250519511601,True,REAL_L001_20161211,1.0,gaussian_process,,,3.088236326384986,9.474660644604088,standard_uncertainty,False,"Retrospective reconstruction (engineered hybrid pipeline, primary method assignment). Method=gaussian_process. "
2016-12-12,8.7805,True,8.7805,True,,8.7805,False,,,,,,,,,False,
2016-12-13,9.232416666666667,True,9.232416666666667,True,,9.232416666666667,False,,,,,,,,,False,
2016-12-14,8.400208333333333,True,8.400208333333333,True,,8.400208333333333,False,,,,,,,,,False,
2016-12-15,9.605041666666668,True,9.605041666666668,True,,9.605041666666668,False,,,,,,,,,False,
2016-12-16,8.513499999999999,True,8.513499999999999,True,,8.513499999999999,False,,,,,,,,,False,
2016-12-17,10.135166666666668,True,10.135166666666668,True,,10.135166666666668,False,,,,,,,,,False,
2016-12-18,8.419,False,8.419,False,8.069724796728847,8.069724796728847,True,REAL_L001_20161218,1.0,gaussian_process,,,4.638398324290401,14.03942778133501,standard_uncertainty,False,"Retrospective reconstruction (engineered hybrid pipeline, primary method assignment). Method=gaussian_process. "
2016-12-19,7.310375,True,7.310375,True,,7.310375,False,,,,,,,,,False,
2016-12-20,7.056875000000001,True,7.056875000000001,True,,7.056875000000001,False,,,,,,,,,False,
2016-12-21,6.575,True,6.575,True,,6.575,False,,,,,,,,,False,
2016-12-22,4.8101666666666665,True,4.8101666666666665,True,,4.8101666666666665,False,,,,,,,,,False,
2016-12-23,13.272416666666668,True,13.272416666666668,True,,13.272416666666668,False,,,,,,,,,False,
2016-12-24,10.835875,True,10.835875,True,,10.835875,False,,,,,,,,,False,
2016-12-25,5.58,False,5.58,False,7.126567997546159,7.126567997546159,True,REAL_L001_20161225,1.0,gaussian_process,,,3.936867172469137,12.900605785944183,standard_uncertainty,False,"Retrospective reconstruction (engineered hybrid pipeline, primary method assignment). Method=gaussian_process. "
2016-12-26,4.205875,True,4.205875,True,,4.205875,False,,,,,,,,,False,
2016-12-27,8.61425,True,8.61425,True,,8.61425,False,,,,,,,,,False,
2016-12-28,4.339416666666667,True,4.339416666666667,True,,4.339416666666667,False,,,,,,,,,False,
2016-12-29,4.758166666666667,True,4.758166666666667,True,,4.758166666666667,False,,,,,,,,,False,
2016-12-30,6.685458333333334,True,6.685458333333334,True,,6.685458333333334,False,,,,,,,,,False,
2016-12-31,7.46075,True,7.46075,True,,7.46075,False,,,,,,,,,False,
2017-01-01,5.481,False,5.481,False,7.108900632334954,7.108900632334954,True,REAL_L001_20170101,1.0,gaussian_process,,,4.754169535057634,10.629925548037836,standard_uncertainty,False,"Retrospective reconstruction (engineered hybrid pipeline, primary method assignment). Method=gaussian_process. "
2017-01-02,6.288041666666667,True,6.288041666666667,True,,6.288041666666667,False,,,,,,,,,False,
2017-01-03,10.521791666666664,True,10.521791666666664,True,,10.521791666666664,False,,,,,,,,,False,
2017-01-04,7.3907,False,7.3907,False,5.662028658981828,5.662028658981828,True,REAL_L031_20170104,36.0,gap_edge_residual_model,,,0.6770801231836907,47.34826416759854,moderate_uncertainty_long_gap,False,"Retrospective reconstruction (engineered hybrid pipeline, primary method assignment). Method=gap_edge_residual_model. "
2017-01-05,,False,,False,5.053721071366762,5.053721071366762,True,REAL_L031_20170104,36.0,gap_edge_residual_model,,,0.4634269661986472,55.11137359285365,moderate_uncertainty_long_gap,False,"Retrospective reconstruction (engineered hybrid pipeline, primary method assignment). Method=gap_edge_residual_model. "
2017-01-06,,False,,False,5.703101480185398,5.703101480185398,True,REAL_L031_20170104,36.0,gap_edge_residual_model,,,0.6677118230398301,48.71168275142656,moderate_uncertainty_long_gap,False,"Retrospective reconstruction (engineered hybrid pipeline, primary method assignment). Method=gap_edge_residual_model. "
2017-01-07,,False,,False,6.556298411576653,6.556298411576653,True,REAL_L031_20170104,36.0,gap_edge_residual_model,,,0.9140278765238444,47.02815960615966,moderate_uncertainty_long_gap,False,"Retrospective reconstruction (engineered hybrid pipeline, primary method assignment). Method=gap_edge_residual_model. "
2017-01-08,,False,,False,6.465262295278435,6.465262295278435,True,REAL_L031_20170104,36.0,gap_edge_residual_model,,,1.0017109059174032,41.72822348227045,moderate_uncertainty_long_gap,False,"Retrospective reconstruction (engineered hybrid pipeline, primary method assignment). Method=gap_edge_residual_model. "
2017-01-09,,False,,False,5.75372617738047,5.75372617738047,True,REAL_L031_20170104,36.0,gap_edge_residual_model,,,0.8560253205803928,38.673347771801346,moderate_uncertainty_long_gap,False,"Retrospective reconstruction (engineered hybrid pipeline, primary method assignment). Method=gap_edge_residual_model. "
2017-01-10,,False,,False,5.677644551260877,5.677644551260877,True,REAL_L031_20170104,36.0,gap_edge_residual_model,,,0.9906386002629952,32.54027012666818,moderate_uncertainty_long_gap,False,"Retrospective reconstruction (engineered hybrid pipeline, primary method assignment). Method=gap_edge_residual_model. "
2017-01-11,,False,,False,6.008529866197258,6.008529866197258,True,REAL_L031_20170104,36.0,gap_edge_residual_model,,,1.0892526232062905,33.14422236295786,moderate_uncertainty_long_gap,False,"Retrospective reconstruction (engineered hybrid pipeline, primary method assignment). Method=gap_edge_residual_model. "
2017-01-12,,False,,False,5.909291750013929,5.909291750013929,True,REAL_L031_20170104,36.0,gap_edge_residual_model,,,1.0389677709489031,33.61002137235694,moderate_uncertainty_long_gap,False,"Retrospective reconstruction (engineered hybrid pipeline, primary method assignment). Method=gap_edge_residual_model. "
2017-01-13,,False,,False,6.02678665464152,6.02678665464152,True,REAL_L031_20170104,36.0,gap_edge_residual_model,,,1.071050739456504,33.91263928261373,moderate_uncertainty_long_gap,False,"Retrospective reconstruction (engineered hybrid pipeline, primary method assignment). Method=gap_edge_residual_model. "
2017-01-14,,False,,False,6.1137102411538145,6.1137102411538145,True,REAL_L031_20170104,36.0,gap_edge_residual_model,,,0.8041192138784782,46.48247706022067,moderate_uncertainty_long_gap,False,"Retrospective reconstruction (engineered hybrid pipeline, primary method assignment). Method=gap_edge_residual_model. "
2017-01-15,,False,,False,5.23324831870756,5.23324831870756,True,REAL_L031_20170104,36.0,gap_edge_residual_model,,,0.6183670037120245,44.28905132527036,moderate_uncertainty_long_gap,False,"Retrospective reconstruction (engineered hybrid pipeline, primary method assignment). Method=gap_edge_residual_model. "
2017-01-16,,False,,False,5.192472701704226,5.192472701704226,True,REAL_L031_20170104,36.0,gap_edge_residual_model,,,0.6874168648608926,39.2218668702573,moderate_uncertainty_long_gap,False,"Retrospective reconstruction (engineered hybrid pipeline, primary method assignment). Method=gap_edge_residual_model. "
2017-01-17,,False,,False,4.789941856370069,4.789941856370069,True,REAL_L031_20170104,36.0,gap_edge_residual_model,,,0.6362035319397188,36.0632122199219,moderate_uncertainty_long_gap,False,"Retrospective reconstruction (engineered hybrid pipeline, primary method assignment). Method=gap_edge_residual_model. "
2017-01-18,,False,,False,4.943088439748938,4.943088439748938,True,REAL_L031_20170104,36.0,gap_edge_residual_model,,,0.7553792778143196,32.346827667657784,moderate_uncertainty_long_gap,False,"Retrospective reconstruction (engineered hybrid pipeline, primary method assignment). Method=gap_edge_residual_model. "
2017-01-19,,False,,False,5.082321230518801,5.082321230518801,True,REAL_L031_20170104,36.0,gap_edge_residual_model,,,0.9720082169772886,26.573838203248087,moderate_uncertainty_long_gap,False,"Retrospective reconstruction (engineered hybrid pipeline, primary method assignment). Method=gap_edge_residual_model. "
2017-01-20,,False,,False,4.541509642834874,4.541509642834874,True,REAL_L031_20170104,36.0,gap_edge_residual_model,,,0.9785174305141536,21.078122057697783,moderate_uncertainty_long_gap,False,"Retrospective reconstruction (engineered hybrid pipeline, primary method assignment). Method=gap_edge_residual_model. "
2017-01-21,,False,,False,4.319663308625063,4.319663308625063,True,REAL_L031_20170104,36.0,gap_edge_residual_model,,,0.8622093512991009,21.64148541391619,moderate_uncertainty_long_gap,False,"Retrospective reconstruction (engineered hybrid pipeline, primary method assignment). Method=gap_edge_residual_model. "
2017-01-22,,False,,False,3.933468126188076,3.933468126188076,True,REAL_L031_20170104,36.0,gap_edge_residual_model,,,0.9052395979648808,17.0917970607134,moderate_uncertainty_long_gap,False,"Retrospective reconstruction (engineered hybrid pipeline, primary method assignment). Method=gap_edge_residual_model. "
2017-01-23,,False,,False,3.498065766352751,3.498065766352751,True,REAL_L031_20170104,36.0,gap_edge_residual_model,,,0.759634615851538,16.108355057006165,moderate_uncertainty_long_gap,False,"Retrospective reconstruction (engineered hybrid pipeline, primary method assignment). Method=gap_edge_residual_model. "
2017-01-24,,False,,False,3.176379811078565,3.176379811078565,True,REAL_L031_20170104,36.0,gap_edge_residual_model,,,0.6789550525910898,14.860171767959402,moderate_uncertainty_long_gap,False,"Retrospective reconstruction (engineered hybrid pipeline, primary method assignment). Method=gap_edge_residual_model. "
2017-01-25,,False,,False,2.838508879165172,2.838508879165172,True,REAL_L031_20170104,36.0,gap_edge_residual_model,,,0.4900806083609966,16.440423309229534,moderate_uncertainty_long_gap,False,"Retrospective reconstruction (engineered hybrid pipeline, primary method assignment). Method=gap_edge_residual_model. "
2017-01-26,,False,,False,2.6841248707283167,2.6841248707283167,True,REAL_L031_20170104,36.0,gap_edge_residual_model,,,0.4966733494742479,14.505562517676118,moderate_uncertainty_long_gap,False,"Retrospective reconstruction (engineered hybrid pipeline, primary method assignment). Method=gap_edge_residual_model. "
2017-01-27,,False,,False,2.909800596759547,2.909800596759547,True,REAL_L031_20170104,36.0,gap_edge_residual_model,,,0.4441460604694712,19.063412391753495,moderate_uncertainty_long_gap,False,"Retrospective reconstruction (engineered hybrid pipeline, primary method assignment). Method=gap_edge_residual_model. "
2017-01-28,,False,,False,2.722998664557316,2.722998664557316,True,REAL_L031_20170104,36.0,gap_edge_residual_model,,,0.4317714756601742,17.17279196325763,moderate_uncertainty_long_gap,False,"Retrospective reconstruction (engineered hybrid pipeline, primary method assignment). Method=gap_edge_residual_model. "
2017-01-29,,False,,False,2.457564838647984,2.457564838647984,True,REAL_L031_20170104,36.0,gap_edge_residual_model,,,0.3902153406643545,15.477671702696853,moderate_uncertainty_long_gap,False,"Retrospective reconstruction (engineered hybrid pipeline, primary method assignment). Method=gap_edge_residual_model. "
2017-01-30,,False,,False,1.972788406497587,1.972788406497587,True,REAL_L031_20170104,36.0,gap_edge_residual_model,,,0.2839790236740316,13.70486469901608,moderate_uncertainty_long_gap,False,"Retrospective reconstruction (engineered hybrid pipeline, primary method assignment). Method=gap_edge_residual_model. "
2017-01-31,,False,,False,1.7002203863393348,1.7002203863393348,True,REAL_L031_20170104,36.0,gap_edge_residual_model,,,0.2172317758406062,13.30721231246097,moderate_uncertainty_long_gap,False,"Retrospective reconstruction (engineered hybrid pipeline, primary method assignment). Method=gap_edge_residual_model. "
2017-02-01,,False,,False,1.5206036288120168,1.5206036288120168,True,REAL_L031_20170104,36.0,gap_edge_residual_model,,,0.2006187358504351,11.525520715473393,moderate_uncertainty_long_gap,False,"Retrospective reconstruction (engineered hybrid pipeline, primary method assignment). Method=gap_edge_residual_model. "
2017-02-02,,False,,False,1.3337279130053443,1.3337279130053443,True,REAL_L031_20170104,36.0,gap_edge_residual_model,,,0.1874380594098762,9.490229207077794,moderate_uncertainty_long_gap,False,"Retrospective reconstruction (engineered hybrid pipeline, primary method assignment). Method=gap_edge_residual_model. "
2017-02-03,,False,,False,1.347213346800202,1.347213346800202,True,REAL_L031_20170104,36.0,gap_edge_residual_model,,,0.2045324011163133,8.873820440627675,moderate_uncertainty_long_gap,False,"Retrospective reconstruction (engineered hybrid pipeline, primary method assignment). Method=gap_edge_residual_model. "
2017-02-04,,False,,False,1.5440494663695452,1.5440494663695452,True,REAL_L031_20170104,36.0,gap_edge_residual_model,,,0.2587541451922688,9.213721978538992,moderate_uncertainty_long_gap,False,"Retrospective reconstruction (engineered hybrid pipeline, primary method assignment). Method=gap_edge_residual_model. "
2017-02-05,,False,,False,1.170184556556801,1.170184556556801,True,REAL_L031_20170104,36.0,gap_edge_residual_model,,,0.1129924523767366,12.118790836032518,moderate_uncertainty_long_gap,False,"Retrospective reconstruction (engineered hybrid pipeline, primary method assignment). Method=gap_edge_residual_model. "
2017-02-06,,False,,False,0.9257002731346944,0.9257002731346944,True,REAL_L031_20170104,36.0,gap_edge_residual_model,,,0.0743135727746554,11.531150551462924,moderate_uncertainty_long_gap,False,"Retrospective reconstruction (engineered hybrid pipeline, primary method assignment). Method=gap_edge_residual_model. "
2017-02-07,,False,,False,0.8618533416946234,0.8618533416946234,True,REAL_L031_20170104,36.0,gap_edge_residual_model,,,0.0662926576414051,11.204727778574613,moderate_uncertainty_long_gap,False,"Retrospective reconstruction (engineered hybrid pipeline, primary method assignment). Method=gap_edge_residual_model. "
2017-02-08,,False,,False,0.7799278091997309,0.7799278091997309,True,REAL_L031_20170104,36.0,gap_edge_residual_model,,,0.0525839385844298,11.567931272139566,moderate_uncertainty_long_gap,False,"Retrospective reconstruction (engineered hybrid pipeline, primary method assignment). Method=gap_edge_residual_model. "
2017-02-09,0.8608333333333333,True,0.8608333333333333,True,,0.8608333333333333,False,,,,,,,,,False,
2017-02-10,0.7168749999999999,True,0.7168749999999999,True,,0.7168749999999999,False,,,,,,,,,False,
2017-02-11,1.0728333333333333,True,1.0728333333333333,True,,1.0728333333333333,False,,,,,,,,,False,
2017-02-12,3.1997083333333336,True,3.1997083333333336,True,,3.1997083333333336,False,,,,,,,,,False,
2017-02-13,7.025625000000001,True,7.025625000000001,True,,7.025625000000001,False,,,,,,,,,False,
2017-02-14,4.718083333333333,True,4.718083333333333,True,,4.718083333333333,False,,,,,,,,,False,
2017-02-15,9.144916666666669,True,9.144916666666669,True,,9.144916666666669,False,,,,,,,,,False,
2017-02-16,5.970833333333334,True,5.970833333333334,True,,5.970833333333334,False,,,,,,,,,False,
2017-02-17,8.169333333333332,True,8.169333333333332,True,,8.169333333333332,False,,,,,,,,,False,
2017-02-18,10.457333333333333,True,10.457333333333333,True,,10.457333333333333,False,,,,,,,,,False,
2017-02-19,8.544291666666666,True,8.544291666666666,True,,8.544291666666666,False,,,,,,,,,False,
2017-02-20,9.645916666666666,True,9.645916666666666,True,,9.645916666666666,False,,,,,,,,,False,
2017-02-21,9.767125,True,9.767125,True,,9.767125,False,,,,,,,,,False,
2017-02-22,8.270208333333334,True,8.270208333333334,True,,8.270208333333334,False,,,,,,,,,False,
2017-02-23,10.075541666666668,True,10.075541666666668,True,,10.075541666666668,False,,,,,,,,,False,
2017-02-24,7.942916666666666,True,7.942916666666666,True,,7.942916666666666,False,,,,,,,,,False,
2017-02-25,7.829833333333333,True,7.829833333333333,True,,7.829833333333333,False,,,,,,,,,False,
2017-02-26,5.281875,True,5.281875,True,,5.281875,False,,,,,,,,,False,
2017-02-27,6.151583333333334,True,6.151583333333334,True,,6.151583333333334,False,,,,,,,,,False,
2017-02-28,5.915791666666666,True,5.915791666666666,True,,5.915791666666666,False,,,,,,,,,False,
2017-03-01,4.575958333333333,True,4.575958333333333,True,,4.575958333333333,False,,,,,,,,,False,
2017-03-02,2.318791666666667,True,2.318791666666667,True,,2.318791666666667,False,,,,,,,,,False,
2017-03-03,3.38275,True,3.38275,True,,3.38275,False,,,,,,,,,False,
2017-03-04,5.828291666666668,True,5.828291666666668,True,,5.828291666666668,False,,,,,,,,,False,
2017-03-05,5.910083333333333,True,5.910083333333333,True,,5.910083333333333,False,,,,,,,,,False,
2017-03-06,3.5690000000000004,True,3.5690000000000004,True,,3.5690000000000004,False,,,,,,,,,False,
2017-03-07,3.912125,True,3.912125,True,,3.912125,False,,,,,,,,,False,
2017-03-08,2.7924166666666665,True,2.7924166666666665,True,,2.7924166666666665,False,,,,,,,,,False,
2017-03-09,0.89925,True,0.89925,True,,0.89925,False,,,,,,,,,False,
2017-03-10,0.40025,True,0.40025,True,,0.40025,False,,,,,,,,,False,
2017-03-11,0.336,False,0.336,False,0.7800022395092124,0.7800022395092124,True,REAL_L001_20170311,1.0,gaussian_process,,,0.3723072725767005,1.6341434574422589,standard_uncertainty,False,"Retrospective reconstruction (engineered hybrid pipeline, primary method assignment). Method=gaussian_process. "
2017-03-12,2.2434583333333333,True,2.2434583333333333,True,,2.2434583333333333,False,,,,,,,,,False,
2017-03-13,7.765583333333333,True,7.765583333333333,True,,7.765583333333333,False,,,,,,,,,False,
2017-03-14,8.319041666666665,True,8.319041666666665,True,,8.319041666666665,False,,,,,,,,,False,
2017-03-15,7.567375000000001,True,7.567375000000001,True,,7.567375000000001,False,,,,,,,,,False,
2017-03-16,6.700541666666666,True,6.700541666666666,True,,6.700541666666666,False,,,,,,,,,False,
2017-03-17,8.472666666666667,True,8.472666666666667,True,,8.472666666666667,False,,,,,,,,,False,
2017-03-18,7.069,False,7.069,False,8.385885039035022,8.385885039035022,True,REAL_L001_20170318,2.0,gaussian_process,,,3.4062580951773764,20.6452552692574,standard_uncertainty,False,"Retrospective reconstruction (engineered hybrid pipeline, primary method assignment). Method=gaussian_process. "
2017-03-19,8.449,False,8.449,False,7.453566762623933,7.453566762623933,True,REAL_L001_20170318,2.0,gaussian_process,,,3.0136350806330263,18.434765988064655,standard_uncertainty,False,"Retrospective reconstruction (engineered hybrid pipeline, primary method assignment). Method=gaussian_process. "
2017-03-20,6.082583333333333,True,6.082583333333333,True,,6.082583333333333,False,,,,,,,,,False,
2017-03-21,4.220083333333334,True,4.220083333333334,True,,4.220083333333334,False,,,,,,,,,False,
2017-03-22,4.723875,True,4.723875,True,,4.723875,False,,,,,,,,,False,
2017-03-23,6.891708333333334,True,6.891708333333334,True,,6.891708333333334,False,,,,,,,,,False,
2017-03-24,9.096291666666666,True,9.096291666666666,True,,9.096291666666666,False,,,,,,,,,False,
2017-03-25,6.573,False,6.573,False,5.812934909803316,5.812934909803316,True,REAL_L001_20170325,2.0,gaussian_process,,,2.2863887450561573,14.778856980762534,standard_uncertainty,False,"Retrospective reconstruction (engineered hybrid pipeline, primary method assignment). Method=gaussian_process. "
2017-03-26,5.971,False,5.971,False,3.020574251560652,3.020574251560652,True,REAL_L001_20170325,2.0,gaussian_process,,,1.1852404126008933,7.69790559973378,standard_uncertainty,False,"Retrospective reconstruction (engineered hybrid pipeline, primary method assignment). Method=gaussian_process. "
2017-03-27,2.4031249999999997,True,2.4031249999999997,True,,2.4031249999999997,False,,,,,,,,,False,
2017-03-28,5.200875,True,5.200875,True,,5.200875,False,,,,,,,,,False,
2017-03-29,7.65225,True,7.65225,True,,7.65225,False,,,,,,,,,False,
2017-03-30,2.2710000000000004,True,2.2710000000000004,True,,2.2710000000000004,False,,,,,,,,,False,
2017-03-31,3.1808333333333336,True,3.1808333333333336,True,,3.1808333333333336,False,,,,,,,,,False,
2017-04-01,1.207,False,1.207,False,2.261178844617162,2.261178844617162,True,REAL_L001_20170401,1.0,gaussian_process,,,1.1594866392012475,4.409649576355983,standard_uncertainty,False,"Retrospective reconstruction (engineered hybrid pipeline, primary method assignment). Method=gaussian_process. "
2017-04-02,1.5356250000000002,True,1.5356250000000002,True,,1.5356250000000002,False,,,,,,,,,False,
2017-04-03,3.631875,True,3.631875,True,,3.631875,False,,,,,,,,,False,
2017-04-04,10.727166666666667,True,10.727166666666667,True,,10.727166666666667,False,,,,,,,,,False,
2017-04-05,9.854416666666667,True,9.854416666666667,True,,9.854416666666667,False,,,,,,,,,False,
2017-04-06,11.063625,True,11.063625,True,,11.063625,False,,,,,,,,,False,
2017-04-07,14.874333333333334,True,14.874333333333334,True,,14.874333333333334,False,,,,,,,,,False,
2017-04-08,3.2964583333333337,True,3.2964583333333337,True,,3.2964583333333337,False,,,,,,,,,False,
2017-04-09,2.437416666666667,True,2.437416666666667,True,,2.437416666666667,False,,,,,,,,,False,
2017-04-10,4.61225,True,4.61225,True,,4.61225,False,,,,,,,,,False,
2017-04-11,16.124708333333334,True,16.124708333333334,True,,16.124708333333334,False,,,,,,,,,False,
2017-04-12,19.8235,True,19.8235,True,,19.8235,False,,,,,,,,,False,
2017-04-13,14.122750000000002,True,14.122750000000002,True,,14.122750000000002,False,,,,,,,,,False,
2017-04-14,5.637625,True,5.637625,True,,5.637625,False,,,,,,,,,False,
2017-04-15,3.60075,True,3.60075,True,,3.60075,False,,,,,,,,,False,
2017-04-16,1.0364166666666668,True,1.0364166666666668,True,,1.0364166666666668,False,,,,,,,,,False,
2017-04-17,1.0619583333333331,True,1.0619583333333331,True,,1.0619583333333331,False,,,,,,,,,False,
2017-04-18,0.8601666666666667,True,0.8601666666666667,True,,0.8601666666666667,False,,,,,,,,,False,
2017-04-19,0.5756249999999999,True,0.5756249999999999,True,,0.5756249999999999,False,,,,,,,,,False,
2017-04-20,0.3607727272727272,True,0.3607727272727272,True,,0.3607727272727272,False,,,,,,,,,False,
2017-04-21,0.695625,True,0.695625,True,,0.695625,False,,,,,,,,,False,
2017-04-22,1.0745833333333332,True,1.0745833333333332,True,,1.0745833333333332,False,,,,,,,,,False,
2017-04-23,1.874375,True,1.874375,True,,1.874375,False,,,,,,,,,False,
2017-04-24,1.9154583333333337,True,1.9154583333333337,True,,1.9154583333333337,False,,,,,,,,,False,
2017-04-25,1.270625,True,1.270625,True,,1.270625,False,,,,,,,,,False,
2017-04-26,1.3497500000000002,True,1.3497500000000002,True,,1.3497500000000002,False,,,,,,,,,False,
2017-04-27,2.22775,True,2.22775,True,,2.22775,False,,,,,,,,,False,
2017-04-28,2.9047083333333337,True,2.9047083333333337,True,,2.9047083333333337,False,,,,,,,,,False,
2017-04-29,2.6964166666666665,True,2.6964166666666665,True,,2.6964166666666665,False,,,,,,,,,False,
2017-04-30,2.3395,True,2.3395,True,,2.3395,False,,,,,,,,,False,
2017-05-01,1.9647083333333333,True,1.9647083333333333,True,,1.9647083333333333,False,,,,,,,,,False,
2017-05-02,1.4544583333333332,True,1.4544583333333332,True,,1.4544583333333332,False,,,,,,,,,False,
2017-05-03,0.9192916666666668,True,0.9192916666666668,True,,0.9192916666666668,False,,,,,,,,,False,
2017-05-04,0.8639583333333333,True,0.8639583333333333,True,,0.8639583333333333,False,,,,,,,,,False,
2017-05-05,1.047,False,1.047,False,0.8073345873865001,0.8073345873865001,True,REAL_L001_20170505,1.0,gaussian_process,,,0.500557177237561,1.3021272406632496,standard_uncertainty,False,"Retrospective reconstruction (engineered hybrid pipeline, primary method assignment). Method=gaussian_process. "
2017-05-06,0.7501666666666665,True,0.7501666666666665,True,,0.7501666666666665,False,,,,,,,,,False,
2017-05-07,0.693375,True,0.693375,True,,0.693375,False,,,,,,,,,False,
2017-05-08,0.9466666666666668,True,0.9466666666666668,True,,0.9466666666666668,False,,,,,,,,,False,
2017-05-09,1.2045416666666666,True,1.2045416666666666,True,,1.2045416666666666,False,,,,,,,,,False,
2017-05-10,1.086,False,1.086,False,1.109512209876735,1.109512209876735,True,REAL_L001_20170510,6.0,state_space_kalman,,,0.479583951105209,2.566844326272087,standard_uncertainty,False,"Retrospective reconstruction (engineered hybrid pipeline, primary method assignment). Method=state_space_kalman. "
2017-05-11,,False,,False,1.021979876604979,1.021979876604979,True,REAL_L001_20170510,6.0,state_space_kalman,,,0.3460788792083993,3.017932994277276,standard_uncertainty,False,"Retrospective reconstruction (engineered hybrid pipeline, primary method assignment). Method=state_space_kalman. "
2017-05-12,,False,,False,0.9413531990797688,0.9413531990797688,True,REAL_L001_20170510,6.0,state_space_kalman,,,0.2874753705559293,3.0825104902171505,standard_uncertainty,False,"Retrospective reconstruction (engineered hybrid pipeline, primary method assignment). Method=state_space_kalman. "
2017-05-13,,False,,False,0.8670873719759479,0.8670873719759479,True,REAL_L001_20170510,6.0,state_space_kalman,,,0.2647956832853236,2.8393231389275706,standard_uncertainty,False,"Retrospective reconstruction (engineered hybrid pipeline, primary method assignment). Method=state_space_kalman. "
2017-05-14,,False,,False,0.7986805710918353,0.7986805710918353,True,REAL_L001_20170510,6.0,state_space_kalman,,,0.2704617607610926,2.358524372704388,standard_uncertainty,False,"Retrospective reconstruction (engineered hybrid pipeline, primary method assignment). Method=state_space_kalman. "
2017-05-15,0.8289999999999998,False,0.8289999999999998,False,0.7356705624554691,0.7356705624554691,True,REAL_L001_20170510,6.0,state_space_kalman,,,0.3179918092955307,1.7019657759818687,standard_uncertainty,False,"Retrospective reconstruction (engineered hybrid pipeline, primary method assignment). Method=state_space_kalman. "
2017-05-16,0.6776315789473685,True,0.6776315789473685,True,,0.6776315789473685,False,,,,,,,,,False,
2017-05-17,1.304,False,1.304,False,0.6751043686490138,0.6751043686490138,True,REAL_L001_20170517,1.0,gaussian_process,,,0.4686417904712489,0.9725251094459204,standard_uncertainty,False,"Retrospective reconstruction (engineered hybrid pipeline, primary method assignment). Method=gaussian_process. "
2017-05-18,0.7145833333333332,True,0.7145833333333332,True,,0.7145833333333332,False,,,,,,,,,False,
2017-05-19,1.0055416666666668,True,1.0055416666666668,True,,1.0055416666666668,False,,,,,,,,,False,
2017-05-20,0.894625,True,0.894625,True,,0.894625,False,,,,,,,,,False,
2017-05-21,1.00025,True,1.00025,True,,1.00025,False,,,,,,,,,False,
2017-05-22,0.9627916666666666,True,0.9627916666666666,True,,0.9627916666666666,False,,,,,,,,,False,
2017-05-23,1.3724999999999998,True,1.3724999999999998,True,,1.3724999999999998,False,,,,,,,,,False,
2017-05-24,,False,,False,1.240317603695788,1.240317603695788,True,REAL_L001_20170524,1.0,gaussian_process,,,0.8895308833947249,1.7294371524985157,standard_uncertainty,False,"Retrospective reconstruction (engineered hybrid pipeline, primary method assignment). Method=gaussian_process. "
2017-05-25,1.000125,True,1.000125,True,,1.000125,False,,,,,,,,,False,
2017-05-26,0.8594166666666667,True,0.8594166666666667,True,,0.8594166666666667,False,,,,,,,,,False,
2017-05-27,0.5605,True,0.5605,True,,0.5605,False,,,,,,,,,False,
2017-05-28,0.4349166666666667,True,0.4349166666666667,True,,0.4349166666666667,False,,,,,,,,,False,
2017-05-29,0.8130416666666668,True,0.8130416666666668,True,,0.8130416666666668,False,,,,,,,,,False,
2017-05-30,0.8730833333333333,True,0.8730833333333333,True,,0.8730833333333333,False,,,,,,,,,False,
2017-05-31,0.913,False,0.913,False,0.9374680126707118,0.9374680126707118,True,REAL_L001_20170531,1.0,gaussian_process,,,0.6659086246904183,1.319770073843615,standard_uncertainty,False,"Retrospective reconstruction (engineered hybrid pipeline, primary method assignment). Method=gaussian_process. "
2017-06-01,0.9962083333333333,True,0.9962083333333333,True,,0.9962083333333333,False,,,,,,,,,False,
2017-06-02,1.0225416666666665,True,1.0225416666666665,True,,1.0225416666666665,False,,,,,,,,,False,
2017-06-03,1.35975,True,1.35975,True,,1.35975,False,,,,,,,,,False,
2017-06-04,1.7599583333333335,True,1.7599583333333335,True,,1.7599583333333335,False,,,,,,,,,False,
2017-06-05,2.2407083333333335,True,2.2407083333333335,True,,2.2407083333333335,False,,,,,,,,,False,
2017-06-06,2.2548333333333335,True,2.2548333333333335,True,,2.2548333333333335,False,,,,,,,,,False,
2017-06-07,2.143,False,2.143,False,3.2914248803760677,3.2914248803760677,True,REAL_L001_20170607,1.0,gaussian_process,,,2.341052487420048,4.627609932444369,standard_uncertainty,False,"Retrospective reconstruction (engineered hybrid pipeline, primary method assignment). Method=gaussian_process. "
2017-06-08,4.7744583333333335,True,4.7744583333333335,True,,4.7744583333333335,False,,,,,,,,,False,
2017-06-09,4.581125,True,4.581125,True,,4.581125,False,,,,,,,,,False,
2017-06-10,4.455916666666667,True,4.455916666666667,True,,4.455916666666667,False,,,,,,,,,False,
2017-06-11,6.788958333333333,True,6.788958333333333,True,,6.788958333333333,False,,,,,,,,,False,
2017-06-12,6.162583333333334,True,6.162583333333334,True,,6.162583333333334,False,,,,,,,,,False,
2017-06-13,3.5628333333333333,True,3.5628333333333333,True,,3.5628333333333333,False,,,,,,,,,False,
2017-06-14,2.206,False,2.206,False,3.057791733128871,3.057791733128871,True,REAL_L001_20170614,1.0,gaussian_process,,,2.2077883169936494,4.235048356412767,standard_uncertainty,False,"Retrospective reconstruction (engineered hybrid pipeline, primary method assignment). Method=gaussian_process. "
2017-06-15,2.640833333333333,True,2.640833333333333,True,,2.640833333333333,False,,,,,,,,,False,
2017-06-16,1.9959583333333333,True,1.9959583333333333,True,,1.9959583333333333,False,,,,,,,,,False,
2017-06-17,2.029041666666666,True,2.029041666666666,True,,2.029041666666666,False,,,,,,,,,False,
2017-06-18,1.329208333333333,True,1.329208333333333,True,,1.329208333333333,False,,,,,,,,,False,
2017-06-19,1.1007916666666666,True,1.1007916666666666,True,,1.1007916666666666,False,,,,,,,,,False,
2017-06-20,1.0490416666666669,True,1.0490416666666669,True,,1.0490416666666669,False,,,,,,,,,False,
2017-06-21,1.51,False,1.51,False,1.353772965285244,1.353772965285244,True,REAL_L001_20170621,1.0,gaussian_process,,,1.021510403969183,1.794109227293285,standard_uncertainty,False,"Retrospective reconstruction (engineered hybrid pipeline, primary method assignment). Method=gaussian_process. "
2017-06-22,1.7252083333333337,True,1.7252083333333337,True,,1.7252083333333337,False,,,,,,,,,False,
2017-06-23,1.3549583333333337,True,1.3549583333333337,True,,1.3549583333333337,False,,,,,,,,,False,
2017-06-24,1.425,True,1.425,True,,1.425,False,,,,,,,,,False,
2017-06-25,1.4699166666666663,True,1.4699166666666663,True,,1.4699166666666663,False,,,,,,,,,False,
2017-06-26,1.124125,True,1.124125,True,,1.124125,False,,,,,,,,,False,
2017-06-27,1.161625,True,1.161625,True,,1.161625,False,,,,,,,,,False,
2017-06-28,1.0136666666666667,True,1.0136666666666667,True,,1.0136666666666667,False,,,,,,,,,False,
2017-06-29,1.047375,True,1.047375,True,,1.047375,False,,,,,,,,,False,
2017-06-30,1.1214166666666667,True,1.1214166666666667,True,,1.1214166666666667,False,,,,,,,,,False,
2017-07-01,1.3248333333333333,True,1.3248333333333333,True,,1.3248333333333333,False,,,,,,,,,False,
2017-07-02,1.264875,True,1.264875,True,,1.264875,False,,,,,,,,,False,
2017-07-03,0.7093333333333334,True,0.7093333333333334,True,,0.7093333333333334,False,,,,,,,,,False,
2017-07-04,0.5275416666666667,True,0.5275416666666667,True,,0.5275416666666667,False,,,,,,,,,False,
2017-07-05,0.608,False,0.608,False,0.5340556850174188,0.5340556850174188,True,REAL_L001_20170705,1.0,gaussian_process,,,0.4133921867555447,0.6899392002009072,standard_uncertainty,False,"Retrospective reconstruction (engineered hybrid pipeline, primary method assignment). Method=gaussian_process. "
2017-07-06,0.6075416666666666,True,0.6075416666666666,True,,0.6075416666666666,False,,,,,,,,,False,
2017-07-07,0.6353749999999999,True,0.6353749999999999,True,,0.6353749999999999,False,,,,,,,,,False,
2017-07-08,0.8210833333333335,True,0.8210833333333335,True,,0.8210833333333335,False,,,,,,,,,False,
2017-07-09,0.9113333333333332,True,0.9113333333333332,True,,0.9113333333333332,False,,,,,,,,,False,
2017-07-10,1.1601666666666668,True,1.1601666666666668,True,,1.1601666666666668,False,,,,,,,,,False,
2017-07-11,1.2292142857142854,False,1.2292142857142854,False,1.186306684923912,1.186306684923912,True,REAL_L010_20170711,11.0,state_space_kalman,,,0.4983031533579145,2.824231677467086,standard_uncertainty,False,"Retrospective reconstruction (engineered hybrid pipeline, primary method assignment). Method=state_space_kalman. "
2017-07-12,,False,,False,1.213035670761524,1.213035670761524,True,REAL_L010_20170711,11.0,state_space_kalman,,,0.376640388372182,3.906791687687574,standard_uncertainty,False,"Retrospective reconstruction (engineered hybrid pipeline, primary method assignment). Method=state_space_kalman. "
2017-07-13,,False,,False,1.2403668943619226,1.2403668943619226,True,REAL_L010_20170711,11.0,state_space_kalman,,,0.3186907462071802,4.8275955638475265,standard_uncertainty,False,"Retrospective reconstruction (engineered hybrid pipeline, primary method assignment). Method=state_space_kalman. "
2017-07-14,,False,,False,1.2683139249014743,1.2683139249014743,True,REAL_L010_20170711,11.0,state_space_kalman,,,0.2888812677546648,5.568447634566317,standard_uncertainty,False,"Retrospective reconstruction (engineered hybrid pipeline, primary method assignment). Method=state_space_kalman. "
2017-07-15,,False,,False,1.2968906372872029,1.2968906372872029,True,REAL_L010_20170711,11.0,state_space_kalman,,,0.2760279459615724,6.093315367848145,standard_uncertainty,False,"Retrospective reconstruction (engineered hybrid pipeline, primary method assignment). Method=state_space_kalman. "
2017-07-16,,False,,False,1.3261112190452873,1.3261112190452873,True,REAL_L010_20170711,11.0,state_space_kalman,,,0.2761200618198977,6.368863434576608,standard_uncertainty,False,"Retrospective reconstruction (engineered hybrid pipeline, primary method assignment). Method=state_space_kalman. "
2017-07-17,,False,,False,1.3559901773647656,1.3559901773647656,True,REAL_L010_20170711,11.0,state_space_kalman,,,0.2886065892070865,6.370988847348812,standard_uncertainty,False,"Retrospective reconstruction (engineered hybrid pipeline, primary method assignment). Method=state_space_kalman. "
2017-07-18,,False,,False,1.3865423462999416,1.3865423462999416,True,REAL_L010_20170711,11.0,state_space_kalman,,,0.3158099134059179,6.087521627644135,standard_uncertainty,False,"Retrospective reconstruction (engineered hybrid pipeline, primary method assignment). Method=state_space_kalman. "
2017-07-19,,False,,False,1.417782894135072,1.417782894135072,True,REAL_L010_20170711,11.0,state_space_kalman,,,0.3642747081895611,5.518111166411261,standard_uncertainty,False,"Retrospective reconstruction (engineered hybrid pipeline, primary method assignment). Method=state_space_kalman. "
2017-07-20,,False,,False,1.4497273309149894,1.4497273309149894,True,REAL_L010_20170711,11.0,state_space_kalman,,,0.4501317464199564,4.669098215616813,standard_uncertainty,False,"Retrospective reconstruction (engineered hybrid pipeline, primary method assignment). Method=state_space_kalman. "
2017-07-21,1.466875,False,1.466875,False,1.482391516145397,1.482391516145397,True,REAL_L010_20170711,11.0,state_space_kalman,,,0.6226723463618085,3.5291186769084244,standard_uncertainty,False,"Retrospective reconstruction (engineered hybrid pipeline, primary method assignment). Method=state_space_kalman. "
2017-07-22,1.5157916666666666,True,1.5157916666666666,True,,1.5157916666666666,False,,,,,,,,,False,
2017-07-23,1.2362083333333334,True,1.2362083333333334,True,,1.2362083333333334,False,,,,,,,,,False,
2017-07-24,1.1381666666666668,True,1.1381666666666668,True,,1.1381666666666668,False,,,,,,,,,False,
2017-07-25,0.9545,True,0.9545,True,,0.9545,False,,,,,,,,,False,
2017-07-26,1.3430833333333332,True,1.3430833333333332,True,,1.3430833333333332,False,,,,,,,,,False,
2017-07-27,1.8084583333333335,True,1.8084583333333335,True,,1.8084583333333335,False,,,,,,,,,False,
2017-07-28,1.7393333333333334,True,1.7393333333333334,True,,1.7393333333333334,False,,,,,,,,,False,
2017-07-29,1.854625,True,1.854625,True,,1.854625,False,,,,,,,,,False,
2017-07-30,2.400166666666667,True,2.400166666666667,True,,2.400166666666667,False,,,,,,,,,False,
2017-07-31,2.688041666666667,True,2.688041666666667,True,,2.688041666666667,False,,,,,,,,,False,
2017-08-01,3.0703333333333336,True,3.0703333333333336,True,,3.0703333333333336,False,,,,,,,,,False,
2017-08-02,3.599,False,3.599,False,4.601258475364767,4.601258475364767,True,REAL_L001_20170802,1.0,gaussian_process,,,3.254732704184948,6.504859686294237,standard_uncertainty,False,"Retrospective reconstruction (engineered hybrid pipeline, primary method assignment). Method=gaussian_process. "
2017-08-03,6.295375,True,6.295375,True,,6.295375,False,,,,,,,,,False,
2017-08-04,5.094541666666667,True,5.094541666666667,True,,5.094541666666667,False,,,,,,,,,False,
2017-08-05,3.841583333333333,True,3.841583333333333,True,,3.841583333333333,False,,,,,,,,,False,
2017-08-06,3.4110416666666663,True,3.4110416666666663,True,,3.4110416666666663,False,,,,,,,,,False,
2017-08-07,2.657541666666667,True,2.657541666666667,True,,2.657541666666667,False,,,,,,,,,False,
2017-08-08,3.799041666666666,True,3.799041666666666,True,,3.799041666666666,False,,,,,,,,,False,
2017-08-09,6.423,False,6.423,False,4.833915974004571,4.833915974004571,True,REAL_L001_20170809,1.0,gaussian_process,,,3.31309481162268,7.052844839140614,standard_uncertainty,False,"Retrospective reconstruction (engineered hybrid pipeline, primary method assignment). Method=gaussian_process. "
2017-08-10,5.107666666666667,True,5.107666666666667,True,,5.107666666666667,False,,,,,,,,,False,
2017-08-11,4.933333333333334,True,4.933333333333334,True,,4.933333333333334,False,,,,,,,,,False,
2017-08-12,4.8356666666666674,True,4.8356666666666674,True,,4.8356666666666674,False,,,,,,,,,False,
2017-08-13,4.659583333333334,True,4.659583333333334,True,,4.659583333333334,False,,,,,,,,,False,
2017-08-14,4.120583333333333,True,4.120583333333333,True,,4.120583333333333,False,,,,,,,,,False,
2017-08-15,6.786041666666667,True,6.786041666666667,True,,6.786041666666667,False,,,,,,,,,False,
2017-08-16,3.298875,False,3.298875,False,9.400115955122068,9.400115955122068,True,REAL_L001_20170816,1.0,gaussian_process,,,6.097899908715375,14.49059205505317,standard_uncertainty,False,"Retrospective reconstruction (engineered hybrid pipeline, primary method assignment). Method=gaussian_process. "
2017-08-17,11.048583333333337,True,11.048583333333337,True,,11.048583333333337,False,,,,,,,,,False,
2017-08-18,12.31825,True,12.31825,True,,12.31825,False,,,,,,,,,False,
2017-08-19,10.873541666666666,True,10.873541666666666,True,,10.873541666666666,False,,,,,,,,,False,
2017-08-20,2.8865,True,2.8865,True,,2.8865,False,,,,,,,,,False,
2017-08-21,5.04475,True,5.04475,True,,5.04475,False,,,,,,,,,False,
2017-08-22,12.557458333333336,True,12.557458333333336,True,,12.557458333333336,False,,,,,,,,,False,
2017-08-23,9.936,False,9.936,False,12.227163071366087,12.227163071366087,True,REAL_L001_20170823,6.0,state_space_kalman,,,5.285161464987328,28.287407634411228,standard_uncertainty,False,"Retrospective reconstruction (engineered hybrid pipeline, primary method assignment). Method=state_space_kalman. "
2017-08-24,0.0555,False,0.0555,False,11.905555471916385,11.905555471916385,True,REAL_L001_20170823,6.0,state_space_kalman,,,4.031646207909467,35.157413072804296,standard_uncertainty,False,"Retrospective reconstruction (engineered hybrid pipeline, primary method assignment). Method=state_space_kalman. "
2017-08-25,,False,,False,11.5924070258631,11.5924070258631,True,REAL_L001_20170823,6.0,state_space_kalman,,,3.54014997628192,37.959945638918455,standard_uncertainty,False,"Retrospective reconstruction (engineered hybrid pipeline, primary method assignment). Method=state_space_kalman. "
2017-08-26,,False,,False,11.28749523449568,11.28749523449568,True,REAL_L001_20170823,6.0,state_space_kalman,,,3.447034416366781,36.96149596413137,standard_uncertainty,False,"Retrospective reconstruction (engineered hybrid pipeline, primary method assignment). Method=state_space_kalman. "
2017-08-27,,False,,False,10.99060345142399,10.99060345142399,True,REAL_L001_20170823,6.0,state_space_kalman,,,3.721810782545354,32.45553610434813,standard_uncertainty,False,"Retrospective reconstruction (engineered hybrid pipeline, primary method assignment). Method=state_space_kalman. "
2017-08-28,12.0355,False,12.0355,False,10.701520728646392,10.701520728646392,True,REAL_L001_20170823,6.0,state_space_kalman,,,4.62570627721954,24.757850810727795,standard_uncertainty,False,"Retrospective reconstruction (engineered hybrid pipeline, primary method assignment). Method=state_space_kalman. "
2017-08-29,10.420041666666668,True,10.420041666666668,True,,10.420041666666668,False,,,,,,,,,False,
2017-08-30,8.59,False,8.59,False,8.00434304738306,8.00434304738306,True,REAL_L001_20170830,1.0,gaussian_process,,,4.826330014141977,13.274995168679894,standard_uncertainty,False,"Retrospective reconstruction (engineered hybrid pipeline, primary method assignment). Method=gaussian_process. "
2017-08-31,6.129208333333334,True,6.129208333333334,True,,6.129208333333334,False,,,,,,,,,False,
2017-09-01,5.479541666666667,True,5.479541666666667,True,,5.479541666666667,False,,,,,,,,,False,
2017-09-02,3.2615833333333337,True,3.2615833333333337,True,,3.2615833333333337,False,,,,,,,,,False,
2017-09-03,1.452208333333333,True,1.452208333333333,True,,1.452208333333333,False,,,,,,,,,False,
2017-09-04,1.25725,True,1.25725,True,,1.25725,False,,,,,,,,,False,
2017-09-05,1.9747083333333333,True,1.9747083333333333,True,,1.9747083333333333,False,,,,,,,,,False,
2017-09-06,1.745,False,1.745,False,2.4277426801433393,2.4277426801433393,True,REAL_L001_20170906,1.0,gaussian_process,,,1.507515893389239,3.9096997562915625,standard_uncertainty,False,"Retrospective reconstruction (engineered hybrid pipeline, primary method assignment). Method=gaussian_process. "
2017-09-07,2.665375,True,2.665375,True,,2.665375,False,,,,,,,,,False,
2017-09-08,3.3745,True,3.3745,True,,3.3745,False,,,,,,,,,False,
2017-09-09,3.645583333333333,True,3.645583333333333,True,,3.645583333333333,False,,,,,,,,,False,
2017-09-10,8.665291666666667,True,8.665291666666667,True,,8.665291666666667,False,,,,,,,,,False,
2017-09-11,12.839,True,12.839,True,,12.839,False,,,,,,,,,False,
2017-09-12,13.01,True,13.01,True,,13.01,False,,,,,,,,,False,
2017-09-13,11.770083333333334,True,11.770083333333334,True,,11.770083333333334,False,,,,,,,,,False,
2017-09-14,5.41425,True,5.41425,True,,5.41425,False,,,,,,,,,False,
2017-09-15,4.040583333333333,True,4.040583333333333,True,,4.040583333333333,False,,,,,,,,,False,
2017-09-16,5.803541666666667,True,5.803541666666667,True,,5.803541666666667,False,,,,,,,,,False,
2017-09-17,6.170625,True,6.170625,True,,6.170625,False,,,,,,,,,False,
2017-09-18,6.941333333333333,True,6.941333333333333,True,,6.941333333333333,False,,,,,,,,,False,
2017-09-19,8.645041666666666,True,8.645041666666666,True,,8.645041666666666,False,,,,,,,,,False,
2017-09-20,8.153,False,8.153,False,5.875493693182695,5.875493693182695,True,REAL_L001_20170920,1.0,gaussian_process,,,4.277473459259561,8.070517904418594,standard_uncertainty,False,"Retrospective reconstruction (engineered hybrid pipeline, primary method assignment). Method=gaussian_process. "
2017-09-21,3.8815416666666662,True,3.8815416666666662,True,,3.8815416666666662,False,,,,,,,,,False,
2017-09-22,4.404208333333333,True,4.404208333333333,True,,4.404208333333333,False,,,,,,,,,False,
2017-09-23,6.338874999999999,True,6.338874999999999,True,,6.338874999999999,False,,,,,,,,,False,
2017-09-24,9.124125,True,9.124125,True,,9.124125,False,,,,,,,,,False,
2017-09-25,7.778000000000001,True,7.778000000000001,True,,7.778000000000001,False,,,,,,,,,False,
2017-09-26,6.8665416666666665,True,6.8665416666666665,True,,6.8665416666666665,False,,,,,,,,,False,
2017-09-27,6.8300833333333335,True,6.8300833333333335,True,,6.8300833333333335,False,,,,,,,,,False,
2017-09-28,3.918416666666667,True,3.918416666666667,True,,3.918416666666667,False,,,,,,,,,False,
2017-09-29,2.888125,True,2.888125,True,,2.888125,False,,,,,,,,,False,
2017-09-30,2.189875,True,2.189875,True,,2.189875,False,,,,,,,,,False,
2017-10-01,2.68,True,2.68,True,,2.68,False,,,,,,,,,False,
2017-10-02,1.733583333333333,True,1.733583333333333,True,,1.733583333333333,False,,,,,,,,,False,
2017-10-03,1.483125,True,1.483125,True,,1.483125,False,,,,,,,,,False,
2017-10-04,2.0001666666666664,True,2.0001666666666664,True,,2.0001666666666664,False,,,,,,,,,False,
2017-10-05,2.364,True,2.364,True,,2.364,False,,,,,,,,,False,
2017-10-06,3.298958333333333,True,3.298958333333333,True,,3.298958333333333,False,,,,,,,,,False,
2017-10-07,3.7079583333333335,True,3.7079583333333335,True,,3.7079583333333335,False,,,,,,,,,False,
2017-10-08,4.932875,True,4.932875,True,,4.932875,False,,,,,,,,,False,
2017-10-09,7.738208333333334,True,7.738208333333334,True,,7.738208333333334,False,,,,,,,,,False,
2017-10-10,8.058541666666667,True,8.058541666666667,True,,8.058541666666667,False,,,,,,,,,False,
2017-10-11,5.583125,True,5.583125,True,,5.583125,False,,,,,,,,,False,
2017-10-12,4.989333333333334,True,4.989333333333334,True,,4.989333333333334,False,,,,,,,,,False,
2017-10-13,4.521625,True,4.521625,True,,4.521625,False,,,,,,,,,False,
2017-10-14,4.259083333333333,True,4.259083333333333,True,,4.259083333333333,False,,,,,,,,,False,
2017-10-15,6.741750000000001,True,6.741750000000001,True,,6.741750000000001,False,,,,,,,,,False,
2017-10-16,9.065208333333333,True,9.065208333333333,True,,9.065208333333333,False,,,,,,,,,False,
2017-10-17,9.602958333333332,True,9.602958333333332,True,,9.602958333333332,False,,,,,,,,,False,
2017-10-18,7.247,False,7.247,False,15.50369377669788,15.50369377669788,True,REAL_L001_20171018,1.0,gaussian_process,,,11.12312630527098,21.609439120341342,standard_uncertainty,False,"Retrospective reconstruction (engineered hybrid pipeline, primary method assignment). Method=gaussian_process. "
2017-10-19,25.0565,True,25.0565,True,,25.0565,False,,,,,,,,,False,
2017-10-20,32.084291666666665,True,32.084291666666665,True,,32.084291666666665,False,,,,,,,,,False,
2017-10-21,32.78145833333334,True,32.78145833333334,True,,32.78145833333334,False,,,,,,,,,False,
2017-10-22,35.4925,True,35.4925,True,,35.4925,False,,,,,,,,,False,
2017-10-23,32.45883333333333,True,32.45883333333333,True,,32.45883333333333,False,,,,,,,,,False,
2017-10-24,29.6625,True,29.6625,True,,29.6625,False,,,,,,,,,False,
2017-10-25,28.887666666666664,True,28.887666666666664,True,,28.887666666666664,False,,,,,,,,,False,
2017-10-26,25.133916666666664,True,25.133916666666664,True,,25.133916666666664,False,,,,,,,,,False,
2017-10-27,24.5675,True,24.5675,True,,24.5675,False,,,,,,,,,False,
2017-10-28,25.82983333333333,True,25.82983333333333,True,,25.82983333333333,False,,,,,,,,,False,
2017-10-29,23.082458333333335,True,23.082458333333335,True,,23.082458333333335,False,,,,,,,,,False,
2017-10-30,26.902791666666666,True,26.902791666666666,True,,26.902791666666666,False,,,,,,,,,False,
2017-10-31,32.720708333333334,True,32.720708333333334,True,,32.720708333333334,False,,,,,,,,,False,
2017-11-01,25.766499999999997,True,25.766499999999997,True,,25.766499999999997,False,,,,,,,,,False,
2017-11-02,11.08875,True,11.08875,True,,11.08875,False,,,,,,,,,False,
2017-11-03,15.956916666666666,True,15.956916666666666,True,,15.956916666666666,False,,,,,,,,,False,
2017-11-04,17.05004166666667,True,17.05004166666667,True,,17.05004166666667,False,,,,,,,,,False,
2017-11-05,17.789083333333334,True,17.789083333333334,True,,17.789083333333334,False,,,,,,,,,False,
2017-11-06,14.355541666666666,True,14.355541666666666,True,,14.355541666666666,False,,,,,,,,,False,
2017-11-07,10.246416666666669,True,10.246416666666669,True,,10.246416666666669,False,,,,,,,,,False,
2017-11-08,11.921458333333334,True,11.921458333333334,True,,11.921458333333334,False,,,,,,,,,False,
2017-11-09,14.334375,True,14.334375,True,,14.334375,False,,,,,,,,,False,
2017-11-10,14.266958333333337,True,14.266958333333337,True,,14.266958333333337,False,,,,,,,,,False,
2017-11-11,15.02,False,15.02,False,16.9398289815791,16.9398289815791,True,REAL_L001_20171111,1.0,gaussian_process,,,12.021799013145271,23.869789006734543,standard_uncertainty,False,"Retrospective reconstruction (engineered hybrid pipeline, primary method assignment). Method=gaussian_process. "
2017-11-12,19.646,True,19.646,True,,19.646,False,,,,,,,,,False,
2017-11-13,18.028541666666666,True,18.028541666666666,True,,18.028541666666666,False,,,,,,,,,False,
2017-11-14,19.4625,True,19.4625,True,,19.4625,False,,,,,,,,,False,
2017-11-15,20.283083333333337,True,20.283083333333337,True,,20.283083333333337,False,,,,,,,,,False,
2017-11-16,20.47854166666667,True,20.47854166666667,True,,20.47854166666667,False,,,,,,,,,False,
2017-11-17,17.470041666666663,True,17.470041666666663,True,,17.470041666666663,False,,,,,,,,,False,
2017-11-18,24.667,False,24.667,False,18.8083060024175,18.8083060024175,True,REAL_L001_20171118,1.0,gaussian_process,,,12.776659262408293,27.687392096413685,standard_uncertainty,False,"Retrospective reconstruction (engineered hybrid pipeline, primary method assignment). Method=gaussian_process. "
2017-11-19,19.836708333333338,True,19.836708333333338,True,,19.836708333333338,False,,,,,,,,,False,
2017-11-20,24.336583333333333,True,24.336583333333333,True,,24.336583333333333,False,,,,,,,,,False,
2017-11-21,20.204041666666665,True,20.204041666666665,True,,20.204041666666665,False,,,,,,,,,False,
2017-11-22,29.580333333333332,True,29.580333333333332,True,,29.580333333333332,False,,,,,,,,,False,
2017-11-23,30.622083333333336,True,30.622083333333336,True,,30.622083333333336,False,,,,,,,,,False,
2017-11-24,31.13416666666667,True,31.13416666666667,True,,31.13416666666667,False,,,,,,,,,False,
2017-11-25,21.041,False,21.041,False,33.35148893608666,33.35148893608666,True,REAL_L001_20171125,1.0,gaussian_process,,,23.18964154839088,47.9663220292896,standard_uncertainty,False,"Retrospective reconstruction (engineered hybrid pipeline, primary method assignment). Method=gaussian_process. "
2017-11-26,35.523583333333335,True,35.523583333333335,True,,35.523583333333335,False,,,,,,,,,False,
2017-11-27,40.57429166666666,True,40.57429166666666,True,,40.57429166666666,False,,,,,,,,,False,
2017-11-28,32.70166666666667,True,32.70166666666667,True,,32.70166666666667,False,,,,,,,,,False,
2017-11-29,47.08920833333334,True,47.08920833333334,True,,47.08920833333334,False,,,,,,,,,False,
2017-11-30,36.65258333333333,True,36.65258333333333,True,,36.65258333333333,False,,,,,,,,,False,
2017-12-01,13.966625,True,13.966625,True,,13.966625,False,,,,,,,,,False,
2017-12-02,13.868,False,13.868,False,5.780478347587718,5.780478347587718,True,REAL_L001_20171202,1.0,gaussian_process,,,4.074470469574948,8.20080306789319,standard_uncertainty,False,"Retrospective reconstruction (engineered hybrid pipeline, primary method assignment). Method=gaussian_process. "
2017-12-03,2.6125416666666665,True,2.6125416666666665,True,,2.6125416666666665,False,,,,,,,,,False,
2017-12-04,2.056833333333333,True,2.056833333333333,True,,2.056833333333333,False,,,,,,,,,False,
2017-12-05,1.7295,True,1.7295,True,,1.7295,False,,,,,,,,,False,
2017-12-06,1.87425,True,1.87425,True,,1.87425,False,,,,,,,,,False,
2017-12-07,3.479791666666667,True,3.479791666666667,True,,3.479791666666667,False,,,,,,,,,False,
2017-12-08,3.9094583333333337,True,3.9094583333333337,True,,3.9094583333333337,False,,,,,,,,,False,
2017-12-09,4.594,False,4.594,False,4.652591623956027,4.652591623956027,True,REAL_L001_20171209,1.0,gaussian_process,,,3.2030572927653544,6.7581085321821455,standard_uncertainty,False,"Retrospective reconstruction (engineered hybrid pipeline, primary method assignment). Method=gaussian_process. "
2017-12-10,4.941,True,4.941,True,,4.941,False,,,,,,,,,False,
2017-12-11,6.070833333333333,True,6.070833333333333,True,,6.070833333333333,False,,,,,,,,,False,
2017-12-12,4.66575,True,4.66575,True,,4.66575,False,,,,,,,,,False,
2017-12-13,3.835125,True,3.835125,True,,3.835125,False,,,,,,,,,False,
2017-12-14,4.772374999999999,True,4.772374999999999,True,,4.772374999999999,False,,,,,,,,,False,
2017-12-15,3.1601250000000003,True,3.1601250000000003,True,,3.1601250000000003,False,,,,,,,,,False,
2017-12-16,5.84,False,5.84,False,4.38983806613322,4.38983806613322,True,REAL_L001_20171216,1.0,gaussian_process,,,2.7789315743605365,6.934563781516156,standard_uncertainty,False,"Retrospective reconstruction (engineered hybrid pipeline, primary method assignment). Method=gaussian_process. "
2017-12-17,5.994083333333333,True,5.994083333333333,True,,5.994083333333333,False,,,,,,,,,False,
2017-12-18,6.923208333333332,True,6.923208333333332,True,,6.923208333333332,False,,,,,,,,,False,
2017-12-19,,False,,False,7.247857940225915,7.247857940225915,True,REAL_L001_20171219,1.0,gaussian_process,,,4.661538671767715,11.269121296761703,standard_uncertainty,False,"Retrospective reconstruction (engineered hybrid pipeline, primary method assignment). Method=gaussian_process. "
2017-12-20,7.36225,True,7.36225,True,,7.36225,False,,,,,,,,,False,
2017-12-21,6.368250000000001,True,6.368250000000001,True,,6.368250000000001,False,,,,,,,,,False,
2017-12-22,5.985708333333332,True,5.985708333333332,True,,5.985708333333332,False,,,,,,,,,False,
2017-12-23,5.748916666666666,True,5.748916666666666,True,,5.748916666666666,False,,,,,,,,,False,
2017-12-24,5.209125,True,5.209125,True,,5.209125,False,,,,,,,,,False,
2017-12-25,4.360666666666667,True,4.360666666666667,True,,4.360666666666667,False,,,,,,,,,False,
2017-12-26,6.914958333333334,True,6.914958333333334,True,,6.914958333333334,False,,,,,,,,,False,
2017-12-27,7.506791666666667,True,7.506791666666667,True,,7.506791666666667,False,,,,,,,,,False,
2017-12-28,4.94825,True,4.94825,True,,4.94825,False,,,,,,,,,False,
2017-12-29,4.382,False,4.382,False,5.371835489309743,5.371835489309743,True,REAL_L001_20171229,1.0,gaussian_process,,,3.5118710139690776,8.21687824223197,standard_uncertainty,False,"Retrospective reconstruction (engineered hybrid pipeline, primary method assignment). Method=gaussian_process. "
2017-12-30,5.445208333333333,True,5.445208333333333,True,,5.445208333333333,False,,,,,,,,,False,
2017-12-31,3.371166666666667,True,3.371166666666667,True,,3.371166666666667,False,,,,,,,,,False,
2018-01-01,2.4402500000000003,True,2.4402500000000003,True,,2.4402500000000003,False,,,,,,,,,False,
2018-01-02,2.0553749999999997,True,2.0553749999999997,True,,2.0553749999999997,False,,,,,,,,,False,
2018-01-03,1.665625,True,1.665625,True,,1.665625,False,,,,,,,,,False,
2018-01-04,2.935375,True,2.935375,True,,2.935375,False,,,,,,,,,False,
2018-01-05,1.803,False,1.803,False,2.6385800147608105,2.6385800147608105,True,REAL_L001_20180105,1.0,gaussian_process,,,1.647311848835249,4.22634275302384,standard_uncertainty,False,"Retrospective reconstruction (engineered hybrid pipeline, primary method assignment). Method=gaussian_process. "
2018-01-06,2.8832916666666666,True,2.8832916666666666,True,,2.8832916666666666,False,,,,,,,,,False,
2018-01-07,3.1772500000000004,True,3.1772500000000004,True,,3.1772500000000004,False,,,,,,,,,False,
2018-01-08,2.8935833333333334,True,2.8935833333333334,True,,2.8935833333333334,False,,,,,,,,,False,
2018-01-09,3.8712916666666666,True,3.8712916666666666,True,,3.8712916666666666,False,,,,,,,,,False,
2018-01-10,9.410708333333334,True,9.410708333333334,True,,9.410708333333334,False,,,,,,,,,False,
2018-01-11,5.895416666666666,True,5.895416666666666,True,,5.895416666666666,False,,,,,,,,,False,
2018-01-12,6.332,False,6.332,False,7.684815632995805,7.684815632995805,True,REAL_L001_20180112,1.0,gaussian_process,,,4.557248122700675,12.958783398025572,standard_uncertainty,False,"Retrospective reconstruction (engineered hybrid pipeline, primary method assignment). Method=gaussian_process. "
2018-01-13,8.390458333333333,True,8.390458333333333,True,,8.390458333333333,False,,,,,,,,,False,
2018-01-14,7.42025,True,7.42025,True,,7.42025,False,,,,,,,,,False,
2018-01-15,4.844666666666666,True,4.844666666666666,True,,4.844666666666666,False,,,,,,,,,False,
2018-01-16,2.878916666666667,True,2.878916666666667,True,,2.878916666666667,False,,,,,,,,,False,
2018-01-17,1.805875,True,1.805875,True,,1.805875,False,,,,,,,,,False,
2018-01-18,1.8225,True,1.8225,True,,1.8225,False,,,,,,,,,False,
2018-01-19,1.993,False,1.993,False,3.102623684493963,3.102623684493963,True,REAL_L001_20180119,1.0,gaussian_process,,,1.7455255405707752,5.5148283447260065,standard_uncertainty,False,"Retrospective reconstruction (engineered hybrid pipeline, primary method assignment). Method=gaussian_process. "
2018-01-20,5.4562083333333335,True,5.4562083333333335,True,,5.4562083333333335,False,,,,,,,,,False,
2018-01-21,4.416125,True,4.416125,True,,4.416125,False,,,,,,,,,False,
2018-01-22,2.908,True,2.908,True,,2.908,False,,,,,,,,,False,
2018-01-23,2.1519166666666667,True,2.1519166666666667,True,,2.1519166666666667,False,,,,,,,,,False,
2018-01-24,1.8500416666666668,True,1.8500416666666668,True,,1.8500416666666668,False,,,,,,,,,False,
2018-01-25,1.3675833333333334,True,1.3675833333333334,True,,1.3675833333333334,False,,,,,,,,,False,
2018-01-26,1.578,False,1.578,False,1.2409535009813464,1.2409535009813464,True,REAL_L001_20180126,1.0,gaussian_process,,,0.6595367207372421,2.334920169231,standard_uncertainty,False,"Retrospective reconstruction (engineered hybrid pipeline, primary method assignment). Method=gaussian_process. "
2018-01-27,1.1803333333333332,True,1.1803333333333332,True,,1.1803333333333332,False,,,,,,,,,False,
2018-01-28,0.7765,True,0.7765,True,,0.7765,False,,,,,,,,,False,
2018-01-29,2.4639583333333337,True,2.4639583333333337,True,,2.4639583333333337,False,,,,,,,,,False,
2018-01-30,2.972,True,2.972,True,,2.972,False,,,,,,,,,False,
2018-01-31,2.0162083333333336,True,2.0162083333333336,True,,2.0162083333333336,False,,,,,,,,,False,
2018-02-01,7.324541666666666,True,7.324541666666666,True,,7.324541666666666,False,,,,,,,,,False,
2018-02-02,8.7,False,8.7,False,10.76699221712231,10.76699221712231,True,REAL_L001_20180202,1.0,gaussian_process,,,5.813447283576156,19.94137312143285,standard_uncertainty,False,"Retrospective reconstruction (engineered hybrid pipeline, primary method assignment). Method=gaussian_process. "
2018-02-03,14.779375,True,14.779375,True,,14.779375,False,,,,,,,,,False,
2018-02-04,16.931458333333335,True,16.931458333333335,True,,16.931458333333335,False,,,,,,,,,False,
2018-02-05,9.576625,True,9.576625,True,,9.576625,False,,,,,,,,,False,
2018-02-06,6.862875,True,6.862875,True,,6.862875,False,,,,,,,,,False,
2018-02-07,5.53725,True,5.53725,True,,5.53725,False,,,,,,,,,False,
2018-02-08,2.0213750000000004,True,2.0213750000000004,True,,2.0213750000000004,False,,,,,,,,,False,
2018-02-09,1.759,False,1.759,False,1.9810562296881176,1.9810562296881176,True,REAL_L001_20180209,1.0,gaussian_process,,,1.089566856116999,3.6019669313111646,standard_uncertainty,False,"Retrospective reconstruction (engineered hybrid pipeline, primary method assignment). Method=gaussian_process. "
2018-02-10,2.0204583333333335,True,2.0204583333333335,True,,2.0204583333333335,False,,,,,,,,,False,
2018-02-11,1.575416666666667,True,1.575416666666667,True,,1.575416666666667,False,,,,,,,,,False,
2018-02-12,1.538166666666667,True,1.538166666666667,True,,1.538166666666667,False,,,,,,,,,False,
2018-02-13,1.02775,True,1.02775,True,,1.02775,False,,,,,,,,,False,
2018-02-14,1.6835833333333337,True,1.6835833333333337,True,,1.6835833333333337,False,,,,,,,,,False,
2018-02-15,3.216208333333333,True,3.216208333333333,True,,3.216208333333333,False,,,,,,,,,False,
2018-02-16,11.544,False,11.544,False,2.6862594437363057,2.6862594437363057,True,REAL_L001_20180216,1.0,gaussian_process,,,1.5222725476359942,4.740274539055784,standard_uncertainty,False,"Retrospective reconstruction (engineered hybrid pipeline, primary method assignment). Method=gaussian_process. "
2018-02-17,1.983208333333333,True,1.983208333333333,True,,1.983208333333333,False,,,,,,,,,False,
2018-02-18,1.3226250000000002,True,1.3226250000000002,True,,1.3226250000000002,False,,,,,,,,,False,
2018-02-19,1.701125,True,1.701125,True,,1.701125,False,,,,,,,,,False,
2018-02-20,2.3995,True,2.3995,True,,2.3995,False,,,,,,,,,False,
2018-02-21,3.4637499999999997,True,3.4637499999999997,True,,3.4637499999999997,False,,,,,,,,,False,
2018-02-22,2.047,True,2.047,True,,2.047,False,,,,,,,,,False,
2018-02-23,2.5236666666666667,True,2.5236666666666667,True,,2.5236666666666667,False,,,,,,,,,False,
2018-02-24,2.24525,True,2.24525,True,,2.24525,False,,,,,,,,,False,
2018-02-25,2.5977916666666663,True,2.5977916666666663,True,,2.5977916666666663,False,,,,,,,,,False,
2018-02-26,3.155208333333333,True,3.155208333333333,True,,3.155208333333333,False,,,,,,,,,False,
2018-02-27,5.506291666666667,True,5.506291666666667,True,,5.506291666666667,False,,,,,,,,,False,
2018-02-28,4.266666666666667,True,4.266666666666667,True,,4.266666666666667,False,,,,,,,,,False,
2018-03-01,3.4760416666666667,True,3.4760416666666667,True,,3.4760416666666667,False,,,,,,,,,False,
2018-03-02,3.7880416666666665,True,3.7880416666666665,True,,3.7880416666666665,False,,,,,,,,,False,
2018-03-03,2.7843750000000003,True,2.7843750000000003,True,,2.7843750000000003,False,,,,,,,,,False,
2018-03-04,3.052708333333334,True,3.052708333333334,True,,3.052708333333334,False,,,,,,,,,False,
2018-03-05,3.443333333333334,True,3.443333333333334,True,,3.443333333333334,False,,,,,,,,,False,
2018-03-06,1.9505416666666668,True,1.9505416666666668,True,,1.9505416666666668,False,,,,,,,,,False,
2018-03-07,1.5635,True,1.5635,True,,1.5635,False,,,,,,,,,False,
2018-03-08,1.2295,False,1.2295,False,1.495182598047566,1.495182598047566,True,REAL_L001_20180308,2.0,gaussian_process,,,0.9193151815572111,2.4317786177722827,standard_uncertainty,False,"Retrospective reconstruction (engineered hybrid pipeline, primary method assignment). Method=gaussian_process. "
2018-03-09,0.953,False,0.953,False,1.4464246948152342,1.4464246948152342,True,REAL_L001_20180308,2.0,gaussian_process,,,0.8956407026271123,2.335919294014465,standard_uncertainty,False,"Retrospective reconstruction (engineered hybrid pipeline, primary method assignment). Method=gaussian_process. "
2018-03-10,1.3965416666666668,True,1.3965416666666668,True,,1.3965416666666668,False,,,,,,,,,False,
2018-03-11,0.9472916666666666,True,0.9472916666666666,True,,0.9472916666666666,False,,,,,,,,,False,
2018-03-12,1.4795416666666668,True,1.4795416666666668,True,,1.4795416666666668,False,,,,,,,,,False,
2018-03-13,2.3857916666666665,True,2.3857916666666665,True,,2.3857916666666665,False,,,,,,,,,False,
2018-03-14,2.239375,True,2.239375,True,,2.239375,False,,,,,,,,,False,
2018-03-15,2.0965833333333332,True,2.0965833333333332,True,,2.0965833333333332,False,,,,,,,,,False,
2018-03-16,1.983,False,1.983,False,2.313313601774924,2.313313601774924,True,REAL_L001_20180316,1.0,gaussian_process,,,1.5805747215192902,3.3857430131572315,standard_uncertainty,False,"Retrospective reconstruction (engineered hybrid pipeline, primary method assignment). Method=gaussian_process. "
2018-03-17,2.512541666666667,True,2.512541666666667,True,,2.512541666666667,False,,,,,,,,,False,
2018-03-18,2.5980000000000003,True,2.5980000000000003,True,,2.5980000000000003,False,,,,,,,,,False,
2018-03-19,2.4434583333333335,True,2.4434583333333335,True,,2.4434583333333335,False,,,,,,,,,False,
2018-03-20,2.6809583333333333,True,2.6809583333333333,True,,2.6809583333333333,False,,,,,,,,,False,
2018-03-21,4.332375,True,4.332375,True,,4.332375,False,,,,,,,,,False,
2018-03-22,6.883958333333333,True,6.883958333333333,True,,6.883958333333333,False,,,,,,,,,False,
2018-03-23,5.108125,False,5.108125,False,7.813095145020927,7.813095145020927,True,REAL_L001_20180323,1.0,gaussian_process,,,5.489260703278203,11.1207062380356,standard_uncertainty,False,"Retrospective reconstruction (engineered hybrid pipeline, primary method assignment). Method=gaussian_process. "
2018-03-24,8.426291666666666,True,8.426291666666666,True,,8.426291666666666,False,,,,,,,,,False,
2018-03-25,12.503041666666666,True,12.503041666666666,True,,12.503041666666666,False,,,,,,,,,False,
2018-03-26,12.381416666666668,True,12.381416666666668,True,,12.381416666666668,False,,,,,,,,,False,
2018-03-27,12.651083333333332,True,12.651083333333332,True,,12.651083333333332,False,,,,,,,,,False,
2018-03-28,14.421791666666666,True,14.421791666666666,True,,14.421791666666666,False,,,,,,,,,False,
2018-03-29,12.780958333333333,True,12.780958333333333,True,,12.780958333333333,False,,,,,,,,,False,
2018-03-30,16.691,False,16.691,False,10.81417002644416,10.81417002644416,True,REAL_L001_20180330,1.0,gaussian_process,,,7.899658318201635,14.80396602614912,standard_uncertainty,False,"Retrospective reconstruction (engineered hybrid pipeline, primary method assignment). Method=gaussian_process. "
2018-03-31,8.637125,True,8.637125,True,,8.637125,False,,,,,,,,,False,
2018-04-01,6.782958333333333,True,6.782958333333333,True,,6.782958333333333,False,,,,,,,,,False,
2018-04-02,3.248083333333333,True,3.248083333333333,True,,3.248083333333333,False,,,,,,,,,False,
2018-04-03,3.1346666666666665,True,3.1346666666666665,True,,3.1346666666666665,False,,,,,,,,,False,
2018-04-04,3.1032500000000005,True,3.1032500000000005,True,,3.1032500000000005,False,,,,,,,,,False,
2018-04-05,2.0703181818181817,True,2.0703181818181817,True,,2.0703181818181817,False,,,,,,,,,False,
2018-04-06,1.993,False,1.993,False,2.00292061805082,2.00292061805082,True,REAL_L001_20180406,1.0,gaussian_process,,,1.4315512397225696,2.8023383941119233,standard_uncertainty,False,"Retrospective reconstruction (engineered hybrid pipeline, primary method assignment). Method=gaussian_process. "
2018-04-07,1.8082083333333332,True,1.8082083333333332,True,,1.8082083333333332,False,,,,,,,,,False,
2018-04-08,1.7962916666666668,True,1.7962916666666668,True,,1.7962916666666668,False,,,,,,,,,False,
2018-04-09,1.40175,True,1.40175,True,,1.40175,False,,,,,,,,,False,
2018-04-10,1.1194166666666667,True,1.1194166666666667,True,,1.1194166666666667,False,,,,,,,,,False,
2018-04-11,1.0337916666666669,True,1.0337916666666669,True,,1.0337916666666669,False,,,,,,,,,False,
2018-04-12,0.574,True,0.574,True,,0.574,False,,,,,,,,,False,
2018-04-13,0.4434166666666666,True,0.4434166666666666,True,,0.4434166666666666,False,,,,,,,,,False,
2018-04-14,0.7116666666666666,True,0.7116666666666666,True,,0.7116666666666666,False,,,,,,,,,False,
2018-04-15,0.7594583333333333,True,0.7594583333333333,True,,0.7594583333333333,False,,,,,,,,,False,
2018-04-16,1.1725,True,1.1725,True,,1.1725,False,,,,,,,,,False,
2018-04-17,1.4202083333333333,True,1.4202083333333333,True,,1.4202083333333333,False,,,,,,,,,False,
2018-04-18,2.2775416666666666,True,2.2775416666666666,True,,2.2775416666666666,False,,,,,,,,,False,
2018-04-19,3.4150416666666668,True,3.4150416666666668,True,,3.4150416666666668,False,,,,,,,,,False,
2018-04-20,4.068,False,4.068,False,2.1000531408497545,2.1000531408497545,True,REAL_L001_20180420,1.0,gaussian_process,,,1.2422307573727676,3.5502447256419862,standard_uncertainty,False,"Retrospective reconstruction (engineered hybrid pipeline, primary method assignment). Method=gaussian_process. "
2018-04-21,1.2215,True,1.2215,True,,1.2215,False,,,,,,,,,False,
2018-04-22,1.7722083333333334,True,1.7722083333333334,True,,1.7722083333333334,False,,,,,,,,,False,
2018-04-23,1.9657916666666668,True,1.9657916666666668,True,,1.9657916666666668,False,,,,,,,,,False,
2018-04-24,2.0586249999999997,True,2.0586249999999997,True,,2.0586249999999997,False,,,,,,,,,False,
2018-04-25,2.1744583333333334,True,2.1744583333333334,True,,2.1744583333333334,False,,,,,,,,,False,
2018-04-26,2.3599583333333336,True,2.3599583333333336,True,,2.3599583333333336,False,,,,,,,,,False,
2018-04-27,4.027083333333334,True,4.027083333333334,True,,4.027083333333334,False,,,,,,,,,False,
2018-04-28,5.506375000000001,True,5.506375000000001,True,,5.506375000000001,False,,,,,,,,,False,
2018-04-29,2.653541666666667,True,2.653541666666667,True,,2.653541666666667,False,,,,,,,,,False,
2018-04-30,6.122208333333333,True,6.122208333333333,True,,6.122208333333333,False,,,,,,,,,False,
2018-05-01,6.87425,True,6.87425,True,,6.87425,False,,,,,,,,,False,
2018-05-02,5.09425,True,5.09425,True,,5.09425,False,,,,,,,,,False,
2018-05-03,8.23775,True,8.23775,True,,8.23775,False,,,,,,,,,False,
2018-05-04,12.37425,False,12.37425,False,8.447497628392012,8.447497628392012,True,REAL_L001_20180504,1.0,gaussian_process,,,4.885270823887327,14.607218054884752,standard_uncertainty,False,"Retrospective reconstruction (engineered hybrid pipeline, primary method assignment). Method=gaussian_process. "
2018-05-05,9.7205,True,9.7205,True,,9.7205,False,,,,,,,,,False,
2018-05-06,8.733125,True,8.733125,True,,8.733125,False,,,,,,,,,False,
2018-05-07,7.336625000000001,True,7.336625000000001,True,,7.336625000000001,False,,,,,,,,,False,
2018-05-08,8.018666666666666,True,8.018666666666666,True,,8.018666666666666,False,,,,,,,,,False,
2018-05-09,9.671333333333331,True,9.671333333333331,True,,9.671333333333331,False,,,,,,,,,False,
2018-05-10,7.581875,True,7.581875,True,,7.581875,False,,,,,,,,,False,
2018-05-11,9.7225,False,9.7225,False,4.824208465505361,4.824208465505361,True,REAL_L001_20180511,1.0,gaussian_process,,,2.7291934981540384,8.527422967405894,standard_uncertainty,False,"Retrospective reconstruction (engineered hybrid pipeline, primary method assignment). Method=gaussian_process. "
2018-05-12,2.673875,True,2.673875,True,,2.673875,False,,,,,,,,,False,
2018-05-13,2.2784999999999997,True,2.2784999999999997,True,,2.2784999999999997,False,,,,,,,,,False,
2018-05-14,1.1142083333333332,True,1.1142083333333332,True,,1.1142083333333332,False,,,,,,,,,False,
2018-05-15,0.356875,True,0.356875,True,,0.356875,False,,,,,,,,,False,
2018-05-16,0.738625,True,0.738625,True,,0.738625,False,,,,,,,,,False,
2018-05-17,0.6732916666666666,True,0.6732916666666666,True,,0.6732916666666666,False,,,,,,,,,False,
2018-05-18,0.7666666666666666,True,0.7666666666666666,True,,0.7666666666666666,False,,,,,,,,,False,
2018-05-19,0.8495416666666666,True,0.8495416666666666,True,,0.8495416666666666,False,,,,,,,,,False,
2018-05-20,0.893875,True,0.893875,True,,0.893875,False,,,,,,,,,False,
2018-05-21,1.2755,True,1.2755,True,,1.2755,False,,,,,,,,,False,
2018-05-22,1.7409583333333334,True,1.7409583333333334,True,,1.7409583333333334,False,,,,,,,,,False,
2018-05-23,1.9896666666666665,True,1.9896666666666665,True,,1.9896666666666665,False,,,,,,,,,False,
2018-05-24,3.372625,True,3.372625,True,,3.372625,False,,,,,,,,,False,
2018-05-25,3.8203333333333336,False,3.8203333333333336,False,4.685005541231839,4.685005541231839,True,REAL_L001_20180525,1.0,gaussian_process,,,2.783635284583266,7.8851123359930515,standard_uncertainty,False,"Retrospective reconstruction (engineered hybrid pipeline, primary method assignment). Method=gaussian_process. "
2018-05-26,6.011625,True,6.011625,True,,6.011625,False,,,,,,,,,False,
2018-05-27,8.718583333333333,True,8.718583333333333,True,,8.718583333333333,False,,,,,,,,,False,
2018-05-28,7.177083333333333,True,7.177083333333333,True,,7.177083333333333,False,,,,,,,,,False,
2018-05-29,4.821958333333333,True,4.821958333333333,True,,4.821958333333333,False,,,,,,,,,False,
2018-05-30,3.8519583333333336,True,3.8519583333333336,True,,3.8519583333333336,False,,,,,,,,,False,
2018-05-31,2.4399583333333332,True,2.4399583333333332,True,,2.4399583333333332,False,,,,,,,,,False,
2018-06-01,1.638,False,1.638,False,1.9735906003820125,1.9735906003820125,True,REAL_L001_20180601,1.0,gaussian_process,,,1.252597758324735,3.10958552498578,standard_uncertainty,False,"Retrospective reconstruction (engineered hybrid pipeline, primary method assignment). Method=gaussian_process. "
2018-06-02,1.8178333333333336,True,1.8178333333333336,True,,1.8178333333333336,False,,,,,,,,,False,
2018-06-03,1.069208333333333,True,1.069208333333333,True,,1.069208333333333,False,,,,,,,,,False,
2018-06-04,2.2227916666666663,True,2.2227916666666663,True,,2.2227916666666663,False,,,,,,,,,False,
2018-06-05,1.786625,True,1.786625,True,,1.786625,False,,,,,,,,,False,
2018-06-06,2.0379583333333335,True,2.0379583333333335,True,,2.0379583333333335,False,,,,,,,,,False,
2018-06-07,2.883791666666666,True,2.883791666666666,True,,2.883791666666666,False,,,,,,,,,False,
2018-06-08,3.6865,False,3.6865,False,2.5628426253463874,2.5628426253463874,True,REAL_L001_20180608,1.0,gaussian_process,,,1.6291756622018232,4.031586325943222,standard_uncertainty,False,"Retrospective reconstruction (engineered hybrid pipeline, primary method assignment). Method=gaussian_process. "
2018-06-09,2.6448750000000003,True,2.6448750000000003,True,,2.6448750000000003,False,,,,,,,,,False,
2018-06-10,1.9515,True,1.9515,True,,1.9515,False,,,,,,,,,False,
2018-06-11,1.8350416666666665,True,1.8350416666666665,True,,1.8350416666666665,False,,,,,,,,,False,
2018-06-12,1.54075,True,1.54075,True,,1.54075,False,,,,,,,,,False,
2018-06-13,1.6763750000000002,True,1.6763750000000002,True,,1.6763750000000002,False,,,,,,,,,False,
2018-06-14,1.2811666666666666,True,1.2811666666666666,True,,1.2811666666666666,False,,,,,,,,,False,
2018-06-15,1.136,False,1.136,False,1.5468897277133535,1.5468897277133535,True,REAL_L001_20180615,1.0,gaussian_process,,,1.0926645691959382,2.1899381540905445,standard_uncertainty,False,"Retrospective reconstruction (engineered hybrid pipeline, primary method assignment). Method=gaussian_process. "
2018-06-16,1.802875,True,1.802875,True,,1.802875,False,,,,,,,,,False,
2018-06-17,1.6213750000000002,True,1.6213750000000002,True,,1.6213750000000002,False,,,,,,,,,False,
2018-06-18,1.230666666666667,False,1.230666666666667,False,2.3341461921676077,2.3341461921676077,True,REAL_L031_20180618,33.0,gap_edge_residual_model,,,0.7533676772682604,7.231845234143917,moderate_uncertainty_long_gap,False,"Retrospective reconstruction (engineered hybrid pipeline, primary method assignment). Method=gap_edge_residual_model. "
2018-06-19,,False,,False,2.0915248559669246,2.0915248559669246,True,REAL_L031_20180618,33.0,gap_edge_residual_model,,,0.7886104444126847,5.547068586423989,moderate_uncertainty_long_gap,False,"Retrospective reconstruction (engineered hybrid pipeline, primary method assignment). Method=gap_edge_residual_model. "
2018-06-20,,False,,False,1.8673885204163028,1.8673885204163028,True,REAL_L031_20180618,33.0,gap_edge_residual_model,,,0.7819916735986242,4.459305647252256,moderate_uncertainty_long_gap,False,"Retrospective reconstruction (engineered hybrid pipeline, primary method assignment). Method=gap_edge_residual_model. "
2018-06-21,,False,,False,1.753951011957211,1.753951011957211,True,REAL_L031_20180618,33.0,gap_edge_residual_model,,,0.6294597633282045,4.887276886579481,moderate_uncertainty_long_gap,False,"Retrospective reconstruction (engineered hybrid pipeline, primary method assignment). Method=gap_edge_residual_model. "
2018-06-22,,False,,False,1.7486717205956008,1.7486717205956008,True,REAL_L031_20180618,33.0,gap_edge_residual_model,,,0.7181066119354909,4.258215612538424,moderate_uncertainty_long_gap,False,"Retrospective reconstruction (engineered hybrid pipeline, primary method assignment). Method=gap_edge_residual_model. "
2018-06-23,,False,,False,1.7354751155882135,1.7354751155882135,True,REAL_L031_20180618,33.0,gap_edge_residual_model,,,0.7407400896598357,4.066033307592468,moderate_uncertainty_long_gap,False,"Retrospective reconstruction (engineered hybrid pipeline, primary method assignment). Method=gap_edge_residual_model. "
2018-06-24,,False,,False,1.8125651023740628,1.8125651023740628,True,REAL_L031_20180618,33.0,gap_edge_residual_model,,,0.7948404176674662,4.133398575761395,moderate_uncertainty_long_gap,False,"Retrospective reconstruction (engineered hybrid pipeline, primary method assignment). Method=gap_edge_residual_model. "
2018-06-25,,False,,False,1.8183773742998075,1.8183773742998075,True,REAL_L031_20180618,33.0,gap_edge_residual_model,,,0.7314638723640321,4.520382209280048,moderate_uncertainty_long_gap,False,"Retrospective reconstruction (engineered hybrid pipeline, primary method assignment). Method=gap_edge_residual_model. "
2018-06-26,,False,,False,1.8355861650502696,1.8355861650502696,True,REAL_L031_20180618,33.0,gap_edge_residual_model,,,0.7433468125685313,4.53271139709545,moderate_uncertainty_long_gap,False,"Retrospective reconstruction (engineered hybrid pipeline, primary method assignment). Method=gap_edge_residual_model. "
2018-06-27,,False,,False,1.891831869795368,1.891831869795368,True,REAL_L031_20180618,33.0,gap_edge_residual_model,,,0.7566460645782984,4.730121507429155,moderate_uncertainty_long_gap,False,"Retrospective reconstruction (engineered hybrid pipeline, primary method assignment). Method=gap_edge_residual_model. "
2018-06-28,,False,,False,1.8901579108722744,1.8901579108722744,True,REAL_L031_20180618,33.0,gap_edge_residual_model,,,0.7726134451476379,4.62417131163222,moderate_uncertainty_long_gap,False,"Retrospective reconstruction (engineered hybrid pipeline, primary method assignment). Method=gap_edge_residual_model. "
2018-06-29,,False,,False,1.804771288230788,1.804771288230788,True,REAL_L031_20180618,33.0,gap_edge_residual_model,,,0.7641739744487237,4.262379394917192,moderate_uncertainty_long_gap,False,"Retrospective reconstruction (engineered hybrid pipeline, primary method assignment). Method=gap_edge_residual_model. "
2018-06-30,,False,,False,1.8186584021995695,1.8186584021995695,True,REAL_L031_20180618,33.0,gap_edge_residual_model,,,0.7433826768657565,4.449280951550044,moderate_uncertainty_long_gap,False,"Retrospective reconstruction (engineered hybrid pipeline, primary method assignment). Method=gap_edge_residual_model. "
2018-07-01,,False,,False,1.7570408437380574,1.7570408437380574,True,REAL_L031_20180618,33.0,gap_edge_residual_model,,,0.7381713556083026,4.18221663995576,moderate_uncertainty_long_gap,False,"Retrospective reconstruction (engineered hybrid pipeline, primary method assignment). Method=gap_edge_residual_model. "
2018-07-02,,False,,False,1.7333252071145455,1.7333252071145455,True,REAL_L031_20180618,33.0,gap_edge_residual_model,,,0.7274912853196422,4.129831290416922,moderate_uncertainty_long_gap,False,"Retrospective reconstruction (engineered hybrid pipeline, primary method assignment). Method=gap_edge_residual_model. "
2018-07-03,,False,,False,1.7139594950384236,1.7139594950384236,True,REAL_L031_20180618,33.0,gap_edge_residual_model,,,0.6788625152837078,4.327322667690191,moderate_uncertainty_long_gap,False,"Retrospective reconstruction (engineered hybrid pipeline, primary method assignment). Method=gap_edge_residual_model. "
2018-07-04,,False,,False,1.780522415337398,1.780522415337398,True,REAL_L031_20180618,33.0,gap_edge_residual_model,,,0.6644390204099182,4.771333371666017,moderate_uncertainty_long_gap,False,"Retrospective reconstruction (engineered hybrid pipeline, primary method assignment). Method=gap_edge_residual_model. "
2018-07-05,,False,,False,1.6880472381666871,1.6880472381666871,True,REAL_L031_20180618,33.0,gap_edge_residual_model,,,0.5884381716309963,4.842485779574945,moderate_uncertainty_long_gap,False,"Retrospective reconstruction (engineered hybrid pipeline, primary method assignment). Method=gap_edge_residual_model. "
2018-07-06,,False,,False,1.6381282767999046,1.6381282767999046,True,REAL_L031_20180618,33.0,gap_edge_residual_model,,,0.5935629429543778,4.520943032418518,moderate_uncertainty_long_gap,False,"Retrospective reconstruction (engineered hybrid pipeline, primary method assignment). Method=gap_edge_residual_model. "
2018-07-07,,False,,False,1.6226122184912155,1.6226122184912155,True,REAL_L031_20180618,33.0,gap_edge_residual_model,,,0.6165187033629724,4.270544262867067,moderate_uncertainty_long_gap,False,"Retrospective reconstruction (engineered hybrid pipeline, primary method assignment). Method=gap_edge_residual_model. "
2018-07-08,,False,,False,1.7078164623876364,1.7078164623876364,True,REAL_L031_20180618,33.0,gap_edge_residual_model,,,0.6234746012163328,4.678036705123467,moderate_uncertainty_long_gap,False,"Retrospective reconstruction (engineered hybrid pipeline, primary method assignment). Method=gap_edge_residual_model. "
2018-07-09,,False,,False,1.9696295213282664,1.9696295213282664,True,REAL_L031_20180618,33.0,gap_edge_residual_model,,,0.7039844767337046,5.510690334092816,moderate_uncertainty_long_gap,False,"Retrospective reconstruction (engineered hybrid pipeline, primary method assignment). Method=gap_edge_residual_model. "
2018-07-10,,False,,False,2.0317606874391094,2.0317606874391094,True,REAL_L031_20180618,33.0,gap_edge_residual_model,,,0.7671898080290163,5.380743393383184,moderate_uncertainty_long_gap,False,"Retrospective reconstruction (engineered hybrid pipeline, primary method assignment). Method=gap_edge_residual_model. "
2018-07-11,,False,,False,1.921620116180304,1.921620116180304,True,REAL_L031_20180618,33.0,gap_edge_residual_model,,,0.7238464079939709,5.101391441787141,moderate_uncertainty_long_gap,False,"Retrospective reconstruction (engineered hybrid pipeline, primary method assignment). Method=gap_edge_residual_model. "
2018-07-12,,False,,False,1.835997896841584,1.835997896841584,True,REAL_L031_20180618,33.0,gap_edge_residual_model,,,0.7253790005739549,4.647071771500845,moderate_uncertainty_long_gap,False,"Retrospective reconstruction (engineered hybrid pipeline, primary method assignment). Method=gap_edge_residual_model. "
2018-07-13,,False,,False,1.7792537809677051,1.7792537809677051,True,REAL_L031_20180618,33.0,gap_edge_residual_model,,,0.678429655087695,4.666281895768051,moderate_uncertainty_long_gap,False,"Retrospective reconstruction (engineered hybrid pipeline, primary method assignment). Method=gap_edge_residual_model. "
2018-07-14,,False,,False,1.8415775116465891,1.8415775116465891,True,REAL_L031_20180618,33.0,gap_edge_residual_model,,,0.7434294584132013,4.561842005347983,moderate_uncertainty_long_gap,False,"Retrospective reconstruction (engineered hybrid pipeline, primary method assignment). Method=gap_edge_residual_model. "
2018-07-15,,False,,False,1.8509753209108324,1.8509753209108324,True,REAL_L031_20180618,33.0,gap_edge_residual_model,,,0.720847256742538,4.752892664256401,moderate_uncertainty_long_gap,False,"Retrospective reconstruction (engineered hybrid pipeline, primary method assignment). Method=gap_edge_residual_model. "
2018-07-16,,False,,False,1.851461825981168,1.851461825981168,True,REAL_L031_20180618,33.0,gap_edge_residual_model,,,0.7127795923504248,4.8092158219090155,moderate_uncertainty_long_gap,False,"Retrospective reconstruction (engineered hybrid pipeline, primary method assignment). Method=gap_edge_residual_model. "
2018-07-17,,False,,False,1.8888101266051596,1.8888101266051596,True,REAL_L031_20180618,33.0,gap_edge_residual_model,,,0.7241583727218207,4.926551744416085,moderate_uncertainty_long_gap,False,"Retrospective reconstruction (engineered hybrid pipeline, primary method assignment). Method=gap_edge_residual_model. "
2018-07-18,,False,,False,1.863471487188458,1.863471487188458,True,REAL_L031_20180618,33.0,gap_edge_residual_model,,,0.7461349198128475,4.654018852830766,moderate_uncertainty_long_gap,False,"Retrospective reconstruction (engineered hybrid pipeline, primary method assignment). Method=gap_edge_residual_model. "
2018-07-19,,False,,False,1.8829260998644344,1.8829260998644344,True,REAL_L031_20180618,33.0,gap_edge_residual_model,,,0.7776362207385829,4.559214968386287,moderate_uncertainty_long_gap,False,"Retrospective reconstruction (engineered hybrid pipeline, primary method assignment). Method=gap_edge_residual_model. "
2018-07-20,,False,,False,1.8998176113255727,1.8998176113255727,True,REAL_L031_20180618,33.0,gap_edge_residual_model,,,0.7988499742405484,4.518128650794669,moderate_uncertainty_long_gap,False,"Retrospective reconstruction (engineered hybrid pipeline, primary method assignment). Method=gap_edge_residual_model. "
2018-07-21,1.8253333333333337,True,1.8253333333333337,True,,1.8253333333333337,False,,,,,,,,,False,
2018-07-22,1.3320416666666668,True,1.3320416666666668,True,,1.3320416666666668,False,,,,,,,,,False,
2018-07-23,1.0824583333333333,True,1.0824583333333333,True,,1.0824583333333333,False,,,,,,,,,False,
2018-07-24,1.426125,True,1.426125,True,,1.426125,False,,,,,,,,,False,
2018-07-25,1.4903333333333333,True,1.4903333333333333,True,,1.4903333333333333,False,,,,,,,,,False,
2018-07-26,1.596666666666667,True,1.596666666666667,True,,1.596666666666667,False,,,,,,,,,False,
2018-07-27,1.7266666666666666,False,1.7266666666666666,False,1.5426281074144754,1.5426281074144754,True,REAL_L001_20180727,1.0,gaussian_process,,,1.1745699918496608,2.0260193043393846,standard_uncertainty,False,"Retrospective reconstruction (engineered hybrid pipeline, primary method assignment). Method=gaussian_process. "
2018-07-28,1.481625,True,1.481625,True,,1.481625,False,,,,,,,,,False,
2018-07-29,1.4962083333333334,True,1.4962083333333334,True,,1.4962083333333334,False,,,,,,,,,False,
2018-07-30,1.4180416666666666,True,1.4180416666666666,True,,1.4180416666666666,False,,,,,,,,,False,
2018-07-31,1.233125,True,1.233125,True,,1.233125,False,,,,,,,,,False,
2018-08-01,2.015625,True,2.015625,True,,2.015625,False,,,,,,,,,False,
2018-08-02,2.183625,True,2.183625,True,,2.183625,False,,,,,,,,,False,
2018-08-03,2.46,False,2.46,False,1.4446916428317331,1.4446916428317331,True,REAL_L001_20180803,1.0,gaussian_process,,,0.8757757510764121,2.38318306975566,standard_uncertainty,False,"Retrospective reconstruction (engineered hybrid pipeline, primary method assignment). Method=gaussian_process. "
2018-08-04,1.362458333333333,True,1.362458333333333,True,,1.362458333333333,False,,,,,,,,,False,
2018-08-05,0.9787916666666666,True,0.9787916666666666,True,,0.9787916666666666,False,,,,,,,,,False,
2018-08-06,0.8959166666666668,True,0.8959166666666668,True,,0.8959166666666668,False,,,,,,,,,False,
2018-08-07,1.0970000000000002,True,1.0970000000000002,True,,1.0970000000000002,False,,,,,,,,,False,
2018-08-08,1.0685,True,1.0685,True,,1.0685,False,,,,,,,,,False,
2018-08-09,0.8329166666666667,True,0.8329166666666667,True,,0.8329166666666667,False,,,,,,,,,False,
2018-08-10,0.8,False,0.8,False,0.7366560579565337,0.7366560579565337,True,REAL_L001_20180810,1.0,gaussian_process,,,0.5121740835918058,1.0595267607420618,standard_uncertainty,False,"Retrospective reconstruction (engineered hybrid pipeline, primary method assignment). Method=gaussian_process. "
2018-08-11,0.6980416666666667,True,0.6980416666666667,True,,0.6980416666666667,False,,,,,,,,,False,
2018-08-12,0.7574166666666665,True,0.7574166666666665,True,,0.7574166666666665,False,,,,,,,,,False,
2018-08-13,0.8791250000000002,True,0.8791250000000002,True,,0.8791250000000002,False,,,,,,,,,False,
2018-08-14,1.1052916666666668,True,1.1052916666666668,True,,1.1052916666666668,False,,,,,,,,,False,
2018-08-15,1.388875,True,1.388875,True,,1.388875,False,,,,,,,,,False,
2018-08-16,1.8369583333333337,True,1.8369583333333337,True,,1.8369583333333337,False,,,,,,,,,False,
2018-08-17,2.82,False,2.82,False,1.6408486210118634,1.6408486210118634,True,REAL_L001_20180817,1.0,gaussian_process,,,1.09987277428475,2.4479051214149723,standard_uncertainty,False,"Retrospective reconstruction (engineered hybrid pipeline, primary method assignment). Method=gaussian_process. "
2018-08-18,1.4063333333333332,True,1.4063333333333332,True,,1.4063333333333332,False,,,,,,,,,False,
2018-08-19,1.6540833333333331,True,1.6540833333333331,True,,1.6540833333333331,False,,,,,,,,,False,
2018-08-20,2.094708333333333,True,2.094708333333333,True,,2.094708333333333,False,,,,,,,,,False,
2018-08-21,1.8675416666666669,True,1.8675416666666669,True,,1.8675416666666669,False,,,,,,,,,False,
2018-08-22,2.7705,True,2.7705,True,,2.7705,False,,,,,,,,,False,
2018-08-23,2.475375,True,2.475375,True,,2.475375,False,,,,,,,,,False,
2018-08-24,2.0034166666666664,True,2.0034166666666664,True,,2.0034166666666664,False,,,,,,,,,False,
2018-08-25,1.5126666666666668,True,1.5126666666666668,True,,1.5126666666666668,False,,,,,,,,,False,
2018-08-26,1.698,False,1.698,False,2.7914679816105266,2.7914679816105266,True,REAL_L001_20180826,1.0,gaussian_process,,,1.7414840507697158,4.474513268676014,standard_uncertainty,False,"Retrospective reconstruction (engineered hybrid pipeline, primary method assignment). Method=gaussian_process. "
2018-08-27,4.756541666666667,True,4.756541666666667,True,,4.756541666666667,False,,,,,,,,,False,
2018-08-28,2.626208333333333,True,2.626208333333333,True,,2.626208333333333,False,,,,,,,,,False,
2018-08-29,2.257916666666667,False,2.257916666666667,False,3.385395740769787,3.385395740769787,True,REAL_L001_20180829,1.0,gaussian_process,,,2.0886389829696164,5.487259605452333,standard_uncertainty,False,"Retrospective reconstruction (engineered hybrid pipeline, primary method assignment). Method=gaussian_process. "
2018-08-30,4.216666666666666,True,4.216666666666666,True,,4.216666666666666,False,,,,,,,,,False,
2018-08-31,1.7437083333333334,True,1.7437083333333334,True,,1.7437083333333334,False,,,,,,,,,False,
2018-09-01,2.321,True,2.321,True,,2.321,False,,,,,,,,,False,
2018-09-02,2.762708333333333,True,2.762708333333333,True,,2.762708333333333,False,,,,,,,,,False,
2018-09-03,1.690125,True,1.690125,True,,1.690125,False,,,,,,,,,False,
2018-09-04,1.5026666666666664,True,1.5026666666666664,True,,1.5026666666666664,False,,,,,,,,,False,
2018-09-05,1.186,False,1.186,False,1.1823272425764657,1.1823272425764657,True,REAL_L001_20180905,2.0,gaussian_process,,,0.5983896007748252,2.3360996025472356,standard_uncertainty,False,"Retrospective reconstruction (engineered hybrid pipeline, primary method assignment). Method=gaussian_process. "
2018-09-06,0.669625,False,0.669625,False,0.7902766373901083,0.7902766373901083,True,REAL_L001_20180905,2.0,gaussian_process,,,0.3970570859549143,1.572915295297192,standard_uncertainty,False,"Retrospective reconstruction (engineered hybrid pipeline, primary method assignment). Method=gaussian_process. "
2018-09-07,0.5420416666666666,True,0.5420416666666666,True,,0.5420416666666666,False,,,,,,,,,False,
2018-09-08,0.5198333333333334,True,0.5198333333333334,True,,0.5198333333333334,False,,,,,,,,,False,
2018-09-09,0.7967916666666666,True,0.7967916666666666,True,,0.7967916666666666,False,,,,,,,,,False,
2018-09-10,1.2521666666666669,True,1.2521666666666669,True,,1.2521666666666669,False,,,,,,,,,False,
2018-09-11,1.2324583333333334,True,1.2324583333333334,True,,1.2324583333333334,False,,,,,,,,,False,
2018-09-12,0.7192500000000001,True,0.7192500000000001,True,,0.7192500000000001,False,,,,,,,,,False,
2018-09-13,0.596,False,0.596,False,0.6281245778033828,0.6281245778033828,True,REAL_L001_20180913,2.0,gaussian_process,,,0.3128118761741874,1.2612707997728971,standard_uncertainty,False,"Retrospective reconstruction (engineered hybrid pipeline, primary method assignment). Method=gaussian_process. "
2018-09-14,0.778,False,0.778,False,0.5640971391433374,0.5640971391433374,True,REAL_L001_20180913,2.0,gaussian_process,,,0.2804624622015412,1.1345745876003692,standard_uncertainty,False,"Retrospective reconstruction (engineered hybrid pipeline, primary method assignment). Method=gaussian_process. "
2018-09-15,0.5494583333333334,True,0.5494583333333334,True,,0.5494583333333334,False,,,,,,,,,False,
2018-09-16,0.6852499999999999,True,0.6852499999999999,True,,0.6852499999999999,False,,,,,,,,,False,
2018-09-17,0.988125,True,0.988125,True,,0.988125,False,,,,,,,,,False,
2018-09-18,1.078125,True,1.078125,True,,1.078125,False,,,,,,,,,False,
2018-09-19,1.1423333333333332,True,1.1423333333333332,True,,1.1423333333333332,False,,,,,,,,,False,
2018-09-20,1.18375,False,1.18375,False,1.1015370554504254,1.1015370554504254,True,REAL_L001_20180920,2.0,gaussian_process,,,0.5904894731623218,2.054878096356583,standard_uncertainty,False,"Retrospective reconstruction (engineered hybrid pipeline, primary method assignment). Method=gaussian_process. "
2018-09-21,0.8906666666666667,False,0.8906666666666667,False,0.97624916236863,0.97624916236863,True,REAL_L001_20180920,2.0,gaussian_process,,,0.5257447151192034,1.8127855584993589,standard_uncertainty,False,"Retrospective reconstruction (engineered hybrid pipeline, primary method assignment). Method=gaussian_process. "
2018-09-22,0.8973750000000001,True,0.8973750000000001,True,,0.8973750000000001,False,,,,,,,,,False,
2018-09-23,1.0490833333333334,True,1.0490833333333334,True,,1.0490833333333334,False,,,,,,,,,False,
2018-09-24,1.948125,True,1.948125,True,,1.948125,False,,,,,,,,,False,
2018-09-25,8.513375,True,8.513375,True,,8.513375,False,,,,,,,,,False,
2018-09-26,11.3865,True,11.3865,True,,11.3865,False,,,,,,,,,False,
2018-09-27,14.714,False,14.714,False,10.077037711870004,10.077037711870004,True,REAL_L001_20180927,2.0,gaussian_process,,,5.567447862891362,18.23936057368191,standard_uncertainty,False,"Retrospective reconstruction (engineered hybrid pipeline, primary method assignment). Method=gaussian_process. "
2018-09-28,10.534,False,10.534,False,8.333960382247,8.333960382247,True,REAL_L001_20180927,2.0,gaussian_process,,,4.605727922620844,15.080112594523378,standard_uncertainty,False,"Retrospective reconstruction (engineered hybrid pipeline, primary method assignment). Method=gaussian_process. "
2018-09-29,6.474916666666666,True,6.474916666666666,True,,6.474916666666666,False,,,,,,,,,False,
2018-09-30,4.116333333333333,True,4.116333333333333,True,,4.116333333333333,False,,,,,,,,,False,
2018-10-01,1.8546249999999995,True,1.8546249999999995,True,,1.8546249999999995,False,,,,,,,,,False,
2018-10-02,1.372375,True,1.372375,True,,1.372375,False,,,,,,,,,False,
2018-10-03,3.95475,True,3.95475,True,,3.95475,False,,,,,,,,,False,
2018-10-04,4.3255,False,4.3255,False,7.220909142191627,7.220909142191627,True,REAL_L001_20181004,2.0,gaussian_process,,,4.244045119094495,12.285809263712892,standard_uncertainty,False,"Retrospective reconstruction (engineered hybrid pipeline, primary method assignment). Method=gaussian_process. "
2018-10-05,4.978714285714285,False,4.978714285714285,False,8.208227441587924,8.208227441587924,True,REAL_L001_20181004,2.0,gaussian_process,,,4.828160015965644,13.954590881421286,standard_uncertainty,False,"Retrospective reconstruction (engineered hybrid pipeline, primary method assignment). Method=gaussian_process. "
2018-10-06,9.043083333333334,True,9.043083333333334,True,,9.043083333333334,False,,,,,,,,,False,
2018-10-07,11.47475,True,11.47475,True,,11.47475,False,,,,,,,,,False,
2018-10-08,10.466083333333334,True,10.466083333333334,True,,10.466083333333334,False,,,,,,,,,False,
2018-10-09,6.849749999999999,True,6.849749999999999,True,,6.849749999999999,False,,,,,,,,,False,
2018-10-10,6.691333333333333,True,6.691333333333333,True,,6.691333333333333,False,,,,,,,,,False,
2018-10-11,8.854,False,8.854,False,7.262282099997664,7.262282099997664,True,REAL_L001_20181011,1.0,gaussian_process,,,4.725168669022771,11.16166321124236,standard_uncertainty,False,"Retrospective reconstruction (engineered hybrid pipeline, primary method assignment). Method=gaussian_process. "
2018-10-12,6.850833333333333,True,6.850833333333333,True,,6.850833333333333,False,,,,,,,,,False,
2018-10-13,4.682625000000001,True,4.682625000000001,True,,4.682625000000001,False,,,,,,,,,False,
2018-10-14,3.8995416666666665,True,3.8995416666666665,True,,3.8995416666666665,False,,,,,,,,,False,
2018-10-15,4.667958333333334,True,4.667958333333334,True,,4.667958333333334,False,,,,,,,,,False,
2018-10-16,8.181458333333333,True,8.181458333333333,True,,8.181458333333333,False,,,,,,,,,False,
2018-10-17,7.306083333333333,True,7.306083333333333,True,,7.306083333333333,False,,,,,,,,,False,
2018-10-18,7.927583333333334,True,7.927583333333334,True,,7.927583333333334,False,,,,,,,,,False,
2018-10-19,4.037333333333334,True,4.037333333333334,True,,4.037333333333334,False,,,,,,,,,False,
2018-10-20,2.4892083333333335,True,2.4892083333333335,True,,2.4892083333333335,False,,,,,,,,,False,
2018-10-21,2.345833333333333,True,2.345833333333333,True,,2.345833333333333,False,,,,,,,,,False,
2018-10-22,4.587238095238095,True,4.587238095238095,True,,4.587238095238095,False,,,,,,,,,False,
2018-10-23,,False,,False,8.99422044128626,8.99422044128626,True,REAL_L001_20181023,1.0,gaussian_process,,,5.900910240816078,13.709071659301149,standard_uncertainty,False,"Retrospective reconstruction (engineered hybrid pipeline, primary method assignment). Method=gaussian_process. "
2018-10-24,13.697958333333332,True,13.697958333333332,True,,13.697958333333332,False,,,,,,,,,False,
2018-10-25,13.705666666666666,True,13.705666666666666,True,,13.705666666666666,False,,,,,,,,,False,
2018-10-26,12.427541666666665,True,12.427541666666665,True,,12.427541666666665,False,,,,,,,,,False,
2018-10-27,11.729625,True,11.729625,True,,11.729625,False,,,,,,,,,False,
2018-10-28,12.142,True,12.142,True,,12.142,False,,,,,,,,,False,
2018-10-29,11.492791666666667,True,11.492791666666667,True,,11.492791666666667,False,,,,,,,,,False,
2018-10-30,10.328708333333331,True,10.328708333333331,True,,10.328708333333331,False,,,,,,,,,False,
2018-10-31,7.567125,True,7.567125,True,,7.567125,False,,,,,,,,,False,
2018-11-01,7.872624999999999,True,7.872624999999999,True,,7.872624999999999,False,,,,,,,,,False,
2018-11-02,7.64825,True,7.64825,True,,7.64825,False,,,,,,,,,False,
2018-11-03,5.032916666666667,True,5.032916666666667,True,,5.032916666666667,False,,,,,,,,,False,
2018-11-04,2.8064583333333335,True,2.8064583333333335,True,,2.8064583333333335,False,,,,,,,,,False,
2018-11-05,4.245458333333334,True,4.245458333333334,True,,4.245458333333334,False,,,,,,,,,False,
2018-11-06,2.513916666666667,True,2.513916666666667,True,,2.513916666666667,False,,,,,,,,,False,
2018-11-07,1.352125,True,1.352125,True,,1.352125,False,,,,,,,,,False,
2018-11-08,1.5055238095238093,True,1.5055238095238093,True,,1.5055238095238093,False,,,,,,,,,False,
2018-11-09,1.8877916666666668,True,1.8877916666666668,True,,1.8877916666666668,False,,,,,,,,,False,
2018-11-10,2.7765416666666667,True,2.7765416666666667,True,,2.7765416666666667,False,,,,,,,,,False,
2018-11-11,4.038958333333333,True,4.038958333333333,True,,4.038958333333333,False,,,,,,,,,False,
2018-11-12,4.7908333333333335,True,4.7908333333333335,True,,4.7908333333333335,False,,,,,,,,,False,
2018-11-13,3.91225,True,3.91225,True,,3.91225,False,,,,,,,,,False,
2018-11-14,2.28425,True,2.28425,True,,2.28425,False,,,,,,,,,False,
2018-11-15,1.7561250000000002,True,1.7561250000000002,True,,1.7561250000000002,False,,,,,,,,,False,
2018-11-16,1.4750000000000003,True,1.4750000000000003,True,,1.4750000000000003,False,,,,,,,,,False,
2018-11-17,1.5818333333333332,True,1.5818333333333332,True,,1.5818333333333332,False,,,,,,,,,False,
2018-11-18,0.980375,True,0.980375,True,,0.980375,False,,,,,,,,,False,
2018-11-19,0.9788333333333332,True,0.9788333333333332,True,,0.9788333333333332,False,,,,,,,,,False,
2018-11-20,1.1442916666666667,True,1.1442916666666667,True,,1.1442916666666667,False,,,,,,,,,False,
2018-11-21,1.529583333333333,True,1.529583333333333,True,,1.529583333333333,False,,,,,,,,,False,
2018-11-22,1.816875,True,1.816875,True,,1.816875,False,,,,,,,,,False,
2018-11-23,2.6412916666666666,True,2.6412916666666666,True,,2.6412916666666666,False,,,,,,,,,False,
2018-11-24,4.238625,True,4.238625,True,,4.238625,False,,,,,,,,,False,
2018-11-25,3.3527916666666666,True,3.3527916666666666,True,,3.3527916666666666,False,,,,,,,,,False,
2018-11-26,2.691125,True,2.691125,True,,2.691125,False,,,,,,,,,False,
2018-11-27,4.403208333333333,True,4.403208333333333,True,,4.403208333333333,False,,,,,,,,,False,
2018-11-28,7.891208333333334,True,7.891208333333334,True,,7.891208333333334,False,,,,,,,,,False,
2018-11-29,5.871875,True,5.871875,True,,5.871875,False,,,,,,,,,False,
2018-11-30,6.555499999999999,True,6.555499999999999,True,,6.555499999999999,False,,,,,,,,,False,
2018-12-01,12.604708333333337,True,12.604708333333337,True,,12.604708333333337,False,,,,,,,,,False,
2018-12-02,12.761208333333334,True,12.761208333333334,True,,12.761208333333334,False,,,,,,,,,False,
2018-12-03,7.322375000000001,True,7.322375000000001,True,,7.322375000000001,False,,,,,,,,,False,
2018-12-04,5.535791666666667,True,5.535791666666667,True,,5.535791666666667,False,,,,,,,,,False,
2018-12-05,5.813333333333333,True,5.813333333333333,True,,5.813333333333333,False,,,,,,,,,False,
2018-12-06,5.271833333333333,True,5.271833333333333,True,,5.271833333333333,False,,,,,,,,,False,
2018-12-07,4.517041666666667,True,4.517041666666667,True,,4.517041666666667,False,,,,,,,,,False,
2018-12-08,5.695166666666666,True,5.695166666666666,True,,5.695166666666666,False,,,,,,,,,False,
2018-12-09,6.778333333333333,True,6.778333333333333,True,,6.778333333333333,False,,,,,,,,,False,
2018-12-10,5.4891250000000005,True,5.4891250000000005,True,,5.4891250000000005,False,,,,,,,,,False,
2018-12-11,2.6843333333333335,True,2.6843333333333335,True,,2.6843333333333335,False,,,,,,,,,False,
2018-12-12,4.75175,True,4.75175,True,,4.75175,False,,,,,,,,,False,
2018-12-13,2.17125,True,2.17125,True,,2.17125,False,,,,,,,,,False,
2018-12-14,5.247625,True,5.247625,True,,5.247625,False,,,,,,,,,False,
2018-12-15,4.304625,True,4.304625,True,,4.304625,False,,,,,,,,,False,
2018-12-16,7.712916666666666,True,7.712916666666666,True,,7.712916666666666,False,,,,,,,,,False,
2018-12-17,13.348833333333332,True,13.348833333333332,True,,13.348833333333332,False,,,,,,,,,False,
2018-12-18,14.11608333333333,True,14.11608333333333,True,,14.11608333333333,False,,,,,,,,,False,
2018-12-19,12.6235,True,12.6235,True,,12.6235,False,,,,,,,,,False,
2018-12-20,11.672958333333334,True,11.672958333333334,True,,11.672958333333334,False,,,,,,,,,False,
2018-12-21,3.665333333333333,True,3.665333333333333,True,,3.665333333333333,False,,,,,,,,,False,
2018-12-22,2.3846666666666665,True,2.3846666666666665,True,,2.3846666666666665,False,,,,,,,,,False,
2018-12-23,2.589625,True,2.589625,True,,2.589625,False,,,,,,,,,False,
2018-12-24,2.9355,True,2.9355,True,,2.9355,False,,,,,,,,,False,
2018-12-25,1.2432916666666665,True,1.2432916666666665,True,,1.2432916666666665,False,,,,,,,,,False,
2018-12-26,0.6357916666666666,True,0.6357916666666666,True,,0.6357916666666666,False,,,,,,,,,False,
2018-12-27,0.6518333333333334,True,0.6518333333333334,True,,0.6518333333333334,False,,,,,,,,,False,
2018-12-28,0.6320416666666667,True,0.6320416666666667,True,,0.6320416666666667,False,,,,,,,,,False,
2018-12-29,0.5723333333333332,True,0.5723333333333332,True,,0.5723333333333332,False,,,,,,,,,False,
2018-12-30,0.7367916666666666,True,0.7367916666666666,True,,0.7367916666666666,False,,,,,,,,,False,
2018-12-31,1.3891666666666669,True,1.3891666666666669,True,,1.3891666666666669,False,,,,,,,,,False,
2019-01-01,3.394916666666667,True,3.394916666666667,True,,3.394916666666667,False,,,,,,,,,False,
2019-01-02,4.225791666666667,True,4.225791666666667,True,,4.225791666666667,False,,,,,,,,,False,
2019-01-03,4.054791666666667,True,4.054791666666667,True,,4.054791666666667,False,,,,,,,,,False,
2019-01-04,5.175791666666666,True,5.175791666666666,True,,5.175791666666666,False,,,,,,,,,False,
2019-01-05,5.9264166666666656,True,5.9264166666666656,True,,5.9264166666666656,False,,,,,,,,,False,
2019-01-06,8.246708333333332,True,8.246708333333332,True,,8.246708333333332,False,,,,,,,,,False,
2019-01-07,8.877208333333334,True,8.877208333333334,True,,8.877208333333334,False,,,,,,,,,False,
2019-01-08,8.861208333333332,True,8.861208333333332,True,,8.861208333333332,False,,,,,,,,,False,
2019-01-09,4.202,False,4.202,False,5.121981303799613,5.121981303799613,True,REAL_L001_20190109,1.0,gaussian_process,,,3.3967711609137643,7.723420634970123,standard_uncertainty,False,"Retrospective reconstruction (engineered hybrid pipeline, primary method assignment). Method=gaussian_process. "
2019-01-10,3.669333333333333,True,3.669333333333333,True,,3.669333333333333,False,,,,,,,,,False,
2019-01-11,9.174958333333334,True,9.174958333333334,True,,9.174958333333334,False,,,,,,,,,False,
2019-01-12,24.294416666666667,True,24.294416666666667,True,,24.294416666666667,False,,,,,,,,,False,
2019-01-13,33.632416666666664,True,33.632416666666664,True,,33.632416666666664,False,,,,,,,,,False,
2019-01-14,42.78679166666666,True,42.78679166666666,True,,42.78679166666666,False,,,,,,,,,False,
2019-01-15,39.608333333333334,True,39.608333333333334,True,,39.608333333333334,False,,,,,,,,,False,
2019-01-16,28.33575,True,28.33575,True,,28.33575,False,,,,,,,,,False,
2019-01-17,19.500291666666666,True,19.500291666666666,True,,19.500291666666666,False,,,,,,,,,False,
2019-01-18,26.01225,True,26.01225,True,,26.01225,False,,,,,,,,,False,
2019-01-19,43.111541666666675,True,43.111541666666675,True,,43.111541666666675,False,,,,,,,,,False,
2019-01-20,41.217,True,41.217,True,,41.217,False,,,,,,,,,False,
2019-01-21,39.576208333333334,True,39.576208333333334,True,,39.576208333333334,False,,,,,,,,,False,
2019-01-22,26.304333333333336,True,26.304333333333336,True,,26.304333333333336,False,,,,,,,,,False,
2019-01-23,24.605499999999996,True,24.605499999999996,True,,24.605499999999996,False,,,,,,,,,False,
2019-01-24,24.142583333333334,True,24.142583333333334,True,,24.142583333333334,False,,,,,,,,,False,
2019-01-25,22.81325,True,22.81325,True,,22.81325,False,,,,,,,,,False,
2019-01-26,17.2565,True,17.2565,True,,17.2565,False,,,,,,,,,False,
2019-01-27,13.60945833333333,True,13.60945833333333,True,,13.60945833333333,False,,,,,,,,,False,
2019-01-28,17.0855,True,17.0855,True,,17.0855,False,,,,,,,,,False,
2019-01-29,19.541291666666663,True,19.541291666666663,True,,19.541291666666663,False,,,,,,,,,False,
2019-01-30,25.077291666666667,True,25.077291666666667,True,,25.077291666666667,False,,,,,,,,,False,
2019-01-31,29.61883333333333,True,29.61883333333333,True,,29.61883333333333,False,,,,,,,,,False,
2019-02-01,25.3875,True,25.3875,True,,25.3875,False,,,,,,,,,False,
2019-02-02,0.4891904761904763,True,0.4891904761904763,True,,0.4891904761904763,False,,,,,,,,,False,
2019-02-03,0.5654166666666667,True,0.5654166666666667,True,,0.5654166666666667,False,,,,,,,,,False,
2019-02-04,0.499875,True,0.499875,True,,0.499875,False,,,,,,,,,False,
2019-02-05,0.5198333333333333,True,0.5198333333333333,True,,0.5198333333333333,False,,,,,,,,,False,
2019-02-06,17.973791666666667,True,17.973791666666667,True,,17.973791666666667,False,,,,,,,,,False,
2019-02-07,20.74591666666667,True,20.74591666666667,True,,20.74591666666667,False,,,,,,,,,False,
2019-02-08,11.421166666666666,True,11.421166666666666,True,,11.421166666666666,False,,,,,,,,,False,
2019-02-09,16.688333333333333,True,16.688333333333333,True,,16.688333333333333,False,,,,,,,,,False,
2019-02-10,18.756874999999997,True,18.756874999999997,True,,18.756874999999997,False,,,,,,,,,False,
2019-02-11,16.651,True,16.651,True,,16.651,False,,,,,,,,,False,
2019-02-12,11.532125,True,11.532125,True,,11.532125,False,,,,,,,,,False,
2019-02-13,16.434875,True,16.434875,True,,16.434875,False,,,,,,,,,False,
2019-02-14,9.548625,True,9.548625,True,,9.548625,False,,,,,,,,,False,
2019-02-15,13.997708333333335,True,13.997708333333335,True,,13.997708333333335,False,,,,,,,,,False,
2019-02-16,13.5625,True,13.5625,True,,13.5625,False,,,,,,,,,False,
2019-02-17,12.087041666666666,True,12.087041666666666,True,,12.087041666666666,False,,,,,,,,,False,
2019-02-18,12.462125,True,12.462125,True,,12.462125,False,,,,,,,,,False,
2019-02-19,10.856291666666666,True,10.856291666666666,True,,10.856291666666666,False,,,,,,,,,False,
2019-02-20,6.807750000000001,True,6.807750000000001,True,,6.807750000000001,False,,,,,,,,,False,
2019-02-21,6.451374999999999,True,6.451374999999999,True,,6.451374999999999,False,,,,,,,,,False,
2019-02-22,6.594916666666667,True,6.594916666666667,True,,6.594916666666667,False,,,,,,,,,False,
2019-02-23,5.337041666666667,True,5.337041666666667,True,,5.337041666666667,False,,,,,,,,,False,
2019-02-24,7.784583333333334,True,7.784583333333334,True,,7.784583333333334,False,,,,,,,,,False,
2019-02-25,19.370875,True,19.370875,True,,19.370875,False,,,,,,,,,False,
2019-02-26,15.695454545454544,False,15.695454545454544,False,19.03859528076508,19.03859528076508,True,REAL_L001_20190226,3.0,gaussian_process,,,5.672655903281843,63.89742590504549,standard_uncertainty,False,"Retrospective reconstruction (engineered hybrid pipeline, primary method assignment). Method=gaussian_process. "
2019-02-27,,False,,False,12.588871901988291,12.588871901988291,True,REAL_L001_20190226,3.0,gaussian_process,,,2.631390087379633,60.22660666115308,standard_uncertainty,False,"Retrospective reconstruction (engineered hybrid pipeline, primary method assignment). Method=gaussian_process. "
2019-02-28,,False,,False,8.450767885939694,8.450767885939694,True,REAL_L001_20190226,3.0,gaussian_process,,,2.714611233219493,26.307810484277645,standard_uncertainty,False,"Retrospective reconstruction (engineered hybrid pipeline, primary method assignment). Method=gaussian_process. "
2019-03-01,6.637541666666667,True,6.637541666666667,True,,6.637541666666667,False,,,,,,,,,False,
2019-03-02,6.335291666666667,True,6.335291666666667,True,,6.335291666666667,False,,,,,,,,,False,
2019-03-03,4.717875,True,4.717875,True,,4.717875,False,,,,,,,,,False,
2019-03-04,2.914541666666667,True,2.914541666666667,True,,2.914541666666667,False,,,,,,,,,False,
2019-03-05,3.225,True,3.225,True,,3.225,False,,,,,,,,,False,
2019-03-06,6.329208333333334,True,6.329208333333334,True,,6.329208333333334,False,,,,,,,,,False,
2019-03-07,6.014750000000001,True,6.014750000000001,True,,6.014750000000001,False,,,,,,,,,False,
2019-03-08,4.481166666666667,False,4.481166666666667,False,5.823314850964153,5.823314850964153,True,REAL_L031_20190308,48.0,gap_edge_residual_model,,,1.5522831284275709,21.845883159092732,moderate_uncertainty_long_gap,False,"Retrospective reconstruction (engineered hybrid pipeline, primary method assignment). Method=gap_edge_residual_model. "
2019-03-09,,False,,False,5.402312616372185,5.402312616372185,True,REAL_L031_20190308,48.0,gap_edge_residual_model,,,1.4273409489896431,20.44709893993649,moderate_uncertainty_long_gap,False,"Retrospective reconstruction (engineered hybrid pipeline, primary method assignment). Method=gap_edge_residual_model. "
2019-03-10,,False,,False,5.536782761077703,5.536782761077703,True,REAL_L031_20190308,48.0,gap_edge_residual_model,,,1.447562727790534,21.177640702422966,moderate_uncertainty_long_gap,False,"Retrospective reconstruction (engineered hybrid pipeline, primary method assignment). Method=gap_edge_residual_model. "
2019-03-11,,False,,False,5.760255283030277,5.760255283030277,True,REAL_L031_20190308,48.0,gap_edge_residual_model,,,1.5377487442211617,21.57734873812789,moderate_uncertainty_long_gap,False,"Retrospective reconstruction (engineered hybrid pipeline, primary method assignment). Method=gap_edge_residual_model. "
2019-03-12,,False,,False,5.523434763447158,5.523434763447158,True,REAL_L031_20190308,48.0,gap_edge_residual_model,,,1.4453053001077782,21.108572412888485,moderate_uncertainty_long_gap,False,"Retrospective reconstruction (engineered hybrid pipeline, primary method assignment). Method=gap_edge_residual_model. "
2019-03-13,,False,,False,5.285399209797966,5.285399209797966,True,REAL_L031_20190308,48.0,gap_edge_residual_model,,,1.4243947803576655,19.61215050220724,moderate_uncertainty_long_gap,False,"Retrospective reconstruction (engineered hybrid pipeline, primary method assignment). Method=gap_edge_residual_model. "
2019-03-14,,False,,False,5.317869047254206,5.317869047254206,True,REAL_L031_20190308,48.0,gap_edge_residual_model,,,1.3893117808841071,20.355208667235352,moderate_uncertainty_long_gap,False,"Retrospective reconstruction (engineered hybrid pipeline, primary method assignment). Method=gap_edge_residual_model. "
2019-03-15,,False,,False,5.122302800201319,5.122302800201319,True,REAL_L031_20190308,48.0,gap_edge_residual_model,,,1.2509749971157589,20.974029087267475,moderate_uncertainty_long_gap,False,"Retrospective reconstruction (engineered hybrid pipeline, primary method assignment). Method=gap_edge_residual_model. "
2019-03-16,,False,,False,4.900888351161715,4.900888351161715,True,REAL_L031_20190308,48.0,gap_edge_residual_model,,,1.2482643620593703,19.241682579903863,moderate_uncertainty_long_gap,False,"Retrospective reconstruction (engineered hybrid pipeline, primary method assignment). Method=gap_edge_residual_model. "
2019-03-17,,False,,False,5.018026879859542,5.018026879859542,True,REAL_L031_20190308,48.0,gap_edge_residual_model,,,1.39408219157225,18.06248865326523,moderate_uncertainty_long_gap,False,"Retrospective reconstruction (engineered hybrid pipeline, primary method assignment). Method=gap_edge_residual_model. "
2019-03-18,,False,,False,4.997500235815179,4.997500235815179,True,REAL_L031_20190308,48.0,gap_edge_residual_model,,,1.3777443926367483,18.12746162528393,moderate_uncertainty_long_gap,False,"Retrospective reconstruction (engineered hybrid pipeline, primary method assignment). Method=gap_edge_residual_model. "
2019-03-19,,False,,False,4.989165504173732,4.989165504173732,True,REAL_L031_20190308,48.0,gap_edge_residual_model,,,1.4746030853818162,16.88032032131002,moderate_uncertainty_long_gap,False,"Retrospective reconstruction (engineered hybrid pipeline, primary method assignment). Method=gap_edge_residual_model. "
2019-03-20,,False,,False,5.070295369507123,5.070295369507123,True,REAL_L031_20190308,48.0,gap_edge_residual_model,,,1.4601011027153286,17.60692809986704,moderate_uncertainty_long_gap,False,"Retrospective reconstruction (engineered hybrid pipeline, primary method assignment). Method=gap_edge_residual_model. "
2019-03-21,,False,,False,5.280230819148073,5.280230819148073,True,REAL_L031_20190308,48.0,gap_edge_residual_model,,,1.3849436667748287,20.131387414773553,moderate_uncertainty_long_gap,False,"Retrospective reconstruction (engineered hybrid pipeline, primary method assignment). Method=gap_edge_residual_model. "
2019-03-22,,False,,False,5.3611035626448444,5.3611035626448444,True,REAL_L031_20190308,48.0,gap_edge_residual_model,,,1.419450038851561,20.248286746786217,moderate_uncertainty_long_gap,False,"Retrospective reconstruction (engineered hybrid pipeline, primary method assignment). Method=gap_edge_residual_model. "
2019-03-23,,False,,False,5.300756660179295,5.300756660179295,True,REAL_L031_20190308,48.0,gap_edge_residual_model,,,1.4058351853310986,19.986710720871297,moderate_uncertainty_long_gap,False,"Retrospective reconstruction (engineered hybrid pipeline, primary method assignment). Method=gap_edge_residual_model. "
2019-03-24,,False,,False,5.0420606759534605,5.0420606759534605,True,REAL_L031_20190308,48.0,gap_edge_residual_model,,,1.4054960989858527,18.08783096469638,moderate_uncertainty_long_gap,False,"Retrospective reconstruction (engineered hybrid pipeline, primary method assignment). Method=gap_edge_residual_model. "
2019-03-25,,False,,False,5.004975252822146,5.004975252822146,True,REAL_L031_20190308,48.0,gap_edge_residual_model,,,1.3485159671029976,18.575810663314783,moderate_uncertainty_long_gap,False,"Retrospective reconstruction (engineered hybrid pipeline, primary method assignment). Method=gap_edge_residual_model. "
2019-03-26,,False,,False,4.618024772076012,4.618024772076012,True,REAL_L031_20190308,48.0,gap_edge_residual_model,,,1.220060247436509,17.47958991395422,moderate_uncertainty_long_gap,False,"Retrospective reconstruction (engineered hybrid pipeline, primary method assignment). Method=gap_edge_residual_model. "
2019-03-27,,False,,False,4.6271460719981405,4.6271460719981405,True,REAL_L031_20190308,48.0,gap_edge_residual_model,,,1.2274912840406014,17.442470712402745,moderate_uncertainty_long_gap,False,"Retrospective reconstruction (engineered hybrid pipeline, primary method assignment). Method=gap_edge_residual_model. "
2019-03-28,,False,,False,4.587078184467261,4.587078184467261,True,REAL_L031_20190308,48.0,gap_edge_residual_model,,,1.232499328312493,17.072046845838578,moderate_uncertainty_long_gap,False,"Retrospective reconstruction (engineered hybrid pipeline, primary method assignment). Method=gap_edge_residual_model. "
2019-03-29,,False,,False,4.503793438025229,4.503793438025229,True,REAL_L031_20190308,48.0,gap_edge_residual_model,,,1.1355885982090954,17.86223933948322,moderate_uncertainty_long_gap,False,"Retrospective reconstruction (engineered hybrid pipeline, primary method assignment). Method=gap_edge_residual_model. "
2019-03-30,,False,,False,4.161003223498759,4.161003223498759,True,REAL_L031_20190308,48.0,gap_edge_residual_model,,,1.170384651543228,14.793382503040776,moderate_uncertainty_long_gap,False,"Retrospective reconstruction (engineered hybrid pipeline, primary method assignment). Method=gap_edge_residual_model. "
2019-03-31,,False,,False,4.221475427143164,4.221475427143164,True,REAL_L031_20190308,48.0,gap_edge_residual_model,,,1.194435346761134,14.919899038735842,moderate_uncertainty_long_gap,False,"Retrospective reconstruction (engineered hybrid pipeline, primary method assignment). Method=gap_edge_residual_model. "
2019-04-01,,False,,False,4.0141163729926355,4.0141163729926355,True,REAL_L031_20190308,48.0,gap_edge_residual_model,,,1.0727384236968611,15.020558507076345,moderate_uncertainty_long_gap,False,"Retrospective reconstruction (engineered hybrid pipeline, primary method assignment). Method=gap_edge_residual_model. "
2019-04-02,,False,,False,3.817765141684494,3.817765141684494,True,REAL_L031_20190308,48.0,gap_edge_residual_model,,,0.9742983234339104,14.959823214814255,moderate_uncertainty_long_gap,False,"Retrospective reconstruction (engineered hybrid pipeline, primary method assignment). Method=gap_edge_residual_model. "
2019-04-03,,False,,False,3.8510514702893057,3.8510514702893057,True,REAL_L031_20190308,48.0,gap_edge_residual_model,,,1.0621606876963643,13.96266835951378,moderate_uncertainty_long_gap,False,"Retrospective reconstruction (engineered hybrid pipeline, primary method assignment). Method=gap_edge_residual_model. "
2019-04-04,,False,,False,3.484428929830466,3.484428929830466,True,REAL_L031_20190308,48.0,gap_edge_residual_model,,,0.917632699423176,13.231050914675857,moderate_uncertainty_long_gap,False,"Retrospective reconstruction (engineered hybrid pipeline, primary method assignment). Method=gap_edge_residual_model. "
2019-04-05,,False,,False,3.4231197040988497,3.4231197040988497,True,REAL_L031_20190308,48.0,gap_edge_residual_model,,,1.0055208238443405,11.65341207334733,moderate_uncertainty_long_gap,False,"Retrospective reconstruction (engineered hybrid pipeline, primary method assignment). Method=gap_edge_residual_model. "
2019-04-06,,False,,False,3.0438017403990507,3.0438017403990507,True,REAL_L031_20190308,48.0,gap_edge_residual_model,,,0.8597560691807785,10.77599724731716,moderate_uncertainty_long_gap,False,"Retrospective reconstruction (engineered hybrid pipeline, primary method assignment). Method=gap_edge_residual_model. "
2019-04-07,,False,,False,2.8251483770940258,2.8251483770940258,True,REAL_L031_20190308,48.0,gap_edge_residual_model,,,0.772526130904695,10.331641912552556,moderate_uncertainty_long_gap,False,"Retrospective reconstruction (engineered hybrid pipeline, primary method assignment). Method=gap_edge_residual_model. "
2019-04-08,,False,,False,2.849821931317954,2.849821931317954,True,REAL_L031_20190308,48.0,gap_edge_residual_model,,,0.8455505727576673,9.604966635802146,moderate_uncertainty_long_gap,False,"Retrospective reconstruction (engineered hybrid pipeline, primary method assignment). Method=gap_edge_residual_model. "
2019-04-09,,False,,False,2.626301324184392,2.626301324184392,True,REAL_L031_20190308,48.0,gap_edge_residual_model,,,0.810907438552793,8.505851984441554,moderate_uncertainty_long_gap,False,"Retrospective reconstruction (engineered hybrid pipeline, primary method assignment). Method=gap_edge_residual_model. "
2019-04-10,,False,,False,2.2487659370370685,2.2487659370370685,True,REAL_L031_20190308,48.0,gap_edge_residual_model,,,0.7107678197032176,7.114768141430128,moderate_uncertainty_long_gap,False,"Retrospective reconstruction (engineered hybrid pipeline, primary method assignment). Method=gap_edge_residual_model. "
2019-04-11,,False,,False,2.033005262435247,2.033005262435247,True,REAL_L031_20190308,48.0,gap_edge_residual_model,,,0.6388462885335545,6.46964766215797,moderate_uncertainty_long_gap,False,"Retrospective reconstruction (engineered hybrid pipeline, primary method assignment). Method=gap_edge_residual_model. "
2019-04-12,,False,,False,2.136804453291587,2.136804453291587,True,REAL_L031_20190308,48.0,gap_edge_residual_model,,,0.6947831742268932,6.571738408442912,moderate_uncertainty_long_gap,False,"Retrospective reconstruction (engineered hybrid pipeline, primary method assignment). Method=gap_edge_residual_model. "
2019-04-13,,False,,False,2.088390220377777,2.088390220377777,True,REAL_L031_20190308,48.0,gap_edge_residual_model,,,0.6523903891815587,6.6852206667866465,moderate_uncertainty_long_gap,False,"Retrospective reconstruction (engineered hybrid pipeline, primary method assignment). Method=gap_edge_residual_model. "
2019-04-14,,False,,False,1.895720687046292,1.895720687046292,True,REAL_L031_20190308,48.0,gap_edge_residual_model,,,0.5587544097483218,6.43172896821341,moderate_uncertainty_long_gap,False,"Retrospective reconstruction (engineered hybrid pipeline, primary method assignment). Method=gap_edge_residual_model. "
2019-04-15,,False,,False,1.8056095767609988,1.8056095767609988,True,REAL_L031_20190308,48.0,gap_edge_residual_model,,,0.5578667843280846,5.844094029756172,moderate_uncertainty_long_gap,False,"Retrospective reconstruction (engineered hybrid pipeline, primary method assignment). Method=gap_edge_residual_model. "
2019-04-16,,False,,False,1.8729773274941837,1.8729773274941837,True,REAL_L031_20190308,48.0,gap_edge_residual_model,,,0.5650532937231024,6.2083419533633055,moderate_uncertainty_long_gap,False,"Retrospective reconstruction (engineered hybrid pipeline, primary method assignment). Method=gap_edge_residual_model. "
2019-04-17,,False,,False,1.867414928735156,1.867414928735156,True,REAL_L031_20190308,48.0,gap_edge_residual_model,,,0.6187675451849469,5.635781228669011,moderate_uncertainty_long_gap,False,"Retrospective reconstruction (engineered hybrid pipeline, primary method assignment). Method=gap_edge_residual_model. "
2019-04-18,,False,,False,1.8455249735314876,1.8455249735314876,True,REAL_L031_20190308,48.0,gap_edge_residual_model,,,0.6032066493866105,5.6464271927238485,moderate_uncertainty_long_gap,False,"Retrospective reconstruction (engineered hybrid pipeline, primary method assignment). Method=gap_edge_residual_model. "
2019-04-19,,False,,False,1.6837139420952567,1.6837139420952567,True,REAL_L031_20190308,48.0,gap_edge_residual_model,,,0.5095383353424098,5.563649370760103,moderate_uncertainty_long_gap,False,"Retrospective reconstruction (engineered hybrid pipeline, primary method assignment). Method=gap_edge_residual_model. "
2019-04-20,,False,,False,1.6280175991637107,1.6280175991637107,True,REAL_L031_20190308,48.0,gap_edge_residual_model,,,0.4848813229649653,5.4661649720384835,moderate_uncertainty_long_gap,False,"Retrospective reconstruction (engineered hybrid pipeline, primary method assignment). Method=gap_edge_residual_model. "
2019-04-21,,False,,False,1.6299107972945568,1.6299107972945568,True,REAL_L031_20190308,48.0,gap_edge_residual_model,,,0.5010540135330018,5.302041567146135,moderate_uncertainty_long_gap,False,"Retrospective reconstruction (engineered hybrid pipeline, primary method assignment). Method=gap_edge_residual_model. "
2019-04-22,,False,,False,1.4586684485543515,1.4586684485543515,True,REAL_L031_20190308,48.0,gap_edge_residual_model,,,0.4455526273162052,4.775448538199141,moderate_uncertainty_long_gap,False,"Retrospective reconstruction (engineered hybrid pipeline, primary method assignment). Method=gap_edge_residual_model. "
2019-04-23,,False,,False,1.3077522003572342,1.3077522003572342,True,REAL_L031_20190308,48.0,gap_edge_residual_model,,,0.4248574358433441,4.025387514153779,moderate_uncertainty_long_gap,False,"Retrospective reconstruction (engineered hybrid pipeline, primary method assignment). Method=gap_edge_residual_model. "
2019-04-24,1.1594166666666668,False,1.1594166666666668,False,1.1268152414040546,1.1268152414040546,True,REAL_L031_20190308,48.0,gap_edge_residual_model,,,0.3619608227502329,3.5078729753485764,moderate_uncertainty_long_gap,False,"Retrospective reconstruction (engineered hybrid pipeline, primary method assignment). Method=gap_edge_residual_model. "
2019-04-25,0.9920416666666668,True,0.9920416666666668,True,,0.9920416666666668,False,,,,,,,,,False,
2019-04-26,1.0204166666666663,True,1.0204166666666663,True,,1.0204166666666663,False,,,,,,,,,False,
2019-04-27,1.1849583333333331,True,1.1849583333333331,True,,1.1849583333333331,False,,,,,,,,,False,
2019-04-28,0.9497083333333332,True,0.9497083333333332,True,,0.9497083333333332,False,,,,,,,,,False,
2019-04-29,0.982,False,0.982,False,0.972728084821304,0.972728084821304,True,REAL_L010_20190429,9.0,state_space_kalman,,,0.4118398794717791,2.2974946676210837,standard_uncertainty,False,"Retrospective reconstruction (engineered hybrid pipeline, primary method assignment). Method=state_space_kalman. "
2019-04-30,,False,,False,0.9963058065196744,0.9963058065196744,True,REAL_L010_20190429,9.0,state_space_kalman,,,0.3167441375070065,3.1338394071551248,standard_uncertainty,False,"Retrospective reconstruction (engineered hybrid pipeline, primary method assignment). Method=state_space_kalman. "
2019-05-01,,False,,False,1.0204550229339475,1.0204550229339475,True,REAL_L010_20190429,9.0,state_space_kalman,,,0.2745523277425809,3.79282325665608,standard_uncertainty,False,"Retrospective reconstruction (engineered hybrid pipeline, primary method assignment). Method=state_space_kalman. "
2019-05-02,,False,,False,1.045189586386858,1.045189586386858,True,REAL_L010_20190429,9.0,state_space_kalman,,,0.2568378669473087,4.253349727887459,standard_uncertainty,False,"Retrospective reconstruction (engineered hybrid pipeline, primary method assignment). Method=state_space_kalman. "
2019-05-03,,False,,False,1.0705236849642534,1.0705236849642534,True,REAL_L010_20190429,9.0,state_space_kalman,,,0.2555590031267413,4.484369347383505,standard_uncertainty,False,"Retrospective reconstruction (engineered hybrid pipeline, primary method assignment). Method=state_space_kalman. "
2019-05-04,,False,,False,1.0964718506535762,1.0964718506535762,True,REAL_L010_20190429,9.0,state_space_kalman,,,0.2694396260329728,4.462040483713234,standard_uncertainty,False,"Retrospective reconstruction (engineered hybrid pipeline, primary method assignment). Method=state_space_kalman. "
2019-05-05,,False,,False,1.1230489676796116,1.1230489676796116,True,REAL_L010_20190429,9.0,state_space_kalman,,,0.3021551183694823,4.174144031093223,standard_uncertainty,False,"Retrospective reconstruction (engineered hybrid pipeline, primary method assignment). Method=state_space_kalman. "
2019-05-06,,False,,False,1.150270281042283,1.150270281042283,True,REAL_L010_20190429,9.0,state_space_kalman,,,0.3656923062020566,3.618128401963222,standard_uncertainty,False,"Retrospective reconstruction (engineered hybrid pipeline, primary method assignment). Method=state_space_kalman. "
2019-05-07,,False,,False,1.1781514052613942,1.1781514052613942,True,REAL_L010_20190429,9.0,state_space_kalman,,,0.4988133274999409,2.7826857407284535,standard_uncertainty,False,"Retrospective reconstruction (engineered hybrid pipeline, primary method assignment). Method=state_space_kalman. "
2019-05-08,1.2067083333333333,True,1.2067083333333333,True,,1.2067083333333333,False,,,,,,,,,False,
2019-05-09,1.4559166666666667,True,1.4559166666666667,True,,1.4559166666666667,False,,,,,,,,,False,
2019-05-10,1.48425,True,1.48425,True,,1.48425,False,,,,,,,,,False,
2019-05-11,2.00975,True,2.00975,True,,2.00975,False,,,,,,,,,False,
2019-05-12,2.1632916666666664,True,2.1632916666666664,True,,2.1632916666666664,False,,,,,,,,,False,
2019-05-13,2.9478333333333335,True,2.9478333333333335,True,,2.9478333333333335,False,,,,,,,,,False,
2019-05-14,2.788,False,2.788,False,2.5347978136203593,2.5347978136203593,True,REAL_L001_20190514,1.0,gaussian_process,,,1.8522830785224345,3.468800223052263,standard_uncertainty,False,"Retrospective reconstruction (engineered hybrid pipeline, primary method assignment). Method=gaussian_process. "
2019-05-15,2.015166666666667,True,2.015166666666667,True,,2.015166666666667,False,,,,,,,,,False,
2019-05-16,1.8038333333333336,True,1.8038333333333336,True,,1.8038333333333336,False,,,,,,,,,False,
2019-05-17,2.4581250000000003,True,2.4581250000000003,True,,2.4581250000000003,False,,,,,,,,,False,
2019-05-18,2.39675,True,2.39675,True,,2.39675,False,,,,,,,,,False,
2019-05-19,2.5205416666666665,True,2.5205416666666665,True,,2.5205416666666665,False,,,,,,,,,False,
2019-05-20,2.434041666666667,True,2.434041666666667,True,,2.434041666666667,False,,,,,,,,,False,
2019-05-21,2.339125,True,2.339125,True,,2.339125,False,,,,,,,,,False,
2019-05-22,3.810208333333333,True,3.810208333333333,True,,3.810208333333333,False,,,,,,,,,False,
2019-05-23,6.164124999999999,True,6.164124999999999,True,,6.164124999999999,False,,,,,,,,,False,
2019-05-24,4.663916666666666,True,4.663916666666666,True,,4.663916666666666,False,,,,,,,,,False,
2019-05-25,1.6842916666666667,True,1.6842916666666667,True,,1.6842916666666667,False,,,,,,,,,False,
2019-05-26,1.751125,True,1.751125,True,,1.751125,False,,,,,,,,,False,
2019-05-27,1.6676666666666666,True,1.6676666666666666,True,,1.6676666666666666,False,,,,,,,,,False,
2019-05-28,1.8592916666666668,True,1.8592916666666668,True,,1.8592916666666668,False,,,,,,,,,False,
2019-05-29,1.5534583333333334,True,1.5534583333333334,True,,1.5534583333333334,False,,,,,,,,,False,
2019-05-30,2.5013333333333336,True,2.5013333333333336,True,,2.5013333333333336,False,,,,,,,,,False,
2019-05-31,2.968958333333333,True,2.968958333333333,True,,2.968958333333333,False,,,,,,,,,False,
2019-06-01,2.4359583333333332,True,2.4359583333333332,True,,2.4359583333333332,False,,,,,,,,,False,
2019-06-02,1.6201249999999998,True,1.6201249999999998,True,,1.6201249999999998,False,,,,,,,,,False,
2019-06-03,1.2987083333333334,True,1.2987083333333334,True,,1.2987083333333334,False,,,,,,,,,False,
2019-06-04,1.5367500000000005,True,1.5367500000000005,True,,1.5367500000000005,False,,,,,,,,,False,
2019-06-05,1.472625,True,1.472625,True,,1.472625,False,,,,,,,,,False,
2019-06-06,1.4912083333333337,True,1.4912083333333337,True,,1.4912083333333337,False,,,,,,,,,False,
2019-06-07,1.26525,True,1.26525,True,,1.26525,False,,,,,,,,,False,
2019-06-08,1.1242916666666667,True,1.1242916666666667,True,,1.1242916666666667,False,,,,,,,,,False,
2019-06-09,1.3009583333333332,True,1.3009583333333332,True,,1.3009583333333332,False,,,,,,,,,False,
2019-06-10,1.452125,True,1.452125,True,,1.452125,False,,,,,,,,,False,
2019-06-11,1.7242916666666668,True,1.7242916666666668,True,,1.7242916666666668,False,,,,,,,,,False,
2019-06-12,1.2696666666666665,True,1.2696666666666665,True,,1.2696666666666665,False,,,,,,,,,False,
2019-06-13,0.9947083333333332,True,0.9947083333333332,True,,0.9947083333333332,False,,,,,,,,,False,
2019-06-14,0.9725833333333332,True,0.9725833333333332,True,,0.9725833333333332,False,,,,,,,,,False,
2019-06-15,1.17975,True,1.17975,True,,1.17975,False,,,,,,,,,False,
2019-06-16,1.74875,True,1.74875,True,,1.74875,False,,,,,,,,,False,
2019-06-17,1.6434583333333332,True,1.6434583333333332,True,,1.6434583333333332,False,,,,,,,,,False,
2019-06-18,1.496625,True,1.496625,True,,1.496625,False,,,,,,,,,False,
2019-06-19,1.796833333333333,True,1.796833333333333,True,,1.796833333333333,False,,,,,,,,,False,
2019-06-20,1.883375,True,1.883375,True,,1.883375,False,,,,,,,,,False,
2019-06-21,1.6478749999999998,True,1.6478749999999998,True,,1.6478749999999998,False,,,,,,,,,False,
2019-06-22,1.317208333333333,True,1.317208333333333,True,,1.317208333333333,False,,,,,,,,,False,
2019-06-23,1.5552916666666663,True,1.5552916666666663,True,,1.5552916666666663,False,,,,,,,,,False,
2019-06-24,1.7690833333333331,True,1.7690833333333331,True,,1.7690833333333331,False,,,,,,,,,False,
2019-06-25,1.3081666666666667,True,1.3081666666666667,True,,1.3081666666666667,False,,,,,,,,,False,
2019-06-26,1.233666666666667,True,1.233666666666667,True,,1.233666666666667,False,,,,,,,,,False,
2019-06-27,1.6425416666666666,True,1.6425416666666666,True,,1.6425416666666666,False,,,,,,,,,False,
2019-06-28,2.049375,True,2.049375,True,,2.049375,False,,,,,,,,,False,
2019-06-29,2.2488333333333332,True,2.2488333333333332,True,,2.2488333333333332,False,,,,,,,,,False,
2019-06-30,2.786958333333333,True,2.786958333333333,True,,2.786958333333333,False,,,,,,,,,False,
2019-07-01,2.687041666666667,True,2.687041666666667,True,,2.687041666666667,False,,,,,,,,,False,
2019-07-02,2.4414583333333333,True,2.4414583333333333,True,,2.4414583333333333,False,,,,,,,,,False,
2019-07-03,2.485958333333334,True,2.485958333333334,True,,2.485958333333334,False,,,,,,,,,False,
2019-07-04,2.44875,True,2.44875,True,,2.44875,False,,,,,,,,,False,
2019-07-05,2.2861249999999997,True,2.2861249999999997,True,,2.2861249999999997,False,,,,,,,,,False,
2019-07-06,2.153625,True,2.153625,True,,2.153625,False,,,,,,,,,False,
2019-07-07,2.064791666666667,True,2.064791666666667,True,,2.064791666666667,False,,,,,,,,,False,
2019-07-08,2.07625,True,2.07625,True,,2.07625,False,,,,,,,,,False,
2019-07-09,1.34475,True,1.34475,True,,1.34475,False,,,,,,,,,False,
2019-07-10,0.9839583333333334,True,0.9839583333333334,True,,0.9839583333333334,False,,,,,,,,,False,
2019-07-11,0.8827083333333334,True,0.8827083333333334,True,,0.8827083333333334,False,,,,,,,,,False,
2019-07-12,0.8959583333333333,True,0.8959583333333333,True,,0.8959583333333333,False,,,,,,,,,False,
2019-07-13,1.3070416666666664,True,1.3070416666666664,True,,1.3070416666666664,False,,,,,,,,,False,
2019-07-14,1.3345,True,1.3345,True,,1.3345,False,,,,,,,,,False,
2019-07-15,1.3822916666666665,True,1.3822916666666665,True,,1.3822916666666665,False,,,,,,,,,False,
2019-07-16,1.2877083333333337,True,1.2877083333333337,True,,1.2877083333333337,False,,,,,,,,,False,
2019-07-17,1.0740833333333333,True,1.0740833333333333,True,,1.0740833333333333,False,,,,,,,,,False,
2019-07-18,0.8631666666666667,True,0.8631666666666667,True,,0.8631666666666667,False,,,,,,,,,False,
2019-07-19,0.769625,True,0.769625,True,,0.769625,False,,,,,,,,,False,
2019-07-20,0.8192083333333332,True,0.8192083333333332,True,,0.8192083333333332,False,,,,,,,,,False,
2019-07-21,0.994125,True,0.994125,True,,0.994125,False,,,,,,,,,False,
2019-07-22,0.6562083333333333,True,0.6562083333333333,True,,0.6562083333333333,False,,,,,,,,,False,
2019-07-23,0.4637083333333334,True,0.4637083333333334,True,,0.4637083333333334,False,,,,,,,,,False,
2019-07-24,0.6609999999999999,True,0.6609999999999999,True,,0.6609999999999999,False,,,,,,,,,False,
2019-07-25,0.7903333333333333,True,0.7903333333333333,True,,0.7903333333333333,False,,,,,,,,,False,
2019-07-26,1.1508333333333334,True,1.1508333333333334,True,,1.1508333333333334,False,,,,,,,,,False,
2019-07-27,1.9249166666666664,True,1.9249166666666664,True,,1.9249166666666664,False,,,,,,,,,False,
2019-07-28,2.18,True,2.18,True,,2.18,False,,,,,,,,,False,
2019-07-29,2.1377083333333333,True,2.1377083333333333,True,,2.1377083333333333,False,,,,,,,,,False,
2019-07-30,2.2273333333333336,True,2.2273333333333336,True,,2.2273333333333336,False,,,,,,,,,False,
2019-07-31,1.6485000000000003,True,1.6485000000000003,True,,1.6485000000000003,False,,,,,,,,,False,
2019-08-01,1.1934166666666666,True,1.1934166666666666,True,,1.1934166666666666,False,,,,,,,,,False,
2019-08-02,0.953375,True,0.953375,True,,0.953375,False,,,,,,,,,False,
2019-08-03,1.06075,True,1.06075,True,,1.06075,False,,,,,,,,,False,
2019-08-04,1.1336666666666666,True,1.1336666666666666,True,,1.1336666666666666,False,,,,,,,,,False,
2019-08-05,0.9279166666666666,True,0.9279166666666666,True,,0.9279166666666666,False,,,,,,,,,False,
2019-08-06,1.109625,True,1.109625,True,,1.109625,False,,,,,,,,,False,
2019-08-07,1.9790833333333335,True,1.9790833333333335,True,,1.9790833333333335,False,,,,,,,,,False,
2019-08-08,1.505375,True,1.505375,True,,1.505375,False,,,,,,,,,False,
2019-08-09,1.5838333333333334,True,1.5838333333333334,True,,1.5838333333333334,False,,,,,,,,,False,
2019-08-10,1.7227083333333333,True,1.7227083333333333,True,,1.7227083333333333,False,,,,,,,,,False,
2019-08-11,3.5502916666666664,True,3.5502916666666664,True,,3.5502916666666664,False,,,,,,,,,False,
2019-08-12,5.1040833333333335,True,5.1040833333333335,True,,5.1040833333333335,False,,,,,,,,,False,
2019-08-13,7.798958333333332,True,7.798958333333332,True,,7.798958333333332,False,,,,,,,,,False,
2019-08-14,10.901291666666667,True,10.901291666666667,True,,10.901291666666667,False,,,,,,,,,False,
2019-08-15,9.856958333333331,True,9.856958333333331,True,,9.856958333333331,False,,,,,,,,,False,
2019-08-16,2.954416666666667,True,2.954416666666667,True,,2.954416666666667,False,,,,,,,,,False,
2019-08-17,2.8318333333333334,True,2.8318333333333334,True,,2.8318333333333334,False,,,,,,,,,False,
2019-08-18,3.158791666666667,True,3.158791666666667,True,,3.158791666666667,False,,,,,,,,,False,
2019-08-19,2.5239166666666666,True,2.5239166666666666,True,,2.5239166666666666,False,,,,,,,,,False,
2019-08-20,1.7696666666666665,True,1.7696666666666665,True,,1.7696666666666665,False,,,,,,,,,False,
2019-08-21,1.4934999999999998,True,1.4934999999999998,True,,1.4934999999999998,False,,,,,,,,,False,
2019-08-22,1.4001666666666666,True,1.4001666666666666,True,,1.4001666666666666,False,,,,,,,,,False,
2019-08-23,1.2191666666666665,True,1.2191666666666665,True,,1.2191666666666665,False,,,,,,,,,False,
2019-08-24,1.55275,False,1.55275,False,1.408189135975151,1.408189135975151,True,REAL_L031_20190824,54.0,gap_edge_residual_model,,,0.4452292298556159,4.453877934567574,moderate_uncertainty_long_gap,False,"Retrospective reconstruction (engineered hybrid pipeline, primary method assignment). Method=gap_edge_residual_model. "
2019-08-25,,False,,False,1.4562874424656909,1.4562874424656909,True,REAL_L031_20190824,54.0,gap_edge_residual_model,,,0.4798520790428431,4.41963931741955,moderate_uncertainty_long_gap,False,"Retrospective reconstruction (engineered hybrid pipeline, primary method assignment). Method=gap_edge_residual_model. "
2019-08-26,,False,,False,1.5044232239690043,1.5044232239690043,True,REAL_L031_20190824,54.0,gap_edge_residual_model,,,0.479025093137421,4.724782207115002,moderate_uncertainty_long_gap,False,"Retrospective reconstruction (engineered hybrid pipeline, primary method assignment). Method=gap_edge_residual_model. "
2019-08-27,,False,,False,1.5679000985572331,1.5679000985572331,True,REAL_L031_20190824,54.0,gap_edge_residual_model,,,0.4460915436906402,5.510776327920249,moderate_uncertainty_long_gap,False,"Retrospective reconstruction (engineered hybrid pipeline, primary method assignment). Method=gap_edge_residual_model. "
2019-08-28,,False,,False,1.581153809582873,1.581153809582873,True,REAL_L031_20190824,54.0,gap_edge_residual_model,,,0.4497559435452193,5.558675556017575,moderate_uncertainty_long_gap,False,"Retrospective reconstruction (engineered hybrid pipeline, primary method assignment). Method=gap_edge_residual_model. "
2019-08-29,,False,,False,1.5738325291902868,1.5738325291902868,True,REAL_L031_20190824,54.0,gap_edge_residual_model,,,0.4671449124983768,5.302313615469593,moderate_uncertainty_long_gap,False,"Retrospective reconstruction (engineered hybrid pipeline, primary method assignment). Method=gap_edge_residual_model. "
2019-08-30,,False,,False,1.524233821526697,1.524233821526697,True,REAL_L031_20190824,54.0,gap_edge_residual_model,,,0.4720679530036796,4.921513370910332,moderate_uncertainty_long_gap,False,"Retrospective reconstruction (engineered hybrid pipeline, primary method assignment). Method=gap_edge_residual_model. "
2019-08-31,,False,,False,1.6075204201327389,1.6075204201327389,True,REAL_L031_20190824,54.0,gap_edge_residual_model,,,0.485869751868163,5.318548625856664,moderate_uncertainty_long_gap,False,"Retrospective reconstruction (engineered hybrid pipeline, primary method assignment). Method=gap_edge_residual_model. "
2019-09-01,,False,,False,1.8450367073866665,1.8450367073866665,True,REAL_L031_20190824,54.0,gap_edge_residual_model,,,0.523466050191666,6.503116009830638,moderate_uncertainty_long_gap,False,"Retrospective reconstruction (engineered hybrid pipeline, primary method assignment). Method=gap_edge_residual_model. "
2019-09-02,,False,,False,1.985475415816235,1.985475415816235,True,REAL_L031_20190824,54.0,gap_edge_residual_model,,,0.5557788965816454,7.092951263635368,moderate_uncertainty_long_gap,False,"Retrospective reconstruction (engineered hybrid pipeline, primary method assignment). Method=gap_edge_residual_model. "
2019-09-03,,False,,False,1.8534252195589012,1.8534252195589012,True,REAL_L031_20190824,54.0,gap_edge_residual_model,,,0.5272875630517406,6.514822812461974,moderate_uncertainty_long_gap,False,"Retrospective reconstruction (engineered hybrid pipeline, primary method assignment). Method=gap_edge_residual_model. "
2019-09-04,,False,,False,1.9705597124687355,1.9705597124687355,True,REAL_L031_20190824,54.0,gap_edge_residual_model,,,0.5652579208216051,6.869617279773371,moderate_uncertainty_long_gap,False,"Retrospective reconstruction (engineered hybrid pipeline, primary method assignment). Method=gap_edge_residual_model. "
2019-09-05,,False,,False,2.06664698099494,2.06664698099494,True,REAL_L031_20190824,54.0,gap_edge_residual_model,,,0.5578452599474806,7.656298351370063,moderate_uncertainty_long_gap,False,"Retrospective reconstruction (engineered hybrid pipeline, primary method assignment). Method=gap_edge_residual_model. "
2019-09-06,,False,,False,2.1746262966563727,2.1746262966563727,True,REAL_L031_20190824,54.0,gap_edge_residual_model,,,0.6029445586705564,7.843174736556987,moderate_uncertainty_long_gap,False,"Retrospective reconstruction (engineered hybrid pipeline, primary method assignment). Method=gap_edge_residual_model. "
2019-09-07,,False,,False,2.3286462584698544,2.3286462584698544,True,REAL_L031_20190824,54.0,gap_edge_residual_model,,,0.660401517429049,8.21105532615351,moderate_uncertainty_long_gap,False,"Retrospective reconstruction (engineered hybrid pipeline, primary method assignment). Method=gap_edge_residual_model. "
2019-09-08,,False,,False,2.395370029206568,2.395370029206568,True,REAL_L031_20190824,54.0,gap_edge_residual_model,,,0.6783398539461537,8.458588336572275,moderate_uncertainty_long_gap,False,"Retrospective reconstruction (engineered hybrid pipeline, primary method assignment). Method=gap_edge_residual_model. "
2019-09-09,,False,,False,2.623398346411552,2.623398346411552,True,REAL_L031_20190824,54.0,gap_edge_residual_model,,,0.7639422754915562,9.008820567662031,moderate_uncertainty_long_gap,False,"Retrospective reconstruction (engineered hybrid pipeline, primary method assignment). Method=gap_edge_residual_model. "
2019-09-10,,False,,False,2.6276190785355187,2.6276190785355187,True,REAL_L031_20190824,54.0,gap_edge_residual_model,,,0.7303879062579093,9.45303442558073,moderate_uncertainty_long_gap,False,"Retrospective reconstruction (engineered hybrid pipeline, primary method assignment). Method=gap_edge_residual_model. "
2019-09-11,,False,,False,2.622376312981761,2.622376312981761,True,REAL_L031_20190824,54.0,gap_edge_residual_model,,,0.691418698417583,9.946010344566254,moderate_uncertainty_long_gap,False,"Retrospective reconstruction (engineered hybrid pipeline, primary method assignment). Method=gap_edge_residual_model. "
2019-09-12,,False,,False,2.561753988063303,2.561753988063303,True,REAL_L031_20190824,54.0,gap_edge_residual_model,,,0.6875891073546414,9.544338944819003,moderate_uncertainty_long_gap,False,"Retrospective reconstruction (engineered hybrid pipeline, primary method assignment). Method=gap_edge_residual_model. "
2019-09-13,,False,,False,2.5627763832577632,2.5627763832577632,True,REAL_L031_20190824,54.0,gap_edge_residual_model,,,0.7334953567750487,8.954143649198297,moderate_uncertainty_long_gap,False,"Retrospective reconstruction (engineered hybrid pipeline, primary method assignment). Method=gap_edge_residual_model. "
2019-09-14,,False,,False,2.52974906626532,2.52974906626532,True,REAL_L031_20190824,54.0,gap_edge_residual_model,,,0.7191377792931996,8.899032316950583,moderate_uncertainty_long_gap,False,"Retrospective reconstruction (engineered hybrid pipeline, primary method assignment). Method=gap_edge_residual_model. "
2019-09-15,,False,,False,2.721609514451462,2.721609514451462,True,REAL_L031_20190824,54.0,gap_edge_residual_model,,,0.7417637484588869,9.98587267784666,moderate_uncertainty_long_gap,False,"Retrospective reconstruction (engineered hybrid pipeline, primary method assignment). Method=gap_edge_residual_model. "
2019-09-16,,False,,False,2.4813614905405976,2.4813614905405976,True,REAL_L031_20190824,54.0,gap_edge_residual_model,,,0.6402315850988116,9.617074493111076,moderate_uncertainty_long_gap,False,"Retrospective reconstruction (engineered hybrid pipeline, primary method assignment). Method=gap_edge_residual_model. "
2019-09-17,,False,,False,2.6571833226263535,2.6571833226263535,True,REAL_L031_20190824,54.0,gap_edge_residual_model,,,0.756905434595699,9.328276541989768,moderate_uncertainty_long_gap,False,"Retrospective reconstruction (engineered hybrid pipeline, primary method assignment). Method=gap_edge_residual_model. "
2019-09-18,,False,,False,2.7561512708753013,2.7561512708753013,True,REAL_L031_20190824,54.0,gap_edge_residual_model,,,0.7742405857101236,9.811381588812276,moderate_uncertainty_long_gap,False,"Retrospective reconstruction (engineered hybrid pipeline, primary method assignment). Method=gap_edge_residual_model. "
2019-09-19,,False,,False,2.844222947160728,2.844222947160728,True,REAL_L031_20190824,54.0,gap_edge_residual_model,,,0.8373333618729518,9.661151151389436,moderate_uncertainty_long_gap,False,"Retrospective reconstruction (engineered hybrid pipeline, primary method assignment). Method=gap_edge_residual_model. "
2019-09-20,,False,,False,2.729900245173349,2.729900245173349,True,REAL_L031_20190824,54.0,gap_edge_residual_model,,,0.7821004598928356,9.528642074470383,moderate_uncertainty_long_gap,False,"Retrospective reconstruction (engineered hybrid pipeline, primary method assignment). Method=gap_edge_residual_model. "
2019-09-21,,False,,False,2.922149270228567,2.922149270228567,True,REAL_L031_20190824,54.0,gap_edge_residual_model,,,0.7991526183951743,10.685013301520469,moderate_uncertainty_long_gap,False,"Retrospective reconstruction (engineered hybrid pipeline, primary method assignment). Method=gap_edge_residual_model. "
2019-09-22,,False,,False,2.8418952656373344,2.8418952656373344,True,REAL_L031_20190824,54.0,gap_edge_residual_model,,,0.8246409536836008,9.793800156026018,moderate_uncertainty_long_gap,False,"Retrospective reconstruction (engineered hybrid pipeline, primary method assignment). Method=gap_edge_residual_model. "
2019-09-23,,False,,False,3.0605730192777094,3.0605730192777094,True,REAL_L031_20190824,54.0,gap_edge_residual_model,,,0.883630003793487,10.60071202439597,moderate_uncertainty_long_gap,False,"Retrospective reconstruction (engineered hybrid pipeline, primary method assignment). Method=gap_edge_residual_model. "
2019-09-24,,False,,False,3.1317050001461575,3.1317050001461575,True,REAL_L031_20190824,54.0,gap_edge_residual_model,,,0.8462444855501349,11.589530419881717,moderate_uncertainty_long_gap,False,"Retrospective reconstruction (engineered hybrid pipeline, primary method assignment). Method=gap_edge_residual_model. "
2019-09-25,,False,,False,2.973367149400981,2.973367149400981,True,REAL_L031_20190824,54.0,gap_edge_residual_model,,,0.8820521935835505,10.023116851190595,moderate_uncertainty_long_gap,False,"Retrospective reconstruction (engineered hybrid pipeline, primary method assignment). Method=gap_edge_residual_model. "
2019-09-26,,False,,False,3.04171342147092,3.04171342147092,True,REAL_L031_20190824,54.0,gap_edge_residual_model,,,0.8638378785977117,10.710366803288778,moderate_uncertainty_long_gap,False,"Retrospective reconstruction (engineered hybrid pipeline, primary method assignment). Method=gap_edge_residual_model. "
2019-09-27,,False,,False,2.9474478525622936,2.9474478525622936,True,REAL_L031_20190824,54.0,gap_edge_residual_model,,,0.8849354225213131,9.81704271575234,moderate_uncertainty_long_gap,False,"Retrospective reconstruction (engineered hybrid pipeline, primary method assignment). Method=gap_edge_residual_model. "
2019-09-28,,False,,False,2.7808626685450206,2.7808626685450206,True,REAL_L031_20190824,54.0,gap_edge_residual_model,,,0.7421422799056955,10.420100553077228,moderate_uncertainty_long_gap,False,"Retrospective reconstruction (engineered hybrid pipeline, primary method assignment). Method=gap_edge_residual_model. "
2019-09-29,,False,,False,3.0989350061942917,3.0989350061942917,True,REAL_L031_20190824,54.0,gap_edge_residual_model,,,0.9556015808396708,10.049583806860252,moderate_uncertainty_long_gap,False,"Retrospective reconstruction (engineered hybrid pipeline, primary method assignment). Method=gap_edge_residual_model. "
2019-09-30,,False,,False,2.916752341848884,2.916752341848884,True,REAL_L031_20190824,54.0,gap_edge_residual_model,,,0.8652765189319042,9.832052572260396,moderate_uncertainty_long_gap,False,"Retrospective reconstruction (engineered hybrid pipeline, primary method assignment). Method=gap_edge_residual_model. "
2019-10-01,,False,,False,2.7024807553666954,2.7024807553666954,True,REAL_L031_20190824,54.0,gap_edge_residual_model,,,0.8174692431757588,8.93416149181907,moderate_uncertainty_long_gap,False,"Retrospective reconstruction (engineered hybrid pipeline, primary method assignment). Method=gap_edge_residual_model. "
2019-10-02,,False,,False,2.4713632220053405,2.4713632220053405,True,REAL_L031_20190824,54.0,gap_edge_residual_model,,,0.7873687748728789,7.7570210681350655,moderate_uncertainty_long_gap,False,"Retrospective reconstruction (engineered hybrid pipeline, primary method assignment). Method=gap_edge_residual_model. "
2019-10-03,,False,,False,2.4453272648123363,2.4453272648123363,True,REAL_L031_20190824,54.0,gap_edge_residual_model,,,0.6460815966425973,9.255217085749033,moderate_uncertainty_long_gap,False,"Retrospective reconstruction (engineered hybrid pipeline, primary method assignment). Method=gap_edge_residual_model. "
2019-10-04,,False,,False,2.4044536991972256,2.4044536991972256,True,REAL_L031_20190824,54.0,gap_edge_residual_model,,,0.7274356513038077,7.9476412535198495,moderate_uncertainty_long_gap,False,"Retrospective reconstruction (engineered hybrid pipeline, primary method assignment). Method=gap_edge_residual_model. "
2019-10-05,,False,,False,2.409967281513511,2.409967281513511,True,REAL_L031_20190824,54.0,gap_edge_residual_model,,,0.6089938427469546,9.536947486641346,moderate_uncertainty_long_gap,False,"Retrospective reconstruction (engineered hybrid pipeline, primary method assignment). Method=gap_edge_residual_model. "
2019-10-06,,False,,False,2.565527711095853,2.565527711095853,True,REAL_L031_20190824,54.0,gap_edge_residual_model,,,0.6383601501038929,10.3106881520244,moderate_uncertainty_long_gap,False,"Retrospective reconstruction (engineered hybrid pipeline, primary method assignment). Method=gap_edge_residual_model. "
2019-10-07,,False,,False,2.507321704273477,2.507321704273477,True,REAL_L031_20190824,54.0,gap_edge_residual_model,,,0.6544021041514706,9.60672664228738,moderate_uncertainty_long_gap,False,"Retrospective reconstruction (engineered hybrid pipeline, primary method assignment). Method=gap_edge_residual_model. "
2019-10-08,,False,,False,2.745279911642754,2.745279911642754,True,REAL_L031_20190824,54.0,gap_edge_residual_model,,,0.7780500913916798,9.68647375876376,moderate_uncertainty_long_gap,False,"Retrospective reconstruction (engineered hybrid pipeline, primary method assignment). Method=gap_edge_residual_model. "
2019-10-09,,False,,False,2.991097044177944,2.991097044177944,True,REAL_L031_20190824,54.0,gap_edge_residual_model,,,0.8911387418979778,10.039583183910423,moderate_uncertainty_long_gap,False,"Retrospective reconstruction (engineered hybrid pipeline, primary method assignment). Method=gap_edge_residual_model. "
2019-10-10,,False,,False,3.1851656476898627,3.1851656476898627,True,REAL_L031_20190824,54.0,gap_edge_residual_model,,,0.9624055875191098,10.541584893928242,moderate_uncertainty_long_gap,False,"Retrospective reconstruction (engineered hybrid pipeline, primary method assignment). Method=gap_edge_residual_model. "
2019-10-11,,False,,False,3.257381808636891,3.257381808636891,True,REAL_L031_20190824,54.0,gap_edge_residual_model,,,1.0428717988647986,10.17434382518395,moderate_uncertainty_long_gap,False,"Retrospective reconstruction (engineered hybrid pipeline, primary method assignment). Method=gap_edge_residual_model. "
2019-10-12,,False,,False,3.273014168099216,3.273014168099216,True,REAL_L031_20190824,54.0,gap_edge_residual_model,,,0.9994988222731976,10.717993364128318,moderate_uncertainty_long_gap,False,"Retrospective reconstruction (engineered hybrid pipeline, primary method assignment). Method=gap_edge_residual_model. "
2019-10-13,,False,,False,3.204354489715115,3.204354489715115,True,REAL_L031_20190824,54.0,gap_edge_residual_model,,,0.9758643806129048,10.521838792095812,moderate_uncertainty_long_gap,False,"Retrospective reconstruction (engineered hybrid pipeline, primary method assignment). Method=gap_edge_residual_model. "
2019-10-14,,False,,False,3.2724715936862334,3.2724715936862334,True,REAL_L031_20190824,54.0,gap_edge_residual_model,,,0.9339784689807554,11.466078380982438,moderate_uncertainty_long_gap,False,"Retrospective reconstruction (engineered hybrid pipeline, primary method assignment). Method=gap_edge_residual_model. "
2019-10-15,,False,,False,3.2491609048196897,3.2491609048196897,True,REAL_L031_20190824,54.0,gap_edge_residual_model,,,1.0707360612299055,9.859616172151991,moderate_uncertainty_long_gap,False,"Retrospective reconstruction (engineered hybrid pipeline, primary method assignment). Method=gap_edge_residual_model. "
2019-10-16,4.395687499999999,False,4.395687499999999,False,3.240128755949248,3.240128755949248,True,REAL_L031_20190824,54.0,gap_edge_residual_model,,,1.0491863627159586,10.006262689073298,moderate_uncertainty_long_gap,False,"Retrospective reconstruction (engineered hybrid pipeline, primary method assignment). Method=gap_edge_residual_model. "
2019-10-17,3.356375,True,3.356375,True,,3.356375,False,,,,,,,,,False,
2019-10-18,3.3003750000000003,True,3.3003750000000003,True,,3.3003750000000003,False,,,,,,,,,False,
2019-10-19,5.492249999999999,True,5.492249999999999,True,,5.492249999999999,False,,,,,,,,,False,
2019-10-20,3.745875,True,3.745875,True,,3.745875,False,,,,,,,,,False,
2019-10-21,5.806416666666667,True,5.806416666666667,True,,5.806416666666667,False,,,,,,,,,False,
2019-10-22,7.877875,True,7.877875,True,,7.877875,False,,,,,,,,,False,
2019-10-23,6.7536249999999995,True,6.7536249999999995,True,,6.7536249999999995,False,,,,,,,,,False,
2019-10-24,6.3875,True,6.3875,True,,6.3875,False,,,,,,,,,False,
2019-10-25,8.365333333333334,True,8.365333333333334,True,,8.365333333333334,False,,,,,,,,,False,
2019-10-26,11.346166666666669,True,11.346166666666669,True,,11.346166666666669,False,,,,,,,,,False,
2019-10-27,11.833291666666668,True,11.833291666666668,True,,11.833291666666668,False,,,,,,,,,False,
2019-10-28,10.336291666666666,True,10.336291666666666,True,,10.336291666666666,False,,,,,,,,,False,
2019-10-29,5.208833333333334,True,5.208833333333334,True,,5.208833333333334,False,,,,,,,,,False,
2019-10-30,2.6333333333333333,True,2.6333333333333333,True,,2.6333333333333333,False,,,,,,,,,False,
2019-10-31,2.9794583333333335,True,2.9794583333333335,True,,2.9794583333333335,False,,,,,,,,,False,
2019-11-01,4.89225,True,4.89225,True,,4.89225,False,,,,,,,,,False,
2019-11-02,6.09475,True,6.09475,True,,6.09475,False,,,,,,,,,False,
2019-11-03,9.893375,True,9.893375,True,,9.893375,False,,,,,,,,,False,
2019-11-04,11.657958333333337,True,11.657958333333337,True,,11.657958333333337,False,,,,,,,,,False,
2019-11-05,6.947125,True,6.947125,True,,6.947125,False,,,,,,,,,False,
2019-11-06,6.1972916666666675,True,6.1972916666666675,True,,6.1972916666666675,False,,,,,,,,,False,
2019-11-07,7.843208333333333,True,7.843208333333333,True,,7.843208333333333,False,,,,,,,,,False,
2019-11-08,9.457833333333332,True,9.457833333333332,True,,9.457833333333332,False,,,,,,,,,False,
2019-11-09,10.57675,True,10.57675,True,,10.57675,False,,,,,,,,,False,
2019-11-10,10.966333333333331,True,10.966333333333331,True,,10.966333333333331,False,,,,,,,,,False,
2019-11-11,10.744791666666666,True,10.744791666666666,True,,10.744791666666666,False,,,,,,,,,False,
2019-11-12,12.132708333333332,True,12.132708333333332,True,,12.132708333333332,False,,,,,,,,,False,
2019-11-13,10.385541666666668,True,10.385541666666668,True,,10.385541666666668,False,,,,,,,,,False,
2019-11-14,9.211416666666668,True,9.211416666666668,True,,9.211416666666668,False,,,,,,,,,False,
2019-11-15,10.481458333333334,True,10.481458333333334,True,,10.481458333333334,False,,,,,,,,,False,
2019-11-16,9.9115,True,9.9115,True,,9.9115,False,,,,,,,,,False,
2019-11-17,11.643375,True,11.643375,True,,11.643375,False,,,,,,,,,False,
2019-11-18,8.532625,True,8.532625,True,,8.532625,False,,,,,,,,,False,
2019-11-19,6.797208333333334,True,6.797208333333334,True,,6.797208333333334,False,,,,,,,,,False,
2019-11-20,5.841875000000001,True,5.841875000000001,True,,5.841875000000001,False,,,,,,,,,False,
2019-11-21,3.033,True,3.033,True,,3.033,False,,,,,,,,,False,
2019-11-22,2.40575,True,2.40575,True,,2.40575,False,,,,,,,,,False,
2019-11-23,2.0092916666666665,True,2.0092916666666665,True,,2.0092916666666665,False,,,,,,,,,False,
2019-11-24,3.2497916666666664,True,3.2497916666666664,True,,3.2497916666666664,False,,,,,,,,,False,
2019-11-25,5.2592083333333335,True,5.2592083333333335,True,,5.2592083333333335,False,,,,,,,,,False,
2019-11-26,3.155208333333333,True,3.155208333333333,True,,3.155208333333333,False,,,,,,,,,False,
2019-11-27,1.7114583333333335,True,1.7114583333333335,True,,1.7114583333333335,False,,,,,,,,,False,
2019-11-28,3.425666666666667,True,3.425666666666667,True,,3.425666666666667,False,,,,,,,,,False,
2019-11-29,4.4750000000000005,True,4.4750000000000005,True,,4.4750000000000005,False,,,,,,,,,False,
2019-11-30,5.153916666666667,True,5.153916666666667,True,,5.153916666666667,False,,,,,,,,,False,
2019-12-01,8.713958333333332,True,8.713958333333332,True,,8.713958333333332,False,,,,,,,,,False,
2019-12-02,11.207375,True,11.207375,True,,11.207375,False,,,,,,,,,False,
2019-12-03,11.289791666666666,True,11.289791666666666,True,,11.289791666666666,False,,,,,,,,,False,
2019-12-04,8.629333333333333,True,8.629333333333333,True,,8.629333333333333,False,,,,,,,,,False,
2019-12-05,9.1935,True,9.1935,True,,9.1935,False,,,,,,,,,False,
2019-12-06,8.578375,True,8.578375,True,,8.578375,False,,,,,,,,,False,
2019-12-07,11.835083333333335,True,11.835083333333335,True,,11.835083333333335,False,,,,,,,,,False,
2019-12-08,10.891375000000002,True,10.891375000000002,True,,10.891375000000002,False,,,,,,,,,False,
2019-12-09,5.376041666666667,True,5.376041666666667,True,,5.376041666666667,False,,,,,,,,,False,
2019-12-10,5.486416666666667,True,5.486416666666667,True,,5.486416666666667,False,,,,,,,,,False,
2019-12-11,8.540833333333333,True,8.540833333333333,True,,8.540833333333333,False,,,,,,,,,False,
2019-12-12,5.999416666666666,True,5.999416666666666,True,,5.999416666666666,False,,,,,,,,,False,
2019-12-13,7.608083333333333,True,7.608083333333333,True,,7.608083333333333,False,,,,,,,,,False,
2019-12-14,5.474374999999999,True,5.474374999999999,True,,5.474374999999999,False,,,,,,,,,False,
2019-12-15,4.807708333333333,True,4.807708333333333,True,,4.807708333333333,False,,,,,,,,,False,
2019-12-16,3.6554583333333337,True,3.6554583333333337,True,,3.6554583333333337,False,,,,,,,,,False,
2019-12-17,4.148833333333333,True,4.148833333333333,True,,4.148833333333333,False,,,,,,,,,False,
2019-12-18,6.759125,True,6.759125,True,,6.759125,False,,,,,,,,,False,
2019-12-19,9.109916666666663,True,9.109916666666663,True,,9.109916666666663,False,,,,,,,,,False,
2019-12-20,8.443541666666667,True,8.443541666666667,True,,8.443541666666667,False,,,,,,,,,False,
2019-12-21,6.861416666666667,True,6.861416666666667,True,,6.861416666666667,False,,,,,,,,,False,
2019-12-22,6.65575,True,6.65575,True,,6.65575,False,,,,,,,,,False,
2019-12-23,5.374874999999999,True,5.374874999999999,True,,5.374874999999999,False,,,,,,,,,False,
2019-12-24,4.529708333333333,True,4.529708333333333,True,,4.529708333333333,False,,,,,,,,,False,
2019-12-25,3.812708333333333,True,3.812708333333333,True,,3.812708333333333,False,,,,,,,,,False,
2019-12-26,4.582291666666666,True,4.582291666666666,True,,4.582291666666666,False,,,,,,,,,False,
2019-12-27,6.967083333333332,True,6.967083333333332,True,,6.967083333333332,False,,,,,,,,,False,
2019-12-28,9.263875,True,9.263875,True,,9.263875,False,,,,,,,,,False,
2019-12-29,9.3265,True,9.3265,True,,9.3265,False,,,,,,,,,False,
2019-12-30,9.550708333333333,True,9.550708333333333,True,,9.550708333333333,False,,,,,,,,,False,
2019-12-31,11.788625,True,11.788625,True,,11.788625,False,,,,,,,,,False,
2020-01-01,9.633041666666664,True,9.633041666666664,True,,9.633041666666664,False,,,,,,,,,False,
2020-01-02,7.124333333333333,True,7.124333333333333,True,,7.124333333333333,False,,,,,,,,,False,
2020-01-03,6.671791666666667,True,6.671791666666667,True,,6.671791666666667,False,,,,,,,,,False,
2020-01-04,5.541045454545455,True,5.541045454545455,True,,5.541045454545455,False,,,,,,,,,False,
2020-01-05,4.7977083333333335,True,4.7977083333333335,True,,4.7977083333333335,False,,,,,,,,,False,
2020-01-06,3.987666666666667,True,3.987666666666667,True,,3.987666666666667,False,,,,,,,,,False,
2020-01-07,4.047083333333333,True,4.047083333333333,True,,4.047083333333333,False,,,,,,,,,False,
2020-01-08,7.470541666666667,True,7.470541666666667,True,,7.470541666666667,False,,,,,,,,,False,
2020-01-09,6.231875,True,6.231875,True,,6.231875,False,,,,,,,,,False,
2020-01-10,4.934375,True,4.934375,True,,4.934375,False,,,,,,,,,False,
2020-01-11,9.604125,True,9.604125,True,,9.604125,False,,,,,,,,,False,
2020-01-12,10.078458333333332,True,10.078458333333332,True,,10.078458333333332,False,,,,,,,,,False,
2020-01-13,3.488266666666667,False,3.488266666666667,False,6.868620938524009,6.868620938524009,True,REAL_L001_20200113,1.0,gaussian_process,,,5.132797033106216,9.191470711355938,standard_uncertainty,False,"Retrospective reconstruction (engineered hybrid pipeline, primary method assignment). Method=gaussian_process. "
2020-01-14,4.444958333333333,True,4.444958333333333,True,,4.444958333333333,False,,,,,,,,,False,
2020-01-15,3.609833333333333,True,3.609833333333333,True,,3.609833333333333,False,,,,,,,,,False,
2020-01-16,4.649416666666666,True,4.649416666666666,True,,4.649416666666666,False,,,,,,,,,False,
2020-01-17,4.398291666666666,True,4.398291666666666,True,,4.398291666666666,False,,,,,,,,,False,
2020-01-18,3.998208333333333,True,3.998208333333333,True,,3.998208333333333,False,,,,,,,,,False,
2020-01-19,4.412375,True,4.412375,True,,4.412375,False,,,,,,,,,False,
2020-01-20,5.765916666666667,True,5.765916666666667,True,,5.765916666666667,False,,,,,,,,,False,
2020-01-21,5.281125,True,5.281125,True,,5.281125,False,,,,,,,,,False,
2020-01-22,6.000916666666666,True,6.000916666666666,True,,6.000916666666666,False,,,,,,,,,False,
2020-01-23,5.62955,True,5.62955,True,,5.62955,False,,,,,,,,,False,
2020-01-24,5.141875,True,5.141875,True,,5.141875,False,,,,,,,,,False,
2020-01-25,4.969375,True,4.969375,True,,4.969375,False,,,,,,,,,False,
2020-01-26,3.201041666666667,True,3.201041666666667,True,,3.201041666666667,False,,,,,,,,,False,
2020-01-27,4.034458333333333,True,4.034458333333333,True,,4.034458333333333,False,,,,,,,,,False,
2020-01-28,4.783041666666667,True,4.783041666666667,True,,4.783041666666667,False,,,,,,,,,False,
2020-01-29,3.2213333333333334,True,3.2213333333333334,True,,3.2213333333333334,False,,,,,,,,,False,
2020-01-30,2.3454166666666665,True,2.3454166666666665,True,,2.3454166666666665,False,,,,,,,,,False,
2020-01-31,2.2624583333333335,True,2.2624583333333335,True,,2.2624583333333335,False,,,,,,,,,False,
2020-02-01,3.3039166666666664,True,3.3039166666666664,True,,3.3039166666666664,False,,,,,,,,,False,
2020-02-02,2.8522083333333335,True,2.8522083333333335,True,,2.8522083333333335,False,,,,,,,,,False,
2020-02-03,2.55725,True,2.55725,True,,2.55725,False,,,,,,,,,False,
2020-02-04,3.1042916666666662,True,3.1042916666666662,True,,3.1042916666666662,False,,,,,,,,,False,
2020-02-05,2.126625,True,2.126625,True,,2.126625,False,,,,,,,,,False,
2020-02-06,1.2151666666666665,True,1.2151666666666665,True,,1.2151666666666665,False,,,,,,,,,False,
2020-02-07,2.4428750000000004,True,2.4428750000000004,True,,2.4428750000000004,False,,,,,,,,,False,
2020-02-08,8.256749999999998,True,8.256749999999998,True,,8.256749999999998,False,,,,,,,,,False,
2020-02-09,10.5535,True,10.5535,True,,10.5535,False,,,,,,,,,False,
2020-02-10,10.419666666666666,True,10.419666666666666,True,,10.419666666666666,False,,,,,,,,,False,
2020-02-11,12.433,False,12.433,False,6.406541568854112,6.406541568854112,True,REAL_L091_20200211,256.0,gap_edge_residual_model,,,1.4818036370569585,27.698524856487477,very_high_uncertainty_extrapolated_beyond_validation_range,True,"Retrospective reconstruction (engineered hybrid pipeline, primary method assignment). Method=gap_edge_residual_model. Beyond validation envelope (L>60 days); very high uncertainty."
2020-02-12,9.019714285714285,False,9.019714285714285,False,6.189955256261762,6.189955256261762,True,REAL_L091_20200211,256.0,gap_edge_residual_model,,,1.5199448260963162,25.20851113584739,very_high_uncertainty_extrapolated_beyond_validation_range,True,"Retrospective reconstruction (engineered hybrid pipeline, primary method assignment). Method=gap_edge_residual_model. Beyond validation envelope (L>60 days); very high uncertainty."
2020-02-13,,False,,False,5.827979364279816,5.827979364279816,True,REAL_L091_20200211,256.0,gap_edge_residual_model,,,1.310689752655684,25.914098589427216,very_high_uncertainty_extrapolated_beyond_validation_range,True,"Retrospective reconstruction (engineered hybrid pipeline, primary method assignment). Method=gap_edge_residual_model. Beyond validation envelope (L>60 days); very high uncertainty."
2020-02-14,,False,,False,4.8567037903152,4.8567037903152,True,REAL_L091_20200211,256.0,gap_edge_residual_model,,,0.6548530350295614,36.019641728922046,very_high_uncertainty_extrapolated_beyond_validation_range,True,"Retrospective reconstruction (engineered hybrid pipeline, primary method assignment). Method=gap_edge_residual_model. Beyond validation envelope (L>60 days); very high uncertainty."
2020-02-15,,False,,False,4.717839781652832,4.717839781652832,True,REAL_L091_20200211,256.0,gap_edge_residual_model,,,0.4497547735149799,49.48921838314783,very_high_uncertainty_extrapolated_beyond_validation_range,True,"Retrospective reconstruction (engineered hybrid pipeline, primary method assignment). Method=gap_edge_residual_model. Beyond validation envelope (L>60 days); very high uncertainty."
2020-02-16,,False,,False,6.238681445083315,6.238681445083315,True,REAL_L091_20200211,256.0,gap_edge_residual_model,,,0.7554956279490388,51.51736784882125,very_high_uncertainty_extrapolated_beyond_validation_range,True,"Retrospective reconstruction (engineered hybrid pipeline, primary method assignment). Method=gap_edge_residual_model. Beyond validation envelope (L>60 days); very high uncertainty."
2020-02-17,,False,,False,6.3190851131210115,6.3190851131210115,True,REAL_L091_20200211,256.0,gap_edge_residual_model,,,0.8341280281071173,47.87135226409119,very_high_uncertainty_extrapolated_beyond_validation_range,True,"Retrospective reconstruction (engineered hybrid pipeline, primary method assignment). Method=gap_edge_residual_model. Beyond validation envelope (L>60 days); very high uncertainty."
2020-02-18,,False,,False,5.488939331899008,5.488939331899008,True,REAL_L091_20200211,256.0,gap_edge_residual_model,,,0.5042877907059159,59.74456559238385,very_high_uncertainty_extrapolated_beyond_validation_range,True,"Retrospective reconstruction (engineered hybrid pipeline, primary method assignment). Method=gap_edge_residual_model. Beyond validation envelope (L>60 days); very high uncertainty."
2020-02-19,,False,,False,5.671188136956256,5.671188136956256,True,REAL_L091_20200211,256.0,gap_edge_residual_model,,,0.5469310896981748,58.80516849481395,very_high_uncertainty_extrapolated_beyond_validation_range,True,"Retrospective reconstruction (engineered hybrid pipeline, primary method assignment). Method=gap_edge_residual_model. Beyond validation envelope (L>60 days); very high uncertainty."
2020-02-20,,False,,False,6.367862737956301,6.367862737956301,True,REAL_L091_20200211,256.0,gap_edge_residual_model,,,0.6961600077564281,58.24763760868005,very_high_uncertainty_extrapolated_beyond_validation_range,True,"Retrospective reconstruction (engineered hybrid pipeline, primary method assignment). Method=gap_edge_residual_model. Beyond validation envelope (L>60 days); very high uncertainty."
2020-02-21,,False,,False,6.335005483376629,6.335005483376629,True,REAL_L091_20200211,256.0,gap_edge_residual_model,,,0.8025082651622955,50.008574636045395,very_high_uncertainty_extrapolated_beyond_validation_range,True,"Retrospective reconstruction (engineered hybrid pipeline, primary method assignment). Method=gap_edge_residual_model. Beyond validation envelope (L>60 days); very high uncertainty."
2020-02-22,,False,,False,6.567674600168905,6.567674600168905,True,REAL_L091_20200211,256.0,gap_edge_residual_model,,,0.95342714241048,45.241369513196744,very_high_uncertainty_extrapolated_beyond_validation_range,True,"Retrospective reconstruction (engineered hybrid pipeline, primary method assignment). Method=gap_edge_residual_model. Beyond validation envelope (L>60 days); very high uncertainty."
2020-02-23,,False,,False,7.02536737200305,7.02536737200305,True,REAL_L091_20200211,256.0,gap_edge_residual_model,,,1.4835518440940882,33.268663247655844,very_high_uncertainty_extrapolated_beyond_validation_range,True,"Retrospective reconstruction (engineered hybrid pipeline, primary method assignment). Method=gap_edge_residual_model. Beyond validation envelope (L>60 days); very high uncertainty."
2020-02-24,,False,,False,7.006638885022434,7.006638885022434,True,REAL_L091_20200211,256.0,gap_edge_residual_model,,,1.7003784941916824,28.871800386093447,very_high_uncertainty_extrapolated_beyond_validation_range,True,"Retrospective reconstruction (engineered hybrid pipeline, primary method assignment). Method=gap_edge_residual_model. Beyond validation envelope (L>60 days); very high uncertainty."
2020-02-25,,False,,False,6.643013458521144,6.643013458521144,True,REAL_L091_20200211,256.0,gap_edge_residual_model,,,1.4956230796395529,29.505848372390957,very_high_uncertainty_extrapolated_beyond_validation_range,True,"Retrospective reconstruction (engineered hybrid pipeline, primary method assignment). Method=gap_edge_residual_model. Beyond validation envelope (L>60 days); very high uncertainty."
2020-02-26,,False,,False,6.800435133036768,6.800435133036768,True,REAL_L091_20200211,256.0,gap_edge_residual_model,,,1.5517020127513146,29.80334988200628,very_high_uncertainty_extrapolated_beyond_validation_range,True,"Retrospective reconstruction (engineered hybrid pipeline, primary method assignment). Method=gap_edge_residual_model. Beyond validation envelope (L>60 days); very high uncertainty."
2020-02-27,,False,,False,5.625258669159393,5.625258669159393,True,REAL_L091_20200211,256.0,gap_edge_residual_model,,,0.8129759844326881,38.92308715248757,very_high_uncertainty_extrapolated_beyond_validation_range,True,"Retrospective reconstruction (engineered hybrid pipeline, primary method assignment). Method=gap_edge_residual_model. Beyond validation envelope (L>60 days); very high uncertainty."
2020-02-28,,False,,False,4.343970221400794,4.343970221400794,True,REAL_L091_20200211,256.0,gap_edge_residual_model,,,0.3753542419702021,50.272716209012195,very_high_uncertainty_extrapolated_beyond_validation_range,True,"Retrospective reconstruction (engineered hybrid pipeline, primary method assignment). Method=gap_edge_residual_model. Beyond validation envelope (L>60 days); very high uncertainty."
2020-02-29,,False,,False,4.986687613519741,4.986687613519741,True,REAL_L091_20200211,256.0,gap_edge_residual_model,,,0.5748427263923989,43.25888145248352,very_high_uncertainty_extrapolated_beyond_validation_range,True,"Retrospective reconstruction (engineered hybrid pipeline, primary method assignment). Method=gap_edge_residual_model. Beyond validation envelope (L>60 days); very high uncertainty."
2020-03-01,,False,,False,5.5697016647508475,5.5697016647508475,True,REAL_L091_20200211,256.0,gap_edge_residual_model,,,0.8651827896725324,35.85551747517989,very_high_uncertainty_extrapolated_beyond_validation_range,True,"Retrospective reconstruction (engineered hybrid pipeline, primary method assignment). Method=gap_edge_residual_model. Beyond validation envelope (L>60 days); very high uncertainty."
2020-03-02,,False,,False,5.480680744315723,5.480680744315723,True,REAL_L091_20200211,256.0,gap_edge_residual_model,,,0.8437838615117406,35.59899968612424,very_high_uncertainty_extrapolated_beyond_validation_range,True,"Retrospective reconstruction (engineered hybrid pipeline, primary method assignment). Method=gap_edge_residual_model. Beyond validation envelope (L>60 days); very high uncertainty."
2020-03-03,,False,,False,6.007740022294359,6.007740022294359,True,REAL_L091_20200211,256.0,gap_edge_residual_model,,,1.012732487134424,35.63916496606539,very_high_uncertainty_extrapolated_beyond_validation_range,True,"Retrospective reconstruction (engineered hybrid pipeline, primary method assignment). Method=gap_edge_residual_model. Beyond validation envelope (L>60 days); very high uncertainty."
2020-03-04,,False,,False,4.087732905040999,4.087732905040999,True,REAL_L091_20200211,256.0,gap_edge_residual_model,,,0.2721220344215089,61.40465743054206,very_high_uncertainty_extrapolated_beyond_validation_range,True,"Retrospective reconstruction (engineered hybrid pipeline, primary method assignment). Method=gap_edge_residual_model. Beyond validation envelope (L>60 days); very high uncertainty."
2020-03-05,,False,,False,4.7270723646813435,4.7270723646813435,True,REAL_L091_20200211,256.0,gap_edge_residual_model,,,0.3893870168415196,57.3856142461693,very_high_uncertainty_extrapolated_beyond_validation_range,True,"Retrospective reconstruction (engineered hybrid pipeline, primary method assignment). Method=gap_edge_residual_model. Beyond validation envelope (L>60 days); very high uncertainty."
2020-03-06,,False,,False,5.0001897075592066,5.0001897075592066,True,REAL_L091_20200211,256.0,gap_edge_residual_model,,,0.4009018893825674,62.36412891464959,very_high_uncertainty_extrapolated_beyond_validation_range,True,"Retrospective reconstruction (engineered hybrid pipeline, primary method assignment). Method=gap_edge_residual_model. Beyond validation envelope (L>60 days); very high uncertainty."
2020-03-07,,False,,False,6.144726889017923,6.144726889017923,True,REAL_L091_20200211,256.0,gap_edge_residual_model,,,0.8691652488321834,43.44130024911989,very_high_uncertainty_extrapolated_beyond_validation_range,True,"Retrospective reconstruction (engineered hybrid pipeline, primary method assignment). Method=gap_edge_residual_model. Beyond validation envelope (L>60 days); very high uncertainty."
2020-03-08,,False,,False,6.762263778083138,6.762263778083138,True,REAL_L091_20200211,256.0,gap_edge_residual_model,,,1.319328593769595,34.66021400606522,very_high_uncertainty_extrapolated_beyond_validation_range,True,"Retrospective reconstruction (engineered hybrid pipeline, primary method assignment). Method=gap_edge_residual_model. Beyond validation envelope (L>60 days); very high uncertainty."
2020-03-09,,False,,False,6.027752068197363,6.027752068197363,True,REAL_L091_20200211,256.0,gap_edge_residual_model,,,1.0015244350455874,36.27849079289188,very_high_uncertainty_extrapolated_beyond_validation_range,True,"Retrospective reconstruction (engineered hybrid pipeline, primary method assignment). Method=gap_edge_residual_model. Beyond validation envelope (L>60 days); very high uncertainty."
2020-03-10,,False,,False,6.285364043711927,6.285364043711927,True,REAL_L091_20200211,256.0,gap_edge_residual_model,,,1.098433285435967,35.9655899778264,very_high_uncertainty_extrapolated_beyond_validation_range,True,"Retrospective reconstruction (engineered hybrid pipeline, primary method assignment). Method=gap_edge_residual_model. Beyond validation envelope (L>60 days); very high uncertainty."
2020-03-11,,False,,False,5.52288579484793,5.52288579484793,True,REAL_L091_20200211,256.0,gap_edge_residual_model,,,0.85961526873065,35.48362693461016,very_high_uncertainty_extrapolated_beyond_validation_range,True,"Retrospective reconstruction (engineered hybrid pipeline, primary method assignment). Method=gap_edge_residual_model. Beyond validation envelope (L>60 days); very high uncertainty."
2020-03-12,,False,,False,5.276854358055515,5.276854358055515,True,REAL_L091_20200211,256.0,gap_edge_residual_model,,,0.8059180159934167,34.55089892959651,very_high_uncertainty_extrapolated_beyond_validation_range,True,"Retrospective reconstruction (engineered hybrid pipeline, primary method assignment). Method=gap_edge_residual_model. Beyond validation envelope (L>60 days); very high uncertainty."
2020-03-13,,False,,False,5.89873972648851,5.89873972648851,True,REAL_L091_20200211,256.0,gap_edge_residual_model,,,1.118065481603561,31.120834095467824,very_high_uncertainty_extrapolated_beyond_validation_range,True,"Retrospective reconstruction (engineered hybrid pipeline, primary method assignment). Method=gap_edge_residual_model. Beyond validation envelope (L>60 days); very high uncertainty."
2020-03-14,,False,,False,5.29523319857406,5.29523319857406,True,REAL_L091_20200211,256.0,gap_edge_residual_model,,,0.9245102288544524,30.32902584758225,very_high_uncertainty_extrapolated_beyond_validation_range,True,"Retrospective reconstruction (engineered hybrid pipeline, primary method assignment). Method=gap_edge_residual_model. Beyond validation envelope (L>60 days); very high uncertainty."
2020-03-15,,False,,False,5.053636791150928,5.053636791150928,True,REAL_L091_20200211,256.0,gap_edge_residual_model,,,0.8240901424850083,30.990838866075688,very_high_uncertainty_extrapolated_beyond_validation_range,True,"Retrospective reconstruction (engineered hybrid pipeline, primary method assignment). Method=gap_edge_residual_model. Beyond validation envelope (L>60 days); very high uncertainty."
2020-03-16,,False,,False,4.556591399103183,4.556591399103183,True,REAL_L091_20200211,256.0,gap_edge_residual_model,,,0.484879220166996,42.819993752733566,very_high_uncertainty_extrapolated_beyond_validation_range,True,"Retrospective reconstruction (engineered hybrid pipeline, primary method assignment). Method=gap_edge_residual_model. Beyond validation envelope (L>60 days); very high uncertainty."
2020-03-17,,False,,False,5.20398431043573,5.20398431043573,True,REAL_L091_20200211,256.0,gap_edge_residual_model,,,0.8833619870412117,30.657253878412355,very_high_uncertainty_extrapolated_beyond_validation_range,True,"Retrospective reconstruction (engineered hybrid pipeline, primary method assignment). Method=gap_edge_residual_model. Beyond validation envelope (L>60 days); very high uncertainty."
2020-03-18,,False,,False,4.734103330795162,4.734103330795162,True,REAL_L091_20200211,256.0,gap_edge_residual_model,,,0.7612444478865522,29.440916658069145,very_high_uncertainty_extrapolated_beyond_validation_range,True,"Retrospective reconstruction (engineered hybrid pipeline, primary method assignment). Method=gap_edge_residual_model. Beyond validation envelope (L>60 days); very high uncertainty."
2020-03-19,,False,,False,4.181132024703406,4.181132024703406,True,REAL_L091_20200211,256.0,gap_edge_residual_model,,,0.5791862563357929,30.18349419856572,very_high_uncertainty_extrapolated_beyond_validation_range,True,"Retrospective reconstruction (engineered hybrid pipeline, primary method assignment). Method=gap_edge_residual_model. Beyond validation envelope (L>60 days); very high uncertainty."
2020-03-20,,False,,False,4.454164094678693,4.454164094678693,True,REAL_L091_20200211,256.0,gap_edge_residual_model,,,0.6098194311580398,32.53352839979163,very_high_uncertainty_extrapolated_beyond_validation_range,True,"Retrospective reconstruction (engineered hybrid pipeline, primary method assignment). Method=gap_edge_residual_model. Beyond validation envelope (L>60 days); very high uncertainty."
2020-03-21,,False,,False,5.249084095917014,5.249084095917014,True,REAL_L091_20200211,256.0,gap_edge_residual_model,,,0.9183785888078048,30.001661822034393,very_high_uncertainty_extrapolated_beyond_validation_range,True,"Retrospective reconstruction (engineered hybrid pipeline, primary method assignment). Method=gap_edge_residual_model. Beyond validation envelope (L>60 days); very high uncertainty."
2020-03-22,,False,,False,6.055059368019732,6.055059368019732,True,REAL_L091_20200211,256.0,gap_edge_residual_model,,,1.2139849737297184,30.201151368127505,very_high_uncertainty_extrapolated_beyond_validation_range,True,"Retrospective reconstruction (engineered hybrid pipeline, primary method assignment). Method=gap_edge_residual_model. Beyond validation envelope (L>60 days); very high uncertainty."
2020-03-23,,False,,False,6.226517073143831,6.226517073143831,True,REAL_L091_20200211,256.0,gap_edge_residual_model,,,1.3200737236345337,29.36920428611234,very_high_uncertainty_extrapolated_beyond_validation_range,True,"Retrospective reconstruction (engineered hybrid pipeline, primary method assignment). Method=gap_edge_residual_model. Beyond validation envelope (L>60 days); very high uncertainty."
2020-03-24,,False,,False,5.804466469494742,5.804466469494742,True,REAL_L091_20200211,256.0,gap_edge_residual_model,,,1.2676333198339034,26.5785306115994,very_high_uncertainty_extrapolated_beyond_validation_range,True,"Retrospective reconstruction (engineered hybrid pipeline, primary method assignment). Method=gap_edge_residual_model. Beyond validation envelope (L>60 days); very high uncertainty."
2020-03-25,,False,,False,5.627528534247523,5.627528534247523,True,REAL_L091_20200211,256.0,gap_edge_residual_model,,,1.164563159723067,27.193954350488795,very_high_uncertainty_extrapolated_beyond_validation_range,True,"Retrospective reconstruction (engineered hybrid pipeline, primary method assignment). Method=gap_edge_residual_model. Beyond validation envelope (L>60 days); very high uncertainty."
2020-03-26,,False,,False,5.72743058149659,5.72743058149659,True,REAL_L091_20200211,256.0,gap_edge_residual_model,,,1.1556701130337177,28.384796574647837,very_high_uncertainty_extrapolated_beyond_validation_range,True,"Retrospective reconstruction (engineered hybrid pipeline, primary method assignment). Method=gap_edge_residual_model. Beyond validation envelope (L>60 days); very high uncertainty."
2020-03-27,,False,,False,6.181882277553559,6.181882277553559,True,REAL_L091_20200211,256.0,gap_edge_residual_model,,,1.3657871124266336,27.9806919730205,very_high_uncertainty_extrapolated_beyond_validation_range,True,"Retrospective reconstruction (engineered hybrid pipeline, primary method assignment). Method=gap_edge_residual_model. Beyond validation envelope (L>60 days); very high uncertainty."
2020-03-28,,False,,False,6.808298772804904,6.808298772804904,True,REAL_L091_20200211,256.0,gap_edge_residual_model,,,1.6440457240313369,28.194430058864484,very_high_uncertainty_extrapolated_beyond_validation_range,True,"Retrospective reconstruction (engineered hybrid pipeline, primary method assignment). Method=gap_edge_residual_model. Beyond validation envelope (L>60 days); very high uncertainty."
2020-03-29,,False,,False,6.561860169335445,6.561860169335445,True,REAL_L091_20200211,256.0,gap_edge_residual_model,,,1.4424952727477147,29.84967070283192,very_high_uncertainty_extrapolated_beyond_validation_range,True,"Retrospective reconstruction (engineered hybrid pipeline, primary method assignment). Method=gap_edge_residual_model. Beyond validation envelope (L>60 days); very high uncertainty."
2020-03-30,,False,,False,6.816728531670212,6.816728531670212,True,REAL_L091_20200211,256.0,gap_edge_residual_model,,,1.518099984989551,30.609174846152563,very_high_uncertainty_extrapolated_beyond_validation_range,True,"Retrospective reconstruction (engineered hybrid pipeline, primary method assignment). Method=gap_edge_residual_model. Beyond validation envelope (L>60 days); very high uncertainty."
2020-03-31,,False,,False,6.544199844263477,6.544199844263477,True,REAL_L091_20200211,256.0,gap_edge_residual_model,,,1.322511204567796,32.38275143056656,very_high_uncertainty_extrapolated_beyond_validation_range,True,"Retrospective reconstruction (engineered hybrid pipeline, primary method assignment). Method=gap_edge_residual_model. Beyond validation envelope (L>60 days); very high uncertainty."
2020-04-01,,False,,False,6.265779356874802,6.265779356874802,True,REAL_L091_20200211,256.0,gap_edge_residual_model,,,1.274521595505682,30.80370790693549,very_high_uncertainty_extrapolated_beyond_validation_range,True,"Retrospective reconstruction (engineered hybrid pipeline, primary method assignment). Method=gap_edge_residual_model. Beyond validation envelope (L>60 days); very high uncertainty."
2020-04-02,,False,,False,7.17284479306842,7.17284479306842,True,REAL_L091_20200211,256.0,gap_edge_residual_model,,,1.6053064677730111,32.04976959746709,very_high_uncertainty_extrapolated_beyond_validation_range,True,"Retrospective reconstruction (engineered hybrid pipeline, primary method assignment). Method=gap_edge_residual_model. Beyond validation envelope (L>60 days); very high uncertainty."
2020-04-03,,False,,False,7.044368288960367,7.044368288960367,True,REAL_L091_20200211,256.0,gap_edge_residual_model,,,1.5509393102194082,31.995529588769227,very_high_uncertainty_extrapolated_beyond_validation_range,True,"Retrospective reconstruction (engineered hybrid pipeline, primary method assignment). Method=gap_edge_residual_model. Beyond validation envelope (L>60 days); very high uncertainty."
2020-04-04,,False,,False,7.034251127512104,7.034251127512104,True,REAL_L091_20200211,256.0,gap_edge_residual_model,,,1.458779580243372,33.91923604843051,very_high_uncertainty_extrapolated_beyond_validation_range,True,"Retrospective reconstruction (engineered hybrid pipeline, primary method assignment). Method=gap_edge_residual_model. Beyond validation envelope (L>60 days); very high uncertainty."
2020-04-05,,False,,False,6.790168047607029,6.790168047607029,True,REAL_L091_20200211,256.0,gap_edge_residual_model,,,1.457116915022657,31.642198123838625,very_high_uncertainty_extrapolated_beyond_validation_range,True,"Retrospective reconstruction (engineered hybrid pipeline, primary method assignment). Method=gap_edge_residual_model. Beyond validation envelope (L>60 days); very high uncertainty."
2020-04-06,,False,,False,6.670122708723086,6.670122708723086,True,REAL_L091_20200211,256.0,gap_edge_residual_model,,,1.4613263816600224,30.445311538742967,very_high_uncertainty_extrapolated_beyond_validation_range,True,"Retrospective reconstruction (engineered hybrid pipeline, primary method assignment). Method=gap_edge_residual_model. Beyond validation envelope (L>60 days); very high uncertainty."
2020-04-07,,False,,False,6.56208008601655,6.56208008601655,True,REAL_L091_20200211,256.0,gap_edge_residual_model,,,1.4702030444737562,29.28908031931615,very_high_uncertainty_extrapolated_beyond_validation_range,True,"Retrospective reconstruction (engineered hybrid pipeline, primary method assignment). Method=gap_edge_residual_model. Beyond validation envelope (L>60 days); very high uncertainty."
2020-04-08,,False,,False,6.6648146539221855,6.6648146539221855,True,REAL_L091_20200211,256.0,gap_edge_residual_model,,,1.4076849969366363,31.55518064609689,very_high_uncertainty_extrapolated_beyond_validation_range,True,"Retrospective reconstruction (engineered hybrid pipeline, primary method assignment). Method=gap_edge_residual_model. Beyond validation envelope (L>60 days); very high uncertainty."
2020-04-09,,False,,False,6.143275729234791,6.143275729234791,True,REAL_L091_20200211,256.0,gap_edge_residual_model,,,1.3497853127844073,27.959880973629463,very_high_uncertainty_extrapolated_beyond_validation_range,True,"Retrospective reconstruction (engineered hybrid pipeline, primary method assignment). Method=gap_edge_residual_model. Beyond validation envelope (L>60 days); very high uncertainty."
2020-04-10,,False,,False,4.927865554065005,4.927865554065005,True,REAL_L091_20200211,256.0,gap_edge_residual_model,,,0.6033564019409732,40.247951029972015,very_high_uncertainty_extrapolated_beyond_validation_range,True,"Retrospective reconstruction (engineered hybrid pipeline, primary method assignment). Method=gap_edge_residual_model. Beyond validation envelope (L>60 days); very high uncertainty."
2020-04-11,,False,,False,5.49510597384262,5.49510597384262,True,REAL_L091_20200211,256.0,gap_edge_residual_model,,,0.9251027840913292,32.640902376508,very_high_uncertainty_extrapolated_beyond_validation_range,True,"Retrospective reconstruction (engineered hybrid pipeline, primary method assignment). Method=gap_edge_residual_model. Beyond validation envelope (L>60 days); very high uncertainty."
2020-04-12,,False,,False,4.86263412827739,4.86263412827739,True,REAL_L091_20200211,256.0,gap_edge_residual_model,,,0.7117365358189689,33.221858757440835,very_high_uncertainty_extrapolated_beyond_validation_range,True,"Retrospective reconstruction (engineered hybrid pipeline, primary method assignment). Method=gap_edge_residual_model. Beyond validation envelope (L>60 days); very high uncertainty."
2020-04-13,,False,,False,4.56949062819438,4.56949062819438,True,REAL_L091_20200211,256.0,gap_edge_residual_model,,,0.6652417564760731,31.38745335494777,very_high_uncertainty_extrapolated_beyond_validation_range,True,"Retrospective reconstruction (engineered hybrid pipeline, primary method assignment). Method=gap_edge_residual_model. Beyond validation envelope (L>60 days); very high uncertainty."
2020-04-14,,False,,False,5.558722108374883,5.558722108374883,True,REAL_L091_20200211,256.0,gap_edge_residual_model,,,1.2423959683100283,24.870807911721297,very_high_uncertainty_extrapolated_beyond_validation_range,True,"Retrospective reconstruction (engineered hybrid pipeline, primary method assignment). Method=gap_edge_residual_model. Beyond validation envelope (L>60 days); very high uncertainty."
2020-04-15,,False,,False,5.97176785567681,5.97176785567681,True,REAL_L091_20200211,256.0,gap_edge_residual_model,,,1.3740833215835628,25.95331066313804,very_high_uncertainty_extrapolated_beyond_validation_range,True,"Retrospective reconstruction (engineered hybrid pipeline, primary method assignment). Method=gap_edge_residual_model. Beyond validation envelope (L>60 days); very high uncertainty."
2020-04-16,,False,,False,6.404734996891824,6.404734996891824,True,REAL_L091_20200211,256.0,gap_edge_residual_model,,,1.3947794257468669,29.410120068587517,very_high_uncertainty_extrapolated_beyond_validation_range,True,"Retrospective reconstruction (engineered hybrid pipeline, primary method assignment). Method=gap_edge_residual_model. Beyond validation envelope (L>60 days); very high uncertainty."
2020-04-17,,False,,False,6.10291641038953,6.10291641038953,True,REAL_L091_20200211,256.0,gap_edge_residual_model,,,1.4170977052852824,26.28300686204537,very_high_uncertainty_extrapolated_beyond_validation_range,True,"Retrospective reconstruction (engineered hybrid pipeline, primary method assignment). Method=gap_edge_residual_model. Beyond validation envelope (L>60 days); very high uncertainty."
2020-04-18,,False,,False,6.185297805838369,6.185297805838369,True,REAL_L091_20200211,256.0,gap_edge_residual_model,,,1.4477335313949362,26.426070901353135,very_high_uncertainty_extrapolated_beyond_validation_range,True,"Retrospective reconstruction (engineered hybrid pipeline, primary method assignment). Method=gap_edge_residual_model. Beyond validation envelope (L>60 days); very high uncertainty."
2020-04-19,,False,,False,6.160037869678123,6.160037869678123,True,REAL_L091_20200211,256.0,gap_edge_residual_model,,,1.18207829484952,32.10114484057858,very_high_uncertainty_extrapolated_beyond_validation_range,True,"Retrospective reconstruction (engineered hybrid pipeline, primary method assignment). Method=gap_edge_residual_model. Beyond validation envelope (L>60 days); very high uncertainty."
2020-04-20,,False,,False,6.316484323260897,6.316484323260897,True,REAL_L091_20200211,256.0,gap_edge_residual_model,,,1.3627844927242303,29.27680379327175,very_high_uncertainty_extrapolated_beyond_validation_range,True,"Retrospective reconstruction (engineered hybrid pipeline, primary method assignment). Method=gap_edge_residual_model. Beyond validation envelope (L>60 days); very high uncertainty."
2020-04-21,,False,,False,6.479030391965006,6.479030391965006,True,REAL_L091_20200211,256.0,gap_edge_residual_model,,,1.4119975053420364,29.729397297934803,very_high_uncertainty_extrapolated_beyond_validation_range,True,"Retrospective reconstruction (engineered hybrid pipeline, primary method assignment). Method=gap_edge_residual_model. Beyond validation envelope (L>60 days); very high uncertainty."
2020-04-22,,False,,False,6.37756443156983,6.37756443156983,True,REAL_L091_20200211,256.0,gap_edge_residual_model,,,1.2160705992858072,33.44651873231034,very_high_uncertainty_extrapolated_beyond_validation_range,True,"Retrospective reconstruction (engineered hybrid pipeline, primary method assignment). Method=gap_edge_residual_model. Beyond validation envelope (L>60 days); very high uncertainty."
2020-04-23,,False,,False,6.05751093646904,6.05751093646904,True,REAL_L091_20200211,256.0,gap_edge_residual_model,,,1.1552765354294454,31.761606524624984,very_high_uncertainty_extrapolated_beyond_validation_range,True,"Retrospective reconstruction (engineered hybrid pipeline, primary method assignment). Method=gap_edge_residual_model. Beyond validation envelope (L>60 days); very high uncertainty."
2020-04-24,,False,,False,6.117947962511421,6.117947962511421,True,REAL_L091_20200211,256.0,gap_edge_residual_model,,,1.2481577606020442,29.987625325458687,very_high_uncertainty_extrapolated_beyond_validation_range,True,"Retrospective reconstruction (engineered hybrid pipeline, primary method assignment). Method=gap_edge_residual_model. Beyond validation envelope (L>60 days); very high uncertainty."
2020-04-25,,False,,False,5.9998922506415955,5.9998922506415955,True,REAL_L091_20200211,256.0,gap_edge_residual_model,,,1.2787178404288522,28.15218954576871,very_high_uncertainty_extrapolated_beyond_validation_range,True,"Retrospective reconstruction (engineered hybrid pipeline, primary method assignment). Method=gap_edge_residual_model. Beyond validation envelope (L>60 days); very high uncertainty."
2020-04-26,,False,,False,6.001899553906121,6.001899553906121,True,REAL_L091_20200211,256.0,gap_edge_residual_model,,,1.281869606151213,28.10176486151053,very_high_uncertainty_extrapolated_beyond_validation_range,True,"Retrospective reconstruction (engineered hybrid pipeline, primary method assignment). Method=gap_edge_residual_model. Beyond validation envelope (L>60 days); very high uncertainty."
2020-04-27,,False,,False,5.768669955155166,5.768669955155166,True,REAL_L091_20200211,256.0,gap_edge_residual_model,,,1.181273547948006,28.170911902087752,very_high_uncertainty_extrapolated_beyond_validation_range,True,"Retrospective reconstruction (engineered hybrid pipeline, primary method assignment). Method=gap_edge_residual_model. Beyond validation envelope (L>60 days); very high uncertainty."
2020-04-28,,False,,False,5.760622588848056,5.760622588848056,True,REAL_L091_20200211,256.0,gap_edge_residual_model,,,1.140729368616595,29.090837427453017,very_high_uncertainty_extrapolated_beyond_validation_range,True,"Retrospective reconstruction (engineered hybrid pipeline, primary method assignment). Method=gap_edge_residual_model. Beyond validation envelope (L>60 days); very high uncertainty."
2020-04-29,,False,,False,5.567066319482766,5.567066319482766,True,REAL_L091_20200211,256.0,gap_edge_residual_model,,,1.203085352728794,25.760622332591755,very_high_uncertainty_extrapolated_beyond_validation_range,True,"Retrospective reconstruction (engineered hybrid pipeline, primary method assignment). Method=gap_edge_residual_model. Beyond validation envelope (L>60 days); very high uncertainty."
2020-04-30,,False,,False,5.387897551171317,5.387897551171317,True,REAL_L091_20200211,256.0,gap_edge_residual_model,,,0.9987138564065552,29.066824131556473,very_high_uncertainty_extrapolated_beyond_validation_range,True,"Retrospective reconstruction (engineered hybrid pipeline, primary method assignment). Method=gap_edge_residual_model. Beyond validation envelope (L>60 days); very high uncertainty."
2020-05-01,,False,,False,5.7181870115096505,5.7181870115096505,True,REAL_L091_20200211,256.0,gap_edge_residual_model,,,1.0613875351851485,30.806525999849697,very_high_uncertainty_extrapolated_beyond_validation_range,True,"Retrospective reconstruction (engineered hybrid pipeline, primary method assignment). Method=gap_edge_residual_model. Beyond validation envelope (L>60 days); very high uncertainty."
2020-05-02,,False,,False,5.45415128284017,5.45415128284017,True,REAL_L091_20200211,256.0,gap_edge_residual_model,,,0.9379119999815436,31.717012061571296,very_high_uncertainty_extrapolated_beyond_validation_range,True,"Retrospective reconstruction (engineered hybrid pipeline, primary method assignment). Method=gap_edge_residual_model. Beyond validation envelope (L>60 days); very high uncertainty."
2020-05-03,,False,,False,5.256304682787798,5.256304682787798,True,REAL_L091_20200211,256.0,gap_edge_residual_model,,,0.885883897747068,31.187765110711275,very_high_uncertainty_extrapolated_beyond_validation_range,True,"Retrospective reconstruction (engineered hybrid pipeline, primary method assignment). Method=gap_edge_residual_model. Beyond validation envelope (L>60 days); very high uncertainty."
2020-05-04,,False,,False,5.229978002597373,5.229978002597373,True,REAL_L091_20200211,256.0,gap_edge_residual_model,,,1.0093722796490483,27.098693375216072,very_high_uncertainty_extrapolated_beyond_validation_range,True,"Retrospective reconstruction (engineered hybrid pipeline, primary method assignment). Method=gap_edge_residual_model. Beyond validation envelope (L>60 days); very high uncertainty."
2020-05-05,,False,,False,4.723830476619482,4.723830476619482,True,REAL_L091_20200211,256.0,gap_edge_residual_model,,,0.7468548230514421,29.878061549723785,very_high_uncertainty_extrapolated_beyond_validation_range,True,"Retrospective reconstruction (engineered hybrid pipeline, primary method assignment). Method=gap_edge_residual_model. Beyond validation envelope (L>60 days); very high uncertainty."
2020-05-06,,False,,False,3.9053904500779577,3.9053904500779577,True,REAL_L091_20200211,256.0,gap_edge_residual_model,,,0.3443556317926943,44.29163678305114,very_high_uncertainty_extrapolated_beyond_validation_range,True,"Retrospective reconstruction (engineered hybrid pipeline, primary method assignment). Method=gap_edge_residual_model. Beyond validation envelope (L>60 days); very high uncertainty."
2020-05-07,,False,,False,4.71001531652617,4.71001531652617,True,REAL_L091_20200211,256.0,gap_edge_residual_model,,,0.5073188152386443,43.72840828202987,very_high_uncertainty_extrapolated_beyond_validation_range,True,"Retrospective reconstruction (engineered hybrid pipeline, primary method assignment). Method=gap_edge_residual_model. Beyond validation envelope (L>60 days); very high uncertainty."
2020-05-08,,False,,False,5.0830788284034,5.0830788284034,True,REAL_L091_20200211,256.0,gap_edge_residual_model,,,0.593598203704898,43.527238146104374,very_high_uncertainty_extrapolated_beyond_validation_range,True,"Retrospective reconstruction (engineered hybrid pipeline, primary method assignment). Method=gap_edge_residual_model. Beyond validation envelope (L>60 days); very high uncertainty."
2020-05-09,,False,,False,4.9032420112886985,4.9032420112886985,True,REAL_L091_20200211,256.0,gap_edge_residual_model,,,0.5981326223223306,40.19473495346397,very_high_uncertainty_extrapolated_beyond_validation_range,True,"Retrospective reconstruction (engineered hybrid pipeline, primary method assignment). Method=gap_edge_residual_model. Beyond validation envelope (L>60 days); very high uncertainty."
2020-05-10,,False,,False,5.710486038446053,5.710486038446053,True,REAL_L091_20200211,256.0,gap_edge_residual_model,,,1.2705397475675044,25.66598239663078,very_high_uncertainty_extrapolated_beyond_validation_range,True,"Retrospective reconstruction (engineered hybrid pipeline, primary method assignment). Method=gap_edge_residual_model. Beyond validation envelope (L>60 days); very high uncertainty."
2020-05-11,,False,,False,5.399570296193083,5.399570296193083,True,REAL_L091_20200211,256.0,gap_edge_residual_model,,,1.072761542202206,27.177856621965983,very_high_uncertainty_extrapolated_beyond_validation_range,True,"Retrospective reconstruction (engineered hybrid pipeline, primary method assignment). Method=gap_edge_residual_model. Beyond validation envelope (L>60 days); very high uncertainty."
2020-05-12,,False,,False,5.142201731673769,5.142201731673769,True,REAL_L091_20200211,256.0,gap_edge_residual_model,,,0.8184099357693424,32.309283518621754,very_high_uncertainty_extrapolated_beyond_validation_range,True,"Retrospective reconstruction (engineered hybrid pipeline, primary method assignment). Method=gap_edge_residual_model. Beyond validation envelope (L>60 days); very high uncertainty."
2020-05-13,,False,,False,5.766369460997321,5.766369460997321,True,REAL_L091_20200211,256.0,gap_edge_residual_model,,,1.1935329096221496,27.85932125763436,very_high_uncertainty_extrapolated_beyond_validation_range,True,"Retrospective reconstruction (engineered hybrid pipeline, primary method assignment). Method=gap_edge_residual_model. Beyond validation envelope (L>60 days); very high uncertainty."
2020-05-14,,False,,False,4.594661098359402,4.594661098359402,True,REAL_L091_20200211,256.0,gap_edge_residual_model,,,0.7240066330485532,29.158449170397983,very_high_uncertainty_extrapolated_beyond_validation_range,True,"Retrospective reconstruction (engineered hybrid pipeline, primary method assignment). Method=gap_edge_residual_model. Beyond validation envelope (L>60 days); very high uncertainty."
2020-05-15,,False,,False,4.16506634421944,4.16506634421944,True,REAL_L091_20200211,256.0,gap_edge_residual_model,,,0.7022156392963297,24.704345333483595,very_high_uncertainty_extrapolated_beyond_validation_range,True,"Retrospective reconstruction (engineered hybrid pipeline, primary method assignment). Method=gap_edge_residual_model. Beyond validation envelope (L>60 days); very high uncertainty."
2020-05-16,,False,,False,4.3478704504789105,4.3478704504789105,True,REAL_L091_20200211,256.0,gap_edge_residual_model,,,0.7314875618809191,25.84319739564501,very_high_uncertainty_extrapolated_beyond_validation_range,True,"Retrospective reconstruction (engineered hybrid pipeline, primary method assignment). Method=gap_edge_residual_model. Beyond validation envelope (L>60 days); very high uncertainty."
2020-05-17,,False,,False,5.614141115381086,5.614141115381086,True,REAL_L091_20200211,256.0,gap_edge_residual_model,,,0.921110300505082,34.218030616017934,very_high_uncertainty_extrapolated_beyond_validation_range,True,"Retrospective reconstruction (engineered hybrid pipeline, primary method assignment). Method=gap_edge_residual_model. Beyond validation envelope (L>60 days); very high uncertainty."
2020-05-18,,False,,False,6.586347172594515,6.586347172594515,True,REAL_L091_20200211,256.0,gap_edge_residual_model,,,1.5266625563659546,28.414903409437645,very_high_uncertainty_extrapolated_beyond_validation_range,True,"Retrospective reconstruction (engineered hybrid pipeline, primary method assignment). Method=gap_edge_residual_model. Beyond validation envelope (L>60 days); very high uncertainty."
2020-05-19,,False,,False,6.400779589938716,6.400779589938716,True,REAL_L091_20200211,256.0,gap_edge_residual_model,,,1.3485481200626035,30.38080640168338,very_high_uncertainty_extrapolated_beyond_validation_range,True,"Retrospective reconstruction (engineered hybrid pipeline, primary method assignment). Method=gap_edge_residual_model. Beyond validation envelope (L>60 days); very high uncertainty."
2020-05-20,,False,,False,6.138811993160744,6.138811993160744,True,REAL_L091_20200211,256.0,gap_edge_residual_model,,,1.3450759283002414,28.0170151695424,very_high_uncertainty_extrapolated_beyond_validation_range,True,"Retrospective reconstruction (engineered hybrid pipeline, primary method assignment). Method=gap_edge_residual_model. Beyond validation envelope (L>60 days); very high uncertainty."
2020-05-21,,False,,False,5.927551182768467,5.927551182768467,True,REAL_L091_20200211,256.0,gap_edge_residual_model,,,1.3373387735352484,26.27297115708264,very_high_uncertainty_extrapolated_beyond_validation_range,True,"Retrospective reconstruction (engineered hybrid pipeline, primary method assignment). Method=gap_edge_residual_model. Beyond validation envelope (L>60 days); very high uncertainty."
2020-05-22,,False,,False,5.30559091652729,5.30559091652729,True,REAL_L091_20200211,256.0,gap_edge_residual_model,,,1.010299527876754,27.862326168453677,very_high_uncertainty_extrapolated_beyond_validation_range,True,"Retrospective reconstruction (engineered hybrid pipeline, primary method assignment). Method=gap_edge_residual_model. Beyond validation envelope (L>60 days); very high uncertainty."
2020-05-23,,False,,False,4.980239710712173,4.980239710712173,True,REAL_L091_20200211,256.0,gap_edge_residual_model,,,0.9414744066029932,26.344622224673454,very_high_uncertainty_extrapolated_beyond_validation_range,True,"Retrospective reconstruction (engineered hybrid pipeline, primary method assignment). Method=gap_edge_residual_model. Beyond validation envelope (L>60 days); very high uncertainty."
2020-05-24,,False,,False,5.905482149890297,5.905482149890297,True,REAL_L091_20200211,256.0,gap_edge_residual_model,,,1.2819031265398293,27.205425043940984,very_high_uncertainty_extrapolated_beyond_validation_range,True,"Retrospective reconstruction (engineered hybrid pipeline, primary method assignment). Method=gap_edge_residual_model. Beyond validation envelope (L>60 days); very high uncertainty."
2020-05-25,,False,,False,6.019229688786087,6.019229688786087,True,REAL_L091_20200211,256.0,gap_edge_residual_model,,,1.0733262353030937,33.75593072700085,very_high_uncertainty_extrapolated_beyond_validation_range,True,"Retrospective reconstruction (engineered hybrid pipeline, primary method assignment). Method=gap_edge_residual_model. Beyond validation envelope (L>60 days); very high uncertainty."
2020-05-26,,False,,False,6.191862774746017,6.191862774746017,True,REAL_L091_20200211,256.0,gap_edge_residual_model,,,1.265603618818718,30.29318504720321,very_high_uncertainty_extrapolated_beyond_validation_range,True,"Retrospective reconstruction (engineered hybrid pipeline, primary method assignment). Method=gap_edge_residual_model. Beyond validation envelope (L>60 days); very high uncertainty."
2020-05-27,,False,,False,6.366766534791491,6.366766534791491,True,REAL_L091_20200211,256.0,gap_edge_residual_model,,,1.383109979676205,29.3076593359774,very_high_uncertainty_extrapolated_beyond_validation_range,True,"Retrospective reconstruction (engineered hybrid pipeline, primary method assignment). Method=gap_edge_residual_model. Beyond validation envelope (L>60 days); very high uncertainty."
2020-05-28,,False,,False,6.201023333942284,6.201023333942284,True,REAL_L091_20200211,256.0,gap_edge_residual_model,,,1.5451089893251737,24.88671715313164,very_high_uncertainty_extrapolated_beyond_validation_range,True,"Retrospective reconstruction (engineered hybrid pipeline, primary method assignment). Method=gap_edge_residual_model. Beyond validation envelope (L>60 days); very high uncertainty."
2020-05-29,,False,,False,5.981039689063183,5.981039689063183,True,REAL_L091_20200211,256.0,gap_edge_residual_model,,,1.4658499751475595,24.40415893075822,very_high_uncertainty_extrapolated_beyond_validation_range,True,"Retrospective reconstruction (engineered hybrid pipeline, primary method assignment). Method=gap_edge_residual_model. Beyond validation envelope (L>60 days); very high uncertainty."
2020-05-30,,False,,False,5.786202613306156,5.786202613306156,True,REAL_L091_20200211,256.0,gap_edge_residual_model,,,1.338447880974821,25.01415345201688,very_high_uncertainty_extrapolated_beyond_validation_range,True,"Retrospective reconstruction (engineered hybrid pipeline, primary method assignment). Method=gap_edge_residual_model. Beyond validation envelope (L>60 days); very high uncertainty."
2020-05-31,,False,,False,5.947922618730025,5.947922618730025,True,REAL_L091_20200211,256.0,gap_edge_residual_model,,,1.399842509189564,25.27268835326491,very_high_uncertainty_extrapolated_beyond_validation_range,True,"Retrospective reconstruction (engineered hybrid pipeline, primary method assignment). Method=gap_edge_residual_model. Beyond validation envelope (L>60 days); very high uncertainty."
2020-06-01,,False,,False,5.399106695427625,5.399106695427625,True,REAL_L091_20200211,256.0,gap_edge_residual_model,,,1.139812858094973,25.574683511933596,very_high_uncertainty_extrapolated_beyond_validation_range,True,"Retrospective reconstruction (engineered hybrid pipeline, primary method assignment). Method=gap_edge_residual_model. Beyond validation envelope (L>60 days); very high uncertainty."
2020-06-02,,False,,False,5.59273835862879,5.59273835862879,True,REAL_L091_20200211,256.0,gap_edge_residual_model,,,1.3538800102251205,23.103023984287123,very_high_uncertainty_extrapolated_beyond_validation_range,True,"Retrospective reconstruction (engineered hybrid pipeline, primary method assignment). Method=gap_edge_residual_model. Beyond validation envelope (L>60 days); very high uncertainty."
2020-06-03,,False,,False,5.205606495609685,5.205606495609685,True,REAL_L091_20200211,256.0,gap_edge_residual_model,,,1.2210364550866293,22.19289921627377,very_high_uncertainty_extrapolated_beyond_validation_range,True,"Retrospective reconstruction (engineered hybrid pipeline, primary method assignment). Method=gap_edge_residual_model. Beyond validation envelope (L>60 days); very high uncertainty."
2020-06-04,,False,,False,4.747702367112136,4.747702367112136,True,REAL_L091_20200211,256.0,gap_edge_residual_model,,,0.8388051899040395,26.872363259055255,very_high_uncertainty_extrapolated_beyond_validation_range,True,"Retrospective reconstruction (engineered hybrid pipeline, primary method assignment). Method=gap_edge_residual_model. Beyond validation envelope (L>60 days); very high uncertainty."
2020-06-05,,False,,False,4.088250224408505,4.088250224408505,True,REAL_L091_20200211,256.0,gap_edge_residual_model,,,0.4911212535624961,34.03190103490262,very_high_uncertainty_extrapolated_beyond_validation_range,True,"Retrospective reconstruction (engineered hybrid pipeline, primary method assignment). Method=gap_edge_residual_model. Beyond validation envelope (L>60 days); very high uncertainty."
2020-06-06,,False,,False,4.162613321885403,4.162613321885403,True,REAL_L091_20200211,256.0,gap_edge_residual_model,,,0.6066847517712155,28.560713973691687,very_high_uncertainty_extrapolated_beyond_validation_range,True,"Retrospective reconstruction (engineered hybrid pipeline, primary method assignment). Method=gap_edge_residual_model. Beyond validation envelope (L>60 days); very high uncertainty."
2020-06-07,,False,,False,3.5894715130577746,3.5894715130577746,True,REAL_L091_20200211,256.0,gap_edge_residual_model,,,0.3497299643642936,36.84072586251838,very_high_uncertainty_extrapolated_beyond_validation_range,True,"Retrospective reconstruction (engineered hybrid pipeline, primary method assignment). Method=gap_edge_residual_model. Beyond validation envelope (L>60 days); very high uncertainty."
2020-06-08,,False,,False,3.6785050691036303,3.6785050691036303,True,REAL_L091_20200211,256.0,gap_edge_residual_model,,,0.438023228558708,30.89196796239654,very_high_uncertainty_extrapolated_beyond_validation_range,True,"Retrospective reconstruction (engineered hybrid pipeline, primary method assignment). Method=gap_edge_residual_model. Beyond validation envelope (L>60 days); very high uncertainty."
2020-06-09,,False,,False,4.22403909498866,4.22403909498866,True,REAL_L091_20200211,256.0,gap_edge_residual_model,,,0.6014280812023096,29.666899224798104,very_high_uncertainty_extrapolated_beyond_validation_range,True,"Retrospective reconstruction (engineered hybrid pipeline, primary method assignment). Method=gap_edge_residual_model. Beyond validation envelope (L>60 days); very high uncertainty."
2020-06-10,,False,,False,4.405314433550922,4.405314433550922,True,REAL_L091_20200211,256.0,gap_edge_residual_model,,,0.8941837063842674,21.703364890113736,very_high_uncertainty_extrapolated_beyond_validation_range,True,"Retrospective reconstruction (engineered hybrid pipeline, primary method assignment). Method=gap_edge_residual_model. Beyond validation envelope (L>60 days); very high uncertainty."
2020-06-11,,False,,False,4.662939533836386,4.662939533836386,True,REAL_L091_20200211,256.0,gap_edge_residual_model,,,0.9173743209244354,23.70134480579742,very_high_uncertainty_extrapolated_beyond_validation_range,True,"Retrospective reconstruction (engineered hybrid pipeline, primary method assignment). Method=gap_edge_residual_model. Beyond validation envelope (L>60 days); very high uncertainty."
2020-06-12,,False,,False,4.852262674481751,4.852262674481751,True,REAL_L091_20200211,256.0,gap_edge_residual_model,,,1.0457333613894837,22.51477664524816,very_high_uncertainty_extrapolated_beyond_validation_range,True,"Retrospective reconstruction (engineered hybrid pipeline, primary method assignment). Method=gap_edge_residual_model. Beyond validation envelope (L>60 days); very high uncertainty."
2020-06-13,,False,,False,4.897720654513929,4.897720654513929,True,REAL_L091_20200211,256.0,gap_edge_residual_model,,,1.0716248664717205,22.384388754089596,very_high_uncertainty_extrapolated_beyond_validation_range,True,"Retrospective reconstruction (engineered hybrid pipeline, primary method assignment). Method=gap_edge_residual_model. Beyond validation envelope (L>60 days); very high uncertainty."
2020-06-14,,False,,False,4.6677964014741695,4.6677964014741695,True,REAL_L091_20200211,256.0,gap_edge_residual_model,,,0.7270914267751138,29.966414735837944,very_high_uncertainty_extrapolated_beyond_validation_range,True,"Retrospective reconstruction (engineered hybrid pipeline, primary method assignment). Method=gap_edge_residual_model. Beyond validation envelope (L>60 days); very high uncertainty."
2020-06-15,,False,,False,5.074215747095655,5.074215747095655,True,REAL_L091_20200211,256.0,gap_edge_residual_model,,,0.9379481167445484,27.451055115328874,very_high_uncertainty_extrapolated_beyond_validation_range,True,"Retrospective reconstruction (engineered hybrid pipeline, primary method assignment). Method=gap_edge_residual_model. Beyond validation envelope (L>60 days); very high uncertainty."
2020-06-16,,False,,False,4.753071000884911,4.753071000884911,True,REAL_L091_20200211,256.0,gap_edge_residual_model,,,0.9096791025149192,24.83478391115682,very_high_uncertainty_extrapolated_beyond_validation_range,True,"Retrospective reconstruction (engineered hybrid pipeline, primary method assignment). Method=gap_edge_residual_model. Beyond validation envelope (L>60 days); very high uncertainty."
2020-06-17,,False,,False,4.758374507293925,4.758374507293925,True,REAL_L091_20200211,256.0,gap_edge_residual_model,,,0.9012387597350324,25.12334018825553,very_high_uncertainty_extrapolated_beyond_validation_range,True,"Retrospective reconstruction (engineered hybrid pipeline, primary method assignment). Method=gap_edge_residual_model. Beyond validation envelope (L>60 days); very high uncertainty."
2020-06-18,,False,,False,4.813291962753173,4.813291962753173,True,REAL_L091_20200211,256.0,gap_edge_residual_model,,,0.9961939178020612,23.25629488867007,very_high_uncertainty_extrapolated_beyond_validation_range,True,"Retrospective reconstruction (engineered hybrid pipeline, primary method assignment). Method=gap_edge_residual_model. Beyond validation envelope (L>60 days); very high uncertainty."
2020-06-19,,False,,False,4.7995155584061155,4.7995155584061155,True,REAL_L091_20200211,256.0,gap_edge_residual_model,,,1.0544468879754685,21.845907895475037,very_high_uncertainty_extrapolated_beyond_validation_range,True,"Retrospective reconstruction (engineered hybrid pipeline, primary method assignment). Method=gap_edge_residual_model. Beyond validation envelope (L>60 days); very high uncertainty."
2020-06-20,,False,,False,4.305723011190359,4.305723011190359,True,REAL_L091_20200211,256.0,gap_edge_residual_model,,,0.943304208873248,19.653522665014744,very_high_uncertainty_extrapolated_beyond_validation_range,True,"Retrospective reconstruction (engineered hybrid pipeline, primary method assignment). Method=gap_edge_residual_model. Beyond validation envelope (L>60 days); very high uncertainty."
2020-06-21,,False,,False,4.219660245782138,4.219660245782138,True,REAL_L091_20200211,256.0,gap_edge_residual_model,,,0.8804472592726038,20.223281295173216,very_high_uncertainty_extrapolated_beyond_validation_range,True,"Retrospective reconstruction (engineered hybrid pipeline, primary method assignment). Method=gap_edge_residual_model. Beyond validation envelope (L>60 days); very high uncertainty."
2020-06-22,,False,,False,4.668473574917606,4.668473574917606,True,REAL_L091_20200211,256.0,gap_edge_residual_model,,,0.8655165447397242,25.181084812489622,very_high_uncertainty_extrapolated_beyond_validation_range,True,"Retrospective reconstruction (engineered hybrid pipeline, primary method assignment). Method=gap_edge_residual_model. Beyond validation envelope (L>60 days); very high uncertainty."
2020-06-23,,False,,False,4.921193775195613,4.921193775195613,True,REAL_L091_20200211,256.0,gap_edge_residual_model,,,1.0882792894969169,22.253614864084632,very_high_uncertainty_extrapolated_beyond_validation_range,True,"Retrospective reconstruction (engineered hybrid pipeline, primary method assignment). Method=gap_edge_residual_model. Beyond validation envelope (L>60 days); very high uncertainty."
2020-06-24,,False,,False,4.86811895077342,4.86811895077342,True,REAL_L091_20200211,256.0,gap_edge_residual_model,,,0.9602214185375778,24.68033066266358,very_high_uncertainty_extrapolated_beyond_validation_range,True,"Retrospective reconstruction (engineered hybrid pipeline, primary method assignment). Method=gap_edge_residual_model. Beyond validation envelope (L>60 days); very high uncertainty."
2020-06-25,,False,,False,4.131828396319975,4.131828396319975,True,REAL_L091_20200211,256.0,gap_edge_residual_model,,,0.7014022952732081,24.339820402193386,very_high_uncertainty_extrapolated_beyond_validation_range,True,"Retrospective reconstruction (engineered hybrid pipeline, primary method assignment). Method=gap_edge_residual_model. Beyond validation envelope (L>60 days); very high uncertainty."
2020-06-26,,False,,False,3.9611182481209526,3.9611182481209526,True,REAL_L091_20200211,256.0,gap_edge_residual_model,,,0.6186334098497215,25.36309472747089,very_high_uncertainty_extrapolated_beyond_validation_range,True,"Retrospective reconstruction (engineered hybrid pipeline, primary method assignment). Method=gap_edge_residual_model. Beyond validation envelope (L>60 days); very high uncertainty."
2020-06-27,,False,,False,4.386498499542427,4.386498499542427,True,REAL_L091_20200211,256.0,gap_edge_residual_model,,,0.8223844880712562,23.39704768947537,very_high_uncertainty_extrapolated_beyond_validation_range,True,"Retrospective reconstruction (engineered hybrid pipeline, primary method assignment). Method=gap_edge_residual_model. Beyond validation envelope (L>60 days); very high uncertainty."
2020-06-28,,False,,False,5.475616047342788,5.475616047342788,True,REAL_L091_20200211,256.0,gap_edge_residual_model,,,1.2744023432356706,23.526613284305085,very_high_uncertainty_extrapolated_beyond_validation_range,True,"Retrospective reconstruction (engineered hybrid pipeline, primary method assignment). Method=gap_edge_residual_model. Beyond validation envelope (L>60 days); very high uncertainty."
2020-06-29,,False,,False,5.939618304426459,5.939618304426459,True,REAL_L091_20200211,256.0,gap_edge_residual_model,,,1.3275392411560138,26.5747817530102,very_high_uncertainty_extrapolated_beyond_validation_range,True,"Retrospective reconstruction (engineered hybrid pipeline, primary method assignment). Method=gap_edge_residual_model. Beyond validation envelope (L>60 days); very high uncertainty."
2020-06-30,,False,,False,6.242022062426489,6.242022062426489,True,REAL_L091_20200211,256.0,gap_edge_residual_model,,,1.7139352021550929,22.732971105808073,very_high_uncertainty_extrapolated_beyond_validation_range,True,"Retrospective reconstruction (engineered hybrid pipeline, primary method assignment). Method=gap_edge_residual_model. Beyond validation envelope (L>60 days); very high uncertainty."
2020-07-01,,False,,False,5.847014583781059,5.847014583781059,True,REAL_L091_20200211,256.0,gap_edge_residual_model,,,1.3168915166845945,25.960816900862895,very_high_uncertainty_extrapolated_beyond_validation_range,True,"Retrospective reconstruction (engineered hybrid pipeline, primary method assignment). Method=gap_edge_residual_model. Beyond validation envelope (L>60 days); very high uncertainty."
2020-07-02,,False,,False,5.147819660374428,5.147819660374428,True,REAL_L091_20200211,256.0,gap_edge_residual_model,,,1.0961207829821564,24.17621093146345,very_high_uncertainty_extrapolated_beyond_validation_range,True,"Retrospective reconstruction (engineered hybrid pipeline, primary method assignment). Method=gap_edge_residual_model. Beyond validation envelope (L>60 days); very high uncertainty."
2020-07-03,,False,,False,5.206694086798733,5.206694086798733,True,REAL_L091_20200211,256.0,gap_edge_residual_model,,,1.0897310713487982,24.8773885835432,very_high_uncertainty_extrapolated_beyond_validation_range,True,"Retrospective reconstruction (engineered hybrid pipeline, primary method assignment). Method=gap_edge_residual_model. Beyond validation envelope (L>60 days); very high uncertainty."
2020-07-04,,False,,False,4.888976004595713,4.888976004595713,True,REAL_L091_20200211,256.0,gap_edge_residual_model,,,0.7258418689685391,32.93015654701598,very_high_uncertainty_extrapolated_beyond_validation_range,True,"Retrospective reconstruction (engineered hybrid pipeline, primary method assignment). Method=gap_edge_residual_model. Beyond validation envelope (L>60 days); very high uncertainty."
2020-07-05,,False,,False,5.0207070938635345,5.0207070938635345,True,REAL_L091_20200211,256.0,gap_edge_residual_model,,,1.0114491767604938,24.922161490216556,very_high_uncertainty_extrapolated_beyond_validation_range,True,"Retrospective reconstruction (engineered hybrid pipeline, primary method assignment). Method=gap_edge_residual_model. Beyond validation envelope (L>60 days); very high uncertainty."
2020-07-06,,False,,False,4.623558843199698,4.623558843199698,True,REAL_L091_20200211,256.0,gap_edge_residual_model,,,0.7910500728170443,27.02394843401312,very_high_uncertainty_extrapolated_beyond_validation_range,True,"Retrospective reconstruction (engineered hybrid pipeline, primary method assignment). Method=gap_edge_residual_model. Beyond validation envelope (L>60 days); very high uncertainty."
2020-07-07,,False,,False,4.519047077217478,4.519047077217478,True,REAL_L091_20200211,256.0,gap_edge_residual_model,,,0.8209275477532171,24.876478493138496,very_high_uncertainty_extrapolated_beyond_validation_range,True,"Retrospective reconstruction (engineered hybrid pipeline, primary method assignment). Method=gap_edge_residual_model. Beyond validation envelope (L>60 days); very high uncertainty."
2020-07-08,,False,,False,4.079746840413546,4.079746840413546,True,REAL_L091_20200211,256.0,gap_edge_residual_model,,,0.6577949729885738,25.30322511624519,very_high_uncertainty_extrapolated_beyond_validation_range,True,"Retrospective reconstruction (engineered hybrid pipeline, primary method assignment). Method=gap_edge_residual_model. Beyond validation envelope (L>60 days); very high uncertainty."
2020-07-09,,False,,False,3.9925300881490178,3.9925300881490178,True,REAL_L091_20200211,256.0,gap_edge_residual_model,,,0.7630614887030253,20.889923997958416,very_high_uncertainty_extrapolated_beyond_validation_range,True,"Retrospective reconstruction (engineered hybrid pipeline, primary method assignment). Method=gap_edge_residual_model. Beyond validation envelope (L>60 days); very high uncertainty."
2020-07-10,,False,,False,3.918063050461427,3.918063050461427,True,REAL_L091_20200211,256.0,gap_edge_residual_model,,,0.6600299659087336,23.25836531717988,very_high_uncertainty_extrapolated_beyond_validation_range,True,"Retrospective reconstruction (engineered hybrid pipeline, primary method assignment). Method=gap_edge_residual_model. Beyond validation envelope (L>60 days); very high uncertainty."
2020-07-11,,False,,False,3.664165841422307,3.664165841422307,True,REAL_L091_20200211,256.0,gap_edge_residual_model,,,0.6785692077516307,19.785913006474445,very_high_uncertainty_extrapolated_beyond_validation_range,True,"Retrospective reconstruction (engineered hybrid pipeline, primary method assignment). Method=gap_edge_residual_model. Beyond validation envelope (L>60 days); very high uncertainty."
2020-07-12,,False,,False,3.8271920122127088,3.8271920122127088,True,REAL_L091_20200211,256.0,gap_edge_residual_model,,,0.6391935822343139,22.915434549803344,very_high_uncertainty_extrapolated_beyond_validation_range,True,"Retrospective reconstruction (engineered hybrid pipeline, primary method assignment). Method=gap_edge_residual_model. Beyond validation envelope (L>60 days); very high uncertainty."
2020-07-13,,False,,False,4.908805265441924,4.908805265441924,True,REAL_L091_20200211,256.0,gap_edge_residual_model,,,0.7910837083770139,30.459948648754786,very_high_uncertainty_extrapolated_beyond_validation_range,True,"Retrospective reconstruction (engineered hybrid pipeline, primary method assignment). Method=gap_edge_residual_model. Beyond validation envelope (L>60 days); very high uncertainty."
2020-07-14,,False,,False,5.2411478004120005,5.2411478004120005,True,REAL_L091_20200211,256.0,gap_edge_residual_model,,,0.6885159059572495,39.89687097725403,very_high_uncertainty_extrapolated_beyond_validation_range,True,"Retrospective reconstruction (engineered hybrid pipeline, primary method assignment). Method=gap_edge_residual_model. Beyond validation envelope (L>60 days); very high uncertainty."
2020-07-15,,False,,False,5.791256348380016,5.791256348380016,True,REAL_L091_20200211,256.0,gap_edge_residual_model,,,0.8850255199478528,37.89568700191604,very_high_uncertainty_extrapolated_beyond_validation_range,True,"Retrospective reconstruction (engineered hybrid pipeline, primary method assignment). Method=gap_edge_residual_model. Beyond validation envelope (L>60 days); very high uncertainty."
2020-07-16,,False,,False,5.877521142752234,5.877521142752234,True,REAL_L091_20200211,256.0,gap_edge_residual_model,,,0.965166550150764,35.792014112075655,very_high_uncertainty_extrapolated_beyond_validation_range,True,"Retrospective reconstruction (engineered hybrid pipeline, primary method assignment). Method=gap_edge_residual_model. Beyond validation envelope (L>60 days); very high uncertainty."
2020-07-17,,False,,False,5.678894391566523,5.678894391566523,True,REAL_L091_20200211,256.0,gap_edge_residual_model,,,1.0297117267229323,31.31929128669937,very_high_uncertainty_extrapolated_beyond_validation_range,True,"Retrospective reconstruction (engineered hybrid pipeline, primary method assignment). Method=gap_edge_residual_model. Beyond validation envelope (L>60 days); very high uncertainty."
2020-07-18,,False,,False,6.065585781627428,6.065585781627428,True,REAL_L091_20200211,256.0,gap_edge_residual_model,,,1.118413936330154,32.89598750441544,very_high_uncertainty_extrapolated_beyond_validation_range,True,"Retrospective reconstruction (engineered hybrid pipeline, primary method assignment). Method=gap_edge_residual_model. Beyond validation envelope (L>60 days); very high uncertainty."
2020-07-19,,False,,False,5.973297643773875,5.973297643773875,True,REAL_L091_20200211,256.0,gap_edge_residual_model,,,1.008772396302254,35.370005039693595,very_high_uncertainty_extrapolated_beyond_validation_range,True,"Retrospective reconstruction (engineered hybrid pipeline, primary method assignment). Method=gap_edge_residual_model. Beyond validation envelope (L>60 days); very high uncertainty."
2020-07-20,,False,,False,5.913981229451018,5.913981229451018,True,REAL_L091_20200211,256.0,gap_edge_residual_model,,,1.1336370967887082,30.85217842762409,very_high_uncertainty_extrapolated_beyond_validation_range,True,"Retrospective reconstruction (engineered hybrid pipeline, primary method assignment). Method=gap_edge_residual_model. Beyond validation envelope (L>60 days); very high uncertainty."
2020-07-21,,False,,False,4.922690133863963,4.922690133863963,True,REAL_L091_20200211,256.0,gap_edge_residual_model,,,0.8698010629287963,27.86025355320283,very_high_uncertainty_extrapolated_beyond_validation_range,True,"Retrospective reconstruction (engineered hybrid pipeline, primary method assignment). Method=gap_edge_residual_model. Beyond validation envelope (L>60 days); very high uncertainty."
2020-07-22,,False,,False,5.458700083820551,5.458700083820551,True,REAL_L091_20200211,256.0,gap_edge_residual_model,,,1.049846679705284,28.382626893164353,very_high_uncertainty_extrapolated_beyond_validation_range,True,"Retrospective reconstruction (engineered hybrid pipeline, primary method assignment). Method=gap_edge_residual_model. Beyond validation envelope (L>60 days); very high uncertainty."
2020-07-23,,False,,False,5.4532286401602805,5.4532286401602805,True,REAL_L091_20200211,256.0,gap_edge_residual_model,,,1.0939236332438689,27.184441123811887,very_high_uncertainty_extrapolated_beyond_validation_range,True,"Retrospective reconstruction (engineered hybrid pipeline, primary method assignment). Method=gap_edge_residual_model. Beyond validation envelope (L>60 days); very high uncertainty."
2020-07-24,,False,,False,4.700373464222377,4.700373464222377,True,REAL_L091_20200211,256.0,gap_edge_residual_model,,,0.6977162476757376,31.66546683808027,very_high_uncertainty_extrapolated_beyond_validation_range,True,"Retrospective reconstruction (engineered hybrid pipeline, primary method assignment). Method=gap_edge_residual_model. Beyond validation envelope (L>60 days); very high uncertainty."
2020-07-25,,False,,False,3.90057005890274,3.90057005890274,True,REAL_L091_20200211,256.0,gap_edge_residual_model,,,0.5579751950051871,27.26724578548171,very_high_uncertainty_extrapolated_beyond_validation_range,True,"Retrospective reconstruction (engineered hybrid pipeline, primary method assignment). Method=gap_edge_residual_model. Beyond validation envelope (L>60 days); very high uncertainty."
2020-07-26,,False,,False,3.936885814012448,3.936885814012448,True,REAL_L091_20200211,256.0,gap_edge_residual_model,,,0.7070065870443808,21.92210114670336,very_high_uncertainty_extrapolated_beyond_validation_range,True,"Retrospective reconstruction (engineered hybrid pipeline, primary method assignment). Method=gap_edge_residual_model. Beyond validation envelope (L>60 days); very high uncertainty."
2020-07-27,,False,,False,3.887201878553279,3.887201878553279,True,REAL_L091_20200211,256.0,gap_edge_residual_model,,,0.7382631495683437,20.467415248157824,very_high_uncertainty_extrapolated_beyond_validation_range,True,"Retrospective reconstruction (engineered hybrid pipeline, primary method assignment). Method=gap_edge_residual_model. Beyond validation envelope (L>60 days); very high uncertainty."
2020-07-28,,False,,False,3.7849454194854104,3.7849454194854104,True,REAL_L091_20200211,256.0,gap_edge_residual_model,,,0.7306534037300499,19.60685019100583,very_high_uncertainty_extrapolated_beyond_validation_range,True,"Retrospective reconstruction (engineered hybrid pipeline, primary method assignment). Method=gap_edge_residual_model. Beyond validation envelope (L>60 days); very high uncertainty."
2020-07-29,,False,,False,3.650937882468933,3.650937882468933,True,REAL_L091_20200211,256.0,gap_edge_residual_model,,,0.6698393395870699,19.899320081534423,very_high_uncertainty_extrapolated_beyond_validation_range,True,"Retrospective reconstruction (engineered hybrid pipeline, primary method assignment). Method=gap_edge_residual_model. Beyond validation envelope (L>60 days); very high uncertainty."
2020-07-30,,False,,False,3.5846466169127353,3.5846466169127353,True,REAL_L091_20200211,256.0,gap_edge_residual_model,,,0.6394840658954314,20.093841353421777,very_high_uncertainty_extrapolated_beyond_validation_range,True,"Retrospective reconstruction (engineered hybrid pipeline, primary method assignment). Method=gap_edge_residual_model. Beyond validation envelope (L>60 days); very high uncertainty."
2020-07-31,,False,,False,3.435440308258041,3.435440308258041,True,REAL_L091_20200211,256.0,gap_edge_residual_model,,,0.5402760022117125,21.84485348838291,very_high_uncertainty_extrapolated_beyond_validation_range,True,"Retrospective reconstruction (engineered hybrid pipeline, primary method assignment). Method=gap_edge_residual_model. Beyond validation envelope (L>60 days); very high uncertainty."
2020-08-01,,False,,False,3.842378414592228,3.842378414592228,True,REAL_L091_20200211,256.0,gap_edge_residual_model,,,0.7647945112639231,19.30436432725577,very_high_uncertainty_extrapolated_beyond_validation_range,True,"Retrospective reconstruction (engineered hybrid pipeline, primary method assignment). Method=gap_edge_residual_model. Beyond validation envelope (L>60 days); very high uncertainty."
2020-08-02,,False,,False,3.829669623593844,3.829669623593844,True,REAL_L091_20200211,256.0,gap_edge_residual_model,,,0.7972890559486245,18.39529756046529,very_high_uncertainty_extrapolated_beyond_validation_range,True,"Retrospective reconstruction (engineered hybrid pipeline, primary method assignment). Method=gap_edge_residual_model. Beyond validation envelope (L>60 days); very high uncertainty."
2020-08-03,,False,,False,3.8357839046916697,3.8357839046916697,True,REAL_L091_20200211,256.0,gap_edge_residual_model,,,0.7677936016283949,19.16301221094669,very_high_uncertainty_extrapolated_beyond_validation_range,True,"Retrospective reconstruction (engineered hybrid pipeline, primary method assignment). Method=gap_edge_residual_model. Beyond validation envelope (L>60 days); very high uncertainty."
2020-08-04,,False,,False,3.995421610119237,3.995421610119237,True,REAL_L091_20200211,256.0,gap_edge_residual_model,,,0.8027870520972815,19.88496675538479,very_high_uncertainty_extrapolated_beyond_validation_range,True,"Retrospective reconstruction (engineered hybrid pipeline, primary method assignment). Method=gap_edge_residual_model. Beyond validation envelope (L>60 days); very high uncertainty."
2020-08-05,,False,,False,3.847087247277484,3.847087247277484,True,REAL_L091_20200211,256.0,gap_edge_residual_model,,,0.8065985898648484,18.34875547035721,very_high_uncertainty_extrapolated_beyond_validation_range,True,"Retrospective reconstruction (engineered hybrid pipeline, primary method assignment). Method=gap_edge_residual_model. Beyond validation envelope (L>60 days); very high uncertainty."
2020-08-06,,False,,False,3.6357544483053257,3.6357544483053257,True,REAL_L091_20200211,256.0,gap_edge_residual_model,,,0.7166456202043378,18.445253882390155,very_high_uncertainty_extrapolated_beyond_validation_range,True,"Retrospective reconstruction (engineered hybrid pipeline, primary method assignment). Method=gap_edge_residual_model. Beyond validation envelope (L>60 days); very high uncertainty."
2020-08-07,,False,,False,3.3998542278528014,3.3998542278528014,True,REAL_L091_20200211,256.0,gap_edge_residual_model,,,0.6680293554568275,17.303144953478906,very_high_uncertainty_extrapolated_beyond_validation_range,True,"Retrospective reconstruction (engineered hybrid pipeline, primary method assignment). Method=gap_edge_residual_model. Beyond validation envelope (L>60 days); very high uncertainty."
2020-08-08,,False,,False,3.7462840195593414,3.7462840195593414,True,REAL_L091_20200211,256.0,gap_edge_residual_model,,,0.5158017660380503,27.209375537830887,very_high_uncertainty_extrapolated_beyond_validation_range,True,"Retrospective reconstruction (engineered hybrid pipeline, primary method assignment). Method=gap_edge_residual_model. Beyond validation envelope (L>60 days); very high uncertainty."
2020-08-09,,False,,False,4.637761625002074,4.637761625002074,True,REAL_L091_20200211,256.0,gap_edge_residual_model,,,0.883159992955934,24.35440131108281,very_high_uncertainty_extrapolated_beyond_validation_range,True,"Retrospective reconstruction (engineered hybrid pipeline, primary method assignment). Method=gap_edge_residual_model. Beyond validation envelope (L>60 days); very high uncertainty."
2020-08-10,,False,,False,4.213353282168447,4.213353282168447,True,REAL_L091_20200211,256.0,gap_edge_residual_model,,,0.751305290599446,23.628671463494573,very_high_uncertainty_extrapolated_beyond_validation_range,True,"Retrospective reconstruction (engineered hybrid pipeline, primary method assignment). Method=gap_edge_residual_model. Beyond validation envelope (L>60 days); very high uncertainty."
2020-08-11,,False,,False,3.4613279850208443,3.4613279850208443,True,REAL_L091_20200211,256.0,gap_edge_residual_model,,,0.5243736469659056,22.84781374733624,very_high_uncertainty_extrapolated_beyond_validation_range,True,"Retrospective reconstruction (engineered hybrid pipeline, primary method assignment). Method=gap_edge_residual_model. Beyond validation envelope (L>60 days); very high uncertainty."
2020-08-12,,False,,False,3.514999992871235,3.514999992871235,True,REAL_L091_20200211,256.0,gap_edge_residual_model,,,0.5640877190104308,21.90302063579639,very_high_uncertainty_extrapolated_beyond_validation_range,True,"Retrospective reconstruction (engineered hybrid pipeline, primary method assignment). Method=gap_edge_residual_model. Beyond validation envelope (L>60 days); very high uncertainty."
2020-08-13,,False,,False,4.1633973893938006,4.1633973893938006,True,REAL_L091_20200211,256.0,gap_edge_residual_model,,,0.660152119776329,26.25739932166564,very_high_uncertainty_extrapolated_beyond_validation_range,True,"Retrospective reconstruction (engineered hybrid pipeline, primary method assignment). Method=gap_edge_residual_model. Beyond validation envelope (L>60 days); very high uncertainty."
2020-08-14,,False,,False,3.969880060711125,3.969880060711125,True,REAL_L091_20200211,256.0,gap_edge_residual_model,,,0.6127191129820854,25.721325420597,very_high_uncertainty_extrapolated_beyond_validation_range,True,"Retrospective reconstruction (engineered hybrid pipeline, primary method assignment). Method=gap_edge_residual_model. Beyond validation envelope (L>60 days); very high uncertainty."
2020-08-15,,False,,False,3.693542659444712,3.693542659444712,True,REAL_L091_20200211,256.0,gap_edge_residual_model,,,0.5795482834664083,23.53946645401227,very_high_uncertainty_extrapolated_beyond_validation_range,True,"Retrospective reconstruction (engineered hybrid pipeline, primary method assignment). Method=gap_edge_residual_model. Beyond validation envelope (L>60 days); very high uncertainty."
2020-08-16,,False,,False,3.8190558706733295,3.8190558706733295,True,REAL_L091_20200211,256.0,gap_edge_residual_model,,,0.6404936225332545,22.771792302377165,very_high_uncertainty_extrapolated_beyond_validation_range,True,"Retrospective reconstruction (engineered hybrid pipeline, primary method assignment). Method=gap_edge_residual_model. Beyond validation envelope (L>60 days); very high uncertainty."
2020-08-17,,False,,False,4.0976950393224945,4.0976950393224945,True,REAL_L091_20200211,256.0,gap_edge_residual_model,,,0.6832467915811714,24.575460642018044,very_high_uncertainty_extrapolated_beyond_validation_range,True,"Retrospective reconstruction (engineered hybrid pipeline, primary method assignment). Method=gap_edge_residual_model. Beyond validation envelope (L>60 days); very high uncertainty."
2020-08-18,,False,,False,4.28517844564604,4.28517844564604,True,REAL_L091_20200211,256.0,gap_edge_residual_model,,,0.6165300699367501,29.78403683199628,very_high_uncertainty_extrapolated_beyond_validation_range,True,"Retrospective reconstruction (engineered hybrid pipeline, primary method assignment). Method=gap_edge_residual_model. Beyond validation envelope (L>60 days); very high uncertainty."
2020-08-19,,False,,False,4.0266967926529995,4.0266967926529995,True,REAL_L091_20200211,256.0,gap_edge_residual_model,,,0.6103229797133757,26.56673204010216,very_high_uncertainty_extrapolated_beyond_validation_range,True,"Retrospective reconstruction (engineered hybrid pipeline, primary method assignment). Method=gap_edge_residual_model. Beyond validation envelope (L>60 days); very high uncertainty."
2020-08-20,,False,,False,4.28787494400651,4.28787494400651,True,REAL_L091_20200211,256.0,gap_edge_residual_model,,,0.6333648115146853,29.028880672213553,very_high_uncertainty_extrapolated_beyond_validation_range,True,"Retrospective reconstruction (engineered hybrid pipeline, primary method assignment). Method=gap_edge_residual_model. Beyond validation envelope (L>60 days); very high uncertainty."
2020-08-21,,False,,False,4.753067491140219,4.753067491140219,True,REAL_L091_20200211,256.0,gap_edge_residual_model,,,0.9122894608623948,24.76368690478775,very_high_uncertainty_extrapolated_beyond_validation_range,True,"Retrospective reconstruction (engineered hybrid pipeline, primary method assignment). Method=gap_edge_residual_model. Beyond validation envelope (L>60 days); very high uncertainty."
2020-08-22,,False,,False,5.2893507452333965,5.2893507452333965,True,REAL_L091_20200211,256.0,gap_edge_residual_model,,,1.0684685264293765,26.184422483267532,very_high_uncertainty_extrapolated_beyond_validation_range,True,"Retrospective reconstruction (engineered hybrid pipeline, primary method assignment). Method=gap_edge_residual_model. Beyond validation envelope (L>60 days); very high uncertainty."
2020-08-23,,False,,False,4.8951413926875835,4.8951413926875835,True,REAL_L091_20200211,256.0,gap_edge_residual_model,,,0.7848588243173481,30.530852825978336,very_high_uncertainty_extrapolated_beyond_validation_range,True,"Retrospective reconstruction (engineered hybrid pipeline, primary method assignment). Method=gap_edge_residual_model. Beyond validation envelope (L>60 days); very high uncertainty."
2020-08-24,,False,,False,4.83613319511974,4.83613319511974,True,REAL_L091_20200211,256.0,gap_edge_residual_model,,,0.8747274725304349,26.73768118118105,very_high_uncertainty_extrapolated_beyond_validation_range,True,"Retrospective reconstruction (engineered hybrid pipeline, primary method assignment). Method=gap_edge_residual_model. Beyond validation envelope (L>60 days); very high uncertainty."
2020-08-25,,False,,False,4.727784085057696,4.727784085057696,True,REAL_L091_20200211,256.0,gap_edge_residual_model,,,0.8993020797063555,24.854765555777764,very_high_uncertainty_extrapolated_beyond_validation_range,True,"Retrospective reconstruction (engineered hybrid pipeline, primary method assignment). Method=gap_edge_residual_model. Beyond validation envelope (L>60 days); very high uncertainty."
2020-08-26,,False,,False,4.811581258394901,4.811581258394901,True,REAL_L091_20200211,256.0,gap_edge_residual_model,,,0.9186477402408264,25.201514347673537,very_high_uncertainty_extrapolated_beyond_validation_range,True,"Retrospective reconstruction (engineered hybrid pipeline, primary method assignment). Method=gap_edge_residual_model. Beyond validation envelope (L>60 days); very high uncertainty."
2020-08-27,,False,,False,4.93526776244474,4.93526776244474,True,REAL_L091_20200211,256.0,gap_edge_residual_model,,,0.986133727174602,24.69935589447063,very_high_uncertainty_extrapolated_beyond_validation_range,True,"Retrospective reconstruction (engineered hybrid pipeline, primary method assignment). Method=gap_edge_residual_model. Beyond validation envelope (L>60 days); very high uncertainty."
2020-08-28,,False,,False,4.850698911551016,4.850698911551016,True,REAL_L091_20200211,256.0,gap_edge_residual_model,,,1.0450836694915624,22.514254712227302,very_high_uncertainty_extrapolated_beyond_validation_range,True,"Retrospective reconstruction (engineered hybrid pipeline, primary method assignment). Method=gap_edge_residual_model. Beyond validation envelope (L>60 days); very high uncertainty."
2020-08-29,,False,,False,4.430997370619891,4.430997370619891,True,REAL_L091_20200211,256.0,gap_edge_residual_model,,,0.9041598934174214,21.714895607934388,very_high_uncertainty_extrapolated_beyond_validation_range,True,"Retrospective reconstruction (engineered hybrid pipeline, primary method assignment). Method=gap_edge_residual_model. Beyond validation envelope (L>60 days); very high uncertainty."
2020-08-30,,False,,False,4.403058263874471,4.403058263874471,True,REAL_L091_20200211,256.0,gap_edge_residual_model,,,0.9370482511730188,20.689353030438156,very_high_uncertainty_extrapolated_beyond_validation_range,True,"Retrospective reconstruction (engineered hybrid pipeline, primary method assignment). Method=gap_edge_residual_model. Beyond validation envelope (L>60 days); very high uncertainty."
2020-08-31,,False,,False,4.638836888774208,4.638836888774208,True,REAL_L091_20200211,256.0,gap_edge_residual_model,,,0.948585207239272,22.68516050685625,very_high_uncertainty_extrapolated_beyond_validation_range,True,"Retrospective reconstruction (engineered hybrid pipeline, primary method assignment). Method=gap_edge_residual_model. Beyond validation envelope (L>60 days); very high uncertainty."
2020-09-01,,False,,False,4.655098533286423,4.655098533286423,True,REAL_L091_20200211,256.0,gap_edge_residual_model,,,0.8717183161519377,24.858881536714662,very_high_uncertainty_extrapolated_beyond_validation_range,True,"Retrospective reconstruction (engineered hybrid pipeline, primary method assignment). Method=gap_edge_residual_model. Beyond validation envelope (L>60 days); very high uncertainty."
2020-09-02,,False,,False,4.536993538583953,4.536993538583953,True,REAL_L091_20200211,256.0,gap_edge_residual_model,,,0.8408378189041955,24.48071424282345,very_high_uncertainty_extrapolated_beyond_validation_range,True,"Retrospective reconstruction (engineered hybrid pipeline, primary method assignment). Method=gap_edge_residual_model. Beyond validation envelope (L>60 days); very high uncertainty."
2020-09-03,,False,,False,4.096719638750397,4.096719638750397,True,REAL_L091_20200211,256.0,gap_edge_residual_model,,,0.7183396839129258,23.3637541881336,very_high_uncertainty_extrapolated_beyond_validation_range,True,"Retrospective reconstruction (engineered hybrid pipeline, primary method assignment). Method=gap_edge_residual_model. Beyond validation envelope (L>60 days); very high uncertainty."
2020-09-04,,False,,False,4.1187823375799635,4.1187823375799635,True,REAL_L091_20200211,256.0,gap_edge_residual_model,,,0.7403677666310607,22.913433983700607,very_high_uncertainty_extrapolated_beyond_validation_range,True,"Retrospective reconstruction (engineered hybrid pipeline, primary method assignment). Method=gap_edge_residual_model. Beyond validation envelope (L>60 days); very high uncertainty."
2020-09-05,,False,,False,4.6912484667012695,4.6912484667012695,True,REAL_L091_20200211,256.0,gap_edge_residual_model,,,0.9740050570135268,22.595172394491343,very_high_uncertainty_extrapolated_beyond_validation_range,True,"Retrospective reconstruction (engineered hybrid pipeline, primary method assignment). Method=gap_edge_residual_model. Beyond validation envelope (L>60 days); very high uncertainty."
2020-09-06,,False,,False,5.051730053782762,5.051730053782762,True,REAL_L091_20200211,256.0,gap_edge_residual_model,,,1.1787947300956136,21.649211592778354,very_high_uncertainty_extrapolated_beyond_validation_range,True,"Retrospective reconstruction (engineered hybrid pipeline, primary method assignment). Method=gap_edge_residual_model. Beyond validation envelope (L>60 days); very high uncertainty."
2020-09-07,,False,,False,4.242287973281384,4.242287973281384,True,REAL_L091_20200211,256.0,gap_edge_residual_model,,,0.7992703678736907,22.51679528183379,very_high_uncertainty_extrapolated_beyond_validation_range,True,"Retrospective reconstruction (engineered hybrid pipeline, primary method assignment). Method=gap_edge_residual_model. Beyond validation envelope (L>60 days); very high uncertainty."
2020-09-08,,False,,False,3.8209382642764624,3.8209382642764624,True,REAL_L091_20200211,256.0,gap_edge_residual_model,,,0.539075705522913,27.082595393999792,very_high_uncertainty_extrapolated_beyond_validation_range,True,"Retrospective reconstruction (engineered hybrid pipeline, primary method assignment). Method=gap_edge_residual_model. Beyond validation envelope (L>60 days); very high uncertainty."
2020-09-09,,False,,False,3.8381165930947785,3.8381165930947785,True,REAL_L091_20200211,256.0,gap_edge_residual_model,,,0.5935695050640782,24.817883763417367,very_high_uncertainty_extrapolated_beyond_validation_range,True,"Retrospective reconstruction (engineered hybrid pipeline, primary method assignment). Method=gap_edge_residual_model. Beyond validation envelope (L>60 days); very high uncertainty."
2020-09-10,,False,,False,3.5314430850345837,3.5314430850345837,True,REAL_L091_20200211,256.0,gap_edge_residual_model,,,0.5012914235296528,24.877924651150305,very_high_uncertainty_extrapolated_beyond_validation_range,True,"Retrospective reconstruction (engineered hybrid pipeline, primary method assignment). Method=gap_edge_residual_model. Beyond validation envelope (L>60 days); very high uncertainty."
2020-09-11,,False,,False,2.7320196407112385,2.7320196407112385,True,REAL_L091_20200211,256.0,gap_edge_residual_model,,,0.4098766536271731,18.2101889707073,very_high_uncertainty_extrapolated_beyond_validation_range,True,"Retrospective reconstruction (engineered hybrid pipeline, primary method assignment). Method=gap_edge_residual_model. Beyond validation envelope (L>60 days); very high uncertainty."
2020-09-12,,False,,False,2.62461367755068,2.62461367755068,True,REAL_L091_20200211,256.0,gap_edge_residual_model,,,0.4431704956625471,15.543897944035155,very_high_uncertainty_extrapolated_beyond_validation_range,True,"Retrospective reconstruction (engineered hybrid pipeline, primary method assignment). Method=gap_edge_residual_model. Beyond validation envelope (L>60 days); very high uncertainty."
2020-09-13,,False,,False,2.756111377244596,2.756111377244596,True,REAL_L091_20200211,256.0,gap_edge_residual_model,,,0.5031959256704363,15.09580967623361,very_high_uncertainty_extrapolated_beyond_validation_range,True,"Retrospective reconstruction (engineered hybrid pipeline, primary method assignment). Method=gap_edge_residual_model. Beyond validation envelope (L>60 days); very high uncertainty."
2020-09-14,,False,,False,3.415124582236466,3.415124582236466,True,REAL_L091_20200211,256.0,gap_edge_residual_model,,,0.5395820463212706,21.615018497579015,very_high_uncertainty_extrapolated_beyond_validation_range,True,"Retrospective reconstruction (engineered hybrid pipeline, primary method assignment). Method=gap_edge_residual_model. Beyond validation envelope (L>60 days); very high uncertainty."
2020-09-15,,False,,False,3.830931717011636,3.830931717011636,True,REAL_L091_20200211,256.0,gap_edge_residual_model,,,0.6851994770797489,21.418635465037887,very_high_uncertainty_extrapolated_beyond_validation_range,True,"Retrospective reconstruction (engineered hybrid pipeline, primary method assignment). Method=gap_edge_residual_model. Beyond validation envelope (L>60 days); very high uncertainty."
2020-09-16,,False,,False,3.8102891677395263,3.8102891677395263,True,REAL_L091_20200211,256.0,gap_edge_residual_model,,,0.6976990521378725,20.80883369026594,very_high_uncertainty_extrapolated_beyond_validation_range,True,"Retrospective reconstruction (engineered hybrid pipeline, primary method assignment). Method=gap_edge_residual_model. Beyond validation envelope (L>60 days); very high uncertainty."
2020-09-17,,False,,False,3.897068877879153,3.897068877879153,True,REAL_L091_20200211,256.0,gap_edge_residual_model,,,0.7837678596756618,19.37709699555556,very_high_uncertainty_extrapolated_beyond_validation_range,True,"Retrospective reconstruction (engineered hybrid pipeline, primary method assignment). Method=gap_edge_residual_model. Beyond validation envelope (L>60 days); very high uncertainty."
2020-09-18,,False,,False,3.894154075502847,3.894154075502847,True,REAL_L091_20200211,256.0,gap_edge_residual_model,,,0.7888331661174757,19.223882330395192,very_high_uncertainty_extrapolated_beyond_validation_range,True,"Retrospective reconstruction (engineered hybrid pipeline, primary method assignment). Method=gap_edge_residual_model. Beyond validation envelope (L>60 days); very high uncertainty."
2020-09-19,,False,,False,4.196544570590064,4.196544570590064,True,REAL_L091_20200211,256.0,gap_edge_residual_model,,,0.5716767570262828,30.805846339733712,very_high_uncertainty_extrapolated_beyond_validation_range,True,"Retrospective reconstruction (engineered hybrid pipeline, primary method assignment). Method=gap_edge_residual_model. Beyond validation envelope (L>60 days); very high uncertainty."
2020-09-20,,False,,False,4.520002440960808,4.520002440960808,True,REAL_L091_20200211,256.0,gap_edge_residual_model,,,0.7332398980283308,27.863216556039447,very_high_uncertainty_extrapolated_beyond_validation_range,True,"Retrospective reconstruction (engineered hybrid pipeline, primary method assignment). Method=gap_edge_residual_model. Beyond validation envelope (L>60 days); very high uncertainty."
2020-09-21,,False,,False,4.813376995811742,4.813376995811742,True,REAL_L091_20200211,256.0,gap_edge_residual_model,,,0.5747836555608723,40.30838016992987,very_high_uncertainty_extrapolated_beyond_validation_range,True,"Retrospective reconstruction (engineered hybrid pipeline, primary method assignment). Method=gap_edge_residual_model. Beyond validation envelope (L>60 days); very high uncertainty."
2020-09-22,,False,,False,5.244081234998675,5.244081234998675,True,REAL_L091_20200211,256.0,gap_edge_residual_model,,,0.9867613156418168,27.869341413509137,very_high_uncertainty_extrapolated_beyond_validation_range,True,"Retrospective reconstruction (engineered hybrid pipeline, primary method assignment). Method=gap_edge_residual_model. Beyond validation envelope (L>60 days); very high uncertainty."
2020-09-23,,False,,False,5.079926815180157,5.079926815180157,True,REAL_L091_20200211,256.0,gap_edge_residual_model,,,0.8752545840241029,29.483600450215704,very_high_uncertainty_extrapolated_beyond_validation_range,True,"Retrospective reconstruction (engineered hybrid pipeline, primary method assignment). Method=gap_edge_residual_model. Beyond validation envelope (L>60 days); very high uncertainty."
2020-09-24,,False,,False,5.424664561147268,5.424664561147268,True,REAL_L091_20200211,256.0,gap_edge_residual_model,,,1.1858184747671192,24.815759095629023,very_high_uncertainty_extrapolated_beyond_validation_range,True,"Retrospective reconstruction (engineered hybrid pipeline, primary method assignment). Method=gap_edge_residual_model. Beyond validation envelope (L>60 days); very high uncertainty."
2020-09-25,,False,,False,5.437929158992017,5.437929158992017,True,REAL_L091_20200211,256.0,gap_edge_residual_model,,,1.1059371654997598,26.73847525944462,very_high_uncertainty_extrapolated_beyond_validation_range,True,"Retrospective reconstruction (engineered hybrid pipeline, primary method assignment). Method=gap_edge_residual_model. Beyond validation envelope (L>60 days); very high uncertainty."
2020-09-26,,False,,False,5.464903009787904,5.464903009787904,True,REAL_L091_20200211,256.0,gap_edge_residual_model,,,1.1498479636934498,25.973142406112892,very_high_uncertainty_extrapolated_beyond_validation_range,True,"Retrospective reconstruction (engineered hybrid pipeline, primary method assignment). Method=gap_edge_residual_model. Beyond validation envelope (L>60 days); very high uncertainty."
2020-09-27,,False,,False,5.050070546672427,5.050070546672427,True,REAL_L091_20200211,256.0,gap_edge_residual_model,,,1.201051309477103,21.234074119174466,very_high_uncertainty_extrapolated_beyond_validation_range,True,"Retrospective reconstruction (engineered hybrid pipeline, primary method assignment). Method=gap_edge_residual_model. Beyond validation envelope (L>60 days); very high uncertainty."
2020-09-28,,False,,False,4.978696261207015,4.978696261207015,True,REAL_L091_20200211,256.0,gap_edge_residual_model,,,1.0023324648054026,24.72973522429912,very_high_uncertainty_extrapolated_beyond_validation_range,True,"Retrospective reconstruction (engineered hybrid pipeline, primary method assignment). Method=gap_edge_residual_model. Beyond validation envelope (L>60 days); very high uncertainty."
2020-09-29,,False,,False,5.745416111551706,5.745416111551706,True,REAL_L091_20200211,256.0,gap_edge_residual_model,,,1.3774389440262087,23.964623940710833,very_high_uncertainty_extrapolated_beyond_validation_range,True,"Retrospective reconstruction (engineered hybrid pipeline, primary method assignment). Method=gap_edge_residual_model. Beyond validation envelope (L>60 days); very high uncertainty."
2020-09-30,,False,,False,5.38744201127244,5.38744201127244,True,REAL_L091_20200211,256.0,gap_edge_residual_model,,,1.2324236795823826,23.55077389835487,very_high_uncertainty_extrapolated_beyond_validation_range,True,"Retrospective reconstruction (engineered hybrid pipeline, primary method assignment). Method=gap_edge_residual_model. Beyond validation envelope (L>60 days); very high uncertainty."
2020-10-01,,False,,False,3.774215912722685,3.774215912722685,True,REAL_L091_20200211,256.0,gap_edge_residual_model,,,0.6029380470727063,23.625488265349773,very_high_uncertainty_extrapolated_beyond_validation_range,True,"Retrospective reconstruction (engineered hybrid pipeline, primary method assignment). Method=gap_edge_residual_model. Beyond validation envelope (L>60 days); very high uncertainty."
2020-10-02,,False,,False,3.811492635893752,3.811492635893752,True,REAL_L091_20200211,256.0,gap_edge_residual_model,,,0.7264638955348122,19.99751977044556,very_high_uncertainty_extrapolated_beyond_validation_range,True,"Retrospective reconstruction (engineered hybrid pipeline, primary method assignment). Method=gap_edge_residual_model. Beyond validation envelope (L>60 days); very high uncertainty."
2020-10-03,,False,,False,3.818502206879473,3.818502206879473,True,REAL_L091_20200211,256.0,gap_edge_residual_model,,,0.645252183671972,22.59730299704953,very_high_uncertainty_extrapolated_beyond_validation_range,True,"Retrospective reconstruction (engineered hybrid pipeline, primary method assignment). Method=gap_edge_residual_model. Beyond validation envelope (L>60 days); very high uncertainty."
2020-10-04,,False,,False,3.5480171897721045,3.5480171897721045,True,REAL_L091_20200211,256.0,gap_edge_residual_model,,,0.6173559258220908,20.39087251354265,very_high_uncertainty_extrapolated_beyond_validation_range,True,"Retrospective reconstruction (engineered hybrid pipeline, primary method assignment). Method=gap_edge_residual_model. Beyond validation envelope (L>60 days); very high uncertainty."
2020-10-05,,False,,False,3.080752875295206,3.080752875295206,True,REAL_L091_20200211,256.0,gap_edge_residual_model,,,0.4775370557569678,19.874977583875577,very_high_uncertainty_extrapolated_beyond_validation_range,True,"Retrospective reconstruction (engineered hybrid pipeline, primary method assignment). Method=gap_edge_residual_model. Beyond validation envelope (L>60 days); very high uncertainty."
2020-10-06,,False,,False,2.845376786774563,2.845376786774563,True,REAL_L091_20200211,256.0,gap_edge_residual_model,,,0.3796171047657174,21.327197739712307,very_high_uncertainty_extrapolated_beyond_validation_range,True,"Retrospective reconstruction (engineered hybrid pipeline, primary method assignment). Method=gap_edge_residual_model. Beyond validation envelope (L>60 days); very high uncertainty."
2020-10-07,,False,,False,2.923057705892221,2.923057705892221,True,REAL_L091_20200211,256.0,gap_edge_residual_model,,,0.3779522802928671,22.606733171063624,very_high_uncertainty_extrapolated_beyond_validation_range,True,"Retrospective reconstruction (engineered hybrid pipeline, primary method assignment). Method=gap_edge_residual_model. Beyond validation envelope (L>60 days); very high uncertainty."
2020-10-08,,False,,False,2.7662796124205133,2.7662796124205133,True,REAL_L091_20200211,256.0,gap_edge_residual_model,,,0.3854902406949772,19.85083430464415,very_high_uncertainty_extrapolated_beyond_validation_range,True,"Retrospective reconstruction (engineered hybrid pipeline, primary method assignment). Method=gap_edge_residual_model. Beyond validation envelope (L>60 days); very high uncertainty."
2020-10-09,,False,,False,2.494636412659633,2.494636412659633,True,REAL_L091_20200211,256.0,gap_edge_residual_model,,,0.3997246470848296,15.568744326257749,very_high_uncertainty_extrapolated_beyond_validation_range,True,"Retrospective reconstruction (engineered hybrid pipeline, primary method assignment). Method=gap_edge_residual_model. Beyond validation envelope (L>60 days); very high uncertainty."
2020-10-10,,False,,False,2.5337928437554185,2.5337928437554185,True,REAL_L091_20200211,256.0,gap_edge_residual_model,,,0.4052441737954398,15.842562559102769,very_high_uncertainty_extrapolated_beyond_validation_range,True,"Retrospective reconstruction (engineered hybrid pipeline, primary method assignment). Method=gap_edge_residual_model. Beyond validation envelope (L>60 days); very high uncertainty."
2020-10-11,,False,,False,4.292964881212255,4.292964881212255,True,REAL_L091_20200211,256.0,gap_edge_residual_model,,,0.716589914826869,25.71840196184509,very_high_uncertainty_extrapolated_beyond_validation_range,True,"Retrospective reconstruction (engineered hybrid pipeline, primary method assignment). Method=gap_edge_residual_model. Beyond validation envelope (L>60 days); very high uncertainty."
2020-10-12,,False,,False,4.919195341947812,4.919195341947812,True,REAL_L091_20200211,256.0,gap_edge_residual_model,,,0.988262475492025,24.485886505195268,very_high_uncertainty_extrapolated_beyond_validation_range,True,"Retrospective reconstruction (engineered hybrid pipeline, primary method assignment). Method=gap_edge_residual_model. Beyond validation envelope (L>60 days); very high uncertainty."
2020-10-13,,False,,False,4.787105727478981,4.787105727478981,True,REAL_L091_20200211,256.0,gap_edge_residual_model,,,0.8842903992562958,25.91499496696465,very_high_uncertainty_extrapolated_beyond_validation_range,True,"Retrospective reconstruction (engineered hybrid pipeline, primary method assignment). Method=gap_edge_residual_model. Beyond validation envelope (L>60 days); very high uncertainty."
2020-10-14,,False,,False,4.887046829044915,4.887046829044915,True,REAL_L091_20200211,256.0,gap_edge_residual_model,,,1.038714667476305,22.993058110275285,very_high_uncertainty_extrapolated_beyond_validation_range,True,"Retrospective reconstruction (engineered hybrid pipeline, primary method assignment). Method=gap_edge_residual_model. Beyond validation envelope (L>60 days); very high uncertainty."
2020-10-15,,False,,False,5.108789999653984,5.108789999653984,True,REAL_L091_20200211,256.0,gap_edge_residual_model,,,1.2878531635441228,20.266080015472475,very_high_uncertainty_extrapolated_beyond_validation_range,True,"Retrospective reconstruction (engineered hybrid pipeline, primary method assignment). Method=gap_edge_residual_model. Beyond validation envelope (L>60 days); very high uncertainty."
2020-10-16,,False,,False,5.237858878453222,5.237858878453222,True,REAL_L091_20200211,256.0,gap_edge_residual_model,,,1.483998459853494,18.487327563196896,very_high_uncertainty_extrapolated_beyond_validation_range,True,"Retrospective reconstruction (engineered hybrid pipeline, primary method assignment). Method=gap_edge_residual_model. Beyond validation envelope (L>60 days); very high uncertainty."
2020-10-17,,False,,False,4.990226936609348,4.990226936609348,True,REAL_L091_20200211,256.0,gap_edge_residual_model,,,1.2866821073771069,19.353937337035656,very_high_uncertainty_extrapolated_beyond_validation_range,True,"Retrospective reconstruction (engineered hybrid pipeline, primary method assignment). Method=gap_edge_residual_model. Beyond validation envelope (L>60 days); very high uncertainty."
2020-10-18,,False,,False,4.663673513771845,4.663673513771845,True,REAL_L091_20200211,256.0,gap_edge_residual_model,,,1.235304148682561,17.606878974909147,very_high_uncertainty_extrapolated_beyond_validation_range,True,"Retrospective reconstruction (engineered hybrid pipeline, primary method assignment). Method=gap_edge_residual_model. Beyond validation envelope (L>60 days); very high uncertainty."
2020-10-19,,False,,False,3.628161178674782,3.628161178674782,True,REAL_L091_20200211,256.0,gap_edge_residual_model,,,0.7992091903314974,16.470723432225274,very_high_uncertainty_extrapolated_beyond_validation_range,True,"Retrospective reconstruction (engineered hybrid pipeline, primary method assignment). Method=gap_edge_residual_model. Beyond validation envelope (L>60 days); very high uncertainty."
2020-10-20,,False,,False,3.559127250970205,3.559127250970205,True,REAL_L091_20200211,256.0,gap_edge_residual_model,,,0.8074572880445944,15.687996103515422,very_high_uncertainty_extrapolated_beyond_validation_range,True,"Retrospective reconstruction (engineered hybrid pipeline, primary method assignment). Method=gap_edge_residual_model. Beyond validation envelope (L>60 days); very high uncertainty."
2020-10-21,,False,,False,3.625415359344787,3.625415359344787,True,REAL_L091_20200211,256.0,gap_edge_residual_model,,,0.7952124162960411,16.528459891249977,very_high_uncertainty_extrapolated_beyond_validation_range,True,"Retrospective reconstruction (engineered hybrid pipeline, primary method assignment). Method=gap_edge_residual_model. Beyond validation envelope (L>60 days); very high uncertainty."
2020-10-22,,False,,False,3.6496350519540393,3.6496350519540393,True,REAL_L091_20200211,256.0,gap_edge_residual_model,,,0.7757346220982551,17.17060916582948,very_high_uncertainty_extrapolated_beyond_validation_range,True,"Retrospective reconstruction (engineered hybrid pipeline, primary method assignment). Method=gap_edge_residual_model. Beyond validation envelope (L>60 days); very high uncertainty."
2020-10-23,,False,,False,3.675830659426049,3.675830659426049,True,REAL_L091_20200211,256.0,gap_edge_residual_model,,,0.8250584137620792,16.376696257379056,very_high_uncertainty_extrapolated_beyond_validation_range,True,"Retrospective reconstruction (engineered hybrid pipeline, primary method assignment). Method=gap_edge_residual_model. Beyond validation envelope (L>60 days); very high uncertainty."
2020-10-24,6.215083333333333,True,6.215083333333333,True,,6.215083333333333,False,,,,,,,,,False,
2020-10-25,3.7808333333333337,True,3.7808333333333337,True,,3.7808333333333337,False,,,,,,,,,False,
2020-10-26,3.0005,True,3.0005,True,,3.0005,False,,,,,,,,,False,
2020-10-27,3.5112500000000004,True,3.5112500000000004,True,,3.5112500000000004,False,,,,,,,,,False,
2020-10-28,3.2396666666666665,True,3.2396666666666665,True,,3.2396666666666665,False,,,,,,,,,False,
2020-10-29,4.077,True,4.077,True,,4.077,False,,,,,,,,,False,
2020-10-30,4.759166666666666,True,4.759166666666666,True,,4.759166666666666,False,,,,,,,,,False,
2020-10-31,8.939958333333335,True,8.939958333333335,True,,8.939958333333335,False,,,,,,,,,False,
2020-11-01,11.000041666666666,True,11.000041666666666,True,,11.000041666666666,False,,,,,,,,,False,
2020-11-02,13.819791666666667,True,13.819791666666667,True,,13.819791666666667,False,,,,,,,,,False,
2020-11-03,10.958041666666666,True,10.958041666666666,True,,10.958041666666666,False,,,,,,,,,False,
2020-11-04,6.3051666666666675,True,6.3051666666666675,True,,6.3051666666666675,False,,,,,,,,,False,
2020-11-05,4.244083333333333,True,4.244083333333333,True,,4.244083333333333,False,,,,,,,,,False,
2020-11-06,4.206458333333333,True,4.206458333333333,True,,4.206458333333333,False,,,,,,,,,False,
2020-11-07,2.0685,True,2.0685,True,,2.0685,False,,,,,,,,,False,
2020-11-08,2.516,True,2.516,True,,2.516,False,,,,,,,,,False,
2020-11-09,3.705083333333333,True,3.705083333333333,True,,3.705083333333333,False,,,,,,,,,False,
2020-11-10,4.079125,True,4.079125,True,,4.079125,False,,,,,,,,,False,
2020-11-11,4.376875,True,4.376875,True,,4.376875,False,,,,,,,,,False,
2020-11-12,4.96875,True,4.96875,True,,4.96875,False,,,,,,,,,False,
2020-11-13,5.426875,True,5.426875,True,,5.426875,False,,,,,,,,,False,
2020-11-14,4.9347916666666665,True,4.9347916666666665,True,,4.9347916666666665,False,,,,,,,,,False,
2020-11-15,4.154541666666667,True,4.154541666666667,True,,4.154541666666667,False,,,,,,,,,False,
2020-11-16,3.251041666666667,True,3.251041666666667,True,,3.251041666666667,False,,,,,,,,,False,
2020-11-17,4.612958333333333,True,4.612958333333333,True,,4.612958333333333,False,,,,,,,,,False,
2020-11-18,5.424291666666666,True,5.424291666666666,True,,5.424291666666666,False,,,,,,,,,False,
2020-11-19,5.499375000000001,True,5.499375000000001,True,,5.499375000000001,False,,,,,,,,,False,
2020-11-20,6.125708333333333,True,6.125708333333333,True,,6.125708333333333,False,,,,,,,,,False,
2020-11-21,1.5895833333333331,True,1.5895833333333331,True,,1.5895833333333331,False,,,,,,,,,False,
2020-11-22,1.4455,True,1.4455,True,,1.4455,False,,,,,,,,,False,
2020-11-23,1.847625,True,1.847625,True,,1.847625,False,,,,,,,,,False,
2020-11-24,1.6405416666666666,True,1.6405416666666666,True,,1.6405416666666666,False,,,,,,,,,False,
2020-11-25,1.526625,True,1.526625,True,,1.526625,False,,,,,,,,,False,
2020-11-26,1.4472499999999997,True,1.4472499999999997,True,,1.4472499999999997,False,,,,,,,,,False,
2020-11-27,1.8810833333333337,True,1.8810833333333337,True,,1.8810833333333337,False,,,,,,,,,False,
2020-11-28,1.949,True,1.949,True,,1.949,False,,,,,,,,,False,
2020-11-29,2.814916666666667,True,2.814916666666667,True,,2.814916666666667,False,,,,,,,,,False,
2020-11-30,4.901291666666666,True,4.901291666666666,True,,4.901291666666666,False,,,,,,,,,False,
2020-12-01,9.531583333333332,True,9.531583333333332,True,,9.531583333333332,False,,,,,,,,,False,
2020-12-02,7.835125000000001,True,7.835125000000001,True,,7.835125000000001,False,,,,,,,,,False,
2020-12-03,4.748916666666666,True,4.748916666666666,True,,4.748916666666666,False,,,,,,,,,False,
2020-12-04,10.464625,True,10.464625,True,,10.464625,False,,,,,,,,,False,
2020-12-05,10.137999999999998,True,10.137999999999998,True,,10.137999999999998,False,,,,,,,,,False,
2020-12-06,8.225666666666667,True,8.225666666666667,True,,8.225666666666667,False,,,,,,,,,False,
2020-12-07,4.319583333333333,True,4.319583333333333,True,,4.319583333333333,False,,,,,,,,,False,
2020-12-08,3.8523333333333327,True,3.8523333333333327,True,,3.8523333333333327,False,,,,,,,,,False,
2020-12-09,4.426699999999999,True,4.426699999999999,True,,4.426699999999999,False,,,,,,,,,False,
2020-12-10,1.52925,True,1.52925,True,,1.52925,False,,,,,,,,,False,
2020-12-11,0.6762083333333333,True,0.6762083333333333,True,,0.6762083333333333,False,,,,,,,,,False,
2020-12-12,1.5220000000000002,True,1.5220000000000002,True,,1.5220000000000002,False,,,,,,,,,False,
2020-12-13,1.894875,True,1.894875,True,,1.894875,False,,,,,,,,,False,
2020-12-14,2.3573333333333335,True,2.3573333333333335,True,,2.3573333333333335,False,,,,,,,,,False,
2020-12-15,2.1144583333333333,True,2.1144583333333333,True,,2.1144583333333333,False,,,,,,,,,False,
2020-12-16,2.4112916666666666,True,2.4112916666666666,True,,2.4112916666666666,False,,,,,,,,,False,
2020-12-17,2.658791666666667,True,2.658791666666667,True,,2.658791666666667,False,,,,,,,,,False,
2020-12-18,2.219875,True,2.219875,True,,2.219875,False,,,,,,,,,False,
2020-12-19,1.03425,True,1.03425,True,,1.03425,False,,,,,,,,,False,
2020-12-20,0.5462083333333333,True,0.5462083333333333,True,,0.5462083333333333,False,,,,,,,,,False,
2020-12-21,2.75375,True,2.75375,True,,2.75375,False,,,,,,,,,False,
2020-12-22,3.5993333333333335,True,3.5993333333333335,True,,3.5993333333333335,False,,,,,,,,,False,
2020-12-23,4.09175,True,4.09175,True,,4.09175,False,,,,,,,,,False,
2020-12-24,5.361625,True,5.361625,True,,5.361625,False,,,,,,,,,False,
2020-12-25,7.515916666666667,True,7.515916666666667,True,,7.515916666666667,False,,,,,,,,,False,
2020-12-26,9.52425,True,9.52425,True,,9.52425,False,,,,,,,,,False,
2020-12-27,9.020166666666666,True,9.020166666666666,True,,9.020166666666666,False,,,,,,,,,False,
2020-12-28,5.873708333333333,True,5.873708333333333,True,,5.873708333333333,False,,,,,,,,,False,
2020-12-29,3.7100833333333334,True,3.7100833333333334,True,,3.7100833333333334,False,,,,,,,,,False,
2020-12-30,5.872791666666667,True,5.872791666666667,True,,5.872791666666667,False,,,,,,,,,False,
2020-12-31,8.945416666666667,True,8.945416666666667,True,,8.945416666666667,False,,,,,,,,,False,
2021-01-01,13.37341666666667,True,13.37341666666667,True,,13.37341666666667,False,,,,,,,,,False,
2021-01-02,10.338333333333331,True,10.338333333333331,True,,10.338333333333331,False,,,,,,,,,False,
2021-01-03,20.075208333333332,True,20.075208333333332,True,,20.075208333333332,False,,,,,,,,,False,
2021-01-04,17.138166666666667,True,17.138166666666667,True,,17.138166666666667,False,,,,,,,,,False,
2021-01-05,9.668375,True,9.668375,True,,9.668375,False,,,,,,,,,False,
2021-01-06,7.629791666666667,True,7.629791666666667,True,,7.629791666666667,False,,,,,,,,,False,
2021-01-07,8.874666666666668,True,8.874666666666668,True,,8.874666666666668,False,,,,,,,,,False,
2021-01-08,11.991875,True,11.991875,True,,11.991875,False,,,,,,,,,False,
2021-01-09,9.152375,True,9.152375,True,,9.152375,False,,,,,,,,,False,
2021-01-10,6.711958333333334,True,6.711958333333334,True,,6.711958333333334,False,,,,,,,,,False,
2021-01-11,5.103375,True,5.103375,True,,5.103375,False,,,,,,,,,False,
2021-01-12,3.8703333333333334,True,3.8703333333333334,True,,3.8703333333333334,False,,,,,,,,,False,
2021-01-13,8.042208333333333,True,8.042208333333333,True,,8.042208333333333,False,,,,,,,,,False,
2021-01-14,2.71875,True,2.71875,True,,2.71875,False,,,,,,,,,False,
2021-01-15,5.106208333333334,True,5.106208333333334,True,,5.106208333333334,False,,,,,,,,,False,
2021-01-16,15.872041666666666,True,15.872041666666666,True,,15.872041666666666,False,,,,,,,,,False,
2021-01-17,21.315458333333336,True,21.315458333333336,True,,21.315458333333336,False,,,,,,,,,False,
2021-01-18,27.115041666666663,True,27.115041666666663,True,,27.115041666666663,False,,,,,,,,,False,
2021-01-19,24.603041666666662,True,24.603041666666662,True,,24.603041666666662,False,,,,,,,,,False,
2021-01-20,18.862318181818186,True,18.862318181818186,True,,18.862318181818186,False,,,,,,,,,False,
2021-01-21,16.40975,True,16.40975,True,,16.40975,False,,,,,,,,,False,
2021-01-22,12.093375,True,12.093375,True,,12.093375,False,,,,,,,,,False,
2021-01-23,9.482125,True,9.482125,True,,9.482125,False,,,,,,,,,False,
2021-01-24,9.238458333333334,True,9.238458333333334,True,,9.238458333333334,False,,,,,,,,,False,
2021-01-25,11.472958333333333,True,11.472958333333333,True,,11.472958333333333,False,,,,,,,,,False,
2021-01-26,12.5135,True,12.5135,True,,12.5135,False,,,,,,,,,False,
2021-01-27,11.073416666666668,True,11.073416666666668,True,,11.073416666666668,False,,,,,,,,,False,
2021-01-28,11.383375,True,11.383375,True,,11.383375,False,,,,,,,,,False,
2021-01-29,9.678541666666666,True,9.678541666666666,True,,9.678541666666666,False,,,,,,,,,False,
2021-01-30,11.089083333333331,True,11.089083333333331,True,,11.089083333333331,False,,,,,,,,,False,
2021-01-31,11.274666666666668,True,11.274666666666668,True,,11.274666666666668,False,,,,,,,,,False,
2021-02-01,4.149916666666667,True,4.149916666666667,True,,4.149916666666667,False,,,,,,,,,False,
2021-02-02,0.0599166666666666,True,0.0599166666666666,True,,0.0599166666666666,False,,,,,,,,,False,
2021-02-03,0.1164999999999999,True,0.1164999999999999,True,,0.1164999999999999,False,,,,,,,,,False,
2021-02-04,1.4164166666666669,True,1.4164166666666669,True,,1.4164166666666669,False,,,,,,,,,False,
2021-02-05,3.0680416666666663,True,3.0680416666666663,True,,3.0680416666666663,False,,,,,,,,,False,
2021-02-06,2.7307083333333337,True,2.7307083333333337,True,,2.7307083333333337,False,,,,,,,,,False,
2021-02-07,4.322666666666667,True,4.322666666666667,True,,4.322666666666667,False,,,,,,,,,False,
2021-02-08,2.6082083333333332,True,2.6082083333333332,True,,2.6082083333333332,False,,,,,,,,,False,
2021-02-09,4.723166666666667,True,4.723166666666667,True,,4.723166666666667,False,,,,,,,,,False,
2021-02-10,13.625875,True,13.625875,True,,13.625875,False,,,,,,,,,False,
2021-02-11,15.42495833333333,True,15.42495833333333,True,,15.42495833333333,False,,,,,,,,,False,
2021-02-12,10.125416666666666,True,10.125416666666666,True,,10.125416666666666,False,,,,,,,,,False,
2021-02-13,3.862416666666667,True,3.862416666666667,True,,3.862416666666667,False,,,,,,,,,False,
2021-02-14,1.3235416666666666,True,1.3235416666666666,True,,1.3235416666666666,False,,,,,,,,,False,
2021-02-15,0.7644583333333334,True,0.7644583333333334,True,,0.7644583333333334,False,,,,,,,,,False,
2021-02-16,0.6948333333333334,True,0.6948333333333334,True,,0.6948333333333334,False,,,,,,,,,False,
2021-02-17,0.5224166666666666,True,0.5224166666666666,True,,0.5224166666666666,False,,,,,,,,,False,
2021-02-18,0.3532916666666666,True,0.3532916666666666,True,,0.3532916666666666,False,,,,,,,,,False,
2021-02-19,0.328125,True,0.328125,True,,0.328125,False,,,,,,,,,False,
2021-02-20,0.5724583333333333,True,0.5724583333333333,True,,0.5724583333333333,False,,,,,,,,,False,
2021-02-21,0.86325,True,0.86325,True,,0.86325,False,,,,,,,,,False,
2021-02-22,0.7203333333333334,True,0.7203333333333334,True,,0.7203333333333334,False,,,,,,,,,False,
2021-02-23,0.7405833333333334,True,0.7405833333333334,True,,0.7405833333333334,False,,,,,,,,,False,
2021-02-24,3.2588749999999997,True,3.2588749999999997,True,,3.2588749999999997,False,,,,,,,,,False,
2021-02-25,8.160291666666666,True,8.160291666666666,True,,8.160291666666666,False,,,,,,,,,False,
2021-02-26,10.313761904761906,True,10.313761904761906,True,,10.313761904761906,False,,,,,,,,,False,
2021-02-27,10.122458333333332,True,10.122458333333332,True,,10.122458333333332,False,,,,,,,,,False,
2021-02-28,10.627583333333332,True,10.627583333333332,True,,10.627583333333332,False,,,,,,,,,False,
2021-03-01,7.79625,True,7.79625,True,,7.79625,False,,,,,,,,,False,
2021-03-02,7.559625,True,7.559625,True,,7.559625,False,,,,,,,,,False,
2021-03-03,8.38275,True,8.38275,True,,8.38275,False,,,,,,,,,False,
2021-03-04,7.966541666666667,True,7.966541666666667,True,,7.966541666666667,False,,,,,,,,,False,
2021-03-05,2.747125,True,2.747125,True,,2.747125,False,,,,,,,,,False,
2021-03-06,0.954625,True,0.954625,True,,0.954625,False,,,,,,,,,False,
2021-03-07,0.9326666666666666,True,0.9326666666666666,True,,0.9326666666666666,False,,,,,,,,,False,
2021-03-08,0.9996666666666668,True,0.9996666666666668,True,,0.9996666666666668,False,,,,,,,,,False,
2021-03-09,0.9437083333333334,True,0.9437083333333334,True,,0.9437083333333334,False,,,,,,,,,False,
2021-03-10,0.7112083333333333,True,0.7112083333333333,True,,0.7112083333333333,False,,,,,,,,,False,
2021-03-11,0.5817083333333334,True,0.5817083333333334,True,,0.5817083333333334,False,,,,,,,,,False,
2021-03-12,0.9349166666666668,True,0.9349166666666668,True,,0.9349166666666668,False,,,,,,,,,False,
2021-03-13,1.6952083333333334,True,1.6952083333333334,True,,1.6952083333333334,False,,,,,,,,,False,
2021-03-14,2.0068333333333332,True,2.0068333333333332,True,,2.0068333333333332,False,,,,,,,,,False,
2021-03-15,1.96675,True,1.96675,True,,1.96675,False,,,,,,,,,False,
2021-03-16,1.3533333333333335,True,1.3533333333333335,True,,1.3533333333333335,False,,,,,,,,,False,
2021-03-17,1.0475833333333335,True,1.0475833333333335,True,,1.0475833333333335,False,,,,,,,,,False,
2021-03-18,0.9615,True,0.9615,True,,0.9615,False,,,,,,,,,False,
2021-03-19,0.9370833333333334,True,0.9370833333333334,True,,0.9370833333333334,False,,,,,,,,,False,
2021-03-20,0.9839583333333334,True,0.9839583333333334,True,,0.9839583333333334,False,,,,,,,,,False,
2021-03-21,1.033625,True,1.033625,True,,1.033625,False,,,,,,,,,False,
2021-03-22,1.0259166666666666,True,1.0259166666666666,True,,1.0259166666666666,False,,,,,,,,,False,
2021-03-23,1.1334583333333332,True,1.1334583333333332,True,,1.1334583333333332,False,,,,,,,,,False,
2021-03-24,1.094875,True,1.094875,True,,1.094875,False,,,,,,,,,False,
2021-03-25,1.4441666666666668,True,1.4441666666666668,True,,1.4441666666666668,False,,,,,,,,,False,
2021-03-26,1.919125,True,1.919125,True,,1.919125,False,,,,,,,,,False,
2021-03-27,2.257625,True,2.257625,True,,2.257625,False,,,,,,,,,False,
2021-03-28,6.063083333333334,True,6.063083333333334,True,,6.063083333333334,False,,,,,,,,,False,
2021-03-29,9.887166666666667,True,9.887166666666667,True,,9.887166666666667,False,,,,,,,,,False,
2021-03-30,4.999416666666666,True,4.999416666666666,True,,4.999416666666666,False,,,,,,,,,False,
2021-03-31,3.5555833333333333,True,3.5555833333333333,True,,3.5555833333333333,False,,,,,,,,,False,
2021-04-01,5.540208333333333,True,5.540208333333333,True,,5.540208333333333,False,,,,,,,,,False,
2021-04-02,8.730625,True,8.730625,True,,8.730625,False,,,,,,,,,False,
2021-04-03,10.746833333333337,True,10.746833333333337,True,,10.746833333333337,False,,,,,,,,,False,
2021-04-04,10.136083333333334,True,10.136083333333334,True,,10.136083333333334,False,,,,,,,,,False,
2021-04-05,7.178041666666666,True,7.178041666666666,True,,7.178041666666666,False,,,,,,,,,False,
2021-04-06,4.935958333333333,True,4.935958333333333,True,,4.935958333333333,False,,,,,,,,,False,
2021-04-07,3.093541666666667,True,3.093541666666667,True,,3.093541666666667,False,,,,,,,,,False,
2021-04-08,2.4205833333333335,True,2.4205833333333335,True,,2.4205833333333335,False,,,,,,,,,False,
2021-04-09,1.2862083333333334,True,1.2862083333333334,True,,1.2862083333333334,False,,,,,,,,,False,
2021-04-10,1.0864583333333333,True,1.0864583333333333,True,,1.0864583333333333,False,,,,,,,,,False,
2021-04-11,0.6835000000000001,True,0.6835000000000001,True,,0.6835000000000001,False,,,,,,,,,False,
2021-04-12,1.2220833333333332,True,1.2220833333333332,True,,1.2220833333333332,False,,,,,,,,,False,
2021-04-13,1.8934583333333332,True,1.8934583333333332,True,,1.8934583333333332,False,,,,,,,,,False,
2021-04-14,1.737375,True,1.737375,True,,1.737375,False,,,,,,,,,False,
2021-04-15,1.6635833333333334,True,1.6635833333333334,True,,1.6635833333333334,False,,,,,,,,,False,
2021-04-16,0.9825,True,0.9825,True,,0.9825,False,,,,,,,,,False,
2021-04-17,1.19,True,1.19,True,,1.19,False,,,,,,,,,False,
2021-04-18,1.6655,True,1.6655,True,,1.6655,False,,,,,,,,,False,
2021-04-19,1.2754166666666666,True,1.2754166666666666,True,,1.2754166666666666,False,,,,,,,,,False,
2021-04-20,1.6669999999999998,True,1.6669999999999998,True,,1.6669999999999998,False,,,,,,,,,False,
2021-04-21,1.8890833333333337,True,1.8890833333333337,True,,1.8890833333333337,False,,,,,,,,,False,
2021-04-22,1.5149375000000005,False,1.5149375000000005,False,1.6284281279295636,1.6284281279295636,True,REAL_L001_20210422,1.0,gaussian_process,,,1.1279676714545102,2.350934547984629,standard_uncertainty,False,"Retrospective reconstruction (engineered hybrid pipeline, primary method assignment). Method=gaussian_process. "
2021-04-23,1.36475,True,1.36475,True,,1.36475,False,,,,,,,,,False,
2021-04-24,1.4181666666666668,True,1.4181666666666668,True,,1.4181666666666668,False,,,,,,,,,False,
2021-04-25,1.5222916666666668,True,1.5222916666666668,True,,1.5222916666666668,False,,,,,,,,,False,
2021-04-26,1.4338333333333333,True,1.4338333333333333,True,,1.4338333333333333,False,,,,,,,,,False,
2021-04-27,1.331125,True,1.331125,True,,1.331125,False,,,,,,,,,False,
2021-04-28,1.5287499999999998,True,1.5287499999999998,True,,1.5287499999999998,False,,,,,,,,,False,
2021-04-29,1.659375,True,1.659375,True,,1.659375,False,,,,,,,,,False,
2021-04-30,1.9295,True,1.9295,True,,1.9295,False,,,,,,,,,False,
2021-05-01,4.18875,True,4.18875,True,,4.18875,False,,,,,,,,,False,
2021-05-02,4.241833333333333,True,4.241833333333333,True,,4.241833333333333,False,,,,,,,,,False,
2021-05-03,3.1575,True,3.1575,True,,3.1575,False,,,,,,,,,False,
2021-05-04,3.177708333333333,True,3.177708333333333,True,,3.177708333333333,False,,,,,,,,,False,
2021-05-05,2.444458333333334,True,2.444458333333334,True,,2.444458333333334,False,,,,,,,,,False,
2021-05-06,2.8673749999999996,True,2.8673749999999996,True,,2.8673749999999996,False,,,,,,,,,False,
2021-05-07,5.867541666666667,True,5.867541666666667,True,,5.867541666666667,False,,,,,,,,,False,
2021-05-08,7.1142916666666665,True,7.1142916666666665,True,,7.1142916666666665,False,,,,,,,,,False,
2021-05-09,6.843541666666667,True,6.843541666666667,True,,6.843541666666667,False,,,,,,,,,False,
2021-05-10,5.162083333333334,True,5.162083333333334,True,,5.162083333333334,False,,,,,,,,,False,
2021-05-11,6.387041666666668,True,6.387041666666668,True,,6.387041666666668,False,,,,,,,,,False,
2021-05-12,8.338583333333332,True,8.338583333333332,True,,8.338583333333332,False,,,,,,,,,False,
2021-05-13,7.259416666666667,True,7.259416666666667,True,,7.259416666666667,False,,,,,,,,,False,
2021-05-14,5.493791666666667,True,5.493791666666667,True,,5.493791666666667,False,,,,,,,,,False,
2021-05-15,5.143166666666667,True,5.143166666666667,True,,5.143166666666667,False,,,,,,,,,False,
2021-05-16,4.4344166666666665,True,4.4344166666666665,True,,4.4344166666666665,False,,,,,,,,,False,
2021-05-17,6.959666666666666,True,6.959666666666666,True,,6.959666666666666,False,,,,,,,,,False,
2021-05-18,6.858666666666667,True,6.858666666666667,True,,6.858666666666667,False,,,,,,,,,False,
2021-05-19,5.280333333333334,True,5.280333333333334,True,,5.280333333333334,False,,,,,,,,,False,
2021-05-20,4.766333333333333,True,4.766333333333333,True,,4.766333333333333,False,,,,,,,,,False,
2021-05-21,3.9923333333333337,True,3.9923333333333337,True,,3.9923333333333337,False,,,,,,,,,False,
2021-05-22,3.8114166666666662,True,3.8114166666666662,True,,3.8114166666666662,False,,,,,,,,,False,
2021-05-23,3.6220416666666666,True,3.6220416666666666,True,,3.6220416666666666,False,,,,,,,,,False,
2021-05-24,5.5162916666666675,True,5.5162916666666675,True,,5.5162916666666675,False,,,,,,,,,False,
2021-05-25,8.692,True,8.692,True,,8.692,False,,,,,,,,,False,
2021-05-26,11.264041666666666,True,11.264041666666666,True,,11.264041666666666,False,,,,,,,,,False,
2021-05-27,13.686375000000004,True,13.686375000000004,True,,13.686375000000004,False,,,,,,,,,False,
2021-05-28,12.351166666666666,True,12.351166666666666,True,,12.351166666666666,False,,,,,,,,,False,
2021-05-29,11.712666666666667,True,11.712666666666667,True,,11.712666666666667,False,,,,,,,,,False,
2021-05-30,9.659541666666668,True,9.659541666666668,True,,9.659541666666668,False,,,,,,,,,False,
2021-05-31,7.574041666666666,True,7.574041666666666,True,,7.574041666666666,False,,,,,,,,,False,
2021-06-01,7.602458333333334,True,7.602458333333334,True,,7.602458333333334,False,,,,,,,,,False,
2021-06-02,6.593374999999999,True,6.593374999999999,True,,6.593374999999999,False,,,,,,,,,False,
2021-06-03,9.6535,True,9.6535,True,,9.6535,False,,,,,,,,,False,
2021-06-04,4.3062499999999995,True,4.3062499999999995,True,,4.3062499999999995,False,,,,,,,,,False,
2021-06-05,2.8864583333333336,True,2.8864583333333336,True,,2.8864583333333336,False,,,,,,,,,False,
2021-06-06,1.6124166666666664,True,1.6124166666666664,True,,1.6124166666666664,False,,,,,,,,,False,
2021-06-07,1.055875,True,1.055875,True,,1.055875,False,,,,,,,,,False,
2021-06-08,1.0914166666666667,True,1.0914166666666667,True,,1.0914166666666667,False,,,,,,,,,False,
2021-06-09,1.2822916666666666,True,1.2822916666666666,True,,1.2822916666666666,False,,,,,,,,,False,
2021-06-10,1.614083333333333,True,1.614083333333333,True,,1.614083333333333,False,,,,,,,,,False,
2021-06-11,2.618125,True,2.618125,True,,2.618125,False,,,,,,,,,False,
2021-06-12,3.0278750000000003,True,3.0278750000000003,True,,3.0278750000000003,False,,,,,,,,,False,
2021-06-13,3.6839166666666663,True,3.6839166666666663,True,,3.6839166666666663,False,,,,,,,,,False,
2021-06-14,3.2575416666666666,True,3.2575416666666666,True,,3.2575416666666666,False,,,,,,,,,False,
2021-06-15,3.780083333333333,True,3.780083333333333,True,,3.780083333333333,False,,,,,,,,,False,
2021-06-16,3.3502500000000004,True,3.3502500000000004,True,,3.3502500000000004,False,,,,,,,,,False,
2021-06-17,4.7392916666666665,True,4.7392916666666665,True,,4.7392916666666665,False,,,,,,,,,False,
2021-06-18,3.62125,True,3.62125,True,,3.62125,False,,,,,,,,,False,
2021-06-19,3.4121666666666663,True,3.4121666666666663,True,,3.4121666666666663,False,,,,,,,,,False,
2021-06-20,4.2855,True,4.2855,True,,4.2855,False,,,,,,,,,False,
2021-06-21,7.079,True,7.079,True,,7.079,False,,,,,,,,,False,
2021-06-22,6.249375000000001,True,6.249375000000001,True,,6.249375000000001,False,,,,,,,,,False,
2021-06-23,6.050083333333333,True,6.050083333333333,True,,6.050083333333333,False,,,,,,,,,False,
2021-06-24,4.109473684210525,True,4.109473684210525,True,,4.109473684210525,False,,,,,,,,,False,
2021-06-25,1.78,True,1.78,True,,1.78,False,,,,,,,,,False,
2021-06-26,2.237,True,2.237,True,,2.237,False,,,,,,,,,False,
2021-06-27,3.7096666666666662,True,3.7096666666666662,True,,3.7096666666666662,False,,,,,,,,,False,
2021-06-28,5.118708333333333,True,5.118708333333333,True,,5.118708333333333,False,,,,,,,,,False,
2021-06-29,6.0356250000000005,True,6.0356250000000005,True,,6.0356250000000005,False,,,,,,,,,False,
2021-06-30,5.311625,True,5.311625,True,,5.311625,False,,,,,,,,,False,
2021-07-01,3.4128333333333334,True,3.4128333333333334,True,,3.4128333333333334,False,,,,,,,,,False,
2021-07-02,3.2423750000000005,True,3.2423750000000005,True,,3.2423750000000005,False,,,,,,,,,False,
2021-07-03,6.1206249999999995,True,6.1206249999999995,True,,6.1206249999999995,False,,,,,,,,,False,
2021-07-04,5.398583333333334,True,5.398583333333334,True,,5.398583333333334,False,,,,,,,,,False,
2021-07-05,5.09575,True,5.09575,True,,5.09575,False,,,,,,,,,False,
2021-07-06,4.491166666666667,True,4.491166666666667,True,,4.491166666666667,False,,,,,,,,,False,
2021-07-07,4.762833333333333,True,4.762833333333333,True,,4.762833333333333,False,,,,,,,,,False,
2021-07-08,4.841374999999999,True,4.841374999999999,True,,4.841374999999999,False,,,,,,,,,False,
2021-07-09,4.146826086956522,True,4.146826086956522,True,,4.146826086956522,False,,,,,,,,,False,
2021-07-10,4.280333333333334,True,4.280333333333334,True,,4.280333333333334,False,,,,,,,,,False,
2021-07-11,5.513749999999999,True,5.513749999999999,True,,5.513749999999999,False,,,,,,,,,False,
2021-07-12,5.248125,True,5.248125,True,,5.248125,False,,,,,,,,,False,
2021-07-13,4.347958333333334,True,4.347958333333334,True,,4.347958333333334,False,,,,,,,,,False,
2021-07-14,3.983833333333333,True,3.983833333333333,True,,3.983833333333333,False,,,,,,,,,False,
2021-07-15,3.8437083333333337,True,3.8437083333333337,True,,3.8437083333333337,False,,,,,,,,,False,
2021-07-16,3.501,True,3.501,True,,3.501,False,,,,,,,,,False,
2021-07-17,4.578208333333333,True,4.578208333333333,True,,4.578208333333333,False,,,,,,,,,False,
2021-07-18,8.248125,True,8.248125,True,,8.248125,False,,,,,,,,,False,
2021-07-19,9.371708333333332,True,9.371708333333332,True,,9.371708333333332,False,,,,,,,,,False,
2021-07-20,10.938916666666666,True,10.938916666666666,True,,10.938916666666666,False,,,,,,,,,False,
2021-07-21,8.47325,True,8.47325,True,,8.47325,False,,,,,,,,,False,
2021-07-22,9.185958333333334,True,9.185958333333334,True,,9.185958333333334,False,,,,,,,,,False,
2021-07-23,9.179833333333333,True,9.179833333333333,True,,9.179833333333333,False,,,,,,,,,False,
2021-07-24,7.171166666666667,True,7.171166666666667,True,,7.171166666666667,False,,,,,,,,,False,
2021-07-25,7.618166666666667,True,7.618166666666667,True,,7.618166666666667,False,,,,,,,,,False,
2021-07-26,6.758416666666666,True,6.758416666666666,True,,6.758416666666666,False,,,,,,,,,False,
2021-07-27,5.682416666666666,True,5.682416666666666,True,,5.682416666666666,False,,,,,,,,,False,
2021-07-28,6.3265,True,6.3265,True,,6.3265,False,,,,,,,,,False,
2021-07-29,8.739875,True,8.739875,True,,8.739875,False,,,,,,,,,False,
2021-07-30,6.885041666666666,True,6.885041666666666,True,,6.885041666666666,False,,,,,,,,,False,
2021-07-31,3.173125,True,3.173125,True,,3.173125,False,,,,,,,,,False,
2021-08-01,2.777208333333333,True,2.777208333333333,True,,2.777208333333333,False,,,,,,,,,False,
2021-08-02,2.8622916666666662,True,2.8622916666666662,True,,2.8622916666666662,False,,,,,,,,,False,
2021-08-03,1.8239583333333336,True,1.8239583333333336,True,,1.8239583333333336,False,,,,,,,,,False,
2021-08-04,2.6645,True,2.6645,True,,2.6645,False,,,,,,,,,False,
2021-08-05,2.6366666666666663,True,2.6366666666666663,True,,2.6366666666666663,False,,,,,,,,,False,
2021-08-06,2.0970909090909093,False,2.0970909090909093,False,2.7759174418410955,2.7759174418410955,True,REAL_L010_20210806,25.0,state_space_kalman,gap_edge_residual_model_sensitivity,2.196111568987489,1.141808690002175,6.748694165134555,standard_uncertainty,False,"Retrospective reconstruction (engineered hybrid pipeline, primary method assignment). Method=state_space_kalman. "
2021-08-07,,False,,False,2.9225224945325965,2.9225224945325965,True,REAL_L010_20210806,25.0,state_space_kalman,gap_edge_residual_model_sensitivity,2.3979560643291125,0.8534133033424791,10.008207860829922,standard_uncertainty,False,"Retrospective reconstruction (engineered hybrid pipeline, primary method assignment). Method=state_space_kalman. "
2021-08-08,,False,,False,3.0768702275901325,3.0768702275901325,True,REAL_L010_20210806,25.0,state_space_kalman,gap_edge_residual_model_sensitivity,2.640299181555279,0.7033121983118065,13.460779466295277,standard_uncertainty,False,"Retrospective reconstruction (engineered hybrid pipeline, primary method assignment). Method=state_space_kalman. "
2021-08-09,,False,,False,3.239369556655764,3.239369556655764,True,REAL_L010_20210806,25.0,state_space_kalman,gap_edge_residual_model_sensitivity,3.503360402539389,0.6118018244578416,17.151820581586477,standard_uncertainty,False,"Retrospective reconstruction (engineered hybrid pipeline, primary method assignment). Method=state_space_kalman. "
2021-08-10,,False,,False,3.410450993510667,3.410450993510667,True,REAL_L010_20210806,25.0,state_space_kalman,gap_edge_residual_model_sensitivity,3.596119376717395,0.5522427674661444,21.061708118886234,standard_uncertainty,False,"Retrospective reconstruction (engineered hybrid pipeline, primary method assignment). Method=state_space_kalman. "
2021-08-11,,False,,False,3.590567786636115,3.590567786636115,True,REAL_L010_20210806,25.0,state_space_kalman,gap_edge_residual_model_sensitivity,3.8696828551441778,0.5127300319992519,25.14418158842659,standard_uncertainty,False,"Retrospective reconstruction (engineered hybrid pipeline, primary method assignment). Method=state_space_kalman. "
2021-08-12,,False,,False,3.780197122011113,3.780197122011113,True,REAL_L010_20210806,25.0,state_space_kalman,gap_edge_residual_model_sensitivity,4.270997521427291,0.4871149598316768,29.335765598738732,standard_uncertainty,False,"Retrospective reconstruction (engineered hybrid pipeline, primary method assignment). Method=state_space_kalman. "
2021-08-13,,False,,False,3.9798413873280016,3.9798413873280016,True,REAL_L010_20210806,25.0,state_space_kalman,gap_edge_residual_model_sensitivity,5.030598828290685,0.4719696583888327,33.55965195381222,standard_uncertainty,False,"Retrospective reconstruction (engineered hybrid pipeline, primary method assignment). Method=state_space_kalman. "
2021-08-14,,False,,False,4.190029502975295,4.190029502975295,True,REAL_L010_20210806,25.0,state_space_kalman,gap_edge_residual_model_sensitivity,5.399347791028624,0.4653373705968131,37.72821257249704,standard_uncertainty,False,"Retrospective reconstruction (engineered hybrid pipeline, primary method assignment). Method=state_space_kalman. "
2021-08-15,,False,,False,4.411318323313995,4.411318323313995,True,REAL_L010_20210806,25.0,state_space_kalman,gap_edge_residual_model_sensitivity,5.439635227997394,0.4661542229033191,41.74526024543118,standard_uncertainty,False,"Retrospective reconstruction (engineered hybrid pipeline, primary method assignment). Method=state_space_kalman. "
2021-08-16,,False,,False,4.644294111959748,4.644294111959748,True,REAL_L010_20210806,25.0,state_space_kalman,gap_edge_residual_model_sensitivity,5.499587901459729,0.473966507008757,45.50842196532142,standard_uncertainty,False,"Retrospective reconstruction (engineered hybrid pipeline, primary method assignment). Method=state_space_kalman. "
2021-08-17,,False,,False,4.88957409497938,4.88957409497938,True,REAL_L010_20210806,25.0,state_space_kalman,gap_edge_residual_model_sensitivity,5.936546725080669,0.488797419374798,48.91174519880473,standard_uncertainty,False,"Retrospective reconstruction (engineered hybrid pipeline, primary method assignment). Method=state_space_kalman. "
2021-08-18,,False,,False,5.147808096116681,5.147808096116681,True,REAL_L010_20210806,25.0,state_space_kalman,gap_edge_residual_model_sensitivity,5.922459531797877,0.5111025222268853,51.84855687853713,standard_uncertainty,False,"Retrospective reconstruction (engineered hybrid pipeline, primary method assignment). Method=state_space_kalman. "
2021-08-19,,False,,False,5.4196802583796835,5.4196802583796835,True,REAL_L010_20210806,25.0,state_space_kalman,gap_edge_residual_model_sensitivity,6.249542860551645,0.5417906902878626,54.21454194324404,standard_uncertainty,False,"Retrospective reconstruction (engineered hybrid pipeline, primary method assignment). Method=state_space_kalman. "
2021-08-20,,False,,False,5.7059108565504495,5.7059108565504495,True,REAL_L010_20210806,25.0,state_space_kalman,gap_edge_residual_model_sensitivity,6.3494067314237155,0.5823082201056784,55.91097219440195,standard_uncertainty,False,"Retrospective reconstruction (engineered hybrid pipeline, primary method assignment). Method=state_space_kalman. "
2021-08-21,,False,,False,6.00725820541929,6.00725820541929,True,REAL_L010_20210806,25.0,state_space_kalman,gap_edge_residual_model_sensitivity,6.064691807306294,0.6348008861040646,56.847984835140146,standard_uncertainty,False,"Retrospective reconstruction (engineered hybrid pipeline, primary method assignment). Method=state_space_kalman. "
2021-08-22,,False,,False,6.324520668798905,6.324520668798905,True,REAL_L010_20210806,25.0,state_space_kalman,gap_edge_residual_model_sensitivity,4.9018506148916305,0.70239023763777,56.94777567608045,standard_uncertainty,False,"Retrospective reconstruction (engineered hybrid pipeline, primary method assignment). Method=state_space_kalman. "
2021-08-23,,False,,False,6.6585387746409825,6.6585387746409825,True,REAL_L010_20210806,25.0,state_space_kalman,gap_edge_residual_model_sensitivity,5.777052150510652,0.7896365621108368,56.147525001728866,standard_uncertainty,False,"Retrospective reconstruction (engineered hybrid pipeline, primary method assignment). Method=state_space_kalman. "
2021-08-24,,False,,False,7.010197441858839,7.010197441858839,True,REAL_L010_20210806,25.0,state_space_kalman,gap_edge_residual_model_sensitivity,6.671468896217898,0.903331740405774,54.40179501693295,standard_uncertainty,False,"Retrospective reconstruction (engineered hybrid pipeline, primary method assignment). Method=state_space_kalman. "
2021-08-25,,False,,False,7.380428324755669,7.380428324755669,True,REAL_L010_20210806,25.0,state_space_kalman,gap_edge_residual_model_sensitivity,7.050952278252391,1.0539188997363085,51.68397897645104,standard_uncertainty,False,"Retrospective reconstruction (engineered hybrid pipeline, primary method assignment). Method=state_space_kalman. "
2021-08-26,,False,,False,7.770212281269527,7.770212281269527,True,REAL_L010_20210806,25.0,state_space_kalman,gap_edge_residual_model_sensitivity,5.429695920741393,1.2582041325832332,47.98601223160245,standard_uncertainty,False,"Retrospective reconstruction (engineered hybrid pipeline, primary method assignment). Method=state_space_kalman. "
2021-08-27,,False,,False,8.180581971574197,8.180581971574197,True,REAL_L010_20210806,25.0,state_space_kalman,gap_edge_residual_model_sensitivity,4.379562524549162,1.5450213036214808,43.3145622243408,standard_uncertainty,False,"Retrospective reconstruction (engineered hybrid pipeline, primary method assignment). Method=state_space_kalman. "
2021-08-28,,False,,False,8.612624593920467,8.612624593920467,True,REAL_L010_20210806,25.0,state_space_kalman,gap_edge_residual_model_sensitivity,5.167017958960255,1.9686770933881064,37.678755264096694,standard_uncertainty,False,"Retrospective reconstruction (engineered hybrid pipeline, primary method assignment). Method=state_space_kalman. "
2021-08-29,,False,,False,9.067484764965894,9.067484764965894,True,REAL_L010_20210806,25.0,state_space_kalman,gap_edge_residual_model_sensitivity,9.114000892637137,2.647819526027209,31.051693347941463,standard_uncertainty,False,"Retrospective reconstruction (engineered hybrid pipeline, primary method assignment). Method=state_space_kalman. "
2021-08-30,,False,,False,9.546367552223982,9.546367552223982,True,REAL_L010_20210806,25.0,state_space_kalman,gap_edge_residual_model_sensitivity,9.98736758212288,3.926674930885099,23.208728770836355,standard_uncertainty,False,"Retrospective reconstruction (engineered hybrid pipeline, primary method assignment). Method=state_space_kalman. "
2021-08-31,10.050541666666666,True,10.050541666666666,True,,10.050541666666666,False,,,,,,,,,False,
2021-09-01,6.827916666666667,True,6.827916666666667,True,,6.827916666666667,False,,,,,,,,,False,
2021-09-02,5.525291666666667,True,5.525291666666667,True,,5.525291666666667,False,,,,,,,,,False,
2021-09-03,7.862041666666666,True,7.862041666666666,True,,7.862041666666666,False,,,,,,,,,False,
2021-09-04,6.052833333333333,True,6.052833333333333,True,,6.052833333333333,False,,,,,,,,,False,
2021-09-05,3.159833333333333,True,3.159833333333333,True,,3.159833333333333,False,,,,,,,,,False,
2021-09-06,3.792791666666666,True,3.792791666666666,True,,3.792791666666666,False,,,,,,,,,False,
2021-09-07,3.7544583333333335,True,3.7544583333333335,True,,3.7544583333333335,False,,,,,,,,,False,
2021-09-08,2.921875,True,2.921875,True,,2.921875,False,,,,,,,,,False,
2021-09-09,2.0542916666666664,True,2.0542916666666664,True,,2.0542916666666664,False,,,,,,,,,False,
2021-09-10,6.549333333333333,True,6.549333333333333,True,,6.549333333333333,False,,,,,,,,,False,
2021-09-11,10.270666666666669,True,10.270666666666669,True,,10.270666666666669,False,,,,,,,,,False,
2021-09-12,11.098999999999998,True,11.098999999999998,True,,11.098999999999998,False,,,,,,,,,False,
2021-09-13,8.889541666666666,True,8.889541666666666,True,,8.889541666666666,False,,,,,,,,,False,
2021-09-14,8.587625000000001,True,8.587625000000001,True,,8.587625000000001,False,,,,,,,,,False,
2021-09-15,6.61075,True,6.61075,True,,6.61075,False,,,,,,,,,False,
2021-09-16,5.749583333333334,True,5.749583333333334,True,,5.749583333333334,False,,,,,,,,,False,
2021-09-17,7.776041666666667,True,7.776041666666667,True,,7.776041666666667,False,,,,,,,,,False,
2021-09-18,9.22075,True,9.22075,True,,9.22075,False,,,,,,,,,False,
2021-09-19,6.486750000000001,True,6.486750000000001,True,,6.486750000000001,False,,,,,,,,,False,
2021-09-20,4.892916666666667,True,4.892916666666667,True,,4.892916666666667,False,,,,,,,,,False,
2021-09-21,5.210791666666666,True,5.210791666666666,True,,5.210791666666666,False,,,,,,,,,False,
2021-09-22,6.173875,True,6.173875,True,,6.173875,False,,,,,,,,,False,
2021-09-23,6.361041666666666,True,6.361041666666666,True,,6.361041666666666,False,,,,,,,,,False,
2021-09-24,7.608791666666666,True,7.608791666666666,True,,7.608791666666666,False,,,,,,,,,False,
2021-09-25,9.146041666666669,True,9.146041666666669,True,,9.146041666666669,False,,,,,,,,,False,
2021-09-26,8.166833333333335,True,8.166833333333335,True,,8.166833333333335,False,,,,,,,,,False,
2021-09-27,6.973583333333334,True,6.973583333333334,True,,6.973583333333334,False,,,,,,,,,False,
2021-09-28,8.540291666666667,True,8.540291666666667,True,,8.540291666666667,False,,,,,,,,,False,
2021-09-29,5.096125,True,5.096125,True,,5.096125,False,,,,,,,,,False,
2021-09-30,3.079125,True,3.079125,True,,3.079125,False,,,,,,,,,False,
2021-10-01,0.593875,True,0.593875,True,,0.593875,False,,,,,,,,,False,
2021-10-02,0.13175,True,0.13175,True,,0.13175,False,,,,,,,,,False,
2021-10-03,0.1970416666666666,True,0.1970416666666666,True,,0.1970416666666666,False,,,,,,,,,False,
2021-10-04,0.2131666666666667,True,0.2131666666666667,True,,0.2131666666666667,False,,,,,,,,,False,
2021-10-05,1.859125,True,1.859125,True,,1.859125,False,,,,,,,,,False,
2021-10-06,8.517833333333334,True,8.517833333333334,True,,8.517833333333334,False,,,,,,,,,False,
2021-10-07,15.452083333333334,True,15.452083333333334,True,,15.452083333333334,False,,,,,,,,,False,
2021-10-08,14.320666666666668,True,14.320666666666668,True,,14.320666666666668,False,,,,,,,,,False,
2021-10-09,12.387666666666666,True,12.387666666666666,True,,12.387666666666666,False,,,,,,,,,False,
2021-10-10,6.738833333333335,True,6.738833333333335,True,,6.738833333333335,False,,,,,,,,,False,
2021-10-11,1.526333333333333,True,1.526333333333333,True,,1.526333333333333,False,,,,,,,,,False,
2021-10-12,4.150916666666666,True,4.150916666666666,True,,4.150916666666666,False,,,,,,,,,False,
2021-10-13,3.45625,False,3.45625,False,4.526459601465557,4.526459601465557,True,REAL_L010_20211013,14.0,state_space_kalman,gap_edge_residual_model_sensitivity,3.5843794636183928,1.886453727522069,10.86103317817004,standard_uncertainty,False,"Retrospective reconstruction (engineered hybrid pipeline, primary method assignment). Method=state_space_kalman. "
2021-10-14,,False,,False,4.935978765421228,4.935978765421228,True,REAL_L010_20211013,14.0,state_space_kalman,gap_edge_residual_model_sensitivity,3.177165482752343,1.4975015237955462,16.269690538235256,standard_uncertainty,False,"Retrospective reconstruction (engineered hybrid pipeline, primary method assignment). Method=state_space_kalman. "
2021-10-15,,False,,False,5.382548065777687,5.382548065777687,True,REAL_L010_20211013,14.0,state_space_kalman,gap_edge_residual_model_sensitivity,2.825422388441595,1.3226711995234304,21.90402549843522,standard_uncertainty,False,"Retrospective reconstruction (engineered hybrid pipeline, primary method assignment). Method=state_space_kalman. "
2021-10-16,,False,,False,5.8695195132053435,5.8695195132053435,True,REAL_L010_20211013,14.0,state_space_kalman,gap_edge_residual_model_sensitivity,3.042298829837418,1.2437558210207669,27.69937533849987,standard_uncertainty,False,"Retrospective reconstruction (engineered hybrid pipeline, primary method assignment). Method=state_space_kalman. "
2021-10-17,,False,,False,6.400548382454745,6.400548382454745,True,REAL_L010_20211013,14.0,state_space_kalman,gap_edge_residual_model_sensitivity,3.2917104126505676,1.22425559288338,33.462799626390165,standard_uncertainty,False,"Retrospective reconstruction (engineered hybrid pipeline, primary method assignment). Method=state_space_kalman. "
2021-10-18,,False,,False,6.979620649352262,6.979620649352262,True,REAL_L010_20211013,14.0,state_space_kalman,gap_edge_residual_model_sensitivity,3.9268158126866126,1.251139411768181,38.93659167847455,standard_uncertainty,False,"Retrospective reconstruction (engineered hybrid pipeline, primary method assignment). Method=state_space_kalman. "
2021-10-19,,False,,False,7.611082910083591,7.611082910083591,True,REAL_L010_20211013,14.0,state_space_kalman,gap_edge_residual_model_sensitivity,6.968298753836432,1.3219696036897526,43.81990546717709,standard_uncertainty,False,"Retrospective reconstruction (engineered hybrid pipeline, primary method assignment). Method=state_space_kalman. "
2021-10-20,,False,,False,8.299675007343348,8.299675007343348,True,REAL_L010_20211013,14.0,state_space_kalman,gap_edge_residual_model_sensitivity,8.493326564022038,1.441571220525691,47.78439264513064,standard_uncertainty,False,"Retrospective reconstruction (engineered hybrid pipeline, primary method assignment). Method=state_space_kalman. "
2021-10-21,,False,,False,9.0505656082471,9.0505656082471,True,REAL_L010_20211013,14.0,state_space_kalman,gap_edge_residual_model_sensitivity,8.817427497436766,1.622368879363447,50.489588940663445,standard_uncertainty,False,"Retrospective reconstruction (engineered hybrid pipeline, primary method assignment). Method=state_space_kalman. "
2021-10-22,,False,,False,9.869391001058576,9.869391001058576,True,REAL_L010_20211013,14.0,state_space_kalman,gap_edge_residual_model_sensitivity,8.092739092741873,1.8877534250846335,51.59830592144685,standard_uncertainty,False,"Retrospective reconstruction (engineered hybrid pipeline, primary method assignment). Method=state_space_kalman. "
2021-10-23,,False,,False,10.762297401945602,10.762297401945602,True,REAL_L010_20211013,14.0,state_space_kalman,gap_edge_residual_model_sensitivity,5.246376995951173,2.2805393203159485,50.78932177844594,standard_uncertainty,False,"Retrospective reconstruction (engineered hybrid pipeline, primary method assignment). Method=state_space_kalman. "
2021-10-24,,False,,False,11.735987089325128,11.735987089325128,True,REAL_L010_20211013,14.0,state_space_kalman,gap_edge_residual_model_sensitivity,5.201775284859456,2.8839226201663952,47.75904595972106,standard_uncertainty,False,"Retrospective reconstruction (engineered hybrid pipeline, primary method assignment). Method=state_space_kalman. "
2021-10-25,,False,,False,12.797768712088065,12.797768712088065,True,REAL_L010_20211013,14.0,state_space_kalman,gap_edge_residual_model_sensitivity,6.972548175084945,3.8826500392975967,42.18327233987068,standard_uncertainty,False,"Retrospective reconstruction (engineered hybrid pipeline, primary method assignment). Method=state_space_kalman. "
2021-10-26,,False,,False,13.955612149324407,13.955612149324407,True,REAL_L010_20211013,14.0,state_space_kalman,gap_edge_residual_model_sensitivity,10.987973864118038,5.816160725353957,33.48585427039045,standard_uncertainty,False,"Retrospective reconstruction (engineered hybrid pipeline, primary method assignment). Method=state_space_kalman. "
2021-10-27,15.218208333333331,True,15.218208333333331,True,,15.218208333333331,False,,,,,,,,,False,
2021-10-28,13.146125,True,13.146125,True,,13.146125,False,,,,,,,,,False,
2021-10-29,13.315791666666664,True,13.315791666666664,True,,13.315791666666664,False,,,,,,,,,False,
2021-10-30,8.885833333333332,True,8.885833333333332,True,,8.885833333333332,False,,,,,,,,,False,
2021-10-31,7.641708333333334,True,7.641708333333334,True,,7.641708333333334,False,,,,,,,,,False,
2021-11-01,2.3259583333333333,True,2.3259583333333333,True,,2.3259583333333333,False,,,,,,,,,False,
2021-11-02,1.1282083333333337,True,1.1282083333333337,True,,1.1282083333333337,False,,,,,,,,,False,
2021-11-03,0.663125,True,0.663125,True,,0.663125,False,,,,,,,,,False,
2021-11-04,1.6515833333333332,True,1.6515833333333332,True,,1.6515833333333332,False,,,,,,,,,False,
2021-11-05,1.5896249999999998,True,1.5896249999999998,True,,1.5896249999999998,False,,,,,,,,,False,
2021-11-06,1.2623333333333333,True,1.2623333333333333,True,,1.2623333333333333,False,,,,,,,,,False,
2021-11-07,1.2734166666666666,True,1.2734166666666666,True,,1.2734166666666666,False,,,,,,,,,False,
2021-11-08,1.8465833333333337,True,1.8465833333333337,True,,1.8465833333333337,False,,,,,,,,,False,
2021-11-09,3.134,True,3.134,True,,3.134,False,,,,,,,,,False,
2021-11-10,3.5465,True,3.5465,True,,3.5465,False,,,,,,,,,False,
2021-11-11,4.206583333333334,True,4.206583333333334,True,,4.206583333333334,False,,,,,,,,,False,
2021-11-12,4.952791666666666,True,4.952791666666666,True,,4.952791666666666,False,,,,,,,,,False,
2021-11-13,1.8013333333333332,True,1.8013333333333332,True,,1.8013333333333332,False,,,,,,,,,False,
2021-11-14,0.8859166666666667,True,0.8859166666666667,True,,0.8859166666666667,False,,,,,,,,,False,
2021-11-15,0.777375,True,0.777375,True,,0.777375,False,,,,,,,,,False,
2021-11-16,0.9881666666666667,True,0.9881666666666667,True,,0.9881666666666667,False,,,,,,,,,False,
2021-11-17,3.6315,True,3.6315,True,,3.6315,False,,,,,,,,,False,
2021-11-18,5.021625,True,5.021625,True,,5.021625,False,,,,,,,,,False,
2021-11-19,7.182666666666667,True,7.182666666666667,True,,7.182666666666667,False,,,,,,,,,False,
2021-11-20,6.103666666666666,True,6.103666666666666,True,,6.103666666666666,False,,,,,,,,,False,
2021-11-21,5.437333333333334,True,5.437333333333334,True,,5.437333333333334,False,,,,,,,,,False,
2021-11-22,4.541833333333333,True,4.541833333333333,True,,4.541833333333333,False,,,,,,,,,False,
2021-11-23,3.951666666666666,True,3.951666666666666,True,,3.951666666666666,False,,,,,,,,,False,
2021-11-24,2.058875,True,2.058875,True,,2.058875,False,,,,,,,,,False,
2021-11-25,2.6777499999999996,True,2.6777499999999996,True,,2.6777499999999996,False,,,,,,,,,False,
2021-11-26,3.4655833333333335,True,3.4655833333333335,True,,3.4655833333333335,False,,,,,,,,,False,
2021-11-27,3.416583333333333,True,3.416583333333333,True,,3.416583333333333,False,,,,,,,,,False,
2021-11-28,1.5162916666666668,True,1.5162916666666668,True,,1.5162916666666668,False,,,,,,,,,False,
2021-11-29,1.8254583333333336,True,1.8254583333333336,True,,1.8254583333333336,False,,,,,,,,,False,
2021-11-30,2.4049166666666664,True,2.4049166666666664,True,,2.4049166666666664,False,,,,,,,,,False,
2021-12-01,1.596833333333333,True,1.596833333333333,True,,1.596833333333333,False,,,,,,,,,False,
2021-12-02,1.4796249999999995,True,1.4796249999999995,True,,1.4796249999999995,False,,,,,,,,,False,
2021-12-03,2.7758750000000005,True,2.7758750000000005,True,,2.7758750000000005,False,,,,,,,,,False,
2021-12-04,2.7114166666666666,True,2.7114166666666666,True,,2.7114166666666666,False,,,,,,,,,False,
2021-12-05,2.8614999999999995,True,2.8614999999999995,True,,2.8614999999999995,False,,,,,,,,,False,
2021-12-06,2.14575,True,2.14575,True,,2.14575,False,,,,,,,,,False,
2021-12-07,1.5649583333333332,True,1.5649583333333332,True,,1.5649583333333332,False,,,,,,,,,False,
2021-12-08,1.6341249999999998,True,1.6341249999999998,True,,1.6341249999999998,False,,,,,,,,,False,
2021-12-09,1.46575,True,1.46575,True,,1.46575,False,,,,,,,,,False,
2021-12-10,1.59,True,1.59,True,,1.59,False,,,,,,,,,False,
2021-12-11,0.7429166666666668,True,0.7429166666666668,True,,0.7429166666666668,False,,,,,,,,,False,
2021-12-12,0.4140833333333333,True,0.4140833333333333,True,,0.4140833333333333,False,,,,,,,,,False,
2021-12-13,0.4185,True,0.4185,True,,0.4185,False,,,,,,,,,False,
2021-12-14,0.5615,True,0.5615,True,,0.5615,False,,,,,,,,,False,
2021-12-15,0.593,True,0.593,True,,0.593,False,,,,,,,,,False,
2021-12-16,1.19795,True,1.19795,True,,1.19795,False,,,,,,,,,False,
2021-12-17,1.280166666666667,True,1.280166666666667,True,,1.280166666666667,False,,,,,,,,,False,
2021-12-18,1.087125,True,1.087125,True,,1.087125,False,,,,,,,,,False,
2021-12-19,1.0579166666666666,True,1.0579166666666666,True,,1.0579166666666666,False,,,,,,,,,False,
2021-12-20,1.458375,True,1.458375,True,,1.458375,False,,,,,,,,,False,
2021-12-21,1.639458333333333,True,1.639458333333333,True,,1.639458333333333,False,,,,,,,,,False,
2021-12-22,2.0593333333333335,True,2.0593333333333335,True,,2.0593333333333335,False,,,,,,,,,False,
2021-12-23,2.1500833333333333,True,2.1500833333333333,True,,2.1500833333333333,False,,,,,,,,,False,
2021-12-24,1.2757500000000002,True,1.2757500000000002,True,,1.2757500000000002,False,,,,,,,,,False,
2021-12-25,3.933875,True,3.933875,True,,3.933875,False,,,,,,,,,False,
2021-12-26,5.500291666666667,True,5.500291666666667,True,,5.500291666666667,False,,,,,,,,,False,
2021-12-27,4.348,True,4.348,True,,4.348,False,,,,,,,,,False,
2021-12-28,4.195291666666667,True,4.195291666666667,True,,4.195291666666667,False,,,,,,,,,False,
2021-12-29,3.371,True,3.371,True,,3.371,False,,,,,,,,,False,
2021-12-30,2.562625,True,2.562625,True,,2.562625,False,,,,,,,,,False,
2021-12-31,2.9522083333333335,True,2.9522083333333335,True,,2.9522083333333335,False,,,,,,,,,False,
2022-01-01,3.794954545454545,True,3.794954545454545,True,,3.794954545454545,False,,,,,,,,,False,
2022-01-02,1.4109166666666664,True,1.4109166666666664,True,,1.4109166666666664,False,,,,,,,,,False,
2022-01-03,0.8675833333333335,True,0.8675833333333335,True,,0.8675833333333335,False,,,,,,,,,False,
2022-01-04,1.731,True,1.731,True,,1.731,False,,,,,,,,,False,
2022-01-05,2.031,True,2.031,True,,2.031,False,,,,,,,,,False,
2022-01-06,1.3058333333333334,True,1.3058333333333334,True,,1.3058333333333334,False,,,,,,,,,False,
2022-01-07,1.3482500000000002,True,1.3482500000000002,True,,1.3482500000000002,False,,,,,,,,,False,
2022-01-08,5.0168333333333335,True,5.0168333333333335,True,,5.0168333333333335,False,,,,,,,,,False,
2022-01-09,5.269791666666667,True,5.269791666666667,True,,5.269791666666667,False,,,,,,,,,False,
2022-01-10,4.9003749999999995,True,4.9003749999999995,True,,4.9003749999999995,False,,,,,,,,,False,
2022-01-11,3.0530000000000004,True,3.0530000000000004,True,,3.0530000000000004,False,,,,,,,,,False,
2022-01-12,2.4614166666666666,True,2.4614166666666666,True,,2.4614166666666666,False,,,,,,,,,False,
2022-01-13,2.362833333333333,True,2.362833333333333,True,,2.362833333333333,False,,,,,,,,,False,
2022-01-14,1.5816666666666668,True,1.5816666666666668,True,,1.5816666666666668,False,,,,,,,,,False,
2022-01-15,1.4723333333333333,True,1.4723333333333333,True,,1.4723333333333333,False,,,,,,,,,False,
2022-01-16,2.1641666666666666,True,2.1641666666666666,True,,2.1641666666666666,False,,,,,,,,,False,
2022-01-17,2.3095833333333333,True,2.3095833333333333,True,,2.3095833333333333,False,,,,,,,,,False,
2022-01-18,2.292291666666667,True,2.292291666666667,True,,2.292291666666667,False,,,,,,,,,False,
2022-01-19,4.250708333333333,True,4.250708333333333,True,,4.250708333333333,False,,,,,,,,,False,
2022-01-20,6.242208333333334,True,6.242208333333334,True,,6.242208333333334,False,,,,,,,,,False,
2022-01-21,5.101833333333333,True,5.101833333333333,True,,5.101833333333333,False,,,,,,,,,False,
2022-01-22,3.8862083333333337,True,3.8862083333333337,True,,3.8862083333333337,False,,,,,,,,,False,
2022-01-23,4.023625,True,4.023625,True,,4.023625,False,,,,,,,,,False,
2022-01-24,9.846708333333334,True,9.846708333333334,True,,9.846708333333334,False,,,,,,,,,False,
2022-01-25,10.658208333333333,True,10.658208333333333,True,,10.658208333333333,False,,,,,,,,,False,
2022-01-26,,False,,False,9.166749016635162,9.166749016635162,True,REAL_L001_20220126,1.0,gaussian_process,,,5.517203986991893,15.230411587481724,standard_uncertainty,False,"Retrospective reconstruction (engineered hybrid pipeline, primary method assignment). Method=gaussian_process. "
2022-01-27,9.111583333333334,True,9.111583333333334,True,,9.111583333333334,False,,,,,,,,,False,
2022-01-28,8.526875,True,8.526875,True,,8.526875,False,,,,,,,,,False,
2022-01-29,6.455208333333332,True,6.455208333333332,True,,6.455208333333332,False,,,,,,,,,False,
2022-01-30,5.2087916666666665,True,5.2087916666666665,True,,5.2087916666666665,False,,,,,,,,,False,
2022-01-31,2.9723749999999995,True,2.9723749999999995,True,,2.9723749999999995,False,,,,,,,,,False,
2022-02-01,3.1735416666666665,True,3.1735416666666665,True,,3.1735416666666665,False,,,,,,,,,False,
2022-02-02,2.993458333333333,True,2.993458333333333,True,,2.993458333333333,False,,,,,,,,,False,
2022-02-03,2.348,False,2.348,False,2.320739380115305,2.320739380115305,True,REAL_L001_20220203,1.0,gaussian_process,,,1.3849362154759977,3.888865934931797,standard_uncertainty,False,"Retrospective reconstruction (engineered hybrid pipeline, primary method assignment). Method=gaussian_process. "
2022-02-04,1.9041666666666668,True,1.9041666666666668,True,,1.9041666666666668,False,,,,,,,,,False,
2022-02-05,2.120791666666667,True,2.120791666666667,True,,2.120791666666667,False,,,,,,,,,False,
2022-02-06,2.504166666666667,True,2.504166666666667,True,,2.504166666666667,False,,,,,,,,,False,
2022-02-07,2.93975,True,2.93975,True,,2.93975,False,,,,,,,,,False,
2022-02-08,2.740375,True,2.740375,True,,2.740375,False,,,,,,,,,False,
2022-02-09,2.1759583333333334,True,2.1759583333333334,True,,2.1759583333333334,False,,,,,,,,,False,
2022-02-10,1.688125,True,1.688125,True,,1.688125,False,,,,,,,,,False,
2022-02-11,1.0865416666666663,True,1.0865416666666663,True,,1.0865416666666663,False,,,,,,,,,False,
2022-02-12,0.7387499999999999,True,0.7387499999999999,True,,0.7387499999999999,False,,,,,,,,,False,
2022-02-13,1.3675,True,1.3675,True,,1.3675,False,,,,,,,,,False,
2022-02-14,2.3301666666666665,True,2.3301666666666665,True,,2.3301666666666665,False,,,,,,,,,False,
2022-02-15,2.33175,True,2.33175,True,,2.33175,False,,,,,,,,,False,
2022-02-16,0.8715416666666665,True,0.8715416666666665,True,,0.8715416666666665,False,,,,,,,,,False,
2022-02-17,1.0567916666666666,True,1.0567916666666666,True,,1.0567916666666666,False,,,,,,,,,False,
2022-02-18,4.38375,True,4.38375,True,,4.38375,False,,,,,,,,,False,
2022-02-19,6.743666666666667,True,6.743666666666667,True,,6.743666666666667,False,,,,,,,,,False,
2022-02-20,2.8869166666666666,True,2.8869166666666666,True,,2.8869166666666666,False,,,,,,,,,False,
2022-02-21,3.233125,True,3.233125,True,,3.233125,False,,,,,,,,,False,
2022-02-22,4.57825,True,4.57825,True,,4.57825,False,,,,,,,,,False,
2022-02-23,6.267625,True,6.267625,True,,6.267625,False,,,,,,,,,False,
2022-02-24,4.098291666666667,True,4.098291666666667,True,,4.098291666666667,False,,,,,,,,,False,
2022-02-25,3.142375,True,3.142375,True,,3.142375,False,,,,,,,,,False,
2022-02-26,3.4620833333333336,True,3.4620833333333336,True,,3.4620833333333336,False,,,,,,,,,False,
2022-02-27,2.9776249999999997,True,2.9776249999999997,True,,2.9776249999999997,False,,,,,,,,,False,
2022-02-28,1.204125,True,1.204125,True,,1.204125,False,,,,,,,,,False,
2022-03-01,1.6015416666666669,True,1.6015416666666669,True,,1.6015416666666669,False,,,,,,,,,False,
2022-03-02,8.030125,True,8.030125,True,,8.030125,False,,,,,,,,,False,
2022-03-03,16.765333333333334,True,16.765333333333334,True,,16.765333333333334,False,,,,,,,,,False,
2022-03-04,17.901625,True,17.901625,True,,17.901625,False,,,,,,,,,False,
2022-03-05,12.342999999999998,True,12.342999999999998,True,,12.342999999999998,False,,,,,,,,,False,
2022-03-06,5.375333333333333,True,5.375333333333333,True,,5.375333333333333,False,,,,,,,,,False,
2022-03-07,4.20225,True,4.20225,True,,4.20225,False,,,,,,,,,False,
2022-03-08,5.751124999999999,True,5.751124999999999,True,,5.751124999999999,False,,,,,,,,,False,
2022-03-09,7.287791666666667,True,7.287791666666667,True,,7.287791666666667,False,,,,,,,,,False,
2022-03-10,9.357041666666667,True,9.357041666666667,True,,9.357041666666667,False,,,,,,,,,False,
2022-03-11,14.197875000000002,True,14.197875000000002,True,,14.197875000000002,False,,,,,,,,,False,
2022-03-12,12.601166666666666,True,12.601166666666666,True,,12.601166666666666,False,,,,,,,,,False,
2022-03-13,11.186916666666669,True,11.186916666666669,True,,11.186916666666669,False,,,,,,,,,False,
2022-03-14,12.649499999999998,True,12.649499999999998,True,,12.649499999999998,False,,,,,,,,,False,
2022-03-15,12.1175,True,12.1175,True,,12.1175,False,,,,,,,,,False,
2022-03-16,10.979,True,10.979,True,,10.979,False,,,,,,,,,False,
2022-03-17,11.404541666666663,True,11.404541666666663,True,,11.404541666666663,False,,,,,,,,,False,
2022-03-18,9.706,True,9.706,True,,9.706,False,,,,,,,,,False,
2022-03-19,7.074333333333333,True,7.074333333333333,True,,7.074333333333333,False,,,,,,,,,False,
2022-03-20,8.942333333333332,True,8.942333333333332,True,,8.942333333333332,False,,,,,,,,,False,
2022-03-21,6.352374999999999,True,6.352374999999999,True,,6.352374999999999,False,,,,,,,,,False,
2022-03-22,3.192625,True,3.192625,True,,3.192625,False,,,,,,,,,False,
2022-03-23,2.4677916666666664,True,2.4677916666666664,True,,2.4677916666666664,False,,,,,,,,,False,
2022-03-24,1.659333333333333,True,1.659333333333333,True,,1.659333333333333,False,,,,,,,,,False,
2022-03-25,2.171625,True,2.171625,True,,2.171625,False,,,,,,,,,False,
2022-03-26,1.4722083333333336,True,1.4722083333333336,True,,1.4722083333333336,False,,,,,,,,,False,
2022-03-27,1.4669583333333334,True,1.4669583333333334,True,,1.4669583333333334,False,,,,,,,,,False,
2022-03-28,2.188916666666667,True,2.188916666666667,True,,2.188916666666667,False,,,,,,,,,False,
2022-03-29,4.390875,True,4.390875,True,,4.390875,False,,,,,,,,,False,
2022-03-30,2.8149166666666665,True,2.8149166666666665,True,,2.8149166666666665,False,,,,,,,,,False,
2022-03-31,5.0129166666666665,True,5.0129166666666665,True,,5.0129166666666665,False,,,,,,,,,False,
2022-04-01,10.522833333333336,True,10.522833333333336,True,,10.522833333333336,False,,,,,,,,,False,
2022-04-02,10.462833333333334,True,10.462833333333334,True,,10.462833333333334,False,,,,,,,,,False,
2022-04-03,8.637875,True,8.637875,True,,8.637875,False,,,,,,,,,False,
2022-04-04,8.553583333333332,True,8.553583333333332,True,,8.553583333333332,False,,,,,,,,,False,
2022-04-05,10.685125,True,10.685125,True,,10.685125,False,,,,,,,,,False,
2022-04-06,11.85975,True,11.85975,True,,11.85975,False,,,,,,,,,False,
2022-04-07,14.014208333333334,True,14.014208333333334,True,,14.014208333333334,False,,,,,,,,,False,
2022-04-08,9.465541666666669,True,9.465541666666669,True,,9.465541666666669,False,,,,,,,,,False,
2022-04-09,10.7425,False,10.7425,False,8.020818019444341,8.020818019444341,True,REAL_L001_20220409,1.0,gaussian_process,,,5.408757679233008,11.894325003327918,standard_uncertainty,False,"Retrospective reconstruction (engineered hybrid pipeline, primary method assignment). Method=gaussian_process. "
2022-04-10,6.387791666666668,True,6.387791666666668,True,,6.387791666666668,False,,,,,,,,,False,
2022-04-11,3.356125,True,3.356125,True,,3.356125,False,,,,,,,,,False,
2022-04-12,3.137166666666667,True,3.137166666666667,True,,3.137166666666667,False,,,,,,,,,False,
2022-04-13,5.445708333333333,True,5.445708333333333,True,,5.445708333333333,False,,,,,,,,,False,
2022-04-14,7.566916666666667,True,7.566916666666667,True,,7.566916666666667,False,,,,,,,,,False,
2022-04-15,5.498125000000001,True,5.498125000000001,True,,5.498125000000001,False,,,,,,,,,False,
2022-04-16,4.015,True,4.015,True,,4.015,False,,,,,,,,,False,
2022-04-17,3.4852916666666665,True,3.4852916666666665,True,,3.4852916666666665,False,,,,,,,,,False,
2022-04-18,6.09975,True,6.09975,True,,6.09975,False,,,,,,,,,False,
2022-04-19,8.291375,True,8.291375,True,,8.291375,False,,,,,,,,,False,
2022-04-20,6.6677083333333345,True,6.6677083333333345,True,,6.6677083333333345,False,,,,,,,,,False,
2022-04-21,6.781,True,6.781,True,,6.781,False,,,,,,,,,False,
2022-04-22,6.6982083333333335,True,6.6982083333333335,True,,6.6982083333333335,False,,,,,,,,,False,
2022-04-23,5.8989166666666675,True,5.8989166666666675,True,,5.8989166666666675,False,,,,,,,,,False,
2022-04-24,6.614625,True,6.614625,True,,6.614625,False,,,,,,,,,False,
2022-04-25,6.864708333333333,True,6.864708333333333,True,,6.864708333333333,False,,,,,,,,,False,
2022-04-26,3.869875,True,3.869875,True,,3.869875,False,,,,,,,,,False,
2022-04-27,2.12975,True,2.12975,True,,2.12975,False,,,,,,,,,False,
2022-04-28,1.712,True,1.712,True,,1.712,False,,,,,,,,,False,
2022-04-29,1.4496666666666669,True,1.4496666666666669,True,,1.4496666666666669,False,,,,,,,,,False,
2022-04-30,2.1315,True,2.1315,True,,2.1315,False,,,,,,,,,False,
2022-05-01,2.7737916666666664,True,2.7737916666666664,True,,2.7737916666666664,False,,,,,,,,,False,
2022-05-02,3.328416666666666,True,3.328416666666666,True,,3.328416666666666,False,,,,,,,,,False,
2022-05-03,4.0112499999999995,True,4.0112499999999995,True,,4.0112499999999995,False,,,,,,,,,False,
2022-05-04,2.826,True,2.826,True,,2.826,False,,,,,,,,,False,
2022-05-05,2.44325,True,2.44325,True,,2.44325,False,,,,,,,,,False,
2022-05-06,1.8950833333333332,True,1.8950833333333332,True,,1.8950833333333332,False,,,,,,,,,False,
2022-05-07,3.062291666666667,True,3.062291666666667,True,,3.062291666666667,False,,,,,,,,,False,
2022-05-08,3.254375,True,3.254375,True,,3.254375,False,,,,,,,,,False,
2022-05-09,1.7392083333333332,True,1.7392083333333332,True,,1.7392083333333332,False,,,,,,,,,False,
2022-05-10,4.696916666666667,True,4.696916666666667,True,,4.696916666666667,False,,,,,,,,,False,
2022-05-11,2.7731428571428576,True,2.7731428571428576,True,,2.7731428571428576,False,,,,,,,,,False,
2022-05-12,1.9914999999999996,True,1.9914999999999996,True,,1.9914999999999996,False,,,,,,,,,False,
2022-05-13,1.969541666666667,True,1.969541666666667,True,,1.969541666666667,False,,,,,,,,,False,
2022-05-14,1.678,True,1.678,True,,1.678,False,,,,,,,,,False,
2022-05-15,1.5222083333333334,True,1.5222083333333334,True,,1.5222083333333334,False,,,,,,,,,False,
2022-05-16,1.972,False,1.972,False,1.266074491072655,1.266074491072655,True,REAL_L001_20220516,1.0,gaussian_process,,,0.7524049967434691,2.1304279262932675,standard_uncertainty,False,"Retrospective reconstruction (engineered hybrid pipeline, primary method assignment). Method=gaussian_process. "
2022-05-17,1.0016500000000002,True,1.0016500000000002,True,,1.0016500000000002,False,,,,,,,,,False,
2022-05-18,1.3634583333333332,True,1.3634583333333332,True,,1.3634583333333332,False,,,,,,,,,False,
2022-05-19,1.6831249999999998,True,1.6831249999999998,True,,1.6831249999999998,False,,,,,,,,,False,
2022-05-20,1.6162083333333337,True,1.6162083333333337,True,,1.6162083333333337,False,,,,,,,,,False,
2022-05-21,1.3724999999999998,True,1.3724999999999998,True,,1.3724999999999998,False,,,,,,,,,False,
2022-05-22,2.091875,True,2.091875,True,,2.091875,False,,,,,,,,,False,
2022-05-23,5.491083333333333,True,5.491083333333333,True,,5.491083333333333,False,,,,,,,,,False,
2022-05-24,6.735458333333334,True,6.735458333333334,True,,6.735458333333334,False,,,,,,,,,False,
2022-05-25,6.619875,True,6.619875,True,,6.619875,False,,,,,,,,,False,
2022-05-26,8.019666666666668,True,8.019666666666668,True,,8.019666666666668,False,,,,,,,,,False,
2022-05-27,9.314791666666666,True,9.314791666666666,True,,9.314791666666666,False,,,,,,,,,False,
2022-05-28,6.609333333333333,True,6.609333333333333,True,,6.609333333333333,False,,,,,,,,,False,
2022-05-29,4.50525,True,4.50525,True,,4.50525,False,,,,,,,,,False,
2022-05-30,4.067625,True,4.067625,True,,4.067625,False,,,,,,,,,False,
2022-05-31,1.508416666666667,True,1.508416666666667,True,,1.508416666666667,False,,,,,,,,,False,
2022-06-01,2.8574583333333337,True,2.8574583333333337,True,,2.8574583333333337,False,,,,,,,,,False,
2022-06-02,3.4894166666666666,True,3.4894166666666666,True,,3.4894166666666666,False,,,,,,,,,False,
2022-06-03,2.4088333333333334,True,2.4088333333333334,True,,2.4088333333333334,False,,,,,,,,,False,
2022-06-04,2.999333333333334,True,2.999333333333334,True,,2.999333333333334,False,,,,,,,,,False,
2022-06-05,3.006041666666667,True,3.006041666666667,True,,3.006041666666667,False,,,,,,,,,False,
2022-06-06,3.4793749999999997,True,3.4793749999999997,True,,3.4793749999999997,False,,,,,,,,,False,
2022-06-07,2.549583333333333,True,2.549583333333333,True,,2.549583333333333,False,,,,,,,,,False,
2022-06-08,1.7416250000000002,True,1.7416250000000002,True,,1.7416250000000002,False,,,,,,,,,False,
2022-06-09,1.791958333333333,True,1.791958333333333,True,,1.791958333333333,False,,,,,,,,,False,
2022-06-10,2.407666666666666,True,2.407666666666666,True,,2.407666666666666,False,,,,,,,,,False,
2022-06-11,1.8547916666666664,True,1.8547916666666664,True,,1.8547916666666664,False,,,,,,,,,False,
2022-06-12,2.122291666666667,True,2.122291666666667,True,,2.122291666666667,False,,,,,,,,,False,
2022-06-13,3.1913750000000003,True,3.1913750000000003,True,,3.1913750000000003,False,,,,,,,,,False,
2022-06-14,4.0715,True,4.0715,True,,4.0715,False,,,,,,,,,False,
2022-06-15,3.5834166666666665,True,3.5834166666666665,True,,3.5834166666666665,False,,,,,,,,,False,
2022-06-16,3.5543750000000003,True,3.5543750000000003,True,,3.5543750000000003,False,,,,,,,,,False,
2022-06-17,3.512833333333333,True,3.512833333333333,True,,3.512833333333333,False,,,,,,,,,False,
2022-06-18,4.755708333333334,True,4.755708333333334,True,,4.755708333333334,False,,,,,,,,,False,
2022-06-19,8.211291666666666,True,8.211291666666666,True,,8.211291666666666,False,,,,,,,,,False,
2022-06-20,11.473083333333332,True,11.473083333333332,True,,11.473083333333332,False,,,,,,,,,False,
2022-06-21,8.879083333333334,True,8.879083333333334,True,,8.879083333333334,False,,,,,,,,,False,
2022-06-22,8.110000000000001,True,8.110000000000001,True,,8.110000000000001,False,,,,,,,,,False,
2022-06-23,5.727875,True,5.727875,True,,5.727875,False,,,,,,,,,False,
2022-06-24,2.8375,True,2.8375,True,,2.8375,False,,,,,,,,,False,
2022-06-25,2.8060416666666668,True,2.8060416666666668,True,,2.8060416666666668,False,,,,,,,,,False,
2022-06-26,4.325541666666667,True,4.325541666666667,True,,4.325541666666667,False,,,,,,,,,False,
2022-06-27,5.573958333333333,True,5.573958333333333,True,,5.573958333333333,False,,,,,,,,,False,
2022-06-28,6.281083333333332,True,6.281083333333332,True,,6.281083333333332,False,,,,,,,,,False,
2022-06-29,5.20275,True,5.20275,True,,5.20275,False,,,,,,,,,False,
2022-06-30,4.8725,True,4.8725,True,,4.8725,False,,,,,,,,,False,
2022-07-01,7.017500000000001,True,7.017500000000001,True,,7.017500000000001,False,,,,,,,,,False,
2022-07-02,6.470833333333334,True,6.470833333333334,True,,6.470833333333334,False,,,,,,,,,False,
2022-07-03,6.422458333333334,True,6.422458333333334,True,,6.422458333333334,False,,,,,,,,,False,
2022-07-04,5.5432500000000005,True,5.5432500000000005,True,,5.5432500000000005,False,,,,,,,,,False,
2022-07-05,6.969541666666667,True,6.969541666666667,True,,6.969541666666667,False,,,,,,,,,False,
2022-07-06,5.180208333333334,True,5.180208333333334,True,,5.180208333333334,False,,,,,,,,,False,
2022-07-07,6.315291666666667,True,6.315291666666667,True,,6.315291666666667,False,,,,,,,,,False,
2022-07-08,8.178375,True,8.178375,True,,8.178375,False,,,,,,,,,False,
2022-07-09,15.722583333333333,True,15.722583333333333,True,,15.722583333333333,False,,,,,,,,,False,
2022-07-10,11.03433333333333,True,11.03433333333333,True,,11.03433333333333,False,,,,,,,,,False,
2022-07-11,6.832541666666667,True,6.832541666666667,True,,6.832541666666667,False,,,,,,,,,False,
2022-07-12,5.212041666666667,True,5.212041666666667,True,,5.212041666666667,False,,,,,,,,,False,
2022-07-13,5.646333333333334,True,5.646333333333334,True,,5.646333333333334,False,,,,,,,,,False,
2022-07-14,5.491874999999999,True,5.491874999999999,True,,5.491874999999999,False,,,,,,,,,False,
2022-07-15,1.821625,True,1.821625,True,,1.821625,False,,,,,,,,,False,
2022-07-16,1.1360833333333331,True,1.1360833333333331,True,,1.1360833333333331,False,,,,,,,,,False,
2022-07-17,1.11975,True,1.11975,True,,1.11975,False,,,,,,,,,False,
2022-07-18,1.039625,True,1.039625,True,,1.039625,False,,,,,,,,,False,
2022-07-19,1.366875,True,1.366875,True,,1.366875,False,,,,,,,,,False,
2022-07-20,2.414875,True,2.414875,True,,2.414875,False,,,,,,,,,False,
2022-07-21,2.6104166666666666,True,2.6104166666666666,True,,2.6104166666666666,False,,,,,,,,,False,
2022-07-22,5.250541666666667,True,5.250541666666667,True,,5.250541666666667,False,,,,,,,,,False,
2022-07-23,10.217083333333331,True,10.217083333333331,True,,10.217083333333331,False,,,,,,,,,False,
2022-07-24,9.355791666666669,True,9.355791666666669,True,,9.355791666666669,False,,,,,,,,,False,
2022-07-25,7.959,True,7.959,True,,7.959,False,,,,,,,,,False,
2022-07-26,7.833375,True,7.833375,True,,7.833375,False,,,,,,,,,False,
2022-07-27,6.297454545454546,False,6.297454545454546,False,5.295317920761517,5.295317920761517,True,REAL_L031_20220727,71.0,gap_edge_residual_model,,,1.239192044304952,22.627963123880125,very_high_uncertainty_extrapolated_beyond_validation_range,True,"Retrospective reconstruction (engineered hybrid pipeline, primary method assignment). Method=gap_edge_residual_model. Beyond validation envelope (L>60 days); very high uncertainty."
2022-07-28,,False,,False,4.783262023362196,4.783262023362196,True,REAL_L031_20220727,71.0,gap_edge_residual_model,,,0.90939162153962,25.159232878573658,very_high_uncertainty_extrapolated_beyond_validation_range,True,"Retrospective reconstruction (engineered hybrid pipeline, primary method assignment). Method=gap_edge_residual_model. Beyond validation envelope (L>60 days); very high uncertainty."
2022-07-29,,False,,False,4.61451604895665,4.61451604895665,True,REAL_L031_20220727,71.0,gap_edge_residual_model,,,0.92034339751202,23.136753546167956,very_high_uncertainty_extrapolated_beyond_validation_range,True,"Retrospective reconstruction (engineered hybrid pipeline, primary method assignment). Method=gap_edge_residual_model. Beyond validation envelope (L>60 days); very high uncertainty."
2022-07-30,,False,,False,5.018872290031683,5.018872290031683,True,REAL_L031_20220727,71.0,gap_edge_residual_model,,,1.0754042687849537,23.422892948070377,very_high_uncertainty_extrapolated_beyond_validation_range,True,"Retrospective reconstruction (engineered hybrid pipeline, primary method assignment). Method=gap_edge_residual_model. Beyond validation envelope (L>60 days); very high uncertainty."
2022-07-31,,False,,False,5.536250159557491,5.536250159557491,True,REAL_L031_20220727,71.0,gap_edge_residual_model,,,1.3514011677386135,22.680212627379223,very_high_uncertainty_extrapolated_beyond_validation_range,True,"Retrospective reconstruction (engineered hybrid pipeline, primary method assignment). Method=gap_edge_residual_model. Beyond validation envelope (L>60 days); very high uncertainty."
2022-08-01,,False,,False,5.68627176208794,5.68627176208794,True,REAL_L031_20220727,71.0,gap_edge_residual_model,,,1.5008751671356515,21.543221755095043,very_high_uncertainty_extrapolated_beyond_validation_range,True,"Retrospective reconstruction (engineered hybrid pipeline, primary method assignment). Method=gap_edge_residual_model. Beyond validation envelope (L>60 days); very high uncertainty."
2022-08-02,,False,,False,5.15852830969934,5.15852830969934,True,REAL_L031_20220727,71.0,gap_edge_residual_model,,,1.175953936071224,22.62878970486971,very_high_uncertainty_extrapolated_beyond_validation_range,True,"Retrospective reconstruction (engineered hybrid pipeline, primary method assignment). Method=gap_edge_residual_model. Beyond validation envelope (L>60 days); very high uncertainty."
2022-08-03,,False,,False,4.804527102121823,4.804527102121823,True,REAL_L031_20220727,71.0,gap_edge_residual_model,,,0.8759083152152465,26.353763600646467,very_high_uncertainty_extrapolated_beyond_validation_range,True,"Retrospective reconstruction (engineered hybrid pipeline, primary method assignment). Method=gap_edge_residual_model. Beyond validation envelope (L>60 days); very high uncertainty."
2022-08-04,,False,,False,5.102823005154827,5.102823005154827,True,REAL_L031_20220727,71.0,gap_edge_residual_model,,,1.3006082272740156,20.020481245542214,very_high_uncertainty_extrapolated_beyond_validation_range,True,"Retrospective reconstruction (engineered hybrid pipeline, primary method assignment). Method=gap_edge_residual_model. Beyond validation envelope (L>60 days); very high uncertainty."
2022-08-05,,False,,False,4.632174882907333,4.632174882907333,True,REAL_L031_20220727,71.0,gap_edge_residual_model,,,1.121121295842238,19.13891407237792,very_high_uncertainty_extrapolated_beyond_validation_range,True,"Retrospective reconstruction (engineered hybrid pipeline, primary method assignment). Method=gap_edge_residual_model. Beyond validation envelope (L>60 days); very high uncertainty."
2022-08-06,,False,,False,4.651405402792151,4.651405402792151,True,REAL_L031_20220727,71.0,gap_edge_residual_model,,,1.0073381927309448,21.477962790697813,very_high_uncertainty_extrapolated_beyond_validation_range,True,"Retrospective reconstruction (engineered hybrid pipeline, primary method assignment). Method=gap_edge_residual_model. Beyond validation envelope (L>60 days); very high uncertainty."
2022-08-07,,False,,False,4.967487289766332,4.967487289766332,True,REAL_L031_20220727,71.0,gap_edge_residual_model,,,0.9367841927301483,26.34110413634856,very_high_uncertainty_extrapolated_beyond_validation_range,True,"Retrospective reconstruction (engineered hybrid pipeline, primary method assignment). Method=gap_edge_residual_model. Beyond validation envelope (L>60 days); very high uncertainty."
2022-08-08,,False,,False,4.970900271383626,4.970900271383626,True,REAL_L031_20220727,71.0,gap_edge_residual_model,,,0.9529154136608944,25.930790030053053,very_high_uncertainty_extrapolated_beyond_validation_range,True,"Retrospective reconstruction (engineered hybrid pipeline, primary method assignment). Method=gap_edge_residual_model. Beyond validation envelope (L>60 days); very high uncertainty."
2022-08-09,,False,,False,4.409836011301927,4.409836011301927,True,REAL_L031_20220727,71.0,gap_edge_residual_model,,,1.0155745534876188,19.14842546989079,very_high_uncertainty_extrapolated_beyond_validation_range,True,"Retrospective reconstruction (engineered hybrid pipeline, primary method assignment). Method=gap_edge_residual_model. Beyond validation envelope (L>60 days); very high uncertainty."
2022-08-10,,False,,False,4.226834211370873,4.226834211370873,True,REAL_L031_20220727,71.0,gap_edge_residual_model,,,0.9348863139284036,19.110481332582083,very_high_uncertainty_extrapolated_beyond_validation_range,True,"Retrospective reconstruction (engineered hybrid pipeline, primary method assignment). Method=gap_edge_residual_model. Beyond validation envelope (L>60 days); very high uncertainty."
2022-08-11,,False,,False,4.580843127142013,4.580843127142013,True,REAL_L031_20220727,71.0,gap_edge_residual_model,,,1.0695202231617784,19.62012807336145,very_high_uncertainty_extrapolated_beyond_validation_range,True,"Retrospective reconstruction (engineered hybrid pipeline, primary method assignment). Method=gap_edge_residual_model. Beyond validation envelope (L>60 days); very high uncertainty."
2022-08-12,,False,,False,4.820310013315699,4.820310013315699,True,REAL_L031_20220727,71.0,gap_edge_residual_model,,,1.174815792555306,19.77789945599302,very_high_uncertainty_extrapolated_beyond_validation_range,True,"Retrospective reconstruction (engineered hybrid pipeline, primary method assignment). Method=gap_edge_residual_model. Beyond validation envelope (L>60 days); very high uncertainty."
2022-08-13,,False,,False,4.4076662039967465,4.4076662039967465,True,REAL_L031_20220727,71.0,gap_edge_residual_model,,,0.9267359844477726,20.963382982729044,very_high_uncertainty_extrapolated_beyond_validation_range,True,"Retrospective reconstruction (engineered hybrid pipeline, primary method assignment). Method=gap_edge_residual_model. Beyond validation envelope (L>60 days); very high uncertainty."
2022-08-14,,False,,False,4.836752585098905,4.836752585098905,True,REAL_L031_20220727,71.0,gap_edge_residual_model,,,1.0030741694723626,23.32247831859408,very_high_uncertainty_extrapolated_beyond_validation_range,True,"Retrospective reconstruction (engineered hybrid pipeline, primary method assignment). Method=gap_edge_residual_model. Beyond validation envelope (L>60 days); very high uncertainty."
2022-08-15,,False,,False,4.9723302429740155,4.9723302429740155,True,REAL_L031_20220727,71.0,gap_edge_residual_model,,,1.0947214098485014,22.58480360644047,very_high_uncertainty_extrapolated_beyond_validation_range,True,"Retrospective reconstruction (engineered hybrid pipeline, primary method assignment). Method=gap_edge_residual_model. Beyond validation envelope (L>60 days); very high uncertainty."
2022-08-16,,False,,False,4.70745386890909,4.70745386890909,True,REAL_L031_20220727,71.0,gap_edge_residual_model,,,1.1583310991182885,19.131077413681847,very_high_uncertainty_extrapolated_beyond_validation_range,True,"Retrospective reconstruction (engineered hybrid pipeline, primary method assignment). Method=gap_edge_residual_model. Beyond validation envelope (L>60 days); very high uncertainty."
2022-08-17,,False,,False,3.97811746595675,3.97811746595675,True,REAL_L031_20220727,71.0,gap_edge_residual_model,,,0.9642622596352356,16.41194438008665,very_high_uncertainty_extrapolated_beyond_validation_range,True,"Retrospective reconstruction (engineered hybrid pipeline, primary method assignment). Method=gap_edge_residual_model. Beyond validation envelope (L>60 days); very high uncertainty."
2022-08-18,,False,,False,3.5422083651101266,3.5422083651101266,True,REAL_L031_20220727,71.0,gap_edge_residual_model,,,0.8292246247559215,15.13129220631789,very_high_uncertainty_extrapolated_beyond_validation_range,True,"Retrospective reconstruction (engineered hybrid pipeline, primary method assignment). Method=gap_edge_residual_model. Beyond validation envelope (L>60 days); very high uncertainty."
2022-08-19,,False,,False,3.7336480282523823,3.7336480282523823,True,REAL_L031_20220727,71.0,gap_edge_residual_model,,,0.7455887702602821,18.696804666205555,very_high_uncertainty_extrapolated_beyond_validation_range,True,"Retrospective reconstruction (engineered hybrid pipeline, primary method assignment). Method=gap_edge_residual_model. Beyond validation envelope (L>60 days); very high uncertainty."
2022-08-20,,False,,False,4.259539115889076,4.259539115889076,True,REAL_L031_20220727,71.0,gap_edge_residual_model,,,0.7510169869511376,24.158805719489745,very_high_uncertainty_extrapolated_beyond_validation_range,True,"Retrospective reconstruction (engineered hybrid pipeline, primary method assignment). Method=gap_edge_residual_model. Beyond validation envelope (L>60 days); very high uncertainty."
2022-08-21,,False,,False,5.030139157880099,5.030139157880099,True,REAL_L031_20220727,71.0,gap_edge_residual_model,,,0.8261470348262836,30.626872555390953,very_high_uncertainty_extrapolated_beyond_validation_range,True,"Retrospective reconstruction (engineered hybrid pipeline, primary method assignment). Method=gap_edge_residual_model. Beyond validation envelope (L>60 days); very high uncertainty."
2022-08-22,,False,,False,5.577386572247973,5.577386572247973,True,REAL_L031_20220727,71.0,gap_edge_residual_model,,,1.1134282928821368,27.938252669842004,very_high_uncertainty_extrapolated_beyond_validation_range,True,"Retrospective reconstruction (engineered hybrid pipeline, primary method assignment). Method=gap_edge_residual_model. Beyond validation envelope (L>60 days); very high uncertainty."
2022-08-23,,False,,False,5.739510986668677,5.739510986668677,True,REAL_L031_20220727,71.0,gap_edge_residual_model,,,1.3765282032445474,23.931210627173854,very_high_uncertainty_extrapolated_beyond_validation_range,True,"Retrospective reconstruction (engineered hybrid pipeline, primary method assignment). Method=gap_edge_residual_model. Beyond validation envelope (L>60 days); very high uncertainty."
2022-08-24,,False,,False,5.326778502614853,5.326778502614853,True,REAL_L031_20220727,71.0,gap_edge_residual_model,,,1.301145219617349,21.807380750524025,very_high_uncertainty_extrapolated_beyond_validation_range,True,"Retrospective reconstruction (engineered hybrid pipeline, primary method assignment). Method=gap_edge_residual_model. Beyond validation envelope (L>60 days); very high uncertainty."
2022-08-25,,False,,False,5.241465937700238,5.241465937700238,True,REAL_L031_20220727,71.0,gap_edge_residual_model,,,1.2355957194061251,22.23459076831085,very_high_uncertainty_extrapolated_beyond_validation_range,True,"Retrospective reconstruction (engineered hybrid pipeline, primary method assignment). Method=gap_edge_residual_model. Beyond validation envelope (L>60 days); very high uncertainty."
2022-08-26,,False,,False,5.204762390874065,5.204762390874065,True,REAL_L031_20220727,71.0,gap_edge_residual_model,,,1.2587843100542524,21.52040768945521,very_high_uncertainty_extrapolated_beyond_validation_range,True,"Retrospective reconstruction (engineered hybrid pipeline, primary method assignment). Method=gap_edge_residual_model. Beyond validation envelope (L>60 days); very high uncertainty."
2022-08-27,,False,,False,5.17849944058146,5.17849944058146,True,REAL_L031_20220727,71.0,gap_edge_residual_model,,,1.260313716062692,21.277921611358977,very_high_uncertainty_extrapolated_beyond_validation_range,True,"Retrospective reconstruction (engineered hybrid pipeline, primary method assignment). Method=gap_edge_residual_model. Beyond validation envelope (L>60 days); very high uncertainty."
2022-08-28,,False,,False,5.762321157467611,5.762321157467611,True,REAL_L031_20220727,71.0,gap_edge_residual_model,,,1.4340456832292308,23.15431475448414,very_high_uncertainty_extrapolated_beyond_validation_range,True,"Retrospective reconstruction (engineered hybrid pipeline, primary method assignment). Method=gap_edge_residual_model. Beyond validation envelope (L>60 days); very high uncertainty."
2022-08-29,,False,,False,5.766572185802735,5.766572185802735,True,REAL_L031_20220727,71.0,gap_edge_residual_model,,,1.2201495725245155,27.2535068838092,very_high_uncertainty_extrapolated_beyond_validation_range,True,"Retrospective reconstruction (engineered hybrid pipeline, primary method assignment). Method=gap_edge_residual_model. Beyond validation envelope (L>60 days); very high uncertainty."
2022-08-30,,False,,False,5.657956460233148,5.657956460233148,True,REAL_L031_20220727,71.0,gap_edge_residual_model,,,1.29728470171577,24.67651955161021,very_high_uncertainty_extrapolated_beyond_validation_range,True,"Retrospective reconstruction (engineered hybrid pipeline, primary method assignment). Method=gap_edge_residual_model. Beyond validation envelope (L>60 days); very high uncertainty."
2022-08-31,,False,,False,5.248381075478456,5.248381075478456,True,REAL_L031_20220727,71.0,gap_edge_residual_model,,,1.151944960705573,23.912170158345585,very_high_uncertainty_extrapolated_beyond_validation_range,True,"Retrospective reconstruction (engineered hybrid pipeline, primary method assignment). Method=gap_edge_residual_model. Beyond validation envelope (L>60 days); very high uncertainty."
2022-09-01,,False,,False,5.024721650830634,5.024721650830634,True,REAL_L031_20220727,71.0,gap_edge_residual_model,,,1.0332253529486366,24.435935099998694,very_high_uncertainty_extrapolated_beyond_validation_range,True,"Retrospective reconstruction (engineered hybrid pipeline, primary method assignment). Method=gap_edge_residual_model. Beyond validation envelope (L>60 days); very high uncertainty."
2022-09-02,,False,,False,4.840546776126236,4.840546776126236,True,REAL_L031_20220727,71.0,gap_edge_residual_model,,,0.9875428964584292,23.72645601107053,very_high_uncertainty_extrapolated_beyond_validation_range,True,"Retrospective reconstruction (engineered hybrid pipeline, primary method assignment). Method=gap_edge_residual_model. Beyond validation envelope (L>60 days); very high uncertainty."
2022-09-03,,False,,False,4.5733844866793705,4.5733844866793705,True,REAL_L031_20220727,71.0,gap_edge_residual_model,,,1.003441387099691,20.844113001411973,very_high_uncertainty_extrapolated_beyond_validation_range,True,"Retrospective reconstruction (engineered hybrid pipeline, primary method assignment). Method=gap_edge_residual_model. Beyond validation envelope (L>60 days); very high uncertainty."
2022-09-04,,False,,False,5.0146753731468605,5.0146753731468605,True,REAL_L031_20220727,71.0,gap_edge_residual_model,,,1.1156825590750912,22.539537696898865,very_high_uncertainty_extrapolated_beyond_validation_range,True,"Retrospective reconstruction (engineered hybrid pipeline, primary method assignment). Method=gap_edge_residual_model. Beyond validation envelope (L>60 days); very high uncertainty."
2022-09-05,,False,,False,4.992508296785677,4.992508296785677,True,REAL_L031_20220727,71.0,gap_edge_residual_model,,,0.8786500719159068,28.3675377606517,very_high_uncertainty_extrapolated_beyond_validation_range,True,"Retrospective reconstruction (engineered hybrid pipeline, primary method assignment). Method=gap_edge_residual_model. Beyond validation envelope (L>60 days); very high uncertainty."
2022-09-06,,False,,False,5.3674499131017095,5.3674499131017095,True,REAL_L031_20220727,71.0,gap_edge_residual_model,,,1.355281016620686,21.257228734370084,very_high_uncertainty_extrapolated_beyond_validation_range,True,"Retrospective reconstruction (engineered hybrid pipeline, primary method assignment). Method=gap_edge_residual_model. Beyond validation envelope (L>60 days); very high uncertainty."
2022-09-07,,False,,False,5.013583603335677,5.013583603335677,True,REAL_L031_20220727,71.0,gap_edge_residual_model,,,1.0490959779529578,23.959695848498875,very_high_uncertainty_extrapolated_beyond_validation_range,True,"Retrospective reconstruction (engineered hybrid pipeline, primary method assignment). Method=gap_edge_residual_model. Beyond validation envelope (L>60 days); very high uncertainty."
2022-09-08,,False,,False,5.171158424137651,5.171158424137651,True,REAL_L031_20220727,71.0,gap_edge_residual_model,,,1.1928037693511784,22.41850682788788,very_high_uncertainty_extrapolated_beyond_validation_range,True,"Retrospective reconstruction (engineered hybrid pipeline, primary method assignment). Method=gap_edge_residual_model. Beyond validation envelope (L>60 days); very high uncertainty."
2022-09-09,,False,,False,5.129802402170771,5.129802402170771,True,REAL_L031_20220727,71.0,gap_edge_residual_model,,,1.212915374424524,21.695555386790517,very_high_uncertainty_extrapolated_beyond_validation_range,True,"Retrospective reconstruction (engineered hybrid pipeline, primary method assignment). Method=gap_edge_residual_model. Beyond validation envelope (L>60 days); very high uncertainty."
2022-09-10,,False,,False,4.60410264267965,4.60410264267965,True,REAL_L031_20220727,71.0,gap_edge_residual_model,,,0.9578416468527474,22.130757431544996,very_high_uncertainty_extrapolated_beyond_validation_range,True,"Retrospective reconstruction (engineered hybrid pipeline, primary method assignment). Method=gap_edge_residual_model. Beyond validation envelope (L>60 days); very high uncertainty."
2022-09-11,,False,,False,5.282502504904192,5.282502504904192,True,REAL_L031_20220727,71.0,gap_edge_residual_model,,,1.0302939657042751,27.08434062820531,very_high_uncertainty_extrapolated_beyond_validation_range,True,"Retrospective reconstruction (engineered hybrid pipeline, primary method assignment). Method=gap_edge_residual_model. Beyond validation envelope (L>60 days); very high uncertainty."
2022-09-12,,False,,False,4.820497141683306,4.820497141683306,True,REAL_L031_20220727,71.0,gap_edge_residual_model,,,0.7355894751691967,31.589892837485213,very_high_uncertainty_extrapolated_beyond_validation_range,True,"Retrospective reconstruction (engineered hybrid pipeline, primary method assignment). Method=gap_edge_residual_model. Beyond validation envelope (L>60 days); very high uncertainty."
2022-09-13,,False,,False,4.418330461116903,4.418330461116903,True,REAL_L031_20220727,71.0,gap_edge_residual_model,,,0.9549906450191512,20.441712351268137,very_high_uncertainty_extrapolated_beyond_validation_range,True,"Retrospective reconstruction (engineered hybrid pipeline, primary method assignment). Method=gap_edge_residual_model. Beyond validation envelope (L>60 days); very high uncertainty."
2022-09-14,,False,,False,3.783043315419551,3.783043315419551,True,REAL_L031_20220727,71.0,gap_edge_residual_model,,,0.8128377508636229,17.60673235357852,very_high_uncertainty_extrapolated_beyond_validation_range,True,"Retrospective reconstruction (engineered hybrid pipeline, primary method assignment). Method=gap_edge_residual_model. Beyond validation envelope (L>60 days); very high uncertainty."
2022-09-15,,False,,False,4.091968083421082,4.091968083421082,True,REAL_L031_20220727,71.0,gap_edge_residual_model,,,0.9957865541104426,16.81505210792363,very_high_uncertainty_extrapolated_beyond_validation_range,True,"Retrospective reconstruction (engineered hybrid pipeline, primary method assignment). Method=gap_edge_residual_model. Beyond validation envelope (L>60 days); very high uncertainty."
2022-09-16,,False,,False,4.399168314096497,4.399168314096497,True,REAL_L031_20220727,71.0,gap_edge_residual_model,,,0.9647696063633542,20.05938177167447,very_high_uncertainty_extrapolated_beyond_validation_range,True,"Retrospective reconstruction (engineered hybrid pipeline, primary method assignment). Method=gap_edge_residual_model. Beyond validation envelope (L>60 days); very high uncertainty."
2022-09-17,,False,,False,4.800862253225396,4.800862253225396,True,REAL_L031_20220727,71.0,gap_edge_residual_model,,,1.1087827057900443,20.787011065456472,very_high_uncertainty_extrapolated_beyond_validation_range,True,"Retrospective reconstruction (engineered hybrid pipeline, primary method assignment). Method=gap_edge_residual_model. Beyond validation envelope (L>60 days); very high uncertainty."
2022-09-18,,False,,False,4.780417783182072,4.780417783182072,True,REAL_L031_20220727,71.0,gap_edge_residual_model,,,1.0726628116400596,21.304359518927455,very_high_uncertainty_extrapolated_beyond_validation_range,True,"Retrospective reconstruction (engineered hybrid pipeline, primary method assignment). Method=gap_edge_residual_model. Beyond validation envelope (L>60 days); very high uncertainty."
2022-09-19,,False,,False,4.3829694985020335,4.3829694985020335,True,REAL_L031_20220727,71.0,gap_edge_residual_model,,,1.091797248865056,17.59522809273312,very_high_uncertainty_extrapolated_beyond_validation_range,True,"Retrospective reconstruction (engineered hybrid pipeline, primary method assignment). Method=gap_edge_residual_model. Beyond validation envelope (L>60 days); very high uncertainty."
2022-09-20,,False,,False,3.4003251352904007,3.4003251352904007,True,REAL_L031_20220727,71.0,gap_edge_residual_model,,,0.7166691847120491,16.13326102521524,very_high_uncertainty_extrapolated_beyond_validation_range,True,"Retrospective reconstruction (engineered hybrid pipeline, primary method assignment). Method=gap_edge_residual_model. Beyond validation envelope (L>60 days); very high uncertainty."
2022-09-21,,False,,False,2.4703494887373556,2.4703494887373556,True,REAL_L031_20220727,71.0,gap_edge_residual_model,,,0.3041496253523973,20.06455404781188,very_high_uncertainty_extrapolated_beyond_validation_range,True,"Retrospective reconstruction (engineered hybrid pipeline, primary method assignment). Method=gap_edge_residual_model. Beyond validation envelope (L>60 days); very high uncertainty."
2022-09-22,,False,,False,2.0596190685212483,2.0596190685212483,True,REAL_L031_20220727,71.0,gap_edge_residual_model,,,0.2115156923811469,20.055394754221272,very_high_uncertainty_extrapolated_beyond_validation_range,True,"Retrospective reconstruction (engineered hybrid pipeline, primary method assignment). Method=gap_edge_residual_model. Beyond validation envelope (L>60 days); very high uncertainty."
2022-09-23,,False,,False,2.471819994359864,2.471819994359864,True,REAL_L031_20220727,71.0,gap_edge_residual_model,,,0.3473387013733421,17.590594023526005,very_high_uncertainty_extrapolated_beyond_validation_range,True,"Retrospective reconstruction (engineered hybrid pipeline, primary method assignment). Method=gap_edge_residual_model. Beyond validation envelope (L>60 days); very high uncertainty."
2022-09-24,,False,,False,2.5245427864505317,2.5245427864505317,True,REAL_L031_20220727,71.0,gap_edge_residual_model,,,0.3335150849594779,19.10952927779495,very_high_uncertainty_extrapolated_beyond_validation_range,True,"Retrospective reconstruction (engineered hybrid pipeline, primary method assignment). Method=gap_edge_residual_model. Beyond validation envelope (L>60 days); very high uncertainty."
2022-09-25,,False,,False,3.0541740291675503,3.0541740291675503,True,REAL_L031_20220727,71.0,gap_edge_residual_model,,,0.4335338550122259,21.5161489526083,very_high_uncertainty_extrapolated_beyond_validation_range,True,"Retrospective reconstruction (engineered hybrid pipeline, primary method assignment). Method=gap_edge_residual_model. Beyond validation envelope (L>60 days); very high uncertainty."
2022-09-26,,False,,False,2.403303005506811,2.403303005506811,True,REAL_L031_20220727,71.0,gap_edge_residual_model,,,0.2910957644946332,19.841804796801025,very_high_uncertainty_extrapolated_beyond_validation_range,True,"Retrospective reconstruction (engineered hybrid pipeline, primary method assignment). Method=gap_edge_residual_model. Beyond validation envelope (L>60 days); very high uncertainty."
2022-09-27,,False,,False,2.4600726191051545,2.4600726191051545,True,REAL_L031_20220727,71.0,gap_edge_residual_model,,,0.3267275496272506,18.522947630756303,very_high_uncertainty_extrapolated_beyond_validation_range,True,"Retrospective reconstruction (engineered hybrid pipeline, primary method assignment). Method=gap_edge_residual_model. Beyond validation envelope (L>60 days); very high uncertainty."
2022-09-28,11.0,False,11.0,False,3.276887738452245,3.276887738452245,True,REAL_L031_20220727,71.0,gap_edge_residual_model,,,0.4949804368538911,21.69377302802034,very_high_uncertainty_extrapolated_beyond_validation_range,True,"Retrospective reconstruction (engineered hybrid pipeline, primary method assignment). Method=gap_edge_residual_model. Beyond validation envelope (L>60 days); very high uncertainty."
2022-09-29,,False,,False,4.074727636237789,4.074727636237789,True,REAL_L031_20220727,71.0,gap_edge_residual_model,,,0.7643923849303395,21.72105012667427,very_high_uncertainty_extrapolated_beyond_validation_range,True,"Retrospective reconstruction (engineered hybrid pipeline, primary method assignment). Method=gap_edge_residual_model. Beyond validation envelope (L>60 days); very high uncertainty."
2022-09-30,,False,,False,4.06445013412232,4.06445013412232,True,REAL_L031_20220727,71.0,gap_edge_residual_model,,,0.7679721105350106,21.510878671438213,very_high_uncertainty_extrapolated_beyond_validation_range,True,"Retrospective reconstruction (engineered hybrid pipeline, primary method assignment). Method=gap_edge_residual_model. Beyond validation envelope (L>60 days); very high uncertainty."
2022-10-01,,False,,False,4.320191784103298,4.320191784103298,True,REAL_L031_20220727,71.0,gap_edge_residual_model,,,0.9576365107748844,19.48970913434719,very_high_uncertainty_extrapolated_beyond_validation_range,True,"Retrospective reconstruction (engineered hybrid pipeline, primary method assignment). Method=gap_edge_residual_model. Beyond validation envelope (L>60 days); very high uncertainty."
2022-10-02,,False,,False,4.476787244935565,4.476787244935565,True,REAL_L031_20220727,71.0,gap_edge_residual_model,,,0.9605699990523512,20.86430354496789,very_high_uncertainty_extrapolated_beyond_validation_range,True,"Retrospective reconstruction (engineered hybrid pipeline, primary method assignment). Method=gap_edge_residual_model. Beyond validation envelope (L>60 days); very high uncertainty."
2022-10-03,11.0,False,11.0,False,4.794506598583229,4.794506598583229,True,REAL_L031_20220727,71.0,gap_edge_residual_model,,,1.150708557538632,19.976642541903043,very_high_uncertainty_extrapolated_beyond_validation_range,True,"Retrospective reconstruction (engineered hybrid pipeline, primary method assignment). Method=gap_edge_residual_model. Beyond validation envelope (L>60 days); very high uncertainty."
2022-10-04,,False,,False,4.713261023341126,4.713261023341126,True,REAL_L031_20220727,71.0,gap_edge_residual_model,,,1.3599430059699398,16.33511799878889,very_high_uncertainty_extrapolated_beyond_validation_range,True,"Retrospective reconstruction (engineered hybrid pipeline, primary method assignment). Method=gap_edge_residual_model. Beyond validation envelope (L>60 days); very high uncertainty."
2022-10-05,7.434933333333333,False,7.434933333333333,False,4.749974826812115,4.749974826812115,True,REAL_L031_20220727,71.0,gap_edge_residual_model,,,1.322613633689001,17.05884491181199,very_high_uncertainty_extrapolated_beyond_validation_range,True,"Retrospective reconstruction (engineered hybrid pipeline, primary method assignment). Method=gap_edge_residual_model. Beyond validation envelope (L>60 days); very high uncertainty."
2022-10-06,5.0028749999999995,True,5.0028749999999995,True,,5.0028749999999995,False,,,,,,,,,False,
2022-10-07,5.473333333333334,True,5.473333333333334,True,,5.473333333333334,False,,,,,,,,,False,
2022-10-08,8.201333333333332,True,8.201333333333332,True,,8.201333333333332,False,,,,,,,,,False,
2022-10-09,4.974791666666667,True,4.974791666666667,True,,4.974791666666667,False,,,,,,,,,False,
2022-10-10,6.293125000000001,True,6.293125000000001,True,,6.293125000000001,False,,,,,,,,,False,
2022-10-11,4.008958333333333,True,4.008958333333333,True,,4.008958333333333,False,,,,,,,,,False,
2022-10-12,3.6374166666666663,True,3.6374166666666663,True,,3.6374166666666663,False,,,,,,,,,False,
2022-10-13,5.3308333333333335,True,5.3308333333333335,True,,5.3308333333333335,False,,,,,,,,,False,
2022-10-14,8.124291666666666,True,8.124291666666666,True,,8.124291666666666,False,,,,,,,,,False,
2022-10-15,14.578833333333334,True,14.578833333333334,True,,14.578833333333334,False,,,,,,,,,False,
2022-10-16,17.557583333333334,True,17.557583333333334,True,,17.557583333333334,False,,,,,,,,,False,
2022-10-17,13.998833333333332,True,13.998833333333332,True,,13.998833333333332,False,,,,,,,,,False,
2022-10-18,7.904041666666667,True,7.904041666666667,True,,7.904041666666667,False,,,,,,,,,False,
2022-10-19,5.617250000000001,True,5.617250000000001,True,,5.617250000000001,False,,,,,,,,,False,
2022-10-20,6.345125,True,6.345125,True,,6.345125,False,,,,,,,,,False,
2022-10-21,17.873625,True,17.873625,True,,17.873625,False,,,,,,,,,False,
2022-10-22,15.046625,True,15.046625,True,,15.046625,False,,,,,,,,,False,
2022-10-23,11.824375000000002,True,11.824375000000002,True,,11.824375000000002,False,,,,,,,,,False,
2022-10-24,9.171125,True,9.171125,True,,9.171125,False,,,,,,,,,False,
2022-10-25,4.465208333333334,True,4.465208333333334,True,,4.465208333333334,False,,,,,,,,,False,
2022-10-26,4.841958333333333,True,4.841958333333333,True,,4.841958333333333,False,,,,,,,,,False,
2022-10-27,7.056666666666666,True,7.056666666666666,True,,7.056666666666666,False,,,,,,,,,False,
2022-10-28,7.084125,True,7.084125,True,,7.084125,False,,,,,,,,,False,
2022-10-29,4.394458333333334,True,4.394458333333334,True,,4.394458333333334,False,,,,,,,,,False,
2022-10-30,2.1659166666666665,True,2.1659166666666665,True,,2.1659166666666665,False,,,,,,,,,False,
2022-10-31,1.0787916666666668,True,1.0787916666666668,True,,1.0787916666666668,False,,,,,,,,,False,
2022-11-01,0.4905,True,0.4905,True,,0.4905,False,,,,,,,,,False,
2022-11-02,0.773625,True,0.773625,True,,0.773625,False,,,,,,,,,False,
2022-11-03,0.7600833333333332,True,0.7600833333333332,True,,0.7600833333333332,False,,,,,,,,,False,
2022-11-04,0.9391666666666666,True,0.9391666666666666,True,,0.9391666666666666,False,,,,,,,,,False,
2022-11-05,3.4127083333333332,True,3.4127083333333332,True,,3.4127083333333332,False,,,,,,,,,False,
2022-11-06,2.419375,True,2.419375,True,,2.419375,False,,,,,,,,,False,
2022-11-07,2.707333333333333,True,2.707333333333333,True,,2.707333333333333,False,,,,,,,,,False,
2022-11-08,2.4320416666666667,True,2.4320416666666667,True,,2.4320416666666667,False,,,,,,,,,False,
2022-11-09,2.693333333333334,True,2.693333333333334,True,,2.693333333333334,False,,,,,,,,,False,
2022-11-10,3.2122916666666668,True,3.2122916666666668,True,,3.2122916666666668,False,,,,,,,,,False,
2022-11-11,2.997375,True,2.997375,True,,2.997375,False,,,,,,,,,False,
2022-11-12,2.330458333333333,True,2.330458333333333,True,,2.330458333333333,False,,,,,,,,,False,
2022-11-13,1.1995416666666667,True,1.1995416666666667,True,,1.1995416666666667,False,,,,,,,,,False,
2022-11-14,0.6742083333333334,True,0.6742083333333334,True,,0.6742083333333334,False,,,,,,,,,False,
2022-11-15,1.8542499999999995,True,1.8542499999999995,True,,1.8542499999999995,False,,,,,,,,,False,
2022-11-16,2.1846666666666668,True,2.1846666666666668,True,,2.1846666666666668,False,,,,,,,,,False,
2022-11-17,2.167875,True,2.167875,True,,2.167875,False,,,,,,,,,False,
2022-11-18,2.1381666666666668,True,2.1381666666666668,True,,2.1381666666666668,False,,,,,,,,,False,
2022-11-19,2.16375,True,2.16375,True,,2.16375,False,,,,,,,,,False,
2022-11-20,2.3221666666666665,True,2.3221666666666665,True,,2.3221666666666665,False,,,,,,,,,False,
2022-11-21,1.5516249999999998,True,1.5516249999999998,True,,1.5516249999999998,False,,,,,,,,,False,
2022-11-22,2.7889166666666667,True,2.7889166666666667,True,,2.7889166666666667,False,,,,,,,,,False,
2022-11-23,3.706666666666667,True,3.706666666666667,True,,3.706666666666667,False,,,,,,,,,False,
2022-11-24,4.045958333333333,True,4.045958333333333,True,,4.045958333333333,False,,,,,,,,,False,
2022-11-25,5.782291666666667,True,5.782291666666667,True,,5.782291666666667,False,,,,,,,,,False,
2022-11-26,7.617166666666667,True,7.617166666666667,True,,7.617166666666667,False,,,,,,,,,False,
2022-11-27,9.181625,True,9.181625,True,,9.181625,False,,,,,,,,,False,
2022-11-28,9.687958333333333,True,9.687958333333333,True,,9.687958333333333,False,,,,,,,,,False,
2022-11-29,13.416833333333331,True,13.416833333333331,True,,13.416833333333331,False,,,,,,,,,False,
2022-11-30,14.649375,True,14.649375,True,,14.649375,False,,,,,,,,,False,
2022-12-01,13.034375,True,13.034375,True,,13.034375,False,,,,,,,,,False,
2022-12-02,13.073125,True,13.073125,True,,13.073125,False,,,,,,,,,False,
2022-12-03,11.06575,True,11.06575,True,,11.06575,False,,,,,,,,,False,
2022-12-04,7.45925,True,7.45925,True,,7.45925,False,,,,,,,,,False,
2022-12-05,7.686291666666667,True,7.686291666666667,True,,7.686291666666667,False,,,,,,,,,False,
2022-12-06,11.834375,True,11.834375,True,,11.834375,False,,,,,,,,,False,
2022-12-07,11.178208333333332,True,11.178208333333332,True,,11.178208333333332,False,,,,,,,,,False,
2022-12-08,15.732208333333332,True,15.732208333333332,True,,15.732208333333332,False,,,,,,,,,False,
2022-12-09,12.21075,True,12.21075,True,,12.21075,False,,,,,,,,,False,
2022-12-10,11.835,True,11.835,True,,11.835,False,,,,,,,,,False,
2022-12-11,19.01545833333333,True,19.01545833333333,True,,19.01545833333333,False,,,,,,,,,False,
2022-12-12,18.250083333333333,True,18.250083333333333,True,,18.250083333333333,False,,,,,,,,,False,
2022-12-13,13.418333333333331,True,13.418333333333331,True,,13.418333333333331,False,,,,,,,,,False,
2022-12-14,12.59383333333333,True,12.59383333333333,True,,12.59383333333333,False,,,,,,,,,False,
2022-12-15,5.7924999999999995,True,5.7924999999999995,True,,5.7924999999999995,False,,,,,,,,,False,
2022-12-16,3.438166666666666,True,3.438166666666666,True,,3.438166666666666,False,,,,,,,,,False,
2022-12-17,5.005208333333333,True,5.005208333333333,True,,5.005208333333333,False,,,,,,,,,False,
2022-12-18,3.91725,True,3.91725,True,,3.91725,False,,,,,,,,,False,
2022-12-19,7.167222222222222,False,7.167222222222222,False,3.4330846424428647,3.4330846424428647,True,REAL_L001_20221219,3.0,gaussian_process,,,1.2156301934328066,9.695440460305186,standard_uncertainty,False,"Retrospective reconstruction (engineered hybrid pipeline, primary method assignment). Method=gaussian_process. "
2022-12-20,,False,,False,3.0633092224125056,3.0633092224125056,True,REAL_L001_20221219,3.0,gaussian_process,,,0.8104600824789936,11.578439944154471,standard_uncertainty,False,"Retrospective reconstruction (engineered hybrid pipeline, primary method assignment). Method=gaussian_process. "
2022-12-21,,False,,False,2.4119015535414987,2.4119015535414987,True,REAL_L001_20221219,3.0,gaussian_process,,,0.8482795215048701,6.857726676763229,standard_uncertainty,False,"Retrospective reconstruction (engineered hybrid pipeline, primary method assignment). Method=gaussian_process. "
2022-12-22,1.7034166666666668,True,1.7034166666666668,True,,1.7034166666666668,False,,,,,,,,,False,
2022-12-23,1.4045416666666668,True,1.4045416666666668,True,,1.4045416666666668,False,,,,,,,,,False,
2022-12-24,1.6063333333333334,True,1.6063333333333334,True,,1.6063333333333334,False,,,,,,,,,False,
2022-12-25,1.9934166666666664,True,1.9934166666666664,True,,1.9934166666666664,False,,,,,,,,,False,
2022-12-26,3.640333333333333,True,3.640333333333333,True,,3.640333333333333,False,,,,,,,,,False,
2022-12-27,4.45075,True,4.45075,True,,4.45075,False,,,,,,,,,False,
2022-12-28,4.577791666666667,True,4.577791666666667,True,,4.577791666666667,False,,,,,,,,,False,
2022-12-29,6.975625000000001,True,6.975625000000001,True,,6.975625000000001,False,,,,,,,,,False,
2022-12-30,6.931958333333334,True,6.931958333333334,True,,6.931958333333334,False,,,,,,,,,False,
2022-12-31,3.976083333333333,True,3.976083333333333,True,,3.976083333333333,False,,,,,,,,,False,
2023-01-01,2.4143749999999997,True,2.4143749999999997,True,,2.4143749999999997,False,,,,,,,,,False,
2023-01-02,0.8060833333333335,True,0.8060833333333335,True,,0.8060833333333335,False,,,,,,,,,False,
2023-01-03,0.5287083333333333,True,0.5287083333333333,True,,0.5287083333333333,False,,,,,,,,,False,
2023-01-04,10.2875,True,10.2875,True,,10.2875,False,,,,,,,,,False,
2023-01-05,14.08483333333333,True,14.08483333333333,True,,14.08483333333333,False,,,,,,,,,False,
2023-01-06,8.160583333333333,True,8.160583333333333,True,,8.160583333333333,False,,,,,,,,,False,
2023-01-07,4.976958333333333,True,4.976958333333333,True,,4.976958333333333,False,,,,,,,,,False,
2023-01-08,2.4744166666666665,True,2.4744166666666665,True,,2.4744166666666665,False,,,,,,,,,False,
2023-01-09,1.212875,True,1.212875,True,,1.212875,False,,,,,,,,,False,
2023-01-10,2.4225833333333333,True,2.4225833333333333,True,,2.4225833333333333,False,,,,,,,,,False,
2023-01-11,1.6959999999999995,True,1.6959999999999995,True,,1.6959999999999995,False,,,,,,,,,False,
2023-01-12,7.731333333333333,True,7.731333333333333,True,,7.731333333333333,False,,,,,,,,,False,
2023-01-13,5.682208333333333,True,5.682208333333333,True,,5.682208333333333,False,,,,,,,,,False,
2023-01-14,2.1947499999999995,True,2.1947499999999995,True,,2.1947499999999995,False,,,,,,,,,False,
2023-01-15,1.2523333333333333,True,1.2523333333333333,True,,1.2523333333333333,False,,,,,,,,,False,
2023-01-16,2.2604583333333337,True,2.2604583333333337,True,,2.2604583333333337,False,,,,,,,,,False,
2023-01-17,3.727916666666667,True,3.727916666666667,True,,3.727916666666667,False,,,,,,,,,False,
2023-01-18,3.44,True,3.44,True,,3.44,False,,,,,,,,,False,
2023-01-19,2.914,True,2.914,True,,2.914,False,,,,,,,,,False,
2023-01-20,2.545458333333333,True,2.545458333333333,True,,2.545458333333333,False,,,,,,,,,False,
2023-01-21,2.168833333333333,True,2.168833333333333,True,,2.168833333333333,False,,,,,,,,,False,
2023-01-22,1.8235,True,1.8235,True,,1.8235,False,,,,,,,,,False,
2023-01-23,2.6936250000000004,True,2.6936250000000004,True,,2.6936250000000004,False,,,,,,,,,False,
2023-01-24,2.3364166666666666,True,2.3364166666666666,True,,2.3364166666666666,False,,,,,,,,,False,
2023-01-25,2.0668333333333333,True,2.0668333333333333,True,,2.0668333333333333,False,,,,,,,,,False,
2023-01-26,2.010125,True,2.010125,True,,2.010125,False,,,,,,,,,False,
2023-01-27,2.149625,True,2.149625,True,,2.149625,False,,,,,,,,,False,
2023-01-28,2.8789583333333333,True,2.8789583333333333,True,,2.8789583333333333,False,,,,,,,,,False,
2023-01-29,2.783041666666667,True,2.783041666666667,True,,2.783041666666667,False,,,,,,,,,False,
2023-01-30,3.8310416666666662,True,3.8310416666666662,True,,3.8310416666666662,False,,,,,,,,,False,
2023-01-31,5.687125000000001,True,5.687125000000001,True,,5.687125000000001,False,,,,,,,,,False,
2023-02-01,6.496083333333334,True,6.496083333333334,True,,6.496083333333334,False,,,,,,,,,False,
2023-02-02,6.067375000000001,True,6.067375000000001,True,,6.067375000000001,False,,,,,,,,,False,
2023-02-03,6.543291666666666,True,6.543291666666666,True,,6.543291666666666,False,,,,,,,,,False,
2023-02-04,6.5092083333333335,True,6.5092083333333335,True,,6.5092083333333335,False,,,,,,,,,False,
2023-02-05,4.991125,True,4.991125,True,,4.991125,False,,,,,,,,,False,
2023-02-06,4.346125,True,4.346125,True,,4.346125,False,,,,,,,,,False,
2023-02-07,7.482583333333333,True,7.482583333333333,True,,7.482583333333333,False,,,,,,,,,False,
2023-02-08,5.956333333333333,True,5.956333333333333,True,,5.956333333333333,False,,,,,,,,,False,
2023-02-09,4.393041666666666,True,4.393041666666666,True,,4.393041666666666,False,,,,,,,,,False,
2023-02-10,1.869916666666667,True,1.869916666666667,True,,1.869916666666667,False,,,,,,,,,False,
2023-02-11,0.8626250000000001,True,0.8626250000000001,True,,0.8626250000000001,False,,,,,,,,,False,
2023-02-12,1.219625,True,1.219625,True,,1.219625,False,,,,,,,,,False,
2023-02-13,1.4667916666666667,True,1.4667916666666667,True,,1.4667916666666667,False,,,,,,,,,False,
2023-02-14,2.716583333333333,True,2.716583333333333,True,,2.716583333333333,False,,,,,,,,,False,
2023-02-15,3.921125,True,3.921125,True,,3.921125,False,,,,,,,,,False,
2023-02-16,10.056291666666668,True,10.056291666666668,True,,10.056291666666668,False,,,,,,,,,False,
2023-02-17,11.223541666666668,True,11.223541666666668,True,,11.223541666666668,False,,,,,,,,,False,
2023-02-18,20.12975,True,20.12975,True,,20.12975,False,,,,,,,,,False,
2023-02-19,13.196875,True,13.196875,True,,13.196875,False,,,,,,,,,False,
2023-02-20,15.859666666666664,True,15.859666666666664,True,,15.859666666666664,False,,,,,,,,,False,
2023-02-21,14.058166666666663,True,14.058166666666663,True,,14.058166666666663,False,,,,,,,,,False,
2023-02-22,13.820791666666665,True,13.820791666666665,True,,13.820791666666665,False,,,,,,,,,False,
2023-02-23,9.600958333333333,True,9.600958333333333,True,,9.600958333333333,False,,,,,,,,,False,
2023-02-24,3.728166666666666,True,3.728166666666666,True,,3.728166666666666,False,,,,,,,,,False,
2023-02-25,3.1840833333333336,True,3.1840833333333336,True,,3.1840833333333336,False,,,,,,,,,False,
2023-02-26,1.2684583333333332,True,1.2684583333333332,True,,1.2684583333333332,False,,,,,,,,,False,
2023-02-27,1.6299166666666665,True,1.6299166666666665,True,,1.6299166666666665,False,,,,,,,,,False,
2023-02-28,1.7440416666666667,True,1.7440416666666667,True,,1.7440416666666667,False,,,,,,,,,False,
2023-03-01,1.5820833333333333,True,1.5820833333333333,True,,1.5820833333333333,False,,,,,,,,,False,
2023-03-02,2.928083333333334,True,2.928083333333334,True,,2.928083333333334,False,,,,,,,,,False,
2023-03-03,6.559958333333334,True,6.559958333333334,True,,6.559958333333334,False,,,,,,,,,False,
2023-03-04,7.019458333333333,True,7.019458333333333,True,,7.019458333333333,False,,,,,,,,,False,
2023-03-05,6.181124999999999,True,6.181124999999999,True,,6.181124999999999,False,,,,,,,,,False,
2023-03-06,3.9928333333333335,True,3.9928333333333335,True,,3.9928333333333335,False,,,,,,,,,False,
2023-03-07,2.2680416666666665,True,2.2680416666666665,True,,2.2680416666666665,False,,,,,,,,,False,
2023-03-08,1.5045416666666664,True,1.5045416666666664,True,,1.5045416666666664,False,,,,,,,,,False,
2023-03-09,2.010875,True,2.010875,True,,2.010875,False,,,,,,,,,False,
2023-03-10,1.4305,True,1.4305,True,,1.4305,False,,,,,,,,,False,
2023-03-11,1.4732500000000002,True,1.4732500000000002,True,,1.4732500000000002,False,,,,,,,,,False,
2023-03-12,1.2432083333333332,True,1.2432083333333332,True,,1.2432083333333332,False,,,,,,,,,False,
2023-03-13,1.0555833333333335,True,1.0555833333333335,True,,1.0555833333333335,False,,,,,,,,,False,
2023-03-14,1.59475,True,1.59475,True,,1.59475,False,,,,,,,,,False,
2023-03-15,3.101791666666666,True,3.101791666666666,True,,3.101791666666666,False,,,,,,,,,False,
2023-03-16,2.978333333333333,True,2.978333333333333,True,,2.978333333333333,False,,,,,,,,,False,
2023-03-17,2.2660416666666667,True,2.2660416666666667,True,,2.2660416666666667,False,,,,,,,,,False,
2023-03-18,1.40025,True,1.40025,True,,1.40025,False,,,,,,,,,False,
2023-03-19,1.6376666666666668,True,1.6376666666666668,True,,1.6376666666666668,False,,,,,,,,,False,
2023-03-20,2.3238749999999997,True,2.3238749999999997,True,,2.3238749999999997,False,,,,,,,,,False,
2023-03-21,4.412541666666667,True,4.412541666666667,True,,4.412541666666667,False,,,,,,,,,False,
2023-03-22,6.493291666666667,True,6.493291666666667,True,,6.493291666666667,False,,,,,,,,,False,
2023-03-23,3.3172083333333333,True,3.3172083333333333,True,,3.3172083333333333,False,,,,,,,,,False,
2023-03-24,2.7312083333333335,True,2.7312083333333335,True,,2.7312083333333335,False,,,,,,,,,False,
2023-03-25,3.947125,True,3.947125,True,,3.947125,False,,,,,,,,,False,
2023-03-26,3.7742083333333336,True,3.7742083333333336,True,,3.7742083333333336,False,,,,,,,,,False,
2023-03-27,4.521458333333334,True,4.521458333333334,True,,4.521458333333334,False,,,,,,,,,False,
2023-03-28,5.063291666666666,True,5.063291666666666,True,,5.063291666666666,False,,,,,,,,,False,
2023-03-29,4.7476666666666665,True,4.7476666666666665,True,,4.7476666666666665,False,,,,,,,,,False,
2023-03-30,3.1332500000000003,True,3.1332500000000003,True,,3.1332500000000003,False,,,,,,,,,False,
2023-03-31,2.7275833333333335,True,2.7275833333333335,True,,2.7275833333333335,False,,,,,,,,,False,
2023-04-01,2.9097500000000003,True,2.9097500000000003,True,,2.9097500000000003,False,,,,,,,,,False,
2023-04-02,4.262999999999999,True,4.262999999999999,True,,4.262999999999999,False,,,,,,,,,False,
2023-04-03,5.99925,True,5.99925,True,,5.99925,False,,,,,,,,,False,
2023-04-04,6.353791666666666,True,6.353791666666666,True,,6.353791666666666,False,,,,,,,,,False,
2023-04-05,6.027958333333333,True,6.027958333333333,True,,6.027958333333333,False,,,,,,,,,False,
2023-04-06,4.9301666666666675,True,4.9301666666666675,True,,4.9301666666666675,False,,,,,,,,,False,
2023-04-07,5.238874999999999,True,5.238874999999999,True,,5.238874999999999,False,,,,,,,,,False,
2023-04-08,6.624708333333333,True,6.624708333333333,True,,6.624708333333333,False,,,,,,,,,False,
2023-04-09,4.036208333333334,True,4.036208333333334,True,,4.036208333333334,False,,,,,,,,,False,
2023-04-10,3.72725,True,3.72725,True,,3.72725,False,,,,,,,,,False,
2023-04-11,5.297,True,5.297,True,,5.297,False,,,,,,,,,False,
2023-04-12,6.763416666666667,True,6.763416666666667,True,,6.763416666666667,False,,,,,,,,,False,
2023-04-13,4.2115833333333335,True,4.2115833333333335,True,,4.2115833333333335,False,,,,,,,,,False,
2023-04-14,4.491333333333333,True,4.491333333333333,True,,4.491333333333333,False,,,,,,,,,False,
2023-04-15,4.586875,True,4.586875,True,,4.586875,False,,,,,,,,,False,
2023-04-16,4.933291666666666,True,4.933291666666666,True,,4.933291666666666,False,,,,,,,,,False,
2023-04-17,3.3994999999999997,True,3.3994999999999997,True,,3.3994999999999997,False,,,,,,,,,False,
2023-04-18,4.002625,True,4.002625,True,,4.002625,False,,,,,,,,,False,
2023-04-19,6.905625000000001,True,6.905625000000001,True,,6.905625000000001,False,,,,,,,,,False,
2023-04-20,9.263541666666669,True,9.263541666666669,True,,9.263541666666669,False,,,,,,,,,False,
2023-04-21,8.920875,True,8.920875,True,,8.920875,False,,,,,,,,,False,
2023-04-22,7.859291666666667,True,7.859291666666667,True,,7.859291666666667,False,,,,,,,,,False,
2023-04-23,8.287916666666666,True,8.287916666666666,True,,8.287916666666666,False,,,,,,,,,False,
2023-04-24,9.307166666666667,True,9.307166666666667,True,,9.307166666666667,False,,,,,,,,,False,
2023-04-25,9.10625,True,9.10625,True,,9.10625,False,,,,,,,,,False,
2023-04-26,10.306458333333332,True,10.306458333333332,True,,10.306458333333332,False,,,,,,,,,False,
2023-04-27,15.90033333333333,True,15.90033333333333,True,,15.90033333333333,False,,,,,,,,,False,
2023-04-28,15.712666666666664,True,15.712666666666664,True,,15.712666666666664,False,,,,,,,,,False,
2023-04-29,9.903541666666667,True,9.903541666666667,True,,9.903541666666667,False,,,,,,,,,False,
2023-04-30,4.889,True,4.889,True,,4.889,False,,,,,,,,,False,
2023-05-01,3.107541666666666,True,3.107541666666666,True,,3.107541666666666,False,,,,,,,,,False,
2023-05-02,3.626625,True,3.626625,True,,3.626625,False,,,,,,,,,False,
2023-05-03,6.282833333333333,True,6.282833333333333,True,,6.282833333333333,False,,,,,,,,,False,
2023-05-04,5.950611111111112,True,5.950611111111112,True,,5.950611111111112,False,,,,,,,,,False,
2023-05-05,3.412041666666667,True,3.412041666666667,True,,3.412041666666667,False,,,,,,,,,False,
2023-05-06,7.142458333333333,True,7.142458333333333,True,,7.142458333333333,False,,,,,,,,,False,
2023-05-07,11.111125,True,11.111125,True,,11.111125,False,,,,,,,,,False,
2023-05-08,6.729083333333333,True,6.729083333333333,True,,6.729083333333333,False,,,,,,,,,False,
2023-05-09,6.533166666666666,True,6.533166666666666,True,,6.533166666666666,False,,,,,,,,,False,
2023-05-10,3.939958333333333,True,3.939958333333333,True,,3.939958333333333,False,,,,,,,,,False,
2023-05-11,3.172,True,3.172,True,,3.172,False,,,,,,,,,False,
2023-05-12,4.155208333333333,True,4.155208333333333,True,,4.155208333333333,False,,,,,,,,,False,
2023-05-13,2.3124583333333333,True,2.3124583333333333,True,,2.3124583333333333,False,,,,,,,,,False,
2023-05-14,1.5595416666666668,True,1.5595416666666668,True,,1.5595416666666668,False,,,,,,,,,False,
2023-05-15,1.4348333333333334,True,1.4348333333333334,True,,1.4348333333333334,False,,,,,,,,,False,
2023-05-16,1.9031666666666665,True,1.9031666666666665,True,,1.9031666666666665,False,,,,,,,,,False,
2023-05-17,2.078583333333333,True,2.078583333333333,True,,2.078583333333333,False,,,,,,,,,False,
2023-05-18,1.53775,True,1.53775,True,,1.53775,False,,,,,,,,,False,
2023-05-19,0.8369166666666666,True,0.8369166666666666,True,,0.8369166666666666,False,,,,,,,,,False,
2023-05-20,1.3613333333333333,True,1.3613333333333333,True,,1.3613333333333333,False,,,,,,,,,False,
2023-05-21,1.3752916666666666,True,1.3752916666666666,True,,1.3752916666666666,False,,,,,,,,,False,
2023-05-22,1.1712083333333334,True,1.1712083333333334,True,,1.1712083333333334,False,,,,,,,,,False,
2023-05-23,1.1364166666666666,True,1.1364166666666666,True,,1.1364166666666666,False,,,,,,,,,False,
2023-05-24,1.2656666666666665,True,1.2656666666666665,True,,1.2656666666666665,False,,,,,,,,,False,
2023-05-25,1.2277916666666668,True,1.2277916666666668,True,,1.2277916666666668,False,,,,,,,,,False,
2023-05-26,1.3221666666666667,True,1.3221666666666667,True,,1.3221666666666667,False,,,,,,,,,False,
2023-05-27,1.5855833333333331,True,1.5855833333333331,True,,1.5855833333333331,False,,,,,,,,,False,
2023-05-28,1.4499166666666667,True,1.4499166666666667,True,,1.4499166666666667,False,,,,,,,,,False,
2023-05-29,1.832625,True,1.832625,True,,1.832625,False,,,,,,,,,False,
2023-05-30,1.5752499999999998,True,1.5752499999999998,True,,1.5752499999999998,False,,,,,,,,,False,
2023-05-31,1.6639166666666665,True,1.6639166666666665,True,,1.6639166666666665,False,,,,,,,,,False,
2023-06-01,1.604125,True,1.604125,True,,1.604125,False,,,,,,,,,False,
2023-06-02,1.0602083333333334,True,1.0602083333333334,True,,1.0602083333333334,False,,,,,,,,,False,
2023-06-03,0.626875,True,0.626875,True,,0.626875,False,,,,,,,,,False,
2023-06-04,0.481,True,0.481,True,,0.481,False,,,,,,,,,False,
2023-06-05,0.6364166666666667,True,0.6364166666666667,True,,0.6364166666666667,False,,,,,,,,,False,
2023-06-06,1.280875,True,1.280875,True,,1.280875,False,,,,,,,,,False,
2023-06-07,1.3825833333333335,True,1.3825833333333335,True,,1.3825833333333335,False,,,,,,,,,False,
2023-06-08,1.3260833333333333,True,1.3260833333333333,True,,1.3260833333333333,False,,,,,,,,,False,
2023-06-09,0.884125,True,0.884125,True,,0.884125,False,,,,,,,,,False,
2023-06-10,0.6075833333333333,True,0.6075833333333333,True,,0.6075833333333333,False,,,,,,,,,False,
2023-06-11,0.6391666666666667,True,0.6391666666666667,True,,0.6391666666666667,False,,,,,,,,,False,
2023-06-12,0.74275,True,0.74275,True,,0.74275,False,,,,,,,,,False,
2023-06-13,0.7636249999999999,True,0.7636249999999999,True,,0.7636249999999999,False,,,,,,,,,False,
2023-06-14,0.6935416666666666,True,0.6935416666666666,True,,0.6935416666666666,False,,,,,,,,,False,
2023-06-15,0.6526666666666667,True,0.6526666666666667,True,,0.6526666666666667,False,,,,,,,,,False,
2023-06-16,1.12975,True,1.12975,True,,1.12975,False,,,,,,,,,False,
2023-06-17,1.55625,True,1.55625,True,,1.55625,False,,,,,,,,,False,
2023-06-18,1.371916666666667,True,1.371916666666667,True,,1.371916666666667,False,,,,,,,,,False,
2023-06-19,0.8664166666666667,True,0.8664166666666667,True,,0.8664166666666667,False,,,,,,,,,False,
2023-06-20,0.8590833333333333,True,0.8590833333333333,True,,0.8590833333333333,False,,,,,,,,,False,
2023-06-21,0.5615416666666667,True,0.5615416666666667,True,,0.5615416666666667,False,,,,,,,,,False,
2023-06-22,0.4109166666666666,True,0.4109166666666666,True,,0.4109166666666666,False,,,,,,,,,False,
2023-06-23,1.442875,True,1.442875,True,,1.442875,False,,,,,,,,,False,
2023-06-24,1.3605,True,1.3605,True,,1.3605,False,,,,,,,,,False,
2023-06-25,0.7604583333333332,True,0.7604583333333332,True,,0.7604583333333332,False,,,,,,,,,False,
2023-06-26,0.8452500000000001,True,0.8452500000000001,True,,0.8452500000000001,False,,,,,,,,,False,
2023-06-27,0.9770416666666666,True,0.9770416666666666,True,,0.9770416666666666,False,,,,,,,,,False,
2023-06-28,0.599125,True,0.599125,True,,0.599125,False,,,,,,,,,False,
2023-06-29,0.5946250000000001,True,0.5946250000000001,True,,0.5946250000000001,False,,,,,,,,,False,
2023-06-30,0.59725,True,0.59725,True,,0.59725,False,,,,,,,,,False,
2023-07-01,0.7502083333333333,True,0.7502083333333333,True,,0.7502083333333333,False,,,,,,,,,False,
2023-07-02,1.3845416666666666,True,1.3845416666666666,True,,1.3845416666666666,False,,,,,,,,,False,
2023-07-03,1.3782916666666665,True,1.3782916666666665,True,,1.3782916666666665,False,,,,,,,,,False,
2023-07-04,1.0947083333333334,True,1.0947083333333334,True,,1.0947083333333334,False,,,,,,,,,False,
2023-07-05,1.2923333333333331,True,1.2923333333333331,True,,1.2923333333333331,False,,,,,,,,,False,
2023-07-06,1.2587916666666663,True,1.2587916666666663,True,,1.2587916666666663,False,,,,,,,,,False,
2023-07-07,0.9078333333333334,False,0.9078333333333334,False,1.388876219168134,1.388876219168134,True,REAL_L031_20230707,64.0,gap_edge_residual_model,,,0.5026444907143602,3.8376570076980263,very_high_uncertainty_extrapolated_beyond_validation_range,True,"Retrospective reconstruction (engineered hybrid pipeline, primary method assignment). Method=gap_edge_residual_model. Beyond validation envelope (L>60 days); very high uncertainty."
2023-07-08,,False,,False,1.3259441367952125,1.3259441367952125,True,REAL_L031_20230707,64.0,gap_edge_residual_model,,,0.4503987154098841,3.9034921587234592,very_high_uncertainty_extrapolated_beyond_validation_range,True,"Retrospective reconstruction (engineered hybrid pipeline, primary method assignment). Method=gap_edge_residual_model. Beyond validation envelope (L>60 days); very high uncertainty."
2023-07-09,,False,,False,1.4430785597163598,1.4430785597163598,True,REAL_L031_20230707,64.0,gap_edge_residual_model,,,0.4688862393836904,4.4413240453596465,very_high_uncertainty_extrapolated_beyond_validation_range,True,"Retrospective reconstruction (engineered hybrid pipeline, primary method assignment). Method=gap_edge_residual_model. Beyond validation envelope (L>60 days); very high uncertainty."
2023-07-10,,False,,False,1.512387014804545,1.512387014804545,True,REAL_L031_20230707,64.0,gap_edge_residual_model,,,0.4836041722011778,4.729724460685355,very_high_uncertainty_extrapolated_beyond_validation_range,True,"Retrospective reconstruction (engineered hybrid pipeline, primary method assignment). Method=gap_edge_residual_model. Beyond validation envelope (L>60 days); very high uncertainty."
2023-07-11,,False,,False,1.347836191953248,1.347836191953248,True,REAL_L031_20230707,64.0,gap_edge_residual_model,,,0.4116593577332418,4.413023453037215,very_high_uncertainty_extrapolated_beyond_validation_range,True,"Retrospective reconstruction (engineered hybrid pipeline, primary method assignment). Method=gap_edge_residual_model. Beyond validation envelope (L>60 days); very high uncertainty."
2023-07-12,,False,,False,1.406623966848933,1.406623966848933,True,REAL_L031_20230707,64.0,gap_edge_residual_model,,,0.4636402611141026,4.267513307320164,very_high_uncertainty_extrapolated_beyond_validation_range,True,"Retrospective reconstruction (engineered hybrid pipeline, primary method assignment). Method=gap_edge_residual_model. Beyond validation envelope (L>60 days); very high uncertainty."
2023-07-13,,False,,False,1.4314662035023888,1.4314662035023888,True,REAL_L031_20230707,64.0,gap_edge_residual_model,,,0.4981016381877286,4.113809983088759,very_high_uncertainty_extrapolated_beyond_validation_range,True,"Retrospective reconstruction (engineered hybrid pipeline, primary method assignment). Method=gap_edge_residual_model. Beyond validation envelope (L>60 days); very high uncertainty."
2023-07-14,,False,,False,1.4673848411137345,1.4673848411137345,True,REAL_L031_20230707,64.0,gap_edge_residual_model,,,0.4943930861280789,4.355275857099184,very_high_uncertainty_extrapolated_beyond_validation_range,True,"Retrospective reconstruction (engineered hybrid pipeline, primary method assignment). Method=gap_edge_residual_model. Beyond validation envelope (L>60 days); very high uncertainty."
2023-07-15,,False,,False,1.5291836864778168,1.5291836864778168,True,REAL_L031_20230707,64.0,gap_edge_residual_model,,,0.4807773270169039,4.863795806468362,very_high_uncertainty_extrapolated_beyond_validation_range,True,"Retrospective reconstruction (engineered hybrid pipeline, primary method assignment). Method=gap_edge_residual_model. Beyond validation envelope (L>60 days); very high uncertainty."
2023-07-16,,False,,False,1.6338307346988827,1.6338307346988827,True,REAL_L031_20230707,64.0,gap_edge_residual_model,,,0.5010751939015552,5.327349871107649,very_high_uncertainty_extrapolated_beyond_validation_range,True,"Retrospective reconstruction (engineered hybrid pipeline, primary method assignment). Method=gap_edge_residual_model. Beyond validation envelope (L>60 days); very high uncertainty."
2023-07-17,,False,,False,1.7671144665359213,1.7671144665359213,True,REAL_L031_20230707,64.0,gap_edge_residual_model,,,0.527177141870489,5.923423627133824,very_high_uncertainty_extrapolated_beyond_validation_range,True,"Retrospective reconstruction (engineered hybrid pipeline, primary method assignment). Method=gap_edge_residual_model. Beyond validation envelope (L>60 days); very high uncertainty."
2023-07-18,,False,,False,1.8610072170353515,1.8610072170353515,True,REAL_L031_20230707,64.0,gap_edge_residual_model,,,0.5817377845167938,5.9534518025752945,very_high_uncertainty_extrapolated_beyond_validation_range,True,"Retrospective reconstruction (engineered hybrid pipeline, primary method assignment). Method=gap_edge_residual_model. Beyond validation envelope (L>60 days); very high uncertainty."
2023-07-19,,False,,False,1.7630776543794504,1.7630776543794504,True,REAL_L031_20230707,64.0,gap_edge_residual_model,,,0.5489807632432923,5.662207172812308,very_high_uncertainty_extrapolated_beyond_validation_range,True,"Retrospective reconstruction (engineered hybrid pipeline, primary method assignment). Method=gap_edge_residual_model. Beyond validation envelope (L>60 days); very high uncertainty."
2023-07-20,,False,,False,1.6683771515610808,1.6683771515610808,True,REAL_L031_20230707,64.0,gap_edge_residual_model,,,0.5280288896287484,5.271458388968268,very_high_uncertainty_extrapolated_beyond_validation_range,True,"Retrospective reconstruction (engineered hybrid pipeline, primary method assignment). Method=gap_edge_residual_model. Beyond validation envelope (L>60 days); very high uncertainty."
2023-07-21,,False,,False,1.7536847386933525,1.7536847386933525,True,REAL_L031_20230707,64.0,gap_edge_residual_model,,,0.5344319643649537,5.754540087025617,very_high_uncertainty_extrapolated_beyond_validation_range,True,"Retrospective reconstruction (engineered hybrid pipeline, primary method assignment). Method=gap_edge_residual_model. Beyond validation envelope (L>60 days); very high uncertainty."
2023-07-22,,False,,False,1.7508840908935617,1.7508840908935617,True,REAL_L031_20230707,64.0,gap_edge_residual_model,,,0.5340208578104266,5.740590568528763,very_high_uncertainty_extrapolated_beyond_validation_range,True,"Retrospective reconstruction (engineered hybrid pipeline, primary method assignment). Method=gap_edge_residual_model. Beyond validation envelope (L>60 days); very high uncertainty."
2023-07-23,,False,,False,1.792621573223911,1.792621573223911,True,REAL_L031_20230707,64.0,gap_edge_residual_model,,,0.5644124919258293,5.693516976959577,very_high_uncertainty_extrapolated_beyond_validation_range,True,"Retrospective reconstruction (engineered hybrid pipeline, primary method assignment). Method=gap_edge_residual_model. Beyond validation envelope (L>60 days); very high uncertainty."
2023-07-24,,False,,False,1.8127494760566103,1.8127494760566103,True,REAL_L031_20230707,64.0,gap_edge_residual_model,,,0.5508130426501193,5.965836696846059,very_high_uncertainty_extrapolated_beyond_validation_range,True,"Retrospective reconstruction (engineered hybrid pipeline, primary method assignment). Method=gap_edge_residual_model. Beyond validation envelope (L>60 days); very high uncertainty."
2023-07-25,,False,,False,1.819570483657545,1.819570483657545,True,REAL_L031_20230707,64.0,gap_edge_residual_model,,,0.5739534265726309,5.7684763113419315,very_high_uncertainty_extrapolated_beyond_validation_range,True,"Retrospective reconstruction (engineered hybrid pipeline, primary method assignment). Method=gap_edge_residual_model. Beyond validation envelope (L>60 days); very high uncertainty."
2023-07-26,,False,,False,1.8841471606741529,1.8841471606741529,True,REAL_L031_20230707,64.0,gap_edge_residual_model,,,0.570197648771763,6.225929781933314,very_high_uncertainty_extrapolated_beyond_validation_range,True,"Retrospective reconstruction (engineered hybrid pipeline, primary method assignment). Method=gap_edge_residual_model. Beyond validation envelope (L>60 days); very high uncertainty."
2023-07-27,,False,,False,1.9174264317675915,1.9174264317675915,True,REAL_L031_20230707,64.0,gap_edge_residual_model,,,0.5414575137285961,6.790050979113101,very_high_uncertainty_extrapolated_beyond_validation_range,True,"Retrospective reconstruction (engineered hybrid pipeline, primary method assignment). Method=gap_edge_residual_model. Beyond validation envelope (L>60 days); very high uncertainty."
2023-07-28,,False,,False,2.0224512664698087,2.0224512664698087,True,REAL_L031_20230707,64.0,gap_edge_residual_model,,,0.59070408599545,6.924463910474523,very_high_uncertainty_extrapolated_beyond_validation_range,True,"Retrospective reconstruction (engineered hybrid pipeline, primary method assignment). Method=gap_edge_residual_model. Beyond validation envelope (L>60 days); very high uncertainty."
2023-07-29,,False,,False,2.0961111174598965,2.0961111174598965,True,REAL_L031_20230707,64.0,gap_edge_residual_model,,,0.6491806383881951,6.768041985429109,very_high_uncertainty_extrapolated_beyond_validation_range,True,"Retrospective reconstruction (engineered hybrid pipeline, primary method assignment). Method=gap_edge_residual_model. Beyond validation envelope (L>60 days); very high uncertainty."
2023-07-30,,False,,False,2.076076734786807,2.076076734786807,True,REAL_L031_20230707,64.0,gap_edge_residual_model,,,0.6229687765766743,6.918636648866736,very_high_uncertainty_extrapolated_beyond_validation_range,True,"Retrospective reconstruction (engineered hybrid pipeline, primary method assignment). Method=gap_edge_residual_model. Beyond validation envelope (L>60 days); very high uncertainty."
2023-07-31,,False,,False,2.1080941487958524,2.1080941487958524,True,REAL_L031_20230707,64.0,gap_edge_residual_model,,,0.667250100224337,6.6602626791560855,very_high_uncertainty_extrapolated_beyond_validation_range,True,"Retrospective reconstruction (engineered hybrid pipeline, primary method assignment). Method=gap_edge_residual_model. Beyond validation envelope (L>60 days); very high uncertainty."
2023-08-01,,False,,False,2.1614572675568735,2.1614572675568735,True,REAL_L031_20230707,64.0,gap_edge_residual_model,,,0.6732124559169506,6.9397074852262755,very_high_uncertainty_extrapolated_beyond_validation_range,True,"Retrospective reconstruction (engineered hybrid pipeline, primary method assignment). Method=gap_edge_residual_model. Beyond validation envelope (L>60 days); very high uncertainty."
2023-08-02,,False,,False,2.2226066199430043,2.2226066199430043,True,REAL_L031_20230707,64.0,gap_edge_residual_model,,,0.6652049994066234,7.426252345398834,very_high_uncertainty_extrapolated_beyond_validation_range,True,"Retrospective reconstruction (engineered hybrid pipeline, primary method assignment). Method=gap_edge_residual_model. Beyond validation envelope (L>60 days); very high uncertainty."
2023-08-03,,False,,False,2.366789209324065,2.366789209324065,True,REAL_L031_20230707,64.0,gap_edge_residual_model,,,0.7044402352602357,7.951975030647483,very_high_uncertainty_extrapolated_beyond_validation_range,True,"Retrospective reconstruction (engineered hybrid pipeline, primary method assignment). Method=gap_edge_residual_model. Beyond validation envelope (L>60 days); very high uncertainty."
2023-08-04,,False,,False,2.4521211104629983,2.4521211104629983,True,REAL_L031_20230707,64.0,gap_edge_residual_model,,,0.6660903631231525,9.027150478780566,very_high_uncertainty_extrapolated_beyond_validation_range,True,"Retrospective reconstruction (engineered hybrid pipeline, primary method assignment). Method=gap_edge_residual_model. Beyond validation envelope (L>60 days); very high uncertainty."
2023-08-05,,False,,False,2.5690703055832396,2.5690703055832396,True,REAL_L031_20230707,64.0,gap_edge_residual_model,,,0.6783291188106112,9.729970381637573,very_high_uncertainty_extrapolated_beyond_validation_range,True,"Retrospective reconstruction (engineered hybrid pipeline, primary method assignment). Method=gap_edge_residual_model. Beyond validation envelope (L>60 days); very high uncertainty."
2023-08-06,,False,,False,2.274375368631159,2.274375368631159,True,REAL_L031_20230707,64.0,gap_edge_residual_model,,,0.663788652499568,7.792816731586845,very_high_uncertainty_extrapolated_beyond_validation_range,True,"Retrospective reconstruction (engineered hybrid pipeline, primary method assignment). Method=gap_edge_residual_model. Beyond validation envelope (L>60 days); very high uncertainty."
2023-08-07,,False,,False,2.3043894158027816,2.3043894158027816,True,REAL_L031_20230707,64.0,gap_edge_residual_model,,,0.6840522549318194,7.762872706549534,very_high_uncertainty_extrapolated_beyond_validation_range,True,"Retrospective reconstruction (engineered hybrid pipeline, primary method assignment). Method=gap_edge_residual_model. Beyond validation envelope (L>60 days); very high uncertainty."
2023-08-08,,False,,False,2.280501302076603,2.280501302076603,True,REAL_L031_20230707,64.0,gap_edge_residual_model,,,0.690179288705376,7.535268406167941,very_high_uncertainty_extrapolated_beyond_validation_range,True,"Retrospective reconstruction (engineered hybrid pipeline, primary method assignment). Method=gap_edge_residual_model. Beyond validation envelope (L>60 days); very high uncertainty."
2023-08-09,,False,,False,2.322153076564467,2.322153076564467,True,REAL_L031_20230707,64.0,gap_edge_residual_model,,,0.6636557765425537,8.125288894629335,very_high_uncertainty_extrapolated_beyond_validation_range,True,"Retrospective reconstruction (engineered hybrid pipeline, primary method assignment). Method=gap_edge_residual_model. Beyond validation envelope (L>60 days); very high uncertainty."
2023-08-10,,False,,False,2.362057108563544,2.362057108563544,True,REAL_L031_20230707,64.0,gap_edge_residual_model,,,0.6628373155314912,8.417319986944065,very_high_uncertainty_extrapolated_beyond_validation_range,True,"Retrospective reconstruction (engineered hybrid pipeline, primary method assignment). Method=gap_edge_residual_model. Beyond validation envelope (L>60 days); very high uncertainty."
2023-08-11,,False,,False,2.4239440658856215,2.4239440658856215,True,REAL_L031_20230707,64.0,gap_edge_residual_model,,,0.7179856548453981,8.183317862816182,very_high_uncertainty_extrapolated_beyond_validation_range,True,"Retrospective reconstruction (engineered hybrid pipeline, primary method assignment). Method=gap_edge_residual_model. Beyond validation envelope (L>60 days); very high uncertainty."
2023-08-12,,False,,False,2.764971828187264,2.764971828187264,True,REAL_L031_20230707,64.0,gap_edge_residual_model,,,0.8261947913238931,9.25334956229726,very_high_uncertainty_extrapolated_beyond_validation_range,True,"Retrospective reconstruction (engineered hybrid pipeline, primary method assignment). Method=gap_edge_residual_model. Beyond validation envelope (L>60 days); very high uncertainty."
2023-08-13,,False,,False,2.8793810771861708,2.8793810771861708,True,REAL_L031_20230707,64.0,gap_edge_residual_model,,,0.865448369928112,9.579815129060174,very_high_uncertainty_extrapolated_beyond_validation_range,True,"Retrospective reconstruction (engineered hybrid pipeline, primary method assignment). Method=gap_edge_residual_model. Beyond validation envelope (L>60 days); very high uncertainty."
2023-08-14,,False,,False,2.5761797275333342,2.5761797275333342,True,REAL_L031_20230707,64.0,gap_edge_residual_model,,,0.7820497009013041,8.486291831459042,very_high_uncertainty_extrapolated_beyond_validation_range,True,"Retrospective reconstruction (engineered hybrid pipeline, primary method assignment). Method=gap_edge_residual_model. Beyond validation envelope (L>60 days); very high uncertainty."
2023-08-15,,False,,False,2.6347751337233007,2.6347751337233007,True,REAL_L031_20230707,64.0,gap_edge_residual_model,,,0.7435797336315938,9.335972581423352,very_high_uncertainty_extrapolated_beyond_validation_range,True,"Retrospective reconstruction (engineered hybrid pipeline, primary method assignment). Method=gap_edge_residual_model. Beyond validation envelope (L>60 days); very high uncertainty."
2023-08-16,,False,,False,2.693456256327228,2.693456256327228,True,REAL_L031_20230707,64.0,gap_edge_residual_model,,,0.7532388607180049,9.631349340942036,very_high_uncertainty_extrapolated_beyond_validation_range,True,"Retrospective reconstruction (engineered hybrid pipeline, primary method assignment). Method=gap_edge_residual_model. Beyond validation envelope (L>60 days); very high uncertainty."
2023-08-17,,False,,False,2.94833255767422,2.94833255767422,True,REAL_L031_20230707,64.0,gap_edge_residual_model,,,0.8281476512634851,10.496515757038754,very_high_uncertainty_extrapolated_beyond_validation_range,True,"Retrospective reconstruction (engineered hybrid pipeline, primary method assignment). Method=gap_edge_residual_model. Beyond validation envelope (L>60 days); very high uncertainty."
2023-08-18,,False,,False,2.8246779642773014,2.8246779642773014,True,REAL_L031_20230707,64.0,gap_edge_residual_model,,,0.8022014113806089,9.946137576773936,very_high_uncertainty_extrapolated_beyond_validation_range,True,"Retrospective reconstruction (engineered hybrid pipeline, primary method assignment). Method=gap_edge_residual_model. Beyond validation envelope (L>60 days); very high uncertainty."
2023-08-19,,False,,False,2.577811055476436,2.577811055476436,True,REAL_L031_20230707,64.0,gap_edge_residual_model,,,0.6922704884542827,9.599007827957376,very_high_uncertainty_extrapolated_beyond_validation_range,True,"Retrospective reconstruction (engineered hybrid pipeline, primary method assignment). Method=gap_edge_residual_model. Beyond validation envelope (L>60 days); very high uncertainty."
2023-08-20,,False,,False,2.7251605669864074,2.7251605669864074,True,REAL_L031_20230707,64.0,gap_edge_residual_model,,,0.7951381368339885,9.339886708777252,very_high_uncertainty_extrapolated_beyond_validation_range,True,"Retrospective reconstruction (engineered hybrid pipeline, primary method assignment). Method=gap_edge_residual_model. Beyond validation envelope (L>60 days); very high uncertainty."
2023-08-21,,False,,False,3.15134349773854,3.15134349773854,True,REAL_L031_20230707,64.0,gap_edge_residual_model,,,0.8252333007243001,12.034131235400528,very_high_uncertainty_extrapolated_beyond_validation_range,True,"Retrospective reconstruction (engineered hybrid pipeline, primary method assignment). Method=gap_edge_residual_model. Beyond validation envelope (L>60 days); very high uncertainty."
2023-08-22,,False,,False,3.5288635939102644,3.5288635939102644,True,REAL_L031_20230707,64.0,gap_edge_residual_model,,,0.90912610591273,13.697635766297816,very_high_uncertainty_extrapolated_beyond_validation_range,True,"Retrospective reconstruction (engineered hybrid pipeline, primary method assignment). Method=gap_edge_residual_model. Beyond validation envelope (L>60 days); very high uncertainty."
2023-08-23,,False,,False,3.633196453000071,3.633196453000071,True,REAL_L031_20230707,64.0,gap_edge_residual_model,,,0.9987986171326412,13.21599393478066,very_high_uncertainty_extrapolated_beyond_validation_range,True,"Retrospective reconstruction (engineered hybrid pipeline, primary method assignment). Method=gap_edge_residual_model. Beyond validation envelope (L>60 days); very high uncertainty."
2023-08-24,,False,,False,3.8249643879230497,3.8249643879230497,True,REAL_L031_20230707,64.0,gap_edge_residual_model,,,0.977796882374478,14.96256823129897,very_high_uncertainty_extrapolated_beyond_validation_range,True,"Retrospective reconstruction (engineered hybrid pipeline, primary method assignment). Method=gap_edge_residual_model. Beyond validation envelope (L>60 days); very high uncertainty."
2023-08-25,,False,,False,3.312929004178142,3.312929004178142,True,REAL_L031_20230707,64.0,gap_edge_residual_model,,,0.8975197095270739,12.22869923659732,very_high_uncertainty_extrapolated_beyond_validation_range,True,"Retrospective reconstruction (engineered hybrid pipeline, primary method assignment). Method=gap_edge_residual_model. Beyond validation envelope (L>60 days); very high uncertainty."
2023-08-26,,False,,False,2.89409599034929,2.89409599034929,True,REAL_L031_20230707,64.0,gap_edge_residual_model,,,0.5482029618896219,15.278632520490216,very_high_uncertainty_extrapolated_beyond_validation_range,True,"Retrospective reconstruction (engineered hybrid pipeline, primary method assignment). Method=gap_edge_residual_model. Beyond validation envelope (L>60 days); very high uncertainty."
2023-08-27,,False,,False,3.224558026711122,3.224558026711122,True,REAL_L031_20230707,64.0,gap_edge_residual_model,,,0.7895123370185977,13.16986952590482,very_high_uncertainty_extrapolated_beyond_validation_range,True,"Retrospective reconstruction (engineered hybrid pipeline, primary method assignment). Method=gap_edge_residual_model. Beyond validation envelope (L>60 days); very high uncertainty."
2023-08-28,,False,,False,3.7979131906587886,3.7979131906587886,True,REAL_L031_20230707,64.0,gap_edge_residual_model,,,1.0663637512463024,13.52647685831588,very_high_uncertainty_extrapolated_beyond_validation_range,True,"Retrospective reconstruction (engineered hybrid pipeline, primary method assignment). Method=gap_edge_residual_model. Beyond validation envelope (L>60 days); very high uncertainty."
2023-08-29,,False,,False,4.02775278727018,4.02775278727018,True,REAL_L031_20230707,64.0,gap_edge_residual_model,,,1.19632346756609,13.560540234463376,very_high_uncertainty_extrapolated_beyond_validation_range,True,"Retrospective reconstruction (engineered hybrid pipeline, primary method assignment). Method=gap_edge_residual_model. Beyond validation envelope (L>60 days); very high uncertainty."
2023-08-30,,False,,False,3.0935738857144934,3.0935738857144934,True,REAL_L031_20230707,64.0,gap_edge_residual_model,,,0.6094693686564271,15.70251087018883,very_high_uncertainty_extrapolated_beyond_validation_range,True,"Retrospective reconstruction (engineered hybrid pipeline, primary method assignment). Method=gap_edge_residual_model. Beyond validation envelope (L>60 days); very high uncertainty."
2023-08-31,,False,,False,2.5311065882467636,2.5311065882467636,True,REAL_L031_20230707,64.0,gap_edge_residual_model,,,0.3412549239449201,18.773357134328723,very_high_uncertainty_extrapolated_beyond_validation_range,True,"Retrospective reconstruction (engineered hybrid pipeline, primary method assignment). Method=gap_edge_residual_model. Beyond validation envelope (L>60 days); very high uncertainty."
2023-09-01,,False,,False,3.153409418943123,3.153409418943123,True,REAL_L031_20230707,64.0,gap_edge_residual_model,,,0.7614879230040785,13.058632531229184,very_high_uncertainty_extrapolated_beyond_validation_range,True,"Retrospective reconstruction (engineered hybrid pipeline, primary method assignment). Method=gap_edge_residual_model. Beyond validation envelope (L>60 days); very high uncertainty."
2023-09-02,,False,,False,3.754998771061856,3.754998771061856,True,REAL_L031_20230707,64.0,gap_edge_residual_model,,,1.042856913683713,13.52056603898819,very_high_uncertainty_extrapolated_beyond_validation_range,True,"Retrospective reconstruction (engineered hybrid pipeline, primary method assignment). Method=gap_edge_residual_model. Beyond validation envelope (L>60 days); very high uncertainty."
2023-09-03,,False,,False,3.754615763754795,3.754615763754795,True,REAL_L031_20230707,64.0,gap_edge_residual_model,,,1.098793107136146,12.829657778049109,very_high_uncertainty_extrapolated_beyond_validation_range,True,"Retrospective reconstruction (engineered hybrid pipeline, primary method assignment). Method=gap_edge_residual_model. Beyond validation envelope (L>60 days); very high uncertainty."
2023-09-04,,False,,False,3.896558869584534,3.896558869584534,True,REAL_L031_20230707,64.0,gap_edge_residual_model,,,1.202835344810546,12.62281748673535,very_high_uncertainty_extrapolated_beyond_validation_range,True,"Retrospective reconstruction (engineered hybrid pipeline, primary method assignment). Method=gap_edge_residual_model. Beyond validation envelope (L>60 days); very high uncertainty."
2023-09-05,,False,,False,3.764056624905784,3.764056624905784,True,REAL_L031_20230707,64.0,gap_edge_residual_model,,,1.2507467762807285,11.327730396098262,very_high_uncertainty_extrapolated_beyond_validation_range,True,"Retrospective reconstruction (engineered hybrid pipeline, primary method assignment). Method=gap_edge_residual_model. Beyond validation envelope (L>60 days); very high uncertainty."
2023-09-06,,False,,False,3.3435384690044136,3.3435384690044136,True,REAL_L031_20230707,64.0,gap_edge_residual_model,,,1.0489348518961348,10.657715751844751,very_high_uncertainty_extrapolated_beyond_validation_range,True,"Retrospective reconstruction (engineered hybrid pipeline, primary method assignment). Method=gap_edge_residual_model. Beyond validation envelope (L>60 days); very high uncertainty."
2023-09-07,,False,,False,3.3191032868706674,3.3191032868706674,True,REAL_L031_20230707,64.0,gap_edge_residual_model,,,1.0830623082312592,10.171572351092657,very_high_uncertainty_extrapolated_beyond_validation_range,True,"Retrospective reconstruction (engineered hybrid pipeline, primary method assignment). Method=gap_edge_residual_model. Beyond validation envelope (L>60 days); very high uncertainty."
2023-09-08,,False,,False,3.3305553534152295,3.3305553534152295,True,REAL_L031_20230707,64.0,gap_edge_residual_model,,,1.0782031935051044,10.288041279215824,very_high_uncertainty_extrapolated_beyond_validation_range,True,"Retrospective reconstruction (engineered hybrid pipeline, primary method assignment). Method=gap_edge_residual_model. Beyond validation envelope (L>60 days); very high uncertainty."
2023-09-09,3.5681666666666665,True,3.5681666666666665,True,,3.5681666666666665,False,,,,,,,,,False,
2023-09-10,3.0532083333333335,True,3.0532083333333335,True,,3.0532083333333335,False,,,,,,,,,False,
2023-09-11,1.8005833333333332,True,1.8005833333333332,True,,1.8005833333333332,False,,,,,,,,,False,
2023-09-12,1.5475416666666668,True,1.5475416666666668,True,,1.5475416666666668,False,,,,,,,,,False,
2023-09-13,1.2577083333333332,True,1.2577083333333332,True,,1.2577083333333332,False,,,,,,,,,False,
2023-09-14,1.18575,True,1.18575,True,,1.18575,False,,,,,,,,,False,
2023-09-15,1.7014166666666668,True,1.7014166666666668,True,,1.7014166666666668,False,,,,,,,,,False,
2023-09-16,1.8635,True,1.8635,True,,1.8635,False,,,,,,,,,False,
2023-09-17,2.8513749999999995,True,2.8513749999999995,True,,2.8513749999999995,False,,,,,,,,,False,
2023-09-18,3.150416666666666,True,3.150416666666666,True,,3.150416666666666,False,,,,,,,,,False,
2023-09-19,7.479166666666667,True,7.479166666666667,True,,7.479166666666667,False,,,,,,,,,False,
2023-09-20,10.268,True,10.268,True,,10.268,False,,,,,,,,,False,
2023-09-21,9.056875,True,9.056875,True,,9.056875,False,,,,,,,,,False,
2023-09-22,6.783083333333333,True,6.783083333333333,True,,6.783083333333333,False,,,,,,,,,False,
2023-09-23,6.729083333333333,True,6.729083333333333,True,,6.729083333333333,False,,,,,,,,,False,
2023-09-24,5.00425,True,5.00425,True,,5.00425,False,,,,,,,,,False,
2023-09-25,5.213708333333333,True,5.213708333333333,True,,5.213708333333333,False,,,,,,,,,False,
2023-09-26,1.3572499999999998,True,1.3572499999999998,True,,1.3572499999999998,False,,,,,,,,,False,
2023-09-27,1.4195416666666667,True,1.4195416666666667,True,,1.4195416666666667,False,,,,,,,,,False,
2023-09-28,1.8160416666666663,True,1.8160416666666663,True,,1.8160416666666663,False,,,,,,,,,False,
2023-09-29,1.9935416666666663,True,1.9935416666666663,True,,1.9935416666666663,False,,,,,,,,,False,
2023-09-30,5.939583333333334,True,5.939583333333334,True,,5.939583333333334,False,,,,,,,,,False,
2023-10-01,8.654041666666666,True,8.654041666666666,True,,8.654041666666666,False,,,,,,,,,False,
2023-10-02,8.897125,True,8.897125,True,,8.897125,False,,,,,,,,,False,
2023-10-03,9.391458333333333,True,9.391458333333333,True,,9.391458333333333,False,,,,,,,,,False,
2023-10-04,2.845,True,2.845,True,,2.845,False,,,,,,,,,False,
2023-10-05,2.493875,True,2.493875,True,,2.493875,False,,,,,,,,,False,
2023-10-06,4.939791666666666,True,4.939791666666666,True,,4.939791666666666,False,,,,,,,,,False,
2023-10-07,5.32675,True,5.32675,True,,5.32675,False,,,,,,,,,False,
2023-10-08,5.610499999999999,True,5.610499999999999,True,,5.610499999999999,False,,,,,,,,,False,
2023-10-09,11.231416666666666,True,11.231416666666666,True,,11.231416666666666,False,,,,,,,,,False,
2023-10-10,13.846416666666668,True,13.846416666666668,True,,13.846416666666668,False,,,,,,,,,False,
2023-10-11,7.731416666666667,True,7.731416666666667,True,,7.731416666666667,False,,,,,,,,,False,
2023-10-12,5.603458333333333,True,5.603458333333333,True,,5.603458333333333,False,,,,,,,,,False,
2023-10-13,9.385458333333332,True,9.385458333333332,True,,9.385458333333332,False,,,,,,,,,False,
2023-10-14,16.33725,True,16.33725,True,,16.33725,False,,,,,,,,,False,
2023-10-15,12.214375,True,12.214375,True,,12.214375,False,,,,,,,,,False,
2023-10-16,8.151625000000001,True,8.151625000000001,True,,8.151625000000001,False,,,,,,,,,False,
2023-10-17,10.027500000000002,True,10.027500000000002,True,,10.027500000000002,False,,,,,,,,,False,
2023-10-18,11.267333333333331,True,11.267333333333331,True,,11.267333333333331,False,,,,,,,,,False,
2023-10-19,11.854416666666664,True,11.854416666666664,True,,11.854416666666664,False,,,,,,,,,False,
2023-10-20,9.75125,True,9.75125,True,,9.75125,False,,,,,,,,,False,
2023-10-21,6.457125,True,6.457125,True,,6.457125,False,,,,,,,,,False,
2023-10-22,4.012041666666666,True,4.012041666666666,True,,4.012041666666666,False,,,,,,,,,False,
2023-10-23,4.319125,True,4.319125,True,,4.319125,False,,,,,,,,,False,
2023-10-24,4.1835,True,4.1835,True,,4.1835,False,,,,,,,,,False,
2023-10-25,3.1527499999999997,True,3.1527499999999997,True,,3.1527499999999997,False,,,,,,,,,False,
2023-10-26,1.4219583333333332,True,1.4219583333333332,True,,1.4219583333333332,False,,,,,,,,,False,
2023-10-27,0.5485000000000001,True,0.5485000000000001,True,,0.5485000000000001,False,,,,,,,,,False,
2023-10-28,0.6552916666666667,True,0.6552916666666667,True,,0.6552916666666667,False,,,,,,,,,False,
2023-10-29,1.1463333333333332,True,1.1463333333333332,True,,1.1463333333333332,False,,,,,,,,,False,
2023-10-30,1.950416666666667,True,1.950416666666667,True,,1.950416666666667,False,,,,,,,,,False,
2023-10-31,2.6619166666666665,True,2.6619166666666665,True,,2.6619166666666665,False,,,,,,,,,False,
2023-11-01,2.7135,True,2.7135,True,,2.7135,False,,,,,,,,,False,
2023-11-02,2.4890833333333333,True,2.4890833333333333,True,,2.4890833333333333,False,,,,,,,,,False,
2023-11-03,2.464916666666667,True,2.464916666666667,True,,2.464916666666667,False,,,,,,,,,False,
2023-11-04,2.5465416666666667,True,2.5465416666666667,True,,2.5465416666666667,False,,,,,,,,,False,
2023-11-05,2.1366666666666667,True,2.1366666666666667,True,,2.1366666666666667,False,,,,,,,,,False,
2023-11-06,2.43425,True,2.43425,True,,2.43425,False,,,,,,,,,False,
2023-11-07,2.038875,True,2.038875,True,,2.038875,False,,,,,,,,,False,
2023-11-08,1.9009166666666664,True,1.9009166666666664,True,,1.9009166666666664,False,,,,,,,,,False,
2023-11-09,2.6562916666666667,True,2.6562916666666667,True,,2.6562916666666667,False,,,,,,,,,False,
2023-11-10,2.5520416666666668,True,2.5520416666666668,True,,2.5520416666666668,False,,,,,,,,,False,
2023-11-11,2.5688333333333335,True,2.5688333333333335,True,,2.5688333333333335,False,,,,,,,,,False,
2023-11-12,1.88275,True,1.88275,True,,1.88275,False,,,,,,,,,False,
2023-11-13,2.533125,True,2.533125,True,,2.533125,False,,,,,,,,,False,
2023-11-14,1.737458333333333,True,1.737458333333333,True,,1.737458333333333,False,,,,,,,,,False,
2023-11-15,1.5965833333333337,True,1.5965833333333337,True,,1.5965833333333337,False,,,,,,,,,False,
2023-11-16,0.9547272727272728,False,0.9547272727272728,False,1.5581652179400167,1.5581652179400167,True,REAL_L010_20231116,22.0,state_space_kalman,gap_edge_residual_model_sensitivity,1.6726708494446292,0.6424037823888173,3.779365739986531,standard_uncertainty,False,"Retrospective reconstruction (engineered hybrid pipeline, primary method assignment). Method=state_space_kalman. "
2023-11-17,,False,,False,1.520671546363417,1.520671546363417,True,REAL_L010_20231116,22.0,state_space_kalman,gap_edge_residual_model_sensitivity,1.611643438755073,0.4470440619276012,5.172738324603462,standard_uncertainty,False,"Retrospective reconstruction (engineered hybrid pipeline, primary method assignment). Method=state_space_kalman. "
2023-11-18,,False,,False,1.4840800739837374,1.4840800739837374,True,REAL_L010_20231116,22.0,state_space_kalman,gap_edge_residual_model_sensitivity,1.6189049704737477,0.3435358810194368,6.411247813357121,standard_uncertainty,False,"Retrospective reconstruction (engineered hybrid pipeline, primary method assignment). Method=state_space_kalman. "
2023-11-19,,False,,False,1.4483690914469267,1.4483690914469267,True,REAL_L010_20231116,22.0,state_space_kalman,gap_edge_residual_model_sensitivity,1.634813613602944,0.2790385580768521,7.5178607555771295,standard_uncertainty,False,"Retrospective reconstruction (engineered hybrid pipeline, primary method assignment). Method=state_space_kalman. "
2023-11-20,,False,,False,1.4135174117847389,1.4135174117847389,True,REAL_L010_20231116,22.0,state_space_kalman,gap_edge_residual_model_sensitivity,1.6708318031355605,0.2355016131745322,8.48415196178664,standard_uncertainty,False,"Retrospective reconstruction (engineered hybrid pipeline, primary method assignment). Method=state_space_kalman. "
2023-11-21,,False,,False,1.3795043578447153,1.3795043578447153,True,REAL_L010_20231116,22.0,state_space_kalman,gap_edge_residual_model_sensitivity,1.658064696194813,0.2047159631156392,9.295964244066214,standard_uncertainty,False,"Retrospective reconstruction (engineered hybrid pipeline, primary method assignment). Method=state_space_kalman. "
2023-11-22,,False,,False,1.3463097500226398,1.3463097500226398,True,REAL_L010_20231116,22.0,state_space_kalman,gap_edge_residual_model_sensitivity,1.6033746729218197,0.1823504653252701,9.93992496686456,standard_uncertainty,False,"Retrospective reconstruction (engineered hybrid pipeline, primary method assignment). Method=state_space_kalman. "
2023-11-23,,False,,False,1.3139138942901791,1.3139138942901791,True,REAL_L010_20231116,22.0,state_space_kalman,gap_edge_residual_model_sensitivity,1.7078731885844582,0.1659033189878218,10.4058781472329,standard_uncertainty,False,"Retrospective reconstruction (engineered hybrid pipeline, primary method assignment). Method=state_space_kalman. "
2023-11-24,,False,,False,1.282297570510615,1.282297570510615,True,REAL_L010_20231116,22.0,state_space_kalman,gap_edge_residual_model_sensitivity,1.666431900304441,0.1538449450949222,10.68794985966488,standard_uncertainty,False,"Retrospective reconstruction (engineered hybrid pipeline, primary method assignment). Method=state_space_kalman. "
2023-11-25,,False,,False,1.2514420210357278,1.2514420210357278,True,REAL_L010_20231116,22.0,state_space_kalman,gap_edge_residual_model_sensitivity,1.6548512025145994,0.145211764587598,10.784987955085716,standard_uncertainty,False,"Retrospective reconstruction (engineered hybrid pipeline, primary method assignment). Method=state_space_kalman. "
2023-11-26,,False,,False,1.2213289395770734,1.2213289395770734,True,REAL_L010_20231116,22.0,state_space_kalman,gap_edge_residual_model_sensitivity,1.6248221810241192,0.1393977384035374,10.700635431619066,standard_uncertainty,False,"Retrospective reconstruction (engineered hybrid pipeline, primary method assignment). Method=state_space_kalman. "
2023-11-27,,False,,False,1.1919404603450447,1.1919404603450447,True,REAL_L010_20231116,22.0,state_space_kalman,gap_edge_residual_model_sensitivity,1.5668102540732392,0.1360434516038791,10.443149186954669,standard_uncertainty,False,"Retrospective reconstruction (engineered hybrid pipeline, primary method assignment). Method=state_space_kalman. "
2023-11-28,,False,,False,1.1632591474492782,1.1632591474492782,True,REAL_L010_20231116,22.0,state_space_kalman,gap_edge_residual_model_sensitivity,1.5571926564144605,0.1349794162529181,10.025023679083866,standard_uncertainty,False,"Retrospective reconstruction (engineered hybrid pipeline, primary method assignment). Method=state_space_kalman. "
2023-11-29,,False,,False,1.1352679845541138,1.1352679845541138,True,REAL_L010_20231116,22.0,state_space_kalman,gap_edge_residual_model_sensitivity,1.3872772634864494,0.1362049221400322,9.462458305497286,standard_uncertainty,False,"Retrospective reconstruction (engineered hybrid pipeline, primary method assignment). Method=state_space_kalman. "
2023-11-30,,False,,False,1.1079503647829745,1.1079503647829745,True,REAL_L010_20231116,22.0,state_space_kalman,gap_edge_residual_model_sensitivity,1.261854316886828,0.1398970233818596,8.774697138995036,standard_uncertainty,False,"Retrospective reconstruction (engineered hybrid pipeline, primary method assignment). Method=state_space_kalman. "
2023-12-01,,False,,False,1.0812900808656718,1.0812900808656718,True,REAL_L010_20231116,22.0,state_space_kalman,gap_edge_residual_model_sensitivity,1.429084262291134,0.1464549665440206,7.983261111374212,standard_uncertainty,False,"Retrospective reconstruction (engineered hybrid pipeline, primary method assignment). Method=state_space_kalman. "
2023-12-02,,False,,False,1.055271315522796,1.055271315522796,True,REAL_L010_20231116,22.0,state_space_kalman,gap_edge_residual_model_sensitivity,1.3114583124989423,0.156600363367518,7.111078961878028,standard_uncertainty,False,"Retrospective reconstruction (engineered hybrid pipeline, primary method assignment). Method=state_space_kalman. "
2023-12-03,,False,,False,1.0298786320814814,1.0298786320814814,True,REAL_L010_20231116,22.0,state_space_kalman,gap_edge_residual_model_sensitivity,1.2685611571682736,0.1715847836093761,6.181492172596502,standard_uncertainty,False,"Retrospective reconstruction (engineered hybrid pipeline, primary method assignment). Method=state_space_kalman. "
2023-12-04,,False,,False,1.0050969653169834,1.0050969653169834,True,REAL_L010_20231116,22.0,state_space_kalman,gap_edge_residual_model_sensitivity,1.2167833768971617,0.1936390451754876,5.217025878091303,standard_uncertainty,False,"Retrospective reconstruction (engineered hybrid pipeline, primary method assignment). Method=state_space_kalman. "
2023-12-05,,False,,False,0.9809116125146324,0.9809116125146324,True,REAL_L010_20231116,22.0,state_space_kalman,gap_edge_residual_model_sensitivity,1.2223238083632435,0.2270620978710774,4.237552636866644,standard_uncertainty,False,"Retrospective reconstruction (engineered hybrid pipeline, primary method assignment). Method=state_space_kalman. "
2023-12-06,,False,,False,0.9573082247468584,0.9573082247468584,True,REAL_L010_20231116,22.0,state_space_kalman,gap_edge_residual_model_sensitivity,1.2107570251598578,0.2814276089606413,3.2563935022315067,standard_uncertainty,False,"Retrospective reconstruction (engineered hybrid pipeline, primary method assignment). Method=state_space_kalman. "
2023-12-07,,False,,False,0.934272798360118,0.934272798360118,True,REAL_L010_20231116,22.0,state_space_kalman,gap_edge_residual_model_sensitivity,1.0808109486329036,0.3851840437325371,2.266100260273875,standard_uncertainty,False,"Retrospective reconstruction (engineered hybrid pipeline, primary method assignment). Method=state_space_kalman. "
2023-12-08,0.9117916666666668,True,0.9117916666666668,True,,0.9117916666666668,False,,,,,,,,,False,
2023-12-09,0.6469583333333334,True,0.6469583333333334,True,,0.6469583333333334,False,,,,,,,,,False,
2023-12-10,4.071750000000001,True,4.071750000000001,True,,4.071750000000001,False,,,,,,,,,False,
2023-12-11,3.8310833333333334,True,3.8310833333333334,True,,3.8310833333333334,False,,,,,,,,,False,
2023-12-12,4.1845,True,4.1845,True,,4.1845,False,,,,,,,,,False,
2023-12-13,8.110833333333334,True,8.110833333333334,True,,8.110833333333334,False,,,,,,,,,False,
2023-12-14,9.307875,True,9.307875,True,,9.307875,False,,,,,,,,,False,
2023-12-15,7.729375,True,7.729375,True,,7.729375,False,,,,,,,,,False,
2023-12-16,7.164666666666666,True,7.164666666666666,True,,7.164666666666666,False,,,,,,,,,False,
2023-12-17,5.574249999999999,True,5.574249999999999,True,,5.574249999999999,False,,,,,,,,,False,
2023-12-18,3.8951666666666664,True,3.8951666666666664,True,,3.8951666666666664,False,,,,,,,,,False,
2023-12-19,6.072916666666667,True,6.072916666666667,True,,6.072916666666667,False,,,,,,,,,False,
2023-12-20,6.682541666666666,True,6.682541666666666,True,,6.682541666666666,False,,,,,,,,,False,
2023-12-21,3.45325,True,3.45325,True,,3.45325,False,,,,,,,,,False,
2023-12-22,3.044208333333333,True,3.044208333333333,True,,3.044208333333333,False,,,,,,,,,False,
2023-12-23,1.0358333333333334,True,1.0358333333333334,True,,1.0358333333333334,False,,,,,,,,,False,
2023-12-24,0.8598750000000001,True,0.8598750000000001,True,,0.8598750000000001,False,,,,,,,,,False,
2023-12-25,0.8107083333333334,True,0.8107083333333334,True,,0.8107083333333334,False,,,,,,,,,False,
2023-12-26,0.8927083333333333,True,0.8927083333333333,True,,0.8927083333333333,False,,,,,,,,,False,
2023-12-27,2.334125,True,2.334125,True,,2.334125,False,,,,,,,,,False,
2023-12-28,4.471416666666666,True,4.471416666666666,True,,4.471416666666666,False,,,,,,,,,False,
2023-12-29,6.487958333333332,True,6.487958333333332,True,,6.487958333333332,False,,,,,,,,,False,
2023-12-30,5.794666666666667,True,5.794666666666667,True,,5.794666666666667,False,,,,,,,,,False,
2023-12-31,2.3667916666666664,True,2.3667916666666664,True,,2.3667916666666664,False,,,,,,,,,False,
2024-01-01,1.4748749999999995,True,1.4748749999999995,True,,1.4748749999999995,False,,,,,,,,,False,
2024-01-02,1.3474583333333332,True,1.3474583333333332,True,,1.3474583333333332,False,,,,,,,,,False,
2024-01-03,4.187583333333333,True,4.187583333333333,True,,4.187583333333333,False,,,,,,,,,False,
2024-01-04,5.254875,True,5.254875,True,,5.254875,False,,,,,,,,,False,
2024-01-05,4.764958333333333,True,4.764958333333333,True,,4.764958333333333,False,,,,,,,,,False,
2024-01-06,4.161791666666667,True,4.161791666666667,True,,4.161791666666667,False,,,,,,,,,False,
2024-01-07,4.034458333333333,True,4.034458333333333,True,,4.034458333333333,False,,,,,,,,,False,
2024-01-08,2.731,True,2.731,True,,2.731,False,,,,,,,,,False,
2024-01-09,2.405666666666667,True,2.405666666666667,True,,2.405666666666667,False,,,,,,,,,False,
2024-01-10,2.1230833333333337,True,2.1230833333333337,True,,2.1230833333333337,False,,,,,,,,,False,
2024-01-11,1.9541666666666668,True,1.9541666666666668,True,,1.9541666666666668,False,,,,,,,,,False,
2024-01-12,2.672,True,2.672,True,,2.672,False,,,,,,,,,False,
2024-01-13,3.5416190476190472,True,3.5416190476190472,True,,3.5416190476190472,False,,,,,,,,,False,
2024-01-14,2.9018750000000004,True,2.9018750000000004,True,,2.9018750000000004,False,,,,,,,,,False,
2024-01-15,4.860291666666666,True,4.860291666666666,True,,4.860291666666666,False,,,,,,,,,False,
2024-01-16,5.959499999999999,True,5.959499999999999,True,,5.959499999999999,False,,,,,,,,,False,
2024-01-17,5.785,True,5.785,True,,5.785,False,,,,,,,,,False,
2024-01-18,7.041708333333333,True,7.041708333333333,True,,7.041708333333333,False,,,,,,,,,False,
2024-01-19,3.7794500000000006,True,3.7794500000000006,True,,3.7794500000000006,False,,,,,,,,,False,
2024-01-20,9.268791666666669,True,9.268791666666669,True,,9.268791666666669,False,,,,,,,,,False,
2024-01-21,8.613625,True,8.613625,True,,8.613625,False,,,,,,,,,False,
2024-01-22,3.261083333333333,True,3.261083333333333,True,,3.261083333333333,False,,,,,,,,,False,
2024-01-23,2.6172083333333336,True,2.6172083333333336,True,,2.6172083333333336,False,,,,,,,,,False,
2024-01-24,2.446458333333333,True,2.446458333333333,True,,2.446458333333333,False,,,,,,,,,False,
2024-01-25,7.520458333333333,True,7.520458333333333,True,,7.520458333333333,False,,,,,,,,,False,
2024-01-26,3.3326,False,3.3326,False,4.070818459303184,4.070818459303184,True,REAL_L001_20240126,1.0,gaussian_process,,,2.119760464890435,7.817658269921594,standard_uncertainty,False,"Retrospective reconstruction (engineered hybrid pipeline, primary method assignment). Method=gaussian_process. "
2024-01-27,1.9487916666666667,True,1.9487916666666667,True,,1.9487916666666667,False,,,,,,,,,False,
2024-01-28,3.930333333333333,True,3.930333333333333,True,,3.930333333333333,False,,,,,,,,,False,
2024-01-29,6.243833333333334,True,6.243833333333334,True,,6.243833333333334,False,,,,,,,,,False,
2024-01-30,8.842,True,8.842,True,,8.842,False,,,,,,,,,False,
2024-01-31,7.94175,True,7.94175,True,,7.94175,False,,,,,,,,,False,
2024-02-01,6.711708333333333,True,6.711708333333333,True,,6.711708333333333,False,,,,,,,,,False,
2024-02-02,4.49175,True,4.49175,True,,4.49175,False,,,,,,,,,False,
2024-02-03,3.1946666666666665,True,3.1946666666666665,True,,3.1946666666666665,False,,,,,,,,,False,
2024-02-04,2.0817083333333333,True,2.0817083333333333,True,,2.0817083333333333,False,,,,,,,,,False,
2024-02-05,1.2652666666666663,False,1.2652666666666663,False,1.473810256392334,1.473810256392334,True,REAL_L001_20240205,1.0,gaussian_process,,,0.7808976008814047,2.781564022473053,standard_uncertainty,False,"Retrospective reconstruction (engineered hybrid pipeline, primary method assignment). Method=gaussian_process. "
2024-02-06,1.27475,True,1.27475,True,,1.27475,False,,,,,,,,,False,
2024-02-07,1.9401666666666664,True,1.9401666666666664,True,,1.9401666666666664,False,,,,,,,,,False,
2024-02-08,3.8061666666666665,True,3.8061666666666665,True,,3.8061666666666665,False,,,,,,,,,False,
2024-02-09,4.708555555555556,False,4.708555555555556,False,6.749648486779866,6.749648486779866,True,REAL_L001_20240209,1.0,gaussian_process,,,3.773065513677289,12.074466910246796,standard_uncertainty,False,"Retrospective reconstruction (engineered hybrid pipeline, primary method assignment). Method=gaussian_process. "
2024-02-10,4.941166666666667,True,4.941166666666667,True,,4.941166666666667,False,,,,,,,,,False,
2024-02-11,0.9272083333333332,True,0.9272083333333332,True,,0.9272083333333332,False,,,,,,,,,False,
2024-02-12,1.3095,True,1.3095,True,,1.3095,False,,,,,,,,,False,
2024-02-13,1.336458333333333,True,1.336458333333333,True,,1.336458333333333,False,,,,,,,,,False,
2024-02-14,1.5680416666666666,True,1.5680416666666666,True,,1.5680416666666666,False,,,,,,,,,False,
2024-02-15,2.025041666666666,True,2.025041666666666,True,,2.025041666666666,False,,,,,,,,,False,
2024-02-16,1.2665833333333332,True,1.2665833333333332,True,,1.2665833333333332,False,,,,,,,,,False,
2024-02-17,0.8134583333333335,True,0.8134583333333335,True,,0.8134583333333335,False,,,,,,,,,False,
2024-02-18,1.0622083333333334,True,1.0622083333333334,True,,1.0622083333333334,False,,,,,,,,,False,
2024-02-19,1.8447083333333336,True,1.8447083333333336,True,,1.8447083333333336,False,,,,,,,,,False,
2024-02-20,2.990208333333334,True,2.990208333333334,True,,2.990208333333334,False,,,,,,,,,False,
2024-02-21,4.159416666666666,True,4.159416666666666,True,,4.159416666666666,False,,,,,,,,,False,
2024-02-22,5.986125,True,5.986125,True,,5.986125,False,,,,,,,,,False,
2024-02-23,6.450833333333333,True,6.450833333333333,True,,6.450833333333333,False,,,,,,,,,False,
2024-02-24,5.234875,True,5.234875,True,,5.234875,False,,,,,,,,,False,
2024-02-25,3.567458333333333,True,3.567458333333333,True,,3.567458333333333,False,,,,,,,,,False,
2024-02-26,1.6805416666666666,True,1.6805416666666666,True,,1.6805416666666666,False,,,,,,,,,False,
2024-02-27,0.4753749999999999,True,0.4753749999999999,True,,0.4753749999999999,False,,,,,,,,,False,
2024-02-28,0.418875,True,0.418875,True,,0.418875,False,,,,,,,,,False,
2024-02-29,0.5865,True,0.5865,True,,0.5865,False,,,,,,,,,False,
2024-03-01,0.9314583333333334,True,0.9314583333333334,True,,0.9314583333333334,False,,,,,,,,,False,
2024-03-02,1.669125,True,1.669125,True,,1.669125,False,,,,,,,,,False,
2024-03-03,1.950458333333333,True,1.950458333333333,True,,1.950458333333333,False,,,,,,,,,False,
2024-03-04,1.2645,True,1.2645,True,,1.2645,False,,,,,,,,,False,
2024-03-05,0.97625,True,0.97625,True,,0.97625,False,,,,,,,,,False,
2024-03-06,0.7817083333333333,True,0.7817083333333333,True,,0.7817083333333333,False,,,,,,,,,False,
2024-03-07,0.6740833333333333,True,0.6740833333333333,True,,0.6740833333333333,False,,,,,,,,,False,
2024-03-08,0.7323333333333334,True,0.7323333333333334,True,,0.7323333333333334,False,,,,,,,,,False,
2024-03-09,0.9781666666666666,True,0.9781666666666666,True,,0.9781666666666666,False,,,,,,,,,False,
2024-03-10,1.22575,True,1.22575,True,,1.22575,False,,,,,,,,,False,
2024-03-11,1.528333333333333,True,1.528333333333333,True,,1.528333333333333,False,,,,,,,,,False,
2024-03-12,1.547291666666667,True,1.547291666666667,True,,1.547291666666667,False,,,,,,,,,False,
2024-03-13,1.6784,True,1.6784,True,,1.6784,False,,,,,,,,,False,
2024-03-14,1.4633333333333332,True,1.4633333333333332,True,,1.4633333333333332,False,,,,,,,,,False,
2024-03-15,2.433095238095238,True,2.433095238095238,True,,2.433095238095238,False,,,,,,,,,False,
2024-03-16,3.1831666666666667,True,3.1831666666666667,True,,3.1831666666666667,False,,,,,,,,,False,
2024-03-17,3.735625,True,3.735625,True,,3.735625,False,,,,,,,,,False,
2024-03-18,3.2083333333333335,True,3.2083333333333335,True,,3.2083333333333335,False,,,,,,,,,False,
2024-03-19,3.0420833333333337,True,3.0420833333333337,True,,3.0420833333333337,False,,,,,,,,,False,
2024-03-20,2.422625,True,2.422625,True,,2.422625,False,,,,,,,,,False,
2024-03-21,1.3122916666666666,True,1.3122916666666666,True,,1.3122916666666666,False,,,,,,,,,False,
2024-03-22,2.4423333333333335,True,2.4423333333333335,True,,2.4423333333333335,False,,,,,,,,,False,
2024-03-23,3.140875,True,3.140875,True,,3.140875,False,,,,,,,,,False,
2024-03-24,2.032958333333333,True,2.032958333333333,True,,2.032958333333333,False,,,,,,,,,False,
2024-03-25,,False,,False,1.8206649862744275,1.8206649862744275,True,REAL_L031_20240325,43.0,gap_edge_residual_model,,,0.4563565291498535,7.263665096280842,moderate_uncertainty_long_gap,False,"Retrospective reconstruction (engineered hybrid pipeline, primary method assignment). Method=gap_edge_residual_model. "
2024-03-26,4.528,False,4.528,False,2.0330506921649123,2.0330506921649123,True,REAL_L031_20240325,43.0,gap_edge_residual_model,,,0.5515910211714169,7.493405364239482,moderate_uncertainty_long_gap,False,"Retrospective reconstruction (engineered hybrid pipeline, primary method assignment). Method=gap_edge_residual_model. "
2024-03-27,,False,,False,2.180271534243803,2.180271534243803,True,REAL_L031_20240325,43.0,gap_edge_residual_model,,,0.5524403715072238,8.604700540014148,moderate_uncertainty_long_gap,False,"Retrospective reconstruction (engineered hybrid pipeline, primary method assignment). Method=gap_edge_residual_model. "
2024-03-28,,False,,False,2.291303615178296,2.291303615178296,True,REAL_L031_20240325,43.0,gap_edge_residual_model,,,0.5625165137588516,9.333187788296314,moderate_uncertainty_long_gap,False,"Retrospective reconstruction (engineered hybrid pipeline, primary method assignment). Method=gap_edge_residual_model. "
2024-03-29,,False,,False,2.5432707936339507,2.5432707936339507,True,REAL_L031_20240325,43.0,gap_edge_residual_model,,,0.6384992824377679,10.130358024923698,moderate_uncertainty_long_gap,False,"Retrospective reconstruction (engineered hybrid pipeline, primary method assignment). Method=gap_edge_residual_model. "
2024-03-30,,False,,False,2.7392666222923023,2.7392666222923023,True,REAL_L031_20240325,43.0,gap_edge_residual_model,,,0.6991663177928199,10.73218408417119,moderate_uncertainty_long_gap,False,"Retrospective reconstruction (engineered hybrid pipeline, primary method assignment). Method=gap_edge_residual_model. "
2024-03-31,,False,,False,2.8852298225246247,2.8852298225246247,True,REAL_L031_20240325,43.0,gap_edge_residual_model,,,0.741905992788931,11.220493175277232,moderate_uncertainty_long_gap,False,"Retrospective reconstruction (engineered hybrid pipeline, primary method assignment). Method=gap_edge_residual_model. "
2024-04-01,,False,,False,3.1532236218498406,3.1532236218498406,True,REAL_L031_20240325,43.0,gap_edge_residual_model,,,0.8093257741117981,12.285311462252224,moderate_uncertainty_long_gap,False,"Retrospective reconstruction (engineered hybrid pipeline, primary method assignment). Method=gap_edge_residual_model. "
2024-04-02,,False,,False,3.3482608535929685,3.3482608535929685,True,REAL_L031_20240325,43.0,gap_edge_residual_model,,,0.9464215055607584,11.845515637412154,moderate_uncertainty_long_gap,False,"Retrospective reconstruction (engineered hybrid pipeline, primary method assignment). Method=gap_edge_residual_model. "
2024-04-03,,False,,False,3.153886158564797,3.153886158564797,True,REAL_L031_20240325,43.0,gap_edge_residual_model,,,0.7495148926333409,13.27124784170584,moderate_uncertainty_long_gap,False,"Retrospective reconstruction (engineered hybrid pipeline, primary method assignment). Method=gap_edge_residual_model. "
2024-04-04,,False,,False,3.484009075749684,3.484009075749684,True,REAL_L031_20240325,43.0,gap_edge_residual_model,,,0.8934006886249369,13.586646388854554,moderate_uncertainty_long_gap,False,"Retrospective reconstruction (engineered hybrid pipeline, primary method assignment). Method=gap_edge_residual_model. "
2024-04-05,,False,,False,3.654449801866426,3.654449801866426,True,REAL_L031_20240325,43.0,gap_edge_residual_model,,,0.9754730155711272,13.690797327225267,moderate_uncertainty_long_gap,False,"Retrospective reconstruction (engineered hybrid pipeline, primary method assignment). Method=gap_edge_residual_model. "
2024-04-06,,False,,False,3.6917987082740766,3.6917987082740766,True,REAL_L031_20240325,43.0,gap_edge_residual_model,,,0.9743030422162212,13.988848553127534,moderate_uncertainty_long_gap,False,"Retrospective reconstruction (engineered hybrid pipeline, primary method assignment). Method=gap_edge_residual_model. "
2024-04-07,,False,,False,3.604587810967782,3.604587810967782,True,REAL_L031_20240325,43.0,gap_edge_residual_model,,,0.8184307863711063,15.875567614688904,moderate_uncertainty_long_gap,False,"Retrospective reconstruction (engineered hybrid pipeline, primary method assignment). Method=gap_edge_residual_model. "
2024-04-08,,False,,False,3.042507337828669,3.042507337828669,True,REAL_L031_20240325,43.0,gap_edge_residual_model,,,0.6429756292647894,14.396892322849068,moderate_uncertainty_long_gap,False,"Retrospective reconstruction (engineered hybrid pipeline, primary method assignment). Method=gap_edge_residual_model. "
2024-04-09,,False,,False,3.3543750772201624,3.3543750772201624,True,REAL_L031_20240325,43.0,gap_edge_residual_model,,,0.7084653467522971,15.881979563652228,moderate_uncertainty_long_gap,False,"Retrospective reconstruction (engineered hybrid pipeline, primary method assignment). Method=gap_edge_residual_model. "
2024-04-10,,False,,False,3.5045181652806585,3.5045181652806585,True,REAL_L031_20240325,43.0,gap_edge_residual_model,,,0.6666648502268048,18.42252155127693,moderate_uncertainty_long_gap,False,"Retrospective reconstruction (engineered hybrid pipeline, primary method assignment). Method=gap_edge_residual_model. "
2024-04-11,,False,,False,3.79226536685826,3.79226536685826,True,REAL_L031_20240325,43.0,gap_edge_residual_model,,,0.7250383373137357,19.835194737364073,moderate_uncertainty_long_gap,False,"Retrospective reconstruction (engineered hybrid pipeline, primary method assignment). Method=gap_edge_residual_model. "
2024-04-12,,False,,False,4.014890711747835,4.014890711747835,True,REAL_L031_20240325,43.0,gap_edge_residual_model,,,0.9080413463592144,17.751776933847182,moderate_uncertainty_long_gap,False,"Retrospective reconstruction (engineered hybrid pipeline, primary method assignment). Method=gap_edge_residual_model. "
2024-04-13,,False,,False,4.743087003308532,4.743087003308532,True,REAL_L031_20240325,43.0,gap_edge_residual_model,,,1.2454667331711629,18.0630070011373,moderate_uncertainty_long_gap,False,"Retrospective reconstruction (engineered hybrid pipeline, primary method assignment). Method=gap_edge_residual_model. "
2024-04-14,,False,,False,5.483381465630432,5.483381465630432,True,REAL_L031_20240325,43.0,gap_edge_residual_model,,,1.5421464747493876,19.497157235019177,moderate_uncertainty_long_gap,False,"Retrospective reconstruction (engineered hybrid pipeline, primary method assignment). Method=gap_edge_residual_model. "
2024-04-15,,False,,False,5.957349975063653,5.957349975063653,True,REAL_L031_20240325,43.0,gap_edge_residual_model,,,1.7295785696954724,20.51946025883036,moderate_uncertainty_long_gap,False,"Retrospective reconstruction (engineered hybrid pipeline, primary method assignment). Method=gap_edge_residual_model. "
2024-04-16,,False,,False,6.095306606510457,6.095306606510457,True,REAL_L031_20240325,43.0,gap_edge_residual_model,,,1.8253839010933064,20.35339667733321,moderate_uncertainty_long_gap,False,"Retrospective reconstruction (engineered hybrid pipeline, primary method assignment). Method=gap_edge_residual_model. "
2024-04-17,,False,,False,5.074711121221212,5.074711121221212,True,REAL_L031_20240325,43.0,gap_edge_residual_model,,,1.3391621315730464,19.230451904726323,moderate_uncertainty_long_gap,False,"Retrospective reconstruction (engineered hybrid pipeline, primary method assignment). Method=gap_edge_residual_model. "
2024-04-18,,False,,False,5.531816243093423,5.531816243093423,True,REAL_L031_20240325,43.0,gap_edge_residual_model,,,1.4452217728081385,21.173906678622043,moderate_uncertainty_long_gap,False,"Retrospective reconstruction (engineered hybrid pipeline, primary method assignment). Method=gap_edge_residual_model. "
2024-04-19,,False,,False,6.728671547698482,6.728671547698482,True,REAL_L031_20240325,43.0,gap_edge_residual_model,,,2.057799902895726,22.00166339452942,moderate_uncertainty_long_gap,False,"Retrospective reconstruction (engineered hybrid pipeline, primary method assignment). Method=gap_edge_residual_model. "
2024-04-20,,False,,False,7.859044703950378,7.859044703950378,True,REAL_L031_20240325,43.0,gap_edge_residual_model,,,2.518936586550779,24.52010264508711,moderate_uncertainty_long_gap,False,"Retrospective reconstruction (engineered hybrid pipeline, primary method assignment). Method=gap_edge_residual_model. "
2024-04-21,,False,,False,7.17920756635696,7.17920756635696,True,REAL_L031_20240325,43.0,gap_edge_residual_model,,,2.039615318991026,25.26997164658176,moderate_uncertainty_long_gap,False,"Retrospective reconstruction (engineered hybrid pipeline, primary method assignment). Method=gap_edge_residual_model. "
2024-04-22,,False,,False,7.838341355086205,7.838341355086205,True,REAL_L031_20240325,43.0,gap_edge_residual_model,,,2.55056926388347,24.088581348819112,moderate_uncertainty_long_gap,False,"Retrospective reconstruction (engineered hybrid pipeline, primary method assignment). Method=gap_edge_residual_model. "
2024-04-23,,False,,False,7.965807995971558,7.965807995971558,True,REAL_L031_20240325,43.0,gap_edge_residual_model,,,2.642234536613221,24.015315881087147,moderate_uncertainty_long_gap,False,"Retrospective reconstruction (engineered hybrid pipeline, primary method assignment). Method=gap_edge_residual_model. "
2024-04-24,,False,,False,7.629004231922742,7.629004231922742,True,REAL_L031_20240325,43.0,gap_edge_residual_model,,,2.5188112432947167,23.106815060331673,moderate_uncertainty_long_gap,False,"Retrospective reconstruction (engineered hybrid pipeline, primary method assignment). Method=gap_edge_residual_model. "
2024-04-25,,False,,False,6.9092812801434675,6.9092812801434675,True,REAL_L031_20240325,43.0,gap_edge_residual_model,,,2.136840340800711,22.34054032799317,moderate_uncertainty_long_gap,False,"Retrospective reconstruction (engineered hybrid pipeline, primary method assignment). Method=gap_edge_residual_model. "
2024-04-26,,False,,False,5.832030615125361,5.832030615125361,True,REAL_L031_20240325,43.0,gap_edge_residual_model,,,1.5890524841347808,21.404315738683053,moderate_uncertainty_long_gap,False,"Retrospective reconstruction (engineered hybrid pipeline, primary method assignment). Method=gap_edge_residual_model. "
2024-04-27,,False,,False,5.4980794155443755,5.4980794155443755,True,REAL_L031_20240325,43.0,gap_edge_residual_model,,,1.2867843599233173,23.491797228118457,moderate_uncertainty_long_gap,False,"Retrospective reconstruction (engineered hybrid pipeline, primary method assignment). Method=gap_edge_residual_model. "
2024-04-28,,False,,False,4.597633405258771,4.597633405258771,True,REAL_L031_20240325,43.0,gap_edge_residual_model,,,0.9390833181674688,22.509432890790347,moderate_uncertainty_long_gap,False,"Retrospective reconstruction (engineered hybrid pipeline, primary method assignment). Method=gap_edge_residual_model. "
2024-04-29,,False,,False,5.8203411705348405,5.8203411705348405,True,REAL_L031_20240325,43.0,gap_edge_residual_model,,,1.3124447493237583,25.81165520215445,moderate_uncertainty_long_gap,False,"Retrospective reconstruction (engineered hybrid pipeline, primary method assignment). Method=gap_edge_residual_model. "
2024-04-30,,False,,False,6.367393877772582,6.367393877772582,True,REAL_L031_20240325,43.0,gap_edge_residual_model,,,1.22209883670415,33.175471227873125,moderate_uncertainty_long_gap,False,"Retrospective reconstruction (engineered hybrid pipeline, primary method assignment). Method=gap_edge_residual_model. "
2024-05-01,,False,,False,5.85216476608139,5.85216476608139,True,REAL_L031_20240325,43.0,gap_edge_residual_model,,,1.0805838796058238,31.69382136429557,moderate_uncertainty_long_gap,False,"Retrospective reconstruction (engineered hybrid pipeline, primary method assignment). Method=gap_edge_residual_model. "
2024-05-02,,False,,False,4.543426763768035,4.543426763768035,True,REAL_L031_20240325,43.0,gap_edge_residual_model,,,0.7366601251666545,28.022049860583504,moderate_uncertainty_long_gap,False,"Retrospective reconstruction (engineered hybrid pipeline, primary method assignment). Method=gap_edge_residual_model. "
2024-05-03,,False,,False,5.079706446493122,5.079706446493122,True,REAL_L031_20240325,43.0,gap_edge_residual_model,,,0.8813284827691262,29.27786641079576,moderate_uncertainty_long_gap,False,"Retrospective reconstruction (engineered hybrid pipeline, primary method assignment). Method=gap_edge_residual_model. "
2024-05-04,,False,,False,6.259604986001447,6.259604986001447,True,REAL_L031_20240325,43.0,gap_edge_residual_model,,,1.1710299906539174,33.459992394297345,moderate_uncertainty_long_gap,False,"Retrospective reconstruction (engineered hybrid pipeline, primary method assignment). Method=gap_edge_residual_model. "
2024-05-05,,False,,False,8.155746172152705,8.155746172152705,True,REAL_L031_20240325,43.0,gap_edge_residual_model,,,1.960719507464721,33.924381009801486,moderate_uncertainty_long_gap,False,"Retrospective reconstruction (engineered hybrid pipeline, primary method assignment). Method=gap_edge_residual_model. "
2024-05-06,,False,,False,9.01687338120572,9.01687338120572,True,REAL_L031_20240325,43.0,gap_edge_residual_model,,,2.2749465770712285,35.73886366921513,moderate_uncertainty_long_gap,False,"Retrospective reconstruction (engineered hybrid pipeline, primary method assignment). Method=gap_edge_residual_model. "
2024-05-07,10.838583333333334,True,10.838583333333334,True,,10.838583333333334,False,,,,,,,,,False,
2024-05-08,9.555291666666667,True,9.555291666666667,True,,9.555291666666667,False,,,,,,,,,False,
2024-05-09,8.601708333333333,True,8.601708333333333,True,,8.601708333333333,False,,,,,,,,,False,
2024-05-10,11.195416666666668,True,11.195416666666668,True,,11.195416666666668,False,,,,,,,,,False,
2024-05-11,9.071625,True,9.071625,True,,9.071625,False,,,,,,,,,False,
2024-05-12,4.577125,True,4.577125,True,,4.577125,False,,,,,,,,,False,
2024-05-13,3.8350833333333334,True,3.8350833333333334,True,,3.8350833333333334,False,,,,,,,,,False,
2024-05-14,4.506291666666666,True,4.506291666666666,True,,4.506291666666666,False,,,,,,,,,False,
2024-05-15,5.005791666666666,True,5.005791666666666,True,,5.005791666666666,False,,,,,,,,,False,
2024-05-16,7.147000000000001,True,7.147000000000001,True,,7.147000000000001,False,,,,,,,,,False,
2024-05-17,8.376666666666667,True,8.376666666666667,True,,8.376666666666667,False,,,,,,,,,False,
2024-05-18,8.0895,True,8.0895,True,,8.0895,False,,,,,,,,,False,
2024-05-19,8.31625,True,8.31625,True,,8.31625,False,,,,,,,,,False,
2024-05-20,10.69925,True,10.69925,True,,10.69925,False,,,,,,,,,False,
2024-05-21,9.762125,True,9.762125,True,,9.762125,False,,,,,,,,,False,
2024-05-22,13.047583333333334,True,13.047583333333334,True,,13.047583333333334,False,,,,,,,,,False,
2024-05-23,11.250583333333331,True,11.250583333333331,True,,11.250583333333331,False,,,,,,,,,False,
2024-05-24,6.766291666666667,True,6.766291666666667,True,,6.766291666666667,False,,,,,,,,,False,
2024-05-25,10.231958333333331,True,10.231958333333331,True,,10.231958333333331,False,,,,,,,,,False,
2024-05-26,7.030374999999999,True,7.030374999999999,True,,7.030374999999999,False,,,,,,,,,False,
2024-05-27,2.73775,True,2.73775,True,,2.73775,False,,,,,,,,,False,
2024-05-28,3.015333333333333,True,3.015333333333333,True,,3.015333333333333,False,,,,,,,,,False,
2024-05-29,2.3502499999999995,True,2.3502499999999995,True,,2.3502499999999995,False,,,,,,,,,False,
2024-05-30,1.988375,True,1.988375,True,,1.988375,False,,,,,,,,,False,
2024-05-31,2.048875,True,2.048875,True,,2.048875,False,,,,,,,,,False,
2024-06-01,1.817875,True,1.817875,True,,1.817875,False,,,,,,,,,False,
2024-06-02,2.0076666666666667,True,2.0076666666666667,True,,2.0076666666666667,False,,,,,,,,,False,
2024-06-03,1.8641666666666663,True,1.8641666666666663,True,,1.8641666666666663,False,,,,,,,,,False,
2024-06-04,1.43575,True,1.43575,True,,1.43575,False,,,,,,,,,False,
2024-06-05,1.1779583333333334,True,1.1779583333333334,True,,1.1779583333333334,False,,,,,,,,,False,
2024-06-06,1.003375,True,1.003375,True,,1.003375,False,,,,,,,,,False,
2024-06-07,1.046875,True,1.046875,True,,1.046875,False,,,,,,,,,False,
2024-06-08,1.3770416666666667,True,1.3770416666666667,True,,1.3770416666666667,False,,,,,,,,,False,
2024-06-09,1.755375,True,1.755375,True,,1.755375,False,,,,,,,,,False,
2024-06-10,1.4254166666666668,True,1.4254166666666668,True,,1.4254166666666668,False,,,,,,,,,False,
2024-06-11,1.378375,True,1.378375,True,,1.378375,False,,,,,,,,,False,
2024-06-12,1.5675,True,1.5675,True,,1.5675,False,,,,,,,,,False,
2024-06-13,1.499,True,1.499,True,,1.499,False,,,,,,,,,False,
2024-06-14,1.1272916666666666,True,1.1272916666666666,True,,1.1272916666666666,False,,,,,,,,,False,
2024-06-15,1.2825833333333334,True,1.2825833333333334,True,,1.2825833333333334,False,,,,,,,,,False,
2024-06-16,1.05075,True,1.05075,True,,1.05075,False,,,,,,,,,False,
2024-06-17,1.0920416666666666,True,1.0920416666666666,True,,1.0920416666666666,False,,,,,,,,,False,
2024-06-18,1.094625,True,1.094625,True,,1.094625,False,,,,,,,,,False,
2024-06-19,1.0315416666666668,True,1.0315416666666668,True,,1.0315416666666668,False,,,,,,,,,False,
2024-06-20,1.1049166666666668,True,1.1049166666666668,True,,1.1049166666666668,False,,,,,,,,,False,
2024-06-21,0.904625,True,0.904625,True,,0.904625,False,,,,,,,,,False,
2024-06-22,1.3395416666666666,True,1.3395416666666666,True,,1.3395416666666666,False,,,,,,,,,False,
2024-06-23,1.038125,True,1.038125,True,,1.038125,False,,,,,,,,,False,
2024-06-24,0.94625,True,0.94625,True,,0.94625,False,,,,,,,,,False,
2024-06-25,0.7523333333333334,True,0.7523333333333334,True,,0.7523333333333334,False,,,,,,,,,False,
2024-06-26,0.7375416666666667,True,0.7375416666666667,True,,0.7375416666666667,False,,,,,,,,,False,
2024-06-27,1.18725,True,1.18725,True,,1.18725,False,,,,,,,,,False,
2024-06-28,1.4546666666666668,True,1.4546666666666668,True,,1.4546666666666668,False,,,,,,,,,False,
2024-06-29,1.7725416666666665,True,1.7725416666666665,True,,1.7725416666666665,False,,,,,,,,,False,
2024-06-30,1.777375,True,1.777375,True,,1.777375,False,,,,,,,,,False,
2024-07-01,4.161125,True,4.161125,True,,4.161125,False,,,,,,,,,False,
2024-07-02,4.239416666666666,True,4.239416666666666,True,,4.239416666666666,False,,,,,,,,,False,
2024-07-03,1.6436666666666666,True,1.6436666666666666,True,,1.6436666666666666,False,,,,,,,,,False,
2024-07-04,1.4894166666666664,True,1.4894166666666664,True,,1.4894166666666664,False,,,,,,,,,False,
2024-07-05,2.237083333333333,True,2.237083333333333,True,,2.237083333333333,False,,,,,,,,,False,
2024-07-06,2.9367916666666667,True,2.9367916666666667,True,,2.9367916666666667,False,,,,,,,,,False,
2024-07-07,2.6437500000000003,True,2.6437500000000003,True,,2.6437500000000003,False,,,,,,,,,False,
2024-07-08,1.0487499999999998,True,1.0487499999999998,True,,1.0487499999999998,False,,,,,,,,,False,
2024-07-09,4.556375,True,4.556375,True,,4.556375,False,,,,,,,,,False,
2024-07-10,3.3039166666666664,True,3.3039166666666664,True,,3.3039166666666664,False,,,,,,,,,False,
2024-07-11,3.6514166666666674,True,3.6514166666666674,True,,3.6514166666666674,False,,,,,,,,,False,
2024-07-12,2.8033333333333332,True,2.8033333333333332,True,,2.8033333333333332,False,,,,,,,,,False,
2024-07-13,1.6458333333333333,True,1.6458333333333333,True,,1.6458333333333333,False,,,,,,,,,False,
2024-07-14,2.0770416666666667,True,2.0770416666666667,True,,2.0770416666666667,False,,,,,,,,,False,
2024-07-15,4.043125,True,4.043125,True,,4.043125,False,,,,,,,,,False,
2024-07-16,2.733083333333333,True,2.733083333333333,True,,2.733083333333333,False,,,,,,,,,False,
2024-07-17,1.4027083333333332,True,1.4027083333333332,True,,1.4027083333333332,False,,,,,,,,,False,
2024-07-18,1.807375,True,1.807375,True,,1.807375,False,,,,,,,,,False,
2024-07-19,2.0688333333333335,True,2.0688333333333335,True,,2.0688333333333335,False,,,,,,,,,False,
2024-07-20,1.5726666666666669,True,1.5726666666666669,True,,1.5726666666666669,False,,,,,,,,,False,
2024-07-21,1.389625,True,1.389625,True,,1.389625,False,,,,,,,,,False,
2024-07-22,1.537,True,1.537,True,,1.537,False,,,,,,,,,False,
2024-07-23,1.5400416666666663,True,1.5400416666666663,True,,1.5400416666666663,False,,,,,,,,,False,
2024-07-24,0.663625,True,0.663625,True,,0.663625,False,,,,,,,,,False,
2024-07-25,0.7694166666666667,True,0.7694166666666667,True,,0.7694166666666667,False,,,,,,,,,False,
2024-07-26,0.6763333333333333,True,0.6763333333333333,True,,0.6763333333333333,False,,,,,,,,,False,
2024-07-27,1.0957083333333333,True,1.0957083333333333,True,,1.0957083333333333,False,,,,,,,,,False,
2024-07-28,3.1629166666666664,True,3.1629166666666664,True,,3.1629166666666664,False,,,,,,,,,False,
2024-07-29,2.827458333333334,True,2.827458333333334,True,,2.827458333333334,False,,,,,,,,,False,
2024-07-30,1.0659166666666666,True,1.0659166666666666,True,,1.0659166666666666,False,,,,,,,,,False,
2024-07-31,1.258125,True,1.258125,True,,1.258125,False,,,,,,,,,False,
2024-08-01,1.533875,True,1.533875,True,,1.533875,False,,,,,,,,,False,
2024-08-02,1.1971666666666667,True,1.1971666666666667,True,,1.1971666666666667,False,,,,,,,,,False,
2024-08-03,0.7392083333333334,True,0.7392083333333334,True,,0.7392083333333334,False,,,,,,,,,False,
2024-08-04,0.7972916666666666,True,0.7972916666666666,True,,0.7972916666666666,False,,,,,,,,,False,
2024-08-05,0.8354583333333334,True,0.8354583333333334,True,,0.8354583333333334,False,,,,,,,,,False,
2024-08-06,0.8989583333333333,True,0.8989583333333333,True,,0.8989583333333333,False,,,,,,,,,False,
2024-08-07,0.9564583333333334,True,0.9564583333333334,True,,0.9564583333333334,False,,,,,,,,,False,
2024-08-08,0.970125,True,0.970125,True,,0.970125,False,,,,,,,,,False,
2024-08-09,1.248375,True,1.248375,True,,1.248375,False,,,,,,,,,False,
2024-08-10,1.4306666666666663,True,1.4306666666666663,True,,1.4306666666666663,False,,,,,,,,,False,
2024-08-11,1.8674166666666665,True,1.8674166666666665,True,,1.8674166666666665,False,,,,,,,,,False,
2024-08-12,1.5914444444444442,False,1.5914444444444442,False,2.066477083366265,2.066477083366265,True,REAL_L010_20240812,12.0,state_space_kalman,,,0.8653910540142552,4.934563994242078,standard_uncertainty,False,"Retrospective reconstruction (engineered hybrid pipeline, primary method assignment). Method=state_space_kalman. "
2024-08-13,,False,,False,2.2867566795901353,2.2867566795901353,True,REAL_L010_20240812,12.0,state_space_kalman,,,0.7036892307520551,7.431200994878703,standard_uncertainty,False,"Retrospective reconstruction (engineered hybrid pipeline, primary method assignment). Method=state_space_kalman. "
2024-08-14,,False,,False,2.530517349426256,2.530517349426256,True,REAL_L010_20240812,12.0,state_space_kalman,,,0.6390135646508154,10.020942292901784,standard_uncertainty,False,"Retrospective reconstruction (engineered hybrid pipeline, primary method assignment). Method=state_space_kalman. "
2024-08-15,,False,,False,2.8002620973627215,2.8002620973627215,True,REAL_L010_20240812,12.0,state_space_kalman,,,0.6200860586250687,12.645773445242968,standard_uncertainty,False,"Retrospective reconstruction (engineered hybrid pipeline, primary method assignment). Method=state_space_kalman. "
2024-08-16,,False,,False,3.098760739855888,3.098760739855888,True,REAL_L010_20240812,12.0,state_space_kalman,,,0.6324473955686071,15.182793367722178,standard_uncertainty,False,"Retrospective reconstruction (engineered hybrid pipeline, primary method assignment). Method=state_space_kalman. "
2024-08-17,,False,,False,3.4290783466003583,3.4290783466003583,True,REAL_L010_20240812,12.0,state_space_kalman,,,0.6729303678652443,17.473692477908987,standard_uncertainty,False,"Retrospective reconstruction (engineered hybrid pipeline, primary method assignment). Method=state_space_kalman. "
2024-08-18,,False,,False,3.79460671354391,3.79460671354391,True,REAL_L010_20240812,12.0,state_space_kalman,,,0.7446625108990622,19.336330082050125,standard_uncertainty,False,"Retrospective reconstruction (engineered hybrid pipeline, primary method assignment). Method=state_space_kalman. "
2024-08-19,,False,,False,4.1990991908213315,4.1990991908213315,True,REAL_L010_20240812,12.0,state_space_kalman,,,0.8570230391820125,20.574049014114813,standard_uncertainty,False,"Retrospective reconstruction (engineered hybrid pipeline, primary method assignment). Method=state_space_kalman. "
2024-08-20,,False,,False,4.646709223230367,4.646709223230367,True,REAL_L010_20240812,12.0,state_space_kalman,,,1.0289606856884317,20.984190072148365,standard_uncertainty,False,"Retrospective reconstruction (engineered hybrid pipeline, primary method assignment). Method=state_space_kalman. "
2024-08-21,,False,,False,5.142032998994448,5.142032998994448,True,REAL_L010_20240812,12.0,state_space_kalman,,,1.298481054470762,20.36264085002343,standard_uncertainty,False,"Retrospective reconstruction (engineered hybrid pipeline, primary method assignment). Method=state_space_kalman. "
2024-08-22,,False,,False,5.690156644741919,5.690156644741919,True,REAL_L010_20240812,12.0,state_space_kalman,,,1.750996067021352,18.491122425408506,standard_uncertainty,False,"Retrospective reconstruction (engineered hybrid pipeline, primary method assignment). Method=state_space_kalman. "
2024-08-23,,False,,False,6.296708451313377,6.296708451313377,True,REAL_L010_20240812,12.0,state_space_kalman,,,2.6369105214687454,15.03598131147707,standard_uncertainty,False,"Retrospective reconstruction (engineered hybrid pipeline, primary method assignment). Method=state_space_kalman. "
2024-08-24,6.9679166666666665,True,6.9679166666666665,True,,6.9679166666666665,False,,,,,,,,,False,
2024-08-25,8.049458333333334,True,8.049458333333334,True,,8.049458333333334,False,,,,,,,,,False,
2024-08-26,11.621625,True,11.621625,True,,11.621625,False,,,,,,,,,False,
2024-08-27,8.723041666666667,True,8.723041666666667,True,,8.723041666666667,False,,,,,,,,,False,
2024-08-28,5.827749999999999,True,5.827749999999999,True,,5.827749999999999,False,,,,,,,,,False,
2024-08-29,4.516333333333333,True,4.516333333333333,True,,4.516333333333333,False,,,,,,,,,False,
2024-08-30,7.990666666666667,True,7.990666666666667,True,,7.990666666666667,False,,,,,,,,,False,
2024-08-31,9.184166666666668,True,9.184166666666668,True,,9.184166666666668,False,,,,,,,,,False,
2024-09-01,4.737333333333333,True,4.737333333333333,True,,4.737333333333333,False,,,,,,,,,False,
2024-09-02,2.6594166666666665,True,2.6594166666666665,True,,2.6594166666666665,False,,,,,,,,,False,
2024-09-03,2.6520833333333336,True,2.6520833333333336,True,,2.6520833333333336,False,,,,,,,,,False,
2024-09-04,3.021625,True,3.021625,True,,3.021625,False,,,,,,,,,False,
2024-09-05,3.1871666666666667,True,3.1871666666666667,True,,3.1871666666666667,False,,,,,,,,,False,
2024-09-06,2.45625,True,2.45625,True,,2.45625,False,,,,,,,,,False,
2024-09-07,3.517458333333334,True,3.517458333333334,True,,3.517458333333334,False,,,,,,,,,False,
2024-09-08,4.3957500000000005,True,4.3957500000000005,True,,4.3957500000000005,False,,,,,,,,,False,
2024-09-09,7.964125,True,7.964125,True,,7.964125,False,,,,,,,,,False,
2024-09-10,8.442166666666667,True,8.442166666666667,True,,8.442166666666667,False,,,,,,,,,False,
2024-09-11,6.654583333333334,True,6.654583333333334,True,,6.654583333333334,False,,,,,,,,,False,
2024-09-12,9.522625,True,9.522625,True,,9.522625,False,,,,,,,,,False,
2024-09-13,4.206375,True,4.206375,True,,4.206375,False,,,,,,,,,False,
2024-09-14,5.200625,True,5.200625,True,,5.200625,False,,,,,,,,,False,
2024-09-15,5.692,True,5.692,True,,5.692,False,,,,,,,,,False,
2024-09-16,14.7475,True,14.7475,True,,14.7475,False,,,,,,,,,False,
2024-09-17,17.647541666666665,True,17.647541666666665,True,,17.647541666666665,False,,,,,,,,,False,
2024-09-18,16.700208333333332,True,16.700208333333332,True,,16.700208333333332,False,,,,,,,,,False,
2024-09-19,14.601666666666668,True,14.601666666666668,True,,14.601666666666668,False,,,,,,,,,False,
2024-09-20,7.546958333333333,True,7.546958333333333,True,,7.546958333333333,False,,,,,,,,,False,
2024-09-21,7.335999999999999,True,7.335999999999999,True,,7.335999999999999,False,,,,,,,,,False,
2024-09-22,9.986375,True,9.986375,True,,9.986375,False,,,,,,,,,False,
2024-09-23,11.857041666666667,True,11.857041666666667,True,,11.857041666666667,False,,,,,,,,,False,
2024-09-24,8.045291666666666,True,8.045291666666666,True,,8.045291666666666,False,,,,,,,,,False,
2024-09-25,5.0035,True,5.0035,True,,5.0035,False,,,,,,,,,False,
2024-09-26,5.291541666666666,True,5.291541666666666,True,,5.291541666666666,False,,,,,,,,,False,
2024-09-27,8.770249999999999,True,8.770249999999999,True,,8.770249999999999,False,,,,,,,,,False,
2024-09-28,11.867,True,11.867,True,,11.867,False,,,,,,,,,False,
2024-09-29,12.466125,True,12.466125,True,,12.466125,False,,,,,,,,,False,
2024-09-30,11.228500000000002,True,11.228500000000002,True,,11.228500000000002,False,,,,,,,,,False,
2024-10-01,8.807708333333332,True,8.807708333333332,True,,8.807708333333332,False,,,,,,,,,False,
2024-10-02,5.056666666666667,True,5.056666666666667,True,,5.056666666666667,False,,,,,,,,,False,
2024-10-03,6.059458333333333,True,6.059458333333333,True,,6.059458333333333,False,,,,,,,,,False,
2024-10-04,11.428291666666668,True,11.428291666666668,True,,11.428291666666668,False,,,,,,,,,False,
2024-10-05,12.998291666666669,True,12.998291666666669,True,,12.998291666666669,False,,,,,,,,,False,
2024-10-06,15.557791666666663,True,15.557791666666663,True,,15.557791666666663,False,,,,,,,,,False,
2024-10-07,17.619375,True,17.619375,True,,17.619375,False,,,,,,,,,False,
2024-10-08,16.112750000000002,True,16.112750000000002,True,,16.112750000000002,False,,,,,,,,,False,
2024-10-09,11.329291666666668,True,11.329291666666668,True,,11.329291666666668,False,,,,,,,,,False,
2024-10-10,7.799541666666667,True,7.799541666666667,True,,7.799541666666667,False,,,,,,,,,False,
2024-10-11,5.379708333333333,True,5.379708333333333,True,,5.379708333333333,False,,,,,,,,,False,
2024-10-12,5.177708333333333,True,5.177708333333333,True,,5.177708333333333,False,,,,,,,,,False,
2024-10-13,5.745916666666666,True,5.745916666666666,True,,5.745916666666666,False,,,,,,,,,False,
2024-10-14,3.590583333333333,True,3.590583333333333,True,,3.590583333333333,False,,,,,,,,,False,
2024-10-15,1.333875,True,1.333875,True,,1.333875,False,,,,,,,,,False,
2024-10-16,1.12325,True,1.12325,True,,1.12325,False,,,,,,,,,False,
2024-10-17,1.7383750000000002,True,1.7383750000000002,True,,1.7383750000000002,False,,,,,,,,,False,
2024-10-18,1.607333333333333,True,1.607333333333333,True,,1.607333333333333,False,,,,,,,,,False,
2024-10-19,1.8691249999999997,True,1.8691249999999997,True,,1.8691249999999997,False,,,,,,,,,False,
2024-10-20,2.7275416666666668,True,2.7275416666666668,True,,2.7275416666666668,False,,,,,,,,,False,
2024-10-21,3.613125,True,3.613125,True,,3.613125,False,,,,,,,,,False,
2024-10-22,6.491208333333333,True,6.491208333333333,True,,6.491208333333333,False,,,,,,,,,False,
2024-10-23,11.975083333333332,True,11.975083333333332,True,,11.975083333333332,False,,,,,,,,,False,
2024-10-24,13.547791666666669,True,13.547791666666669,True,,13.547791666666669,False,,,,,,,,,False,
2024-10-25,13.343583333333331,True,13.343583333333331,True,,13.343583333333331,False,,,,,,,,,False,
2024-10-26,20.173708333333337,True,20.173708333333337,True,,20.173708333333337,False,,,,,,,,,False,
2024-10-27,19.02595833333333,True,19.02595833333333,True,,19.02595833333333,False,,,,,,,,,False,
2024-10-28,16.626416666666668,True,16.626416666666668,True,,16.626416666666668,False,,,,,,,,,False,
2024-10-29,19.535416666666663,True,19.535416666666663,True,,19.535416666666663,False,,,,,,,,,False,
2024-10-30,22.528041666666667,True,22.528041666666667,True,,22.528041666666667,False,,,,,,,,,False,
2024-10-31,22.065916666666663,True,22.065916666666663,True,,22.065916666666663,False,,,,,,,,,False,
2024-11-01,24.94033333333333,True,24.94033333333333,True,,24.94033333333333,False,,,,,,,,,False,
2024-11-02,10.988291666666669,True,10.988291666666669,True,,10.988291666666669,False,,,,,,,,,False,
2024-11-03,8.874291666666666,True,8.874291666666666,True,,8.874291666666666,False,,,,,,,,,False,
2024-11-04,8.174625,True,8.174625,True,,8.174625,False,,,,,,,,,False,
2024-11-05,7.53125,True,7.53125,True,,7.53125,False,,,,,,,,,False,
2024-11-06,8.226583333333334,True,8.226583333333334,True,,8.226583333333334,False,,,,,,,,,False,
2024-11-07,7.262625,True,7.262625,True,,7.262625,False,,,,,,,,,False,
2024-11-08,5.066800000000001,True,5.066800000000001,True,,5.066800000000001,False,,,,,,,,,False,
2024-11-09,5.159625,True,5.159625,True,,5.159625,False,,,,,,,,,False,
2024-11-10,3.112291666666667,True,3.112291666666667,True,,3.112291666666667,False,,,,,,,,,False,
2024-11-11,2.3865416666666666,True,2.3865416666666666,True,,2.3865416666666666,False,,,,,,,,,False,
2024-11-12,5.853583333333333,True,5.853583333333333,True,,5.853583333333333,False,,,,,,,,,False,
2024-11-13,12.435791666666669,True,12.435791666666669,True,,12.435791666666669,False,,,,,,,,,False,
2024-11-14,9.78125,True,9.78125,True,,9.78125,False,,,,,,,,,False,
2024-11-15,6.488583333333334,True,6.488583333333334,True,,6.488583333333334,False,,,,,,,,,False,
2024-11-16,5.569291666666667,True,5.569291666666667,True,,5.569291666666667,False,,,,,,,,,False,
2024-11-17,2.3149583333333332,True,2.3149583333333332,True,,2.3149583333333332,False,,,,,,,,,False,
2024-11-18,3.0512499999999996,True,3.0512499999999996,True,,3.0512499999999996,False,,,,,,,,,False,
2024-11-19,5.304583333333333,True,5.304583333333333,True,,5.304583333333333,False,,,,,,,,,False,
2024-11-20,3.8587916666666664,True,3.8587916666666664,True,,3.8587916666666664,False,,,,,,,,,False,
2024-11-21,2.296625,True,2.296625,True,,2.296625,False,,,,,,,,,False,
2024-11-22,3.483458333333333,True,3.483458333333333,True,,3.483458333333333,False,,,,,,,,,False,
2024-11-23,3.297875,True,3.297875,True,,3.297875,False,,,,,,,,,False,
2024-11-24,3.655958333333333,True,3.655958333333333,True,,3.655958333333333,False,,,,,,,,,False,
2024-11-25,4.096166666666667,True,4.096166666666667,True,,4.096166666666667,False,,,,,,,,,False,
2024-11-26,4.918875,True,4.918875,True,,4.918875,False,,,,,,,,,False,
2024-11-27,2.4082083333333335,True,2.4082083333333335,True,,2.4082083333333335,False,,,,,,,,,False,
2024-11-28,2.2515,True,2.2515,True,,2.2515,False,,,,,,,,,False,
2024-11-29,1.3891666666666669,True,1.3891666666666669,True,,1.3891666666666669,False,,,,,,,,,False,
2024-11-30,15.627500000000005,True,15.627500000000005,True,,15.627500000000005,False,,,,,,,,,False,
2024-12-01,7.618416666666666,True,7.618416666666666,True,,7.618416666666666,False,,,,,,,,,False,
2024-12-02,1.8264166666666668,True,1.8264166666666668,True,,1.8264166666666668,False,,,,,,,,,False,
2024-12-03,2.1129166666666666,True,2.1129166666666666,True,,2.1129166666666666,False,,,,,,,,,False,
2024-12-04,2.5530000000000004,True,2.5530000000000004,True,,2.5530000000000004,False,,,,,,,,,False,
2024-12-05,4.194625,True,4.194625,True,,4.194625,False,,,,,,,,,False,
2024-12-06,4.023666666666666,True,4.023666666666666,True,,4.023666666666666,False,,,,,,,,,False,
2024-12-07,4.333333333333333,True,4.333333333333333,True,,4.333333333333333,False,,,,,,,,,False,
2024-12-08,9.908458333333334,True,9.908458333333334,True,,9.908458333333334,False,,,,,,,,,False,
2024-12-09,4.976083333333333,True,4.976083333333333,True,,4.976083333333333,False,,,,,,,,,False,
2024-12-10,7.837583333333335,True,7.837583333333335,True,,7.837583333333335,False,,,,,,,,,False,
2024-12-11,5.184833333333333,True,5.184833333333333,True,,5.184833333333333,False,,,,,,,,,False,
2024-12-12,7.988499999999999,True,7.988499999999999,True,,7.988499999999999,False,,,,,,,,,False,
2024-12-13,4.6941250000000005,True,4.6941250000000005,True,,4.6941250000000005,False,,,,,,,,,False,
2024-12-14,5.580875,True,5.580875,True,,5.580875,False,,,,,,,,,False,
2024-12-15,6.918875,True,6.918875,True,,6.918875,False,,,,,,,,,False,
2024-12-16,4.991166666666667,True,4.991166666666667,True,,4.991166666666667,False,,,,,,,,,False,
2024-12-17,4.372625,True,4.372625,True,,4.372625,False,,,,,,,,,False,
2024-12-18,2.623083333333333,True,2.623083333333333,True,,2.623083333333333,False,,,,,,,,,False,
2024-12-19,1.127916666666667,True,1.127916666666667,True,,1.127916666666667,False,,,,,,,,,False,
2024-12-20,2.5336666666666665,True,2.5336666666666665,True,,2.5336666666666665,False,,,,,,,,,False,
2024-12-21,1.9943333333333335,True,1.9943333333333335,True,,1.9943333333333335,False,,,,,,,,,False,
2024-12-22,1.76325,True,1.76325,True,,1.76325,False,,,,,,,,,False,
2024-12-23,2.3409999999999997,True,2.3409999999999997,True,,2.3409999999999997,False,,,,,,,,,False,
2024-12-24,1.3728749999999998,True,1.3728749999999998,True,,1.3728749999999998,False,,,,,,,,,False,
2024-12-25,1.229,True,1.229,True,,1.229,False,,,,,,,,,False,
2024-12-26,1.1685833333333335,True,1.1685833333333335,True,,1.1685833333333335,False,,,,,,,,,False,
2024-12-27,5.1668095238095235,True,5.1668095238095235,True,,5.1668095238095235,False,,,,,,,,,False,
2024-12-28,11.49375,True,11.49375,True,,11.49375,False,,,,,,,,,False,
2024-12-29,7.347291666666667,True,7.347291666666667,True,,7.347291666666667,False,,,,,,,,,False,
2024-12-30,3.420208333333333,True,3.420208333333333,True,,3.420208333333333,False,,,,,,,,,False,
2024-12-31,3.880416666666666,True,3.880416666666666,True,,3.880416666666666,False,,,,,,,,,False,
2025-01-01,5.624916666666667,True,5.624916666666667,True,,5.624916666666667,False,,,,,,,,,False,
2025-01-02,4.2330000000000005,True,4.2330000000000005,True,,4.2330000000000005,False,,,,,,,,,False,
2025-01-03,2.68425,True,2.68425,True,,2.68425,False,,,,,,,,,False,
2025-01-04,2.1180416666666666,True,2.1180416666666666,True,,2.1180416666666666,False,,,,,,,,,False,
2025-01-05,2.3817916666666665,True,2.3817916666666665,True,,2.3817916666666665,False,,,,,,,,,False,
2025-01-06,1.028375,True,1.028375,True,,1.028375,False,,,,,,,,,False,
2025-01-07,0.9185,True,0.9185,True,,0.9185,False,,,,,,,,,False,
2025-01-08,1.5423333333333331,True,1.5423333333333331,True,,1.5423333333333331,False,,,,,,,,,False,
2025-01-09,0.6649999999999999,True,0.6649999999999999,True,,0.6649999999999999,False,,,,,,,,,False,
2025-01-10,1.5762083333333334,True,1.5762083333333334,True,,1.5762083333333334,False,,,,,,,,,False,
2025-01-11,4.126083333333333,True,4.126083333333333,True,,4.126083333333333,False,,,,,,,,,False,
2025-01-12,6.4405833333333335,True,6.4405833333333335,True,,6.4405833333333335,False,,,,,,,,,False,
2025-01-13,6.636375,True,6.636375,True,,6.636375,False,,,,,,,,,False,
2025-01-14,6.902916666666667,True,6.902916666666667,True,,6.902916666666667,False,,,,,,,,,False,
2025-01-15,5.16475,True,5.16475,True,,5.16475,False,,,,,,,,,False,
2025-01-16,5.457958333333333,True,5.457958333333333,True,,5.457958333333333,False,,,,,,,,,False,
2025-01-17,5.604083333333333,True,5.604083333333333,True,,5.604083333333333,False,,,,,,,,,False,
2025-01-18,3.1012083333333336,True,3.1012083333333336,True,,3.1012083333333336,False,,,,,,,,,False,
2025-01-19,1.616291666666667,True,1.616291666666667,True,,1.616291666666667,False,,,,,,,,,False,
2025-01-20,1.257625,True,1.257625,True,,1.257625,False,,,,,,,,,False,
2025-01-21,2.0215416666666663,True,2.0215416666666663,True,,2.0215416666666663,False,,,,,,,,,False,
2025-01-22,2.2415,True,2.2415,True,,2.2415,False,,,,,,,,,False,
2025-01-23,2.4868333333333332,True,2.4868333333333332,True,,2.4868333333333332,False,,,,,,,,,False,
2025-01-24,5.426875,True,5.426875,True,,5.426875,False,,,,,,,,,False,
2025-01-25,4.453375,True,4.453375,True,,4.453375,False,,,,,,,,,False,
2025-01-26,4.309208333333333,True,4.309208333333333,True,,4.309208333333333,False,,,,,,,,,False,
2025-01-27,4.0504999999999995,True,4.0504999999999995,True,,4.0504999999999995,False,,,,,,,,,False,
2025-01-28,3.894083333333333,True,3.894083333333333,True,,3.894083333333333,False,,,,,,,,,False,
2025-01-29,2.31725,True,2.31725,True,,2.31725,False,,,,,,,,,False,
2025-01-30,2.3917499999999996,True,2.3917499999999996,True,,2.3917499999999996,False,,,,,,,,,False,
2025-01-31,2.7298333333333336,True,2.7298333333333336,True,,2.7298333333333336,False,,,,,,,,,False,
2025-02-01,2.736541666666666,True,2.736541666666666,True,,2.736541666666666,False,,,,,,,,,False,
2025-02-02,2.905041666666667,True,2.905041666666667,True,,2.905041666666667,False,,,,,,,,,False,
2025-02-03,3.0301666666666667,True,3.0301666666666667,True,,3.0301666666666667,False,,,,,,,,,False,
2025-02-04,3.271625,True,3.271625,True,,3.271625,False,,,,,,,,,False,
2025-02-05,3.029666666666666,True,3.029666666666666,True,,3.029666666666666,False,,,,,,,,,False,
2025-02-06,3.2155833333333335,True,3.2155833333333335,True,,3.2155833333333335,False,,,,,,,,,False,
2025-02-07,3.0969166666666665,True,3.0969166666666665,True,,3.0969166666666665,False,,,,,,,,,False,
2025-02-08,2.826875,True,2.826875,True,,2.826875,False,,,,,,,,,False,
2025-02-09,2.8331250000000003,True,2.8331250000000003,True,,2.8331250000000003,False,,,,,,,,,False,
2025-02-10,2.166125,True,2.166125,True,,2.166125,False,,,,,,,,,False,
2025-02-11,1.6058333333333332,True,1.6058333333333332,True,,1.6058333333333332,False,,,,,,,,,False,
2025-02-12,1.9465416666666664,True,1.9465416666666664,True,,1.9465416666666664,False,,,,,,,,,False,
2025-02-13,3.677291666666666,True,3.677291666666666,True,,3.677291666666666,False,,,,,,,,,False,
2025-02-14,4.162458333333333,True,4.162458333333333,True,,4.162458333333333,False,,,,,,,,,False,
2025-02-15,4.510458333333333,True,4.510458333333333,True,,4.510458333333333,False,,,,,,,,,False,
2025-02-16,3.591666666666667,True,3.591666666666667,True,,3.591666666666667,False,,,,,,,,,False,
2025-02-17,2.4037916666666668,True,2.4037916666666668,True,,2.4037916666666668,False,,,,,,,,,False,
2025-02-18,2.3430416666666667,True,2.3430416666666667,True,,2.3430416666666667,False,,,,,,,,,False,
2025-02-19,2.983416666666667,True,2.983416666666667,True,,2.983416666666667,False,,,,,,,,,False,
2025-02-20,2.313041666666667,True,2.313041666666667,True,,2.313041666666667,False,,,,,,,,,False,
2025-02-21,3.4938333333333333,True,3.4938333333333333,True,,3.4938333333333333,False,,,,,,,,,False,
2025-02-22,3.4872083333333337,True,3.4872083333333337,True,,3.4872083333333337,False,,,,,,,,,False,
2025-02-23,3.1507083333333337,True,3.1507083333333337,True,,3.1507083333333337,False,,,,,,,,,False,
2025-02-24,2.180684210526316,True,2.180684210526316,True,,2.180684210526316,False,,,,,,,,,False,
2025-02-25,2.144083333333333,True,2.144083333333333,True,,2.144083333333333,False,,,,,,,,,False,
2025-02-26,1.5531666666666668,True,1.5531666666666668,True,,1.5531666666666668,False,,,,,,,,,False,
2025-02-27,2.4447916666666667,True,2.4447916666666667,True,,2.4447916666666667,False,,,,,,,,,False,
2025-02-28,2.8007916666666666,True,2.8007916666666666,True,,2.8007916666666666,False,,,,,,,,,False,
2025-03-01,1.6371666666666669,True,1.6371666666666669,True,,1.6371666666666669,False,,,,,,,,,False,
2025-03-02,0.807875,True,0.807875,True,,0.807875,False,,,,,,,,,False,
2025-03-03,0.8677916666666666,True,0.8677916666666666,True,,0.8677916666666666,False,,,,,,,,,False,
2025-03-04,0.8015555555555555,False,0.8015555555555555,False,1.1846524981245496,1.1846524981245496,True,REAL_L031_20250304,32.0,gap_edge_residual_model,,,0.3420713761446033,4.102657045234555,moderate_uncertainty_long_gap,False,"Retrospective reconstruction (engineered hybrid pipeline, primary method assignment). Method=gap_edge_residual_model. "
2025-03-05,,False,,False,1.4513953918624234,1.4513953918624234,True,REAL_L031_20250304,32.0,gap_edge_residual_model,,,0.2844719057348923,7.405119947003244,moderate_uncertainty_long_gap,False,"Retrospective reconstruction (engineered hybrid pipeline, primary method assignment). Method=gap_edge_residual_model. "
2025-03-06,,False,,False,1.4648698382281715,1.4648698382281715,True,REAL_L031_20250304,32.0,gap_edge_residual_model,,,0.3538152439953472,6.064870520329669,moderate_uncertainty_long_gap,False,"Retrospective reconstruction (engineered hybrid pipeline, primary method assignment). Method=gap_edge_residual_model. "
2025-03-07,,False,,False,1.5860693278575215,1.5860693278575215,True,REAL_L031_20250304,32.0,gap_edge_residual_model,,,0.4034838985263715,6.234736805999191,moderate_uncertainty_long_gap,False,"Retrospective reconstruction (engineered hybrid pipeline, primary method assignment). Method=gap_edge_residual_model. "
2025-03-08,,False,,False,1.3230506144498206,1.3230506144498206,True,REAL_L031_20250304,32.0,gap_edge_residual_model,,,0.3843318649459388,4.554561013675703,moderate_uncertainty_long_gap,False,"Retrospective reconstruction (engineered hybrid pipeline, primary method assignment). Method=gap_edge_residual_model. "
2025-03-09,,False,,False,1.3470360653436635,1.3470360653436635,True,REAL_L031_20250304,32.0,gap_edge_residual_model,,,0.3552923135604779,5.10707969770833,moderate_uncertainty_long_gap,False,"Retrospective reconstruction (engineered hybrid pipeline, primary method assignment). Method=gap_edge_residual_model. "
2025-03-10,,False,,False,1.4950099990692105,1.4950099990692105,True,REAL_L031_20250304,32.0,gap_edge_residual_model,,,0.4112586761002987,5.434669290166731,moderate_uncertainty_long_gap,False,"Retrospective reconstruction (engineered hybrid pipeline, primary method assignment). Method=gap_edge_residual_model. "
2025-03-11,,False,,False,1.7958446122943192,1.7958446122943192,True,REAL_L031_20250304,32.0,gap_edge_residual_model,,,0.4867348090514538,6.625903493098243,moderate_uncertainty_long_gap,False,"Retrospective reconstruction (engineered hybrid pipeline, primary method assignment). Method=gap_edge_residual_model. "
2025-03-12,,False,,False,1.6168153578631563,1.6168153578631563,True,REAL_L031_20250304,32.0,gap_edge_residual_model,,,0.443431105868825,5.895147784683067,moderate_uncertainty_long_gap,False,"Retrospective reconstruction (engineered hybrid pipeline, primary method assignment). Method=gap_edge_residual_model. "
2025-03-13,,False,,False,1.5757534977026249,1.5757534977026249,True,REAL_L031_20250304,32.0,gap_edge_residual_model,,,0.461757641819259,5.377277733270196,moderate_uncertainty_long_gap,False,"Retrospective reconstruction (engineered hybrid pipeline, primary method assignment). Method=gap_edge_residual_model. "
2025-03-14,,False,,False,1.4557956425470908,1.4557956425470908,True,REAL_L031_20250304,32.0,gap_edge_residual_model,,,0.4107675699537844,5.159465127925129,moderate_uncertainty_long_gap,False,"Retrospective reconstruction (engineered hybrid pipeline, primary method assignment). Method=gap_edge_residual_model. "
2025-03-15,,False,,False,1.5272990259433648,1.5272990259433648,True,REAL_L031_20250304,32.0,gap_edge_residual_model,,,0.438486067150075,5.3197638178300135,moderate_uncertainty_long_gap,False,"Retrospective reconstruction (engineered hybrid pipeline, primary method assignment). Method=gap_edge_residual_model. "
2025-03-16,,False,,False,1.821657603788014,1.821657603788014,True,REAL_L031_20250304,32.0,gap_edge_residual_model,,,0.5565098297059313,5.962943057433871,moderate_uncertainty_long_gap,False,"Retrospective reconstruction (engineered hybrid pipeline, primary method assignment). Method=gap_edge_residual_model. "
2025-03-17,,False,,False,1.6077043158755502,1.6077043158755502,True,REAL_L031_20250304,32.0,gap_edge_residual_model,,,0.4544135509885888,5.68801956205258,moderate_uncertainty_long_gap,False,"Retrospective reconstruction (engineered hybrid pipeline, primary method assignment). Method=gap_edge_residual_model. "
2025-03-18,,False,,False,1.6924265415562303,1.6924265415562303,True,REAL_L031_20250304,32.0,gap_edge_residual_model,,,0.4611054301917596,6.211827948703194,moderate_uncertainty_long_gap,False,"Retrospective reconstruction (engineered hybrid pipeline, primary method assignment). Method=gap_edge_residual_model. "
2025-03-19,,False,,False,1.6803508587705154,1.6803508587705154,True,REAL_L031_20250304,32.0,gap_edge_residual_model,,,0.4449044857447494,6.346483569039022,moderate_uncertainty_long_gap,False,"Retrospective reconstruction (engineered hybrid pipeline, primary method assignment). Method=gap_edge_residual_model. "
2025-03-20,,False,,False,1.6166171421629827,1.6166171421629827,True,REAL_L031_20250304,32.0,gap_edge_residual_model,,,0.4524879953921676,5.7757355133148955,moderate_uncertainty_long_gap,False,"Retrospective reconstruction (engineered hybrid pipeline, primary method assignment). Method=gap_edge_residual_model. "
2025-03-21,,False,,False,1.596866135185823,1.596866135185823,True,REAL_L031_20250304,32.0,gap_edge_residual_model,,,0.4088392648509611,6.237124642695172,moderate_uncertainty_long_gap,False,"Retrospective reconstruction (engineered hybrid pipeline, primary method assignment). Method=gap_edge_residual_model. "
2025-03-22,,False,,False,1.3119367171605951,1.3119367171605951,True,REAL_L031_20250304,32.0,gap_edge_residual_model,,,0.3637127170415992,4.73224572358646,moderate_uncertainty_long_gap,False,"Retrospective reconstruction (engineered hybrid pipeline, primary method assignment). Method=gap_edge_residual_model. "
2025-03-23,,False,,False,1.3963002497165966,1.3963002497165966,True,REAL_L031_20250304,32.0,gap_edge_residual_model,,,0.3516803073211472,5.543825874726177,moderate_uncertainty_long_gap,False,"Retrospective reconstruction (engineered hybrid pipeline, primary method assignment). Method=gap_edge_residual_model. "
2025-03-24,,False,,False,1.7032867027634515,1.7032867027634515,True,REAL_L031_20250304,32.0,gap_edge_residual_model,,,0.420887339185168,6.893021770213961,moderate_uncertainty_long_gap,False,"Retrospective reconstruction (engineered hybrid pipeline, primary method assignment). Method=gap_edge_residual_model. "
2025-03-25,,False,,False,1.7682288397407528,1.7682288397407528,True,REAL_L031_20250304,32.0,gap_edge_residual_model,,,0.4197026867466263,7.449638347391546,moderate_uncertainty_long_gap,False,"Retrospective reconstruction (engineered hybrid pipeline, primary method assignment). Method=gap_edge_residual_model. "
2025-03-26,,False,,False,2.272919608678297,2.272919608678297,True,REAL_L031_20250304,32.0,gap_edge_residual_model,,,0.6199953383307487,8.332584502043964,moderate_uncertainty_long_gap,False,"Retrospective reconstruction (engineered hybrid pipeline, primary method assignment). Method=gap_edge_residual_model. "
2025-03-27,,False,,False,1.976193025825524,1.976193025825524,True,REAL_L031_20250304,32.0,gap_edge_residual_model,,,0.5127672308263206,7.61620212943018,moderate_uncertainty_long_gap,False,"Retrospective reconstruction (engineered hybrid pipeline, primary method assignment). Method=gap_edge_residual_model. "
2025-03-28,,False,,False,1.674897223052059,1.674897223052059,True,REAL_L031_20250304,32.0,gap_edge_residual_model,,,0.4644414725965488,6.040116727957219,moderate_uncertainty_long_gap,False,"Retrospective reconstruction (engineered hybrid pipeline, primary method assignment). Method=gap_edge_residual_model. "
2025-03-29,,False,,False,2.1117738923804,2.1117738923804,True,REAL_L031_20250304,32.0,gap_edge_residual_model,,,0.5751374251278291,7.753953712103305,moderate_uncertainty_long_gap,False,"Retrospective reconstruction (engineered hybrid pipeline, primary method assignment). Method=gap_edge_residual_model. "
2025-03-30,,False,,False,1.775866846650903,1.775866846650903,True,REAL_L031_20250304,32.0,gap_edge_residual_model,,,0.5817756661142277,5.420823249789574,moderate_uncertainty_long_gap,False,"Retrospective reconstruction (engineered hybrid pipeline, primary method assignment). Method=gap_edge_residual_model. "
2025-03-31,,False,,False,1.8915398336844655,1.8915398336844655,True,REAL_L031_20250304,32.0,gap_edge_residual_model,,,0.6367633579216494,5.618920903509811,moderate_uncertainty_long_gap,False,"Retrospective reconstruction (engineered hybrid pipeline, primary method assignment). Method=gap_edge_residual_model. "
2025-04-01,,False,,False,1.7278973681285832,1.7278973681285832,True,REAL_L031_20250304,32.0,gap_edge_residual_model,,,0.5241839940241958,5.695765892935432,moderate_uncertainty_long_gap,False,"Retrospective reconstruction (engineered hybrid pipeline, primary method assignment). Method=gap_edge_residual_model. "
2025-04-02,,False,,False,1.729917493346936,1.729917493346936,True,REAL_L031_20250304,32.0,gap_edge_residual_model,,,0.5553304206590312,5.388889969752243,moderate_uncertainty_long_gap,False,"Retrospective reconstruction (engineered hybrid pipeline, primary method assignment). Method=gap_edge_residual_model. "
2025-04-03,,False,,False,2.005910256085796,2.005910256085796,True,REAL_L031_20250304,32.0,gap_edge_residual_model,,,0.6235040422321987,6.453327778060708,moderate_uncertainty_long_gap,False,"Retrospective reconstruction (engineered hybrid pipeline, primary method assignment). Method=gap_edge_residual_model. "
2025-04-04,,False,,False,1.8261917629894269,1.8261917629894269,True,REAL_L031_20250304,32.0,gap_edge_residual_model,,,0.5183579026443442,6.433733021523211,moderate_uncertainty_long_gap,False,"Retrospective reconstruction (engineered hybrid pipeline, primary method assignment). Method=gap_edge_residual_model. "
2025-04-05,1.504875,True,1.504875,True,,1.504875,False,,,,,,,,,False,
2025-04-06,1.780333333333333,True,1.780333333333333,True,,1.780333333333333,False,,,,,,,,,False,
2025-04-07,1.270875,True,1.270875,True,,1.270875,False,,,,,,,,,False,
2025-04-08,1.5976666666666668,True,1.5976666666666668,True,,1.5976666666666668,False,,,,,,,,,False,
2025-04-09,2.8945833333333333,True,2.8945833333333333,True,,2.8945833333333333,False,,,,,,,,,False,
2025-04-10,3.979125,True,3.979125,True,,3.979125,False,,,,,,,,,False,
2025-04-11,1.996875,True,1.996875,True,,1.996875,False,,,,,,,,,False,
2025-04-12,1.852625,True,1.852625,True,,1.852625,False,,,,,,,,,False,
2025-04-13,4.7279583333333335,True,4.7279583333333335,True,,4.7279583333333335,False,,,,,,,,,False,
2025-04-14,5.224,True,5.224,True,,5.224,False,,,,,,,,,False,
2025-04-15,5.811916666666666,True,5.811916666666666,True,,5.811916666666666,False,,,,,,,,,False,
2025-04-16,3.574333333333333,True,3.574333333333333,True,,3.574333333333333,False,,,,,,,,,False,
2025-04-17,4.448708333333333,True,4.448708333333333,True,,4.448708333333333,False,,,,,,,,,False,
2025-04-18,4.422416666666667,True,4.422416666666667,True,,4.422416666666667,False,,,,,,,,,False,
2025-04-19,3.3373333333333335,True,3.3373333333333335,True,,3.3373333333333335,False,,,,,,,,,False,
2025-04-20,3.049666666666667,True,3.049666666666667,True,,3.049666666666667,False,,,,,,,,,False,
2025-04-21,3.622458333333333,True,3.622458333333333,True,,3.622458333333333,False,,,,,,,,,False,
2025-04-22,5.106625,True,5.106625,True,,5.106625,False,,,,,,,,,False,
2025-04-23,6.800416666666666,True,6.800416666666666,True,,6.800416666666666,False,,,,,,,,,False,
2025-04-24,7.527708333333333,True,7.527708333333333,True,,7.527708333333333,False,,,,,,,,,False,
2025-04-25,6.11375,True,6.11375,True,,6.11375,False,,,,,,,,,False,
2025-04-26,4.907333333333333,True,4.907333333333333,True,,4.907333333333333,False,,,,,,,,,False,
2025-04-27,5.041125,True,5.041125,True,,5.041125,False,,,,,,,,,False,
2025-04-28,9.0865,True,9.0865,True,,9.0865,False,,,,,,,,,False,
2025-04-29,6.020458333333334,True,6.020458333333334,True,,6.020458333333334,False,,,,,,,,,False,
2025-04-30,4.0975,True,4.0975,True,,4.0975,False,,,,,,,,,False,
2025-05-01,3.947000000000001,True,3.947000000000001,True,,3.947000000000001,False,,,,,,,,,False,
2025-05-02,3.9635416666666665,True,3.9635416666666665,True,,3.9635416666666665,False,,,,,,,,,False,
2025-05-03,3.3706666666666663,True,3.3706666666666663,True,,3.3706666666666663,False,,,,,,,,,False,
2025-05-04,2.825958333333334,True,2.825958333333334,True,,2.825958333333334,False,,,,,,,,,False,
2025-05-05,3.610875,True,3.610875,True,,3.610875,False,,,,,,,,,False,
2025-05-06,4.2085,True,4.2085,True,,4.2085,False,,,,,,,,,False,
2025-05-07,3.6369583333333337,True,3.6369583333333337,True,,3.6369583333333337,False,,,,,,,,,False,
2025-05-08,4.907,True,4.907,True,,4.907,False,,,,,,,,,False,
2025-05-09,3.166714285714286,True,3.166714285714286,True,,3.166714285714286,False,,,,,,,,,False,
2025-05-10,0.9394166666666668,True,0.9394166666666668,True,,0.9394166666666668,False,,,,,,,,,False,
2025-05-11,1.2906666666666666,True,1.2906666666666666,True,,1.2906666666666666,False,,,,,,,,,False,
2025-05-12,1.328375,True,1.328375,True,,1.328375,False,,,,,,,,,False,
2025-05-13,1.2669166666666667,True,1.2669166666666667,True,,1.2669166666666667,False,,,,,,,,,False,
2025-05-14,1.1607916666666669,True,1.1607916666666669,True,,1.1607916666666669,False,,,,,,,,,False,
2025-05-15,1.1329583333333333,True,1.1329583333333333,True,,1.1329583333333333,False,,,,,,,,,False,
2025-05-16,1.1276666666666666,True,1.1276666666666666,True,,1.1276666666666666,False,,,,,,,,,False,
2025-05-17,1.135375,True,1.135375,True,,1.135375,False,,,,,,,,,False,
2025-05-18,1.9065416666666664,True,1.9065416666666664,True,,1.9065416666666664,False,,,,,,,,,False,
2025-05-19,3.4083749999999995,True,3.4083749999999995,True,,3.4083749999999995,False,,,,,,,,,False,
2025-05-20,4.644458333333334,True,4.644458333333334,True,,4.644458333333334,False,,,,,,,,,False,
2025-05-21,5.857499999999999,True,5.857499999999999,True,,5.857499999999999,False,,,,,,,,,False,
2025-05-22,1.672125,True,1.672125,True,,1.672125,False,,,,,,,,,False,
2025-05-23,1.4480833333333336,True,1.4480833333333336,True,,1.4480833333333336,False,,,,,,,,,False,
2025-05-24,0.990625,True,0.990625,True,,0.990625,False,,,,,,,,,False,
2025-05-25,1.676875,True,1.676875,True,,1.676875,False,,,,,,,,,False,
2025-05-26,1.734791666666667,True,1.734791666666667,True,,1.734791666666667,False,,,,,,,,,False,
2025-05-27,1.602,True,1.602,True,,1.602,False,,,,,,,,,False,
2025-05-28,1.5616666666666668,True,1.5616666666666668,True,,1.5616666666666668,False,,,,,,,,,False,
2025-05-29,1.2615,True,1.2615,True,,1.2615,False,,,,,,,,,False,
2025-05-30,0.7722083333333334,True,0.7722083333333334,True,,0.7722083333333334,False,,,,,,,,,False,
2025-05-31,1.1402916666666667,True,1.1402916666666667,True,,1.1402916666666667,False,,,,,,,,,False,
2025-06-01,1.7822083333333332,True,1.7822083333333332,True,,1.7822083333333332,False,,,,,,,,,False,
2025-06-02,1.9290416666666663,True,1.9290416666666663,True,,1.9290416666666663,False,,,,,,,,,False,
2025-06-03,2.187125,True,2.187125,True,,2.187125,False,,,,,,,,,False,
2025-06-04,1.9458333333333335,True,1.9458333333333335,True,,1.9458333333333335,False,,,,,,,,,False,
2025-06-05,3.3862500000000004,True,3.3862500000000004,True,,3.3862500000000004,False,,,,,,,,,False,
2025-06-06,3.3037083333333332,True,3.3037083333333332,True,,3.3037083333333332,False,,,,,,,,,False,
2025-06-07,3.107375,True,3.107375,True,,3.107375,False,,,,,,,,,False,
2025-06-08,3.5224583333333332,True,3.5224583333333332,True,,3.5224583333333332,False,,,,,,,,,False,
2025-06-09,3.264375,True,3.264375,True,,3.264375,False,,,,,,,,,False,
2025-06-10,3.040875,True,3.040875,True,,3.040875,False,,,,,,,,,False,
2025-06-11,3.971458333333333,True,3.971458333333333,True,,3.971458333333333,False,,,,,,,,,False,
2025-06-12,1.60075,True,1.60075,True,,1.60075,False,,,,,,,,,False,
2025-06-13,1.514083333333333,True,1.514083333333333,True,,1.514083333333333,False,,,,,,,,,False,
2025-06-14,0.8789583333333333,True,0.8789583333333333,True,,0.8789583333333333,False,,,,,,,,,False,
2025-06-15,0.9291666666666668,True,0.9291666666666668,True,,0.9291666666666668,False,,,,,,,,,False,
2025-06-16,0.7383333333333333,True,0.7383333333333333,True,,0.7383333333333333,False,,,,,,,,,False,
2025-06-17,0.863,True,0.863,True,,0.863,False,,,,,,,,,False,
2025-06-18,0.7492083333333334,True,0.7492083333333334,True,,0.7492083333333334,False,,,,,,,,,False,
2025-06-19,0.6252916666666667,True,0.6252916666666667,True,,0.6252916666666667,False,,,,,,,,,False,
2025-06-20,0.5818333333333333,True,0.5818333333333333,True,,0.5818333333333333,False,,,,,,,,,False,
2025-06-21,0.8294999999999999,True,0.8294999999999999,True,,0.8294999999999999,False,,,,,,,,,False,
2025-06-22,0.7893333333333333,True,0.7893333333333333,True,,0.7893333333333333,False,,,,,,,,,False,
2025-06-23,0.6732916666666666,True,0.6732916666666666,True,,0.6732916666666666,False,,,,,,,,,False,
2025-06-24,1.0599583333333331,True,1.0599583333333331,True,,1.0599583333333331,False,,,,,,,,,False,
2025-06-25,1.975625,True,1.975625,True,,1.975625,False,,,,,,,,,False,
2025-06-26,1.9261666666666668,True,1.9261666666666668,True,,1.9261666666666668,False,,,,,,,,,False,
2025-06-27,1.7756666666666667,True,1.7756666666666667,True,,1.7756666666666667,False,,,,,,,,,False,
2025-06-28,1.6400416666666668,True,1.6400416666666668,True,,1.6400416666666668,False,,,,,,,,,False,
2025-06-29,1.6480833333333331,True,1.6480833333333331,True,,1.6480833333333331,False,,,,,,,,,False,
2025-06-30,1.7664583333333337,True,1.7664583333333337,True,,1.7664583333333337,False,,,,,,,,,False,
2025-07-01,1.78975,True,1.78975,True,,1.78975,False,,,,,,,,,False,
2025-07-02,1.653583333333333,True,1.653583333333333,True,,1.653583333333333,False,,,,,,,,,False,
2025-07-03,1.8147083333333331,True,1.8147083333333331,True,,1.8147083333333331,False,,,,,,,,,False,
2025-07-04,1.8895833333333332,True,1.8895833333333332,True,,1.8895833333333332,False,,,,,,,,,False,
2025-07-05,1.673375,True,1.673375,True,,1.673375,False,,,,,,,,,False,
2025-07-06,1.283625,True,1.283625,True,,1.283625,False,,,,,,,,,False,
2025-07-07,1.6586153846153844,False,1.6586153846153844,False,1.5936052833623169,1.5936052833623169,True,REAL_L001_20250707,1.0,gaussian_process,,,1.1045159987487123,2.299267554329077,standard_uncertainty,False,"Retrospective reconstruction (engineered hybrid pipeline, primary method assignment). Method=gaussian_process. "
2025-07-08,1.968875,True,1.968875,True,,1.968875,False,,,,,,,,,False,
2025-07-09,1.5651666666666666,True,1.5651666666666666,True,,1.5651666666666666,False,,,,,,,,,False,
2025-07-10,1.0735416666666666,True,1.0735416666666666,True,,1.0735416666666666,False,,,,,,,,,False,
2025-07-11,1.0219583333333333,True,1.0219583333333333,True,,1.0219583333333333,False,,,,,,,,,False,
2025-07-12,0.9699583333333334,True,0.9699583333333334,True,,0.9699583333333334,False,,,,,,,,,False,
2025-07-13,0.8694583333333333,True,0.8694583333333333,True,,0.8694583333333333,False,,,,,,,,,False,
2025-07-14,4.516888888888889,False,4.516888888888889,False,1.05543987879283,1.05543987879283,True,REAL_L001_20250714,5.0,state_space_kalman,,,0.4615948507964537,2.4132707196021905,standard_uncertainty,False,"Retrospective reconstruction (engineered hybrid pipeline, primary method assignment). Method=state_space_kalman. "
2025-07-15,,False,,False,1.2812038197109967,1.2812038197109967,True,REAL_L001_20250714,5.0,state_space_kalman,,,0.4500874463080324,3.647031795947147,standard_uncertainty,False,"Retrospective reconstruction (engineered hybrid pipeline, primary method assignment). Method=state_space_kalman. "
2025-07-16,,False,,False,1.5552598121643002,1.5552598121643002,True,REAL_L001_20250714,5.0,state_space_kalman,,,0.5127697721185094,4.717191252011444,standard_uncertainty,False,"Retrospective reconstruction (engineered hybrid pipeline, primary method assignment). Method=state_space_kalman. "
2025-07-17,,False,,False,1.8879377708060172,1.8879377708060172,True,REAL_L001_20250714,5.0,state_space_kalman,,,0.6632333411574097,5.374140299122947,standard_uncertainty,False,"Retrospective reconstruction (engineered hybrid pipeline, primary method assignment). Method=state_space_kalman. "
2025-07-18,3.156916666666667,False,3.156916666666667,False,2.291777231404122,2.291777231404122,True,REAL_L001_20250714,5.0,state_space_kalman,,,1.0023049066505314,5.24016478771326,standard_uncertainty,False,"Retrospective reconstruction (engineered hybrid pipeline, primary method assignment). Method=state_space_kalman. "
2025-07-19,2.782,True,2.782,True,,2.782,False,,,,,,,,,False,
2025-07-20,1.918,True,1.918,True,,1.918,False,,,,,,,,,False,
2025-07-21,1.8090833333333336,True,1.8090833333333336,True,,1.8090833333333336,False,,,,,,,,,False,
2025-07-22,1.733291666666667,True,1.733291666666667,True,,1.733291666666667,False,,,,,,,,,False,
2025-07-23,2.4017916666666665,True,2.4017916666666665,True,,2.4017916666666665,False,,,,,,,,,False,
2025-07-24,3.768875,True,3.768875,True,,3.768875,False,,,,,,,,,False,
2025-07-25,2.0375833333333335,True,2.0375833333333335,True,,2.0375833333333335,False,,,,,,,,,False,
2025-07-26,1.2842083333333332,True,1.2842083333333332,True,,1.2842083333333332,False,,,,,,,,,False,
2025-07-27,1.2525416666666669,True,1.2525416666666669,True,,1.2525416666666669,False,,,,,,,,,False,
2025-07-28,1.3346666666666664,True,1.3346666666666664,True,,1.3346666666666664,False,,,,,,,,,False,
2025-07-29,1.5139583333333333,True,1.5139583333333333,True,,1.5139583333333333,False,,,,,,,,,False,
2025-07-30,1.3857499999999998,True,1.3857499999999998,True,,1.3857499999999998,False,,,,,,,,,False,
2025-07-31,1.356,True,1.356,True,,1.356,False,,,,,,,,,False,
2025-08-01,1.3879583333333334,True,1.3879583333333334,True,,1.3879583333333334,False,,,,,,,,,False,
2025-08-02,1.85575,True,1.85575,True,,1.85575,False,,,,,,,,,False,
2025-08-03,2.224375,True,2.224375,True,,2.224375,False,,,,,,,,,False,
2025-08-04,1.9240416666666669,True,1.9240416666666669,True,,1.9240416666666669,False,,,,,,,,,False,
2025-08-05,1.9012083333333336,True,1.9012083333333336,True,,1.9012083333333336,False,,,,,,,,,False,
2025-08-06,1.86325,True,1.86325,True,,1.86325,False,,,,,,,,,False,
2025-08-07,1.49365,True,1.49365,True,,1.49365,False,,,,,,,,,False,
2025-08-08,0.7046250000000001,True,0.7046250000000001,True,,0.7046250000000001,False,,,,,,,,,False,
2025-08-09,0.668,True,0.668,True,,0.668,False,,,,,,,,,False,
2025-08-10,1.3789166666666668,True,1.3789166666666668,True,,1.3789166666666668,False,,,,,,,,,False,
2025-08-11,1.6077916666666667,True,1.6077916666666667,True,,1.6077916666666667,False,,,,,,,,,False,
2025-08-12,1.7217083333333332,True,1.7217083333333332,True,,1.7217083333333332,False,,,,,,,,,False,
2025-08-13,2.2456666666666667,True,2.2456666666666667,True,,2.2456666666666667,False,,,,,,,,,False,
2025-08-14,2.51325,True,2.51325,True,,2.51325,False,,,,,,,,,False,
2025-08-15,2.2612916666666667,True,2.2612916666666667,True,,2.2612916666666667,False,,,,,,,,,False,
2025-08-16,1.967375,True,1.967375,True,,1.967375,False,,,,,,,,,False,
2025-08-17,2.072416666666667,True,2.072416666666667,True,,2.072416666666667,False,,,,,,,,,False,
2025-08-18,2.006041666666667,True,2.006041666666667,True,,2.006041666666667,False,,,,,,,,,False,
2025-08-19,1.7878333333333334,True,1.7878333333333334,True,,1.7878333333333334,False,,,,,,,,,False,
2025-08-20,2.7691250000000003,True,2.7691250000000003,True,,2.7691250000000003,False,,,,,,,,,False,
2025-08-21,3.950958333333334,True,3.950958333333334,True,,3.950958333333334,False,,,,,,,,,False,
2025-08-22,6.867166666666667,True,6.867166666666667,True,,6.867166666666667,False,,,,,,,,,False,
2025-08-23,6.338916666666667,True,6.338916666666667,True,,6.338916666666667,False,,,,,,,,,False,
2025-08-24,6.235833333333335,True,6.235833333333335,True,,6.235833333333335,False,,,,,,,,,False,
2025-08-25,8.177999999999999,True,8.177999999999999,True,,8.177999999999999,False,,,,,,,,,False,
2025-08-26,7.197958333333333,True,7.197958333333333,True,,7.197958333333333,False,,,,,,,,,False,
2025-08-27,4.952208333333334,True,4.952208333333334,True,,4.952208333333334,False,,,,,,,,,False,
2025-08-28,4.7523333333333335,True,4.7523333333333335,True,,4.7523333333333335,False,,,,,,,,,False,
2025-08-29,4.655,True,4.655,True,,4.655,False,,,,,,,,,False,
2025-08-30,4.23525,True,4.23525,True,,4.23525,False,,,,,,,,,False,
2025-08-31,4.407291666666667,True,4.407291666666667,True,,4.407291666666667,False,,,,,,,,,False,
2025-09-01,3.92,True,3.92,True,,3.92,False,,,,,,,,,False,
2025-09-02,7.092333333333333,True,7.092333333333333,True,,7.092333333333333,False,,,,,,,,,False,
2025-09-03,6.600125000000001,True,6.600125000000001,True,,6.600125000000001,False,,,,,,,,,False,
2025-09-04,5.298291666666667,True,5.298291666666667,True,,5.298291666666667,False,,,,,,,,,False,
2025-09-05,6.2629166666666665,True,6.2629166666666665,True,,6.2629166666666665,False,,,,,,,,,False,
2025-09-06,8.276833333333334,True,8.276833333333334,True,,8.276833333333334,False,,,,,,,,,False,
2025-09-07,12.100375,True,12.100375,True,,12.100375,False,,,,,,,,,False,
2025-09-08,17.732208333333332,True,17.732208333333332,True,,17.732208333333332,False,,,,,,,,,False,
2025-09-09,19.859125,True,19.859125,True,,19.859125,False,,,,,,,,,False,
2025-09-10,5.850315789473684,True,5.850315789473684,True,,5.850315789473684,False,,,,,,,,,False,
2025-09-11,0.6989166666666667,True,0.6989166666666667,True,,0.6989166666666667,False,,,,,,,,,False,
2025-09-12,2.8675833333333336,True,2.8675833333333336,True,,2.8675833333333336,False,,,,,,,,,False,
2025-09-13,2.8333333333333335,True,2.8333333333333335,True,,2.8333333333333335,False,,,,,,,,,False,
2025-09-14,2.4851666666666667,True,2.4851666666666667,True,,2.4851666666666667,False,,,,,,,,,False,
2025-09-15,2.169458333333333,True,2.169458333333333,True,,2.169458333333333,False,,,,,,,,,False,
2025-09-16,2.7538750000000003,True,2.7538750000000003,True,,2.7538750000000003,False,,,,,,,,,False,
2025-09-17,3.8195833333333336,True,3.8195833333333336,True,,3.8195833333333336,False,,,,,,,,,False,
2025-09-18,3.134083333333333,True,3.134083333333333,True,,3.134083333333333,False,,,,,,,,,False,
2025-09-19,2.4152083333333336,True,2.4152083333333336,True,,2.4152083333333336,False,,,,,,,,,False,
2025-09-20,1.889458333333333,True,1.889458333333333,True,,1.889458333333333,False,,,,,,,,,False,
2025-09-21,1.7814166666666666,True,1.7814166666666666,True,,1.7814166666666666,False,,,,,,,,,False,
2025-09-22,2.3709583333333333,True,2.3709583333333333,True,,2.3709583333333333,False,,,,,,,,,False,
2025-09-23,2.970222222222222,True,2.970222222222222,True,,2.970222222222222,False,,,,,,,,,False,
2025-09-24,,False,,False,3.312948704682813,3.312948704682813,True,REAL_L001_20250924,3.0,gaussian_process,,,1.1160693117297231,9.8341823437911,standard_uncertainty,False,"Retrospective reconstruction (engineered hybrid pipeline, primary method assignment). Method=gaussian_process. "
2025-09-25,,False,,False,3.248196501048009,3.248196501048009,True,REAL_L001_20250924,3.0,gaussian_process,,,0.8646756894188556,12.202008959580738,standard_uncertainty,False,"Retrospective reconstruction (engineered hybrid pipeline, primary method assignment). Method=gaussian_process. "
2025-09-26,3.061076923076923,False,3.061076923076923,False,2.9561418533277526,2.9561418533277526,True,REAL_L001_20250924,3.0,gaussian_process,,,0.9935008069046344,8.795941177161891,standard_uncertainty,False,"Retrospective reconstruction (engineered hybrid pipeline, primary method assignment). Method=gaussian_process. "
2025-09-27,2.845333333333334,True,2.845333333333334,True,,2.845333333333334,False,,,,,,,,,False,
2025-09-28,4.096375000000001,True,4.096375000000001,True,,4.096375000000001,False,,,,,,,,,False,
2025-09-29,10.935333333333332,True,10.935333333333332,True,,10.935333333333332,False,,,,,,,,,False,
2025-09-30,9.746375,True,9.746375,True,,9.746375,False,,,,,,,,,False,
2025-10-01,11.526708333333332,True,11.526708333333332,True,,11.526708333333332,False,,,,,,,,,False,
2025-10-02,9.085208333333334,True,9.085208333333334,True,,9.085208333333334,False,,,,,,,,,False,
2025-10-03,12.068333333333332,True,12.068333333333332,True,,12.068333333333332,False,,,,,,,,,False,
2025-10-04,15.223458333333332,True,15.223458333333332,True,,15.223458333333332,False,,,,,,,,,False,
2025-10-05,9.486,True,9.486,True,,9.486,False,,,,,,,,,False,
2025-10-06,0.9008333333333334,True,0.9008333333333334,True,,0.9008333333333334,False,,,,,,,,,False,
2025-10-07,1.4651666666666667,True,1.4651666666666667,True,,1.4651666666666667,False,,,,,,,,,False,
2025-10-08,3.357958333333334,True,3.357958333333334,True,,3.357958333333334,False,,,,,,,,,False,
2025-10-09,7.634291666666667,True,7.634291666666667,True,,7.634291666666667,False,,,,,,,,,False,
2025-10-10,15.38675,True,15.38675,True,,15.38675,False,,,,,,,,,False,
2025-10-11,17.815541666666665,True,17.815541666666665,True,,17.815541666666665,False,,,,,,,,,False,
2025-10-12,14.54275,True,14.54275,True,,14.54275,False,,,,,,,,,False,
2025-10-13,23.835375,True,23.835375,True,,23.835375,False,,,,,,,,,False,
2025-10-14,24.374041666666667,True,24.374041666666667,True,,24.374041666666667,False,,,,,,,,,False,
2025-10-15,45.67679166666667,True,45.67679166666667,True,,45.67679166666667,False,,,,,,,,,False,
2025-10-16,50.54504166666667,True,50.54504166666667,True,,50.54504166666667,False,,,,,,,,,False,
2025-10-17,31.734125,True,31.734125,True,,31.734125,False,,,,,,,,,False,
2025-10-18,51.85441666666666,True,51.85441666666666,True,,51.85441666666666,False,,,,,,,,,False,
2025-10-19,54.814875,True,54.814875,True,,54.814875,False,,,,,,,,,False,
2025-10-20,63.09220833333334,True,63.09220833333334,True,,63.09220833333334,False,,,,,,,,,False,
2025-10-21,40.50058333333333,True,40.50058333333333,True,,40.50058333333333,False,,,,,,,,,False,
2025-10-22,35.802416666666666,True,35.802416666666666,True,,35.802416666666666,False,,,,,,,,,False,
2025-10-23,12.652375,True,12.652375,True,,12.652375,False,,,,,,,,,False,
2025-10-24,21.310291666666668,True,21.310291666666668,True,,21.310291666666668,False,,,,,,,,,False,
2025-10-25,16.773416666666666,True,16.773416666666666,True,,16.773416666666666,False,,,,,,,,,False,
2025-10-26,20.006083333333333,True,20.006083333333333,True,,20.006083333333333,False,,,,,,,,,False,
2025-10-27,20.6405,True,20.6405,True,,20.6405,False,,,,,,,,,False,
2025-10-28,21.5385,True,21.5385,True,,21.5385,False,,,,,,,,,False,
2025-10-29,25.561125000000004,True,25.561125000000004,True,,25.561125000000004,False,,,,,,,,,False,
2025-10-30,15.9019,True,15.9019,True,,15.9019,False,,,,,,,,,False,
2025-10-31,11.377375,True,11.377375,True,,11.377375,False,,,,,,,,,False,
2025-11-01,2.663041666666666,True,2.663041666666666,True,,2.663041666666666,False,,,,,,,,,False,
2025-11-02,0.9957916666666669,True,0.9957916666666669,True,,0.9957916666666669,False,,,,,,,,,False,
2025-11-03,0.75325,True,0.75325,True,,0.75325,False,,,,,,,,,False,
2025-11-04,1.2214166666666666,True,1.2214166666666666,True,,1.2214166666666666,False,,,,,,,,,False,
2025-11-05,1.3877916666666668,True,1.3877916666666668,True,,1.3877916666666668,False,,,,,,,,,False,
2025-11-06,1.996916666666667,True,1.996916666666667,True,,1.996916666666667,False,,,,,,,,,False,
2025-11-07,2.686958333333333,True,2.686958333333333,True,,2.686958333333333,False,,,,,,,,,False,
2025-11-08,1.336666666666667,True,1.336666666666667,True,,1.336666666666667,False,,,,,,,,,False,
2025-11-09,1.903625,True,1.903625,True,,1.903625,False,,,,,,,,,False,
2025-11-10,2.0489583333333337,True,2.0489583333333337,True,,2.0489583333333337,False,,,,,,,,,False,
2025-11-11,2.1547916666666667,True,2.1547916666666667,True,,2.1547916666666667,False,,,,,,,,,False,
2025-11-12,2.280416666666667,True,2.280416666666667,True,,2.280416666666667,False,,,,,,,,,False,
2025-11-13,2.714166666666667,True,2.714166666666667,True,,2.714166666666667,False,,,,,,,,,False,
2025-11-14,3.2594583333333333,True,3.2594583333333333,True,,3.2594583333333333,False,,,,,,,,,False,
2025-11-15,2.958208333333333,True,2.958208333333333,True,,2.958208333333333,False,,,,,,,,,False,
2025-11-16,2.5890000000000004,True,2.5890000000000004,True,,2.5890000000000004,False,,,,,,,,,False,
2025-11-17,1.734,True,1.734,True,,1.734,False,,,,,,,,,False,
2025-11-18,2.135,True,2.135,True,,2.135,False,,,,,,,,,False,
2025-11-19,3.491708333333333,True,3.491708333333333,True,,3.491708333333333,False,,,,,,,,,False,
2025-11-20,4.553833333333333,True,4.553833333333333,True,,4.553833333333333,False,,,,,,,,,False,
2025-11-21,7.178166666666667,True,7.178166666666667,True,,7.178166666666667,False,,,,,,,,,False,
2025-11-22,6.1887083333333335,True,6.1887083333333335,True,,6.1887083333333335,False,,,,,,,,,False,
2025-11-23,6.30125,True,6.30125,True,,6.30125,False,,,,,,,,,False,
2025-11-24,8.099666666666666,True,8.099666666666666,True,,8.099666666666666,False,,,,,,,,,False,
2025-11-25,8.02125,True,8.02125,True,,8.02125,False,,,,,,,,,False,
2025-11-26,12.532875,True,12.532875,True,,12.532875,False,,,,,,,,,False,
2025-11-27,19.436833333333333,True,19.436833333333333,True,,19.436833333333333,False,,,,,,,,,False,
2025-11-28,10.787,True,10.787,True,,10.787,False,,,,,,,,,False,
2025-11-29,2.91925,True,2.91925,True,,2.91925,False,,,,,,,,,False,
2025-11-30,4.504833333333333,True,4.504833333333333,True,,4.504833333333333,False,,,,,,,,,False,
2025-12-01,3.0693749999999995,True,3.0693749999999995,True,,3.0693749999999995,False,,,,,,,,,False,
2025-12-02,2.7383333333333333,True,2.7383333333333333,True,,2.7383333333333333,False,,,,,,,,,False,
2025-12-03,2.8458333333333337,True,2.8458333333333337,True,,2.8458333333333337,False,,,,,,,,,False,
2025-12-04,6.846625,True,6.846625,True,,6.846625,False,,,,,,,,,False,
2025-12-05,18.538666666666668,True,18.538666666666668,True,,18.538666666666668,False,,,,,,,,,False,
2025-12-06,21.891333333333336,True,21.891333333333336,True,,21.891333333333336,False,,,,,,,,,False,
2025-12-07,24.47770833333333,True,24.47770833333333,True,,24.47770833333333,False,,,,,,,,,False,
2025-12-08,16.060166666666664,True,16.060166666666664,True,,16.060166666666664,False,,,,,,,,,False,
2025-12-09,4.447,True,4.447,True,,4.447,False,,,,,,,,,False,
2025-12-10,3.783458333333334,True,3.783458333333334,True,,3.783458333333334,False,,,,,,,,,False,
2025-12-11,5.939583333333332,True,5.939583333333332,True,,5.939583333333332,False,,,,,,,,,False,
2025-12-12,4.9355,True,4.9355,True,,4.9355,False,,,,,,,,,False,
2025-12-13,3.6983333333333337,True,3.6983333333333337,True,,3.6983333333333337,False,,,,,,,,,False,
2025-12-14,6.7508333333333335,True,6.7508333333333335,True,,6.7508333333333335,False,,,,,,,,,False,
2025-12-15,3.5347916666666666,True,3.5347916666666666,True,,3.5347916666666666,False,,,,,,,,,False,
2025-12-16,2.8890833333333332,True,2.8890833333333332,True,,2.8890833333333332,False,,,,,,,,,False,
2025-12-17,7.006291666666667,True,7.006291666666667,True,,7.006291666666667,False,,,,,,,,,False,
2025-12-18,8.057333333333334,True,8.057333333333334,True,,8.057333333333334,False,,,,,,,,,False,
2025-12-19,6.6008499999999986,True,6.6008499999999986,True,,6.6008499999999986,False,,,,,,,,,False,
2025-12-20,6.543458333333334,True,6.543458333333334,True,,6.543458333333334,False,,,,,,,,,False,
2025-12-21,4.664958333333334,True,4.664958333333334,True,,4.664958333333334,False,,,,,,,,,False,
2025-12-22,2.031416666666667,True,2.031416666666667,True,,2.031416666666667,False,,,,,,,,,False,
2025-12-23,1.713833333333333,True,1.713833333333333,True,,1.713833333333333,False,,,,,,,,,False,
2025-12-24,1.671833333333333,True,1.671833333333333,True,,1.671833333333333,False,,,,,,,,,False,
2025-12-25,10.162375,True,10.162375,True,,10.162375,False,,,,,,,,,False,
2025-12-26,10.252583333333334,True,10.252583333333334,True,,10.252583333333334,False,,,,,,,,,False,
2025-12-27,8.615124999999999,True,8.615124999999999,True,,8.615124999999999,False,,,,,,,,,False,
2025-12-28,8.414416666666666,True,8.414416666666666,True,,8.414416666666666,False,,,,,,,,,False,
2025-12-29,6.387666666666665,True,6.387666666666665,True,,6.387666666666665,False,,,,,,,,,False,
2025-12-30,1.8864166666666664,True,1.8864166666666664,True,,1.8864166666666664,False,,,,,,,,,False,
2025-12-31,2.5704166666666666,True,2.5704166666666666,True,,2.5704166666666666,False,,,,,,,,,False,
2026-01-01,3.1823750000000004,True,3.1823750000000004,True,,3.1823750000000004,False,,,,,,,,,False,
2026-01-02,3.2737499999999997,True,3.2737499999999997,True,,3.2737499999999997,False,,,,,,,,,False,
2026-01-03,4.003708333333334,True,4.003708333333334,True,,4.003708333333334,False,,,,,,,,,False,
2026-01-04,5.766166666666666,True,5.766166666666666,True,,5.766166666666666,False,,,,,,,,,False,
2026-01-05,6.230875,True,6.230875,True,,6.230875,False,,,,,,,,,False,
2026-01-06,9.018458333333331,True,9.018458333333331,True,,9.018458333333331,False,,,,,,,,,False,
2026-01-07,10.074958333333337,True,10.074958333333337,True,,10.074958333333337,False,,,,,,,,,False,
2026-01-08,7.81325,True,7.81325,True,,7.81325,False,,,,,,,,,False,
2026-01-09,4.4692083333333334,True,4.4692083333333334,True,,4.4692083333333334,False,,,,,,,,,False,
2026-01-10,7.498458333333335,True,7.498458333333335,True,,7.498458333333335,False,,,,,,,,,False,
2026-01-11,12.757958333333333,True,12.757958333333333,True,,12.757958333333333,False,,,,,,,,,False,
2026-01-12,9.765166666666667,True,9.765166666666667,True,,9.765166666666667,False,,,,,,,,,False,
2026-01-13,8.27075,True,8.27075,True,,8.27075,False,,,,,,,,,False,
2026-01-14,7.944291666666667,True,7.944291666666667,True,,7.944291666666667,False,,,,,,,,,False,
2026-01-15,10.656166666666666,True,10.656166666666666,True,,10.656166666666666,False,,,,,,,,,False,
2026-01-16,7.658111111111111,False,7.658111111111111,False,6.292252844332525,6.292252844332525,True,REAL_L001_20260116,1.0,gaussian_process,,,3.5092483021667507,11.282315313101323,standard_uncertainty,False,"Retrospective reconstruction (engineered hybrid pipeline, primary method assignment). Method=gaussian_process. "
2026-01-17,3.8938260869565218,True,3.8938260869565218,True,,3.8938260869565218,False,,,,,,,,,False,
2026-01-18,6.073958333333334,True,6.073958333333334,True,,6.073958333333334,False,,,,,,,,,False,
2026-01-19,5.686208333333333,True,5.686208333333333,True,,5.686208333333333,False,,,,,,,,,False,
2026-01-20,8.882166666666667,True,8.882166666666667,True,,8.882166666666667,False,,,,,,,,,False,
2026-01-21,14.148666666666664,True,14.148666666666664,True,,14.148666666666664,False,,,,,,,,,False,
2026-01-22,17.365875,True,17.365875,True,,17.365875,False,,,,,,,,,False,
2026-01-23,10.583416666666666,True,10.583416666666666,True,,10.583416666666666,False,,,,,,,,,False,
2026-01-24,5.5620416666666666,True,5.5620416666666666,True,,5.5620416666666666,False,,,,,,,,,False,
2026-01-25,9.075083333333334,True,9.075083333333334,True,,9.075083333333334,False,,,,,,,,,False,
2026-01-26,6.205041666666666,True,6.205041666666666,True,,6.205041666666666,False,,,,,,,,,False,
2026-01-27,4.381333333333333,True,4.381333333333333,True,,4.381333333333333,False,,,,,,,,,False,
2026-01-28,6.3823333333333325,True,6.3823333333333325,True,,6.3823333333333325,False,,,,,,,,,False,
2026-01-29,8.408416666666666,True,8.408416666666666,True,,8.408416666666666,False,,,,,,,,,False,
2026-01-30,7.090291666666666,True,7.090291666666666,True,,7.090291666666666,False,,,,,,,,,False,
2026-01-31,4.088333333333334,True,4.088333333333334,True,,4.088333333333334,False,,,,,,,,,False,
2026-02-01,3.66025,True,3.66025,True,,3.66025,False,,,,,,,,,False,
2026-02-02,6.208916666666667,True,6.208916666666667,True,,6.208916666666667,False,,,,,,,,,False,
2026-02-03,11.156999999999998,True,11.156999999999998,True,,11.156999999999998,False,,,,,,,,,False,
2026-02-04,10.355958333333334,True,10.355958333333334,True,,10.355958333333334,False,,,,,,,,,False,
2026-02-05,12.69783333333333,True,12.69783333333333,True,,12.69783333333333,False,,,,,,,,,False,
2026-02-06,16.469166666666666,True,16.469166666666666,True,,16.469166666666666,False,,,,,,,,,False,
2026-02-07,9.68425,True,9.68425,True,,9.68425,False,,,,,,,,,False,
2026-02-08,14.140666666666668,True,14.140666666666668,True,,14.140666666666668,False,,,,,,,,,False,
2026-02-09,32.61504166666666,True,32.61504166666666,True,,32.61504166666666,False,,,,,,,,,False,
2026-02-10,48.34116666666666,True,48.34116666666666,True,,48.34116666666666,False,,,,,,,,,False,
2026-02-11,67.554625,True,67.554625,True,,67.554625,False,,,,,,,,,False,
2026-02-12,53.262708333333336,True,53.262708333333336,True,,53.262708333333336,False,,,,,,,,,False,
2026-02-13,45.604083333333335,True,45.604083333333335,True,,45.604083333333335,False,,,,,,,,,False,
2026-02-14,41.89333333333333,True,41.89333333333333,True,,41.89333333333333,False,,,,,,,,,False,
2026-02-15,65.89920833333333,True,65.89920833333333,True,,65.89920833333333,False,,,,,,,,,False,
2026-02-16,61.903875,True,61.903875,True,,61.903875,False,,,,,,,,,False,
2026-02-17,58.10763157894737,True,58.10763157894737,True,,58.10763157894737,False,,,,,,,,,False,
2026-02-18,64.55675000000001,True,64.55675000000001,True,,64.55675000000001,False,,,,,,,,,False,
2026-02-19,85.090125,True,85.090125,True,,85.090125,False,,,,,,,,,False,
2026-02-20,67.30858333333333,True,67.30858333333333,True,,67.30858333333333,False,,,,,,,,,False,
2026-02-21,53.800333333333334,True,53.800333333333334,True,,53.800333333333334,False,,,,,,,,,False,
2026-02-22,53.67429166666667,True,53.67429166666667,True,,53.67429166666667,False,,,,,,,,,False,
2026-02-23,96.845125,True,96.845125,True,,96.845125,False,,,,,,,,,False,
2026-02-24,62.34695833333334,True,62.34695833333334,True,,62.34695833333334,False,,,,,,,,,False,
2026-02-25,53.384083333333336,True,53.384083333333336,True,,53.384083333333336,False,,,,,,,,,False,
2026-02-26,32.125875,True,32.125875,True,,32.125875,False,,,,,,,,,False,
2026-02-27,31.714916666666667,True,31.714916666666667,True,,31.714916666666667,False,,,,,,,,,False,
2026-02-28,30.867041666666665,True,30.867041666666665,True,,30.867041666666665,False,,,,,,,,,False,
2026-03-01,22.058458333333338,True,22.058458333333338,True,,22.058458333333338,False,,,,,,,,,False,
2026-03-02,35.154374999999995,True,35.154374999999995,True,,35.154374999999995,False,,,,,,,,,False,
2026-03-03,34.6355,True,34.6355,True,,34.6355,False,,,,,,,,,False,
2026-03-04,8.871777777777778,True,8.871777777777778,True,,8.871777777777778,False,,,,,,,,,False,
2026-03-05,1.854875,True,1.854875,True,,1.854875,False,,,,,,,,,False,
2026-03-06,1.9376666666666664,True,1.9376666666666664,True,,1.9376666666666664,False,,,,,,,,,False,
2026-03-07,1.6584583333333331,True,1.6584583333333331,True,,1.6584583333333331,False,,,,,,,,,False,
2026-03-08,1.496875,True,1.496875,True,,1.496875,False,,,,,,,,,False,
2026-03-09,2.0726666666666667,True,2.0726666666666667,True,,2.0726666666666667,False,,,,,,,,,False,
2026-03-10,2.41825,True,2.41825,True,,2.41825,False,,,,,,,,,False,
2026-03-11,3.954125,True,3.954125,True,,3.954125,False,,,,,,,,,False,
2026-03-12,5.556166666666667,True,5.556166666666667,True,,5.556166666666667,False,,,,,,,,,False,
2026-03-13,5.96975,True,5.96975,True,,5.96975,False,,,,,,,,,False,
2026-03-14,3.2567083333333335,True,3.2567083333333335,True,,3.2567083333333335,False,,,,,,,,,False,
2026-03-15,1.9575,True,1.9575,True,,1.9575,False,,,,,,,,,False,
2026-03-16,2.2835833333333335,True,2.2835833333333335,True,,2.2835833333333335,False,,,,,,,,,False,
2026-03-17,2.0909583333333335,True,2.0909583333333335,True,,2.0909583333333335,False,,,,,,,,,False,
2026-03-18,1.7597499999999997,True,1.7597499999999997,True,,1.7597499999999997,False,,,,,,,,,False,
2026-03-19,2.605833333333333,True,2.605833333333333,True,,2.605833333333333,False,,,,,,,,,False,
2026-03-20,3.106208333333333,True,3.106208333333333,True,,3.106208333333333,False,,,,,,,,,False,
2026-03-21,3.778708333333333,True,3.778708333333333,True,,3.778708333333333,False,,,,,,,,,False,
2026-03-22,2.846291666666667,True,2.846291666666667,True,,2.846291666666667,False,,,,,,,,,False,
2026-03-23,3.1605416666666666,True,3.1605416666666666,True,,3.1605416666666666,False,,,,,,,,,False,
2026-03-24,5.457750000000001,True,5.457750000000001,True,,5.457750000000001,False,,,,,,,,,False,
2026-03-25,12.044416666666669,True,12.044416666666669,True,,12.044416666666669,False,,,,,,,,,False,
2026-03-26,27.464291666666668,True,27.464291666666668,True,,27.464291666666668,False,,,,,,,,,False,
2026-03-27,14.388958333333331,True,14.388958333333331,True,,14.388958333333331,False,,,,,,,,,False,
2026-03-28,3.2812916666666667,True,3.2812916666666667,True,,3.2812916666666667,False,,,,,,,,,False,
2026-03-29,4.678583333333333,True,4.678583333333333,True,,4.678583333333333,False,,,,,,,,,False,
2026-03-30,7.78875,True,7.78875,True,,7.78875,False,,,,,,,,,False,
2026-03-31,8.147916666666667,True,8.147916666666667,True,,8.147916666666667,False,,,,,,,,,False,
2026-04-01,6.449916666666667,True,6.449916666666667,True,,6.449916666666667,False,,,,,,,,,False,
2026-04-02,5.714875,True,5.714875,True,,5.714875,False,,,,,,,,,False,
2026-04-03,4.899041666666666,True,4.899041666666666,True,,4.899041666666666,False,,,,,,,,,False,
2026-04-04,6.430833333333332,True,6.430833333333332,True,,6.430833333333332,False,,,,,,,,,False,
2026-04-05,5.448333333333333,True,5.448333333333333,True,,5.448333333333333,False,,,,,,,,,False,
2026-04-06,4.432333333333333,True,4.432333333333333,True,,4.432333333333333,False,,,,,,,,,False,
2026-04-07,5.613833333333332,True,5.613833333333332,True,,5.613833333333332,False,,,,,,,,,False,
2026-04-08,8.400791666666665,True,8.400791666666665,True,,8.400791666666665,False,,,,,,,,,False,
2026-04-09,10.22725,True,10.22725,True,,10.22725,False,,,,,,,,,False,
2026-04-10,7.685050000000001,True,7.685050000000001,True,,7.685050000000001,False,,,,,,,,,False,
2026-04-11,7.49875,True,7.49875,True,,7.49875,False,,,,,,,,,False,
2026-04-12,6.675875,True,6.675875,True,,6.675875,False,,,,,,,,,False,
2026-04-13,5.18725,True,5.18725,True,,5.18725,False,,,,,,,,,False,
2026-04-14,3.675875,True,3.675875,True,,3.675875,False,,,,,,,,,False,
2026-04-15,2.4212916666666664,True,2.4212916666666664,True,,2.4212916666666664,False,,,,,,,,,False,
2026-04-16,2.399625,True,2.399625,True,,2.399625,False,,,,,,,,,False,
2026-04-17,1.7219166666666663,True,1.7219166666666663,True,,1.7219166666666663,False,,,,,,,,,False,
2026-04-18,1.7686666666666664,True,1.7686666666666664,True,,1.7686666666666664,False,,,,,,,,,False,
2026-04-19,3.26375,True,3.26375,True,,3.26375,False,,,,,,,,,False,
2026-04-20,4.4555,True,4.4555,True,,4.4555,False,,,,,,,,,False,
2026-04-21,3.389708333333333,True,3.389708333333333,True,,3.389708333333333,False,,,,,,,,,False,
2026-04-22,2.228125,True,2.228125,True,,2.228125,False,,,,,,,,,False,
2026-04-23,4.92125,True,4.92125,True,,4.92125,False,,,,,,,,,False,
2026-04-24,7.027041666666666,True,7.027041666666666,True,,7.027041666666666,False,,,,,,,,,False,
2026-04-25,14.171958333333334,True,14.171958333333334,True,,14.171958333333334,False,,,,,,,,,False,
2026-04-26,45.898875,True,45.898875,True,,45.898875,False,,,,,,,,,False,
2026-04-27,53.203125,True,53.203125,True,,53.203125,False,,,,,,,,,False,
2026-04-28,48.988708333333335,True,48.988708333333335,True,,48.988708333333335,False,,,,,,,,,False,
2026-04-29,60.63529166666666,True,60.63529166666666,True,,60.63529166666666,False,,,,,,,,,False,
2026-04-30,51.23283333333333,True,51.23283333333333,True,,51.23283333333333,False,,,,,,,,,False,
2026-05-01,57.131708333333336,True,57.131708333333336,True,,57.131708333333336,False,,,,,,,,,False,
2026-05-02,66.44470833333334,True,66.44470833333334,True,,66.44470833333334,False,,,,,,,,,False,
2026-05-03,49.25725,True,49.25725,True,,49.25725,False,,,,,,,,,False,
2026-05-04,33.67304166666667,True,33.67304166666667,True,,33.67304166666667,False,,,,,,,,,False,
2026-05-05,29.451625000000003,True,29.451625000000003,True,,29.451625000000003,False,,,,,,,,,False,
2026-05-06,13.807699999999995,True,13.807699999999995,True,,13.807699999999995,False,,,,,,,,,False,
2026-05-07,2.9261666666666666,True,2.9261666666666666,True,,2.9261666666666666,False,,,,,,,,,False,
2026-05-08,2.31975,True,2.31975,True,,2.31975,False,,,,,,,,,False,
2026-05-09,1.3994583333333337,True,1.3994583333333337,True,,1.3994583333333337,False,,,,,,,,,False,
2026-05-10,2.229416666666667,True,2.229416666666667,True,,2.229416666666667,False,,,,,,,,,False,
2026-05-11,1.844375,True,1.844375,True,,1.844375,False,,,,,,,,,False,
2026-05-12,1.3114583333333332,True,1.3114583333333332,True,,1.3114583333333332,False,,,,,,,,,False,
2026-05-13,1.624291666666667,True,1.624291666666667,True,,1.624291666666667,False,,,,,,,,,False,
2026-05-14,3.013583333333333,True,3.013583333333333,True,,3.013583333333333,False,,,,,,,,,False,
2026-05-15,2.4984,False,2.4984,False,,2.4984,False,REAL_OPEN_20260515,17.0,,,,,,not_reconstructed_out_of_scope,False,"Open-ended gap at end of study period (no post-edge data); reconstruction would require forecasting, which is out of scope for this benchmark. Excluded by explicit design decision."
2026-05-16,,False,,False,,,False,REAL_OPEN_20260515,17.0,,,,,,not_reconstructed_out_of_scope,False,"Open-ended gap at end of study period (no post-edge data); reconstruction would require forecasting, which is out of scope for this benchmark. Excluded by explicit design decision."
2026-05-17,,False,,False,,,False,REAL_OPEN_20260515,17.0,,,,,,not_reconstructed_out_of_scope,False,"Open-ended gap at end of study period (no post-edge data); reconstruction would require forecasting, which is out of scope for this benchmark. Excluded by explicit design decision."
2026-05-18,,False,,False,,,False,REAL_OPEN_20260515,17.0,,,,,,not_reconstructed_out_of_scope,False,"Open-ended gap at end of study period (no post-edge data); reconstruction would require forecasting, which is out of scope for this benchmark. Excluded by explicit design decision."
2026-05-19,,False,,False,,,False,REAL_OPEN_20260515,17.0,,,,,,not_reconstructed_out_of_scope,False,"Open-ended gap at end of study period (no post-edge data); reconstruction would require forecasting, which is out of scope for this benchmark. Excluded by explicit design decision."
2026-05-20,,False,,False,,,False,REAL_OPEN_20260515,17.0,,,,,,not_reconstructed_out_of_scope,False,"Open-ended gap at end of study period (no post-edge data); reconstruction would require forecasting, which is out of scope for this benchmark. Excluded by explicit design decision."
2026-05-21,,False,,False,,,False,REAL_OPEN_20260515,17.0,,,,,,not_reconstructed_out_of_scope,False,"Open-ended gap at end of study period (no post-edge data); reconstruction would require forecasting, which is out of scope for this benchmark. Excluded by explicit design decision."
2026-05-22,,False,,False,,,False,REAL_OPEN_20260515,17.0,,,,,,not_reconstructed_out_of_scope,False,"Open-ended gap at end of study period (no post-edge data); reconstruction would require forecasting, which is out of scope for this benchmark. Excluded by explicit design decision."
2026-05-23,,False,,False,,,False,REAL_OPEN_20260515,17.0,,,,,,not_reconstructed_out_of_scope,False,"Open-ended gap at end of study period (no post-edge data); reconstruction would require forecasting, which is out of scope for this benchmark. Excluded by explicit design decision."
2026-05-24,,False,,False,,,False,REAL_OPEN_20260515,17.0,,,,,,not_reconstructed_out_of_scope,False,"Open-ended gap at end of study period (no post-edge data); reconstruction would require forecasting, which is out of scope for this benchmark. Excluded by explicit design decision."
2026-05-25,,False,,False,,,False,REAL_OPEN_20260515,17.0,,,,,,not_reconstructed_out_of_scope,False,"Open-ended gap at end of study period (no post-edge data); reconstruction would require forecasting, which is out of scope for this benchmark. Excluded by explicit design decision."
2026-05-26,,False,,False,,,False,REAL_OPEN_20260515,17.0,,,,,,not_reconstructed_out_of_scope,False,"Open-ended gap at end of study period (no post-edge data); reconstruction would require forecasting, which is out of scope for this benchmark. Excluded by explicit design decision."
2026-05-27,,False,,False,,,False,REAL_OPEN_20260515,17.0,,,,,,not_reconstructed_out_of_scope,False,"Open-ended gap at end of study period (no post-edge data); reconstruction would require forecasting, which is out of scope for this benchmark. Excluded by explicit design decision."
2026-05-28,,False,,False,,,False,REAL_OPEN_20260515,17.0,,,,,,not_reconstructed_out_of_scope,False,"Open-ended gap at end of study period (no post-edge data); reconstruction would require forecasting, which is out of scope for this benchmark. Excluded by explicit design decision."
2026-05-29,,False,,False,,,False,REAL_OPEN_20260515,17.0,,,,,,not_reconstructed_out_of_scope,False,"Open-ended gap at end of study period (no post-edge data); reconstruction would require forecasting, which is out of scope for this benchmark. Excluded by explicit design decision."
2026-05-30,,False,,False,,,False,REAL_OPEN_20260515,17.0,,,,,,not_reconstructed_out_of_scope,False,"Open-ended gap at end of study period (no post-edge data); reconstruction would require forecasting, which is out of scope for this benchmark. Excluded by explicit design decision."
2026-05-31,,False,,False,,,False,REAL_OPEN_20260515,17.0,,,,,,not_reconstructed_out_of_scope,False,"Open-ended gap at end of study period (no post-edge data); reconstruction would require forecasting, which is out of scope for this benchmark. Excluded by explicit design decision."
