date,target_eligible_default,observed_chl_mean,is_observed,tsicl_gap_id,tsicl_satellite_proxy_pred_chl,tsicl_satellite_proxy_pred_log10_chl,tsicl_artificial_validation_supported,tsicl_scenario_only_256day,hybrid_gap_id,hybrid_gap_length,engineered_hybrid_reconstructed_chl,engineered_hybrid_final_chl,engineered_hybrid_is_reconstructed,engineered_hybrid_method,engineered_hybrid_extrapolation_flag,real_gap_id,real_gap_length_days,real_gap_class,real_gap_extrapolation_beyond_validation,evidence_label,scenario_only_256day_gap
2015-07-01,False,,False,REAL_L010_20150701,2.2301559650131835,0.3483352363109588,True,False,REAL_L010_20150701,14.0,1.0390833333333334,1.0390833333333334,True,state_space_kalman,False,REAL_L010_20150701,14.0,medium,no,real gap — no withheld truth,False
2015-07-02,False,,False,REAL_L010_20150701,2.1046757902055337,0.3231852054595947,True,False,REAL_L010_20150701,14.0,1.0390833333333334,1.0390833333333334,True,state_space_kalman,False,REAL_L010_20150701,14.0,medium,no,real gap — no withheld truth,False
2015-07-03,False,,False,REAL_L010_20150701,2.8855653661109293,0.4602309167385101,True,False,REAL_L010_20150701,14.0,1.0390833333333334,1.0390833333333334,True,state_space_kalman,False,REAL_L010_20150701,14.0,medium,no,real gap — no withheld truth,False
2015-07-04,False,,False,REAL_L010_20150701,2.1692445205584505,0.3363085091114044,True,False,REAL_L010_20150701,14.0,1.0390833333333334,1.0390833333333334,True,state_space_kalman,False,REAL_L010_20150701,14.0,medium,no,real gap — no withheld truth,False
2015-07-05,False,,False,REAL_L010_20150701,2.457375971888301,0.3904716074466705,True,False,REAL_L010_20150701,14.0,1.0390833333333334,1.0390833333333334,True,state_space_kalman,False,REAL_L010_20150701,14.0,medium,no,real gap — no withheld truth,False
2015-07-06,False,,False,REAL_L010_20150701,2.3933005272678756,0.3789972364902496,True,False,REAL_L010_20150701,14.0,1.0390833333333334,1.0390833333333334,True,state_space_kalman,False,REAL_L010_20150701,14.0,medium,no,real gap — no withheld truth,False
2015-07-07,False,,False,REAL_L010_20150701,1.9032027075249924,0.2794850468635559,True,False,REAL_L010_20150701,14.0,1.0390833333333334,1.0390833333333334,True,state_space_kalman,False,REAL_L010_20150701,14.0,medium,no,real gap — no withheld truth,False
2015-07-08,False,,False,REAL_L010_20150701,1.959981509997447,0.2922519743442535,True,False,REAL_L010_20150701,14.0,1.0390833333333334,1.0390833333333334,True,state_space_kalman,False,REAL_L010_20150701,14.0,medium,no,real gap — no withheld truth,False
2015-07-09,False,,False,REAL_L010_20150701,1.896669725559871,0.2779917120933532,True,False,REAL_L010_20150701,14.0,1.0390833333333334,1.0390833333333334,True,state_space_kalman,False,REAL_L010_20150701,14.0,medium,no,real gap — no withheld truth,False
2015-07-10,False,,False,REAL_L010_20150701,1.5729573041853753,0.1967169344425201,True,False,REAL_L010_20150701,14.0,1.0390833333333334,1.0390833333333334,True,state_space_kalman,False,REAL_L010_20150701,14.0,medium,no,real gap — no withheld truth,False
2015-07-11,False,,False,REAL_L010_20150701,1.5540521958309077,0.1914656013250351,True,False,REAL_L010_20150701,14.0,1.0390833333333334,1.0390833333333334,True,state_space_kalman,False,REAL_L010_20150701,14.0,medium,no,real gap — no withheld truth,False
2015-07-12,False,,False,REAL_L010_20150701,1.4220048195330972,0.1529010683298111,True,False,REAL_L010_20150701,14.0,1.0390833333333334,1.0390833333333334,True,state_space_kalman,False,REAL_L010_20150701,14.0,medium,no,real gap — no withheld truth,False
2015-07-13,False,,False,REAL_L010_20150701,1.2625501471303622,0.1012486368417739,True,False,REAL_L010_20150701,14.0,1.0390833333333334,1.0390833333333334,True,state_space_kalman,False,REAL_L010_20150701,14.0,medium,no,real gap — no withheld truth,False
2015-07-14,False,1.682909090909091,False,REAL_L010_20150701,1.149391232992089,0.0604678802192211,True,False,REAL_L010_20150701,14.0,1.0390833333333334,1.0390833333333334,True,state_space_kalman,False,REAL_L010_20150701,14.0,medium,no,real gap — no withheld truth,False
2015-07-15,True,1.0390833333333334,True,,,,,,,,,1.0390833333333334,False,,False,,,,,observed_day,False
2015-07-16,True,0.9799166666666668,True,,,,,,,,,0.9799166666666668,False,,False,,,,,observed_day,False
2015-07-17,True,0.9585,True,,,,,,,,,0.9585,False,,False,,,,,observed_day,False
2015-07-18,True,1.6441666666666663,True,,,,,,,,,1.6441666666666663,False,,False,,,,,observed_day,False
2015-07-19,True,3.1671666666666667,True,,,,,,,,,3.1671666666666667,False,,False,,,,,observed_day,False
2015-07-20,True,4.803541666666667,True,,,,,,,,,4.803541666666667,False,,False,,,,,observed_day,False
2015-07-21,True,5.633541666666666,True,,,,,,,,,5.633541666666666,False,,False,,,,,observed_day,False
2015-07-22,True,8.091583333333334,True,,,,,,,,,8.091583333333334,False,,False,,,,,observed_day,False
2015-07-23,True,7.7175,True,,,,,,,,,7.7175,False,,False,,,,,observed_day,False
2015-07-24,True,10.013875,True,,,,,,,,,10.013875,False,,False,,,,,observed_day,False
2015-07-25,True,11.933458333333334,True,,,,,,,,,11.933458333333334,False,,False,,,,,observed_day,False
2015-07-26,True,12.118458333333333,True,,,,,,,,,12.118458333333333,False,,False,,,,,observed_day,False
2015-07-27,True,10.598291666666666,True,,,,,,,,,10.598291666666666,False,,False,,,,,observed_day,False
2015-07-28,True,7.710791666666666,True,,,,,,,,,7.710791666666666,False,,False,,,,,observed_day,False
2015-07-29,True,6.958833333333334,True,,,,,,,,,6.958833333333334,False,,False,,,,,observed_day,False
2015-07-30,True,7.116791666666667,True,,,,,,,,,7.116791666666667,False,,False,,,,,observed_day,False
2015-07-31,True,6.095624999999999,True,,,,,,,,,6.095624999999999,False,,False,,,,,observed_day,False
2015-08-01,True,3.984291666666666,True,,,,,,,,,3.984291666666666,False,,False,,,,,observed_day,False
2015-08-02,True,4.658458333333333,True,,,,,,,,,4.658458333333333,False,,False,,,,,observed_day,False
2015-08-03,True,4.077375,True,,,,,,,,,4.077375,False,,False,,,,,observed_day,False
2015-08-04,False,6.1297500000000005,False,REAL_L010_20150804,3.8292400933548034,0.5831125974655151,True,False,REAL_L010_20150804,15.0,4.124365211072112,4.124365211072112,True,state_space_kalman,False,REAL_L010_20150804,15.0,medium,interpolation_within_range,real gap — no withheld truth,False
2015-08-05,False,,False,REAL_L010_20150804,3.7397343223941415,0.5728407502174377,True,False,REAL_L010_20150804,15.0,4.171896966627281,4.171896966627281,True,state_space_kalman,False,REAL_L010_20150804,15.0,medium,interpolation_within_range,real gap — no withheld truth,False
2015-08-06,False,,False,REAL_L010_20150804,3.748435957520876,0.5738500952720642,True,False,REAL_L010_20150804,15.0,4.219976507761693,4.219976507761693,True,state_space_kalman,False,REAL_L010_20150804,15.0,medium,interpolation_within_range,real gap — no withheld truth,False
2015-08-07,False,,False,REAL_L010_20150804,3.9768779265135583,0.5995422601699829,True,False,REAL_L010_20150804,15.0,4.2686101474978155,4.2686101474978155,True,state_space_kalman,False,REAL_L010_20150804,15.0,medium,interpolation_within_range,real gap — no withheld truth,False
2015-08-08,False,,False,REAL_L010_20150804,3.7093447118866183,0.569297194480896,True,False,REAL_L010_20150804,15.0,4.317804271613326,4.317804271613326,True,state_space_kalman,False,REAL_L010_20150804,15.0,medium,interpolation_within_range,real gap — no withheld truth,False
2015-08-09,False,,False,REAL_L010_20150804,3.336449031804619,0.5232844948768616,True,False,REAL_L010_20150804,15.0,4.367565339479584,4.367565339479584,True,state_space_kalman,False,REAL_L010_20150804,15.0,medium,interpolation_within_range,real gap — no withheld truth,False
2015-08-10,False,,False,REAL_L010_20150804,3.857832856938751,0.5863434076309204,True,False,REAL_L010_20150804,15.0,4.417899884909764,4.417899884909764,True,state_space_kalman,False,REAL_L010_20150804,15.0,medium,interpolation_within_range,real gap — no withheld truth,False
2015-08-11,False,,False,REAL_L010_20150804,4.174815027099138,0.6206372380256653,True,False,REAL_L010_20150804,15.0,4.468814517016788,4.468814517016788,True,state_space_kalman,False,REAL_L010_20150804,15.0,medium,interpolation_within_range,real gap — no withheld truth,False
2015-08-12,False,,False,REAL_L010_20150804,3.876823789872881,0.5884760618209839,True,False,REAL_L010_20150804,15.0,4.520315921081104,4.520315921081104,True,state_space_kalman,False,REAL_L010_20150804,15.0,medium,interpolation_within_range,real gap — no withheld truth,False
2015-08-13,False,,False,REAL_L010_20150804,4.194157377316911,0.6226447224617004,True,False,REAL_L010_20150804,15.0,4.572410859428504,4.572410859428504,True,state_space_kalman,False,REAL_L010_20150804,15.0,medium,interpolation_within_range,real gap — no withheld truth,False
2015-08-14,False,,False,REAL_L010_20150804,4.270497202582402,0.6304784417152405,True,False,REAL_L010_20150804,15.0,4.625106172318039,4.625106172318039,True,state_space_kalman,False,REAL_L010_20150804,15.0,medium,interpolation_within_range,real gap — no withheld truth,False
2015-08-15,False,,False,REAL_L010_20150804,4.289386180803543,0.6323951482772827,True,False,REAL_L010_20150804,15.0,4.678408778840165,4.678408778840165,True,state_space_kalman,False,REAL_L010_20150804,15.0,medium,interpolation_within_range,real gap — no withheld truth,False
2015-08-16,False,,False,REAL_L010_20150804,4.765550794475412,0.6781131029129028,True,False,REAL_L010_20150804,15.0,4.732325677825254,4.732325677825254,True,state_space_kalman,False,REAL_L010_20150804,15.0,medium,interpolation_within_range,real gap — no withheld truth,False
2015-08-17,False,,False,REAL_L010_20150804,5.131694670287337,0.710260808467865,True,False,REAL_L010_20150804,15.0,4.786863948762557,4.786863948762557,True,state_space_kalman,False,REAL_L010_20150804,15.0,medium,interpolation_within_range,real gap — no withheld truth,False
2015-08-18,False,4.099230769230769,False,REAL_L010_20150804,5.661024796628537,0.7528950572013855,True,False,REAL_L010_20150804,15.0,4.842030752729776,4.842030752729776,True,state_space_kalman,False,REAL_L010_20150804,15.0,medium,interpolation_within_range,real gap — no withheld truth,False
2015-08-19,True,4.897833333333334,True,,,,,,,,,4.897833333333334,False,,False,,,,,observed_day,False
2015-08-20,True,2.565583333333333,True,,,,,,,,,2.565583333333333,False,,False,,,,,observed_day,False
2015-08-21,True,1.9542916666666663,True,,,,,,,,,1.9542916666666663,False,,False,,,,,observed_day,False
2015-08-22,True,1.8032083333333333,True,,,,,,,,,1.8032083333333333,False,,False,,,,,observed_day,False
2015-08-23,True,3.5695833333333336,True,,,,,,,,,3.5695833333333336,False,,False,,,,,observed_day,False
2015-08-24,True,6.666458333333334,True,,,,,,,,,6.666458333333334,False,,False,,,,,observed_day,False
2015-08-25,True,4.984666666666667,True,,,,,,,,,4.984666666666667,False,,False,,,,,observed_day,False
2015-08-26,True,3.1843333333333335,True,,,,,,,,,3.1843333333333335,False,,False,,,,,observed_day,False
2015-08-27,True,3.4482500000000003,True,,,,,,,,,3.4482500000000003,False,,False,,,,,observed_day,False
2015-08-28,True,6.541875,True,,,,,,,,,6.541875,False,,False,,,,,observed_day,False
2015-08-29,True,8.607291666666667,True,,,,,,,,,8.607291666666667,False,,False,,,,,observed_day,False
2015-08-30,True,8.854125000000002,True,,,,,,,,,8.854125000000002,False,,False,,,,,observed_day,False
2015-08-31,True,5.351,True,,,,,,,,,5.351,False,,False,,,,,observed_day,False
2015-09-01,True,5.7035833333333334,True,,,,,,,,,5.7035833333333334,False,,False,,,,,observed_day,False
2015-09-02,True,5.207666666666667,True,,,,,,,,,5.207666666666667,False,,False,,,,,observed_day,False
2015-09-03,True,2.7680833333333332,True,,,,,,,,,2.7680833333333332,False,,False,,,,,observed_day,False
2015-09-04,True,2.55325,True,,,,,,,,,2.55325,False,,False,,,,,observed_day,False
2015-09-05,True,1.6928333333333334,True,,,,,,,,,1.6928333333333334,False,,False,,,,,observed_day,False
2015-09-06,True,0.963875,True,,,,,,,,,0.963875,False,,False,,,,,observed_day,False
2015-09-07,True,1.531291666666667,True,,,,,,,,,1.531291666666667,False,,False,,,,,observed_day,False
2015-09-08,True,1.643541666666667,True,,,,,,,,,1.643541666666667,False,,False,,,,,observed_day,False
2015-09-09,True,1.5445000000000002,True,,,,,,,,,1.5445000000000002,False,,False,,,,,observed_day,False
2015-09-10,True,1.7497916666666666,True,,,,,,,,,1.7497916666666666,False,,False,,,,,observed_day,False
2015-09-11,True,1.2012916666666666,True,,,,,,,,,1.2012916666666666,False,,False,,,,,observed_day,False
2015-09-12,True,1.0795416666666666,True,,,,,,,,,1.0795416666666666,False,,False,,,,,observed_day,False
2015-09-13,True,6.2114166666666675,True,,,,,,,,,6.2114166666666675,False,,False,,,,,observed_day,False
2015-09-14,False,13.432357142857144,False,REAL_L001_20150914,12.528929932876231,1.0979139804840088,True,False,REAL_L001_20150914,1.0,13.16067758962602,13.16067758962602,True,gaussian_process,False,REAL_L001_20150914,1.0,short,no,real gap — no withheld truth,False
2015-09-15,True,14.343625,True,,,,,,,,,14.343625,False,,False,,,,,observed_day,False
2015-09-16,True,9.149708333333336,True,,,,,,,,,9.149708333333336,False,,False,,,,,observed_day,False
2015-09-17,True,5.2484166666666665,True,,,,,,,,,5.2484166666666665,False,,False,,,,,observed_day,False
2015-09-18,True,1.79725,True,,,,,,,,,1.79725,False,,False,,,,,observed_day,False
2015-09-19,True,2.156,True,,,,,,,,,2.156,False,,False,,,,,observed_day,False
2015-09-20,True,4.539541666666667,True,,,,,,,,,4.539541666666667,False,,False,,,,,observed_day,False
2015-09-21,True,6.954833333333333,True,,,,,,,,,6.954833333333333,False,,False,,,,,observed_day,False
2015-09-22,True,10.142583333333333,True,,,,,,,,,10.142583333333333,False,,False,,,,,observed_day,False
2015-09-23,True,13.66725,True,,,,,,,,,13.66725,False,,False,,,,,observed_day,False
2015-09-24,True,12.332,True,,,,,,,,,12.332,False,,False,,,,,observed_day,False
2015-09-25,True,6.335208333333334,True,,,,,,,,,6.335208333333334,False,,False,,,,,observed_day,False
2015-09-26,True,2.1664999999999996,True,,,,,,,,,2.1664999999999996,False,,False,,,,,observed_day,False
2015-09-27,True,1.9611666666666665,True,,,,,,,,,1.9611666666666665,False,,False,,,,,observed_day,False
2015-09-28,True,2.8517500000000005,True,,,,,,,,,2.8517500000000005,False,,False,,,,,observed_day,False
2015-09-29,True,1.6382916666666667,True,,,,,,,,,1.6382916666666667,False,,False,,,,,observed_day,False
2015-09-30,True,3.3019999999999996,True,,,,,,,,,3.3019999999999996,False,,False,,,,,observed_day,False
2015-10-01,True,7.007583333333334,True,,,,,,,,,7.007583333333334,False,,False,,,,,observed_day,False
2015-10-02,True,9.927208333333333,True,,,,,,,,,9.927208333333333,False,,False,,,,,observed_day,False
2015-10-03,True,11.692166666666663,True,,,,,,,,,11.692166666666663,False,,False,,,,,observed_day,False
2015-10-04,True,9.682708333333332,True,,,,,,,,,9.682708333333332,False,,False,,,,,observed_day,False
2015-10-05,True,6.196458333333333,True,,,,,,,,,6.196458333333333,False,,False,,,,,observed_day,False
2015-10-06,True,4.311833333333333,True,,,,,,,,,4.311833333333333,False,,False,,,,,observed_day,False
2015-10-07,True,3.2705416666666665,True,,,,,,,,,3.2705416666666665,False,,False,,,,,observed_day,False
2015-10-08,True,1.6302083333333333,True,,,,,,,,,1.6302083333333333,False,,False,,,,,observed_day,False
2015-10-09,True,1.717666666666667,True,,,,,,,,,1.717666666666667,False,,False,,,,,observed_day,False
2015-10-10,True,1.7123333333333337,True,,,,,,,,,1.7123333333333337,False,,False,,,,,observed_day,False
2015-10-11,True,1.3790000000000002,True,,,,,,,,,1.3790000000000002,False,,False,,,,,observed_day,False
2015-10-12,True,0.7305000000000001,True,,,,,,,,,0.7305000000000001,False,,False,,,,,observed_day,False
2015-10-13,True,12.436541666666669,True,,,,,,,,,12.436541666666669,False,,False,,,,,observed_day,False
2015-10-14,True,19.756375,True,,,,,,,,,19.756375,False,,False,,,,,observed_day,False
2015-10-15,True,7.778333333333333,True,,,,,,,,,7.778333333333333,False,,False,,,,,observed_day,False
2015-10-16,True,9.916791666666668,True,,,,,,,,,9.916791666666668,False,,False,,,,,observed_day,False
2015-10-17,True,11.48745833333333,True,,,,,,,,,11.48745833333333,False,,False,,,,,observed_day,False
2015-10-18,True,10.878916666666663,True,,,,,,,,,10.878916666666663,False,,False,,,,,observed_day,False
2015-10-19,False,,False,REAL_L001_20151019,7.96744632042668,0.901319146156311,True,False,REAL_L001_20151019,1.0,7.746937697073135,7.746937697073135,True,gaussian_process,False,REAL_L001_20151019,1.0,short,no,real gap — no withheld truth,False
2015-10-20,True,5.321478260869565,True,,,,,,,,,5.321478260869565,False,,False,,,,,observed_day,False
2015-10-21,True,3.625291666666667,True,,,,,,,,,3.625291666666667,False,,False,,,,,observed_day,False
2015-10-22,True,2.1502083333333335,True,,,,,,,,,2.1502083333333335,False,,False,,,,,observed_day,False
2015-10-23,True,0.8884736842105263,True,,,,,,,,,0.8884736842105263,False,,False,,,,,observed_day,False
2015-10-24,True,0.5167916666666666,True,,,,,,,,,0.5167916666666666,False,,False,,,,,observed_day,False
2015-10-25,True,0.7171249999999999,True,,,,,,,,,0.7171249999999999,False,,False,,,,,observed_day,False
2015-10-26,True,0.616875,True,,,,,,,,,0.616875,False,,False,,,,,observed_day,False
2015-10-27,True,0.7291666666666666,True,,,,,,,,,0.7291666666666666,False,,False,,,,,observed_day,False
2015-10-28,True,1.575416666666667,True,,,,,,,,,1.575416666666667,False,,False,,,,,observed_day,False
2015-10-29,True,1.922125,True,,,,,,,,,1.922125,False,,False,,,,,observed_day,False
2015-10-30,True,1.797208333333333,True,,,,,,,,,1.797208333333333,False,,False,,,,,observed_day,False
2015-10-31,True,1.416958333333333,True,,,,,,,,,1.416958333333333,False,,False,,,,,observed_day,False
2015-11-01,True,2.250375,True,,,,,,,,,2.250375,False,,False,,,,,observed_day,False
2015-11-02,True,5.317166666666666,True,,,,,,,,,5.317166666666666,False,,False,,,,,observed_day,False
2015-11-03,True,6.528958333333333,True,,,,,,,,,6.528958333333333,False,,False,,,,,observed_day,False
2015-11-04,True,5.941666666666666,True,,,,,,,,,5.941666666666666,False,,False,,,,,observed_day,False
2015-11-05,True,2.825125,True,,,,,,,,,2.825125,False,,False,,,,,observed_day,False
2015-11-06,True,1.7921249999999995,True,,,,,,,,,1.7921249999999995,False,,False,,,,,observed_day,False
2015-11-07,True,1.027125,True,,,,,,,,,1.027125,False,,False,,,,,observed_day,False
2015-11-08,True,0.6535833333333333,True,,,,,,,,,0.6535833333333333,False,,False,,,,,observed_day,False
2015-11-09,False,0.3874,False,REAL_L001_20151109,0.7381056411693618,-0.1318814754486084,True,False,REAL_L001_20151109,5.0,0.8453157932243042,0.8453157932243042,True,state_space_kalman,False,REAL_L001_20151109,5.0,short,interpolation_within_range,real gap — no withheld truth,False
2015-11-10,False,0.3745454545454545,False,REAL_L001_20151109,1.0807819528843974,0.0337380841374397,True,False,REAL_L001_20151109,5.0,1.093294081766316,1.093294081766316,True,state_space_kalman,False,REAL_L001_20151109,5.0,short,interpolation_within_range,real gap — no withheld truth,False
2015-11-11,False,,False,REAL_L001_20151109,1.8552631856700457,0.2684055268764496,True,False,REAL_L001_20151109,5.0,1.414018238871448,1.414018238871448,True,state_space_kalman,False,REAL_L001_20151109,5.0,short,interpolation_within_range,real gap — no withheld truth,False
2015-11-12,False,,False,REAL_L001_20151109,1.647779562082932,0.216899111866951,True,False,REAL_L001_20151109,5.0,1.8288286868166543,1.8288286868166543,True,state_space_kalman,False,REAL_L001_20151109,5.0,short,interpolation_within_range,real gap — no withheld truth,False
2015-11-13,False,0.7243,False,REAL_L001_20151109,2.2798012299489545,0.3578969836235046,True,False,REAL_L001_20151109,5.0,2.365326184471936,2.365326184471936,True,state_space_kalman,False,REAL_L001_20151109,5.0,short,interpolation_within_range,real gap — no withheld truth,False
2015-11-14,True,3.059208333333333,True,,,,,,,,,3.059208333333333,False,,False,,,,,observed_day,False
2015-11-15,True,4.090291666666666,True,,,,,,,,,4.090291666666666,False,,False,,,,,observed_day,False
2015-11-16,True,1.8021666666666665,True,,,,,,,,,1.8021666666666665,False,,False,,,,,observed_day,False
2015-11-17,True,1.2130416666666666,True,,,,,,,,,1.2130416666666666,False,,False,,,,,observed_day,False
2015-11-18,True,0.9417083333333331,True,,,,,,,,,0.9417083333333331,False,,False,,,,,observed_day,False
2015-11-19,True,0.3699166666666666,True,,,,,,,,,0.3699166666666666,False,,False,,,,,observed_day,False
2015-11-20,True,0.2383333333333333,True,,,,,,,,,0.2383333333333333,False,,False,,,,,observed_day,False
2015-11-21,True,0.3047083333333333,True,,,,,,,,,0.3047083333333333,False,,False,,,,,observed_day,False
2015-11-22,True,1.1120416666666666,True,,,,,,,,,1.1120416666666666,False,,False,,,,,observed_day,False
2015-11-23,True,1.4891250000000005,True,,,,,,,,,1.4891250000000005,False,,False,,,,,observed_day,False
2015-11-24,True,1.8140833333333333,True,,,,,,,,,1.8140833333333333,False,,False,,,,,observed_day,False
2015-11-25,True,1.674875,True,,,,,,,,,1.674875,False,,False,,,,,observed_day,False
2015-11-26,True,1.7988333333333333,True,,,,,,,,,1.7988333333333333,False,,False,,,,,observed_day,False
2015-11-27,True,1.5785833333333332,True,,,,,,,,,1.5785833333333332,False,,False,,,,,observed_day,False
2015-11-28,True,1.329041666666667,True,,,,,,,,,1.329041666666667,False,,False,,,,,observed_day,False
2015-11-29,True,1.147375,True,,,,,,,,,1.147375,False,,False,,,,,observed_day,False
2015-11-30,False,,False,REAL_L031_20151130,1.31516464254659,0.118980124592781,True,False,REAL_L031_20151130,45.0,1.548545313340814,1.548545313340814,True,gap_edge_residual_model,False,REAL_L031_20151130,45.0,long,yes,real gap — no withheld truth,False
2015-12-01,False,,False,REAL_L031_20151130,1.3981000639344678,0.145538255572319,True,False,REAL_L031_20151130,45.0,1.5910575320406264,1.5910575320406264,True,gap_edge_residual_model,False,REAL_L031_20151130,45.0,long,yes,real gap — no withheld truth,False
2015-12-02,False,,False,REAL_L031_20151130,2.138741190272443,0.3301582336425781,True,False,REAL_L031_20151130,45.0,1.6925320265124342,1.6925320265124342,True,gap_edge_residual_model,False,REAL_L031_20151130,45.0,long,yes,real gap — no withheld truth,False
2015-12-03,False,,False,REAL_L031_20151130,2.6097264194547334,0.4165949821472168,True,False,REAL_L031_20151130,45.0,1.670243895538239,1.670243895538239,True,gap_edge_residual_model,False,REAL_L031_20151130,45.0,long,yes,real gap — no withheld truth,False
2015-12-04,False,,False,REAL_L031_20151130,2.009507165223667,0.3030895590782165,True,False,REAL_L031_20151130,45.0,1.5278847208191602,1.5278847208191602,True,gap_edge_residual_model,False,REAL_L031_20151130,45.0,long,yes,real gap — no withheld truth,False
2015-12-05,False,,False,REAL_L031_20151130,2.040595547213548,0.3097569346427917,True,False,REAL_L031_20151130,45.0,1.498102901169148,1.498102901169148,True,gap_edge_residual_model,False,REAL_L031_20151130,45.0,long,yes,real gap — no withheld truth,False
2015-12-06,False,,False,REAL_L031_20151130,3.5797527795577264,0.5538530349731445,True,False,REAL_L031_20151130,45.0,1.6492475623275489,1.6492475623275489,True,gap_edge_residual_model,False,REAL_L031_20151130,45.0,long,yes,real gap — no withheld truth,False
2015-12-07,False,,False,REAL_L031_20151130,2.2123609998107994,0.3448559939861297,True,False,REAL_L031_20151130,45.0,1.6424055345126425,1.6424055345126425,True,gap_edge_residual_model,False,REAL_L031_20151130,45.0,long,yes,real gap — no withheld truth,False
2015-12-08,False,,False,REAL_L031_20151130,3.703600032424392,0.5686240792274475,True,False,REAL_L031_20151130,45.0,1.699022146978982,1.699022146978982,True,gap_edge_residual_model,False,REAL_L031_20151130,45.0,long,yes,real gap — no withheld truth,False
2015-12-09,False,,False,REAL_L031_20151130,3.916796180073998,0.5929309725761414,True,False,REAL_L031_20151130,45.0,1.7971075728869128,1.7971075728869128,True,gap_edge_residual_model,False,REAL_L031_20151130,45.0,long,yes,real gap — no withheld truth,False
2015-12-10,False,,False,REAL_L031_20151130,2.587751275770891,0.4129225313663482,True,False,REAL_L031_20151130,45.0,1.7649784745870336,1.7649784745870336,True,gap_edge_residual_model,False,REAL_L031_20151130,45.0,long,yes,real gap — no withheld truth,False
2015-12-11,False,,False,REAL_L031_20151130,2.5306921024921727,0.4032393097877502,True,False,REAL_L031_20151130,45.0,1.8256483288516612,1.8256483288516612,True,gap_edge_residual_model,False,REAL_L031_20151130,45.0,long,yes,real gap — no withheld truth,False
2015-12-12,False,,False,REAL_L031_20151130,2.871775237682397,0.4581504464149475,True,False,REAL_L031_20151130,45.0,1.679452497853551,1.679452497853551,True,gap_edge_residual_model,False,REAL_L031_20151130,45.0,long,yes,real gap — no withheld truth,False
2015-12-13,False,,False,REAL_L031_20151130,2.819265108283348,0.4501359164714813,True,False,REAL_L031_20151130,45.0,1.5914903424099427,1.5914903424099427,True,gap_edge_residual_model,False,REAL_L031_20151130,45.0,long,yes,real gap — no withheld truth,False
2015-12-14,False,,False,REAL_L031_20151130,3.551574100819052,0.550420880317688,True,False,REAL_L031_20151130,45.0,1.649986600393972,1.649986600393972,True,gap_edge_residual_model,False,REAL_L031_20151130,45.0,long,yes,real gap — no withheld truth,False
2015-12-15,False,,False,REAL_L031_20151130,2.932341753694949,0.4672145843505859,True,False,REAL_L031_20151130,45.0,1.5970429653254077,1.5970429653254077,True,gap_edge_residual_model,False,REAL_L031_20151130,45.0,long,yes,real gap — no withheld truth,False
2015-12-16,False,,False,REAL_L031_20151130,2.7783206021090137,0.4437823593616485,True,False,REAL_L031_20151130,45.0,1.5463267469036617,1.5463267469036617,True,gap_edge_residual_model,False,REAL_L031_20151130,45.0,long,yes,real gap — no withheld truth,False
2015-12-17,False,,False,REAL_L031_20151130,3.480975918326598,0.5417010188102722,True,False,REAL_L031_20151130,45.0,1.6341105520742256,1.6341105520742256,True,gap_edge_residual_model,False,REAL_L031_20151130,45.0,long,yes,real gap — no withheld truth,False
2015-12-18,False,,False,REAL_L031_20151130,3.704166321603519,0.5686904788017273,True,False,REAL_L031_20151130,45.0,1.6748075823349284,1.6748075823349284,True,gap_edge_residual_model,False,REAL_L031_20151130,45.0,long,yes,real gap — no withheld truth,False
2015-12-19,False,,False,REAL_L031_20151130,2.7376340664811156,0.437375396490097,True,False,REAL_L031_20151130,45.0,1.6309971156486254,1.6309971156486254,True,gap_edge_residual_model,False,REAL_L031_20151130,45.0,long,yes,real gap — no withheld truth,False
2015-12-20,False,,False,REAL_L031_20151130,3.298365694002913,0.5182988047599792,True,False,REAL_L031_20151130,45.0,1.7851956957288064,1.7851956957288064,True,gap_edge_residual_model,False,REAL_L031_20151130,45.0,long,yes,real gap — no withheld truth,False
2015-12-21,False,,False,REAL_L031_20151130,2.78188202998142,0.444338709115982,True,False,REAL_L031_20151130,45.0,1.723302477887965,1.723302477887965,True,gap_edge_residual_model,False,REAL_L031_20151130,45.0,long,yes,real gap — no withheld truth,False
2015-12-22,False,,False,REAL_L031_20151130,3.849706162461563,0.5854275822639465,True,False,REAL_L031_20151130,45.0,1.6603459657054565,1.6603459657054565,True,gap_edge_residual_model,False,REAL_L031_20151130,45.0,long,yes,real gap — no withheld truth,False
2015-12-23,False,,False,REAL_L031_20151130,3.5144755713960407,0.5458605289459229,True,False,REAL_L031_20151130,45.0,1.7110122703817698,1.7110122703817698,True,gap_edge_residual_model,False,REAL_L031_20151130,45.0,long,yes,real gap — no withheld truth,False
2015-12-24,False,,False,REAL_L031_20151130,4.0743089365094605,0.6100539565086365,True,False,REAL_L031_20151130,45.0,1.7430869321192295,1.7430869321192295,True,gap_edge_residual_model,False,REAL_L031_20151130,45.0,long,yes,real gap — no withheld truth,False
2015-12-25,False,,False,REAL_L031_20151130,3.342827398785188,0.5241139531135559,True,False,REAL_L031_20151130,45.0,1.821184457827396,1.821184457827396,True,gap_edge_residual_model,False,REAL_L031_20151130,45.0,long,yes,real gap — no withheld truth,False
2015-12-26,False,,False,REAL_L031_20151130,3.534545084741231,0.5483335256576538,True,False,REAL_L031_20151130,45.0,1.9108743762260931,1.9108743762260931,True,gap_edge_residual_model,False,REAL_L031_20151130,45.0,long,yes,real gap — no withheld truth,False
2015-12-27,False,,False,REAL_L031_20151130,2.740128331586934,0.4377709031105041,True,False,REAL_L031_20151130,45.0,1.7448659285297683,1.7448659285297683,True,gap_edge_residual_model,False,REAL_L031_20151130,45.0,long,yes,real gap — no withheld truth,False
2015-12-28,False,,False,REAL_L031_20151130,3.2013528391328716,0.5053335428237915,True,False,REAL_L031_20151130,45.0,1.7221174263777412,1.7221174263777412,True,gap_edge_residual_model,False,REAL_L031_20151130,45.0,long,yes,real gap — no withheld truth,False
2015-12-29,False,,False,REAL_L031_20151130,3.130090260143934,0.4955568611621856,True,False,REAL_L031_20151130,45.0,1.7450313717598191,1.7450313717598191,True,gap_edge_residual_model,False,REAL_L031_20151130,45.0,long,yes,real gap — no withheld truth,False
2015-12-30,False,,False,REAL_L031_20151130,3.128979756099938,0.4954027533531189,True,False,REAL_L031_20151130,45.0,1.648850920483431,1.648850920483431,True,gap_edge_residual_model,False,REAL_L031_20151130,45.0,long,yes,real gap — no withheld truth,False
2015-12-31,False,,False,REAL_L031_20151130,3.2275070841804334,0.5088672041893005,True,False,REAL_L031_20151130,45.0,1.5717091285131215,1.5717091285131215,True,gap_edge_residual_model,False,REAL_L031_20151130,45.0,long,yes,real gap — no withheld truth,False
2016-01-01,False,,False,REAL_L031_20151130,3.187329986819329,0.5034270286560059,True,False,REAL_L031_20151130,45.0,1.5123722296705238,1.5123722296705238,True,gap_edge_residual_model,False,REAL_L031_20151130,45.0,long,yes,real gap — no withheld truth,False
2016-01-02,False,,False,REAL_L031_20151130,4.23683119495597,0.6270411610603333,True,False,REAL_L031_20151130,45.0,1.6762232718212011,1.6762232718212011,True,gap_edge_residual_model,False,REAL_L031_20151130,45.0,long,yes,real gap — no withheld truth,False
2016-01-03,False,,False,REAL_L031_20151130,3.4428778955208337,0.5369216203689575,True,False,REAL_L031_20151130,45.0,1.6532038644513196,1.6532038644513196,True,gap_edge_residual_model,False,REAL_L031_20151130,45.0,long,yes,real gap — no withheld truth,False
2016-01-04,False,,False,REAL_L031_20151130,2.898369180149007,0.4621537029743194,True,False,REAL_L031_20151130,45.0,1.678199234273315,1.678199234273315,True,gap_edge_residual_model,False,REAL_L031_20151130,45.0,long,yes,real gap — no withheld truth,False
2016-01-05,False,,False,REAL_L031_20151130,2.897630187984094,0.4620429575443268,True,False,REAL_L031_20151130,45.0,1.6142863710992887,1.6142863710992887,True,gap_edge_residual_model,False,REAL_L031_20151130,45.0,long,yes,real gap — no withheld truth,False
2016-01-06,False,,False,REAL_L031_20151130,2.9809877941052467,0.4743601977825165,True,False,REAL_L031_20151130,45.0,1.4153933969286032,1.4153933969286032,True,gap_edge_residual_model,False,REAL_L031_20151130,45.0,long,yes,real gap — no withheld truth,False
2016-01-07,False,2.027214285714286,False,REAL_L031_20151130,4.247410507136874,0.6281242370605469,True,False,REAL_L031_20151130,45.0,1.6683581445719502,1.6683581445719502,True,gap_edge_residual_model,False,REAL_L031_20151130,45.0,long,yes,real gap — no withheld truth,False
2016-01-08,False,,False,REAL_L031_20151130,2.9963423876400355,0.4765914380550384,True,False,REAL_L031_20151130,45.0,1.5152731414240324,1.5152731414240324,True,gap_edge_residual_model,False,REAL_L031_20151130,45.0,long,yes,real gap — no withheld truth,False
2016-01-09,False,,False,REAL_L031_20151130,3.520728921929987,0.5466325879096985,True,False,REAL_L031_20151130,45.0,1.5558692556302556,1.5558692556302556,True,gap_edge_residual_model,False,REAL_L031_20151130,45.0,long,yes,real gap — no withheld truth,False
2016-01-10,False,,False,REAL_L031_20151130,3.7358161044721023,0.5723854899406433,True,False,REAL_L031_20151130,45.0,1.6179267055377062,1.6179267055377062,True,gap_edge_residual_model,False,REAL_L031_20151130,45.0,long,yes,real gap — no withheld truth,False
2016-01-11,False,,False,REAL_L031_20151130,2.6557895058216787,0.4241936504840851,True,False,REAL_L031_20151130,45.0,1.452602571851982,1.452602571851982,True,gap_edge_residual_model,False,REAL_L031_20151130,45.0,long,yes,real gap — no withheld truth,False
2016-01-12,False,,False,REAL_L031_20151130,2.1160378710632566,0.3255234360694885,True,False,REAL_L031_20151130,45.0,1.557217634721475,1.557217634721475,True,gap_edge_residual_model,False,REAL_L031_20151130,45.0,long,yes,real gap — no withheld truth,False
2016-01-13,False,1.2595454545454543,False,REAL_L031_20151130,1.7151918256917298,0.2343126982450485,True,False,REAL_L031_20151130,45.0,2.213531361231977,2.213531361231977,True,gap_edge_residual_model,False,REAL_L031_20151130,45.0,long,yes,real gap — no withheld truth,False
2016-01-14,True,1.045958333333333,True,,,,,,,,,1.045958333333333,False,,False,,,,,observed_day,False
2016-01-15,True,0.5397083333333333,True,,,,,,,,,0.5397083333333333,False,,False,,,,,observed_day,False
2016-01-16,True,0.9669166666666666,True,,,,,,,,,0.9669166666666666,False,,False,,,,,observed_day,False
2016-01-17,True,1.1559166666666665,True,,,,,,,,,1.1559166666666665,False,,False,,,,,observed_day,False
2016-01-18,True,3.8401666666666663,True,,,,,,,,,3.8401666666666663,False,,False,,,,,observed_day,False
2016-01-19,True,3.2922083333333334,True,,,,,,,,,3.2922083333333334,False,,False,,,,,observed_day,False
2016-01-20,True,2.783583333333333,True,,,,,,,,,2.783583333333333,False,,False,,,,,observed_day,False
2016-01-21,True,1.8927916666666669,True,,,,,,,,,1.8927916666666669,False,,False,,,,,observed_day,False
2016-01-22,True,1.7400833333333334,True,,,,,,,,,1.7400833333333334,False,,False,,,,,observed_day,False
2016-01-23,True,1.463666666666667,True,,,,,,,,,1.463666666666667,False,,False,,,,,observed_day,False
2016-01-24,True,2.3805833333333335,True,,,,,,,,,2.3805833333333335,False,,False,,,,,observed_day,False
2016-01-25,True,2.5220833333333332,True,,,,,,,,,2.5220833333333332,False,,False,,,,,observed_day,False
2016-01-26,True,3.5909166666666668,True,,,,,,,,,3.5909166666666668,False,,False,,,,,observed_day,False
2016-01-27,True,4.456166666666666,True,,,,,,,,,4.456166666666666,False,,False,,,,,observed_day,False
2016-01-28,True,3.020208333333333,True,,,,,,,,,3.020208333333333,False,,False,,,,,observed_day,False
2016-01-29,True,4.463541666666667,True,,,,,,,,,4.463541666666667,False,,False,,,,,observed_day,False
2016-01-30,True,3.029041666666666,True,,,,,,,,,3.029041666666666,False,,False,,,,,observed_day,False
2016-01-31,True,3.932625,True,,,,,,,,,3.932625,False,,False,,,,,observed_day,False
2016-02-01,False,2.5011,False,REAL_L001_20160201,4.1438632460774025,0.6174054145812988,True,False,REAL_L001_20160201,4.0,3.7730476654293064,3.7730476654293064,True,state_space_kalman,False,REAL_L001_20160201,4.0,short,interpolation_within_range,real gap — no withheld truth,False
2016-02-02,False,,False,REAL_L001_20160201,3.9068339117545143,0.5918249487876892,True,False,REAL_L001_20160201,4.0,3.6199456306160736,3.6199456306160736,True,state_space_kalman,False,REAL_L001_20160201,4.0,short,interpolation_within_range,real gap — no withheld truth,False
2016-02-03,False,,False,REAL_L001_20160201,3.301154496879414,0.5186658501625061,True,False,REAL_L001_20160201,4.0,3.4730561420366795,3.4730561420366795,True,state_space_kalman,False,REAL_L001_20160201,4.0,short,interpolation_within_range,real gap — no withheld truth,False
2016-02-04,False,4.8931818181818185,False,REAL_L001_20160201,3.12496088491522,0.4948445856571197,True,False,REAL_L001_20160201,4.0,3.332127108131695,3.332127108131695,True,state_space_kalman,False,REAL_L001_20160201,4.0,short,interpolation_within_range,real gap — no withheld truth,False
2016-02-05,True,3.196916666666666,True,,,,,,,,,3.196916666666666,False,,False,,,,,observed_day,False
2016-02-06,True,4.131,True,,,,,,,,,4.131,False,,False,,,,,observed_day,False
2016-02-07,True,3.1019166666666664,True,,,,,,,,,3.1019166666666664,False,,False,,,,,observed_day,False
2016-02-08,True,4.068375,True,,,,,,,,,4.068375,False,,False,,,,,observed_day,False
2016-02-09,True,3.466583333333334,True,,,,,,,,,3.466583333333334,False,,False,,,,,observed_day,False
2016-02-10,True,3.8542083333333337,True,,,,,,,,,3.8542083333333337,False,,False,,,,,observed_day,False
2016-02-11,True,2.689666666666666,True,,,,,,,,,2.689666666666666,False,,False,,,,,observed_day,False
2016-02-12,True,1.7535,True,,,,,,,,,1.7535,False,,False,,,,,observed_day,False
2016-02-13,True,1.2837083333333332,True,,,,,,,,,1.2837083333333332,False,,False,,,,,observed_day,False
2016-02-14,True,1.1750416666666668,True,,,,,,,,,1.1750416666666668,False,,False,,,,,observed_day,False
2016-02-15,True,1.5528750000000002,True,,,,,,,,,1.5528750000000002,False,,False,,,,,observed_day,False
2016-02-16,True,2.6014166666666667,True,,,,,,,,,2.6014166666666667,False,,False,,,,,observed_day,False
2016-02-17,True,3.628916666666667,True,,,,,,,,,3.628916666666667,False,,False,,,,,observed_day,False
2016-02-18,True,3.0104583333333337,True,,,,,,,,,3.0104583333333337,False,,False,,,,,observed_day,False
2016-02-19,True,3.1517916666666665,True,,,,,,,,,3.1517916666666665,False,,False,,,,,observed_day,False
2016-02-20,True,3.3933750000000003,True,,,,,,,,,3.3933750000000003,False,,False,,,,,observed_day,False
2016-02-21,True,3.2814166666666664,True,,,,,,,,,3.2814166666666664,False,,False,,,,,observed_day,False
2016-02-22,True,2.4457083333333336,True,,,,,,,,,2.4457083333333336,False,,False,,,,,observed_day,False
2016-02-23,True,1.428583333333333,True,,,,,,,,,1.428583333333333,False,,False,,,,,observed_day,False
2016-02-24,True,1.0619166666666666,True,,,,,,,,,1.0619166666666666,False,,False,,,,,observed_day,False
2016-02-25,True,0.630375,True,,,,,,,,,0.630375,False,,False,,,,,observed_day,False
2016-02-26,True,0.4782916666666667,True,,,,,,,,,0.4782916666666667,False,,False,,,,,observed_day,False
2016-02-27,True,0.5608333333333334,True,,,,,,,,,0.5608333333333334,False,,False,,,,,observed_day,False
2016-02-28,True,0.66325,True,,,,,,,,,0.66325,False,,False,,,,,observed_day,False
2016-02-29,True,1.5502916666666664,True,,,,,,,,,1.5502916666666664,False,,False,,,,,observed_day,False
2016-03-01,True,1.7415,True,,,,,,,,,1.7415,False,,False,,,,,observed_day,False
2016-03-02,True,2.126958333333333,True,,,,,,,,,2.126958333333333,False,,False,,,,,observed_day,False
2016-03-03,True,2.791166666666667,True,,,,,,,,,2.791166666666667,False,,False,,,,,observed_day,False
2016-03-04,True,2.9428333333333327,True,,,,,,,,,2.9428333333333327,False,,False,,,,,observed_day,False
2016-03-05,True,4.5175833333333335,True,,,,,,,,,4.5175833333333335,False,,False,,,,,observed_day,False
2016-03-06,True,4.9870833333333335,True,,,,,,,,,4.9870833333333335,False,,False,,,,,observed_day,False
2016-03-07,True,5.025958333333334,True,,,,,,,,,5.025958333333334,False,,False,,,,,observed_day,False
2016-03-08,True,6.862416666666667,True,,,,,,,,,6.862416666666667,False,,False,,,,,observed_day,False
2016-03-09,True,6.740583333333333,True,,,,,,,,,6.740583333333333,False,,False,,,,,observed_day,False
2016-03-10,True,5.188291666666667,True,,,,,,,,,5.188291666666667,False,,False,,,,,observed_day,False
2016-03-11,True,4.803208333333333,True,,,,,,,,,4.803208333333333,False,,False,,,,,observed_day,False
2016-03-12,True,7.025208333333333,True,,,,,,,,,7.025208333333333,False,,False,,,,,observed_day,False
2016-03-13,True,7.795708333333334,True,,,,,,,,,7.795708333333334,False,,False,,,,,observed_day,False
2016-03-14,True,6.141041666666666,True,,,,,,,,,6.141041666666666,False,,False,,,,,observed_day,False
2016-03-15,True,4.5449166666666665,True,,,,,,,,,4.5449166666666665,False,,False,,,,,observed_day,False
2016-03-16,True,3.5883749999999996,True,,,,,,,,,3.5883749999999996,False,,False,,,,,observed_day,False
2016-03-17,True,1.6650416666666663,True,,,,,,,,,1.6650416666666663,False,,False,,,,,observed_day,False
2016-03-18,True,0.6011666666666666,True,,,,,,,,,0.6011666666666666,False,,False,,,,,observed_day,False
2016-03-19,True,0.7680416666666666,True,,,,,,,,,0.7680416666666666,False,,False,,,,,observed_day,False
2016-03-20,True,1.6047083333333336,True,,,,,,,,,1.6047083333333336,False,,False,,,,,observed_day,False
2016-03-21,True,1.8780833333333335,True,,,,,,,,,1.8780833333333335,False,,False,,,,,observed_day,False
2016-03-22,True,1.895708333333333,True,,,,,,,,,1.895708333333333,False,,False,,,,,observed_day,False
2016-03-23,True,4.536416666666667,True,,,,,,,,,4.536416666666667,False,,False,,,,,observed_day,False
2016-03-24,True,4.498916666666666,True,,,,,,,,,4.498916666666666,False,,False,,,,,observed_day,False
2016-03-25,True,7.171208333333333,True,,,,,,,,,7.171208333333333,False,,False,,,,,observed_day,False
2016-03-26,True,9.715416666666668,True,,,,,,,,,9.715416666666668,False,,False,,,,,observed_day,False
2016-03-27,True,10.583541666666669,True,,,,,,,,,10.583541666666669,False,,False,,,,,observed_day,False
2016-03-28,True,7.527666666666666,True,,,,,,,,,7.527666666666666,False,,False,,,,,observed_day,False
2016-03-29,True,6.761458333333334,True,,,,,,,,,6.761458333333334,False,,False,,,,,observed_day,False
2016-03-30,True,7.511500000000001,True,,,,,,,,,7.511500000000001,False,,False,,,,,observed_day,False
2016-03-31,True,7.940958333333332,True,,,,,,,,,7.940958333333332,False,,False,,,,,observed_day,False
2016-04-01,True,6.900458333333333,True,,,,,,,,,6.900458333333333,False,,False,,,,,observed_day,False
2016-04-02,True,5.364958333333334,True,,,,,,,,,5.364958333333334,False,,False,,,,,observed_day,False
2016-04-03,True,7.68775,True,,,,,,,,,7.68775,False,,False,,,,,observed_day,False
2016-04-04,True,1.7876666666666663,True,,,,,,,,,1.7876666666666663,False,,False,,,,,observed_day,False
2016-04-05,True,2.1925000000000003,True,,,,,,,,,2.1925000000000003,False,,False,,,,,observed_day,False
2016-04-06,True,3.542125,True,,,,,,,,,3.542125,False,,False,,,,,observed_day,False
2016-04-07,True,3.1764166666666664,True,,,,,,,,,3.1764166666666664,False,,False,,,,,observed_day,False
2016-04-08,True,3.1336666666666666,True,,,,,,,,,3.1336666666666666,False,,False,,,,,observed_day,False
2016-04-09,True,3.692041666666667,True,,,,,,,,,3.692041666666667,False,,False,,,,,observed_day,False
2016-04-10,True,3.6340416666666666,True,,,,,,,,,3.6340416666666666,False,,False,,,,,observed_day,False
2016-04-11,True,6.393166666666667,True,,,,,,,,,6.393166666666667,False,,False,,,,,observed_day,False
2016-04-12,True,6.113416666666666,True,,,,,,,,,6.113416666666666,False,,False,,,,,observed_day,False
2016-04-13,True,3.0457916666666662,True,,,,,,,,,3.0457916666666662,False,,False,,,,,observed_day,False
2016-04-14,True,4.185666666666667,True,,,,,,,,,4.185666666666667,False,,False,,,,,observed_day,False
2016-04-15,True,4.989708333333333,True,,,,,,,,,4.989708333333333,False,,False,,,,,observed_day,False
2016-04-16,True,5.126541666666667,True,,,,,,,,,5.126541666666667,False,,False,,,,,observed_day,False
2016-04-17,True,4.628583333333334,True,,,,,,,,,4.628583333333334,False,,False,,,,,observed_day,False
2016-04-18,True,2.378083333333333,True,,,,,,,,,2.378083333333333,False,,False,,,,,observed_day,False
2016-04-19,True,1.4019583333333336,True,,,,,,,,,1.4019583333333336,False,,False,,,,,observed_day,False
2016-04-20,True,1.8669583333333335,True,,,,,,,,,1.8669583333333335,False,,False,,,,,observed_day,False
2016-04-21,True,3.183833333333333,True,,,,,,,,,3.183833333333333,False,,False,,,,,observed_day,False
2016-04-22,True,3.0469166666666667,True,,,,,,,,,3.0469166666666667,False,,False,,,,,observed_day,False
2016-04-23,True,5.011541666666667,True,,,,,,,,,5.011541666666667,False,,False,,,,,observed_day,False
2016-04-24,True,4.976624999999999,True,,,,,,,,,4.976624999999999,False,,False,,,,,observed_day,False
2016-04-25,True,2.9951250000000003,True,,,,,,,,,2.9951250000000003,False,,False,,,,,observed_day,False
2016-04-26,True,2.852375,True,,,,,,,,,2.852375,False,,False,,,,,observed_day,False
2016-04-27,True,3.435625,True,,,,,,,,,3.435625,False,,False,,,,,observed_day,False
2016-04-28,True,3.5276666666666667,True,,,,,,,,,3.5276666666666667,False,,False,,,,,observed_day,False
2016-04-29,True,4.4200952380952385,True,,,,,,,,,4.4200952380952385,False,,False,,,,,observed_day,False
2016-04-30,True,2.7695416666666666,True,,,,,,,,,2.7695416666666666,False,,False,,,,,observed_day,False
2016-05-01,True,0.8675,True,,,,,,,,,0.8675,False,,False,,,,,observed_day,False
2016-05-02,True,0.5246666666666667,True,,,,,,,,,0.5246666666666667,False,,False,,,,,observed_day,False
2016-05-03,True,0.5098333333333334,True,,,,,,,,,0.5098333333333334,False,,False,,,,,observed_day,False
2016-05-04,True,0.4781666666666666,True,,,,,,,,,0.4781666666666666,False,,False,,,,,observed_day,False
2016-05-05,True,0.4184166666666666,True,,,,,,,,,0.4184166666666666,False,,False,,,,,observed_day,False
2016-05-06,True,0.3342083333333334,True,,,,,,,,,0.3342083333333334,False,,False,,,,,observed_day,False
2016-05-07,True,0.4457916666666666,True,,,,,,,,,0.4457916666666666,False,,False,,,,,observed_day,False
2016-05-08,True,0.5882083333333333,True,,,,,,,,,0.5882083333333333,False,,False,,,,,observed_day,False
2016-05-09,True,1.1967916666666667,True,,,,,,,,,1.1967916666666667,False,,False,,,,,observed_day,False
2016-05-10,True,1.3342916666666664,True,,,,,,,,,1.3342916666666664,False,,False,,,,,observed_day,False
2016-05-11,True,1.635916666666667,True,,,,,,,,,1.635916666666667,False,,False,,,,,observed_day,False
2016-05-12,True,1.831,True,,,,,,,,,1.831,False,,False,,,,,observed_day,False
2016-05-13,True,1.0220416666666667,True,,,,,,,,,1.0220416666666667,False,,False,,,,,observed_day,False
2016-05-14,True,1.1010833333333334,True,,,,,,,,,1.1010833333333334,False,,False,,,,,observed_day,False
2016-05-15,True,1.456041666666667,True,,,,,,,,,1.456041666666667,False,,False,,,,,observed_day,False
2016-05-16,True,1.5896666666666668,True,,,,,,,,,1.5896666666666668,False,,False,,,,,observed_day,False
2016-05-17,True,1.64325,True,,,,,,,,,1.64325,False,,False,,,,,observed_day,False
2016-05-18,True,1.860458333333333,True,,,,,,,,,1.860458333333333,False,,False,,,,,observed_day,False
2016-05-19,True,2.142333333333333,True,,,,,,,,,2.142333333333333,False,,False,,,,,observed_day,False
2016-05-20,True,1.718625,True,,,,,,,,,1.718625,False,,False,,,,,observed_day,False
2016-05-21,True,1.76475,True,,,,,,,,,1.76475,False,,False,,,,,observed_day,False
2016-05-22,True,1.5670000000000002,True,,,,,,,,,1.5670000000000002,False,,False,,,,,observed_day,False
2016-05-23,True,1.468333333333333,True,,,,,,,,,1.468333333333333,False,,False,,,,,observed_day,False
2016-05-24,True,0.9359583333333332,True,,,,,,,,,0.9359583333333332,False,,False,,,,,observed_day,False
2016-05-25,True,1.0329583333333332,True,,,,,,,,,1.0329583333333332,False,,False,,,,,observed_day,False
2016-05-26,True,1.5117083333333332,True,,,,,,,,,1.5117083333333332,False,,False,,,,,observed_day,False
2016-05-27,True,1.3107083333333334,True,,,,,,,,,1.3107083333333334,False,,False,,,,,observed_day,False
2016-05-28,True,1.0582083333333332,True,,,,,,,,,1.0582083333333332,False,,False,,,,,observed_day,False
2016-05-29,True,0.9497916666666668,True,,,,,,,,,0.9497916666666668,False,,False,,,,,observed_day,False
2016-05-30,True,0.760125,True,,,,,,,,,0.760125,False,,False,,,,,observed_day,False
2016-05-31,True,0.8622916666666667,True,,,,,,,,,0.8622916666666667,False,,False,,,,,observed_day,False
2016-06-01,True,0.9183333333333332,True,,,,,,,,,0.9183333333333332,False,,False,,,,,observed_day,False
2016-06-02,True,1.0389166666666667,True,,,,,,,,,1.0389166666666667,False,,False,,,,,observed_day,False
2016-06-03,True,1.4503333333333333,True,,,,,,,,,1.4503333333333333,False,,False,,,,,observed_day,False
2016-06-04,True,1.6860416666666669,True,,,,,,,,,1.6860416666666669,False,,False,,,,,observed_day,False
2016-06-05,True,1.311125,True,,,,,,,,,1.311125,False,,False,,,,,observed_day,False
2016-06-06,True,1.4018749999999998,True,,,,,,,,,1.4018749999999998,False,,False,,,,,observed_day,False
2016-06-07,True,1.2565833333333334,True,,,,,,,,,1.2565833333333334,False,,False,,,,,observed_day,False
2016-06-08,True,1.0876249999999998,True,,,,,,,,,1.0876249999999998,False,,False,,,,,observed_day,False
2016-06-09,True,0.9205833333333334,True,,,,,,,,,0.9205833333333334,False,,False,,,,,observed_day,False
2016-06-10,True,0.7083749999999999,True,,,,,,,,,0.7083749999999999,False,,False,,,,,observed_day,False
2016-06-11,True,0.64325,True,,,,,,,,,0.64325,False,,False,,,,,observed_day,False
2016-06-12,True,0.8093333333333333,True,,,,,,,,,0.8093333333333333,False,,False,,,,,observed_day,False
2016-06-13,True,0.9587916666666668,True,,,,,,,,,0.9587916666666668,False,,False,,,,,observed_day,False
2016-06-14,True,1.1629166666666666,True,,,,,,,,,1.1629166666666666,False,,False,,,,,observed_day,False
2016-06-15,True,0.9119583333333332,True,,,,,,,,,0.9119583333333332,False,,False,,,,,observed_day,False
2016-06-16,False,0.7575714285714283,False,REAL_L001_20160616,0.8519544786349562,-0.0695836097002029,True,False,REAL_L001_20160616,6.0,0.9040031501210378,0.9040031501210378,True,state_space_kalman,False,REAL_L001_20160616,6.0,short,interpolation_within_range,real gap — no withheld truth,False
2016-06-17,False,,False,REAL_L001_20160616,0.9534691906964612,-0.0206933356821537,True,False,REAL_L001_20160616,6.0,0.8961173614606951,0.8961173614606951,True,state_space_kalman,False,REAL_L001_20160616,6.0,short,interpolation_within_range,real gap — no withheld truth,False
2016-06-18,False,,False,REAL_L001_20160616,0.9908986013336823,-0.0039707846008241,True,False,REAL_L001_20160616,6.0,0.8883003620106413,0.8883003620106413,True,state_space_kalman,False,REAL_L001_20160616,6.0,short,interpolation_within_range,real gap — no withheld truth,False
2016-06-19,False,,False,REAL_L001_20160616,0.9814722296342718,-0.0081219840794801,True,False,REAL_L001_20160616,6.0,0.8805515517097215,0.8805515517097215,True,state_space_kalman,False,REAL_L001_20160616,6.0,short,interpolation_within_range,real gap — no withheld truth,False
2016-06-20,False,,False,REAL_L001_20160616,0.9811243078302144,-0.0082759642973542,True,False,REAL_L001_20160616,6.0,0.8728703357312264,0.8728703357312264,True,state_space_kalman,False,REAL_L001_20160616,6.0,short,interpolation_within_range,real gap — no withheld truth,False
2016-06-21,False,0.7322,False,REAL_L001_20160616,0.9192583812531218,-0.0365624018013477,True,False,REAL_L001_20160616,6.0,0.8652561244372312,0.8652561244372312,True,state_space_kalman,False,REAL_L001_20160616,6.0,short,interpolation_within_range,real gap — no withheld truth,False
2016-06-22,True,0.8577083333333334,True,,,,,,,,,0.8577083333333334,False,,False,,,,,observed_day,False
2016-06-23,True,0.796875,True,,,,,,,,,0.796875,False,,False,,,,,observed_day,False
2016-06-24,True,0.7379166666666667,True,,,,,,,,,0.7379166666666667,False,,False,,,,,observed_day,False
2016-06-25,True,0.7768750000000001,True,,,,,,,,,0.7768750000000001,False,,False,,,,,observed_day,False
2016-06-26,True,1.2195,True,,,,,,,,,1.2195,False,,False,,,,,observed_day,False
2016-06-27,True,1.6779166666666665,True,,,,,,,,,1.6779166666666665,False,,False,,,,,observed_day,False
2016-06-28,True,1.8565833333333333,True,,,,,,,,,1.8565833333333333,False,,False,,,,,observed_day,False
2016-06-29,True,1.7164583333333334,True,,,,,,,,,1.7164583333333334,False,,False,,,,,observed_day,False
2016-06-30,True,1.6845416666666664,True,,,,,,,,,1.6845416666666664,False,,False,,,,,observed_day,False
2016-07-01,True,1.9441250000000003,True,,,,,,,,,1.9441250000000003,False,,False,,,,,observed_day,False
2016-07-02,True,2.2395833333333335,True,,,,,,,,,2.2395833333333335,False,,False,,,,,observed_day,False
2016-07-03,True,1.3153333333333337,True,,,,,,,,,1.3153333333333337,False,,False,,,,,observed_day,False
2016-07-04,True,0.9005416666666667,True,,,,,,,,,0.9005416666666667,False,,False,,,,,observed_day,False
2016-07-05,True,1.3908333333333334,True,,,,,,,,,1.3908333333333334,False,,False,,,,,observed_day,False
2016-07-06,True,1.0438333333333334,True,,,,,,,,,1.0438333333333334,False,,False,,,,,observed_day,False
2016-07-07,True,1.1005,True,,,,,,,,,1.1005,False,,False,,,,,observed_day,False
2016-07-08,True,1.1621666666666666,True,,,,,,,,,1.1621666666666666,False,,False,,,,,observed_day,False
2016-07-09,True,1.5800833333333333,True,,,,,,,,,1.5800833333333333,False,,False,,,,,observed_day,False
2016-07-10,True,1.367375,True,,,,,,,,,1.367375,False,,False,,,,,observed_day,False
2016-07-11,True,1.4563333333333333,True,,,,,,,,,1.4563333333333333,False,,False,,,,,observed_day,False
2016-07-12,True,2.3707083333333334,True,,,,,,,,,2.3707083333333334,False,,False,,,,,observed_day,False
2016-07-13,True,3.4109166666666666,True,,,,,,,,,3.4109166666666666,False,,False,,,,,observed_day,False
2016-07-14,True,3.369208333333334,True,,,,,,,,,3.369208333333334,False,,False,,,,,observed_day,False
2016-07-15,True,2.8668333333333336,True,,,,,,,,,2.8668333333333336,False,,False,,,,,observed_day,False
2016-07-16,True,5.416458333333334,True,,,,,,,,,5.416458333333334,False,,False,,,,,observed_day,False
2016-07-17,True,6.1375,True,,,,,,,,,6.1375,False,,False,,,,,observed_day,False
2016-07-18,True,2.48625,True,,,,,,,,,2.48625,False,,False,,,,,observed_day,False
2016-07-19,False,2.4495,False,REAL_L001_20160719,2.0296893918050314,0.3074295818805694,True,False,REAL_L001_20160719,3.0,3.0829991146760207,3.0829991146760207,True,gaussian_process,False,REAL_L001_20160719,3.0,short,no,real gap — no withheld truth,False
2016-07-20,False,4.041,False,REAL_L001_20160719,2.1434444651412377,0.3311122357845306,True,False,REAL_L001_20160719,3.0,2.887695915620077,2.887695915620077,True,gaussian_process,False,REAL_L001_20160719,3.0,short,no,real gap — no withheld truth,False
2016-07-21,False,3.24,False,REAL_L001_20160719,2.557935063545776,0.4078895151615143,True,False,REAL_L001_20160719,3.0,2.837326258428053,2.837326258428053,True,gaussian_process,False,REAL_L001_20160719,3.0,short,no,real gap — no withheld truth,False
2016-07-22,True,2.889416666666667,True,,,,,,,,,2.889416666666667,False,,False,,,,,observed_day,False
2016-07-23,True,2.888291666666666,True,,,,,,,,,2.888291666666666,False,,False,,,,,observed_day,False
2016-07-24,True,2.7957916666666667,True,,,,,,,,,2.7957916666666667,False,,False,,,,,observed_day,False
2016-07-25,True,3.1488333333333336,True,,,,,,,,,3.1488333333333336,False,,False,,,,,observed_day,False
2016-07-26,False,2.293,False,REAL_L001_20160726,2.4046476622978585,0.3810514509677887,True,False,REAL_L001_20160726,1.0,2.44912535612601,2.44912535612601,True,gaussian_process,False,REAL_L001_20160726,1.0,short,no,real gap — no withheld truth,False
2016-07-27,True,1.9459583333333332,True,,,,,,,,,1.9459583333333332,False,,False,,,,,observed_day,False
2016-07-28,False,2.305,False,REAL_L001_20160728,1.695577520583052,0.2293176501989364,True,False,REAL_L001_20160728,3.0,1.65813745397116,1.65813745397116,True,gaussian_process,False,REAL_L001_20160728,3.0,short,no,real gap — no withheld truth,False
2016-07-29,False,1.612,False,REAL_L001_20160728,1.3684605645339845,0.1362322866916656,True,False,REAL_L001_20160728,3.0,1.3636690239114886,1.3636690239114886,True,gaussian_process,False,REAL_L001_20160728,3.0,short,no,real gap — no withheld truth,False
2016-07-30,False,1.401,False,REAL_L001_20160728,1.1914646978743508,0.0760811790823936,True,False,REAL_L001_20160728,3.0,1.1436141925490697,1.1436141925490697,True,gaussian_process,False,REAL_L001_20160728,3.0,short,no,real gap — no withheld truth,False
2016-07-31,True,1.0011666666666663,True,,,,,,,,,1.0011666666666663,False,,False,,,,,observed_day,False
2016-08-01,True,0.8874166666666667,True,,,,,,,,,0.8874166666666667,False,,False,,,,,observed_day,False
2016-08-02,True,1.0719583333333331,True,,,,,,,,,1.0719583333333331,False,,False,,,,,observed_day,False
2016-08-03,False,1.4030909090909092,False,REAL_L001_20160803,1.3928452518304355,0.1439028680324554,True,False,REAL_L001_20160803,1.0,1.398742235962796,1.398742235962796,True,gaussian_process,False,REAL_L001_20160803,1.0,short,no,real gap — no withheld truth,False
2016-08-04,True,2.01625,True,,,,,,,,,2.01625,False,,False,,,,,observed_day,False
2016-08-05,False,2.629,False,REAL_L001_20160805,2.0302817058027327,0.3075563013553619,True,False,REAL_L001_20160805,1.0,2.015076054392378,2.015076054392378,True,gaussian_process,False,REAL_L001_20160805,1.0,short,no,real gap — no withheld truth,False
2016-08-06,True,2.0610833333333334,True,,,,,,,,,2.0610833333333334,False,,False,,,,,observed_day,False
2016-08-07,True,3.0234583333333336,True,,,,,,,,,3.0234583333333336,False,,False,,,,,observed_day,False
2016-08-08,True,5.600083333333333,True,,,,,,,,,5.600083333333333,False,,False,,,,,observed_day,False
2016-08-09,False,10.814,False,REAL_L001_20160809,6.9727790286966,0.8434059023857117,True,False,REAL_L001_20160809,2.0,7.898838667754175,7.898838667754175,True,gaussian_process,False,REAL_L001_20160809,2.0,short,interpolation_within_range,real gap — no withheld truth,False
2016-08-10,False,20.361,False,REAL_L001_20160809,8.55299771940934,0.9321183562278748,True,False,REAL_L001_20160809,2.0,9.38696804369362,9.38696804369362,True,gaussian_process,False,REAL_L001_20160809,2.0,short,interpolation_within_range,real gap — no withheld truth,False
2016-08-11,True,9.659333333333334,True,,,,,,,,,9.659333333333334,False,,False,,,,,observed_day,False
2016-08-12,True,7.550416666666667,True,,,,,,,,,7.550416666666667,False,,False,,,,,observed_day,False
2016-08-13,True,6.052958333333334,True,,,,,,,,,6.052958333333334,False,,False,,,,,observed_day,False
2016-08-14,True,12.952666666666666,True,,,,,,,,,12.952666666666666,False,,False,,,,,observed_day,False
2016-08-15,True,10.887333333333332,True,,,,,,,,,10.887333333333332,False,,False,,,,,observed_day,False
2016-08-16,False,10.8165,False,REAL_L001_20160816,9.007300912384345,0.9545946717262268,True,False,REAL_L001_20160816,1.0,10.368295398877628,10.368295398877628,True,gaussian_process,False,REAL_L001_20160816,1.0,short,no,real gap — no withheld truth,False
2016-08-17,True,8.433333333333334,True,,,,,,,,,8.433333333333334,False,,False,,,,,observed_day,False
2016-08-18,True,3.749708333333333,True,,,,,,,,,3.749708333333333,False,,False,,,,,observed_day,False
2016-08-19,True,2.1940416666666667,True,,,,,,,,,2.1940416666666667,False,,False,,,,,observed_day,False
2016-08-20,True,2.5079999999999996,True,,,,,,,,,2.5079999999999996,False,,False,,,,,observed_day,False
2016-08-21,True,4.739666666666667,True,,,,,,,,,4.739666666666667,False,,False,,,,,observed_day,False
2016-08-22,True,5.3847499999999995,True,,,,,,,,,5.3847499999999995,False,,False,,,,,observed_day,False
2016-08-23,False,4.144,False,REAL_L001_20160823,6.708002568625166,0.8265932202339172,True,False,REAL_L001_20160823,2.0,6.642022017661077,6.642022017661077,True,gaussian_process,False,REAL_L001_20160823,2.0,short,interpolation_within_range,real gap — no withheld truth,False
2016-08-24,False,6.195,False,REAL_L001_20160823,8.475975542525767,0.9281896948814392,True,False,REAL_L001_20160823,2.0,8.692707690509117,8.692707690509117,True,gaussian_process,False,REAL_L001_20160823,2.0,short,interpolation_within_range,real gap — no withheld truth,False
2016-08-25,True,10.824083333333334,True,,,,,,,,,10.824083333333334,False,,False,,,,,observed_day,False
2016-08-26,True,10.898291666666664,True,,,,,,,,,10.898291666666664,False,,False,,,,,observed_day,False
2016-08-27,True,13.755458333333332,True,,,,,,,,,13.755458333333332,False,,False,,,,,observed_day,False
2016-08-28,True,9.411541666666666,True,,,,,,,,,9.411541666666666,False,,False,,,,,observed_day,False
2016-08-29,True,6.413625,True,,,,,,,,,6.413625,False,,False,,,,,observed_day,False
2016-08-30,False,,False,REAL_L001_20160830,4.2400643099233415,0.6273724436759949,True,False,REAL_L001_20160830,1.0,4.440712376095232,4.440712376095232,True,gaussian_process,False,REAL_L001_20160830,1.0,short,no,real gap — no withheld truth,False
2016-08-31,True,3.6172083333333336,True,,,,,,,,,3.6172083333333336,False,,False,,,,,observed_day,False
2016-09-01,True,3.931708333333334,True,,,,,,,,,3.931708333333334,False,,False,,,,,observed_day,False
2016-09-02,True,3.129,True,,,,,,,,,3.129,False,,False,,,,,observed_day,False
2016-09-03,True,2.094875,True,,,,,,,,,2.094875,False,,False,,,,,observed_day,False
2016-09-04,True,1.538333333333333,True,,,,,,,,,1.538333333333333,False,,False,,,,,observed_day,False
2016-09-05,True,3.827083333333333,True,,,,,,,,,3.827083333333333,False,,False,,,,,observed_day,False
2016-09-06,False,4.238,False,REAL_L001_20160906,8.432999179041916,0.9259820580482484,True,False,REAL_L001_20160906,1.0,8.407722696950504,8.407722696950504,True,gaussian_process,False,REAL_L001_20160906,1.0,short,no,real gap — no withheld truth,False
2016-09-07,True,13.588916666666668,True,,,,,,,,,13.588916666666668,False,,False,,,,,observed_day,False
2016-09-08,True,15.87925,True,,,,,,,,,15.87925,False,,False,,,,,observed_day,False
2016-09-09,False,,False,REAL_L001_20160909,13.461812626775314,1.1291035413742063,True,False,REAL_L001_20160909,1.0,14.188424315534116,14.188424315534116,True,gaussian_process,False,REAL_L001_20160909,1.0,short,no,real gap — no withheld truth,False
2016-09-10,True,10.046416666666667,True,,,,,,,,,10.046416666666667,False,,False,,,,,observed_day,False
2016-09-11,True,5.289750000000001,True,,,,,,,,,5.289750000000001,False,,False,,,,,observed_day,False
2016-09-12,True,3.9838333333333336,True,,,,,,,,,3.9838333333333336,False,,False,,,,,observed_day,False
2016-09-13,True,2.3206666666666664,True,,,,,,,,,2.3206666666666664,False,,False,,,,,observed_day,False
2016-09-14,True,1.7620416666666667,True,,,,,,,,,1.7620416666666667,False,,False,,,,,observed_day,False
2016-09-15,True,4.957708333333334,True,,,,,,,,,4.957708333333334,False,,False,,,,,observed_day,False
2016-09-16,False,4.217,False,REAL_L001_20160916,7.824517956204949,0.8934575915336609,True,False,REAL_L001_20160916,1.0,8.28874543179123,8.28874543179123,True,gaussian_process,False,REAL_L001_20160916,1.0,short,no,real gap — no withheld truth,False
2016-09-17,True,7.898125,True,,,,,,,,,7.898125,False,,False,,,,,observed_day,False
2016-09-18,True,3.70825,True,,,,,,,,,3.70825,False,,False,,,,,observed_day,False
2016-09-19,True,0.640625,True,,,,,,,,,0.640625,False,,False,,,,,observed_day,False
2016-09-20,True,0.5061666666666668,True,,,,,,,,,0.5061666666666668,False,,False,,,,,observed_day,False
2016-09-21,True,0.65975,True,,,,,,,,,0.65975,False,,False,,,,,observed_day,False
2016-09-22,True,0.86675,True,,,,,,,,,0.86675,False,,False,,,,,observed_day,False
2016-09-23,False,0.861,False,REAL_L001_20160923,1.6140500768041564,0.2079170048236847,True,False,REAL_L001_20160923,1.0,1.700264390674875,1.700264390674875,True,gaussian_process,False,REAL_L001_20160923,1.0,short,no,real gap — no withheld truth,False
2016-09-24,True,2.5007083333333333,True,,,,,,,,,2.5007083333333333,False,,False,,,,,observed_day,False
2016-09-25,True,1.729666666666667,True,,,,,,,,,1.729666666666667,False,,False,,,,,observed_day,False
2016-09-26,True,2.4624166666666665,True,,,,,,,,,2.4624166666666665,False,,False,,,,,observed_day,False
2016-09-27,True,4.0834166666666665,True,,,,,,,,,4.0834166666666665,False,,False,,,,,observed_day,False
2016-09-28,True,5.267791666666667,True,,,,,,,,,5.267791666666667,False,,False,,,,,observed_day,False
2016-09-29,True,4.809833333333334,True,,,,,,,,,4.809833333333334,False,,False,,,,,observed_day,False
2016-09-30,False,3.016,False,REAL_L001_20160930,4.69734769780913,0.671852707862854,True,False,REAL_L001_20160930,1.0,4.909001462785515,4.909001462785515,True,gaussian_process,False,REAL_L001_20160930,1.0,short,no,real gap — no withheld truth,False
2016-10-01,True,4.4405833333333335,True,,,,,,,,,4.4405833333333335,False,,False,,,,,observed_day,False
2016-10-02,True,2.877541666666667,True,,,,,,,,,2.877541666666667,False,,False,,,,,observed_day,False
2016-10-03,True,3.0398750000000003,True,,,,,,,,,3.0398750000000003,False,,False,,,,,observed_day,False
2016-10-04,True,2.8405416666666667,True,,,,,,,,,2.8405416666666667,False,,False,,,,,observed_day,False
2016-10-05,True,2.1466666666666665,True,,,,,,,,,2.1466666666666665,False,,False,,,,,observed_day,False
2016-10-06,True,1.9967083333333333,True,,,,,,,,,1.9967083333333333,False,,False,,,,,observed_day,False
2016-10-07,False,2.253,False,REAL_L001_20161007,2.580596459296024,0.4117200970649719,True,False,REAL_L001_20161007,1.0,2.70219455534937,2.70219455534937,True,gaussian_process,False,REAL_L001_20161007,1.0,short,no,real gap — no withheld truth,False
2016-10-08,True,3.129583333333333,True,,,,,,,,,3.129583333333333,False,,False,,,,,observed_day,False
2016-10-09,True,2.1202916666666667,True,,,,,,,,,2.1202916666666667,False,,False,,,,,observed_day,False
2016-10-10,True,1.8987500000000004,True,,,,,,,,,1.8987500000000004,False,,False,,,,,observed_day,False
2016-10-11,True,2.93125,True,,,,,,,,,2.93125,False,,False,,,,,observed_day,False
2016-10-12,True,4.2385,True,,,,,,,,,4.2385,False,,False,,,,,observed_day,False
2016-10-13,True,4.660208333333333,True,,,,,,,,,4.660208333333333,False,,False,,,,,observed_day,False
2016-10-14,False,4.507,False,REAL_L001_20161014,6.73321363152142,0.828222393989563,True,False,REAL_L001_20161014,1.0,7.244115652434866,7.244115652434866,True,gaussian_process,False,REAL_L001_20161014,1.0,short,no,real gap — no withheld truth,False
2016-10-15,True,8.842958333333334,True,,,,,,,,,8.842958333333334,False,,False,,,,,observed_day,False
2016-10-16,True,4.961374999999999,True,,,,,,,,,4.961374999999999,False,,False,,,,,observed_day,False
2016-10-17,True,4.360416666666667,True,,,,,,,,,4.360416666666667,False,,False,,,,,observed_day,False
2016-10-18,True,2.3569166666666668,True,,,,,,,,,2.3569166666666668,False,,False,,,,,observed_day,False
2016-10-19,True,3.3389166666666665,True,,,,,,,,,3.3389166666666665,False,,False,,,,,observed_day,False
2016-10-20,True,5.091291666666667,True,,,,,,,,,5.091291666666667,False,,False,,,,,observed_day,False
2016-10-21,False,,False,REAL_L001_20161021,5.396667977470811,0.7321256995201111,True,False,REAL_L001_20161021,1.0,5.480103401945673,5.480103401945673,True,gaussian_process,False,REAL_L001_20161021,1.0,short,no,real gap — no withheld truth,False
2016-10-22,True,6.846583333333332,True,,,,,,,,,6.846583333333332,False,,False,,,,,observed_day,False
2016-10-23,True,12.838291666666668,True,,,,,,,,,12.838291666666668,False,,False,,,,,observed_day,False
2016-10-24,True,10.51425,True,,,,,,,,,10.51425,False,,False,,,,,observed_day,False
2016-10-25,True,4.8745,True,,,,,,,,,4.8745,False,,False,,,,,observed_day,False
2016-10-26,True,6.269666666666667,True,,,,,,,,,6.269666666666667,False,,False,,,,,observed_day,False
2016-10-27,True,13.96575,True,,,,,,,,,13.96575,False,,False,,,,,observed_day,False
2016-10-28,False,18.434,False,REAL_L001_20161028,15.62067215344966,1.1936997175216677,True,False,REAL_L001_20161028,1.0,15.556424573928084,15.556424573928084,True,gaussian_process,False,REAL_L001_20161028,1.0,short,no,real gap — no withheld truth,False
2016-10-29,True,15.047833333333337,True,,,,,,,,,15.047833333333337,False,,False,,,,,observed_day,False
2016-10-30,True,14.424999999999995,True,,,,,,,,,14.424999999999995,False,,False,,,,,observed_day,False
2016-10-31,True,10.974375,True,,,,,,,,,10.974375,False,,False,,,,,observed_day,False
2016-11-01,True,8.407875,True,,,,,,,,,8.407875,False,,False,,,,,observed_day,False
2016-11-02,True,5.152083333333334,True,,,,,,,,,5.152083333333334,False,,False,,,,,observed_day,False
2016-11-03,True,4.0343333333333335,True,,,,,,,,,4.0343333333333335,False,,False,,,,,observed_day,False
2016-11-04,True,5.754541666666667,True,,,,,,,,,5.754541666666667,False,,False,,,,,observed_day,False
2016-11-05,True,7.2895416666666675,True,,,,,,,,,7.2895416666666675,False,,False,,,,,observed_day,False
2016-11-06,False,5.785,False,REAL_L001_20161106,6.867125823481949,0.836775004863739,True,False,REAL_L001_20161106,1.0,6.8494652254970285,6.8494652254970285,True,gaussian_process,False,REAL_L001_20161106,1.0,short,no,real gap — no withheld truth,False
2016-11-07,True,5.6585,True,,,,,,,,,5.6585,False,,False,,,,,observed_day,False
2016-11-08,True,3.676458333333333,True,,,,,,,,,3.676458333333333,False,,False,,,,,observed_day,False
2016-11-09,True,3.475,True,,,,,,,,,3.475,False,,False,,,,,observed_day,False
2016-11-10,True,3.5989583333333335,True,,,,,,,,,3.5989583333333335,False,,False,,,,,observed_day,False
2016-11-11,True,3.599083333333333,True,,,,,,,,,3.599083333333333,False,,False,,,,,observed_day,False
2016-11-12,True,4.443458333333333,True,,,,,,,,,4.443458333333333,False,,False,,,,,observed_day,False
2016-11-13,True,4.357875,True,,,,,,,,,4.357875,False,,False,,,,,observed_day,False
2016-11-14,True,5.261791666666666,True,,,,,,,,,5.261791666666666,False,,False,,,,,observed_day,False
2016-11-15,True,6.900500000000001,True,,,,,,,,,6.900500000000001,False,,False,,,,,observed_day,False
2016-11-16,True,3.142875,True,,,,,,,,,3.142875,False,,False,,,,,observed_day,False
2016-11-17,True,3.4754583333333335,True,,,,,,,,,3.4754583333333335,False,,False,,,,,observed_day,False
2016-11-18,True,4.395416666666667,True,,,,,,,,,4.395416666666667,False,,False,,,,,observed_day,False
2016-11-19,True,4.535583333333334,True,,,,,,,,,4.535583333333334,False,,False,,,,,observed_day,False
2016-11-20,False,5.518,False,REAL_L001_20161120,3.8359208381275063,0.5838696360588074,True,False,REAL_L001_20161120,1.0,3.9235644004853936,3.9235644004853936,True,gaussian_process,False,REAL_L001_20161120,1.0,short,no,real gap — no withheld truth,False
2016-11-21,True,3.2769583333333334,True,,,,,,,,,3.2769583333333334,False,,False,,,,,observed_day,False
2016-11-22,True,3.2615,True,,,,,,,,,3.2615,False,,False,,,,,observed_day,False
2016-11-23,True,4.147916666666666,True,,,,,,,,,4.147916666666666,False,,False,,,,,observed_day,False
2016-11-24,True,4.1985,True,,,,,,,,,4.1985,False,,False,,,,,observed_day,False
2016-11-25,True,5.018791666666666,True,,,,,,,,,5.018791666666666,False,,False,,,,,observed_day,False
2016-11-26,True,3.66525,True,,,,,,,,,3.66525,False,,False,,,,,observed_day,False
2016-11-27,False,,False,REAL_L001_20161127,3.395235484572889,0.5308699011802673,True,False,REAL_L001_20161127,1.0,3.3523115127259597,3.3523115127259597,True,gaussian_process,False,REAL_L001_20161127,1.0,short,no,real gap — no withheld truth,False
2016-11-28,True,3.449375,True,,,,,,,,,3.449375,False,,False,,,,,observed_day,False
2016-11-29,True,3.7899166666666666,True,,,,,,,,,3.7899166666666666,False,,False,,,,,observed_day,False
2016-11-30,True,3.641916666666667,True,,,,,,,,,3.641916666666667,False,,False,,,,,observed_day,False
2016-12-01,True,3.897944444444444,True,,,,,,,,,3.897944444444444,False,,False,,,,,observed_day,False
2016-12-02,True,4.159789473684211,True,,,,,,,,,4.159789473684211,False,,False,,,,,observed_day,False
2016-12-03,True,5.315833333333334,True,,,,,,,,,5.315833333333334,False,,False,,,,,observed_day,False
2016-12-04,False,5.593,False,REAL_L001_20161204,5.005457948235121,0.6994438171386719,True,False,REAL_L001_20161204,1.0,5.44592837843466,5.44592837843466,True,gaussian_process,False,REAL_L001_20161204,1.0,short,no,real gap — no withheld truth,False
2016-12-05,True,5.274791666666666,True,,,,,,,,,5.274791666666666,False,,False,,,,,observed_day,False
2016-12-06,True,8.615833333333333,True,,,,,,,,,8.615833333333333,False,,False,,,,,observed_day,False
2016-12-07,True,4.760666666666667,True,,,,,,,,,4.760666666666667,False,,False,,,,,observed_day,False
2016-12-08,True,2.825083333333333,True,,,,,,,,,2.825083333333333,False,,False,,,,,observed_day,False
2016-12-09,True,3.4428749999999995,True,,,,,,,,,3.4428749999999995,False,,False,,,,,observed_day,False
2016-12-10,True,3.4091666666666662,True,,,,,,,,,3.4091666666666662,False,,False,,,,,observed_day,False
2016-12-11,False,2.826,False,REAL_L001_20161211,5.3844194580200915,0.7311388850212097,True,False,REAL_L001_20161211,1.0,5.409250519511601,5.409250519511601,True,gaussian_process,False,REAL_L001_20161211,1.0,short,no,real gap — no withheld truth,False
2016-12-12,True,8.7805,True,,,,,,,,,8.7805,False,,False,,,,,observed_day,False
2016-12-13,True,9.232416666666667,True,,,,,,,,,9.232416666666667,False,,False,,,,,observed_day,False
2016-12-14,True,8.400208333333333,True,,,,,,,,,8.400208333333333,False,,False,,,,,observed_day,False
2016-12-15,True,9.605041666666668,True,,,,,,,,,9.605041666666668,False,,False,,,,,observed_day,False
2016-12-16,True,8.513499999999999,True,,,,,,,,,8.513499999999999,False,,False,,,,,observed_day,False
2016-12-17,True,10.135166666666668,True,,,,,,,,,10.135166666666668,False,,False,,,,,observed_day,False
2016-12-18,False,8.419,False,REAL_L001_20161218,8.647584890659578,0.9368948340415956,True,False,REAL_L001_20161218,1.0,8.069724796728847,8.069724796728847,True,gaussian_process,False,REAL_L001_20161218,1.0,short,no,real gap — no withheld truth,False
2016-12-19,True,7.310375,True,,,,,,,,,7.310375,False,,False,,,,,observed_day,False
2016-12-20,True,7.056875000000001,True,,,,,,,,,7.056875000000001,False,,False,,,,,observed_day,False
2016-12-21,True,6.575,True,,,,,,,,,6.575,False,,False,,,,,observed_day,False
2016-12-22,True,4.8101666666666665,True,,,,,,,,,4.8101666666666665,False,,False,,,,,observed_day,False
2016-12-23,True,13.272416666666668,True,,,,,,,,,13.272416666666668,False,,False,,,,,observed_day,False
2016-12-24,True,10.835875,True,,,,,,,,,10.835875,False,,False,,,,,observed_day,False
2016-12-25,False,5.58,False,REAL_L001_20161225,5.5481104125189535,0.7441450953483582,True,False,REAL_L001_20161225,1.0,7.126567997546159,7.126567997546159,True,gaussian_process,False,REAL_L001_20161225,1.0,short,no,real gap — no withheld truth,False
2016-12-26,True,4.205875,True,,,,,,,,,4.205875,False,,False,,,,,observed_day,False
2016-12-27,True,8.61425,True,,,,,,,,,8.61425,False,,False,,,,,observed_day,False
2016-12-28,True,4.339416666666667,True,,,,,,,,,4.339416666666667,False,,False,,,,,observed_day,False
2016-12-29,True,4.758166666666667,True,,,,,,,,,4.758166666666667,False,,False,,,,,observed_day,False
2016-12-30,True,6.685458333333334,True,,,,,,,,,6.685458333333334,False,,False,,,,,observed_day,False
2016-12-31,True,7.46075,True,,,,,,,,,7.46075,False,,False,,,,,observed_day,False
2017-01-01,False,5.481,False,REAL_L001_20170101,6.051891972334972,0.7818911671638489,True,False,REAL_L001_20170101,1.0,7.108900632334954,7.108900632334954,True,gaussian_process,False,REAL_L001_20170101,1.0,short,no,real gap — no withheld truth,False
2017-01-02,True,6.288041666666667,True,,,,,,,,,6.288041666666667,False,,False,,,,,observed_day,False
2017-01-03,True,10.521791666666664,True,,,,,,,,,10.521791666666664,False,,False,,,,,observed_day,False
2017-01-04,False,7.3907,False,REAL_L031_20170104,10.941144112229289,1.039062738418579,True,False,REAL_L031_20170104,36.0,5.662028658981828,5.662028658981828,True,gap_edge_residual_model,False,REAL_L031_20170104,36.0,long,yes,real gap — no withheld truth,False
2017-01-05,False,,False,REAL_L031_20170104,11.222280866509472,1.0500811338424685,True,False,REAL_L031_20170104,36.0,5.053721071366762,5.053721071366762,True,gap_edge_residual_model,False,REAL_L031_20170104,36.0,long,yes,real gap — no withheld truth,False
2017-01-06,False,,False,REAL_L031_20170104,8.261856749316717,0.917077660560608,True,False,REAL_L031_20170104,36.0,5.703101480185398,5.703101480185398,True,gap_edge_residual_model,False,REAL_L031_20170104,36.0,long,yes,real gap — no withheld truth,False
2017-01-07,False,,False,REAL_L031_20170104,7.6072946006337325,0.8812302350997925,True,False,REAL_L031_20170104,36.0,6.556298411576653,6.556298411576653,True,gap_edge_residual_model,False,REAL_L031_20170104,36.0,long,yes,real gap — no withheld truth,False
2017-01-08,False,,False,REAL_L031_20170104,6.666072047194968,0.8238700032234192,True,False,REAL_L031_20170104,36.0,6.465262295278435,6.465262295278435,True,gap_edge_residual_model,False,REAL_L031_20170104,36.0,long,yes,real gap — no withheld truth,False
2017-01-09,False,,False,REAL_L031_20170104,6.393225621420074,0.8057200312614441,True,False,REAL_L031_20170104,36.0,5.75372617738047,5.75372617738047,True,gap_edge_residual_model,False,REAL_L031_20170104,36.0,long,yes,real gap — no withheld truth,False
2017-01-10,False,,False,REAL_L031_20170104,6.087018692617317,0.7844046354293823,True,False,REAL_L031_20170104,36.0,5.677644551260877,5.677644551260877,True,gap_edge_residual_model,False,REAL_L031_20170104,36.0,long,yes,real gap — no withheld truth,False
2017-01-11,False,,False,REAL_L031_20170104,6.2365217113567235,0.7949424386024475,True,False,REAL_L031_20170104,36.0,6.008529866197258,6.008529866197258,True,gap_edge_residual_model,False,REAL_L031_20170104,36.0,long,yes,real gap — no withheld truth,False
2017-01-12,False,,False,REAL_L031_20170104,5.766788913320584,0.760934054851532,True,False,REAL_L031_20170104,36.0,5.909291750013929,5.909291750013929,True,gap_edge_residual_model,False,REAL_L031_20170104,36.0,long,yes,real gap — no withheld truth,False
2017-01-13,False,,False,REAL_L031_20170104,5.097849736566509,0.7073870301246643,True,False,REAL_L031_20170104,36.0,6.02678665464152,6.02678665464152,True,gap_edge_residual_model,False,REAL_L031_20170104,36.0,long,yes,real gap — no withheld truth,False
2017-01-14,False,,False,REAL_L031_20170104,4.951317826257212,0.6947208046913147,True,False,REAL_L031_20170104,36.0,6.1137102411538145,6.1137102411538145,True,gap_edge_residual_model,False,REAL_L031_20170104,36.0,long,yes,real gap — no withheld truth,False
2017-01-15,False,,False,REAL_L031_20170104,4.852514584150572,0.6859668493270874,True,False,REAL_L031_20170104,36.0,5.23324831870756,5.23324831870756,True,gap_edge_residual_model,False,REAL_L031_20170104,36.0,long,yes,real gap — no withheld truth,False
2017-01-16,False,,False,REAL_L031_20170104,5.361302097011737,0.7292702794075012,True,False,REAL_L031_20170104,36.0,5.192472701704226,5.192472701704226,True,gap_edge_residual_model,False,REAL_L031_20170104,36.0,long,yes,real gap — no withheld truth,False
2017-01-17,False,,False,REAL_L031_20170104,4.802748940336569,0.681489884853363,True,False,REAL_L031_20170104,36.0,4.789941856370069,4.789941856370069,True,gap_edge_residual_model,False,REAL_L031_20170104,36.0,long,yes,real gap — no withheld truth,False
2017-01-18,False,,False,REAL_L031_20170104,5.1528565666665616,0.7120480537414551,True,False,REAL_L031_20170104,36.0,4.943088439748938,4.943088439748938,True,gap_edge_residual_model,False,REAL_L031_20170104,36.0,long,yes,real gap — no withheld truth,False
2017-01-19,False,,False,REAL_L031_20170104,4.522768814024713,0.6554043889045715,True,False,REAL_L031_20170104,36.0,5.082321230518801,5.082321230518801,True,gap_edge_residual_model,False,REAL_L031_20170104,36.0,long,yes,real gap — no withheld truth,False
2017-01-20,False,,False,REAL_L031_20170104,4.35485872326697,0.6389740705490112,True,False,REAL_L031_20170104,36.0,4.541509642834874,4.541509642834874,True,gap_edge_residual_model,False,REAL_L031_20170104,36.0,long,yes,real gap — no withheld truth,False
2017-01-21,False,,False,REAL_L031_20170104,4.447497314537875,0.6481156945228577,True,False,REAL_L031_20170104,36.0,4.319663308625063,4.319663308625063,True,gap_edge_residual_model,False,REAL_L031_20170104,36.0,long,yes,real gap — no withheld truth,False
2017-01-22,False,,False,REAL_L031_20170104,4.37502082377528,0.6409801244735718,True,False,REAL_L031_20170104,36.0,3.933468126188076,3.933468126188076,True,gap_edge_residual_model,False,REAL_L031_20170104,36.0,long,yes,real gap — no withheld truth,False
2017-01-23,False,,False,REAL_L031_20170104,4.434342027603121,0.6468291878700256,True,False,REAL_L031_20170104,36.0,3.498065766352751,3.498065766352751,True,gap_edge_residual_model,False,REAL_L031_20170104,36.0,long,yes,real gap — no withheld truth,False
2017-01-24,False,,False,REAL_L031_20170104,4.456974635767969,0.649040162563324,True,False,REAL_L031_20170104,36.0,3.176379811078565,3.176379811078565,True,gap_edge_residual_model,False,REAL_L031_20170104,36.0,long,yes,real gap — no withheld truth,False
2017-01-25,False,,False,REAL_L031_20170104,4.12792988722901,0.6157323122024536,True,False,REAL_L031_20170104,36.0,2.838508879165172,2.838508879165172,True,gap_edge_residual_model,False,REAL_L031_20170104,36.0,long,yes,real gap — no withheld truth,False
2017-01-26,False,,False,REAL_L031_20170104,4.137383163501924,0.616725742816925,True,False,REAL_L031_20170104,36.0,2.6841248707283167,2.6841248707283167,True,gap_edge_residual_model,False,REAL_L031_20170104,36.0,long,yes,real gap — no withheld truth,False
2017-01-27,False,,False,REAL_L031_20170104,4.7809988589037395,0.6795186400413513,True,False,REAL_L031_20170104,36.0,2.909800596759547,2.909800596759547,True,gap_edge_residual_model,False,REAL_L031_20170104,36.0,long,yes,real gap — no withheld truth,False
2017-01-28,False,,False,REAL_L031_20170104,4.088999229443892,0.6116170287132263,True,False,REAL_L031_20170104,36.0,2.722998664557316,2.722998664557316,True,gap_edge_residual_model,False,REAL_L031_20170104,36.0,long,yes,real gap — no withheld truth,False
2017-01-29,False,,False,REAL_L031_20170104,4.095510326985347,0.6123080253601074,True,False,REAL_L031_20170104,36.0,2.457564838647984,2.457564838647984,True,gap_edge_residual_model,False,REAL_L031_20170104,36.0,long,yes,real gap — no withheld truth,False
2017-01-30,False,,False,REAL_L031_20170104,3.946778788336734,0.5962427854537964,True,False,REAL_L031_20170104,36.0,1.972788406497587,1.972788406497587,True,gap_edge_residual_model,False,REAL_L031_20170104,36.0,long,yes,real gap — no withheld truth,False
2017-01-31,False,,False,REAL_L031_20170104,3.4886043091092556,0.5426517128944397,True,False,REAL_L031_20170104,36.0,1.7002203863393348,1.7002203863393348,True,gap_edge_residual_model,False,REAL_L031_20170104,36.0,long,yes,real gap — no withheld truth,False
2017-02-01,False,,False,REAL_L031_20170104,3.2214508868456084,0.5080515146255493,True,False,REAL_L031_20170104,36.0,1.5206036288120168,1.5206036288120168,True,gap_edge_residual_model,False,REAL_L031_20170104,36.0,long,yes,real gap — no withheld truth,False
2017-02-02,False,,False,REAL_L031_20170104,3.508946963573811,0.5451768040657043,True,False,REAL_L031_20170104,36.0,1.3337279130053443,1.3337279130053443,True,gap_edge_residual_model,False,REAL_L031_20170104,36.0,long,yes,real gap — no withheld truth,False
2017-02-03,False,,False,REAL_L031_20170104,3.3192035253983403,0.5210338830947876,True,False,REAL_L031_20170104,36.0,1.347213346800202,1.347213346800202,True,gap_edge_residual_model,False,REAL_L031_20170104,36.0,long,yes,real gap — no withheld truth,False
2017-02-04,False,,False,REAL_L031_20170104,3.915668542014812,0.5928059220314026,True,False,REAL_L031_20170104,36.0,1.5440494663695452,1.5440494663695452,True,gap_edge_residual_model,False,REAL_L031_20170104,36.0,long,yes,real gap — no withheld truth,False
2017-02-05,False,,False,REAL_L031_20170104,3.7928301876504937,0.5789633989334106,True,False,REAL_L031_20170104,36.0,1.170184556556801,1.170184556556801,True,gap_edge_residual_model,False,REAL_L031_20170104,36.0,long,yes,real gap — no withheld truth,False
2017-02-06,False,,False,REAL_L031_20170104,2.6471183658536277,0.4227733612060547,True,False,REAL_L031_20170104,36.0,0.9257002731346944,0.9257002731346944,True,gap_edge_residual_model,False,REAL_L031_20170104,36.0,long,yes,real gap — no withheld truth,False
2017-02-07,False,,False,REAL_L031_20170104,2.129131942031278,0.3282025754451751,True,False,REAL_L031_20170104,36.0,0.8618533416946234,0.8618533416946234,True,gap_edge_residual_model,False,REAL_L031_20170104,36.0,long,yes,real gap — no withheld truth,False
2017-02-08,False,,False,REAL_L031_20170104,1.5748417165815851,0.1972369104623794,True,False,REAL_L031_20170104,36.0,0.7799278091997309,0.7799278091997309,True,gap_edge_residual_model,False,REAL_L031_20170104,36.0,long,yes,real gap — no withheld truth,False
2017-02-09,True,0.8608333333333333,True,,,,,,,,,0.8608333333333333,False,,False,,,,,observed_day,False
2017-02-10,True,0.7168749999999999,True,,,,,,,,,0.7168749999999999,False,,False,,,,,observed_day,False
2017-02-11,True,1.0728333333333333,True,,,,,,,,,1.0728333333333333,False,,False,,,,,observed_day,False
2017-02-12,True,3.1997083333333336,True,,,,,,,,,3.1997083333333336,False,,False,,,,,observed_day,False
2017-02-13,True,7.025625000000001,True,,,,,,,,,7.025625000000001,False,,False,,,,,observed_day,False
2017-02-14,True,4.718083333333333,True,,,,,,,,,4.718083333333333,False,,False,,,,,observed_day,False
2017-02-15,True,9.144916666666669,True,,,,,,,,,9.144916666666669,False,,False,,,,,observed_day,False
2017-02-16,True,5.970833333333334,True,,,,,,,,,5.970833333333334,False,,False,,,,,observed_day,False
2017-02-17,True,8.169333333333332,True,,,,,,,,,8.169333333333332,False,,False,,,,,observed_day,False
2017-02-18,True,10.457333333333333,True,,,,,,,,,10.457333333333333,False,,False,,,,,observed_day,False
2017-02-19,True,8.544291666666666,True,,,,,,,,,8.544291666666666,False,,False,,,,,observed_day,False
2017-02-20,True,9.645916666666666,True,,,,,,,,,9.645916666666666,False,,False,,,,,observed_day,False
2017-02-21,True,9.767125,True,,,,,,,,,9.767125,False,,False,,,,,observed_day,False
2017-02-22,True,8.270208333333334,True,,,,,,,,,8.270208333333334,False,,False,,,,,observed_day,False
2017-02-23,True,10.075541666666668,True,,,,,,,,,10.075541666666668,False,,False,,,,,observed_day,False
2017-02-24,True,7.942916666666666,True,,,,,,,,,7.942916666666666,False,,False,,,,,observed_day,False
2017-02-25,True,7.829833333333333,True,,,,,,,,,7.829833333333333,False,,False,,,,,observed_day,False
2017-02-26,True,5.281875,True,,,,,,,,,5.281875,False,,False,,,,,observed_day,False
2017-02-27,True,6.151583333333334,True,,,,,,,,,6.151583333333334,False,,False,,,,,observed_day,False
2017-02-28,True,5.915791666666666,True,,,,,,,,,5.915791666666666,False,,False,,,,,observed_day,False
2017-03-01,True,4.575958333333333,True,,,,,,,,,4.575958333333333,False,,False,,,,,observed_day,False
2017-03-02,True,2.318791666666667,True,,,,,,,,,2.318791666666667,False,,False,,,,,observed_day,False
2017-03-03,True,3.38275,True,,,,,,,,,3.38275,False,,False,,,,,observed_day,False
2017-03-04,True,5.828291666666668,True,,,,,,,,,5.828291666666668,False,,False,,,,,observed_day,False
2017-03-05,True,5.910083333333333,True,,,,,,,,,5.910083333333333,False,,False,,,,,observed_day,False
2017-03-06,True,3.5690000000000004,True,,,,,,,,,3.5690000000000004,False,,False,,,,,observed_day,False
2017-03-07,True,3.912125,True,,,,,,,,,3.912125,False,,False,,,,,observed_day,False
2017-03-08,True,2.7924166666666665,True,,,,,,,,,2.7924166666666665,False,,False,,,,,observed_day,False
2017-03-09,True,0.89925,True,,,,,,,,,0.89925,False,,False,,,,,observed_day,False
2017-03-10,True,0.40025,True,,,,,,,,,0.40025,False,,False,,,,,observed_day,False
2017-03-11,False,0.336,False,REAL_L001_20170311,0.725325065857984,-0.1394673138856887,True,False,REAL_L001_20170311,1.0,0.7800022395092124,0.7800022395092124,True,gaussian_process,False,REAL_L001_20170311,1.0,short,no,real gap — no withheld truth,False
2017-03-12,True,2.2434583333333333,True,,,,,,,,,2.2434583333333333,False,,False,,,,,observed_day,False
2017-03-13,True,7.765583333333333,True,,,,,,,,,7.765583333333333,False,,False,,,,,observed_day,False
2017-03-14,True,8.319041666666665,True,,,,,,,,,8.319041666666665,False,,False,,,,,observed_day,False
2017-03-15,True,7.567375000000001,True,,,,,,,,,7.567375000000001,False,,False,,,,,observed_day,False
2017-03-16,True,6.700541666666666,True,,,,,,,,,6.700541666666666,False,,False,,,,,observed_day,False
2017-03-17,True,8.472666666666667,True,,,,,,,,,8.472666666666667,False,,False,,,,,observed_day,False
2017-03-18,False,7.069,False,REAL_L001_20170318,8.532363988865734,0.9310693740844728,True,False,REAL_L001_20170318,2.0,8.385885039035022,8.385885039035022,True,gaussian_process,False,REAL_L001_20170318,2.0,short,interpolation_within_range,real gap — no withheld truth,False
2017-03-19,False,8.449,False,REAL_L001_20170318,7.7202562270423485,0.8876317143440247,True,False,REAL_L001_20170318,2.0,7.453566762623933,7.453566762623933,True,gaussian_process,False,REAL_L001_20170318,2.0,short,interpolation_within_range,real gap — no withheld truth,False
2017-03-20,True,6.082583333333333,True,,,,,,,,,6.082583333333333,False,,False,,,,,observed_day,False
2017-03-21,True,4.220083333333334,True,,,,,,,,,4.220083333333334,False,,False,,,,,observed_day,False
2017-03-22,True,4.723875,True,,,,,,,,,4.723875,False,,False,,,,,observed_day,False
2017-03-23,True,6.891708333333334,True,,,,,,,,,6.891708333333334,False,,False,,,,,observed_day,False
2017-03-24,True,9.096291666666666,True,,,,,,,,,9.096291666666666,False,,False,,,,,observed_day,False
2017-03-25,False,6.573,False,REAL_L001_20170325,6.945198127023889,0.8416846394538879,True,False,REAL_L001_20170325,2.0,5.812934909803316,5.812934909803316,True,gaussian_process,False,REAL_L001_20170325,2.0,short,interpolation_within_range,real gap — no withheld truth,False
2017-03-26,False,5.971,False,REAL_L001_20170325,3.689313430244158,0.5669455528259277,True,False,REAL_L001_20170325,2.0,3.020574251560652,3.020574251560652,True,gaussian_process,False,REAL_L001_20170325,2.0,short,interpolation_within_range,real gap — no withheld truth,False
2017-03-27,True,2.4031249999999997,True,,,,,,,,,2.4031249999999997,False,,False,,,,,observed_day,False
2017-03-28,True,5.200875,True,,,,,,,,,5.200875,False,,False,,,,,observed_day,False
2017-03-29,True,7.65225,True,,,,,,,,,7.65225,False,,False,,,,,observed_day,False
2017-03-30,True,2.2710000000000004,True,,,,,,,,,2.2710000000000004,False,,False,,,,,observed_day,False
2017-03-31,True,3.1808333333333336,True,,,,,,,,,3.1808333333333336,False,,False,,,,,observed_day,False
2017-04-01,False,1.207,False,REAL_L001_20170401,2.330694622876556,0.367485374212265,True,False,REAL_L001_20170401,1.0,2.261178844617162,2.261178844617162,True,gaussian_process,False,REAL_L001_20170401,1.0,short,no,real gap — no withheld truth,False
2017-04-02,True,1.5356250000000002,True,,,,,,,,,1.5356250000000002,False,,False,,,,,observed_day,False
2017-04-03,True,3.631875,True,,,,,,,,,3.631875,False,,False,,,,,observed_day,False
2017-04-04,True,10.727166666666667,True,,,,,,,,,10.727166666666667,False,,False,,,,,observed_day,False
2017-04-05,True,9.854416666666667,True,,,,,,,,,9.854416666666667,False,,False,,,,,observed_day,False
2017-04-06,True,11.063625,True,,,,,,,,,11.063625,False,,False,,,,,observed_day,False
2017-04-07,True,14.874333333333334,True,,,,,,,,,14.874333333333334,False,,False,,,,,observed_day,False
2017-04-08,True,3.2964583333333337,True,,,,,,,,,3.2964583333333337,False,,False,,,,,observed_day,False
2017-04-09,True,2.437416666666667,True,,,,,,,,,2.437416666666667,False,,False,,,,,observed_day,False
2017-04-10,True,4.61225,True,,,,,,,,,4.61225,False,,False,,,,,observed_day,False
2017-04-11,True,16.124708333333334,True,,,,,,,,,16.124708333333334,False,,False,,,,,observed_day,False
2017-04-12,True,19.8235,True,,,,,,,,,19.8235,False,,False,,,,,observed_day,False
2017-04-13,True,14.122750000000002,True,,,,,,,,,14.122750000000002,False,,False,,,,,observed_day,False
2017-04-14,True,5.637625,True,,,,,,,,,5.637625,False,,False,,,,,observed_day,False
2017-04-15,True,3.60075,True,,,,,,,,,3.60075,False,,False,,,,,observed_day,False
2017-04-16,True,1.0364166666666668,True,,,,,,,,,1.0364166666666668,False,,False,,,,,observed_day,False
2017-04-17,True,1.0619583333333331,True,,,,,,,,,1.0619583333333331,False,,False,,,,,observed_day,False
2017-04-18,True,0.8601666666666667,True,,,,,,,,,0.8601666666666667,False,,False,,,,,observed_day,False
2017-04-19,True,0.5756249999999999,True,,,,,,,,,0.5756249999999999,False,,False,,,,,observed_day,False
2017-04-20,True,0.3607727272727272,True,,,,,,,,,0.3607727272727272,False,,False,,,,,observed_day,False
2017-04-21,True,0.695625,True,,,,,,,,,0.695625,False,,False,,,,,observed_day,False
2017-04-22,True,1.0745833333333332,True,,,,,,,,,1.0745833333333332,False,,False,,,,,observed_day,False
2017-04-23,True,1.874375,True,,,,,,,,,1.874375,False,,False,,,,,observed_day,False
2017-04-24,True,1.9154583333333337,True,,,,,,,,,1.9154583333333337,False,,False,,,,,observed_day,False
2017-04-25,True,1.270625,True,,,,,,,,,1.270625,False,,False,,,,,observed_day,False
2017-04-26,True,1.3497500000000002,True,,,,,,,,,1.3497500000000002,False,,False,,,,,observed_day,False
2017-04-27,True,2.22775,True,,,,,,,,,2.22775,False,,False,,,,,observed_day,False
2017-04-28,True,2.9047083333333337,True,,,,,,,,,2.9047083333333337,False,,False,,,,,observed_day,False
2017-04-29,True,2.6964166666666665,True,,,,,,,,,2.6964166666666665,False,,False,,,,,observed_day,False
2017-04-30,True,2.3395,True,,,,,,,,,2.3395,False,,False,,,,,observed_day,False
2017-05-01,True,1.9647083333333333,True,,,,,,,,,1.9647083333333333,False,,False,,,,,observed_day,False
2017-05-02,True,1.4544583333333332,True,,,,,,,,,1.4544583333333332,False,,False,,,,,observed_day,False
2017-05-03,True,0.9192916666666668,True,,,,,,,,,0.9192916666666668,False,,False,,,,,observed_day,False
2017-05-04,True,0.8639583333333333,True,,,,,,,,,0.8639583333333333,False,,False,,,,,observed_day,False
2017-05-05,False,1.047,False,REAL_L001_20170505,0.8440552905832684,-0.0736291036009788,True,False,REAL_L001_20170505,1.0,0.8073345873865001,0.8073345873865001,True,gaussian_process,False,REAL_L001_20170505,1.0,short,no,real gap — no withheld truth,False
2017-05-06,True,0.7501666666666665,True,,,,,,,,,0.7501666666666665,False,,False,,,,,observed_day,False
2017-05-07,True,0.693375,True,,,,,,,,,0.693375,False,,False,,,,,observed_day,False
2017-05-08,True,0.9466666666666668,True,,,,,,,,,0.9466666666666668,False,,False,,,,,observed_day,False
2017-05-09,True,1.2045416666666666,True,,,,,,,,,1.2045416666666666,False,,False,,,,,observed_day,False
2017-05-10,False,1.086,False,REAL_L001_20170510,1.1965695674786374,0.0779379531741142,True,False,REAL_L001_20170510,6.0,1.109512209876735,1.109512209876735,True,state_space_kalman,False,REAL_L001_20170510,6.0,short,interpolation_within_range,real gap — no withheld truth,False
2017-05-11,False,,False,REAL_L001_20170510,1.1264508343231343,0.0517122410237789,True,False,REAL_L001_20170510,6.0,1.021979876604979,1.021979876604979,True,state_space_kalman,False,REAL_L001_20170510,6.0,short,interpolation_within_range,real gap — no withheld truth,False
2017-05-12,False,,False,REAL_L001_20170510,1.018090140399072,0.0077862315811216,True,False,REAL_L001_20170510,6.0,0.9413531990797688,0.9413531990797688,True,state_space_kalman,False,REAL_L001_20170510,6.0,short,interpolation_within_range,real gap — no withheld truth,False
2017-05-13,False,,False,REAL_L001_20170510,1.1115195194107677,0.0459170937538147,True,False,REAL_L001_20170510,6.0,0.8670873719759479,0.8670873719759479,True,state_space_kalman,False,REAL_L001_20170510,6.0,short,interpolation_within_range,real gap — no withheld truth,False
2017-05-14,False,,False,REAL_L001_20170510,0.8239458690332445,-0.0841013193130493,True,False,REAL_L001_20170510,6.0,0.7986805710918353,0.7986805710918353,True,state_space_kalman,False,REAL_L001_20170510,6.0,short,interpolation_within_range,real gap — no withheld truth,False
2017-05-15,False,0.8289999999999998,False,REAL_L001_20170510,0.7076663923219445,-0.1501714289188385,True,False,REAL_L001_20170510,6.0,0.7356705624554691,0.7356705624554691,True,state_space_kalman,False,REAL_L001_20170510,6.0,short,interpolation_within_range,real gap — no withheld truth,False
2017-05-16,True,0.6776315789473685,True,,,,,,,,,0.6776315789473685,False,,False,,,,,observed_day,False
2017-05-17,False,1.304,False,REAL_L001_20170517,0.6514901616857209,-0.1860921382904052,True,False,REAL_L001_20170517,1.0,0.6751043686490138,0.6751043686490138,True,gaussian_process,False,REAL_L001_20170517,1.0,short,no,real gap — no withheld truth,False
2017-05-18,True,0.7145833333333332,True,,,,,,,,,0.7145833333333332,False,,False,,,,,observed_day,False
2017-05-19,True,1.0055416666666668,True,,,,,,,,,1.0055416666666668,False,,False,,,,,observed_day,False
2017-05-20,True,0.894625,True,,,,,,,,,0.894625,False,,False,,,,,observed_day,False
2017-05-21,True,1.00025,True,,,,,,,,,1.00025,False,,False,,,,,observed_day,False
2017-05-22,True,0.9627916666666666,True,,,,,,,,,0.9627916666666666,False,,False,,,,,observed_day,False
2017-05-23,True,1.3724999999999998,True,,,,,,,,,1.3724999999999998,False,,False,,,,,observed_day,False
2017-05-24,False,,False,REAL_L001_20170524,1.3274048522973003,0.1230034008622169,True,False,REAL_L001_20170524,1.0,1.240317603695788,1.240317603695788,True,gaussian_process,False,REAL_L001_20170524,1.0,short,no,real gap — no withheld truth,False
2017-05-25,True,1.000125,True,,,,,,,,,1.000125,False,,False,,,,,observed_day,False
2017-05-26,True,0.8594166666666667,True,,,,,,,,,0.8594166666666667,False,,False,,,,,observed_day,False
2017-05-27,True,0.5605,True,,,,,,,,,0.5605,False,,False,,,,,observed_day,False
2017-05-28,True,0.4349166666666667,True,,,,,,,,,0.4349166666666667,False,,False,,,,,observed_day,False
2017-05-29,True,0.8130416666666668,True,,,,,,,,,0.8130416666666668,False,,False,,,,,observed_day,False
2017-05-30,True,0.8730833333333333,True,,,,,,,,,0.8730833333333333,False,,False,,,,,observed_day,False
2017-05-31,False,0.913,False,REAL_L001_20170531,0.9469211855028866,-0.0236861668527126,True,False,REAL_L001_20170531,1.0,0.9374680126707118,0.9374680126707118,True,gaussian_process,False,REAL_L001_20170531,1.0,short,no,real gap — no withheld truth,False
2017-06-01,True,0.9962083333333333,True,,,,,,,,,0.9962083333333333,False,,False,,,,,observed_day,False
2017-06-02,True,1.0225416666666665,True,,,,,,,,,1.0225416666666665,False,,False,,,,,observed_day,False
2017-06-03,True,1.35975,True,,,,,,,,,1.35975,False,,False,,,,,observed_day,False
2017-06-04,True,1.7599583333333335,True,,,,,,,,,1.7599583333333335,False,,False,,,,,observed_day,False
2017-06-05,True,2.2407083333333335,True,,,,,,,,,2.2407083333333335,False,,False,,,,,observed_day,False
2017-06-06,True,2.2548333333333335,True,,,,,,,,,2.2548333333333335,False,,False,,,,,observed_day,False
2017-06-07,False,2.143,False,REAL_L001_20170607,3.3455720626205787,0.5244703888893127,True,False,REAL_L001_20170607,1.0,3.2914248803760677,3.2914248803760677,True,gaussian_process,False,REAL_L001_20170607,1.0,short,no,real gap — no withheld truth,False
2017-06-08,True,4.7744583333333335,True,,,,,,,,,4.7744583333333335,False,,False,,,,,observed_day,False
2017-06-09,True,4.581125,True,,,,,,,,,4.581125,False,,False,,,,,observed_day,False
2017-06-10,True,4.455916666666667,True,,,,,,,,,4.455916666666667,False,,False,,,,,observed_day,False
2017-06-11,True,6.788958333333333,True,,,,,,,,,6.788958333333333,False,,False,,,,,observed_day,False
2017-06-12,True,6.162583333333334,True,,,,,,,,,6.162583333333334,False,,False,,,,,observed_day,False
2017-06-13,True,3.5628333333333333,True,,,,,,,,,3.5628333333333333,False,,False,,,,,observed_day,False
2017-06-14,False,2.206,False,REAL_L001_20170614,2.931955227330872,0.4671573340892792,True,False,REAL_L001_20170614,1.0,3.057791733128871,3.057791733128871,True,gaussian_process,False,REAL_L001_20170614,1.0,short,no,real gap — no withheld truth,False
2017-06-15,True,2.640833333333333,True,,,,,,,,,2.640833333333333,False,,False,,,,,observed_day,False
2017-06-16,True,1.9959583333333333,True,,,,,,,,,1.9959583333333333,False,,False,,,,,observed_day,False
2017-06-17,True,2.029041666666666,True,,,,,,,,,2.029041666666666,False,,False,,,,,observed_day,False
2017-06-18,True,1.329208333333333,True,,,,,,,,,1.329208333333333,False,,False,,,,,observed_day,False
2017-06-19,True,1.1007916666666666,True,,,,,,,,,1.1007916666666666,False,,False,,,,,observed_day,False
2017-06-20,True,1.0490416666666669,True,,,,,,,,,1.0490416666666669,False,,False,,,,,observed_day,False
2017-06-21,False,1.51,False,REAL_L001_20170621,1.369056581319659,0.1364213973283767,True,False,REAL_L001_20170621,1.0,1.353772965285244,1.353772965285244,True,gaussian_process,False,REAL_L001_20170621,1.0,short,no,real gap — no withheld truth,False
2017-06-22,True,1.7252083333333337,True,,,,,,,,,1.7252083333333337,False,,False,,,,,observed_day,False
2017-06-23,True,1.3549583333333337,True,,,,,,,,,1.3549583333333337,False,,False,,,,,observed_day,False
2017-06-24,True,1.425,True,,,,,,,,,1.425,False,,False,,,,,observed_day,False
2017-06-25,True,1.4699166666666663,True,,,,,,,,,1.4699166666666663,False,,False,,,,,observed_day,False
2017-06-26,True,1.124125,True,,,,,,,,,1.124125,False,,False,,,,,observed_day,False
2017-06-27,True,1.161625,True,,,,,,,,,1.161625,False,,False,,,,,observed_day,False
2017-06-28,True,1.0136666666666667,True,,,,,,,,,1.0136666666666667,False,,False,,,,,observed_day,False
2017-06-29,True,1.047375,True,,,,,,,,,1.047375,False,,False,,,,,observed_day,False
2017-06-30,True,1.1214166666666667,True,,,,,,,,,1.1214166666666667,False,,False,,,,,observed_day,False
2017-07-01,True,1.3248333333333333,True,,,,,,,,,1.3248333333333333,False,,False,,,,,observed_day,False
2017-07-02,True,1.264875,True,,,,,,,,,1.264875,False,,False,,,,,observed_day,False
2017-07-03,True,0.7093333333333334,True,,,,,,,,,0.7093333333333334,False,,False,,,,,observed_day,False
2017-07-04,True,0.5275416666666667,True,,,,,,,,,0.5275416666666667,False,,False,,,,,observed_day,False
2017-07-05,False,0.608,False,REAL_L001_20170705,0.5809468335115002,-0.2358636111021042,True,False,REAL_L001_20170705,1.0,0.5340556850174188,0.5340556850174188,True,gaussian_process,False,REAL_L001_20170705,1.0,short,no,real gap — no withheld truth,False
2017-07-06,True,0.6075416666666666,True,,,,,,,,,0.6075416666666666,False,,False,,,,,observed_day,False
2017-07-07,True,0.6353749999999999,True,,,,,,,,,0.6353749999999999,False,,False,,,,,observed_day,False
2017-07-08,True,0.8210833333333335,True,,,,,,,,,0.8210833333333335,False,,False,,,,,observed_day,False
2017-07-09,True,0.9113333333333332,True,,,,,,,,,0.9113333333333332,False,,False,,,,,observed_day,False
2017-07-10,True,1.1601666666666668,True,,,,,,,,,1.1601666666666668,False,,False,,,,,observed_day,False
2017-07-11,False,1.2292142857142854,False,REAL_L010_20170711,1.3259292914253515,0.1225203648209571,True,False,REAL_L010_20170711,11.0,1.186306684923912,1.186306684923912,True,state_space_kalman,False,REAL_L010_20170711,11.0,medium,interpolation_within_range,real gap — no withheld truth,False
2017-07-12,False,,False,REAL_L010_20170711,1.3759231110165169,0.138594165444374,True,False,REAL_L010_20170711,11.0,1.213035670761524,1.213035670761524,True,state_space_kalman,False,REAL_L010_20170711,11.0,medium,interpolation_within_range,real gap — no withheld truth,False
2017-07-13,False,,False,REAL_L010_20170711,1.3303997476449332,0.1239821538329124,True,False,REAL_L010_20170711,11.0,1.2403668943619226,1.2403668943619226,True,state_space_kalman,False,REAL_L010_20170711,11.0,medium,interpolation_within_range,real gap — no withheld truth,False
2017-07-14,False,,False,REAL_L010_20170711,1.4712196160676057,0.1676775068044662,True,False,REAL_L010_20170711,11.0,1.2683139249014743,1.2683139249014743,True,state_space_kalman,False,REAL_L010_20170711,11.0,medium,interpolation_within_range,real gap — no withheld truth,False
2017-07-15,False,,False,REAL_L010_20170711,1.3266951346394111,0.1227711364626884,True,False,REAL_L010_20170711,11.0,1.2968906372872029,1.2968906372872029,True,state_space_kalman,False,REAL_L010_20170711,11.0,medium,interpolation_within_range,real gap — no withheld truth,False
2017-07-16,False,,False,REAL_L010_20170711,1.4625333899383677,0.165105789899826,True,False,REAL_L010_20170711,11.0,1.3261112190452873,1.3261112190452873,True,state_space_kalman,False,REAL_L010_20170711,11.0,medium,interpolation_within_range,real gap — no withheld truth,False
2017-07-17,False,,False,REAL_L010_20170711,1.3505790725025746,0.1305200159549713,True,False,REAL_L010_20170711,11.0,1.3559901773647656,1.3559901773647656,True,state_space_kalman,False,REAL_L010_20170711,11.0,medium,interpolation_within_range,real gap — no withheld truth,False
2017-07-18,False,,False,REAL_L010_20170711,1.6308509824380584,0.2124142795801162,True,False,REAL_L010_20170711,11.0,1.3865423462999416,1.3865423462999416,True,state_space_kalman,False,REAL_L010_20170711,11.0,medium,interpolation_within_range,real gap — no withheld truth,False
2017-07-19,False,,False,REAL_L010_20170711,1.49194787080482,0.1737536489963531,True,False,REAL_L010_20170711,11.0,1.417782894135072,1.417782894135072,True,state_space_kalman,False,REAL_L010_20170711,11.0,medium,interpolation_within_range,real gap — no withheld truth,False
2017-07-20,False,,False,REAL_L010_20170711,1.539880136123237,0.1874869167804718,True,False,REAL_L010_20170711,11.0,1.4497273309149894,1.4497273309149894,True,state_space_kalman,False,REAL_L010_20170711,11.0,medium,interpolation_within_range,real gap — no withheld truth,False
2017-07-21,False,1.466875,False,REAL_L010_20170711,1.5756512562558955,0.1974601000547409,True,False,REAL_L010_20170711,11.0,1.482391516145397,1.482391516145397,True,state_space_kalman,False,REAL_L010_20170711,11.0,medium,interpolation_within_range,real gap — no withheld truth,False
2017-07-22,True,1.5157916666666666,True,,,,,,,,,1.5157916666666666,False,,False,,,,,observed_day,False
2017-07-23,True,1.2362083333333334,True,,,,,,,,,1.2362083333333334,False,,False,,,,,observed_day,False
2017-07-24,True,1.1381666666666668,True,,,,,,,,,1.1381666666666668,False,,False,,,,,observed_day,False
2017-07-25,True,0.9545,True,,,,,,,,,0.9545,False,,False,,,,,observed_day,False
2017-07-26,True,1.3430833333333332,True,,,,,,,,,1.3430833333333332,False,,False,,,,,observed_day,False
2017-07-27,True,1.8084583333333335,True,,,,,,,,,1.8084583333333335,False,,False,,,,,observed_day,False
2017-07-28,True,1.7393333333333334,True,,,,,,,,,1.7393333333333334,False,,False,,,,,observed_day,False
2017-07-29,True,1.854625,True,,,,,,,,,1.854625,False,,False,,,,,observed_day,False
2017-07-30,True,2.400166666666667,True,,,,,,,,,2.400166666666667,False,,False,,,,,observed_day,False
2017-07-31,True,2.688041666666667,True,,,,,,,,,2.688041666666667,False,,False,,,,,observed_day,False
2017-08-01,True,3.0703333333333336,True,,,,,,,,,3.0703333333333336,False,,False,,,,,observed_day,False
2017-08-02,False,3.599,False,REAL_L001_20170802,4.416866196369919,0.6451142430305481,True,False,REAL_L001_20170802,1.0,4.601258475364767,4.601258475364767,True,gaussian_process,False,REAL_L001_20170802,1.0,short,no,real gap — no withheld truth,False
2017-08-03,True,6.295375,True,,,,,,,,,6.295375,False,,False,,,,,observed_day,False
2017-08-04,True,5.094541666666667,True,,,,,,,,,5.094541666666667,False,,False,,,,,observed_day,False
2017-08-05,True,3.841583333333333,True,,,,,,,,,3.841583333333333,False,,False,,,,,observed_day,False
2017-08-06,True,3.4110416666666663,True,,,,,,,,,3.4110416666666663,False,,False,,,,,observed_day,False
2017-08-07,True,2.657541666666667,True,,,,,,,,,2.657541666666667,False,,False,,,,,observed_day,False
2017-08-08,True,3.799041666666666,True,,,,,,,,,3.799041666666666,False,,False,,,,,observed_day,False
2017-08-09,False,6.423,False,REAL_L001_20170809,4.567123504449133,0.65964275598526,True,False,REAL_L001_20170809,1.0,4.833915974004571,4.833915974004571,True,gaussian_process,False,REAL_L001_20170809,1.0,short,no,real gap — no withheld truth,False
2017-08-10,True,5.107666666666667,True,,,,,,,,,5.107666666666667,False,,False,,,,,observed_day,False
2017-08-11,True,4.933333333333334,True,,,,,,,,,4.933333333333334,False,,False,,,,,observed_day,False
2017-08-12,True,4.8356666666666674,True,,,,,,,,,4.8356666666666674,False,,False,,,,,observed_day,False
2017-08-13,True,4.659583333333334,True,,,,,,,,,4.659583333333334,False,,False,,,,,observed_day,False
2017-08-14,True,4.120583333333333,True,,,,,,,,,4.120583333333333,False,,False,,,,,observed_day,False
2017-08-15,True,6.786041666666667,True,,,,,,,,,6.786041666666667,False,,False,,,,,observed_day,False
2017-08-16,False,3.298875,False,REAL_L001_20170816,9.403879881457437,0.9733070731163024,True,False,REAL_L001_20170816,1.0,9.400115955122068,9.400115955122068,True,gaussian_process,False,REAL_L001_20170816,1.0,short,no,real gap — no withheld truth,False
2017-08-17,True,11.048583333333337,True,,,,,,,,,11.048583333333337,False,,False,,,,,observed_day,False
2017-08-18,True,12.31825,True,,,,,,,,,12.31825,False,,False,,,,,observed_day,False
2017-08-19,True,10.873541666666666,True,,,,,,,,,10.873541666666666,False,,False,,,,,observed_day,False
2017-08-20,True,2.8865,True,,,,,,,,,2.8865,False,,False,,,,,observed_day,False
2017-08-21,True,5.04475,True,,,,,,,,,5.04475,False,,False,,,,,observed_day,False
2017-08-22,True,12.557458333333336,True,,,,,,,,,12.557458333333336,False,,False,,,,,observed_day,False
2017-08-23,False,9.936,False,REAL_L001_20170823,11.46612761197865,1.0594167709350586,True,False,REAL_L001_20170823,6.0,12.227163071366087,12.227163071366087,True,state_space_kalman,False,REAL_L001_20170823,6.0,short,interpolation_within_range,real gap — no withheld truth,False
2017-08-24,False,0.0555,False,REAL_L001_20170823,9.447176745690925,0.9753020405769348,True,False,REAL_L001_20170823,6.0,11.905555471916385,11.905555471916385,True,state_space_kalman,False,REAL_L001_20170823,6.0,short,interpolation_within_range,real gap — no withheld truth,False
2017-08-25,False,,False,REAL_L001_20170823,7.604698463095109,0.8810819983482361,True,False,REAL_L001_20170823,6.0,11.5924070258631,11.5924070258631,True,state_space_kalman,False,REAL_L001_20170823,6.0,short,interpolation_within_range,real gap — no withheld truth,False
2017-08-26,False,,False,REAL_L001_20170823,7.394697042413758,0.8689203858375549,True,False,REAL_L001_20170823,6.0,11.28749523449568,11.28749523449568,True,state_space_kalman,False,REAL_L001_20170823,6.0,short,interpolation_within_range,real gap — no withheld truth,False
2017-08-27,False,,False,REAL_L001_20170823,8.106665728216978,0.9088422656059264,True,False,REAL_L001_20170823,6.0,10.99060345142399,10.99060345142399,True,state_space_kalman,False,REAL_L001_20170823,6.0,short,interpolation_within_range,real gap — no withheld truth,False
2017-08-28,False,12.0355,False,REAL_L001_20170823,9.580821629494409,0.9814027547836304,True,False,REAL_L001_20170823,6.0,10.701520728646392,10.701520728646392,True,state_space_kalman,False,REAL_L001_20170823,6.0,short,interpolation_within_range,real gap — no withheld truth,False
2017-08-29,True,10.420041666666668,True,,,,,,,,,10.420041666666668,False,,False,,,,,observed_day,False
2017-08-30,False,8.59,False,REAL_L001_20170830,7.764562491087013,0.8901169896125793,True,False,REAL_L001_20170830,1.0,8.00434304738306,8.00434304738306,True,gaussian_process,False,REAL_L001_20170830,1.0,short,no,real gap — no withheld truth,False
2017-08-31,True,6.129208333333334,True,,,,,,,,,6.129208333333334,False,,False,,,,,observed_day,False
2017-09-01,True,5.479541666666667,True,,,,,,,,,5.479541666666667,False,,False,,,,,observed_day,False
2017-09-02,True,3.2615833333333337,True,,,,,,,,,3.2615833333333337,False,,False,,,,,observed_day,False
2017-09-03,True,1.452208333333333,True,,,,,,,,,1.452208333333333,False,,False,,,,,observed_day,False
2017-09-04,True,1.25725,True,,,,,,,,,1.25725,False,,False,,,,,observed_day,False
2017-09-05,True,1.9747083333333333,True,,,,,,,,,1.9747083333333333,False,,False,,,,,observed_day,False
2017-09-06,False,1.745,False,REAL_L001_20170906,2.371402020731562,0.3750051856040954,True,False,REAL_L001_20170906,1.0,2.4277426801433393,2.4277426801433393,True,gaussian_process,False,REAL_L001_20170906,1.0,short,no,real gap — no withheld truth,False
2017-09-07,True,2.665375,True,,,,,,,,,2.665375,False,,False,,,,,observed_day,False
2017-09-08,True,3.3745,True,,,,,,,,,3.3745,False,,False,,,,,observed_day,False
2017-09-09,True,3.645583333333333,True,,,,,,,,,3.645583333333333,False,,False,,,,,observed_day,False
2017-09-10,True,8.665291666666667,True,,,,,,,,,8.665291666666667,False,,False,,,,,observed_day,False
2017-09-11,True,12.839,True,,,,,,,,,12.839,False,,False,,,,,observed_day,False
2017-09-12,True,13.01,True,,,,,,,,,13.01,False,,False,,,,,observed_day,False
2017-09-13,True,11.770083333333334,True,,,,,,,,,11.770083333333334,False,,False,,,,,observed_day,False
2017-09-14,True,5.41425,True,,,,,,,,,5.41425,False,,False,,,,,observed_day,False
2017-09-15,True,4.040583333333333,True,,,,,,,,,4.040583333333333,False,,False,,,,,observed_day,False
2017-09-16,True,5.803541666666667,True,,,,,,,,,5.803541666666667,False,,False,,,,,observed_day,False
2017-09-17,True,6.170625,True,,,,,,,,,6.170625,False,,False,,,,,observed_day,False
2017-09-18,True,6.941333333333333,True,,,,,,,,,6.941333333333333,False,,False,,,,,observed_day,False
2017-09-19,True,8.645041666666666,True,,,,,,,,,8.645041666666666,False,,False,,,,,observed_day,False
2017-09-20,False,8.153,False,REAL_L001_20170920,5.8483842861365885,0.7670359015464783,True,False,REAL_L001_20170920,1.0,5.875493693182695,5.875493693182695,True,gaussian_process,False,REAL_L001_20170920,1.0,short,no,real gap — no withheld truth,False
2017-09-21,True,3.8815416666666662,True,,,,,,,,,3.8815416666666662,False,,False,,,,,observed_day,False
2017-09-22,True,4.404208333333333,True,,,,,,,,,4.404208333333333,False,,False,,,,,observed_day,False
2017-09-23,True,6.338874999999999,True,,,,,,,,,6.338874999999999,False,,False,,,,,observed_day,False
2017-09-24,True,9.124125,True,,,,,,,,,9.124125,False,,False,,,,,observed_day,False
2017-09-25,True,7.778000000000001,True,,,,,,,,,7.778000000000001,False,,False,,,,,observed_day,False
2017-09-26,True,6.8665416666666665,True,,,,,,,,,6.8665416666666665,False,,False,,,,,observed_day,False
2017-09-27,True,6.8300833333333335,True,,,,,,,,,6.8300833333333335,False,,False,,,,,observed_day,False
2017-09-28,True,3.918416666666667,True,,,,,,,,,3.918416666666667,False,,False,,,,,observed_day,False
2017-09-29,True,2.888125,True,,,,,,,,,2.888125,False,,False,,,,,observed_day,False
2017-09-30,True,2.189875,True,,,,,,,,,2.189875,False,,False,,,,,observed_day,False
2017-10-01,True,2.68,True,,,,,,,,,2.68,False,,False,,,,,observed_day,False
2017-10-02,True,1.733583333333333,True,,,,,,,,,1.733583333333333,False,,False,,,,,observed_day,False
2017-10-03,True,1.483125,True,,,,,,,,,1.483125,False,,False,,,,,observed_day,False
2017-10-04,True,2.0001666666666664,True,,,,,,,,,2.0001666666666664,False,,False,,,,,observed_day,False
2017-10-05,True,2.364,True,,,,,,,,,2.364,False,,False,,,,,observed_day,False
2017-10-06,True,3.298958333333333,True,,,,,,,,,3.298958333333333,False,,False,,,,,observed_day,False
2017-10-07,True,3.7079583333333335,True,,,,,,,,,3.7079583333333335,False,,False,,,,,observed_day,False
2017-10-08,True,4.932875,True,,,,,,,,,4.932875,False,,False,,,,,observed_day,False
2017-10-09,True,7.738208333333334,True,,,,,,,,,7.738208333333334,False,,False,,,,,observed_day,False
2017-10-10,True,8.058541666666667,True,,,,,,,,,8.058541666666667,False,,False,,,,,observed_day,False
2017-10-11,True,5.583125,True,,,,,,,,,5.583125,False,,False,,,,,observed_day,False
2017-10-12,True,4.989333333333334,True,,,,,,,,,4.989333333333334,False,,False,,,,,observed_day,False
2017-10-13,True,4.521625,True,,,,,,,,,4.521625,False,,False,,,,,observed_day,False
2017-10-14,True,4.259083333333333,True,,,,,,,,,4.259083333333333,False,,False,,,,,observed_day,False
2017-10-15,True,6.741750000000001,True,,,,,,,,,6.741750000000001,False,,False,,,,,observed_day,False
2017-10-16,True,9.065208333333333,True,,,,,,,,,9.065208333333333,False,,False,,,,,observed_day,False
2017-10-17,True,9.602958333333332,True,,,,,,,,,9.602958333333332,False,,False,,,,,observed_day,False
2017-10-18,False,7.247,False,REAL_L001_20171018,13.536397690303843,1.1315031051635742,True,False,REAL_L001_20171018,1.0,15.50369377669788,15.50369377669788,True,gaussian_process,False,REAL_L001_20171018,1.0,short,no,real gap — no withheld truth,False
2017-10-19,True,25.0565,True,,,,,,,,,25.0565,False,,False,,,,,observed_day,False
2017-10-20,True,32.084291666666665,True,,,,,,,,,32.084291666666665,False,,False,,,,,observed_day,False
2017-10-21,True,32.78145833333334,True,,,,,,,,,32.78145833333334,False,,False,,,,,observed_day,False
2017-10-22,True,35.4925,True,,,,,,,,,35.4925,False,,False,,,,,observed_day,False
2017-10-23,True,32.45883333333333,True,,,,,,,,,32.45883333333333,False,,False,,,,,observed_day,False
2017-10-24,True,29.6625,True,,,,,,,,,29.6625,False,,False,,,,,observed_day,False
2017-10-25,True,28.887666666666664,True,,,,,,,,,28.887666666666664,False,,False,,,,,observed_day,False
2017-10-26,True,25.133916666666664,True,,,,,,,,,25.133916666666664,False,,False,,,,,observed_day,False
2017-10-27,True,24.5675,True,,,,,,,,,24.5675,False,,False,,,,,observed_day,False
2017-10-28,True,25.82983333333333,True,,,,,,,,,25.82983333333333,False,,False,,,,,observed_day,False
2017-10-29,True,23.082458333333335,True,,,,,,,,,23.082458333333335,False,,False,,,,,observed_day,False
2017-10-30,True,26.902791666666666,True,,,,,,,,,26.902791666666666,False,,False,,,,,observed_day,False
2017-10-31,True,32.720708333333334,True,,,,,,,,,32.720708333333334,False,,False,,,,,observed_day,False
2017-11-01,True,25.766499999999997,True,,,,,,,,,25.766499999999997,False,,False,,,,,observed_day,False
2017-11-02,True,11.08875,True,,,,,,,,,11.08875,False,,False,,,,,observed_day,False
2017-11-03,True,15.956916666666666,True,,,,,,,,,15.956916666666666,False,,False,,,,,observed_day,False
2017-11-04,True,17.05004166666667,True,,,,,,,,,17.05004166666667,False,,False,,,,,observed_day,False
2017-11-05,True,17.789083333333334,True,,,,,,,,,17.789083333333334,False,,False,,,,,observed_day,False
2017-11-06,True,14.355541666666666,True,,,,,,,,,14.355541666666666,False,,False,,,,,observed_day,False
2017-11-07,True,10.246416666666669,True,,,,,,,,,10.246416666666669,False,,False,,,,,observed_day,False
2017-11-08,True,11.921458333333334,True,,,,,,,,,11.921458333333334,False,,False,,,,,observed_day,False
2017-11-09,True,14.334375,True,,,,,,,,,14.334375,False,,False,,,,,observed_day,False
2017-11-10,True,14.266958333333337,True,,,,,,,,,14.266958333333337,False,,False,,,,,observed_day,False
2017-11-11,False,15.02,False,REAL_L001_20171111,16.034946504196864,1.20506751537323,True,False,REAL_L001_20171111,1.0,16.9398289815791,16.9398289815791,True,gaussian_process,False,REAL_L001_20171111,1.0,short,no,real gap — no withheld truth,False
2017-11-12,True,19.646,True,,,,,,,,,19.646,False,,False,,,,,observed_day,False
2017-11-13,True,18.028541666666666,True,,,,,,,,,18.028541666666666,False,,False,,,,,observed_day,False
2017-11-14,True,19.4625,True,,,,,,,,,19.4625,False,,False,,,,,observed_day,False
2017-11-15,True,20.283083333333337,True,,,,,,,,,20.283083333333337,False,,False,,,,,observed_day,False
2017-11-16,True,20.47854166666667,True,,,,,,,,,20.47854166666667,False,,False,,,,,observed_day,False
2017-11-17,True,17.470041666666663,True,,,,,,,,,17.470041666666663,False,,False,,,,,observed_day,False
2017-11-18,False,24.667,False,REAL_L001_20171118,16.829810484424222,1.2260792255401611,True,False,REAL_L001_20171118,1.0,18.8083060024175,18.8083060024175,True,gaussian_process,False,REAL_L001_20171118,1.0,short,no,real gap — no withheld truth,False
2017-11-19,True,19.836708333333338,True,,,,,,,,,19.836708333333338,False,,False,,,,,observed_day,False
2017-11-20,True,24.336583333333333,True,,,,,,,,,24.336583333333333,False,,False,,,,,observed_day,False
2017-11-21,True,20.204041666666665,True,,,,,,,,,20.204041666666665,False,,False,,,,,observed_day,False
2017-11-22,True,29.580333333333332,True,,,,,,,,,29.580333333333332,False,,False,,,,,observed_day,False
2017-11-23,True,30.622083333333336,True,,,,,,,,,30.622083333333336,False,,False,,,,,observed_day,False
2017-11-24,True,31.13416666666667,True,,,,,,,,,31.13416666666667,False,,False,,,,,observed_day,False
2017-11-25,False,21.041,False,REAL_L001_20171125,32.5223826216345,1.512182354927063,True,False,REAL_L001_20171125,1.0,33.35148893608666,33.35148893608666,True,gaussian_process,False,REAL_L001_20171125,1.0,short,no,real gap — no withheld truth,False
2017-11-26,True,35.523583333333335,True,,,,,,,,,35.523583333333335,False,,False,,,,,observed_day,False
2017-11-27,True,40.57429166666666,True,,,,,,,,,40.57429166666666,False,,False,,,,,observed_day,False
2017-11-28,True,32.70166666666667,True,,,,,,,,,32.70166666666667,False,,False,,,,,observed_day,False
2017-11-29,True,47.08920833333334,True,,,,,,,,,47.08920833333334,False,,False,,,,,observed_day,False
2017-11-30,True,36.65258333333333,True,,,,,,,,,36.65258333333333,False,,False,,,,,observed_day,False
2017-12-01,True,13.966625,True,,,,,,,,,13.966625,False,,False,,,,,observed_day,False
2017-12-02,False,13.868,False,REAL_L001_20171202,4.359460312376503,0.6394327282905579,True,False,REAL_L001_20171202,1.0,5.780478347587718,5.780478347587718,True,gaussian_process,False,REAL_L001_20171202,1.0,short,no,real gap — no withheld truth,False
2017-12-03,True,2.6125416666666665,True,,,,,,,,,2.6125416666666665,False,,False,,,,,observed_day,False
2017-12-04,True,2.056833333333333,True,,,,,,,,,2.056833333333333,False,,False,,,,,observed_day,False
2017-12-05,True,1.7295,True,,,,,,,,,1.7295,False,,False,,,,,observed_day,False
2017-12-06,True,1.87425,True,,,,,,,,,1.87425,False,,False,,,,,observed_day,False
2017-12-07,True,3.479791666666667,True,,,,,,,,,3.479791666666667,False,,False,,,,,observed_day,False
2017-12-08,True,3.9094583333333337,True,,,,,,,,,3.9094583333333337,False,,False,,,,,observed_day,False
2017-12-09,False,4.594,False,REAL_L001_20171209,4.236298008681529,0.6269865036010742,True,False,REAL_L001_20171209,1.0,4.652591623956027,4.652591623956027,True,gaussian_process,False,REAL_L001_20171209,1.0,short,no,real gap — no withheld truth,False
2017-12-10,True,4.941,True,,,,,,,,,4.941,False,,False,,,,,observed_day,False
2017-12-11,True,6.070833333333333,True,,,,,,,,,6.070833333333333,False,,False,,,,,observed_day,False
2017-12-12,True,4.66575,True,,,,,,,,,4.66575,False,,False,,,,,observed_day,False
2017-12-13,True,3.835125,True,,,,,,,,,3.835125,False,,False,,,,,observed_day,False
2017-12-14,True,4.772374999999999,True,,,,,,,,,4.772374999999999,False,,False,,,,,observed_day,False
2017-12-15,True,3.1601250000000003,True,,,,,,,,,3.1601250000000003,False,,False,,,,,observed_day,False
2017-12-16,False,5.84,False,REAL_L001_20171216,4.019783727031531,0.6042026877403259,True,False,REAL_L001_20171216,1.0,4.38983806613322,4.38983806613322,True,gaussian_process,False,REAL_L001_20171216,1.0,short,no,real gap — no withheld truth,False
2017-12-17,True,5.994083333333333,True,,,,,,,,,5.994083333333333,False,,False,,,,,observed_day,False
2017-12-18,True,6.923208333333332,True,,,,,,,,,6.923208333333332,False,,False,,,,,observed_day,False
2017-12-19,False,,False,REAL_L001_20171219,7.165358122895795,0.8552379012107849,True,False,REAL_L001_20171219,1.0,7.247857940225915,7.247857940225915,True,gaussian_process,False,REAL_L001_20171219,1.0,short,no,real gap — no withheld truth,False
2017-12-20,True,7.36225,True,,,,,,,,,7.36225,False,,False,,,,,observed_day,False
2017-12-21,True,6.368250000000001,True,,,,,,,,,6.368250000000001,False,,False,,,,,observed_day,False
2017-12-22,True,5.985708333333332,True,,,,,,,,,5.985708333333332,False,,False,,,,,observed_day,False
2017-12-23,True,5.748916666666666,True,,,,,,,,,5.748916666666666,False,,False,,,,,observed_day,False
2017-12-24,True,5.209125,True,,,,,,,,,5.209125,False,,False,,,,,observed_day,False
2017-12-25,True,4.360666666666667,True,,,,,,,,,4.360666666666667,False,,False,,,,,observed_day,False
2017-12-26,True,6.914958333333334,True,,,,,,,,,6.914958333333334,False,,False,,,,,observed_day,False
2017-12-27,True,7.506791666666667,True,,,,,,,,,7.506791666666667,False,,False,,,,,observed_day,False
2017-12-28,True,4.94825,True,,,,,,,,,4.94825,False,,False,,,,,observed_day,False
2017-12-29,False,4.382,False,REAL_L001_20171229,5.181969876144888,0.7144948840141296,True,False,REAL_L001_20171229,1.0,5.371835489309743,5.371835489309743,True,gaussian_process,False,REAL_L001_20171229,1.0,short,no,real gap — no withheld truth,False
2017-12-30,True,5.445208333333333,True,,,,,,,,,5.445208333333333,False,,False,,,,,observed_day,False
2017-12-31,True,3.371166666666667,True,,,,,,,,,3.371166666666667,False,,False,,,,,observed_day,False
2018-01-01,True,2.4402500000000003,True,,,,,,,,,2.4402500000000003,False,,False,,,,,observed_day,False
2018-01-02,True,2.0553749999999997,True,,,,,,,,,2.0553749999999997,False,,False,,,,,observed_day,False
2018-01-03,True,1.665625,True,,,,,,,,,1.665625,False,,False,,,,,observed_day,False
2018-01-04,True,2.935375,True,,,,,,,,,2.935375,False,,False,,,,,observed_day,False
2018-01-05,False,1.803,False,REAL_L001_20180105,3.1366078797963537,0.4964602291584015,True,False,REAL_L001_20180105,1.0,2.6385800147608105,2.6385800147608105,True,gaussian_process,False,REAL_L001_20180105,1.0,short,no,real gap — no withheld truth,False
2018-01-06,True,2.8832916666666666,True,,,,,,,,,2.8832916666666666,False,,False,,,,,observed_day,False
2018-01-07,True,3.1772500000000004,True,,,,,,,,,3.1772500000000004,False,,False,,,,,observed_day,False
2018-01-08,True,2.8935833333333334,True,,,,,,,,,2.8935833333333334,False,,False,,,,,observed_day,False
2018-01-09,True,3.8712916666666666,True,,,,,,,,,3.8712916666666666,False,,False,,,,,observed_day,False
2018-01-10,True,9.410708333333334,True,,,,,,,,,9.410708333333334,False,,False,,,,,observed_day,False
2018-01-11,True,5.895416666666666,True,,,,,,,,,5.895416666666666,False,,False,,,,,observed_day,False
2018-01-12,False,6.332,False,REAL_L001_20180112,6.49333951863424,0.8124681115150452,True,False,REAL_L001_20180112,1.0,7.684815632995805,7.684815632995805,True,gaussian_process,False,REAL_L001_20180112,1.0,short,no,real gap — no withheld truth,False
2018-01-13,True,8.390458333333333,True,,,,,,,,,8.390458333333333,False,,False,,,,,observed_day,False
2018-01-14,True,7.42025,True,,,,,,,,,7.42025,False,,False,,,,,observed_day,False
2018-01-15,True,4.844666666666666,True,,,,,,,,,4.844666666666666,False,,False,,,,,observed_day,False
2018-01-16,True,2.878916666666667,True,,,,,,,,,2.878916666666667,False,,False,,,,,observed_day,False
2018-01-17,True,1.805875,True,,,,,,,,,1.805875,False,,False,,,,,observed_day,False
2018-01-18,True,1.8225,True,,,,,,,,,1.8225,False,,False,,,,,observed_day,False
2018-01-19,False,1.993,False,REAL_L001_20180119,3.1736751853436367,0.5015624761581421,True,False,REAL_L001_20180119,1.0,3.102623684493963,3.102623684493963,True,gaussian_process,False,REAL_L001_20180119,1.0,short,no,real gap — no withheld truth,False
2018-01-20,True,5.4562083333333335,True,,,,,,,,,5.4562083333333335,False,,False,,,,,observed_day,False
2018-01-21,True,4.416125,True,,,,,,,,,4.416125,False,,False,,,,,observed_day,False
2018-01-22,True,2.908,True,,,,,,,,,2.908,False,,False,,,,,observed_day,False
2018-01-23,True,2.1519166666666667,True,,,,,,,,,2.1519166666666667,False,,False,,,,,observed_day,False
2018-01-24,True,1.8500416666666668,True,,,,,,,,,1.8500416666666668,False,,False,,,,,observed_day,False
2018-01-25,True,1.3675833333333334,True,,,,,,,,,1.3675833333333334,False,,False,,,,,observed_day,False
2018-01-26,False,1.578,False,REAL_L001_20180126,1.2792906840927267,0.1069692373275756,True,False,REAL_L001_20180126,1.0,1.2409535009813464,1.2409535009813464,True,gaussian_process,False,REAL_L001_20180126,1.0,short,no,real gap — no withheld truth,False
2018-01-27,True,1.1803333333333332,True,,,,,,,,,1.1803333333333332,False,,False,,,,,observed_day,False
2018-01-28,True,0.7765,True,,,,,,,,,0.7765,False,,False,,,,,observed_day,False
2018-01-29,True,2.4639583333333337,True,,,,,,,,,2.4639583333333337,False,,False,,,,,observed_day,False
2018-01-30,True,2.972,True,,,,,,,,,2.972,False,,False,,,,,observed_day,False
2018-01-31,True,2.0162083333333336,True,,,,,,,,,2.0162083333333336,False,,False,,,,,observed_day,False
2018-02-01,True,7.324541666666666,True,,,,,,,,,7.324541666666666,False,,False,,,,,observed_day,False
2018-02-02,False,8.7,False,REAL_L001_20180202,11.81558658279712,1.0724552869796753,True,False,REAL_L001_20180202,1.0,10.76699221712231,10.76699221712231,True,gaussian_process,False,REAL_L001_20180202,1.0,short,no,real gap — no withheld truth,False
2018-02-03,True,14.779375,True,,,,,,,,,14.779375,False,,False,,,,,observed_day,False
2018-02-04,True,16.931458333333335,True,,,,,,,,,16.931458333333335,False,,False,,,,,observed_day,False
2018-02-05,True,9.576625,True,,,,,,,,,9.576625,False,,False,,,,,observed_day,False
2018-02-06,True,6.862875,True,,,,,,,,,6.862875,False,,False,,,,,observed_day,False
2018-02-07,True,5.53725,True,,,,,,,,,5.53725,False,,False,,,,,observed_day,False
2018-02-08,True,2.0213750000000004,True,,,,,,,,,2.0213750000000004,False,,False,,,,,observed_day,False
2018-02-09,False,1.759,False,REAL_L001_20180209,1.887656828718816,0.2759230434894562,True,False,REAL_L001_20180209,1.0,1.9810562296881176,1.9810562296881176,True,gaussian_process,False,REAL_L001_20180209,1.0,short,no,real gap — no withheld truth,False
2018-02-10,True,2.0204583333333335,True,,,,,,,,,2.0204583333333335,False,,False,,,,,observed_day,False
2018-02-11,True,1.575416666666667,True,,,,,,,,,1.575416666666667,False,,False,,,,,observed_day,False
2018-02-12,True,1.538166666666667,True,,,,,,,,,1.538166666666667,False,,False,,,,,observed_day,False
2018-02-13,True,1.02775,True,,,,,,,,,1.02775,False,,False,,,,,observed_day,False
2018-02-14,True,1.6835833333333337,True,,,,,,,,,1.6835833333333337,False,,False,,,,,observed_day,False
2018-02-15,True,3.216208333333333,True,,,,,,,,,3.216208333333333,False,,False,,,,,observed_day,False
2018-02-16,False,11.544,False,REAL_L001_20180216,2.7765452184477852,0.4435047507286072,True,False,REAL_L001_20180216,1.0,2.6862594437363057,2.6862594437363057,True,gaussian_process,False,REAL_L001_20180216,1.0,short,no,real gap — no withheld truth,False
2018-02-17,True,1.983208333333333,True,,,,,,,,,1.983208333333333,False,,False,,,,,observed_day,False
2018-02-18,True,1.3226250000000002,True,,,,,,,,,1.3226250000000002,False,,False,,,,,observed_day,False
2018-02-19,True,1.701125,True,,,,,,,,,1.701125,False,,False,,,,,observed_day,False
2018-02-20,True,2.3995,True,,,,,,,,,2.3995,False,,False,,,,,observed_day,False
2018-02-21,True,3.4637499999999997,True,,,,,,,,,3.4637499999999997,False,,False,,,,,observed_day,False
2018-02-22,True,2.047,True,,,,,,,,,2.047,False,,False,,,,,observed_day,False
2018-02-23,True,2.5236666666666667,True,,,,,,,,,2.5236666666666667,False,,False,,,,,observed_day,False
2018-02-24,True,2.24525,True,,,,,,,,,2.24525,False,,False,,,,,observed_day,False
2018-02-25,True,2.5977916666666663,True,,,,,,,,,2.5977916666666663,False,,False,,,,,observed_day,False
2018-02-26,True,3.155208333333333,True,,,,,,,,,3.155208333333333,False,,False,,,,,observed_day,False
2018-02-27,True,5.506291666666667,True,,,,,,,,,5.506291666666667,False,,False,,,,,observed_day,False
2018-02-28,True,4.266666666666667,True,,,,,,,,,4.266666666666667,False,,False,,,,,observed_day,False
2018-03-01,True,3.4760416666666667,True,,,,,,,,,3.4760416666666667,False,,False,,,,,observed_day,False
2018-03-02,True,3.7880416666666665,True,,,,,,,,,3.7880416666666665,False,,False,,,,,observed_day,False
2018-03-03,True,2.7843750000000003,True,,,,,,,,,2.7843750000000003,False,,False,,,,,observed_day,False
2018-03-04,True,3.052708333333334,True,,,,,,,,,3.052708333333334,False,,False,,,,,observed_day,False
2018-03-05,True,3.443333333333334,True,,,,,,,,,3.443333333333334,False,,False,,,,,observed_day,False
2018-03-06,True,1.9505416666666668,True,,,,,,,,,1.9505416666666668,False,,False,,,,,observed_day,False
2018-03-07,True,1.5635,True,,,,,,,,,1.5635,False,,False,,,,,observed_day,False
2018-03-08,False,1.2295,False,REAL_L001_20180308,1.6361706333111563,0.2138285934925079,True,False,REAL_L001_20180308,2.0,1.495182598047566,1.495182598047566,True,gaussian_process,False,REAL_L001_20180308,2.0,short,interpolation_within_range,real gap — no withheld truth,False
2018-03-09,False,0.953,False,REAL_L001_20180308,1.605755769677495,0.2056794911623001,True,False,REAL_L001_20180308,2.0,1.4464246948152342,1.4464246948152342,True,gaussian_process,False,REAL_L001_20180308,2.0,short,interpolation_within_range,real gap — no withheld truth,False
2018-03-10,True,1.3965416666666668,True,,,,,,,,,1.3965416666666668,False,,False,,,,,observed_day,False
2018-03-11,True,0.9472916666666666,True,,,,,,,,,0.9472916666666666,False,,False,,,,,observed_day,False
2018-03-12,True,1.4795416666666668,True,,,,,,,,,1.4795416666666668,False,,False,,,,,observed_day,False
2018-03-13,True,2.3857916666666665,True,,,,,,,,,2.3857916666666665,False,,False,,,,,observed_day,False
2018-03-14,True,2.239375,True,,,,,,,,,2.239375,False,,False,,,,,observed_day,False
2018-03-15,True,2.0965833333333332,True,,,,,,,,,2.0965833333333332,False,,False,,,,,observed_day,False
2018-03-16,False,1.983,False,REAL_L001_20180316,2.2489616879145147,0.351982057094574,True,False,REAL_L001_20180316,1.0,2.313313601774924,2.313313601774924,True,gaussian_process,False,REAL_L001_20180316,1.0,short,no,real gap — no withheld truth,False
2018-03-17,True,2.512541666666667,True,,,,,,,,,2.512541666666667,False,,False,,,,,observed_day,False
2018-03-18,True,2.5980000000000003,True,,,,,,,,,2.5980000000000003,False,,False,,,,,observed_day,False
2018-03-19,True,2.4434583333333335,True,,,,,,,,,2.4434583333333335,False,,False,,,,,observed_day,False
2018-03-20,True,2.6809583333333333,True,,,,,,,,,2.6809583333333333,False,,False,,,,,observed_day,False
2018-03-21,True,4.332375,True,,,,,,,,,4.332375,False,,False,,,,,observed_day,False
2018-03-22,True,6.883958333333333,True,,,,,,,,,6.883958333333333,False,,False,,,,,observed_day,False
2018-03-23,False,5.108125,False,REAL_L001_20180323,7.732752240344386,0.8883340954780579,True,False,REAL_L001_20180323,1.0,7.813095145020927,7.813095145020927,True,gaussian_process,False,REAL_L001_20180323,1.0,short,no,real gap — no withheld truth,False
2018-03-24,True,8.426291666666666,True,,,,,,,,,8.426291666666666,False,,False,,,,,observed_day,False
2018-03-25,True,12.503041666666666,True,,,,,,,,,12.503041666666666,False,,False,,,,,observed_day,False
2018-03-26,True,12.381416666666668,True,,,,,,,,,12.381416666666668,False,,False,,,,,observed_day,False
2018-03-27,True,12.651083333333332,True,,,,,,,,,12.651083333333332,False,,False,,,,,observed_day,False
2018-03-28,True,14.421791666666666,True,,,,,,,,,14.421791666666666,False,,False,,,,,observed_day,False
2018-03-29,True,12.780958333333333,True,,,,,,,,,12.780958333333333,False,,False,,,,,observed_day,False
2018-03-30,False,16.691,False,REAL_L001_20180330,10.606274977702858,1.0255628824234009,True,False,REAL_L001_20180330,1.0,10.81417002644416,10.81417002644416,True,gaussian_process,False,REAL_L001_20180330,1.0,short,no,real gap — no withheld truth,False
2018-03-31,True,8.637125,True,,,,,,,,,8.637125,False,,False,,,,,observed_day,False
2018-04-01,True,6.782958333333333,True,,,,,,,,,6.782958333333333,False,,False,,,,,observed_day,False
2018-04-02,True,3.248083333333333,True,,,,,,,,,3.248083333333333,False,,False,,,,,observed_day,False
2018-04-03,True,3.1346666666666665,True,,,,,,,,,3.1346666666666665,False,,False,,,,,observed_day,False
2018-04-04,True,3.1032500000000005,True,,,,,,,,,3.1032500000000005,False,,False,,,,,observed_day,False
2018-04-05,True,2.0703181818181817,True,,,,,,,,,2.0703181818181817,False,,False,,,,,observed_day,False
2018-04-06,False,1.993,False,REAL_L001_20180406,1.8025934563749269,0.2558977901935577,True,False,REAL_L001_20180406,1.0,2.00292061805082,2.00292061805082,True,gaussian_process,False,REAL_L001_20180406,1.0,short,no,real gap — no withheld truth,False
2018-04-07,True,1.8082083333333332,True,,,,,,,,,1.8082083333333332,False,,False,,,,,observed_day,False
2018-04-08,True,1.7962916666666668,True,,,,,,,,,1.7962916666666668,False,,False,,,,,observed_day,False
2018-04-09,True,1.40175,True,,,,,,,,,1.40175,False,,False,,,,,observed_day,False
2018-04-10,True,1.1194166666666667,True,,,,,,,,,1.1194166666666667,False,,False,,,,,observed_day,False
2018-04-11,True,1.0337916666666669,True,,,,,,,,,1.0337916666666669,False,,False,,,,,observed_day,False
2018-04-12,True,0.574,True,,,,,,,,,0.574,False,,False,,,,,observed_day,False
2018-04-13,True,0.4434166666666666,True,,,,,,,,,0.4434166666666666,False,,False,,,,,observed_day,False
2018-04-14,True,0.7116666666666666,True,,,,,,,,,0.7116666666666666,False,,False,,,,,observed_day,False
2018-04-15,True,0.7594583333333333,True,,,,,,,,,0.7594583333333333,False,,False,,,,,observed_day,False
2018-04-16,True,1.1725,True,,,,,,,,,1.1725,False,,False,,,,,observed_day,False
2018-04-17,True,1.4202083333333333,True,,,,,,,,,1.4202083333333333,False,,False,,,,,observed_day,False
2018-04-18,True,2.2775416666666666,True,,,,,,,,,2.2775416666666666,False,,False,,,,,observed_day,False
2018-04-19,True,3.4150416666666668,True,,,,,,,,,3.4150416666666668,False,,False,,,,,observed_day,False
2018-04-20,False,4.068,False,REAL_L001_20180420,2.0350881702086596,0.3085832297801971,True,False,REAL_L001_20180420,1.0,2.1000531408497545,2.1000531408497545,True,gaussian_process,False,REAL_L001_20180420,1.0,short,no,real gap — no withheld truth,False
2018-04-21,True,1.2215,True,,,,,,,,,1.2215,False,,False,,,,,observed_day,False
2018-04-22,True,1.7722083333333334,True,,,,,,,,,1.7722083333333334,False,,False,,,,,observed_day,False
2018-04-23,True,1.9657916666666668,True,,,,,,,,,1.9657916666666668,False,,False,,,,,observed_day,False
2018-04-24,True,2.0586249999999997,True,,,,,,,,,2.0586249999999997,False,,False,,,,,observed_day,False
2018-04-25,True,2.1744583333333334,True,,,,,,,,,2.1744583333333334,False,,False,,,,,observed_day,False
2018-04-26,True,2.3599583333333336,True,,,,,,,,,2.3599583333333336,False,,False,,,,,observed_day,False
2018-04-27,True,4.027083333333334,True,,,,,,,,,4.027083333333334,False,,False,,,,,observed_day,False
2018-04-28,True,5.506375000000001,True,,,,,,,,,5.506375000000001,False,,False,,,,,observed_day,False
2018-04-29,True,2.653541666666667,True,,,,,,,,,2.653541666666667,False,,False,,,,,observed_day,False
2018-04-30,True,6.122208333333333,True,,,,,,,,,6.122208333333333,False,,False,,,,,observed_day,False
2018-05-01,True,6.87425,True,,,,,,,,,6.87425,False,,False,,,,,observed_day,False
2018-05-02,True,5.09425,True,,,,,,,,,5.09425,False,,False,,,,,observed_day,False
2018-05-03,True,8.23775,True,,,,,,,,,8.23775,False,,False,,,,,observed_day,False
2018-05-04,False,12.37425,False,REAL_L001_20180504,8.898437610080173,0.949313759803772,True,False,REAL_L001_20180504,1.0,8.447497628392012,8.447497628392012,True,gaussian_process,False,REAL_L001_20180504,1.0,short,no,real gap — no withheld truth,False
2018-05-05,True,9.7205,True,,,,,,,,,9.7205,False,,False,,,,,observed_day,False
2018-05-06,True,8.733125,True,,,,,,,,,8.733125,False,,False,,,,,observed_day,False
2018-05-07,True,7.336625000000001,True,,,,,,,,,7.336625000000001,False,,False,,,,,observed_day,False
2018-05-08,True,8.018666666666666,True,,,,,,,,,8.018666666666666,False,,False,,,,,observed_day,False
2018-05-09,True,9.671333333333331,True,,,,,,,,,9.671333333333331,False,,False,,,,,observed_day,False
2018-05-10,True,7.581875,True,,,,,,,,,7.581875,False,,False,,,,,observed_day,False
2018-05-11,False,9.7225,False,REAL_L001_20180511,4.37361599938397,0.6408406496047974,True,False,REAL_L001_20180511,1.0,4.824208465505361,4.824208465505361,True,gaussian_process,False,REAL_L001_20180511,1.0,short,no,real gap — no withheld truth,False
2018-05-12,True,2.673875,True,,,,,,,,,2.673875,False,,False,,,,,observed_day,False
2018-05-13,True,2.2784999999999997,True,,,,,,,,,2.2784999999999997,False,,False,,,,,observed_day,False
2018-05-14,True,1.1142083333333332,True,,,,,,,,,1.1142083333333332,False,,False,,,,,observed_day,False
2018-05-15,True,0.356875,True,,,,,,,,,0.356875,False,,False,,,,,observed_day,False
2018-05-16,True,0.738625,True,,,,,,,,,0.738625,False,,False,,,,,observed_day,False
2018-05-17,True,0.6732916666666666,True,,,,,,,,,0.6732916666666666,False,,False,,,,,observed_day,False
2018-05-18,True,0.7666666666666666,True,,,,,,,,,0.7666666666666666,False,,False,,,,,observed_day,False
2018-05-19,True,0.8495416666666666,True,,,,,,,,,0.8495416666666666,False,,False,,,,,observed_day,False
2018-05-20,True,0.893875,True,,,,,,,,,0.893875,False,,False,,,,,observed_day,False
2018-05-21,True,1.2755,True,,,,,,,,,1.2755,False,,False,,,,,observed_day,False
2018-05-22,True,1.7409583333333334,True,,,,,,,,,1.7409583333333334,False,,False,,,,,observed_day,False
2018-05-23,True,1.9896666666666665,True,,,,,,,,,1.9896666666666665,False,,False,,,,,observed_day,False
2018-05-24,True,3.372625,True,,,,,,,,,3.372625,False,,False,,,,,observed_day,False
2018-05-25,False,3.8203333333333336,False,REAL_L001_20180525,4.474455019949062,0.6507401466369629,True,False,REAL_L001_20180525,1.0,4.685005541231839,4.685005541231839,True,gaussian_process,False,REAL_L001_20180525,1.0,short,no,real gap — no withheld truth,False
2018-05-26,True,6.011625,True,,,,,,,,,6.011625,False,,False,,,,,observed_day,False
2018-05-27,True,8.718583333333333,True,,,,,,,,,8.718583333333333,False,,False,,,,,observed_day,False
2018-05-28,True,7.177083333333333,True,,,,,,,,,7.177083333333333,False,,False,,,,,observed_day,False
2018-05-29,True,4.821958333333333,True,,,,,,,,,4.821958333333333,False,,False,,,,,observed_day,False
2018-05-30,True,3.8519583333333336,True,,,,,,,,,3.8519583333333336,False,,False,,,,,observed_day,False
2018-05-31,True,2.4399583333333332,True,,,,,,,,,2.4399583333333332,False,,False,,,,,observed_day,False
2018-06-01,False,1.638,False,REAL_L001_20180601,2.0703140258268897,0.3160362243652344,True,False,REAL_L001_20180601,1.0,1.9735906003820125,1.9735906003820125,True,gaussian_process,False,REAL_L001_20180601,1.0,short,no,real gap — no withheld truth,False
2018-06-02,True,1.8178333333333336,True,,,,,,,,,1.8178333333333336,False,,False,,,,,observed_day,False
2018-06-03,True,1.069208333333333,True,,,,,,,,,1.069208333333333,False,,False,,,,,observed_day,False
2018-06-04,True,2.2227916666666663,True,,,,,,,,,2.2227916666666663,False,,False,,,,,observed_day,False
2018-06-05,True,1.786625,True,,,,,,,,,1.786625,False,,False,,,,,observed_day,False
2018-06-06,True,2.0379583333333335,True,,,,,,,,,2.0379583333333335,False,,False,,,,,observed_day,False
2018-06-07,True,2.883791666666666,True,,,,,,,,,2.883791666666666,False,,False,,,,,observed_day,False
2018-06-08,False,3.6865,False,REAL_L001_20180608,2.890923058352115,0.4610365331172943,True,False,REAL_L001_20180608,1.0,2.5628426253463874,2.5628426253463874,True,gaussian_process,False,REAL_L001_20180608,1.0,short,no,real gap — no withheld truth,False
2018-06-09,True,2.6448750000000003,True,,,,,,,,,2.6448750000000003,False,,False,,,,,observed_day,False
2018-06-10,True,1.9515,True,,,,,,,,,1.9515,False,,False,,,,,observed_day,False
2018-06-11,True,1.8350416666666665,True,,,,,,,,,1.8350416666666665,False,,False,,,,,observed_day,False
2018-06-12,True,1.54075,True,,,,,,,,,1.54075,False,,False,,,,,observed_day,False
2018-06-13,True,1.6763750000000002,True,,,,,,,,,1.6763750000000002,False,,False,,,,,observed_day,False
2018-06-14,True,1.2811666666666666,True,,,,,,,,,1.2811666666666666,False,,False,,,,,observed_day,False
2018-06-15,False,1.136,False,REAL_L001_20180615,1.4472222015591212,0.1605352163314819,True,False,REAL_L001_20180615,1.0,1.5468897277133535,1.5468897277133535,True,gaussian_process,False,REAL_L001_20180615,1.0,short,no,real gap — no withheld truth,False
2018-06-16,True,1.802875,True,,,,,,,,,1.802875,False,,False,,,,,observed_day,False
2018-06-17,True,1.6213750000000002,True,,,,,,,,,1.6213750000000002,False,,False,,,,,observed_day,False
2018-06-18,False,1.230666666666667,False,REAL_L031_20180618,1.6357159708845537,0.2137078940868377,True,False,REAL_L031_20180618,33.0,2.3341461921676077,2.3341461921676077,True,gap_edge_residual_model,False,REAL_L031_20180618,33.0,long,yes,real gap — no withheld truth,False
2018-06-19,False,,False,REAL_L031_20180618,1.640875430029613,0.2150756120681762,True,False,REAL_L031_20180618,33.0,2.0915248559669246,2.0915248559669246,True,gap_edge_residual_model,False,REAL_L031_20180618,33.0,long,yes,real gap — no withheld truth,False
2018-06-20,False,,False,REAL_L031_20180618,1.6669942811568803,0.2219341099262237,True,False,REAL_L031_20180618,33.0,1.8673885204163028,1.8673885204163028,True,gap_edge_residual_model,False,REAL_L031_20180618,33.0,long,yes,real gap — no withheld truth,False
2018-06-21,False,,False,REAL_L031_20180618,1.4674325945552944,0.1665581613779068,True,False,REAL_L031_20180618,33.0,1.753951011957211,1.753951011957211,True,gap_edge_residual_model,False,REAL_L031_20180618,33.0,long,yes,real gap — no withheld truth,False
2018-06-22,False,,False,REAL_L031_20180618,1.6401965314928864,0.2148958891630172,True,False,REAL_L031_20180618,33.0,1.7486717205956008,1.7486717205956008,True,gap_edge_residual_model,False,REAL_L031_20180618,33.0,long,yes,real gap — no withheld truth,False
2018-06-23,False,,False,REAL_L031_20180618,1.4588497139106626,0.1640105545520782,True,False,REAL_L031_20180618,33.0,1.7354751155882135,1.7354751155882135,True,gap_edge_residual_model,False,REAL_L031_20180618,33.0,long,yes,real gap — no withheld truth,False
2018-06-24,False,,False,REAL_L031_20180618,1.4415600685187997,0.1588327437639236,True,False,REAL_L031_20180618,33.0,1.8125651023740628,1.8125651023740628,True,gap_edge_residual_model,False,REAL_L031_20180618,33.0,long,yes,real gap — no withheld truth,False
2018-06-25,False,,False,REAL_L031_20180618,1.448622480264448,0.1609552204608917,True,False,REAL_L031_20180618,33.0,1.8183773742998075,1.8183773742998075,True,gap_edge_residual_model,False,REAL_L031_20180618,33.0,long,yes,real gap — no withheld truth,False
2018-06-26,False,,False,REAL_L031_20180618,1.5659003005458032,0.194764107465744,True,False,REAL_L031_20180618,33.0,1.8355861650502696,1.8355861650502696,True,gap_edge_residual_model,False,REAL_L031_20180618,33.0,long,yes,real gap — no withheld truth,False
2018-06-27,False,,False,REAL_L031_20180618,1.556486728897606,0.1921454221010208,True,False,REAL_L031_20180618,33.0,1.891831869795368,1.891831869795368,True,gap_edge_residual_model,False,REAL_L031_20180618,33.0,long,yes,real gap — no withheld truth,False
2018-06-28,False,,False,REAL_L031_20180618,1.8595598605368011,0.2694101631641388,True,False,REAL_L031_20180618,33.0,1.8901579108722744,1.8901579108722744,True,gap_edge_residual_model,False,REAL_L031_20180618,33.0,long,yes,real gap — no withheld truth,False
2018-06-29,False,,False,REAL_L031_20180618,1.5525441461642024,0.1910439580678939,True,False,REAL_L031_20180618,33.0,1.804771288230788,1.804771288230788,True,gap_edge_residual_model,False,REAL_L031_20180618,33.0,long,yes,real gap — no withheld truth,False
2018-06-30,False,,False,REAL_L031_20180618,1.8175298378051787,0.2594815492630005,True,False,REAL_L031_20180618,33.0,1.8186584021995695,1.8186584021995695,True,gap_edge_residual_model,False,REAL_L031_20180618,33.0,long,yes,real gap — no withheld truth,False
2018-07-01,False,,False,REAL_L031_20180618,1.5595433658963065,0.1929974555969238,True,False,REAL_L031_20180618,33.0,1.7570408437380574,1.7570408437380574,True,gap_edge_residual_model,False,REAL_L031_20180618,33.0,long,yes,real gap — no withheld truth,False
2018-07-02,False,,False,REAL_L031_20180618,1.5585159953907055,0.1927112638950348,True,False,REAL_L031_20180618,33.0,1.7333252071145455,1.7333252071145455,True,gap_edge_residual_model,False,REAL_L031_20180618,33.0,long,yes,real gap — no withheld truth,False
2018-07-03,False,,False,REAL_L031_20180618,1.8750311866394784,0.2730084955692291,True,False,REAL_L031_20180618,33.0,1.7139594950384236,1.7139594950384236,True,gap_edge_residual_model,False,REAL_L031_20180618,33.0,long,yes,real gap — no withheld truth,False
2018-07-04,False,,False,REAL_L031_20180618,1.823671335155398,0.2609465718269348,True,False,REAL_L031_20180618,33.0,1.780522415337398,1.780522415337398,True,gap_edge_residual_model,False,REAL_L031_20180618,33.0,long,yes,real gap — no withheld truth,False
2018-07-05,False,,False,REAL_L031_20180618,1.917913238223405,0.2828289568424225,True,False,REAL_L031_20180618,33.0,1.6880472381666871,1.6880472381666871,True,gap_edge_residual_model,False,REAL_L031_20180618,33.0,long,yes,real gap — no withheld truth,False
2018-07-06,False,,False,REAL_L031_20180618,1.7193783565146843,0.2353714555501938,True,False,REAL_L031_20180618,33.0,1.6381282767999046,1.6381282767999046,True,gap_edge_residual_model,False,REAL_L031_20180618,33.0,long,yes,real gap — no withheld truth,False
2018-07-07,False,,False,REAL_L031_20180618,1.6547348863603646,0.2187284231185913,True,False,REAL_L031_20180618,33.0,1.6226122184912155,1.6226122184912155,True,gap_edge_residual_model,False,REAL_L031_20180618,33.0,long,yes,real gap — no withheld truth,False
2018-07-08,False,,False,REAL_L031_20180618,1.66738589480036,0.2220361232757568,True,False,REAL_L031_20180618,33.0,1.7078164623876364,1.7078164623876364,True,gap_edge_residual_model,False,REAL_L031_20180618,33.0,long,yes,real gap — no withheld truth,False
2018-07-09,False,,False,REAL_L031_20180618,2.1781929618979636,0.3380963504314422,True,False,REAL_L031_20180618,33.0,1.9696295213282664,1.9696295213282664,True,gap_edge_residual_model,False,REAL_L031_20180618,33.0,long,yes,real gap — no withheld truth,False
2018-07-10,False,,False,REAL_L031_20180618,2.2768149240694435,0.3573277294635772,True,False,REAL_L031_20180618,33.0,2.0317606874391094,2.0317606874391094,True,gap_edge_residual_model,False,REAL_L031_20180618,33.0,long,yes,real gap — no withheld truth,False
2018-07-11,False,,False,REAL_L031_20180618,1.5003074757983588,0.1761802732944488,True,False,REAL_L031_20180618,33.0,1.921620116180304,1.921620116180304,True,gap_edge_residual_model,False,REAL_L031_20180618,33.0,long,yes,real gap — no withheld truth,False
2018-07-12,False,,False,REAL_L031_20180618,1.4451699389377222,0.1599189192056656,True,False,REAL_L031_20180618,33.0,1.835997896841584,1.835997896841584,True,gap_edge_residual_model,False,REAL_L031_20180618,33.0,long,yes,real gap — no withheld truth,False
2018-07-13,False,,False,REAL_L031_20180618,1.8348298196530637,0.2635957896709442,True,False,REAL_L031_20180618,33.0,1.7792537809677051,1.7792537809677051,True,gap_edge_residual_model,False,REAL_L031_20180618,33.0,long,yes,real gap — no withheld truth,False
2018-07-14,False,,False,REAL_L031_20180618,1.6901030518038715,0.2279131859540939,True,False,REAL_L031_20180618,33.0,1.8415775116465891,1.8415775116465891,True,gap_edge_residual_model,False,REAL_L031_20180618,33.0,long,yes,real gap — no withheld truth,False
2018-07-15,False,,False,REAL_L031_20180618,1.453485209757577,0.1624106168746948,True,False,REAL_L031_20180618,33.0,1.8509753209108324,1.8509753209108324,True,gap_edge_residual_model,False,REAL_L031_20180618,33.0,long,yes,real gap — no withheld truth,False
2018-07-16,False,,False,REAL_L031_20180618,1.648909055044645,0.2171967029571533,True,False,REAL_L031_20180618,33.0,1.851461825981168,1.851461825981168,True,gap_edge_residual_model,False,REAL_L031_20180618,33.0,long,yes,real gap — no withheld truth,False
2018-07-17,False,,False,REAL_L031_20180618,1.661831095472964,0.2205868810415268,True,False,REAL_L031_20180618,33.0,1.8888101266051596,1.8888101266051596,True,gap_edge_residual_model,False,REAL_L031_20180618,33.0,long,yes,real gap — no withheld truth,False
2018-07-18,False,,False,REAL_L031_20180618,1.5638262200963569,0.1941884905099868,True,False,REAL_L031_20180618,33.0,1.863471487188458,1.863471487188458,True,gap_edge_residual_model,False,REAL_L031_20180618,33.0,long,yes,real gap — no withheld truth,False
2018-07-19,False,,False,REAL_L031_20180618,1.8604817974642789,0.2696254253387451,True,False,REAL_L031_20180618,33.0,1.8829260998644344,1.8829260998644344,True,gap_edge_residual_model,False,REAL_L031_20180618,33.0,long,yes,real gap — no withheld truth,False
2018-07-20,False,,False,REAL_L031_20180618,1.7822698610767949,0.2509734630584717,True,False,REAL_L031_20180618,33.0,1.8998176113255727,1.8998176113255727,True,gap_edge_residual_model,False,REAL_L031_20180618,33.0,long,yes,real gap — no withheld truth,False
2018-07-21,True,1.8253333333333337,True,,,,,,,,,1.8253333333333337,False,,False,,,,,observed_day,False
2018-07-22,True,1.3320416666666668,True,,,,,,,,,1.3320416666666668,False,,False,,,,,observed_day,False
2018-07-23,True,1.0824583333333333,True,,,,,,,,,1.0824583333333333,False,,False,,,,,observed_day,False
2018-07-24,True,1.426125,True,,,,,,,,,1.426125,False,,False,,,,,observed_day,False
2018-07-25,True,1.4903333333333333,True,,,,,,,,,1.4903333333333333,False,,False,,,,,observed_day,False
2018-07-26,True,1.596666666666667,True,,,,,,,,,1.596666666666667,False,,False,,,,,observed_day,False
2018-07-27,False,1.7266666666666666,False,REAL_L001_20180727,1.559410506744067,0.1929604560136795,True,False,REAL_L001_20180727,1.0,1.5426281074144754,1.5426281074144754,True,gaussian_process,False,REAL_L001_20180727,1.0,short,no,real gap — no withheld truth,False
2018-07-28,True,1.481625,True,,,,,,,,,1.481625,False,,False,,,,,observed_day,False
2018-07-29,True,1.4962083333333334,True,,,,,,,,,1.4962083333333334,False,,False,,,,,observed_day,False
2018-07-30,True,1.4180416666666666,True,,,,,,,,,1.4180416666666666,False,,False,,,,,observed_day,False
2018-07-31,True,1.233125,True,,,,,,,,,1.233125,False,,False,,,,,observed_day,False
2018-08-01,True,2.015625,True,,,,,,,,,2.015625,False,,False,,,,,observed_day,False
2018-08-02,True,2.183625,True,,,,,,,,,2.183625,False,,False,,,,,observed_day,False
2018-08-03,False,2.46,False,REAL_L001_20180803,1.7552044409975218,0.2443277090787887,True,False,REAL_L001_20180803,1.0,1.4446916428317331,1.4446916428317331,True,gaussian_process,False,REAL_L001_20180803,1.0,short,no,real gap — no withheld truth,False
2018-08-04,True,1.362458333333333,True,,,,,,,,,1.362458333333333,False,,False,,,,,observed_day,False
2018-08-05,True,0.9787916666666666,True,,,,,,,,,0.9787916666666666,False,,False,,,,,observed_day,False
2018-08-06,True,0.8959166666666668,True,,,,,,,,,0.8959166666666668,False,,False,,,,,observed_day,False
2018-08-07,True,1.0970000000000002,True,,,,,,,,,1.0970000000000002,False,,False,,,,,observed_day,False
2018-08-08,True,1.0685,True,,,,,,,,,1.0685,False,,False,,,,,observed_day,False
2018-08-09,True,0.8329166666666667,True,,,,,,,,,0.8329166666666667,False,,False,,,,,observed_day,False
2018-08-10,False,0.8,False,REAL_L001_20180810,0.7244747607432835,-0.1399767398834228,True,False,REAL_L001_20180810,1.0,0.7366560579565337,0.7366560579565337,True,gaussian_process,False,REAL_L001_20180810,1.0,short,no,real gap — no withheld truth,False
2018-08-11,True,0.6980416666666667,True,,,,,,,,,0.6980416666666667,False,,False,,,,,observed_day,False
2018-08-12,True,0.7574166666666665,True,,,,,,,,,0.7574166666666665,False,,False,,,,,observed_day,False
2018-08-13,True,0.8791250000000002,True,,,,,,,,,0.8791250000000002,False,,False,,,,,observed_day,False
2018-08-14,True,1.1052916666666668,True,,,,,,,,,1.1052916666666668,False,,False,,,,,observed_day,False
2018-08-15,True,1.388875,True,,,,,,,,,1.388875,False,,False,,,,,observed_day,False
2018-08-16,True,1.8369583333333337,True,,,,,,,,,1.8369583333333337,False,,False,,,,,observed_day,False
2018-08-17,False,2.82,False,REAL_L001_20180817,1.6217557630574126,0.2099854499101638,True,False,REAL_L001_20180817,1.0,1.6408486210118634,1.6408486210118634,True,gaussian_process,False,REAL_L001_20180817,1.0,short,no,real gap — no withheld truth,False
2018-08-18,True,1.4063333333333332,True,,,,,,,,,1.4063333333333332,False,,False,,,,,observed_day,False
2018-08-19,True,1.6540833333333331,True,,,,,,,,,1.6540833333333331,False,,False,,,,,observed_day,False
2018-08-20,True,2.094708333333333,True,,,,,,,,,2.094708333333333,False,,False,,,,,observed_day,False
2018-08-21,True,1.8675416666666669,True,,,,,,,,,1.8675416666666669,False,,False,,,,,observed_day,False
2018-08-22,True,2.7705,True,,,,,,,,,2.7705,False,,False,,,,,observed_day,False
2018-08-23,True,2.475375,True,,,,,,,,,2.475375,False,,False,,,,,observed_day,False
2018-08-24,True,2.0034166666666664,True,,,,,,,,,2.0034166666666664,False,,False,,,,,observed_day,False
2018-08-25,True,1.5126666666666668,True,,,,,,,,,1.5126666666666668,False,,False,,,,,observed_day,False
2018-08-26,False,1.698,False,REAL_L001_20180826,2.6686510744183276,0.4262917935848236,True,False,REAL_L001_20180826,1.0,2.7914679816105266,2.7914679816105266,True,gaussian_process,False,REAL_L001_20180826,1.0,short,no,real gap — no withheld truth,False
2018-08-27,True,4.756541666666667,True,,,,,,,,,4.756541666666667,False,,False,,,,,observed_day,False
2018-08-28,True,2.626208333333333,True,,,,,,,,,2.626208333333333,False,,False,,,,,observed_day,False
2018-08-29,False,2.257916666666667,False,REAL_L001_20180829,3.290578786285278,0.5172722935676575,True,False,REAL_L001_20180829,1.0,3.385395740769787,3.385395740769787,True,gaussian_process,False,REAL_L001_20180829,1.0,short,no,real gap — no withheld truth,False
2018-08-30,True,4.216666666666666,True,,,,,,,,,4.216666666666666,False,,False,,,,,observed_day,False
2018-08-31,True,1.7437083333333334,True,,,,,,,,,1.7437083333333334,False,,False,,,,,observed_day,False
2018-09-01,True,2.321,True,,,,,,,,,2.321,False,,False,,,,,observed_day,False
2018-09-02,True,2.762708333333333,True,,,,,,,,,2.762708333333333,False,,False,,,,,observed_day,False
2018-09-03,True,1.690125,True,,,,,,,,,1.690125,False,,False,,,,,observed_day,False
2018-09-04,True,1.5026666666666664,True,,,,,,,,,1.5026666666666664,False,,False,,,,,observed_day,False
2018-09-05,False,1.186,False,REAL_L001_20180905,1.1292149223196926,0.0527766086161136,True,False,REAL_L001_20180905,2.0,1.1823272425764657,1.1823272425764657,True,gaussian_process,False,REAL_L001_20180905,2.0,short,interpolation_within_range,real gap — no withheld truth,False
2018-09-06,False,0.669625,False,REAL_L001_20180905,0.7901942672654387,-0.1022661253809928,True,False,REAL_L001_20180905,2.0,0.7902766373901083,0.7902766373901083,True,gaussian_process,False,REAL_L001_20180905,2.0,short,interpolation_within_range,real gap — no withheld truth,False
2018-09-07,True,0.5420416666666666,True,,,,,,,,,0.5420416666666666,False,,False,,,,,observed_day,False
2018-09-08,True,0.5198333333333334,True,,,,,,,,,0.5198333333333334,False,,False,,,,,observed_day,False
2018-09-09,True,0.7967916666666666,True,,,,,,,,,0.7967916666666666,False,,False,,,,,observed_day,False
2018-09-10,True,1.2521666666666669,True,,,,,,,,,1.2521666666666669,False,,False,,,,,observed_day,False
2018-09-11,True,1.2324583333333334,True,,,,,,,,,1.2324583333333334,False,,False,,,,,observed_day,False
2018-09-12,True,0.7192500000000001,True,,,,,,,,,0.7192500000000001,False,,False,,,,,observed_day,False
2018-09-13,False,0.596,False,REAL_L001_20180913,0.6221443503505949,-0.2061088383197784,True,False,REAL_L001_20180913,2.0,0.6281245778033828,0.6281245778033828,True,gaussian_process,False,REAL_L001_20180913,2.0,short,interpolation_within_range,real gap — no withheld truth,False
2018-09-14,False,0.778,False,REAL_L001_20180913,0.596442080782608,-0.2244317233562469,True,False,REAL_L001_20180913,2.0,0.5640971391433374,0.5640971391433374,True,gaussian_process,False,REAL_L001_20180913,2.0,short,interpolation_within_range,real gap — no withheld truth,False
2018-09-15,True,0.5494583333333334,True,,,,,,,,,0.5494583333333334,False,,False,,,,,observed_day,False
2018-09-16,True,0.6852499999999999,True,,,,,,,,,0.6852499999999999,False,,False,,,,,observed_day,False
2018-09-17,True,0.988125,True,,,,,,,,,0.988125,False,,False,,,,,observed_day,False
2018-09-18,True,1.078125,True,,,,,,,,,1.078125,False,,False,,,,,observed_day,False
2018-09-19,True,1.1423333333333332,True,,,,,,,,,1.1423333333333332,False,,False,,,,,observed_day,False
2018-09-20,False,1.18375,False,REAL_L001_20180920,1.1149532358067091,0.0472566522657871,True,False,REAL_L001_20180920,2.0,1.1015370554504254,1.1015370554504254,True,gaussian_process,False,REAL_L001_20180920,2.0,short,interpolation_within_range,real gap — no withheld truth,False
2018-09-21,False,0.8906666666666667,False,REAL_L001_20180920,0.9928408292260702,-0.0031203713733702,True,False,REAL_L001_20180920,2.0,0.97624916236863,0.97624916236863,True,gaussian_process,False,REAL_L001_20180920,2.0,short,interpolation_within_range,real gap — no withheld truth,False
2018-09-22,True,0.8973750000000001,True,,,,,,,,,0.8973750000000001,False,,False,,,,,observed_day,False
2018-09-23,True,1.0490833333333334,True,,,,,,,,,1.0490833333333334,False,,False,,,,,observed_day,False
2018-09-24,True,1.948125,True,,,,,,,,,1.948125,False,,False,,,,,observed_day,False
2018-09-25,True,8.513375,True,,,,,,,,,8.513375,False,,False,,,,,observed_day,False
2018-09-26,True,11.3865,True,,,,,,,,,11.3865,False,,False,,,,,observed_day,False
2018-09-27,False,14.714,False,REAL_L001_20180927,9.64674727081366,0.9843809008598328,True,False,REAL_L001_20180927,2.0,10.077037711870004,10.077037711870004,True,gaussian_process,False,REAL_L001_20180927,2.0,short,interpolation_within_range,real gap — no withheld truth,False
2018-09-28,False,10.534,False,REAL_L001_20180927,7.950446492502318,0.9003915190696716,True,False,REAL_L001_20180927,2.0,8.333960382247,8.333960382247,True,gaussian_process,False,REAL_L001_20180927,2.0,short,interpolation_within_range,real gap — no withheld truth,False
2018-09-29,True,6.474916666666666,True,,,,,,,,,6.474916666666666,False,,False,,,,,observed_day,False
2018-09-30,True,4.116333333333333,True,,,,,,,,,4.116333333333333,False,,False,,,,,observed_day,False
2018-10-01,True,1.8546249999999995,True,,,,,,,,,1.8546249999999995,False,,False,,,,,observed_day,False
2018-10-02,True,1.372375,True,,,,,,,,,1.372375,False,,False,,,,,observed_day,False
2018-10-03,True,3.95475,True,,,,,,,,,3.95475,False,,False,,,,,observed_day,False
2018-10-04,False,4.3255,False,REAL_L001_20181004,6.563788615646362,0.817154586315155,True,False,REAL_L001_20181004,2.0,7.220909142191627,7.220909142191627,True,gaussian_process,False,REAL_L001_20181004,2.0,short,interpolation_within_range,real gap — no withheld truth,False
2018-10-05,False,4.978714285714285,False,REAL_L001_20181004,7.477749158317982,0.8737708926200867,True,False,REAL_L001_20181004,2.0,8.208227441587924,8.208227441587924,True,gaussian_process,False,REAL_L001_20181004,2.0,short,interpolation_within_range,real gap — no withheld truth,False
2018-10-06,True,9.043083333333334,True,,,,,,,,,9.043083333333334,False,,False,,,,,observed_day,False
2018-10-07,True,11.47475,True,,,,,,,,,11.47475,False,,False,,,,,observed_day,False
2018-10-08,True,10.466083333333334,True,,,,,,,,,10.466083333333334,False,,False,,,,,observed_day,False
2018-10-09,True,6.849749999999999,True,,,,,,,,,6.849749999999999,False,,False,,,,,observed_day,False
2018-10-10,True,6.691333333333333,True,,,,,,,,,6.691333333333333,False,,False,,,,,observed_day,False
2018-10-11,False,8.854,False,REAL_L001_20181011,7.061578775655784,0.8489018082618713,True,False,REAL_L001_20181011,1.0,7.262282099997664,7.262282099997664,True,gaussian_process,False,REAL_L001_20181011,1.0,short,no,real gap — no withheld truth,False
2018-10-12,True,6.850833333333333,True,,,,,,,,,6.850833333333333,False,,False,,,,,observed_day,False
2018-10-13,True,4.682625000000001,True,,,,,,,,,4.682625000000001,False,,False,,,,,observed_day,False
2018-10-14,True,3.8995416666666665,True,,,,,,,,,3.8995416666666665,False,,False,,,,,observed_day,False
2018-10-15,True,4.667958333333334,True,,,,,,,,,4.667958333333334,False,,False,,,,,observed_day,False
2018-10-16,True,8.181458333333333,True,,,,,,,,,8.181458333333333,False,,False,,,,,observed_day,False
2018-10-17,True,7.306083333333333,True,,,,,,,,,7.306083333333333,False,,False,,,,,observed_day,False
2018-10-18,True,7.927583333333334,True,,,,,,,,,7.927583333333334,False,,False,,,,,observed_day,False
2018-10-19,True,4.037333333333334,True,,,,,,,,,4.037333333333334,False,,False,,,,,observed_day,False
2018-10-20,True,2.4892083333333335,True,,,,,,,,,2.4892083333333335,False,,False,,,,,observed_day,False
2018-10-21,True,2.345833333333333,True,,,,,,,,,2.345833333333333,False,,False,,,,,observed_day,False
2018-10-22,True,4.587238095238095,True,,,,,,,,,4.587238095238095,False,,False,,,,,observed_day,False
2018-10-23,False,,False,REAL_L001_20181023,9.749722925957949,0.9889922738075256,True,False,REAL_L001_20181023,1.0,8.99422044128626,8.99422044128626,True,gaussian_process,False,REAL_L001_20181023,1.0,short,no,real gap — no withheld truth,False
2018-10-24,True,13.697958333333332,True,,,,,,,,,13.697958333333332,False,,False,,,,,observed_day,False
2018-10-25,True,13.705666666666666,True,,,,,,,,,13.705666666666666,False,,False,,,,,observed_day,False
2018-10-26,True,12.427541666666665,True,,,,,,,,,12.427541666666665,False,,False,,,,,observed_day,False
2018-10-27,True,11.729625,True,,,,,,,,,11.729625,False,,False,,,,,observed_day,False
2018-10-28,True,12.142,True,,,,,,,,,12.142,False,,False,,,,,observed_day,False
2018-10-29,True,11.492791666666667,True,,,,,,,,,11.492791666666667,False,,False,,,,,observed_day,False
2018-10-30,True,10.328708333333331,True,,,,,,,,,10.328708333333331,False,,False,,,,,observed_day,False
2018-10-31,True,7.567125,True,,,,,,,,,7.567125,False,,False,,,,,observed_day,False
2018-11-01,True,7.872624999999999,True,,,,,,,,,7.872624999999999,False,,False,,,,,observed_day,False
2018-11-02,True,7.64825,True,,,,,,,,,7.64825,False,,False,,,,,observed_day,False
2018-11-03,True,5.032916666666667,True,,,,,,,,,5.032916666666667,False,,False,,,,,observed_day,False
2018-11-04,True,2.8064583333333335,True,,,,,,,,,2.8064583333333335,False,,False,,,,,observed_day,False
2018-11-05,True,4.245458333333334,True,,,,,,,,,4.245458333333334,False,,False,,,,,observed_day,False
2018-11-06,True,2.513916666666667,True,,,,,,,,,2.513916666666667,False,,False,,,,,observed_day,False
2018-11-07,True,1.352125,True,,,,,,,,,1.352125,False,,False,,,,,observed_day,False
2018-11-08,True,1.5055238095238093,True,,,,,,,,,1.5055238095238093,False,,False,,,,,observed_day,False
2018-11-09,True,1.8877916666666668,True,,,,,,,,,1.8877916666666668,False,,False,,,,,observed_day,False
2018-11-10,True,2.7765416666666667,True,,,,,,,,,2.7765416666666667,False,,False,,,,,observed_day,False
2018-11-11,True,4.038958333333333,True,,,,,,,,,4.038958333333333,False,,False,,,,,observed_day,False
2018-11-12,True,4.7908333333333335,True,,,,,,,,,4.7908333333333335,False,,False,,,,,observed_day,False
2018-11-13,True,3.91225,True,,,,,,,,,3.91225,False,,False,,,,,observed_day,False
2018-11-14,True,2.28425,True,,,,,,,,,2.28425,False,,False,,,,,observed_day,False
2018-11-15,True,1.7561250000000002,True,,,,,,,,,1.7561250000000002,False,,False,,,,,observed_day,False
2018-11-16,True,1.4750000000000003,True,,,,,,,,,1.4750000000000003,False,,False,,,,,observed_day,False
2018-11-17,True,1.5818333333333332,True,,,,,,,,,1.5818333333333332,False,,False,,,,,observed_day,False
2018-11-18,True,0.980375,True,,,,,,,,,0.980375,False,,False,,,,,observed_day,False
2018-11-19,True,0.9788333333333332,True,,,,,,,,,0.9788333333333332,False,,False,,,,,observed_day,False
2018-11-20,True,1.1442916666666667,True,,,,,,,,,1.1442916666666667,False,,False,,,,,observed_day,False
2018-11-21,True,1.529583333333333,True,,,,,,,,,1.529583333333333,False,,False,,,,,observed_day,False
2018-11-22,True,1.816875,True,,,,,,,,,1.816875,False,,False,,,,,observed_day,False
2018-11-23,True,2.6412916666666666,True,,,,,,,,,2.6412916666666666,False,,False,,,,,observed_day,False
2018-11-24,True,4.238625,True,,,,,,,,,4.238625,False,,False,,,,,observed_day,False
2018-11-25,True,3.3527916666666666,True,,,,,,,,,3.3527916666666666,False,,False,,,,,observed_day,False
2018-11-26,True,2.691125,True,,,,,,,,,2.691125,False,,False,,,,,observed_day,False
2018-11-27,True,4.403208333333333,True,,,,,,,,,4.403208333333333,False,,False,,,,,observed_day,False
2018-11-28,True,7.891208333333334,True,,,,,,,,,7.891208333333334,False,,False,,,,,observed_day,False
2018-11-29,True,5.871875,True,,,,,,,,,5.871875,False,,False,,,,,observed_day,False
2018-11-30,True,6.555499999999999,True,,,,,,,,,6.555499999999999,False,,False,,,,,observed_day,False
2018-12-01,True,12.604708333333337,True,,,,,,,,,12.604708333333337,False,,False,,,,,observed_day,False
2018-12-02,True,12.761208333333334,True,,,,,,,,,12.761208333333334,False,,False,,,,,observed_day,False
2018-12-03,True,7.322375000000001,True,,,,,,,,,7.322375000000001,False,,False,,,,,observed_day,False
2018-12-04,True,5.535791666666667,True,,,,,,,,,5.535791666666667,False,,False,,,,,observed_day,False
2018-12-05,True,5.813333333333333,True,,,,,,,,,5.813333333333333,False,,False,,,,,observed_day,False
2018-12-06,True,5.271833333333333,True,,,,,,,,,5.271833333333333,False,,False,,,,,observed_day,False
2018-12-07,True,4.517041666666667,True,,,,,,,,,4.517041666666667,False,,False,,,,,observed_day,False
2018-12-08,True,5.695166666666666,True,,,,,,,,,5.695166666666666,False,,False,,,,,observed_day,False
2018-12-09,True,6.778333333333333,True,,,,,,,,,6.778333333333333,False,,False,,,,,observed_day,False
2018-12-10,True,5.4891250000000005,True,,,,,,,,,5.4891250000000005,False,,False,,,,,observed_day,False
2018-12-11,True,2.6843333333333335,True,,,,,,,,,2.6843333333333335,False,,False,,,,,observed_day,False
2018-12-12,True,4.75175,True,,,,,,,,,4.75175,False,,False,,,,,observed_day,False
2018-12-13,True,2.17125,True,,,,,,,,,2.17125,False,,False,,,,,observed_day,False
2018-12-14,True,5.247625,True,,,,,,,,,5.247625,False,,False,,,,,observed_day,False
2018-12-15,True,4.304625,True,,,,,,,,,4.304625,False,,False,,,,,observed_day,False
2018-12-16,True,7.712916666666666,True,,,,,,,,,7.712916666666666,False,,False,,,,,observed_day,False
2018-12-17,True,13.348833333333332,True,,,,,,,,,13.348833333333332,False,,False,,,,,observed_day,False
2018-12-18,True,14.11608333333333,True,,,,,,,,,14.11608333333333,False,,False,,,,,observed_day,False
2018-12-19,True,12.6235,True,,,,,,,,,12.6235,False,,False,,,,,observed_day,False
2018-12-20,True,11.672958333333334,True,,,,,,,,,11.672958333333334,False,,False,,,,,observed_day,False
2018-12-21,True,3.665333333333333,True,,,,,,,,,3.665333333333333,False,,False,,,,,observed_day,False
2018-12-22,True,2.3846666666666665,True,,,,,,,,,2.3846666666666665,False,,False,,,,,observed_day,False
2018-12-23,True,2.589625,True,,,,,,,,,2.589625,False,,False,,,,,observed_day,False
2018-12-24,True,2.9355,True,,,,,,,,,2.9355,False,,False,,,,,observed_day,False
2018-12-25,True,1.2432916666666665,True,,,,,,,,,1.2432916666666665,False,,False,,,,,observed_day,False
2018-12-26,True,0.6357916666666666,True,,,,,,,,,0.6357916666666666,False,,False,,,,,observed_day,False
2018-12-27,True,0.6518333333333334,True,,,,,,,,,0.6518333333333334,False,,False,,,,,observed_day,False
2018-12-28,True,0.6320416666666667,True,,,,,,,,,0.6320416666666667,False,,False,,,,,observed_day,False
2018-12-29,True,0.5723333333333332,True,,,,,,,,,0.5723333333333332,False,,False,,,,,observed_day,False
2018-12-30,True,0.7367916666666666,True,,,,,,,,,0.7367916666666666,False,,False,,,,,observed_day,False
2018-12-31,True,1.3891666666666669,True,,,,,,,,,1.3891666666666669,False,,False,,,,,observed_day,False
2019-01-01,True,3.394916666666667,True,,,,,,,,,3.394916666666667,False,,False,,,,,observed_day,False
2019-01-02,True,4.225791666666667,True,,,,,,,,,4.225791666666667,False,,False,,,,,observed_day,False
2019-01-03,True,4.054791666666667,True,,,,,,,,,4.054791666666667,False,,False,,,,,observed_day,False
2019-01-04,True,5.175791666666666,True,,,,,,,,,5.175791666666666,False,,False,,,,,observed_day,False
2019-01-05,True,5.9264166666666656,True,,,,,,,,,5.9264166666666656,False,,False,,,,,observed_day,False
2019-01-06,True,8.246708333333332,True,,,,,,,,,8.246708333333332,False,,False,,,,,observed_day,False
2019-01-07,True,8.877208333333334,True,,,,,,,,,8.877208333333334,False,,False,,,,,observed_day,False
2019-01-08,True,8.861208333333332,True,,,,,,,,,8.861208333333332,False,,False,,,,,observed_day,False
2019-01-09,False,4.202,False,REAL_L001_20190109,5.300886256443811,0.7243484854698181,True,False,REAL_L001_20190109,1.0,5.121981303799613,5.121981303799613,True,gaussian_process,False,REAL_L001_20190109,1.0,short,no,real gap — no withheld truth,False
2019-01-10,True,3.669333333333333,True,,,,,,,,,3.669333333333333,False,,False,,,,,observed_day,False
2019-01-11,True,9.174958333333334,True,,,,,,,,,9.174958333333334,False,,False,,,,,observed_day,False
2019-01-12,True,24.294416666666667,True,,,,,,,,,24.294416666666667,False,,False,,,,,observed_day,False
2019-01-13,True,33.632416666666664,True,,,,,,,,,33.632416666666664,False,,False,,,,,observed_day,False
2019-01-14,True,42.78679166666666,True,,,,,,,,,42.78679166666666,False,,False,,,,,observed_day,False
2019-01-15,True,39.608333333333334,True,,,,,,,,,39.608333333333334,False,,False,,,,,observed_day,False
2019-01-16,True,28.33575,True,,,,,,,,,28.33575,False,,False,,,,,observed_day,False
2019-01-17,True,19.500291666666666,True,,,,,,,,,19.500291666666666,False,,False,,,,,observed_day,False
2019-01-18,True,26.01225,True,,,,,,,,,26.01225,False,,False,,,,,observed_day,False
2019-01-19,True,43.111541666666675,True,,,,,,,,,43.111541666666675,False,,False,,,,,observed_day,False
2019-01-20,True,41.217,True,,,,,,,,,41.217,False,,False,,,,,observed_day,False
2019-01-21,True,39.576208333333334,True,,,,,,,,,39.576208333333334,False,,False,,,,,observed_day,False
2019-01-22,True,26.304333333333336,True,,,,,,,,,26.304333333333336,False,,False,,,,,observed_day,False
2019-01-23,True,24.605499999999996,True,,,,,,,,,24.605499999999996,False,,False,,,,,observed_day,False
2019-01-24,True,24.142583333333334,True,,,,,,,,,24.142583333333334,False,,False,,,,,observed_day,False
2019-01-25,True,22.81325,True,,,,,,,,,22.81325,False,,False,,,,,observed_day,False
2019-01-26,True,17.2565,True,,,,,,,,,17.2565,False,,False,,,,,observed_day,False
2019-01-27,True,13.60945833333333,True,,,,,,,,,13.60945833333333,False,,False,,,,,observed_day,False
2019-01-28,True,17.0855,True,,,,,,,,,17.0855,False,,False,,,,,observed_day,False
2019-01-29,True,19.541291666666663,True,,,,,,,,,19.541291666666663,False,,False,,,,,observed_day,False
2019-01-30,True,25.077291666666667,True,,,,,,,,,25.077291666666667,False,,False,,,,,observed_day,False
2019-01-31,True,29.61883333333333,True,,,,,,,,,29.61883333333333,False,,False,,,,,observed_day,False
2019-02-01,True,25.3875,True,,,,,,,,,25.3875,False,,False,,,,,observed_day,False
2019-02-02,True,0.4891904761904763,True,,,,,,,,,0.4891904761904763,False,,False,,,,,observed_day,False
2019-02-03,True,0.5654166666666667,True,,,,,,,,,0.5654166666666667,False,,False,,,,,observed_day,False
2019-02-04,True,0.499875,True,,,,,,,,,0.499875,False,,False,,,,,observed_day,False
2019-02-05,True,0.5198333333333333,True,,,,,,,,,0.5198333333333333,False,,False,,,,,observed_day,False
2019-02-06,True,17.973791666666667,True,,,,,,,,,17.973791666666667,False,,False,,,,,observed_day,False
2019-02-07,True,20.74591666666667,True,,,,,,,,,20.74591666666667,False,,False,,,,,observed_day,False
2019-02-08,True,11.421166666666666,True,,,,,,,,,11.421166666666666,False,,False,,,,,observed_day,False
2019-02-09,True,16.688333333333333,True,,,,,,,,,16.688333333333333,False,,False,,,,,observed_day,False
2019-02-10,True,18.756874999999997,True,,,,,,,,,18.756874999999997,False,,False,,,,,observed_day,False
2019-02-11,True,16.651,True,,,,,,,,,16.651,False,,False,,,,,observed_day,False
2019-02-12,True,11.532125,True,,,,,,,,,11.532125,False,,False,,,,,observed_day,False
2019-02-13,True,16.434875,True,,,,,,,,,16.434875,False,,False,,,,,observed_day,False
2019-02-14,True,9.548625,True,,,,,,,,,9.548625,False,,False,,,,,observed_day,False
2019-02-15,True,13.997708333333335,True,,,,,,,,,13.997708333333335,False,,False,,,,,observed_day,False
2019-02-16,True,13.5625,True,,,,,,,,,13.5625,False,,False,,,,,observed_day,False
2019-02-17,True,12.087041666666666,True,,,,,,,,,12.087041666666666,False,,False,,,,,observed_day,False
2019-02-18,True,12.462125,True,,,,,,,,,12.462125,False,,False,,,,,observed_day,False
2019-02-19,True,10.856291666666666,True,,,,,,,,,10.856291666666666,False,,False,,,,,observed_day,False
2019-02-20,True,6.807750000000001,True,,,,,,,,,6.807750000000001,False,,False,,,,,observed_day,False
2019-02-21,True,6.451374999999999,True,,,,,,,,,6.451374999999999,False,,False,,,,,observed_day,False
2019-02-22,True,6.594916666666667,True,,,,,,,,,6.594916666666667,False,,False,,,,,observed_day,False
2019-02-23,True,5.337041666666667,True,,,,,,,,,5.337041666666667,False,,False,,,,,observed_day,False
2019-02-24,True,7.784583333333334,True,,,,,,,,,7.784583333333334,False,,False,,,,,observed_day,False
2019-02-25,True,19.370875,True,,,,,,,,,19.370875,False,,False,,,,,observed_day,False
2019-02-26,False,15.695454545454544,False,REAL_L001_20190226,15.330532713362237,1.185557246208191,True,False,REAL_L001_20190226,3.0,19.03859528076508,19.03859528076508,True,gaussian_process,False,REAL_L001_20190226,3.0,short,no,real gap — no withheld truth,False
2019-02-27,False,,False,REAL_L001_20190226,9.783289235967745,0.990484893321991,True,False,REAL_L001_20190226,3.0,12.588871901988291,12.588871901988291,True,gaussian_process,False,REAL_L001_20190226,3.0,short,no,real gap — no withheld truth,False
2019-02-28,False,,False,REAL_L001_20190226,7.16996982257635,0.8555173277854919,True,False,REAL_L001_20190226,3.0,8.450767885939694,8.450767885939694,True,gaussian_process,False,REAL_L001_20190226,3.0,short,no,real gap — no withheld truth,False
2019-03-01,True,6.637541666666667,True,,,,,,,,,6.637541666666667,False,,False,,,,,observed_day,False
2019-03-02,True,6.335291666666667,True,,,,,,,,,6.335291666666667,False,,False,,,,,observed_day,False
2019-03-03,True,4.717875,True,,,,,,,,,4.717875,False,,False,,,,,observed_day,False
2019-03-04,True,2.914541666666667,True,,,,,,,,,2.914541666666667,False,,False,,,,,observed_day,False
2019-03-05,True,3.225,True,,,,,,,,,3.225,False,,False,,,,,observed_day,False
2019-03-06,True,6.329208333333334,True,,,,,,,,,6.329208333333334,False,,False,,,,,observed_day,False
2019-03-07,True,6.014750000000001,True,,,,,,,,,6.014750000000001,False,,False,,,,,observed_day,False
2019-03-08,False,4.481166666666667,False,REAL_L031_20190308,5.190482079638934,0.7152076959609985,True,False,REAL_L031_20190308,48.0,5.823314850964153,5.823314850964153,True,gap_edge_residual_model,False,REAL_L031_20190308,48.0,long,yes,real gap — no withheld truth,False
2019-03-09,False,,False,REAL_L031_20190308,4.388245840246351,0.6422909498214722,True,False,REAL_L031_20190308,48.0,5.402312616372185,5.402312616372185,True,gap_edge_residual_model,False,REAL_L031_20190308,48.0,long,yes,real gap — no withheld truth,False
2019-03-10,False,,False,REAL_L031_20190308,4.047558294740458,0.607193112373352,True,False,REAL_L031_20190308,48.0,5.536782761077703,5.536782761077703,True,gap_edge_residual_model,False,REAL_L031_20190308,48.0,long,yes,real gap — no withheld truth,False
2019-03-11,False,,False,REAL_L031_20190308,4.517422556674824,0.6548907160758972,True,False,REAL_L031_20190308,48.0,5.760255283030277,5.760255283030277,True,gap_edge_residual_model,False,REAL_L031_20190308,48.0,long,yes,real gap — no withheld truth,False
2019-03-12,False,,False,REAL_L031_20190308,3.6545951172087823,0.5628392696380615,True,False,REAL_L031_20190308,48.0,5.523434763447158,5.523434763447158,True,gap_edge_residual_model,False,REAL_L031_20190308,48.0,long,yes,real gap — no withheld truth,False
2019-03-13,False,,False,REAL_L031_20190308,3.838955500746508,0.5842130780220032,True,False,REAL_L031_20190308,48.0,5.285399209797966,5.285399209797966,True,gap_edge_residual_model,False,REAL_L031_20190308,48.0,long,yes,real gap — no withheld truth,False
2019-03-14,False,,False,REAL_L031_20190308,3.662257660609449,0.5637488961219788,True,False,REAL_L031_20190308,48.0,5.317869047254206,5.317869047254206,True,gap_edge_residual_model,False,REAL_L031_20190308,48.0,long,yes,real gap — no withheld truth,False
2019-03-15,False,,False,REAL_L031_20190308,3.678488624751448,0.5656694173812866,True,False,REAL_L031_20190308,48.0,5.122302800201319,5.122302800201319,True,gap_edge_residual_model,False,REAL_L031_20190308,48.0,long,yes,real gap — no withheld truth,False
2019-03-16,False,,False,REAL_L031_20190308,3.48957256225939,0.5427722334861755,True,False,REAL_L031_20190308,48.0,4.900888351161715,4.900888351161715,True,gap_edge_residual_model,False,REAL_L031_20190308,48.0,long,yes,real gap — no withheld truth,False
2019-03-17,False,,False,REAL_L031_20190308,3.6607807415709663,0.5635737180709839,True,False,REAL_L031_20190308,48.0,5.018026879859542,5.018026879859542,True,gap_edge_residual_model,False,REAL_L031_20190308,48.0,long,yes,real gap — no withheld truth,False
2019-03-18,False,,False,REAL_L031_20190308,4.061538364623936,0.6086905598640442,True,False,REAL_L031_20190308,48.0,4.997500235815179,4.997500235815179,True,gap_edge_residual_model,False,REAL_L031_20190308,48.0,long,yes,real gap — no withheld truth,False
2019-03-19,False,,False,REAL_L031_20190308,3.240246396494998,0.5105780363082886,True,False,REAL_L031_20190308,48.0,4.989165504173732,4.989165504173732,True,gap_edge_residual_model,False,REAL_L031_20190308,48.0,long,yes,real gap — no withheld truth,False
2019-03-20,False,,False,REAL_L031_20190308,4.177898752178404,0.6209579110145569,True,False,REAL_L031_20190308,48.0,5.070295369507123,5.070295369507123,True,gap_edge_residual_model,False,REAL_L031_20190308,48.0,long,yes,real gap — no withheld truth,False
2019-03-21,False,,False,REAL_L031_20190308,3.932829373070315,0.5947051048278809,True,False,REAL_L031_20190308,48.0,5.280230819148073,5.280230819148073,True,gap_edge_residual_model,False,REAL_L031_20190308,48.0,long,yes,real gap — no withheld truth,False
2019-03-22,False,,False,REAL_L031_20190308,4.103976231357166,0.613204836845398,True,False,REAL_L031_20190308,48.0,5.3611035626448444,5.3611035626448444,True,gap_edge_residual_model,False,REAL_L031_20190308,48.0,long,yes,real gap — no withheld truth,False
2019-03-23,False,,False,REAL_L031_20190308,2.82244823728445,0.4506259858608246,True,False,REAL_L031_20190308,48.0,5.300756660179295,5.300756660179295,True,gap_edge_residual_model,False,REAL_L031_20190308,48.0,long,yes,real gap — no withheld truth,False
2019-03-24,False,,False,REAL_L031_20190308,3.025305568889048,0.4807692468166351,True,False,REAL_L031_20190308,48.0,5.0420606759534605,5.0420606759534605,True,gap_edge_residual_model,False,REAL_L031_20190308,48.0,long,yes,real gap — no withheld truth,False
2019-03-25,False,,False,REAL_L031_20190308,3.1970740509492472,0.5047526955604553,True,False,REAL_L031_20190308,48.0,5.004975252822146,5.004975252822146,True,gap_edge_residual_model,False,REAL_L031_20190308,48.0,long,yes,real gap — no withheld truth,False
2019-03-26,False,,False,REAL_L031_20190308,3.198782245435558,0.5049846768379211,True,False,REAL_L031_20190308,48.0,4.618024772076012,4.618024772076012,True,gap_edge_residual_model,False,REAL_L031_20190308,48.0,long,yes,real gap — no withheld truth,False
2019-03-27,False,,False,REAL_L031_20190308,3.154938900392198,0.4989909529685974,True,False,REAL_L031_20190308,48.0,4.6271460719981405,4.6271460719981405,True,gap_edge_residual_model,False,REAL_L031_20190308,48.0,long,yes,real gap — no withheld truth,False
2019-03-28,False,,False,REAL_L031_20190308,2.882514984031217,0.4597715735435486,True,False,REAL_L031_20190308,48.0,4.587078184467261,4.587078184467261,True,gap_edge_residual_model,False,REAL_L031_20190308,48.0,long,yes,real gap — no withheld truth,False
2019-03-29,False,,False,REAL_L031_20190308,2.9317226519506407,0.467122882604599,True,False,REAL_L031_20190308,48.0,4.503793438025229,4.503793438025229,True,gap_edge_residual_model,False,REAL_L031_20190308,48.0,long,yes,real gap — no withheld truth,False
2019-03-30,False,,False,REAL_L031_20190308,2.8322296821905524,0.4521284699440002,True,False,REAL_L031_20190308,48.0,4.161003223498759,4.161003223498759,True,gap_edge_residual_model,False,REAL_L031_20190308,48.0,long,yes,real gap — no withheld truth,False
2019-03-31,False,,False,REAL_L031_20190308,3.689081027981542,0.5669181942939758,True,False,REAL_L031_20190308,48.0,4.221475427143164,4.221475427143164,True,gap_edge_residual_model,False,REAL_L031_20190308,48.0,long,yes,real gap — no withheld truth,False
2019-04-01,False,,False,REAL_L031_20190308,2.3657859908416383,0.3739754557609558,True,False,REAL_L031_20190308,48.0,4.0141163729926355,4.0141163729926355,True,gap_edge_residual_model,False,REAL_L031_20190308,48.0,long,yes,real gap — no withheld truth,False
2019-04-02,False,,False,REAL_L031_20190308,2.5208488495376424,0.4015468060970306,True,False,REAL_L031_20190308,48.0,3.817765141684494,3.817765141684494,True,gap_edge_residual_model,False,REAL_L031_20190308,48.0,long,yes,real gap — no withheld truth,False
2019-04-03,False,,False,REAL_L031_20190308,3.5645024149872935,0.5519989132881165,True,False,REAL_L031_20190308,48.0,3.8510514702893057,3.8510514702893057,True,gap_edge_residual_model,False,REAL_L031_20190308,48.0,long,yes,real gap — no withheld truth,False
2019-04-04,False,,False,REAL_L031_20190308,2.619898377988023,0.4182844460010528,True,False,REAL_L031_20190308,48.0,3.484428929830466,3.484428929830466,True,gap_edge_residual_model,False,REAL_L031_20190308,48.0,long,yes,real gap — no withheld truth,False
2019-04-05,False,,False,REAL_L031_20190308,2.9535510644637983,0.4703444838523865,True,False,REAL_L031_20190308,48.0,3.4231197040988497,3.4231197040988497,True,gap_edge_residual_model,False,REAL_L031_20190308,48.0,long,yes,real gap — no withheld truth,False
2019-04-06,False,,False,REAL_L031_20190308,2.691729898031827,0.4300314784049988,True,False,REAL_L031_20190308,48.0,3.0438017403990507,3.0438017403990507,True,gap_edge_residual_model,False,REAL_L031_20190308,48.0,long,yes,real gap — no withheld truth,False
2019-04-07,False,,False,REAL_L031_20190308,2.4192346227280996,0.383677989244461,True,False,REAL_L031_20190308,48.0,2.8251483770940258,2.8251483770940258,True,gap_edge_residual_model,False,REAL_L031_20190308,48.0,long,yes,real gap — no withheld truth,False
2019-04-08,False,,False,REAL_L031_20190308,2.7812574773456533,0.4442411959171295,True,False,REAL_L031_20190308,48.0,2.849821931317954,2.849821931317954,True,gap_edge_residual_model,False,REAL_L031_20190308,48.0,long,yes,real gap — no withheld truth,False
2019-04-09,False,,False,REAL_L031_20190308,2.6033128392659717,0.4155263602733612,True,False,REAL_L031_20190308,48.0,2.626301324184392,2.626301324184392,True,gap_edge_residual_model,False,REAL_L031_20190308,48.0,long,yes,real gap — no withheld truth,False
2019-04-10,False,,False,REAL_L031_20190308,2.566318117089769,0.4093104898929596,True,False,REAL_L031_20190308,48.0,2.2487659370370685,2.2487659370370685,True,gap_edge_residual_model,False,REAL_L031_20190308,48.0,long,yes,real gap — no withheld truth,False
2019-04-11,False,,False,REAL_L031_20190308,2.2801535722000943,0.3579640984535217,True,False,REAL_L031_20190308,48.0,2.033005262435247,2.033005262435247,True,gap_edge_residual_model,False,REAL_L031_20190308,48.0,long,yes,real gap — no withheld truth,False
2019-04-12,False,,False,REAL_L031_20190308,2.1203172482721477,0.3264008462429046,True,False,REAL_L031_20190308,48.0,2.136804453291587,2.136804453291587,True,gap_edge_residual_model,False,REAL_L031_20190308,48.0,long,yes,real gap — no withheld truth,False
2019-04-13,False,,False,REAL_L031_20190308,2.002217522884552,0.3015112578868866,True,False,REAL_L031_20190308,48.0,2.088390220377777,2.088390220377777,True,gap_edge_residual_model,False,REAL_L031_20190308,48.0,long,yes,real gap — no withheld truth,False
2019-04-14,False,,False,REAL_L031_20190308,2.585544926574501,0.4125520884990692,True,False,REAL_L031_20190308,48.0,1.895720687046292,1.895720687046292,True,gap_edge_residual_model,False,REAL_L031_20190308,48.0,long,yes,real gap — no withheld truth,False
2019-04-15,False,,False,REAL_L031_20190308,2.996325321547712,0.4765889644622803,True,False,REAL_L031_20190308,48.0,1.8056095767609988,1.8056095767609988,True,gap_edge_residual_model,False,REAL_L031_20190308,48.0,long,yes,real gap — no withheld truth,False
2019-04-16,False,,False,REAL_L031_20190308,1.827891082217865,0.2619503140449524,True,False,REAL_L031_20190308,48.0,1.8729773274941837,1.8729773274941837,True,gap_edge_residual_model,False,REAL_L031_20190308,48.0,long,yes,real gap — no withheld truth,False
2019-04-17,False,,False,REAL_L031_20190308,2.048052180674779,0.3113410174846649,True,False,REAL_L031_20190308,48.0,1.867414928735156,1.867414928735156,True,gap_edge_residual_model,False,REAL_L031_20190308,48.0,long,yes,real gap — no withheld truth,False
2019-04-18,False,,False,REAL_L031_20190308,2.3343520687838857,0.3681663572788238,True,False,REAL_L031_20190308,48.0,1.8455249735314876,1.8455249735314876,True,gap_edge_residual_model,False,REAL_L031_20190308,48.0,long,yes,real gap — no withheld truth,False
2019-04-19,False,,False,REAL_L031_20190308,1.518937617578789,0.1815399378538131,True,False,REAL_L031_20190308,48.0,1.6837139420952567,1.6837139420952567,True,gap_edge_residual_model,False,REAL_L031_20190308,48.0,long,yes,real gap — no withheld truth,False
2019-04-20,False,,False,REAL_L031_20190308,1.2865966619695282,0.1094424203038215,True,False,REAL_L031_20190308,48.0,1.6280175991637107,1.6280175991637107,True,gap_edge_residual_model,False,REAL_L031_20190308,48.0,long,yes,real gap — no withheld truth,False
2019-04-21,False,,False,REAL_L031_20190308,1.2859084983192033,0.1092100664973259,True,False,REAL_L031_20190308,48.0,1.6299107972945568,1.6299107972945568,True,gap_edge_residual_model,False,REAL_L031_20190308,48.0,long,yes,real gap — no withheld truth,False
2019-04-22,False,,False,REAL_L031_20190308,1.1884627010797004,0.0749855563044548,True,False,REAL_L031_20190308,48.0,1.4586684485543515,1.4586684485543515,True,gap_edge_residual_model,False,REAL_L031_20190308,48.0,long,yes,real gap — no withheld truth,False
2019-04-23,False,,False,REAL_L031_20190308,1.0576335400684356,0.0243352148681879,True,False,REAL_L031_20190308,48.0,1.3077522003572342,1.3077522003572342,True,gap_edge_residual_model,False,REAL_L031_20190308,48.0,long,yes,real gap — no withheld truth,False
2019-04-24,False,1.1594166666666668,False,REAL_L031_20190308,1.0367985957054198,0.0156944002956151,True,False,REAL_L031_20190308,48.0,1.1268152414040546,1.1268152414040546,True,gap_edge_residual_model,False,REAL_L031_20190308,48.0,long,yes,real gap — no withheld truth,False
2019-04-25,True,0.9920416666666668,True,,,,,,,,,0.9920416666666668,False,,False,,,,,observed_day,False
2019-04-26,True,1.0204166666666663,True,,,,,,,,,1.0204166666666663,False,,False,,,,,observed_day,False
2019-04-27,True,1.1849583333333331,True,,,,,,,,,1.1849583333333331,False,,False,,,,,observed_day,False
2019-04-28,True,0.9497083333333332,True,,,,,,,,,0.9497083333333332,False,,False,,,,,observed_day,False
2019-04-29,False,0.982,False,REAL_L010_20190429,0.9149086396370864,-0.0386222712695598,True,False,REAL_L010_20190429,9.0,0.972728084821304,0.972728084821304,True,state_space_kalman,False,REAL_L010_20190429,9.0,medium,interpolation_within_range,real gap — no withheld truth,False
2019-04-30,False,,False,REAL_L010_20190429,0.9223040402526876,-0.0351258888840675,True,False,REAL_L010_20190429,9.0,0.9963058065196744,0.9963058065196744,True,state_space_kalman,False,REAL_L010_20190429,9.0,medium,interpolation_within_range,real gap — no withheld truth,False
2019-05-01,False,,False,REAL_L010_20190429,1.0177539110328724,0.0076427799649536,True,False,REAL_L010_20190429,9.0,1.0204550229339475,1.0204550229339475,True,state_space_kalman,False,REAL_L010_20190429,9.0,medium,interpolation_within_range,real gap — no withheld truth,False
2019-05-02,False,,False,REAL_L010_20190429,1.0599109750251872,0.0252693891525268,True,False,REAL_L010_20190429,9.0,1.045189586386858,1.045189586386858,True,state_space_kalman,False,REAL_L010_20190429,9.0,medium,interpolation_within_range,real gap — no withheld truth,False
2019-05-03,False,,False,REAL_L010_20190429,1.075112684241253,0.0314539857208728,True,False,REAL_L010_20190429,9.0,1.0705236849642534,1.0705236849642534,True,state_space_kalman,False,REAL_L010_20190429,9.0,medium,interpolation_within_range,real gap — no withheld truth,False
2019-05-04,False,,False,REAL_L010_20190429,1.0451610143922243,0.0191832017153501,True,False,REAL_L010_20190429,9.0,1.0964718506535762,1.0964718506535762,True,state_space_kalman,False,REAL_L010_20190429,9.0,medium,interpolation_within_range,real gap — no withheld truth,False
2019-05-05,False,,False,REAL_L010_20190429,1.1444234453784072,0.0585867464542388,True,False,REAL_L010_20190429,9.0,1.1230489676796116,1.1230489676796116,True,state_space_kalman,False,REAL_L010_20190429,9.0,medium,interpolation_within_range,real gap — no withheld truth,False
2019-05-06,False,,False,REAL_L010_20190429,1.1705900773482354,0.0684048384428024,True,False,REAL_L010_20190429,9.0,1.150270281042283,1.150270281042283,True,state_space_kalman,False,REAL_L010_20190429,9.0,medium,interpolation_within_range,real gap — no withheld truth,False
2019-05-07,False,,False,REAL_L010_20190429,1.1226846849647618,0.0502577982842922,True,False,REAL_L010_20190429,9.0,1.1781514052613942,1.1781514052613942,True,state_space_kalman,False,REAL_L010_20190429,9.0,medium,interpolation_within_range,real gap — no withheld truth,False
2019-05-08,True,1.2067083333333333,True,,,,,,,,,1.2067083333333333,False,,False,,,,,observed_day,False
2019-05-09,True,1.4559166666666667,True,,,,,,,,,1.4559166666666667,False,,False,,,,,observed_day,False
2019-05-10,True,1.48425,True,,,,,,,,,1.48425,False,,False,,,,,observed_day,False
2019-05-11,True,2.00975,True,,,,,,,,,2.00975,False,,False,,,,,observed_day,False
2019-05-12,True,2.1632916666666664,True,,,,,,,,,2.1632916666666664,False,,False,,,,,observed_day,False
2019-05-13,True,2.9478333333333335,True,,,,,,,,,2.9478333333333335,False,,False,,,,,observed_day,False
2019-05-14,False,2.788,False,REAL_L001_20190514,2.607778157951385,0.4162706434726715,True,False,REAL_L001_20190514,1.0,2.5347978136203593,2.5347978136203593,True,gaussian_process,False,REAL_L001_20190514,1.0,short,no,real gap — no withheld truth,False
2019-05-15,True,2.015166666666667,True,,,,,,,,,2.015166666666667,False,,False,,,,,observed_day,False
2019-05-16,True,1.8038333333333336,True,,,,,,,,,1.8038333333333336,False,,False,,,,,observed_day,False
2019-05-17,True,2.4581250000000003,True,,,,,,,,,2.4581250000000003,False,,False,,,,,observed_day,False
2019-05-18,True,2.39675,True,,,,,,,,,2.39675,False,,False,,,,,observed_day,False
2019-05-19,True,2.5205416666666665,True,,,,,,,,,2.5205416666666665,False,,False,,,,,observed_day,False
2019-05-20,True,2.434041666666667,True,,,,,,,,,2.434041666666667,False,,False,,,,,observed_day,False
2019-05-21,True,2.339125,True,,,,,,,,,2.339125,False,,False,,,,,observed_day,False
2019-05-22,True,3.810208333333333,True,,,,,,,,,3.810208333333333,False,,False,,,,,observed_day,False
2019-05-23,True,6.164124999999999,True,,,,,,,,,6.164124999999999,False,,False,,,,,observed_day,False
2019-05-24,True,4.663916666666666,True,,,,,,,,,4.663916666666666,False,,False,,,,,observed_day,False
2019-05-25,True,1.6842916666666667,True,,,,,,,,,1.6842916666666667,False,,False,,,,,observed_day,False
2019-05-26,True,1.751125,True,,,,,,,,,1.751125,False,,False,,,,,observed_day,False
2019-05-27,True,1.6676666666666666,True,,,,,,,,,1.6676666666666666,False,,False,,,,,observed_day,False
2019-05-28,True,1.8592916666666668,True,,,,,,,,,1.8592916666666668,False,,False,,,,,observed_day,False
2019-05-29,True,1.5534583333333334,True,,,,,,,,,1.5534583333333334,False,,False,,,,,observed_day,False
2019-05-30,True,2.5013333333333336,True,,,,,,,,,2.5013333333333336,False,,False,,,,,observed_day,False
2019-05-31,True,2.968958333333333,True,,,,,,,,,2.968958333333333,False,,False,,,,,observed_day,False
2019-06-01,True,2.4359583333333332,True,,,,,,,,,2.4359583333333332,False,,False,,,,,observed_day,False
2019-06-02,True,1.6201249999999998,True,,,,,,,,,1.6201249999999998,False,,False,,,,,observed_day,False
2019-06-03,True,1.2987083333333334,True,,,,,,,,,1.2987083333333334,False,,False,,,,,observed_day,False
2019-06-04,True,1.5367500000000005,True,,,,,,,,,1.5367500000000005,False,,False,,,,,observed_day,False
2019-06-05,True,1.472625,True,,,,,,,,,1.472625,False,,False,,,,,observed_day,False
2019-06-06,True,1.4912083333333337,True,,,,,,,,,1.4912083333333337,False,,False,,,,,observed_day,False
2019-06-07,True,1.26525,True,,,,,,,,,1.26525,False,,False,,,,,observed_day,False
2019-06-08,True,1.1242916666666667,True,,,,,,,,,1.1242916666666667,False,,False,,,,,observed_day,False
2019-06-09,True,1.3009583333333332,True,,,,,,,,,1.3009583333333332,False,,False,,,,,observed_day,False
2019-06-10,True,1.452125,True,,,,,,,,,1.452125,False,,False,,,,,observed_day,False
2019-06-11,True,1.7242916666666668,True,,,,,,,,,1.7242916666666668,False,,False,,,,,observed_day,False
2019-06-12,True,1.2696666666666665,True,,,,,,,,,1.2696666666666665,False,,False,,,,,observed_day,False
2019-06-13,True,0.9947083333333332,True,,,,,,,,,0.9947083333333332,False,,False,,,,,observed_day,False
2019-06-14,True,0.9725833333333332,True,,,,,,,,,0.9725833333333332,False,,False,,,,,observed_day,False
2019-06-15,True,1.17975,True,,,,,,,,,1.17975,False,,False,,,,,observed_day,False
2019-06-16,True,1.74875,True,,,,,,,,,1.74875,False,,False,,,,,observed_day,False
2019-06-17,True,1.6434583333333332,True,,,,,,,,,1.6434583333333332,False,,False,,,,,observed_day,False
2019-06-18,True,1.496625,True,,,,,,,,,1.496625,False,,False,,,,,observed_day,False
2019-06-19,True,1.796833333333333,True,,,,,,,,,1.796833333333333,False,,False,,,,,observed_day,False
2019-06-20,True,1.883375,True,,,,,,,,,1.883375,False,,False,,,,,observed_day,False
2019-06-21,True,1.6478749999999998,True,,,,,,,,,1.6478749999999998,False,,False,,,,,observed_day,False
2019-06-22,True,1.317208333333333,True,,,,,,,,,1.317208333333333,False,,False,,,,,observed_day,False
2019-06-23,True,1.5552916666666663,True,,,,,,,,,1.5552916666666663,False,,False,,,,,observed_day,False
2019-06-24,True,1.7690833333333331,True,,,,,,,,,1.7690833333333331,False,,False,,,,,observed_day,False
2019-06-25,True,1.3081666666666667,True,,,,,,,,,1.3081666666666667,False,,False,,,,,observed_day,False
2019-06-26,True,1.233666666666667,True,,,,,,,,,1.233666666666667,False,,False,,,,,observed_day,False
2019-06-27,True,1.6425416666666666,True,,,,,,,,,1.6425416666666666,False,,False,,,,,observed_day,False
2019-06-28,True,2.049375,True,,,,,,,,,2.049375,False,,False,,,,,observed_day,False
2019-06-29,True,2.2488333333333332,True,,,,,,,,,2.2488333333333332,False,,False,,,,,observed_day,False
2019-06-30,True,2.786958333333333,True,,,,,,,,,2.786958333333333,False,,False,,,,,observed_day,False
2019-07-01,True,2.687041666666667,True,,,,,,,,,2.687041666666667,False,,False,,,,,observed_day,False
2019-07-02,True,2.4414583333333333,True,,,,,,,,,2.4414583333333333,False,,False,,,,,observed_day,False
2019-07-03,True,2.485958333333334,True,,,,,,,,,2.485958333333334,False,,False,,,,,observed_day,False
2019-07-04,True,2.44875,True,,,,,,,,,2.44875,False,,False,,,,,observed_day,False
2019-07-05,True,2.2861249999999997,True,,,,,,,,,2.2861249999999997,False,,False,,,,,observed_day,False
2019-07-06,True,2.153625,True,,,,,,,,,2.153625,False,,False,,,,,observed_day,False
2019-07-07,True,2.064791666666667,True,,,,,,,,,2.064791666666667,False,,False,,,,,observed_day,False
2019-07-08,True,2.07625,True,,,,,,,,,2.07625,False,,False,,,,,observed_day,False
2019-07-09,True,1.34475,True,,,,,,,,,1.34475,False,,False,,,,,observed_day,False
2019-07-10,True,0.9839583333333334,True,,,,,,,,,0.9839583333333334,False,,False,,,,,observed_day,False
2019-07-11,True,0.8827083333333334,True,,,,,,,,,0.8827083333333334,False,,False,,,,,observed_day,False
2019-07-12,True,0.8959583333333333,True,,,,,,,,,0.8959583333333333,False,,False,,,,,observed_day,False
2019-07-13,True,1.3070416666666664,True,,,,,,,,,1.3070416666666664,False,,False,,,,,observed_day,False
2019-07-14,True,1.3345,True,,,,,,,,,1.3345,False,,False,,,,,observed_day,False
2019-07-15,True,1.3822916666666665,True,,,,,,,,,1.3822916666666665,False,,False,,,,,observed_day,False
2019-07-16,True,1.2877083333333337,True,,,,,,,,,1.2877083333333337,False,,False,,,,,observed_day,False
2019-07-17,True,1.0740833333333333,True,,,,,,,,,1.0740833333333333,False,,False,,,,,observed_day,False
2019-07-18,True,0.8631666666666667,True,,,,,,,,,0.8631666666666667,False,,False,,,,,observed_day,False
2019-07-19,True,0.769625,True,,,,,,,,,0.769625,False,,False,,,,,observed_day,False
2019-07-20,True,0.8192083333333332,True,,,,,,,,,0.8192083333333332,False,,False,,,,,observed_day,False
2019-07-21,True,0.994125,True,,,,,,,,,0.994125,False,,False,,,,,observed_day,False
2019-07-22,True,0.6562083333333333,True,,,,,,,,,0.6562083333333333,False,,False,,,,,observed_day,False
2019-07-23,True,0.4637083333333334,True,,,,,,,,,0.4637083333333334,False,,False,,,,,observed_day,False
2019-07-24,True,0.6609999999999999,True,,,,,,,,,0.6609999999999999,False,,False,,,,,observed_day,False
2019-07-25,True,0.7903333333333333,True,,,,,,,,,0.7903333333333333,False,,False,,,,,observed_day,False
2019-07-26,True,1.1508333333333334,True,,,,,,,,,1.1508333333333334,False,,False,,,,,observed_day,False
2019-07-27,True,1.9249166666666664,True,,,,,,,,,1.9249166666666664,False,,False,,,,,observed_day,False
2019-07-28,True,2.18,True,,,,,,,,,2.18,False,,False,,,,,observed_day,False
2019-07-29,True,2.1377083333333333,True,,,,,,,,,2.1377083333333333,False,,False,,,,,observed_day,False
2019-07-30,True,2.2273333333333336,True,,,,,,,,,2.2273333333333336,False,,False,,,,,observed_day,False
2019-07-31,True,1.6485000000000003,True,,,,,,,,,1.6485000000000003,False,,False,,,,,observed_day,False
2019-08-01,True,1.1934166666666666,True,,,,,,,,,1.1934166666666666,False,,False,,,,,observed_day,False
2019-08-02,True,0.953375,True,,,,,,,,,0.953375,False,,False,,,,,observed_day,False
2019-08-03,True,1.06075,True,,,,,,,,,1.06075,False,,False,,,,,observed_day,False
2019-08-04,True,1.1336666666666666,True,,,,,,,,,1.1336666666666666,False,,False,,,,,observed_day,False
2019-08-05,True,0.9279166666666666,True,,,,,,,,,0.9279166666666666,False,,False,,,,,observed_day,False
2019-08-06,True,1.109625,True,,,,,,,,,1.109625,False,,False,,,,,observed_day,False
2019-08-07,True,1.9790833333333335,True,,,,,,,,,1.9790833333333335,False,,False,,,,,observed_day,False
2019-08-08,True,1.505375,True,,,,,,,,,1.505375,False,,False,,,,,observed_day,False
2019-08-09,True,1.5838333333333334,True,,,,,,,,,1.5838333333333334,False,,False,,,,,observed_day,False
2019-08-10,True,1.7227083333333333,True,,,,,,,,,1.7227083333333333,False,,False,,,,,observed_day,False
2019-08-11,True,3.5502916666666664,True,,,,,,,,,3.5502916666666664,False,,False,,,,,observed_day,False
2019-08-12,True,5.1040833333333335,True,,,,,,,,,5.1040833333333335,False,,False,,,,,observed_day,False
2019-08-13,True,7.798958333333332,True,,,,,,,,,7.798958333333332,False,,False,,,,,observed_day,False
2019-08-14,True,10.901291666666667,True,,,,,,,,,10.901291666666667,False,,False,,,,,observed_day,False
2019-08-15,True,9.856958333333331,True,,,,,,,,,9.856958333333331,False,,False,,,,,observed_day,False
2019-08-16,True,2.954416666666667,True,,,,,,,,,2.954416666666667,False,,False,,,,,observed_day,False
2019-08-17,True,2.8318333333333334,True,,,,,,,,,2.8318333333333334,False,,False,,,,,observed_day,False
2019-08-18,True,3.158791666666667,True,,,,,,,,,3.158791666666667,False,,False,,,,,observed_day,False
2019-08-19,True,2.5239166666666666,True,,,,,,,,,2.5239166666666666,False,,False,,,,,observed_day,False
2019-08-20,True,1.7696666666666665,True,,,,,,,,,1.7696666666666665,False,,False,,,,,observed_day,False
2019-08-21,True,1.4934999999999998,True,,,,,,,,,1.4934999999999998,False,,False,,,,,observed_day,False
2019-08-22,True,1.4001666666666666,True,,,,,,,,,1.4001666666666666,False,,False,,,,,observed_day,False
2019-08-23,True,1.2191666666666665,True,,,,,,,,,1.2191666666666665,False,,False,,,,,observed_day,False
2019-08-24,False,1.55275,False,REAL_L031_20190824,1.2158380765387482,0.0848757401108741,True,False,REAL_L031_20190824,54.0,1.408189135975151,1.408189135975151,True,gap_edge_residual_model,False,REAL_L031_20190824,54.0,long,yes,real gap — no withheld truth,False
2019-08-25,False,,False,REAL_L031_20190824,1.3450686120292028,0.128744438290596,True,False,REAL_L031_20190824,54.0,1.4562874424656909,1.4562874424656909,True,gap_edge_residual_model,False,REAL_L031_20190824,54.0,long,yes,real gap — no withheld truth,False
2019-08-26,False,,False,REAL_L031_20190824,1.7895866086657264,0.2527527213096618,True,False,REAL_L031_20190824,54.0,1.5044232239690043,1.5044232239690043,True,gap_edge_residual_model,False,REAL_L031_20190824,54.0,long,yes,real gap — no withheld truth,False
2019-08-27,False,,False,REAL_L031_20190824,2.3827874185630717,0.3770852982997894,True,False,REAL_L031_20190824,54.0,1.5679000985572331,1.5679000985572331,True,gap_edge_residual_model,False,REAL_L031_20190824,54.0,long,yes,real gap — no withheld truth,False
2019-08-28,False,,False,REAL_L031_20190824,1.5552094338883178,0.1917888820171356,True,False,REAL_L031_20190824,54.0,1.581153809582873,1.581153809582873,True,gap_edge_residual_model,False,REAL_L031_20190824,54.0,long,yes,real gap — no withheld truth,False
2019-08-29,False,,False,REAL_L031_20190824,1.77647885770902,0.2495600432157516,True,False,REAL_L031_20190824,54.0,1.5738325291902868,1.5738325291902868,True,gap_edge_residual_model,False,REAL_L031_20190824,54.0,long,yes,real gap — no withheld truth,False
2019-08-30,False,,False,REAL_L031_20190824,2.5936062320567395,0.4139040410518646,True,False,REAL_L031_20190824,54.0,1.524233821526697,1.524233821526697,True,gap_edge_residual_model,False,REAL_L031_20190824,54.0,long,yes,real gap — no withheld truth,False
2019-08-31,False,,False,REAL_L031_20190824,2.3813827693901533,0.3768292069435119,True,False,REAL_L031_20190824,54.0,1.6075204201327389,1.6075204201327389,True,gap_edge_residual_model,False,REAL_L031_20190824,54.0,long,yes,real gap — no withheld truth,False
2019-09-01,False,,False,REAL_L031_20190824,1.9033745879200905,0.2795242667198181,True,False,REAL_L031_20190824,54.0,1.8450367073866665,1.8450367073866665,True,gap_edge_residual_model,False,REAL_L031_20190824,54.0,long,yes,real gap — no withheld truth,False
2019-09-02,False,,False,REAL_L031_20190824,2.3499631756539787,0.3710610568523407,True,False,REAL_L031_20190824,54.0,1.985475415816235,1.985475415816235,True,gap_edge_residual_model,False,REAL_L031_20190824,54.0,long,yes,real gap — no withheld truth,False
2019-09-03,False,,False,REAL_L031_20190824,2.2503515421868068,0.3522503674030304,True,False,REAL_L031_20190824,54.0,1.8534252195589012,1.8534252195589012,True,gap_edge_residual_model,False,REAL_L031_20190824,54.0,long,yes,real gap — no withheld truth,False
2019-09-04,False,,False,REAL_L031_20190824,2.62151441225723,0.4185522496700287,True,False,REAL_L031_20190824,54.0,1.9705597124687355,1.9705597124687355,True,gap_edge_residual_model,False,REAL_L031_20190824,54.0,long,yes,real gap — no withheld truth,False
2019-09-05,False,,False,REAL_L031_20190824,2.7445567254601353,0.4384722113609314,True,False,REAL_L031_20190824,54.0,2.06664698099494,2.06664698099494,True,gap_edge_residual_model,False,REAL_L031_20190824,54.0,long,yes,real gap — no withheld truth,False
2019-09-06,False,,False,REAL_L031_20190824,2.6331039377682455,0.4204680025577545,True,False,REAL_L031_20190824,54.0,2.1746262966563727,2.1746262966563727,True,gap_edge_residual_model,False,REAL_L031_20190824,54.0,long,yes,real gap — no withheld truth,False
2019-09-07,False,,False,REAL_L031_20190824,4.167476562587243,0.6198731660842896,True,False,REAL_L031_20190824,54.0,2.3286462584698544,2.3286462584698544,True,gap_edge_residual_model,False,REAL_L031_20190824,54.0,long,yes,real gap — no withheld truth,False
2019-09-08,False,,False,REAL_L031_20190824,3.5523243424499777,0.5505126118659973,True,False,REAL_L031_20190824,54.0,2.395370029206568,2.395370029206568,True,gap_edge_residual_model,False,REAL_L031_20190824,54.0,long,yes,real gap — no withheld truth,False
2019-09-09,False,,False,REAL_L031_20190824,4.327987130216989,0.6362859606742859,True,False,REAL_L031_20190824,54.0,2.623398346411552,2.623398346411552,True,gap_edge_residual_model,False,REAL_L031_20190824,54.0,long,yes,real gap — no withheld truth,False
2019-09-10,False,,False,REAL_L031_20190824,4.26680810387087,0.6301031112670898,True,False,REAL_L031_20190824,54.0,2.6276190785355187,2.6276190785355187,True,gap_edge_residual_model,False,REAL_L031_20190824,54.0,long,yes,real gap — no withheld truth,False
2019-09-11,False,,False,REAL_L031_20190824,4.217707644102745,0.6250764727592468,True,False,REAL_L031_20190824,54.0,2.622376312981761,2.622376312981761,True,gap_edge_residual_model,False,REAL_L031_20190824,54.0,long,yes,real gap — no withheld truth,False
2019-09-12,False,,False,REAL_L031_20190824,3.762256952498925,0.5754484534263611,True,False,REAL_L031_20190824,54.0,2.561753988063303,2.561753988063303,True,gap_edge_residual_model,False,REAL_L031_20190824,54.0,long,yes,real gap — no withheld truth,False
2019-09-13,False,,False,REAL_L031_20190824,3.619426028142478,0.5586397051811218,True,False,REAL_L031_20190824,54.0,2.5627763832577632,2.5627763832577632,True,gap_edge_residual_model,False,REAL_L031_20190824,54.0,long,yes,real gap — no withheld truth,False
2019-09-14,False,,False,REAL_L031_20190824,3.8517419125254015,0.5856571793556213,True,False,REAL_L031_20190824,54.0,2.52974906626532,2.52974906626532,True,gap_edge_residual_model,False,REAL_L031_20190824,54.0,long,yes,real gap — no withheld truth,False
2019-09-15,False,,False,REAL_L031_20190824,4.0821752021385755,0.6108916401863098,True,False,REAL_L031_20190824,54.0,2.721609514451462,2.721609514451462,True,gap_edge_residual_model,False,REAL_L031_20190824,54.0,long,yes,real gap — no withheld truth,False
2019-09-16,False,,False,REAL_L031_20190824,3.98330069061942,0.600243091583252,True,False,REAL_L031_20190824,54.0,2.4813614905405976,2.4813614905405976,True,gap_edge_residual_model,False,REAL_L031_20190824,54.0,long,yes,real gap — no withheld truth,False
2019-09-17,False,,False,REAL_L031_20190824,4.218863782558386,0.6251955032348633,True,False,REAL_L031_20190824,54.0,2.6571833226263535,2.6571833226263535,True,gap_edge_residual_model,False,REAL_L031_20190824,54.0,long,yes,real gap — no withheld truth,False
2019-09-18,False,,False,REAL_L031_20190824,4.1321113454193235,0.6161720156669617,True,False,REAL_L031_20190824,54.0,2.7561512708753013,2.7561512708753013,True,gap_edge_residual_model,False,REAL_L031_20190824,54.0,long,yes,real gap — no withheld truth,False
2019-09-19,False,,False,REAL_L031_20190824,3.104321513137836,0.4919666945934295,True,False,REAL_L031_20190824,54.0,2.844222947160728,2.844222947160728,True,gap_edge_residual_model,False,REAL_L031_20190824,54.0,long,yes,real gap — no withheld truth,False
2019-09-20,False,,False,REAL_L031_20190824,4.4824054006013645,0.6515111327171326,True,False,REAL_L031_20190824,54.0,2.729900245173349,2.729900245173349,True,gap_edge_residual_model,False,REAL_L031_20190824,54.0,long,yes,real gap — no withheld truth,False
2019-09-21,False,,False,REAL_L031_20190824,4.5664497293200865,0.6595786809921265,True,False,REAL_L031_20190824,54.0,2.922149270228567,2.922149270228567,True,gap_edge_residual_model,False,REAL_L031_20190824,54.0,long,yes,real gap — no withheld truth,False
2019-09-22,False,,False,REAL_L031_20190824,3.243891483812227,0.5110663175582886,True,False,REAL_L031_20190824,54.0,2.8418952656373344,2.8418952656373344,True,gap_edge_residual_model,False,REAL_L031_20190824,54.0,long,yes,real gap — no withheld truth,False
2019-09-23,False,,False,REAL_L031_20190824,4.41574245980293,0.6450037360191345,True,False,REAL_L031_20190824,54.0,3.0605730192777094,3.0605730192777094,True,gap_edge_residual_model,False,REAL_L031_20190824,54.0,long,yes,real gap — no withheld truth,False
2019-09-24,False,,False,REAL_L031_20190824,3.2705238751718517,0.5146173238754272,True,False,REAL_L031_20190824,54.0,3.1317050001461575,3.1317050001461575,True,gap_edge_residual_model,False,REAL_L031_20190824,54.0,long,yes,real gap — no withheld truth,False
2019-09-25,False,,False,REAL_L031_20190824,3.6132785429072114,0.5579014420509338,True,False,REAL_L031_20190824,54.0,2.973367149400981,2.973367149400981,True,gap_edge_residual_model,False,REAL_L031_20190824,54.0,long,yes,real gap — no withheld truth,False
2019-09-26,False,,False,REAL_L031_20190824,3.452500896557199,0.5381338000297546,True,False,REAL_L031_20190824,54.0,3.04171342147092,3.04171342147092,True,gap_edge_residual_model,False,REAL_L031_20190824,54.0,long,yes,real gap — no withheld truth,False
2019-09-27,False,,False,REAL_L031_20190824,3.5424634610856667,0.5493053793907166,True,False,REAL_L031_20190824,54.0,2.9474478525622936,2.9474478525622936,True,gap_edge_residual_model,False,REAL_L031_20190824,54.0,long,yes,real gap — no withheld truth,False
2019-09-28,False,,False,REAL_L031_20190824,3.382684780651117,0.5292615294456482,True,False,REAL_L031_20190824,54.0,2.7808626685450206,2.7808626685450206,True,gap_edge_residual_model,False,REAL_L031_20190824,54.0,long,yes,real gap — no withheld truth,False
2019-09-29,False,,False,REAL_L031_20190824,3.903970621131776,0.5915065407752991,True,False,REAL_L031_20190824,54.0,3.0989350061942917,3.0989350061942917,True,gap_edge_residual_model,False,REAL_L031_20190824,54.0,long,yes,real gap — no withheld truth,False
2019-09-30,False,,False,REAL_L031_20190824,4.125769115164957,0.6155049204826355,True,False,REAL_L031_20190824,54.0,2.916752341848884,2.916752341848884,True,gap_edge_residual_model,False,REAL_L031_20190824,54.0,long,yes,real gap — no withheld truth,False
2019-10-01,False,,False,REAL_L031_20190824,3.805296888440111,0.5803885459899902,True,False,REAL_L031_20190824,54.0,2.7024807553666954,2.7024807553666954,True,gap_edge_residual_model,False,REAL_L031_20190824,54.0,long,yes,real gap — no withheld truth,False
2019-10-02,False,,False,REAL_L031_20190824,4.304056195554001,0.6338779330253601,True,False,REAL_L031_20190824,54.0,2.4713632220053405,2.4713632220053405,True,gap_edge_residual_model,False,REAL_L031_20190824,54.0,long,yes,real gap — no withheld truth,False
2019-10-03,False,,False,REAL_L031_20190824,4.233978237822571,0.6267486214637756,True,False,REAL_L031_20190824,54.0,2.4453272648123363,2.4453272648123363,True,gap_edge_residual_model,False,REAL_L031_20190824,54.0,long,yes,real gap — no withheld truth,False
2019-10-04,False,,False,REAL_L031_20190824,4.37908174058175,0.6413830518722534,True,False,REAL_L031_20190824,54.0,2.4044536991972256,2.4044536991972256,True,gap_edge_residual_model,False,REAL_L031_20190824,54.0,long,yes,real gap — no withheld truth,False
2019-10-05,False,,False,REAL_L031_20190824,4.262665845295765,0.6296812891960144,True,False,REAL_L031_20190824,54.0,2.409967281513511,2.409967281513511,True,gap_edge_residual_model,False,REAL_L031_20190824,54.0,long,yes,real gap — no withheld truth,False
2019-10-06,False,,False,REAL_L031_20190824,4.2900750101987235,0.6324648857116699,True,False,REAL_L031_20190824,54.0,2.565527711095853,2.565527711095853,True,gap_edge_residual_model,False,REAL_L031_20190824,54.0,long,yes,real gap — no withheld truth,False
2019-10-07,False,,False,REAL_L031_20190824,4.226814219309096,0.6260131597518921,True,False,REAL_L031_20190824,54.0,2.507321704273477,2.507321704273477,True,gap_edge_residual_model,False,REAL_L031_20190824,54.0,long,yes,real gap — no withheld truth,False
2019-10-08,False,,False,REAL_L031_20190824,4.494348522694893,0.6526667475700378,True,False,REAL_L031_20190824,54.0,2.745279911642754,2.745279911642754,True,gap_edge_residual_model,False,REAL_L031_20190824,54.0,long,yes,real gap — no withheld truth,False
2019-10-09,False,,False,REAL_L031_20190824,4.554945733115094,0.6584832072257996,True,False,REAL_L031_20190824,54.0,2.991097044177944,2.991097044177944,True,gap_edge_residual_model,False,REAL_L031_20190824,54.0,long,yes,real gap — no withheld truth,False
2019-10-10,False,,False,REAL_L031_20190824,4.352563633351043,0.638745129108429,True,False,REAL_L031_20190824,54.0,3.1851656476898627,3.1851656476898627,True,gap_edge_residual_model,False,REAL_L031_20190824,54.0,long,yes,real gap — no withheld truth,False
2019-10-11,False,,False,REAL_L031_20190824,4.154111214695015,0.6184781193733215,True,False,REAL_L031_20190824,54.0,3.257381808636891,3.257381808636891,True,gap_edge_residual_model,False,REAL_L031_20190824,54.0,long,yes,real gap — no withheld truth,False
2019-10-12,False,,False,REAL_L031_20190824,4.05488204021243,0.6079782247543335,True,False,REAL_L031_20190824,54.0,3.273014168099216,3.273014168099216,True,gap_edge_residual_model,False,REAL_L031_20190824,54.0,long,yes,real gap — no withheld truth,False
2019-10-13,False,,False,REAL_L031_20190824,3.6407723629785713,0.5611935257911682,True,False,REAL_L031_20190824,54.0,3.204354489715115,3.204354489715115,True,gap_edge_residual_model,False,REAL_L031_20190824,54.0,long,yes,real gap — no withheld truth,False
2019-10-14,False,,False,REAL_L031_20190824,3.8550329910616865,0.5860280990600586,True,False,REAL_L031_20190824,54.0,3.2724715936862334,3.2724715936862334,True,gap_edge_residual_model,False,REAL_L031_20190824,54.0,long,yes,real gap — no withheld truth,False
2019-10-15,False,,False,REAL_L031_20190824,3.571067282054543,0.5527980327606201,True,False,REAL_L031_20190824,54.0,3.2491609048196897,3.2491609048196897,True,gap_edge_residual_model,False,REAL_L031_20190824,54.0,long,yes,real gap — no withheld truth,False
2019-10-16,False,4.395687499999999,False,REAL_L031_20190824,3.4813858482959352,0.5417521595954895,True,False,REAL_L031_20190824,54.0,3.240128755949248,3.240128755949248,True,gap_edge_residual_model,False,REAL_L031_20190824,54.0,long,yes,real gap — no withheld truth,False
2019-10-17,True,3.356375,True,,,,,,,,,3.356375,False,,False,,,,,observed_day,False
2019-10-18,True,3.3003750000000003,True,,,,,,,,,3.3003750000000003,False,,False,,,,,observed_day,False
2019-10-19,True,5.492249999999999,True,,,,,,,,,5.492249999999999,False,,False,,,,,observed_day,False
2019-10-20,True,3.745875,True,,,,,,,,,3.745875,False,,False,,,,,observed_day,False
2019-10-21,True,5.806416666666667,True,,,,,,,,,5.806416666666667,False,,False,,,,,observed_day,False
2019-10-22,True,7.877875,True,,,,,,,,,7.877875,False,,False,,,,,observed_day,False
2019-10-23,True,6.7536249999999995,True,,,,,,,,,6.7536249999999995,False,,False,,,,,observed_day,False
2019-10-24,True,6.3875,True,,,,,,,,,6.3875,False,,False,,,,,observed_day,False
2019-10-25,True,8.365333333333334,True,,,,,,,,,8.365333333333334,False,,False,,,,,observed_day,False
2019-10-26,True,11.346166666666669,True,,,,,,,,,11.346166666666669,False,,False,,,,,observed_day,False
2019-10-27,True,11.833291666666668,True,,,,,,,,,11.833291666666668,False,,False,,,,,observed_day,False
2019-10-28,True,10.336291666666666,True,,,,,,,,,10.336291666666666,False,,False,,,,,observed_day,False
2019-10-29,True,5.208833333333334,True,,,,,,,,,5.208833333333334,False,,False,,,,,observed_day,False
2019-10-30,True,2.6333333333333333,True,,,,,,,,,2.6333333333333333,False,,False,,,,,observed_day,False
2019-10-31,True,2.9794583333333335,True,,,,,,,,,2.9794583333333335,False,,False,,,,,observed_day,False
2019-11-01,True,4.89225,True,,,,,,,,,4.89225,False,,False,,,,,observed_day,False
2019-11-02,True,6.09475,True,,,,,,,,,6.09475,False,,False,,,,,observed_day,False
2019-11-03,True,9.893375,True,,,,,,,,,9.893375,False,,False,,,,,observed_day,False
2019-11-04,True,11.657958333333337,True,,,,,,,,,11.657958333333337,False,,False,,,,,observed_day,False
2019-11-05,True,6.947125,True,,,,,,,,,6.947125,False,,False,,,,,observed_day,False
2019-11-06,True,6.1972916666666675,True,,,,,,,,,6.1972916666666675,False,,False,,,,,observed_day,False
2019-11-07,True,7.843208333333333,True,,,,,,,,,7.843208333333333,False,,False,,,,,observed_day,False
2019-11-08,True,9.457833333333332,True,,,,,,,,,9.457833333333332,False,,False,,,,,observed_day,False
2019-11-09,True,10.57675,True,,,,,,,,,10.57675,False,,False,,,,,observed_day,False
2019-11-10,True,10.966333333333331,True,,,,,,,,,10.966333333333331,False,,False,,,,,observed_day,False
2019-11-11,True,10.744791666666666,True,,,,,,,,,10.744791666666666,False,,False,,,,,observed_day,False
2019-11-12,True,12.132708333333332,True,,,,,,,,,12.132708333333332,False,,False,,,,,observed_day,False
2019-11-13,True,10.385541666666668,True,,,,,,,,,10.385541666666668,False,,False,,,,,observed_day,False
2019-11-14,True,9.211416666666668,True,,,,,,,,,9.211416666666668,False,,False,,,,,observed_day,False
2019-11-15,True,10.481458333333334,True,,,,,,,,,10.481458333333334,False,,False,,,,,observed_day,False
2019-11-16,True,9.9115,True,,,,,,,,,9.9115,False,,False,,,,,observed_day,False
2019-11-17,True,11.643375,True,,,,,,,,,11.643375,False,,False,,,,,observed_day,False
2019-11-18,True,8.532625,True,,,,,,,,,8.532625,False,,False,,,,,observed_day,False
2019-11-19,True,6.797208333333334,True,,,,,,,,,6.797208333333334,False,,False,,,,,observed_day,False
2019-11-20,True,5.841875000000001,True,,,,,,,,,5.841875000000001,False,,False,,,,,observed_day,False
2019-11-21,True,3.033,True,,,,,,,,,3.033,False,,False,,,,,observed_day,False
2019-11-22,True,2.40575,True,,,,,,,,,2.40575,False,,False,,,,,observed_day,False
2019-11-23,True,2.0092916666666665,True,,,,,,,,,2.0092916666666665,False,,False,,,,,observed_day,False
2019-11-24,True,3.2497916666666664,True,,,,,,,,,3.2497916666666664,False,,False,,,,,observed_day,False
2019-11-25,True,5.2592083333333335,True,,,,,,,,,5.2592083333333335,False,,False,,,,,observed_day,False
2019-11-26,True,3.155208333333333,True,,,,,,,,,3.155208333333333,False,,False,,,,,observed_day,False
2019-11-27,True,1.7114583333333335,True,,,,,,,,,1.7114583333333335,False,,False,,,,,observed_day,False
2019-11-28,True,3.425666666666667,True,,,,,,,,,3.425666666666667,False,,False,,,,,observed_day,False
2019-11-29,True,4.4750000000000005,True,,,,,,,,,4.4750000000000005,False,,False,,,,,observed_day,False
2019-11-30,True,5.153916666666667,True,,,,,,,,,5.153916666666667,False,,False,,,,,observed_day,False
2019-12-01,True,8.713958333333332,True,,,,,,,,,8.713958333333332,False,,False,,,,,observed_day,False
2019-12-02,True,11.207375,True,,,,,,,,,11.207375,False,,False,,,,,observed_day,False
2019-12-03,True,11.289791666666666,True,,,,,,,,,11.289791666666666,False,,False,,,,,observed_day,False
2019-12-04,True,8.629333333333333,True,,,,,,,,,8.629333333333333,False,,False,,,,,observed_day,False
2019-12-05,True,9.1935,True,,,,,,,,,9.1935,False,,False,,,,,observed_day,False
2019-12-06,True,8.578375,True,,,,,,,,,8.578375,False,,False,,,,,observed_day,False
2019-12-07,True,11.835083333333335,True,,,,,,,,,11.835083333333335,False,,False,,,,,observed_day,False
2019-12-08,True,10.891375000000002,True,,,,,,,,,10.891375000000002,False,,False,,,,,observed_day,False
2019-12-09,True,5.376041666666667,True,,,,,,,,,5.376041666666667,False,,False,,,,,observed_day,False
2019-12-10,True,5.486416666666667,True,,,,,,,,,5.486416666666667,False,,False,,,,,observed_day,False
2019-12-11,True,8.540833333333333,True,,,,,,,,,8.540833333333333,False,,False,,,,,observed_day,False
2019-12-12,True,5.999416666666666,True,,,,,,,,,5.999416666666666,False,,False,,,,,observed_day,False
2019-12-13,True,7.608083333333333,True,,,,,,,,,7.608083333333333,False,,False,,,,,observed_day,False
2019-12-14,True,5.474374999999999,True,,,,,,,,,5.474374999999999,False,,False,,,,,observed_day,False
2019-12-15,True,4.807708333333333,True,,,,,,,,,4.807708333333333,False,,False,,,,,observed_day,False
2019-12-16,True,3.6554583333333337,True,,,,,,,,,3.6554583333333337,False,,False,,,,,observed_day,False
2019-12-17,True,4.148833333333333,True,,,,,,,,,4.148833333333333,False,,False,,,,,observed_day,False
2019-12-18,True,6.759125,True,,,,,,,,,6.759125,False,,False,,,,,observed_day,False
2019-12-19,True,9.109916666666663,True,,,,,,,,,9.109916666666663,False,,False,,,,,observed_day,False
2019-12-20,True,8.443541666666667,True,,,,,,,,,8.443541666666667,False,,False,,,,,observed_day,False
2019-12-21,True,6.861416666666667,True,,,,,,,,,6.861416666666667,False,,False,,,,,observed_day,False
2019-12-22,True,6.65575,True,,,,,,,,,6.65575,False,,False,,,,,observed_day,False
2019-12-23,True,5.374874999999999,True,,,,,,,,,5.374874999999999,False,,False,,,,,observed_day,False
2019-12-24,True,4.529708333333333,True,,,,,,,,,4.529708333333333,False,,False,,,,,observed_day,False
2019-12-25,True,3.812708333333333,True,,,,,,,,,3.812708333333333,False,,False,,,,,observed_day,False
2019-12-26,True,4.582291666666666,True,,,,,,,,,4.582291666666666,False,,False,,,,,observed_day,False
2019-12-27,True,6.967083333333332,True,,,,,,,,,6.967083333333332,False,,False,,,,,observed_day,False
2019-12-28,True,9.263875,True,,,,,,,,,9.263875,False,,False,,,,,observed_day,False
2019-12-29,True,9.3265,True,,,,,,,,,9.3265,False,,False,,,,,observed_day,False
2019-12-30,True,9.550708333333333,True,,,,,,,,,9.550708333333333,False,,False,,,,,observed_day,False
2019-12-31,True,11.788625,True,,,,,,,,,11.788625,False,,False,,,,,observed_day,False
2020-01-01,True,9.633041666666664,True,,,,,,,,,9.633041666666664,False,,False,,,,,observed_day,False
2020-01-02,True,7.124333333333333,True,,,,,,,,,7.124333333333333,False,,False,,,,,observed_day,False
2020-01-03,True,6.671791666666667,True,,,,,,,,,6.671791666666667,False,,False,,,,,observed_day,False
2020-01-04,True,5.541045454545455,True,,,,,,,,,5.541045454545455,False,,False,,,,,observed_day,False
2020-01-05,True,4.7977083333333335,True,,,,,,,,,4.7977083333333335,False,,False,,,,,observed_day,False
2020-01-06,True,3.987666666666667,True,,,,,,,,,3.987666666666667,False,,False,,,,,observed_day,False
2020-01-07,True,4.047083333333333,True,,,,,,,,,4.047083333333333,False,,False,,,,,observed_day,False
2020-01-08,True,7.470541666666667,True,,,,,,,,,7.470541666666667,False,,False,,,,,observed_day,False
2020-01-09,True,6.231875,True,,,,,,,,,6.231875,False,,False,,,,,observed_day,False
2020-01-10,True,4.934375,True,,,,,,,,,4.934375,False,,False,,,,,observed_day,False
2020-01-11,True,9.604125,True,,,,,,,,,9.604125,False,,False,,,,,observed_day,False
2020-01-12,True,10.078458333333332,True,,,,,,,,,10.078458333333332,False,,False,,,,,observed_day,False
2020-01-13,False,3.488266666666667,False,REAL_L001_20200113,7.066068404131406,0.8491778373718262,True,False,REAL_L001_20200113,1.0,6.868620938524009,6.868620938524009,True,gaussian_process,False,REAL_L001_20200113,1.0,short,no,real gap — no withheld truth,False
2020-01-14,True,4.444958333333333,True,,,,,,,,,4.444958333333333,False,,False,,,,,observed_day,False
2020-01-15,True,3.609833333333333,True,,,,,,,,,3.609833333333333,False,,False,,,,,observed_day,False
2020-01-16,True,4.649416666666666,True,,,,,,,,,4.649416666666666,False,,False,,,,,observed_day,False
2020-01-17,True,4.398291666666666,True,,,,,,,,,4.398291666666666,False,,False,,,,,observed_day,False
2020-01-18,True,3.998208333333333,True,,,,,,,,,3.998208333333333,False,,False,,,,,observed_day,False
2020-01-19,True,4.412375,True,,,,,,,,,4.412375,False,,False,,,,,observed_day,False
2020-01-20,True,5.765916666666667,True,,,,,,,,,5.765916666666667,False,,False,,,,,observed_day,False
2020-01-21,True,5.281125,True,,,,,,,,,5.281125,False,,False,,,,,observed_day,False
2020-01-22,True,6.000916666666666,True,,,,,,,,,6.000916666666666,False,,False,,,,,observed_day,False
2020-01-23,True,5.62955,True,,,,,,,,,5.62955,False,,False,,,,,observed_day,False
2020-01-24,True,5.141875,True,,,,,,,,,5.141875,False,,False,,,,,observed_day,False
2020-01-25,True,4.969375,True,,,,,,,,,4.969375,False,,False,,,,,observed_day,False
2020-01-26,True,3.201041666666667,True,,,,,,,,,3.201041666666667,False,,False,,,,,observed_day,False
2020-01-27,True,4.034458333333333,True,,,,,,,,,4.034458333333333,False,,False,,,,,observed_day,False
2020-01-28,True,4.783041666666667,True,,,,,,,,,4.783041666666667,False,,False,,,,,observed_day,False
2020-01-29,True,3.2213333333333334,True,,,,,,,,,3.2213333333333334,False,,False,,,,,observed_day,False
2020-01-30,True,2.3454166666666665,True,,,,,,,,,2.3454166666666665,False,,False,,,,,observed_day,False
2020-01-31,True,2.2624583333333335,True,,,,,,,,,2.2624583333333335,False,,False,,,,,observed_day,False
2020-02-01,True,3.3039166666666664,True,,,,,,,,,3.3039166666666664,False,,False,,,,,observed_day,False
2020-02-02,True,2.8522083333333335,True,,,,,,,,,2.8522083333333335,False,,False,,,,,observed_day,False
2020-02-03,True,2.55725,True,,,,,,,,,2.55725,False,,False,,,,,observed_day,False
2020-02-04,True,3.1042916666666662,True,,,,,,,,,3.1042916666666662,False,,False,,,,,observed_day,False
2020-02-05,True,2.126625,True,,,,,,,,,2.126625,False,,False,,,,,observed_day,False
2020-02-06,True,1.2151666666666665,True,,,,,,,,,1.2151666666666665,False,,False,,,,,observed_day,False
2020-02-07,True,2.4428750000000004,True,,,,,,,,,2.4428750000000004,False,,False,,,,,observed_day,False
2020-02-08,True,8.256749999999998,True,,,,,,,,,8.256749999999998,False,,False,,,,,observed_day,False
2020-02-09,True,10.5535,True,,,,,,,,,10.5535,False,,False,,,,,observed_day,False
2020-02-10,True,10.419666666666666,True,,,,,,,,,10.419666666666666,False,,False,,,,,observed_day,False
2020-02-11,False,12.433,False,REAL_L091_20200211,9.341275367679458,0.970406174659729,False,True,REAL_L091_20200211,256.0,6.406541568854112,6.406541568854112,True,gap_edge_residual_model,True,REAL_L091_20200211,256.0,very_long,yes,"scenario-only, outside validated gap-length envelope",True
2020-02-12,False,9.019714285714285,False,REAL_L091_20200211,7.487743607270333,0.8743509650230408,False,True,REAL_L091_20200211,256.0,6.189955256261762,6.189955256261762,True,gap_edge_residual_model,True,REAL_L091_20200211,256.0,very_long,yes,"scenario-only, outside validated gap-length envelope",True
2020-02-13,False,,False,REAL_L091_20200211,6.055745477405112,0.7821676135063171,False,True,REAL_L091_20200211,256.0,5.827979364279816,5.827979364279816,True,gap_edge_residual_model,True,REAL_L091_20200211,256.0,very_long,yes,"scenario-only, outside validated gap-length envelope",True
2020-02-14,False,,False,REAL_L091_20200211,5.7148494957793705,0.7570047974586487,False,True,REAL_L091_20200211,256.0,4.8567037903152,4.8567037903152,True,gap_edge_residual_model,True,REAL_L091_20200211,256.0,very_long,yes,"scenario-only, outside validated gap-length envelope",True
2020-02-15,False,,False,REAL_L091_20200211,4.964141060034734,0.6958441138267517,False,True,REAL_L091_20200211,256.0,4.717839781652832,4.717839781652832,True,gap_edge_residual_model,True,REAL_L091_20200211,256.0,very_long,yes,"scenario-only, outside validated gap-length envelope",True
2020-02-16,False,,False,REAL_L091_20200211,4.388112139724942,0.642277717590332,False,True,REAL_L091_20200211,256.0,6.238681445083315,6.238681445083315,True,gap_edge_residual_model,True,REAL_L091_20200211,256.0,very_long,yes,"scenario-only, outside validated gap-length envelope",True
2020-02-17,False,,False,REAL_L091_20200211,4.843489604170199,0.685158371925354,False,True,REAL_L091_20200211,256.0,6.3190851131210115,6.3190851131210115,True,gap_edge_residual_model,True,REAL_L091_20200211,256.0,very_long,yes,"scenario-only, outside validated gap-length envelope",True
2020-02-18,False,,False,REAL_L091_20200211,4.787087369677013,0.6800713539123535,False,True,REAL_L091_20200211,256.0,5.488939331899008,5.488939331899008,True,gap_edge_residual_model,True,REAL_L091_20200211,256.0,very_long,yes,"scenario-only, outside validated gap-length envelope",True
2020-02-19,False,,False,REAL_L091_20200211,4.900924291602122,0.6902779936790466,False,True,REAL_L091_20200211,256.0,5.671188136956256,5.671188136956256,True,gap_edge_residual_model,True,REAL_L091_20200211,256.0,very_long,yes,"scenario-only, outside validated gap-length envelope",True
2020-02-20,False,,False,REAL_L091_20200211,3.857873626141645,0.5863479971885681,False,True,REAL_L091_20200211,256.0,6.367862737956301,6.367862737956301,True,gap_edge_residual_model,True,REAL_L091_20200211,256.0,very_long,yes,"scenario-only, outside validated gap-length envelope",True
2020-02-21,False,,False,REAL_L091_20200211,3.8558552738879457,0.5861207246780396,False,True,REAL_L091_20200211,256.0,6.335005483376629,6.335005483376629,True,gap_edge_residual_model,True,REAL_L091_20200211,256.0,very_long,yes,"scenario-only, outside validated gap-length envelope",True
2020-02-22,False,,False,REAL_L091_20200211,3.61962721638235,0.5586638450622559,False,True,REAL_L091_20200211,256.0,6.567674600168905,6.567674600168905,True,gap_edge_residual_model,True,REAL_L091_20200211,256.0,very_long,yes,"scenario-only, outside validated gap-length envelope",True
2020-02-23,False,,False,REAL_L091_20200211,3.2863999413124443,0.5167204141616821,False,True,REAL_L091_20200211,256.0,7.02536737200305,7.02536737200305,True,gap_edge_residual_model,True,REAL_L091_20200211,256.0,very_long,yes,"scenario-only, outside validated gap-length envelope",True
2020-02-24,False,,False,REAL_L091_20200211,3.3101573961863373,0.519848644733429,False,True,REAL_L091_20200211,256.0,7.006638885022434,7.006638885022434,True,gap_edge_residual_model,True,REAL_L091_20200211,256.0,very_long,yes,"scenario-only, outside validated gap-length envelope",True
2020-02-25,False,,False,REAL_L091_20200211,3.161137948684103,0.4998434484004974,False,True,REAL_L091_20200211,256.0,6.643013458521144,6.643013458521144,True,gap_edge_residual_model,True,REAL_L091_20200211,256.0,very_long,yes,"scenario-only, outside validated gap-length envelope",True
2020-02-26,False,,False,REAL_L091_20200211,3.819364754585262,0.5819911360740662,False,True,REAL_L091_20200211,256.0,6.800435133036768,6.800435133036768,True,gap_edge_residual_model,True,REAL_L091_20200211,256.0,very_long,yes,"scenario-only, outside validated gap-length envelope",True
2020-02-27,False,,False,REAL_L091_20200211,3.4707261934636735,0.5404203534126282,False,True,REAL_L091_20200211,256.0,5.625258669159393,5.625258669159393,True,gap_edge_residual_model,True,REAL_L091_20200211,256.0,very_long,yes,"scenario-only, outside validated gap-length envelope",True
2020-02-28,False,,False,REAL_L091_20200211,3.018108220240793,0.4797348082065582,False,True,REAL_L091_20200211,256.0,4.343970221400794,4.343970221400794,True,gap_edge_residual_model,True,REAL_L091_20200211,256.0,very_long,yes,"scenario-only, outside validated gap-length envelope",True
2020-02-29,False,,False,REAL_L091_20200211,3.044127095406825,0.483462780714035,False,True,REAL_L091_20200211,256.0,4.986687613519741,4.986687613519741,True,gap_edge_residual_model,True,REAL_L091_20200211,256.0,very_long,yes,"scenario-only, outside validated gap-length envelope",True
2020-03-01,False,,False,REAL_L091_20200211,3.103643525616148,0.4918718338012695,False,True,REAL_L091_20200211,256.0,5.5697016647508475,5.5697016647508475,True,gap_edge_residual_model,True,REAL_L091_20200211,256.0,very_long,yes,"scenario-only, outside validated gap-length envelope",True
2020-03-02,False,,False,REAL_L091_20200211,3.0105383398840275,0.4786441624164581,False,True,REAL_L091_20200211,256.0,5.480680744315723,5.480680744315723,True,gap_edge_residual_model,True,REAL_L091_20200211,256.0,very_long,yes,"scenario-only, outside validated gap-length envelope",True
2020-03-03,False,,False,REAL_L091_20200211,3.2942357347426383,0.5177546739578247,False,True,REAL_L091_20200211,256.0,6.007740022294359,6.007740022294359,True,gap_edge_residual_model,True,REAL_L091_20200211,256.0,very_long,yes,"scenario-only, outside validated gap-length envelope",True
2020-03-04,False,,False,REAL_L091_20200211,3.0649944420037447,0.4864296913146972,False,True,REAL_L091_20200211,256.0,4.087732905040999,4.087732905040999,True,gap_edge_residual_model,True,REAL_L091_20200211,256.0,very_long,yes,"scenario-only, outside validated gap-length envelope",True
2020-03-05,False,,False,REAL_L091_20200211,3.5857585786479236,0.5545810461044312,False,True,REAL_L091_20200211,256.0,4.7270723646813435,4.7270723646813435,True,gap_edge_residual_model,True,REAL_L091_20200211,256.0,very_long,yes,"scenario-only, outside validated gap-length envelope",True
2020-03-06,False,,False,REAL_L091_20200211,3.5789338722474104,0.553753674030304,False,True,REAL_L091_20200211,256.0,5.0001897075592066,5.0001897075592066,True,gap_edge_residual_model,True,REAL_L091_20200211,256.0,very_long,yes,"scenario-only, outside validated gap-length envelope",True
2020-03-07,False,,False,REAL_L091_20200211,2.9181874997442523,0.4651131927967071,False,True,REAL_L091_20200211,256.0,6.144726889017923,6.144726889017923,True,gap_edge_residual_model,True,REAL_L091_20200211,256.0,very_long,yes,"scenario-only, outside validated gap-length envelope",True
2020-03-08,False,,False,REAL_L091_20200211,3.085123576517563,0.4892725646495819,False,True,REAL_L091_20200211,256.0,6.762263778083138,6.762263778083138,True,gap_edge_residual_model,True,REAL_L091_20200211,256.0,very_long,yes,"scenario-only, outside validated gap-length envelope",True
2020-03-09,False,,False,REAL_L091_20200211,3.0600975234300747,0.4857352674007416,False,True,REAL_L091_20200211,256.0,6.027752068197363,6.027752068197363,True,gap_edge_residual_model,True,REAL_L091_20200211,256.0,very_long,yes,"scenario-only, outside validated gap-length envelope",True
2020-03-10,False,,False,REAL_L091_20200211,3.2682323386519654,0.5143129229545593,False,True,REAL_L091_20200211,256.0,6.285364043711927,6.285364043711927,True,gap_edge_residual_model,True,REAL_L091_20200211,256.0,very_long,yes,"scenario-only, outside validated gap-length envelope",True
2020-03-11,False,,False,REAL_L091_20200211,2.7395922987006673,0.4376859366893768,False,True,REAL_L091_20200211,256.0,5.52288579484793,5.52288579484793,True,gap_edge_residual_model,True,REAL_L091_20200211,256.0,very_long,yes,"scenario-only, outside validated gap-length envelope",True
2020-03-12,False,,False,REAL_L091_20200211,2.7999145447114744,0.4471447765827179,False,True,REAL_L091_20200211,256.0,5.276854358055515,5.276854358055515,True,gap_edge_residual_model,True,REAL_L091_20200211,256.0,very_long,yes,"scenario-only, outside validated gap-length envelope",True
2020-03-13,False,,False,REAL_L091_20200211,3.1613913270278355,0.4998782575130462,False,True,REAL_L091_20200211,256.0,5.89873972648851,5.89873972648851,True,gap_edge_residual_model,True,REAL_L091_20200211,256.0,very_long,yes,"scenario-only, outside validated gap-length envelope",True
2020-03-14,False,,False,REAL_L091_20200211,2.823369157067257,0.4507676661014557,False,True,REAL_L091_20200211,256.0,5.29523319857406,5.29523319857406,True,gap_edge_residual_model,True,REAL_L091_20200211,256.0,very_long,yes,"scenario-only, outside validated gap-length envelope",True
2020-03-15,False,,False,REAL_L091_20200211,3.128503118340076,0.4953365921974182,False,True,REAL_L091_20200211,256.0,5.053636791150928,5.053636791150928,True,gap_edge_residual_model,True,REAL_L091_20200211,256.0,very_long,yes,"scenario-only, outside validated gap-length envelope",True
2020-03-16,False,,False,REAL_L091_20200211,3.261421071282884,0.5134068727493286,False,True,REAL_L091_20200211,256.0,4.556591399103183,4.556591399103183,True,gap_edge_residual_model,True,REAL_L091_20200211,256.0,very_long,yes,"scenario-only, outside validated gap-length envelope",True
2020-03-17,False,,False,REAL_L091_20200211,3.5026890610344865,0.5444015860557556,False,True,REAL_L091_20200211,256.0,5.20398431043573,5.20398431043573,True,gap_edge_residual_model,True,REAL_L091_20200211,256.0,very_long,yes,"scenario-only, outside validated gap-length envelope",True
2020-03-18,False,,False,REAL_L091_20200211,2.5636831509663827,0.4088643491268158,False,True,REAL_L091_20200211,256.0,4.734103330795162,4.734103330795162,True,gap_edge_residual_model,True,REAL_L091_20200211,256.0,very_long,yes,"scenario-only, outside validated gap-length envelope",True
2020-03-19,False,,False,REAL_L091_20200211,3.1242217898495266,0.4947418570518493,False,True,REAL_L091_20200211,256.0,4.181132024703406,4.181132024703406,True,gap_edge_residual_model,True,REAL_L091_20200211,256.0,very_long,yes,"scenario-only, outside validated gap-length envelope",True
2020-03-20,False,,False,REAL_L091_20200211,2.629469161794134,0.4198680818080902,False,True,REAL_L091_20200211,256.0,4.454164094678693,4.454164094678693,True,gap_edge_residual_model,True,REAL_L091_20200211,256.0,very_long,yes,"scenario-only, outside validated gap-length envelope",True
2020-03-21,False,,False,REAL_L091_20200211,3.184701593104891,0.503068745136261,False,True,REAL_L091_20200211,256.0,5.249084095917014,5.249084095917014,True,gap_edge_residual_model,True,REAL_L091_20200211,256.0,very_long,yes,"scenario-only, outside validated gap-length envelope",True
2020-03-22,False,,False,REAL_L091_20200211,4.275510154316346,0.6309879422187805,False,True,REAL_L091_20200211,256.0,6.055059368019732,6.055059368019732,True,gap_edge_residual_model,True,REAL_L091_20200211,256.0,very_long,yes,"scenario-only, outside validated gap-length envelope",True
2020-03-23,False,,False,REAL_L091_20200211,4.216102775443913,0.6249111890792847,False,True,REAL_L091_20200211,256.0,6.226517073143831,6.226517073143831,True,gap_edge_residual_model,True,REAL_L091_20200211,256.0,very_long,yes,"scenario-only, outside validated gap-length envelope",True
2020-03-24,False,,False,REAL_L091_20200211,2.945528162304492,0.469163179397583,False,True,REAL_L091_20200211,256.0,5.804466469494742,5.804466469494742,True,gap_edge_residual_model,True,REAL_L091_20200211,256.0,very_long,yes,"scenario-only, outside validated gap-length envelope",True
2020-03-25,False,,False,REAL_L091_20200211,3.197027101654035,0.5047463178634644,False,True,REAL_L091_20200211,256.0,5.627528534247523,5.627528534247523,True,gap_edge_residual_model,True,REAL_L091_20200211,256.0,very_long,yes,"scenario-only, outside validated gap-length envelope",True
2020-03-26,False,,False,REAL_L091_20200211,2.936581391604899,0.4678420424461365,False,True,REAL_L091_20200211,256.0,5.72743058149659,5.72743058149659,True,gap_edge_residual_model,True,REAL_L091_20200211,256.0,very_long,yes,"scenario-only, outside validated gap-length envelope",True
2020-03-27,False,,False,REAL_L091_20200211,2.9948123773575266,0.4763696193695068,False,True,REAL_L091_20200211,256.0,6.181882277553559,6.181882277553559,True,gap_edge_residual_model,True,REAL_L091_20200211,256.0,very_long,yes,"scenario-only, outside validated gap-length envelope",True
2020-03-28,False,,False,REAL_L091_20200211,3.4864044718101814,0.542377769947052,False,True,REAL_L091_20200211,256.0,6.808298772804904,6.808298772804904,True,gap_edge_residual_model,True,REAL_L091_20200211,256.0,very_long,yes,"scenario-only, outside validated gap-length envelope",True
2020-03-29,False,,False,REAL_L091_20200211,3.9826846218214977,0.6001759171485901,False,True,REAL_L091_20200211,256.0,6.561860169335445,6.561860169335445,True,gap_edge_residual_model,True,REAL_L091_20200211,256.0,very_long,yes,"scenario-only, outside validated gap-length envelope",True
2020-03-30,False,,False,REAL_L091_20200211,3.332135561260604,0.5227226614952087,False,True,REAL_L091_20200211,256.0,6.816728531670212,6.816728531670212,True,gap_edge_residual_model,True,REAL_L091_20200211,256.0,very_long,yes,"scenario-only, outside validated gap-length envelope",True
2020-03-31,False,,False,REAL_L091_20200211,2.971062209147923,0.4729117453098297,False,True,REAL_L091_20200211,256.0,6.544199844263477,6.544199844263477,True,gap_edge_residual_model,True,REAL_L091_20200211,256.0,very_long,yes,"scenario-only, outside validated gap-length envelope",True
2020-04-01,False,,False,REAL_L091_20200211,3.5488761986854818,0.5500908493995667,False,True,REAL_L091_20200211,256.0,6.265779356874802,6.265779356874802,True,gap_edge_residual_model,True,REAL_L091_20200211,256.0,very_long,yes,"scenario-only, outside validated gap-length envelope",True
2020-04-02,False,,False,REAL_L091_20200211,3.161844985730127,0.4999405741691589,False,True,REAL_L091_20200211,256.0,7.17284479306842,7.17284479306842,True,gap_edge_residual_model,True,REAL_L091_20200211,256.0,very_long,yes,"scenario-only, outside validated gap-length envelope",True
2020-04-03,False,,False,REAL_L091_20200211,2.771667667290885,0.4427411556243896,False,True,REAL_L091_20200211,256.0,7.044368288960367,7.044368288960367,True,gap_edge_residual_model,True,REAL_L091_20200211,256.0,very_long,yes,"scenario-only, outside validated gap-length envelope",True
2020-04-04,False,,False,REAL_L091_20200211,2.7312129376896426,0.4363555610179901,False,True,REAL_L091_20200211,256.0,7.034251127512104,7.034251127512104,True,gap_edge_residual_model,True,REAL_L091_20200211,256.0,very_long,yes,"scenario-only, outside validated gap-length envelope",True
2020-04-05,False,,False,REAL_L091_20200211,3.445565675629265,0.5372605323791504,False,True,REAL_L091_20200211,256.0,6.790168047607029,6.790168047607029,True,gap_edge_residual_model,True,REAL_L091_20200211,256.0,very_long,yes,"scenario-only, outside validated gap-length envelope",True
2020-04-06,False,,False,REAL_L091_20200211,3.600352684148834,0.5563450455665588,False,True,REAL_L091_20200211,256.0,6.670122708723086,6.670122708723086,True,gap_edge_residual_model,True,REAL_L091_20200211,256.0,very_long,yes,"scenario-only, outside validated gap-length envelope",True
2020-04-07,False,,False,REAL_L091_20200211,2.5429543007715285,0.4053385555744171,False,True,REAL_L091_20200211,256.0,6.56208008601655,6.56208008601655,True,gap_edge_residual_model,True,REAL_L091_20200211,256.0,very_long,yes,"scenario-only, outside validated gap-length envelope",True
2020-04-08,False,,False,REAL_L091_20200211,2.749335626789222,0.4392277598381042,False,True,REAL_L091_20200211,256.0,6.6648146539221855,6.6648146539221855,True,gap_edge_residual_model,True,REAL_L091_20200211,256.0,very_long,yes,"scenario-only, outside validated gap-length envelope",True
2020-04-09,False,,False,REAL_L091_20200211,2.62787743730846,0.4196051061153412,False,True,REAL_L091_20200211,256.0,6.143275729234791,6.143275729234791,True,gap_edge_residual_model,True,REAL_L091_20200211,256.0,very_long,yes,"scenario-only, outside validated gap-length envelope",True
2020-04-10,False,,False,REAL_L091_20200211,3.099049980605269,0.4912285804748535,False,True,REAL_L091_20200211,256.0,4.927865554065005,4.927865554065005,True,gap_edge_residual_model,True,REAL_L091_20200211,256.0,very_long,yes,"scenario-only, outside validated gap-length envelope",True
2020-04-11,False,,False,REAL_L091_20200211,2.6460045311696296,0.4225905835628509,False,True,REAL_L091_20200211,256.0,5.49510597384262,5.49510597384262,True,gap_edge_residual_model,True,REAL_L091_20200211,256.0,very_long,yes,"scenario-only, outside validated gap-length envelope",True
2020-04-12,False,,False,REAL_L091_20200211,2.6691256043519247,0.4263690114021301,False,True,REAL_L091_20200211,256.0,4.86263412827739,4.86263412827739,True,gap_edge_residual_model,True,REAL_L091_20200211,256.0,very_long,yes,"scenario-only, outside validated gap-length envelope",True
2020-04-13,False,,False,REAL_L091_20200211,2.982677754533931,0.4746063351631164,False,True,REAL_L091_20200211,256.0,4.56949062819438,4.56949062819438,True,gap_edge_residual_model,True,REAL_L091_20200211,256.0,very_long,yes,"scenario-only, outside validated gap-length envelope",True
2020-04-14,False,,False,REAL_L091_20200211,2.256930822204136,0.3535182476043701,False,True,REAL_L091_20200211,256.0,5.558722108374883,5.558722108374883,True,gap_edge_residual_model,True,REAL_L091_20200211,256.0,very_long,yes,"scenario-only, outside validated gap-length envelope",True
2020-04-15,False,,False,REAL_L091_20200211,2.780581164093174,0.4441355764865875,False,True,REAL_L091_20200211,256.0,5.97176785567681,5.97176785567681,True,gap_edge_residual_model,True,REAL_L091_20200211,256.0,very_long,yes,"scenario-only, outside validated gap-length envelope",True
2020-04-16,False,,False,REAL_L091_20200211,3.620864894193499,0.5588123202323914,False,True,REAL_L091_20200211,256.0,6.404734996891824,6.404734996891824,True,gap_edge_residual_model,True,REAL_L091_20200211,256.0,very_long,yes,"scenario-only, outside validated gap-length envelope",True
2020-04-17,False,,False,REAL_L091_20200211,2.9126309702755293,0.4642854630947113,False,True,REAL_L091_20200211,256.0,6.10291641038953,6.10291641038953,True,gap_edge_residual_model,True,REAL_L091_20200211,256.0,very_long,yes,"scenario-only, outside validated gap-length envelope",True
2020-04-18,False,,False,REAL_L091_20200211,2.0221138031344266,0.3058055937290191,False,True,REAL_L091_20200211,256.0,6.185297805838369,6.185297805838369,True,gap_edge_residual_model,True,REAL_L091_20200211,256.0,very_long,yes,"scenario-only, outside validated gap-length envelope",True
2020-04-19,False,,False,REAL_L091_20200211,2.570320269210721,0.4099872410297394,False,True,REAL_L091_20200211,256.0,6.160037869678123,6.160037869678123,True,gap_edge_residual_model,True,REAL_L091_20200211,256.0,very_long,yes,"scenario-only, outside validated gap-length envelope",True
2020-04-20,False,,False,REAL_L091_20200211,2.8670195918884493,0.4574306607246399,False,True,REAL_L091_20200211,256.0,6.316484323260897,6.316484323260897,True,gap_edge_residual_model,True,REAL_L091_20200211,256.0,very_long,yes,"scenario-only, outside validated gap-length envelope",True
2020-04-21,False,,False,REAL_L091_20200211,2.8669353876700203,0.4574179053306579,False,True,REAL_L091_20200211,256.0,6.479030391965006,6.479030391965006,True,gap_edge_residual_model,True,REAL_L091_20200211,256.0,very_long,yes,"scenario-only, outside validated gap-length envelope",True
2020-04-22,False,,False,REAL_L091_20200211,3.002408439022922,0.4774697721004486,False,True,REAL_L091_20200211,256.0,6.37756443156983,6.37756443156983,True,gap_edge_residual_model,True,REAL_L091_20200211,256.0,very_long,yes,"scenario-only, outside validated gap-length envelope",True
2020-04-23,False,,False,REAL_L091_20200211,2.8217504832483535,0.4505186080932617,False,True,REAL_L091_20200211,256.0,6.05751093646904,6.05751093646904,True,gap_edge_residual_model,True,REAL_L091_20200211,256.0,very_long,yes,"scenario-only, outside validated gap-length envelope",True
2020-04-24,False,,False,REAL_L091_20200211,2.711414900682743,0.4331959784030914,False,True,REAL_L091_20200211,256.0,6.117947962511421,6.117947962511421,True,gap_edge_residual_model,True,REAL_L091_20200211,256.0,very_long,yes,"scenario-only, outside validated gap-length envelope",True
2020-04-25,False,,False,REAL_L091_20200211,2.9172032221206052,0.4649666845798492,False,True,REAL_L091_20200211,256.0,5.9998922506415955,5.9998922506415955,True,gap_edge_residual_model,True,REAL_L091_20200211,256.0,very_long,yes,"scenario-only, outside validated gap-length envelope",True
2020-04-26,False,,False,REAL_L091_20200211,2.069073417260487,0.3157759010791778,False,True,REAL_L091_20200211,256.0,6.001899553906121,6.001899553906121,True,gap_edge_residual_model,True,REAL_L091_20200211,256.0,very_long,yes,"scenario-only, outside validated gap-length envelope",True
2020-04-27,False,,False,REAL_L091_20200211,2.413163663264693,0.3825867772102356,False,True,REAL_L091_20200211,256.0,5.768669955155166,5.768669955155166,True,gap_edge_residual_model,True,REAL_L091_20200211,256.0,very_long,yes,"scenario-only, outside validated gap-length envelope",True
2020-04-28,False,,False,REAL_L091_20200211,2.0568758228513646,0.3132080733776092,False,True,REAL_L091_20200211,256.0,5.760622588848056,5.760622588848056,True,gap_edge_residual_model,True,REAL_L091_20200211,256.0,very_long,yes,"scenario-only, outside validated gap-length envelope",True
2020-04-29,False,,False,REAL_L091_20200211,2.3184791879894124,0.3652032017707824,False,True,REAL_L091_20200211,256.0,5.567066319482766,5.567066319482766,True,gap_edge_residual_model,True,REAL_L091_20200211,256.0,very_long,yes,"scenario-only, outside validated gap-length envelope",True
2020-04-30,False,,False,REAL_L091_20200211,2.7251823568886295,0.4353955686092376,False,True,REAL_L091_20200211,256.0,5.387897551171317,5.387897551171317,True,gap_edge_residual_model,True,REAL_L091_20200211,256.0,very_long,yes,"scenario-only, outside validated gap-length envelope",True
2020-05-01,False,,False,REAL_L091_20200211,2.247568065030093,0.3517128527164459,False,True,REAL_L091_20200211,256.0,5.7181870115096505,5.7181870115096505,True,gap_edge_residual_model,True,REAL_L091_20200211,256.0,very_long,yes,"scenario-only, outside validated gap-length envelope",True
2020-05-02,False,,False,REAL_L091_20200211,2.207802069899577,0.3439601361751556,False,True,REAL_L091_20200211,256.0,5.45415128284017,5.45415128284017,True,gap_edge_residual_model,True,REAL_L091_20200211,256.0,very_long,yes,"scenario-only, outside validated gap-length envelope",True
2020-05-03,False,,False,REAL_L091_20200211,2.2669906875669557,0.3554497361183166,False,True,REAL_L091_20200211,256.0,5.256304682787798,5.256304682787798,True,gap_edge_residual_model,True,REAL_L091_20200211,256.0,very_long,yes,"scenario-only, outside validated gap-length envelope",True
2020-05-04,False,,False,REAL_L091_20200211,3.234409102023569,0.5097949504852295,False,True,REAL_L091_20200211,256.0,5.229978002597373,5.229978002597373,True,gap_edge_residual_model,True,REAL_L091_20200211,256.0,very_long,yes,"scenario-only, outside validated gap-length envelope",True
2020-05-05,False,,False,REAL_L091_20200211,2.122269754611173,0.3268005847930908,False,True,REAL_L091_20200211,256.0,4.723830476619482,4.723830476619482,True,gap_edge_residual_model,True,REAL_L091_20200211,256.0,very_long,yes,"scenario-only, outside validated gap-length envelope",True
2020-05-06,False,,False,REAL_L091_20200211,2.9946709890151944,0.4763491153717041,False,True,REAL_L091_20200211,256.0,3.9053904500779577,3.9053904500779577,True,gap_edge_residual_model,True,REAL_L091_20200211,256.0,very_long,yes,"scenario-only, outside validated gap-length envelope",True
2020-05-07,False,,False,REAL_L091_20200211,2.8657455789351536,0.4572376310825348,False,True,REAL_L091_20200211,256.0,4.71001531652617,4.71001531652617,True,gap_edge_residual_model,True,REAL_L091_20200211,256.0,very_long,yes,"scenario-only, outside validated gap-length envelope",True
2020-05-08,False,,False,REAL_L091_20200211,2.7709309364623835,0.4426257014274597,False,True,REAL_L091_20200211,256.0,5.0830788284034,5.0830788284034,True,gap_edge_residual_model,True,REAL_L091_20200211,256.0,very_long,yes,"scenario-only, outside validated gap-length envelope",True
2020-05-09,False,,False,REAL_L091_20200211,2.1325390836902933,0.3288969993591308,False,True,REAL_L091_20200211,256.0,4.9032420112886985,4.9032420112886985,True,gap_edge_residual_model,True,REAL_L091_20200211,256.0,very_long,yes,"scenario-only, outside validated gap-length envelope",True
2020-05-10,False,,False,REAL_L091_20200211,2.85526424076928,0.4556463062763214,False,True,REAL_L091_20200211,256.0,5.710486038446053,5.710486038446053,True,gap_edge_residual_model,True,REAL_L091_20200211,256.0,very_long,yes,"scenario-only, outside validated gap-length envelope",True
2020-05-11,False,,False,REAL_L091_20200211,2.753139308704115,0.4398281872272491,False,True,REAL_L091_20200211,256.0,5.399570296193083,5.399570296193083,True,gap_edge_residual_model,True,REAL_L091_20200211,256.0,very_long,yes,"scenario-only, outside validated gap-length envelope",True
2020-05-12,False,,False,REAL_L091_20200211,2.809878771236959,0.4486875832080841,False,True,REAL_L091_20200211,256.0,5.142201731673769,5.142201731673769,True,gap_edge_residual_model,True,REAL_L091_20200211,256.0,very_long,yes,"scenario-only, outside validated gap-length envelope",True
2020-05-13,False,,False,REAL_L091_20200211,3.762894698890737,0.5755220651626587,False,True,REAL_L091_20200211,256.0,5.766369460997321,5.766369460997321,True,gap_edge_residual_model,True,REAL_L091_20200211,256.0,very_long,yes,"scenario-only, outside validated gap-length envelope",True
2020-05-14,False,,False,REAL_L091_20200211,2.781278280783763,0.4442444443702698,False,True,REAL_L091_20200211,256.0,4.594661098359402,4.594661098359402,True,gap_edge_residual_model,True,REAL_L091_20200211,256.0,very_long,yes,"scenario-only, outside validated gap-length envelope",True
2020-05-15,False,,False,REAL_L091_20200211,3.359799065020805,0.526313304901123,False,True,REAL_L091_20200211,256.0,4.16506634421944,4.16506634421944,True,gap_edge_residual_model,True,REAL_L091_20200211,256.0,very_long,yes,"scenario-only, outside validated gap-length envelope",True
2020-05-16,False,,False,REAL_L091_20200211,2.8721463408169945,0.4582065641880035,False,True,REAL_L091_20200211,256.0,4.3478704504789105,4.3478704504789105,True,gap_edge_residual_model,True,REAL_L091_20200211,256.0,very_long,yes,"scenario-only, outside validated gap-length envelope",True
2020-05-17,False,,False,REAL_L091_20200211,3.0836347780428692,0.4890629351139068,False,True,REAL_L091_20200211,256.0,5.614141115381086,5.614141115381086,True,gap_edge_residual_model,True,REAL_L091_20200211,256.0,very_long,yes,"scenario-only, outside validated gap-length envelope",True
2020-05-18,False,,False,REAL_L091_20200211,2.637542526715471,0.4211994707584381,False,True,REAL_L091_20200211,256.0,6.586347172594515,6.586347172594515,True,gap_edge_residual_model,True,REAL_L091_20200211,256.0,very_long,yes,"scenario-only, outside validated gap-length envelope",True
2020-05-19,False,,False,REAL_L091_20200211,2.8674798076982526,0.4575003683567047,False,True,REAL_L091_20200211,256.0,6.400779589938716,6.400779589938716,True,gap_edge_residual_model,True,REAL_L091_20200211,256.0,very_long,yes,"scenario-only, outside validated gap-length envelope",True
2020-05-20,False,,False,REAL_L091_20200211,2.4931557320859357,0.3967494070529938,False,True,REAL_L091_20200211,256.0,6.138811993160744,6.138811993160744,True,gap_edge_residual_model,True,REAL_L091_20200211,256.0,very_long,yes,"scenario-only, outside validated gap-length envelope",True
2020-05-21,False,,False,REAL_L091_20200211,2.8977041582598577,0.462054044008255,False,True,REAL_L091_20200211,256.0,5.927551182768467,5.927551182768467,True,gap_edge_residual_model,True,REAL_L091_20200211,256.0,very_long,yes,"scenario-only, outside validated gap-length envelope",True
2020-05-22,False,,False,REAL_L091_20200211,3.64965594712842,0.5622519254684448,False,True,REAL_L091_20200211,256.0,5.30559091652729,5.30559091652729,True,gap_edge_residual_model,True,REAL_L091_20200211,256.0,very_long,yes,"scenario-only, outside validated gap-length envelope",True
2020-05-23,False,,False,REAL_L091_20200211,2.49691750402743,0.3974041938781738,False,True,REAL_L091_20200211,256.0,4.980239710712173,4.980239710712173,True,gap_edge_residual_model,True,REAL_L091_20200211,256.0,very_long,yes,"scenario-only, outside validated gap-length envelope",True
2020-05-24,False,,False,REAL_L091_20200211,2.8029265631689655,0.4476117193698883,False,True,REAL_L091_20200211,256.0,5.905482149890297,5.905482149890297,True,gap_edge_residual_model,True,REAL_L091_20200211,256.0,very_long,yes,"scenario-only, outside validated gap-length envelope",True
2020-05-25,False,,False,REAL_L091_20200211,2.43422024711152,0.3863598704338074,False,True,REAL_L091_20200211,256.0,6.019229688786087,6.019229688786087,True,gap_edge_residual_model,True,REAL_L091_20200211,256.0,very_long,yes,"scenario-only, outside validated gap-length envelope",True
2020-05-26,False,,False,REAL_L091_20200211,3.116123372725238,0.4936146438121795,False,True,REAL_L091_20200211,256.0,6.191862774746017,6.191862774746017,True,gap_edge_residual_model,True,REAL_L091_20200211,256.0,very_long,yes,"scenario-only, outside validated gap-length envelope",True
2020-05-27,False,,False,REAL_L091_20200211,2.4413461447710336,0.387629359960556,False,True,REAL_L091_20200211,256.0,6.366766534791491,6.366766534791491,True,gap_edge_residual_model,True,REAL_L091_20200211,256.0,very_long,yes,"scenario-only, outside validated gap-length envelope",True
2020-05-28,False,,False,REAL_L091_20200211,3.1304309423687253,0.4956041276454925,False,True,REAL_L091_20200211,256.0,6.201023333942284,6.201023333942284,True,gap_edge_residual_model,True,REAL_L091_20200211,256.0,very_long,yes,"scenario-only, outside validated gap-length envelope",True
2020-05-29,False,,False,REAL_L091_20200211,2.2004580039739956,0.3425130844116211,False,True,REAL_L091_20200211,256.0,5.981039689063183,5.981039689063183,True,gap_edge_residual_model,True,REAL_L091_20200211,256.0,very_long,yes,"scenario-only, outside validated gap-length envelope",True
2020-05-30,False,,False,REAL_L091_20200211,2.7477409187424637,0.4389757812023163,False,True,REAL_L091_20200211,256.0,5.786202613306156,5.786202613306156,True,gap_edge_residual_model,True,REAL_L091_20200211,256.0,very_long,yes,"scenario-only, outside validated gap-length envelope",True
2020-05-31,False,,False,REAL_L091_20200211,2.095324701017908,0.3212513327598572,False,True,REAL_L091_20200211,256.0,5.947922618730025,5.947922618730025,True,gap_edge_residual_model,True,REAL_L091_20200211,256.0,very_long,yes,"scenario-only, outside validated gap-length envelope",True
2020-06-01,False,,False,REAL_L091_20200211,2.272673323443928,0.3565370142459869,False,True,REAL_L091_20200211,256.0,5.399106695427625,5.399106695427625,True,gap_edge_residual_model,True,REAL_L091_20200211,256.0,very_long,yes,"scenario-only, outside validated gap-length envelope",True
2020-06-02,False,,False,REAL_L091_20200211,2.301895377623701,0.3620855808258056,False,True,REAL_L091_20200211,256.0,5.59273835862879,5.59273835862879,True,gap_edge_residual_model,True,REAL_L091_20200211,256.0,very_long,yes,"scenario-only, outside validated gap-length envelope",True
2020-06-03,False,,False,REAL_L091_20200211,2.9870920432391497,0.4752486050128937,False,True,REAL_L091_20200211,256.0,5.205606495609685,5.205606495609685,True,gap_edge_residual_model,True,REAL_L091_20200211,256.0,very_long,yes,"scenario-only, outside validated gap-length envelope",True
2020-06-04,False,,False,REAL_L091_20200211,2.9261001906891435,0.4662891924381256,False,True,REAL_L091_20200211,256.0,4.747702367112136,4.747702367112136,True,gap_edge_residual_model,True,REAL_L091_20200211,256.0,very_long,yes,"scenario-only, outside validated gap-length envelope",True
2020-06-05,False,,False,REAL_L091_20200211,3.097004613646303,0.4909418523311615,False,True,REAL_L091_20200211,256.0,4.088250224408505,4.088250224408505,True,gap_edge_residual_model,True,REAL_L091_20200211,256.0,very_long,yes,"scenario-only, outside validated gap-length envelope",True
2020-06-06,False,,False,REAL_L091_20200211,2.692735108681702,0.4301936328411102,False,True,REAL_L091_20200211,256.0,4.162613321885403,4.162613321885403,True,gap_edge_residual_model,True,REAL_L091_20200211,256.0,very_long,yes,"scenario-only, outside validated gap-length envelope",True
2020-06-07,False,,False,REAL_L091_20200211,2.7679650769572746,0.4421606063842773,False,True,REAL_L091_20200211,256.0,3.5894715130577746,3.5894715130577746,True,gap_edge_residual_model,True,REAL_L091_20200211,256.0,very_long,yes,"scenario-only, outside validated gap-length envelope",True
2020-06-08,False,,False,REAL_L091_20200211,2.551597285191771,0.4068121314048767,False,True,REAL_L091_20200211,256.0,3.6785050691036303,3.6785050691036303,True,gap_edge_residual_model,True,REAL_L091_20200211,256.0,very_long,yes,"scenario-only, outside validated gap-length envelope",True
2020-06-09,False,,False,REAL_L091_20200211,2.433158592731782,0.3861704170703888,False,True,REAL_L091_20200211,256.0,4.22403909498866,4.22403909498866,True,gap_edge_residual_model,True,REAL_L091_20200211,256.0,very_long,yes,"scenario-only, outside validated gap-length envelope",True
2020-06-10,False,,False,REAL_L091_20200211,3.062473445613489,0.4860723316669464,False,True,REAL_L091_20200211,256.0,4.405314433550922,4.405314433550922,True,gap_edge_residual_model,True,REAL_L091_20200211,256.0,very_long,yes,"scenario-only, outside validated gap-length envelope",True
2020-06-11,False,,False,REAL_L091_20200211,3.6255282425358626,0.559371292591095,False,True,REAL_L091_20200211,256.0,4.662939533836386,4.662939533836386,True,gap_edge_residual_model,True,REAL_L091_20200211,256.0,very_long,yes,"scenario-only, outside validated gap-length envelope",True
2020-06-12,False,,False,REAL_L091_20200211,2.24467126944437,0.3511527478694916,False,True,REAL_L091_20200211,256.0,4.852262674481751,4.852262674481751,True,gap_edge_residual_model,True,REAL_L091_20200211,256.0,very_long,yes,"scenario-only, outside validated gap-length envelope",True
2020-06-13,False,,False,REAL_L091_20200211,2.3414219533842213,0.3694796860218048,False,True,REAL_L091_20200211,256.0,4.897720654513929,4.897720654513929,True,gap_edge_residual_model,True,REAL_L091_20200211,256.0,very_long,yes,"scenario-only, outside validated gap-length envelope",True
2020-06-14,False,,False,REAL_L091_20200211,2.4790182182441014,0.3942797183990478,False,True,REAL_L091_20200211,256.0,4.6677964014741695,4.6677964014741695,True,gap_edge_residual_model,True,REAL_L091_20200211,256.0,very_long,yes,"scenario-only, outside validated gap-length envelope",True
2020-06-15,False,,False,REAL_L091_20200211,2.973007670201926,0.4731960296630859,False,True,REAL_L091_20200211,256.0,5.074215747095655,5.074215747095655,True,gap_edge_residual_model,True,REAL_L091_20200211,256.0,very_long,yes,"scenario-only, outside validated gap-length envelope",True
2020-06-16,False,,False,REAL_L091_20200211,2.226053869228888,0.3475356698036194,False,True,REAL_L091_20200211,256.0,4.753071000884911,4.753071000884911,True,gap_edge_residual_model,True,REAL_L091_20200211,256.0,very_long,yes,"scenario-only, outside validated gap-length envelope",True
2020-06-17,False,,False,REAL_L091_20200211,2.658378851326214,0.4246168732643127,False,True,REAL_L091_20200211,256.0,4.758374507293925,4.758374507293925,True,gap_edge_residual_model,True,REAL_L091_20200211,256.0,very_long,yes,"scenario-only, outside validated gap-length envelope",True
2020-06-18,False,,False,REAL_L091_20200211,2.6164497022385356,0.417712390422821,False,True,REAL_L091_20200211,256.0,4.813291962753173,4.813291962753173,True,gap_edge_residual_model,True,REAL_L091_20200211,256.0,very_long,yes,"scenario-only, outside validated gap-length envelope",True
2020-06-19,False,,False,REAL_L091_20200211,2.484769531330115,0.3952861130237579,False,True,REAL_L091_20200211,256.0,4.7995155584061155,4.7995155584061155,True,gap_edge_residual_model,True,REAL_L091_20200211,256.0,very_long,yes,"scenario-only, outside validated gap-length envelope",True
2020-06-20,False,,False,REAL_L091_20200211,2.0504181691434633,0.3118424415588379,False,True,REAL_L091_20200211,256.0,4.305723011190359,4.305723011190359,True,gap_edge_residual_model,True,REAL_L091_20200211,256.0,very_long,yes,"scenario-only, outside validated gap-length envelope",True
2020-06-21,False,,False,REAL_L091_20200211,2.1611376767823187,0.334682434797287,False,True,REAL_L091_20200211,256.0,4.219660245782138,4.219660245782138,True,gap_edge_residual_model,True,REAL_L091_20200211,256.0,very_long,yes,"scenario-only, outside validated gap-length envelope",True
2020-06-22,False,,False,REAL_L091_20200211,3.174829220863132,0.5017203688621521,False,True,REAL_L091_20200211,256.0,4.668473574917606,4.668473574917606,True,gap_edge_residual_model,True,REAL_L091_20200211,256.0,very_long,yes,"scenario-only, outside validated gap-length envelope",True
2020-06-23,False,,False,REAL_L091_20200211,3.015303393960974,0.4793310165405273,False,True,REAL_L091_20200211,256.0,4.921193775195613,4.921193775195613,True,gap_edge_residual_model,True,REAL_L091_20200211,256.0,very_long,yes,"scenario-only, outside validated gap-length envelope",True
2020-06-24,False,,False,REAL_L091_20200211,3.180953622751725,0.5025573372840881,False,True,REAL_L091_20200211,256.0,4.86811895077342,4.86811895077342,True,gap_edge_residual_model,True,REAL_L091_20200211,256.0,very_long,yes,"scenario-only, outside validated gap-length envelope",True
2020-06-25,False,,False,REAL_L091_20200211,3.074168315116298,0.4877276420593261,False,True,REAL_L091_20200211,256.0,4.131828396319975,4.131828396319975,True,gap_edge_residual_model,True,REAL_L091_20200211,256.0,very_long,yes,"scenario-only, outside validated gap-length envelope",True
2020-06-26,False,,False,REAL_L091_20200211,3.2021134770876434,0.5054367184638977,False,True,REAL_L091_20200211,256.0,3.9611182481209526,3.9611182481209526,True,gap_edge_residual_model,True,REAL_L091_20200211,256.0,very_long,yes,"scenario-only, outside validated gap-length envelope",True
2020-06-27,False,,False,REAL_L091_20200211,2.611093917440411,0.4168224930763244,False,True,REAL_L091_20200211,256.0,4.386498499542427,4.386498499542427,True,gap_edge_residual_model,True,REAL_L091_20200211,256.0,very_long,yes,"scenario-only, outside validated gap-length envelope",True
2020-06-28,False,,False,REAL_L091_20200211,3.3643995267162423,0.5269075632095337,False,True,REAL_L091_20200211,256.0,5.475616047342788,5.475616047342788,True,gap_edge_residual_model,True,REAL_L091_20200211,256.0,very_long,yes,"scenario-only, outside validated gap-length envelope",True
2020-06-29,False,,False,REAL_L091_20200211,3.129291756978047,0.4954460561275482,False,True,REAL_L091_20200211,256.0,5.939618304426459,5.939618304426459,True,gap_edge_residual_model,True,REAL_L091_20200211,256.0,very_long,yes,"scenario-only, outside validated gap-length envelope",True
2020-06-30,False,,False,REAL_L091_20200211,3.2435900925877093,0.5110259652137756,False,True,REAL_L091_20200211,256.0,6.242022062426489,6.242022062426489,True,gap_edge_residual_model,True,REAL_L091_20200211,256.0,very_long,yes,"scenario-only, outside validated gap-length envelope",True
2020-07-01,False,,False,REAL_L091_20200211,3.0635294424692407,0.4862220585346222,False,True,REAL_L091_20200211,256.0,5.847014583781059,5.847014583781059,True,gap_edge_residual_model,True,REAL_L091_20200211,256.0,very_long,yes,"scenario-only, outside validated gap-length envelope",True
2020-07-02,False,,False,REAL_L091_20200211,3.1732966973151338,0.5015106797218323,False,True,REAL_L091_20200211,256.0,5.147819660374428,5.147819660374428,True,gap_edge_residual_model,True,REAL_L091_20200211,256.0,very_long,yes,"scenario-only, outside validated gap-length envelope",True
2020-07-03,False,,False,REAL_L091_20200211,3.307478100608398,0.5194969773292542,False,True,REAL_L091_20200211,256.0,5.206694086798733,5.206694086798733,True,gap_edge_residual_model,True,REAL_L091_20200211,256.0,very_long,yes,"scenario-only, outside validated gap-length envelope",True
2020-07-04,False,,False,REAL_L091_20200211,2.714097219185447,0.4336254000663757,False,True,REAL_L091_20200211,256.0,4.888976004595713,4.888976004595713,True,gap_edge_residual_model,True,REAL_L091_20200211,256.0,very_long,yes,"scenario-only, outside validated gap-length envelope",True
2020-07-05,False,,False,REAL_L091_20200211,2.584126615392791,0.4123137891292572,False,True,REAL_L091_20200211,256.0,5.0207070938635345,5.0207070938635345,True,gap_edge_residual_model,True,REAL_L091_20200211,256.0,very_long,yes,"scenario-only, outside validated gap-length envelope",True
2020-07-06,False,,False,REAL_L091_20200211,3.478863967653249,0.5414374470710754,False,True,REAL_L091_20200211,256.0,4.623558843199698,4.623558843199698,True,gap_edge_residual_model,True,REAL_L091_20200211,256.0,very_long,yes,"scenario-only, outside validated gap-length envelope",True
2020-07-07,False,,False,REAL_L091_20200211,3.3859189387596857,0.5296765565872192,False,True,REAL_L091_20200211,256.0,4.519047077217478,4.519047077217478,True,gap_edge_residual_model,True,REAL_L091_20200211,256.0,very_long,yes,"scenario-only, outside validated gap-length envelope",True
2020-07-08,False,,False,REAL_L091_20200211,3.5740459436739105,0.5531601309776306,False,True,REAL_L091_20200211,256.0,4.079746840413546,4.079746840413546,True,gap_edge_residual_model,True,REAL_L091_20200211,256.0,very_long,yes,"scenario-only, outside validated gap-length envelope",True
2020-07-09,False,,False,REAL_L091_20200211,3.4598104621267853,0.5390523076057434,False,True,REAL_L091_20200211,256.0,3.9925300881490178,3.9925300881490178,True,gap_edge_residual_model,True,REAL_L091_20200211,256.0,very_long,yes,"scenario-only, outside validated gap-length envelope",True
2020-07-10,False,,False,REAL_L091_20200211,2.1648488649920887,0.3354275822639465,False,True,REAL_L091_20200211,256.0,3.918063050461427,3.918063050461427,True,gap_edge_residual_model,True,REAL_L091_20200211,256.0,very_long,yes,"scenario-only, outside validated gap-length envelope",True
2020-07-11,False,,False,REAL_L091_20200211,2.2669180392671433,0.3554358184337616,False,True,REAL_L091_20200211,256.0,3.664165841422307,3.664165841422307,True,gap_edge_residual_model,True,REAL_L091_20200211,256.0,very_long,yes,"scenario-only, outside validated gap-length envelope",True
2020-07-12,False,,False,REAL_L091_20200211,3.2201371525334253,0.5078743696212769,False,True,REAL_L091_20200211,256.0,3.8271920122127088,3.8271920122127088,True,gap_edge_residual_model,True,REAL_L091_20200211,256.0,very_long,yes,"scenario-only, outside validated gap-length envelope",True
2020-07-13,False,,False,REAL_L091_20200211,2.9059252116700622,0.463284432888031,False,True,REAL_L091_20200211,256.0,4.908805265441924,4.908805265441924,True,gap_edge_residual_model,True,REAL_L091_20200211,256.0,very_long,yes,"scenario-only, outside validated gap-length envelope",True
2020-07-14,False,,False,REAL_L091_20200211,3.35472556404481,0.5256569981575012,False,True,REAL_L091_20200211,256.0,5.2411478004120005,5.2411478004120005,True,gap_edge_residual_model,True,REAL_L091_20200211,256.0,very_long,yes,"scenario-only, outside validated gap-length envelope",True
2020-07-15,False,,False,REAL_L091_20200211,3.469459839128221,0.5402618646621704,False,True,REAL_L091_20200211,256.0,5.791256348380016,5.791256348380016,True,gap_edge_residual_model,True,REAL_L091_20200211,256.0,very_long,yes,"scenario-only, outside validated gap-length envelope",True
2020-07-16,False,,False,REAL_L091_20200211,3.970795757272172,0.5988775491714478,False,True,REAL_L091_20200211,256.0,5.877521142752234,5.877521142752234,True,gap_edge_residual_model,True,REAL_L091_20200211,256.0,very_long,yes,"scenario-only, outside validated gap-length envelope",True
2020-07-17,False,,False,REAL_L091_20200211,3.546722565312254,0.5498272180557251,False,True,REAL_L091_20200211,256.0,5.678894391566523,5.678894391566523,True,gap_edge_residual_model,True,REAL_L091_20200211,256.0,very_long,yes,"scenario-only, outside validated gap-length envelope",True
2020-07-18,False,,False,REAL_L091_20200211,3.090161903293146,0.4899812340736389,False,True,REAL_L091_20200211,256.0,6.065585781627428,6.065585781627428,True,gap_edge_residual_model,True,REAL_L091_20200211,256.0,very_long,yes,"scenario-only, outside validated gap-length envelope",True
2020-07-19,False,,False,REAL_L091_20200211,3.3859984033330304,0.5296867489814758,False,True,REAL_L091_20200211,256.0,5.973297643773875,5.973297643773875,True,gap_edge_residual_model,True,REAL_L091_20200211,256.0,very_long,yes,"scenario-only, outside validated gap-length envelope",True
2020-07-20,False,,False,REAL_L091_20200211,2.758743288687246,0.4407112896442413,False,True,REAL_L091_20200211,256.0,5.913981229451018,5.913981229451018,True,gap_edge_residual_model,True,REAL_L091_20200211,256.0,very_long,yes,"scenario-only, outside validated gap-length envelope",True
2020-07-21,False,,False,REAL_L091_20200211,3.4222136738135527,0.5343071222305298,False,True,REAL_L091_20200211,256.0,4.922690133863963,4.922690133863963,True,gap_edge_residual_model,True,REAL_L091_20200211,256.0,very_long,yes,"scenario-only, outside validated gap-length envelope",True
2020-07-22,False,,False,REAL_L091_20200211,3.1027917248645416,0.4917526245117187,False,True,REAL_L091_20200211,256.0,5.458700083820551,5.458700083820551,True,gap_edge_residual_model,True,REAL_L091_20200211,256.0,very_long,yes,"scenario-only, outside validated gap-length envelope",True
2020-07-23,False,,False,REAL_L091_20200211,3.4205255873989464,0.5340928435325623,False,True,REAL_L091_20200211,256.0,5.4532286401602805,5.4532286401602805,True,gap_edge_residual_model,True,REAL_L091_20200211,256.0,very_long,yes,"scenario-only, outside validated gap-length envelope",True
2020-07-24,False,,False,REAL_L091_20200211,4.059147158624435,0.608434796333313,False,True,REAL_L091_20200211,256.0,4.700373464222377,4.700373464222377,True,gap_edge_residual_model,True,REAL_L091_20200211,256.0,very_long,yes,"scenario-only, outside validated gap-length envelope",True
2020-07-25,False,,False,REAL_L091_20200211,3.7087109512879417,0.5692229866981506,False,True,REAL_L091_20200211,256.0,3.90057005890274,3.90057005890274,True,gap_edge_residual_model,True,REAL_L091_20200211,256.0,very_long,yes,"scenario-only, outside validated gap-length envelope",True
2020-07-26,False,,False,REAL_L091_20200211,3.240971794569756,0.5106752514839172,False,True,REAL_L091_20200211,256.0,3.936885814012448,3.936885814012448,True,gap_edge_residual_model,True,REAL_L091_20200211,256.0,very_long,yes,"scenario-only, outside validated gap-length envelope",True
2020-07-27,False,,False,REAL_L091_20200211,4.082857652425952,0.6109642386436462,False,True,REAL_L091_20200211,256.0,3.887201878553279,3.887201878553279,True,gap_edge_residual_model,True,REAL_L091_20200211,256.0,very_long,yes,"scenario-only, outside validated gap-length envelope",True
2020-07-28,False,,False,REAL_L091_20200211,3.0945328856677077,0.4905951023101806,False,True,REAL_L091_20200211,256.0,3.7849454194854104,3.7849454194854104,True,gap_edge_residual_model,True,REAL_L091_20200211,256.0,very_long,yes,"scenario-only, outside validated gap-length envelope",True
2020-07-29,False,,False,REAL_L091_20200211,2.7467221481617017,0.4388147294521332,False,True,REAL_L091_20200211,256.0,3.650937882468933,3.650937882468933,True,gap_edge_residual_model,True,REAL_L091_20200211,256.0,very_long,yes,"scenario-only, outside validated gap-length envelope",True
2020-07-30,False,,False,REAL_L091_20200211,3.0689408262053757,0.4869885146617889,False,True,REAL_L091_20200211,256.0,3.5846466169127353,3.5846466169127353,True,gap_edge_residual_model,True,REAL_L091_20200211,256.0,very_long,yes,"scenario-only, outside validated gap-length envelope",True
2020-07-31,False,,False,REAL_L091_20200211,3.603933444034894,0.556776762008667,False,True,REAL_L091_20200211,256.0,3.435440308258041,3.435440308258041,True,gap_edge_residual_model,True,REAL_L091_20200211,256.0,very_long,yes,"scenario-only, outside validated gap-length envelope",True
2020-08-01,False,,False,REAL_L091_20200211,3.528779069397433,0.5476244688034058,False,True,REAL_L091_20200211,256.0,3.842378414592228,3.842378414592228,True,gap_edge_residual_model,True,REAL_L091_20200211,256.0,very_long,yes,"scenario-only, outside validated gap-length envelope",True
2020-08-02,False,,False,REAL_L091_20200211,3.5416987753014597,0.5492116212844849,False,True,REAL_L091_20200211,256.0,3.829669623593844,3.829669623593844,True,gap_edge_residual_model,True,REAL_L091_20200211,256.0,very_long,yes,"scenario-only, outside validated gap-length envelope",True
2020-08-03,False,,False,REAL_L091_20200211,3.0554155754640187,0.4850702881813049,False,True,REAL_L091_20200211,256.0,3.8357839046916697,3.8357839046916697,True,gap_edge_residual_model,True,REAL_L091_20200211,256.0,very_long,yes,"scenario-only, outside validated gap-length envelope",True
2020-08-04,False,,False,REAL_L091_20200211,3.5355891694170154,0.5484617948532104,False,True,REAL_L091_20200211,256.0,3.995421610119237,3.995421610119237,True,gap_edge_residual_model,True,REAL_L091_20200211,256.0,very_long,yes,"scenario-only, outside validated gap-length envelope",True
2020-08-05,False,,False,REAL_L091_20200211,3.077332183870987,0.4881743788719177,False,True,REAL_L091_20200211,256.0,3.847087247277484,3.847087247277484,True,gap_edge_residual_model,True,REAL_L091_20200211,256.0,very_long,yes,"scenario-only, outside validated gap-length envelope",True
2020-08-06,False,,False,REAL_L091_20200211,3.707266178457549,0.5690537691116333,False,True,REAL_L091_20200211,256.0,3.6357544483053257,3.6357544483053257,True,gap_edge_residual_model,True,REAL_L091_20200211,256.0,very_long,yes,"scenario-only, outside validated gap-length envelope",True
2020-08-07,False,,False,REAL_L091_20200211,3.350900747299032,0.5251615643501282,False,True,REAL_L091_20200211,256.0,3.3998542278528014,3.3998542278528014,True,gap_edge_residual_model,True,REAL_L091_20200211,256.0,very_long,yes,"scenario-only, outside validated gap-length envelope",True
2020-08-08,False,,False,REAL_L091_20200211,3.5563727247943704,0.5510072708129883,False,True,REAL_L091_20200211,256.0,3.7462840195593414,3.7462840195593414,True,gap_edge_residual_model,True,REAL_L091_20200211,256.0,very_long,yes,"scenario-only, outside validated gap-length envelope",True
2020-08-09,False,,False,REAL_L091_20200211,3.1810518523467795,0.5025707483291626,False,True,REAL_L091_20200211,256.0,4.637761625002074,4.637761625002074,True,gap_edge_residual_model,True,REAL_L091_20200211,256.0,very_long,yes,"scenario-only, outside validated gap-length envelope",True
2020-08-10,False,,False,REAL_L091_20200211,3.506296841566056,0.5448486804962158,False,True,REAL_L091_20200211,256.0,4.213353282168447,4.213353282168447,True,gap_edge_residual_model,True,REAL_L091_20200211,256.0,very_long,yes,"scenario-only, outside validated gap-length envelope",True
2020-08-11,False,,False,REAL_L091_20200211,4.3938305693653765,0.6428433060646057,False,True,REAL_L091_20200211,256.0,3.4613279850208443,3.4613279850208443,True,gap_edge_residual_model,True,REAL_L091_20200211,256.0,very_long,yes,"scenario-only, outside validated gap-length envelope",True
2020-08-12,False,,False,REAL_L091_20200211,4.883418248765075,0.6887239217758179,False,True,REAL_L091_20200211,256.0,3.514999992871235,3.514999992871235,True,gap_edge_residual_model,True,REAL_L091_20200211,256.0,very_long,yes,"scenario-only, outside validated gap-length envelope",True
2020-08-13,False,,False,REAL_L091_20200211,4.0774068390898455,0.6103840470314026,False,True,REAL_L091_20200211,256.0,4.1633973893938006,4.1633973893938006,True,gap_edge_residual_model,True,REAL_L091_20200211,256.0,very_long,yes,"scenario-only, outside validated gap-length envelope",True
2020-08-14,False,,False,REAL_L091_20200211,3.060431217616014,0.4857826232910156,False,True,REAL_L091_20200211,256.0,3.969880060711125,3.969880060711125,True,gap_edge_residual_model,True,REAL_L091_20200211,256.0,very_long,yes,"scenario-only, outside validated gap-length envelope",True
2020-08-15,False,,False,REAL_L091_20200211,3.8921388441949585,0.5901883244514465,False,True,REAL_L091_20200211,256.0,3.693542659444712,3.693542659444712,True,gap_edge_residual_model,True,REAL_L091_20200211,256.0,very_long,yes,"scenario-only, outside validated gap-length envelope",True
2020-08-16,False,,False,REAL_L091_20200211,4.000730472650988,0.6021392941474915,False,True,REAL_L091_20200211,256.0,3.8190558706733295,3.8190558706733295,True,gap_edge_residual_model,True,REAL_L091_20200211,256.0,very_long,yes,"scenario-only, outside validated gap-length envelope",True
2020-08-17,False,,False,REAL_L091_20200211,3.6742447535010614,0.5651680827140808,False,True,REAL_L091_20200211,256.0,4.0976950393224945,4.0976950393224945,True,gap_edge_residual_model,True,REAL_L091_20200211,256.0,very_long,yes,"scenario-only, outside validated gap-length envelope",True
2020-08-18,False,,False,REAL_L091_20200211,3.8609224766371897,0.5866910815238953,False,True,REAL_L091_20200211,256.0,4.28517844564604,4.28517844564604,True,gap_edge_residual_model,True,REAL_L091_20200211,256.0,very_long,yes,"scenario-only, outside validated gap-length envelope",True
2020-08-19,False,,False,REAL_L091_20200211,4.720878179511466,0.6740227937698364,False,True,REAL_L091_20200211,256.0,4.0266967926529995,4.0266967926529995,True,gap_edge_residual_model,True,REAL_L091_20200211,256.0,very_long,yes,"scenario-only, outside validated gap-length envelope",True
2020-08-20,False,,False,REAL_L091_20200211,3.926705707624683,0.5940283536911011,False,True,REAL_L091_20200211,256.0,4.28787494400651,4.28787494400651,True,gap_edge_residual_model,True,REAL_L091_20200211,256.0,very_long,yes,"scenario-only, outside validated gap-length envelope",True
2020-08-21,False,,False,REAL_L091_20200211,3.849613701967808,0.5854171514511108,False,True,REAL_L091_20200211,256.0,4.753067491140219,4.753067491140219,True,gap_edge_residual_model,True,REAL_L091_20200211,256.0,very_long,yes,"scenario-only, outside validated gap-length envelope",True
2020-08-22,False,,False,REAL_L091_20200211,3.91802523451752,0.5930672287940979,False,True,REAL_L091_20200211,256.0,5.2893507452333965,5.2893507452333965,True,gap_edge_residual_model,True,REAL_L091_20200211,256.0,very_long,yes,"scenario-only, outside validated gap-length envelope",True
2020-08-23,False,,False,REAL_L091_20200211,4.15035290832104,0.6180850267410278,False,True,REAL_L091_20200211,256.0,4.8951413926875835,4.8951413926875835,True,gap_edge_residual_model,True,REAL_L091_20200211,256.0,very_long,yes,"scenario-only, outside validated gap-length envelope",True
2020-08-24,False,,False,REAL_L091_20200211,3.679883798967279,0.565834105014801,False,True,REAL_L091_20200211,256.0,4.83613319511974,4.83613319511974,True,gap_edge_residual_model,True,REAL_L091_20200211,256.0,very_long,yes,"scenario-only, outside validated gap-length envelope",True
2020-08-25,False,,False,REAL_L091_20200211,3.8671654000612294,0.5873927474021912,False,True,REAL_L091_20200211,256.0,4.727784085057696,4.727784085057696,True,gap_edge_residual_model,True,REAL_L091_20200211,256.0,very_long,yes,"scenario-only, outside validated gap-length envelope",True
2020-08-26,False,,False,REAL_L091_20200211,3.8612287660170694,0.5867255330085754,False,True,REAL_L091_20200211,256.0,4.811581258394901,4.811581258394901,True,gap_edge_residual_model,True,REAL_L091_20200211,256.0,very_long,yes,"scenario-only, outside validated gap-length envelope",True
2020-08-27,False,,False,REAL_L091_20200211,4.126845111866091,0.6156181693077087,False,True,REAL_L091_20200211,256.0,4.93526776244474,4.93526776244474,True,gap_edge_residual_model,True,REAL_L091_20200211,256.0,very_long,yes,"scenario-only, outside validated gap-length envelope",True
2020-08-28,False,,False,REAL_L091_20200211,3.7412148542344545,0.57301265001297,False,True,REAL_L091_20200211,256.0,4.850698911551016,4.850698911551016,True,gap_edge_residual_model,True,REAL_L091_20200211,256.0,very_long,yes,"scenario-only, outside validated gap-length envelope",True
2020-08-29,False,,False,REAL_L091_20200211,4.26798414485529,0.6302227973937988,False,True,REAL_L091_20200211,256.0,4.430997370619891,4.430997370619891,True,gap_edge_residual_model,True,REAL_L091_20200211,256.0,very_long,yes,"scenario-only, outside validated gap-length envelope",True
2020-08-30,False,,False,REAL_L091_20200211,3.53787636500981,0.5487426519393921,False,True,REAL_L091_20200211,256.0,4.403058263874471,4.403058263874471,True,gap_edge_residual_model,True,REAL_L091_20200211,256.0,very_long,yes,"scenario-only, outside validated gap-length envelope",True
2020-08-31,False,,False,REAL_L091_20200211,3.5233449805344814,0.5469551682472229,False,True,REAL_L091_20200211,256.0,4.638836888774208,4.638836888774208,True,gap_edge_residual_model,True,REAL_L091_20200211,256.0,very_long,yes,"scenario-only, outside validated gap-length envelope",True
2020-09-01,False,,False,REAL_L091_20200211,4.223779603324972,0.6257012486457825,False,True,REAL_L091_20200211,256.0,4.655098533286423,4.655098533286423,True,gap_edge_residual_model,True,REAL_L091_20200211,256.0,very_long,yes,"scenario-only, outside validated gap-length envelope",True
2020-09-02,False,,False,REAL_L091_20200211,3.8823165503997425,0.5890909433364868,False,True,REAL_L091_20200211,256.0,4.536993538583953,4.536993538583953,True,gap_edge_residual_model,True,REAL_L091_20200211,256.0,very_long,yes,"scenario-only, outside validated gap-length envelope",True
2020-09-03,False,,False,REAL_L091_20200211,4.2133632361159865,0.6246289014816284,False,True,REAL_L091_20200211,256.0,4.096719638750397,4.096719638750397,True,gap_edge_residual_model,True,REAL_L091_20200211,256.0,very_long,yes,"scenario-only, outside validated gap-length envelope",True
2020-09-04,False,,False,REAL_L091_20200211,4.583505132068935,0.6611977219581604,False,True,REAL_L091_20200211,256.0,4.1187823375799635,4.1187823375799635,True,gap_edge_residual_model,True,REAL_L091_20200211,256.0,very_long,yes,"scenario-only, outside validated gap-length envelope",True
2020-09-05,False,,False,REAL_L091_20200211,3.8251860987120914,0.5826525688171387,False,True,REAL_L091_20200211,256.0,4.6912484667012695,4.6912484667012695,True,gap_edge_residual_model,True,REAL_L091_20200211,256.0,very_long,yes,"scenario-only, outside validated gap-length envelope",True
2020-09-06,False,,False,REAL_L091_20200211,4.115077089642161,0.6143779754638672,False,True,REAL_L091_20200211,256.0,5.051730053782762,5.051730053782762,True,gap_edge_residual_model,True,REAL_L091_20200211,256.0,very_long,yes,"scenario-only, outside validated gap-length envelope",True
2020-09-07,False,,False,REAL_L091_20200211,4.39119611726789,0.6425828337669373,False,True,REAL_L091_20200211,256.0,4.242287973281384,4.242287973281384,True,gap_edge_residual_model,True,REAL_L091_20200211,256.0,very_long,yes,"scenario-only, outside validated gap-length envelope",True
2020-09-08,False,,False,REAL_L091_20200211,3.954040652254383,0.597041130065918,False,True,REAL_L091_20200211,256.0,3.8209382642764624,3.8209382642764624,True,gap_edge_residual_model,True,REAL_L091_20200211,256.0,very_long,yes,"scenario-only, outside validated gap-length envelope",True
2020-09-09,False,,False,REAL_L091_20200211,4.809345647293594,0.6820859909057617,False,True,REAL_L091_20200211,256.0,3.8381165930947785,3.8381165930947785,True,gap_edge_residual_model,True,REAL_L091_20200211,256.0,very_long,yes,"scenario-only, outside validated gap-length envelope",True
2020-09-10,False,,False,REAL_L091_20200211,4.3493593443373095,0.6384252905845642,False,True,REAL_L091_20200211,256.0,3.5314430850345837,3.5314430850345837,True,gap_edge_residual_model,True,REAL_L091_20200211,256.0,very_long,yes,"scenario-only, outside validated gap-length envelope",True
2020-09-11,False,,False,REAL_L091_20200211,3.7054029019034385,0.568835437297821,False,True,REAL_L091_20200211,256.0,2.7320196407112385,2.7320196407112385,True,gap_edge_residual_model,True,REAL_L091_20200211,256.0,very_long,yes,"scenario-only, outside validated gap-length envelope",True
2020-09-12,False,,False,REAL_L091_20200211,4.206524482487749,0.6239234209060669,False,True,REAL_L091_20200211,256.0,2.62461367755068,2.62461367755068,True,gap_edge_residual_model,True,REAL_L091_20200211,256.0,very_long,yes,"scenario-only, outside validated gap-length envelope",True
2020-09-13,False,,False,REAL_L091_20200211,4.0078858765809695,0.602915346622467,False,True,REAL_L091_20200211,256.0,2.756111377244596,2.756111377244596,True,gap_edge_residual_model,True,REAL_L091_20200211,256.0,very_long,yes,"scenario-only, outside validated gap-length envelope",True
2020-09-14,False,,False,REAL_L091_20200211,4.214095957842295,0.6247044205665588,False,True,REAL_L091_20200211,256.0,3.415124582236466,3.415124582236466,True,gap_edge_residual_model,True,REAL_L091_20200211,256.0,very_long,yes,"scenario-only, outside validated gap-length envelope",True
2020-09-15,False,,False,REAL_L091_20200211,4.227883493820562,0.6261230111122131,False,True,REAL_L091_20200211,256.0,3.830931717011636,3.830931717011636,True,gap_edge_residual_model,True,REAL_L091_20200211,256.0,very_long,yes,"scenario-only, outside validated gap-length envelope",True
2020-09-16,False,,False,REAL_L091_20200211,4.352744041796858,0.6387631297111511,False,True,REAL_L091_20200211,256.0,3.8102891677395263,3.8102891677395263,True,gap_edge_residual_model,True,REAL_L091_20200211,256.0,very_long,yes,"scenario-only, outside validated gap-length envelope",True
2020-09-17,False,,False,REAL_L091_20200211,3.5524145381111496,0.5505236387252808,False,True,REAL_L091_20200211,256.0,3.897068877879153,3.897068877879153,True,gap_edge_residual_model,True,REAL_L091_20200211,256.0,very_long,yes,"scenario-only, outside validated gap-length envelope",True
2020-09-18,False,,False,REAL_L091_20200211,4.0058753566919245,0.6026974320411682,False,True,REAL_L091_20200211,256.0,3.894154075502847,3.894154075502847,True,gap_edge_residual_model,True,REAL_L091_20200211,256.0,very_long,yes,"scenario-only, outside validated gap-length envelope",True
2020-09-19,False,,False,REAL_L091_20200211,4.2713143088717915,0.6305615305900574,False,True,REAL_L091_20200211,256.0,4.196544570590064,4.196544570590064,True,gap_edge_residual_model,True,REAL_L091_20200211,256.0,very_long,yes,"scenario-only, outside validated gap-length envelope",True
2020-09-20,False,,False,REAL_L091_20200211,4.157026742017208,0.6187828183174133,False,True,REAL_L091_20200211,256.0,4.520002440960808,4.520002440960808,True,gap_edge_residual_model,True,REAL_L091_20200211,256.0,very_long,yes,"scenario-only, outside validated gap-length envelope",True
2020-09-21,False,,False,REAL_L091_20200211,3.55396284764116,0.5507128834724426,False,True,REAL_L091_20200211,256.0,4.813376995811742,4.813376995811742,True,gap_edge_residual_model,True,REAL_L091_20200211,256.0,very_long,yes,"scenario-only, outside validated gap-length envelope",True
2020-09-22,False,,False,REAL_L091_20200211,4.130743700896069,0.6160282492637634,False,True,REAL_L091_20200211,256.0,5.244081234998675,5.244081234998675,True,gap_edge_residual_model,True,REAL_L091_20200211,256.0,very_long,yes,"scenario-only, outside validated gap-length envelope",True
2020-09-23,False,,False,REAL_L091_20200211,3.936221609089981,0.5950795412063599,False,True,REAL_L091_20200211,256.0,5.079926815180157,5.079926815180157,True,gap_edge_residual_model,True,REAL_L091_20200211,256.0,very_long,yes,"scenario-only, outside validated gap-length envelope",True
2020-09-24,False,,False,REAL_L091_20200211,3.969081104048487,0.5986899733543396,False,True,REAL_L091_20200211,256.0,5.424664561147268,5.424664561147268,True,gap_edge_residual_model,True,REAL_L091_20200211,256.0,very_long,yes,"scenario-only, outside validated gap-length envelope",True
2020-09-25,False,,False,REAL_L091_20200211,3.9347357283932913,0.5949155688285828,False,True,REAL_L091_20200211,256.0,5.437929158992017,5.437929158992017,True,gap_edge_residual_model,True,REAL_L091_20200211,256.0,very_long,yes,"scenario-only, outside validated gap-length envelope",True
2020-09-26,False,,False,REAL_L091_20200211,4.144864320414688,0.6175103187561035,False,True,REAL_L091_20200211,256.0,5.464903009787904,5.464903009787904,True,gap_edge_residual_model,True,REAL_L091_20200211,256.0,very_long,yes,"scenario-only, outside validated gap-length envelope",True
2020-09-27,False,,False,REAL_L091_20200211,4.53813798251107,0.6568776965141296,False,True,REAL_L091_20200211,256.0,5.050070546672427,5.050070546672427,True,gap_edge_residual_model,True,REAL_L091_20200211,256.0,very_long,yes,"scenario-only, outside validated gap-length envelope",True
2020-09-28,False,,False,REAL_L091_20200211,4.107783308092726,0.6136075258255005,False,True,REAL_L091_20200211,256.0,4.978696261207015,4.978696261207015,True,gap_edge_residual_model,True,REAL_L091_20200211,256.0,very_long,yes,"scenario-only, outside validated gap-length envelope",True
2020-09-29,False,,False,REAL_L091_20200211,4.724034584296876,0.6743130683898926,False,True,REAL_L091_20200211,256.0,5.745416111551706,5.745416111551706,True,gap_edge_residual_model,True,REAL_L091_20200211,256.0,very_long,yes,"scenario-only, outside validated gap-length envelope",True
2020-09-30,False,,False,REAL_L091_20200211,4.818480266512396,0.6829100847244263,False,True,REAL_L091_20200211,256.0,5.38744201127244,5.38744201127244,True,gap_edge_residual_model,True,REAL_L091_20200211,256.0,very_long,yes,"scenario-only, outside validated gap-length envelope",True
2020-10-01,False,,False,REAL_L091_20200211,4.08648697592763,0.6113501191139221,False,True,REAL_L091_20200211,256.0,3.774215912722685,3.774215912722685,True,gap_edge_residual_model,True,REAL_L091_20200211,256.0,very_long,yes,"scenario-only, outside validated gap-length envelope",True
2020-10-02,False,,False,REAL_L091_20200211,4.907210648678635,0.6908347010612488,False,True,REAL_L091_20200211,256.0,3.811492635893752,3.811492635893752,True,gap_edge_residual_model,True,REAL_L091_20200211,256.0,very_long,yes,"scenario-only, outside validated gap-length envelope",True
2020-10-03,False,,False,REAL_L091_20200211,4.228549678905971,0.6261914372444153,False,True,REAL_L091_20200211,256.0,3.818502206879473,3.818502206879473,True,gap_edge_residual_model,True,REAL_L091_20200211,256.0,very_long,yes,"scenario-only, outside validated gap-length envelope",True
2020-10-04,False,,False,REAL_L091_20200211,4.546369361050866,0.6576647162437439,False,True,REAL_L091_20200211,256.0,3.5480171897721045,3.5480171897721045,True,gap_edge_residual_model,True,REAL_L091_20200211,256.0,very_long,yes,"scenario-only, outside validated gap-length envelope",True
2020-10-05,False,,False,REAL_L091_20200211,4.959841860842991,0.6954678297042847,False,True,REAL_L091_20200211,256.0,3.080752875295206,3.080752875295206,True,gap_edge_residual_model,True,REAL_L091_20200211,256.0,very_long,yes,"scenario-only, outside validated gap-length envelope",True
2020-10-06,False,,False,REAL_L091_20200211,4.700456114225929,0.6721400022506714,False,True,REAL_L091_20200211,256.0,2.845376786774563,2.845376786774563,True,gap_edge_residual_model,True,REAL_L091_20200211,256.0,very_long,yes,"scenario-only, outside validated gap-length envelope",True
2020-10-07,False,,False,REAL_L091_20200211,4.212571669729802,0.6245473027229309,False,True,REAL_L091_20200211,256.0,2.923057705892221,2.923057705892221,True,gap_edge_residual_model,True,REAL_L091_20200211,256.0,very_long,yes,"scenario-only, outside validated gap-length envelope",True
2020-10-08,False,,False,REAL_L091_20200211,4.763404042154713,0.6779174208641052,False,True,REAL_L091_20200211,256.0,2.7662796124205133,2.7662796124205133,True,gap_edge_residual_model,True,REAL_L091_20200211,256.0,very_long,yes,"scenario-only, outside validated gap-length envelope",True
2020-10-09,False,,False,REAL_L091_20200211,4.155240795821552,0.6185961961746216,False,True,REAL_L091_20200211,256.0,2.494636412659633,2.494636412659633,True,gap_edge_residual_model,True,REAL_L091_20200211,256.0,very_long,yes,"scenario-only, outside validated gap-length envelope",True
2020-10-10,False,,False,REAL_L091_20200211,4.048788928003405,0.6073251366615295,False,True,REAL_L091_20200211,256.0,2.5337928437554185,2.5337928437554185,True,gap_edge_residual_model,True,REAL_L091_20200211,256.0,very_long,yes,"scenario-only, outside validated gap-length envelope",True
2020-10-11,False,,False,REAL_L091_20200211,4.71227393295104,0.6732305288314819,False,True,REAL_L091_20200211,256.0,4.292964881212255,4.292964881212255,True,gap_edge_residual_model,True,REAL_L091_20200211,256.0,very_long,yes,"scenario-only, outside validated gap-length envelope",True
2020-10-12,False,,False,REAL_L091_20200211,4.683646214289807,0.6705840826034546,False,True,REAL_L091_20200211,256.0,4.919195341947812,4.919195341947812,True,gap_edge_residual_model,True,REAL_L091_20200211,256.0,very_long,yes,"scenario-only, outside validated gap-length envelope",True
2020-10-13,False,,False,REAL_L091_20200211,4.362082908981077,0.6396939158439636,False,True,REAL_L091_20200211,256.0,4.787105727478981,4.787105727478981,True,gap_edge_residual_model,True,REAL_L091_20200211,256.0,very_long,yes,"scenario-only, outside validated gap-length envelope",True
2020-10-14,False,,False,REAL_L091_20200211,4.520152588711554,0.6551530957221985,False,True,REAL_L091_20200211,256.0,4.887046829044915,4.887046829044915,True,gap_edge_residual_model,True,REAL_L091_20200211,256.0,very_long,yes,"scenario-only, outside validated gap-length envelope",True
2020-10-15,False,,False,REAL_L091_20200211,4.667526091341848,0.669086754322052,False,True,REAL_L091_20200211,256.0,5.108789999653984,5.108789999653984,True,gap_edge_residual_model,True,REAL_L091_20200211,256.0,very_long,yes,"scenario-only, outside validated gap-length envelope",True
2020-10-16,False,,False,REAL_L091_20200211,4.083021278151445,0.6109816431999207,False,True,REAL_L091_20200211,256.0,5.237858878453222,5.237858878453222,True,gap_edge_residual_model,True,REAL_L091_20200211,256.0,very_long,yes,"scenario-only, outside validated gap-length envelope",True
2020-10-17,False,,False,REAL_L091_20200211,4.532681487849651,0.6563552021980286,False,True,REAL_L091_20200211,256.0,4.990226936609348,4.990226936609348,True,gap_edge_residual_model,True,REAL_L091_20200211,256.0,very_long,yes,"scenario-only, outside validated gap-length envelope",True
2020-10-18,False,,False,REAL_L091_20200211,4.489777701986149,0.6522248387336731,False,True,REAL_L091_20200211,256.0,4.663673513771845,4.663673513771845,True,gap_edge_residual_model,True,REAL_L091_20200211,256.0,very_long,yes,"scenario-only, outside validated gap-length envelope",True
2020-10-19,False,,False,REAL_L091_20200211,4.916705915617169,0.6916742324829102,False,True,REAL_L091_20200211,256.0,3.628161178674782,3.628161178674782,True,gap_edge_residual_model,True,REAL_L091_20200211,256.0,very_long,yes,"scenario-only, outside validated gap-length envelope",True
2020-10-20,False,,False,REAL_L091_20200211,5.080108090303936,0.7058729529380798,False,True,REAL_L091_20200211,256.0,3.559127250970205,3.559127250970205,True,gap_edge_residual_model,True,REAL_L091_20200211,256.0,very_long,yes,"scenario-only, outside validated gap-length envelope",True
2020-10-21,False,,False,REAL_L091_20200211,5.2970834248527945,0.7240368127822876,False,True,REAL_L091_20200211,256.0,3.625415359344787,3.625415359344787,True,gap_edge_residual_model,True,REAL_L091_20200211,256.0,very_long,yes,"scenario-only, outside validated gap-length envelope",True
2020-10-22,False,,False,REAL_L091_20200211,6.004700050776891,0.7784913182258606,False,True,REAL_L091_20200211,256.0,3.6496350519540393,3.6496350519540393,True,gap_edge_residual_model,True,REAL_L091_20200211,256.0,very_long,yes,"scenario-only, outside validated gap-length envelope",True
2020-10-23,False,,False,REAL_L091_20200211,6.716009531192595,0.8271113038063049,False,True,REAL_L091_20200211,256.0,3.675830659426049,3.675830659426049,True,gap_edge_residual_model,True,REAL_L091_20200211,256.0,very_long,yes,"scenario-only, outside validated gap-length envelope",True
2020-10-24,True,6.215083333333333,True,,,,,,,,,6.215083333333333,False,,False,,,,,observed_day,False
2020-10-25,True,3.7808333333333337,True,,,,,,,,,3.7808333333333337,False,,False,,,,,observed_day,False
2020-10-26,True,3.0005,True,,,,,,,,,3.0005,False,,False,,,,,observed_day,False
2020-10-27,True,3.5112500000000004,True,,,,,,,,,3.5112500000000004,False,,False,,,,,observed_day,False
2020-10-28,True,3.2396666666666665,True,,,,,,,,,3.2396666666666665,False,,False,,,,,observed_day,False
2020-10-29,True,4.077,True,,,,,,,,,4.077,False,,False,,,,,observed_day,False
2020-10-30,True,4.759166666666666,True,,,,,,,,,4.759166666666666,False,,False,,,,,observed_day,False
2020-10-31,True,8.939958333333335,True,,,,,,,,,8.939958333333335,False,,False,,,,,observed_day,False
2020-11-01,True,11.000041666666666,True,,,,,,,,,11.000041666666666,False,,False,,,,,observed_day,False
2020-11-02,True,13.819791666666667,True,,,,,,,,,13.819791666666667,False,,False,,,,,observed_day,False
2020-11-03,True,10.958041666666666,True,,,,,,,,,10.958041666666666,False,,False,,,,,observed_day,False
2020-11-04,True,6.3051666666666675,True,,,,,,,,,6.3051666666666675,False,,False,,,,,observed_day,False
2020-11-05,True,4.244083333333333,True,,,,,,,,,4.244083333333333,False,,False,,,,,observed_day,False
2020-11-06,True,4.206458333333333,True,,,,,,,,,4.206458333333333,False,,False,,,,,observed_day,False
2020-11-07,True,2.0685,True,,,,,,,,,2.0685,False,,False,,,,,observed_day,False
2020-11-08,True,2.516,True,,,,,,,,,2.516,False,,False,,,,,observed_day,False
2020-11-09,True,3.705083333333333,True,,,,,,,,,3.705083333333333,False,,False,,,,,observed_day,False
2020-11-10,True,4.079125,True,,,,,,,,,4.079125,False,,False,,,,,observed_day,False
2020-11-11,True,4.376875,True,,,,,,,,,4.376875,False,,False,,,,,observed_day,False
2020-11-12,True,4.96875,True,,,,,,,,,4.96875,False,,False,,,,,observed_day,False
2020-11-13,True,5.426875,True,,,,,,,,,5.426875,False,,False,,,,,observed_day,False
2020-11-14,True,4.9347916666666665,True,,,,,,,,,4.9347916666666665,False,,False,,,,,observed_day,False
2020-11-15,True,4.154541666666667,True,,,,,,,,,4.154541666666667,False,,False,,,,,observed_day,False
2020-11-16,True,3.251041666666667,True,,,,,,,,,3.251041666666667,False,,False,,,,,observed_day,False
2020-11-17,True,4.612958333333333,True,,,,,,,,,4.612958333333333,False,,False,,,,,observed_day,False
2020-11-18,True,5.424291666666666,True,,,,,,,,,5.424291666666666,False,,False,,,,,observed_day,False
2020-11-19,True,5.499375000000001,True,,,,,,,,,5.499375000000001,False,,False,,,,,observed_day,False
2020-11-20,True,6.125708333333333,True,,,,,,,,,6.125708333333333,False,,False,,,,,observed_day,False
2020-11-21,True,1.5895833333333331,True,,,,,,,,,1.5895833333333331,False,,False,,,,,observed_day,False
2020-11-22,True,1.4455,True,,,,,,,,,1.4455,False,,False,,,,,observed_day,False
2020-11-23,True,1.847625,True,,,,,,,,,1.847625,False,,False,,,,,observed_day,False
2020-11-24,True,1.6405416666666666,True,,,,,,,,,1.6405416666666666,False,,False,,,,,observed_day,False
2020-11-25,True,1.526625,True,,,,,,,,,1.526625,False,,False,,,,,observed_day,False
2020-11-26,True,1.4472499999999997,True,,,,,,,,,1.4472499999999997,False,,False,,,,,observed_day,False
2020-11-27,True,1.8810833333333337,True,,,,,,,,,1.8810833333333337,False,,False,,,,,observed_day,False
2020-11-28,True,1.949,True,,,,,,,,,1.949,False,,False,,,,,observed_day,False
2020-11-29,True,2.814916666666667,True,,,,,,,,,2.814916666666667,False,,False,,,,,observed_day,False
2020-11-30,True,4.901291666666666,True,,,,,,,,,4.901291666666666,False,,False,,,,,observed_day,False
2020-12-01,True,9.531583333333332,True,,,,,,,,,9.531583333333332,False,,False,,,,,observed_day,False
2020-12-02,True,7.835125000000001,True,,,,,,,,,7.835125000000001,False,,False,,,,,observed_day,False
2020-12-03,True,4.748916666666666,True,,,,,,,,,4.748916666666666,False,,False,,,,,observed_day,False
2020-12-04,True,10.464625,True,,,,,,,,,10.464625,False,,False,,,,,observed_day,False
2020-12-05,True,10.137999999999998,True,,,,,,,,,10.137999999999998,False,,False,,,,,observed_day,False
2020-12-06,True,8.225666666666667,True,,,,,,,,,8.225666666666667,False,,False,,,,,observed_day,False
2020-12-07,True,4.319583333333333,True,,,,,,,,,4.319583333333333,False,,False,,,,,observed_day,False
2020-12-08,True,3.8523333333333327,True,,,,,,,,,3.8523333333333327,False,,False,,,,,observed_day,False
2020-12-09,True,4.426699999999999,True,,,,,,,,,4.426699999999999,False,,False,,,,,observed_day,False
2020-12-10,True,1.52925,True,,,,,,,,,1.52925,False,,False,,,,,observed_day,False
2020-12-11,True,0.6762083333333333,True,,,,,,,,,0.6762083333333333,False,,False,,,,,observed_day,False
2020-12-12,True,1.5220000000000002,True,,,,,,,,,1.5220000000000002,False,,False,,,,,observed_day,False
2020-12-13,True,1.894875,True,,,,,,,,,1.894875,False,,False,,,,,observed_day,False
2020-12-14,True,2.3573333333333335,True,,,,,,,,,2.3573333333333335,False,,False,,,,,observed_day,False
2020-12-15,True,2.1144583333333333,True,,,,,,,,,2.1144583333333333,False,,False,,,,,observed_day,False
2020-12-16,True,2.4112916666666666,True,,,,,,,,,2.4112916666666666,False,,False,,,,,observed_day,False
2020-12-17,True,2.658791666666667,True,,,,,,,,,2.658791666666667,False,,False,,,,,observed_day,False
2020-12-18,True,2.219875,True,,,,,,,,,2.219875,False,,False,,,,,observed_day,False
2020-12-19,True,1.03425,True,,,,,,,,,1.03425,False,,False,,,,,observed_day,False
2020-12-20,True,0.5462083333333333,True,,,,,,,,,0.5462083333333333,False,,False,,,,,observed_day,False
2020-12-21,True,2.75375,True,,,,,,,,,2.75375,False,,False,,,,,observed_day,False
2020-12-22,True,3.5993333333333335,True,,,,,,,,,3.5993333333333335,False,,False,,,,,observed_day,False
2020-12-23,True,4.09175,True,,,,,,,,,4.09175,False,,False,,,,,observed_day,False
2020-12-24,True,5.361625,True,,,,,,,,,5.361625,False,,False,,,,,observed_day,False
2020-12-25,True,7.515916666666667,True,,,,,,,,,7.515916666666667,False,,False,,,,,observed_day,False
2020-12-26,True,9.52425,True,,,,,,,,,9.52425,False,,False,,,,,observed_day,False
2020-12-27,True,9.020166666666666,True,,,,,,,,,9.020166666666666,False,,False,,,,,observed_day,False
2020-12-28,True,5.873708333333333,True,,,,,,,,,5.873708333333333,False,,False,,,,,observed_day,False
2020-12-29,True,3.7100833333333334,True,,,,,,,,,3.7100833333333334,False,,False,,,,,observed_day,False
2020-12-30,True,5.872791666666667,True,,,,,,,,,5.872791666666667,False,,False,,,,,observed_day,False
2020-12-31,True,8.945416666666667,True,,,,,,,,,8.945416666666667,False,,False,,,,,observed_day,False
2021-01-01,True,13.37341666666667,True,,,,,,,,,13.37341666666667,False,,False,,,,,observed_day,False
2021-01-02,True,10.338333333333331,True,,,,,,,,,10.338333333333331,False,,False,,,,,observed_day,False
2021-01-03,True,20.075208333333332,True,,,,,,,,,20.075208333333332,False,,False,,,,,observed_day,False
2021-01-04,True,17.138166666666667,True,,,,,,,,,17.138166666666667,False,,False,,,,,observed_day,False
2021-01-05,True,9.668375,True,,,,,,,,,9.668375,False,,False,,,,,observed_day,False
2021-01-06,True,7.629791666666667,True,,,,,,,,,7.629791666666667,False,,False,,,,,observed_day,False
2021-01-07,True,8.874666666666668,True,,,,,,,,,8.874666666666668,False,,False,,,,,observed_day,False
2021-01-08,True,11.991875,True,,,,,,,,,11.991875,False,,False,,,,,observed_day,False
2021-01-09,True,9.152375,True,,,,,,,,,9.152375,False,,False,,,,,observed_day,False
2021-01-10,True,6.711958333333334,True,,,,,,,,,6.711958333333334,False,,False,,,,,observed_day,False
2021-01-11,True,5.103375,True,,,,,,,,,5.103375,False,,False,,,,,observed_day,False
2021-01-12,True,3.8703333333333334,True,,,,,,,,,3.8703333333333334,False,,False,,,,,observed_day,False
2021-01-13,True,8.042208333333333,True,,,,,,,,,8.042208333333333,False,,False,,,,,observed_day,False
2021-01-14,True,2.71875,True,,,,,,,,,2.71875,False,,False,,,,,observed_day,False
2021-01-15,True,5.106208333333334,True,,,,,,,,,5.106208333333334,False,,False,,,,,observed_day,False
2021-01-16,True,15.872041666666666,True,,,,,,,,,15.872041666666666,False,,False,,,,,observed_day,False
2021-01-17,True,21.315458333333336,True,,,,,,,,,21.315458333333336,False,,False,,,,,observed_day,False
2021-01-18,True,27.115041666666663,True,,,,,,,,,27.115041666666663,False,,False,,,,,observed_day,False
2021-01-19,True,24.603041666666662,True,,,,,,,,,24.603041666666662,False,,False,,,,,observed_day,False
2021-01-20,True,18.862318181818186,True,,,,,,,,,18.862318181818186,False,,False,,,,,observed_day,False
2021-01-21,True,16.40975,True,,,,,,,,,16.40975,False,,False,,,,,observed_day,False
2021-01-22,True,12.093375,True,,,,,,,,,12.093375,False,,False,,,,,observed_day,False
2021-01-23,True,9.482125,True,,,,,,,,,9.482125,False,,False,,,,,observed_day,False
2021-01-24,True,9.238458333333334,True,,,,,,,,,9.238458333333334,False,,False,,,,,observed_day,False
2021-01-25,True,11.472958333333333,True,,,,,,,,,11.472958333333333,False,,False,,,,,observed_day,False
2021-01-26,True,12.5135,True,,,,,,,,,12.5135,False,,False,,,,,observed_day,False
2021-01-27,True,11.073416666666668,True,,,,,,,,,11.073416666666668,False,,False,,,,,observed_day,False
2021-01-28,True,11.383375,True,,,,,,,,,11.383375,False,,False,,,,,observed_day,False
2021-01-29,True,9.678541666666666,True,,,,,,,,,9.678541666666666,False,,False,,,,,observed_day,False
2021-01-30,True,11.089083333333331,True,,,,,,,,,11.089083333333331,False,,False,,,,,observed_day,False
2021-01-31,True,11.274666666666668,True,,,,,,,,,11.274666666666668,False,,False,,,,,observed_day,False
2021-02-01,True,4.149916666666667,True,,,,,,,,,4.149916666666667,False,,False,,,,,observed_day,False
2021-02-02,True,0.0599166666666666,True,,,,,,,,,0.0599166666666666,False,,False,,,,,observed_day,False
2021-02-03,True,0.1164999999999999,True,,,,,,,,,0.1164999999999999,False,,False,,,,,observed_day,False
2021-02-04,True,1.4164166666666669,True,,,,,,,,,1.4164166666666669,False,,False,,,,,observed_day,False
2021-02-05,True,3.0680416666666663,True,,,,,,,,,3.0680416666666663,False,,False,,,,,observed_day,False
2021-02-06,True,2.7307083333333337,True,,,,,,,,,2.7307083333333337,False,,False,,,,,observed_day,False
2021-02-07,True,4.322666666666667,True,,,,,,,,,4.322666666666667,False,,False,,,,,observed_day,False
2021-02-08,True,2.6082083333333332,True,,,,,,,,,2.6082083333333332,False,,False,,,,,observed_day,False
2021-02-09,True,4.723166666666667,True,,,,,,,,,4.723166666666667,False,,False,,,,,observed_day,False
2021-02-10,True,13.625875,True,,,,,,,,,13.625875,False,,False,,,,,observed_day,False
2021-02-11,True,15.42495833333333,True,,,,,,,,,15.42495833333333,False,,False,,,,,observed_day,False
2021-02-12,True,10.125416666666666,True,,,,,,,,,10.125416666666666,False,,False,,,,,observed_day,False
2021-02-13,True,3.862416666666667,True,,,,,,,,,3.862416666666667,False,,False,,,,,observed_day,False
2021-02-14,True,1.3235416666666666,True,,,,,,,,,1.3235416666666666,False,,False,,,,,observed_day,False
2021-02-15,True,0.7644583333333334,True,,,,,,,,,0.7644583333333334,False,,False,,,,,observed_day,False
2021-02-16,True,0.6948333333333334,True,,,,,,,,,0.6948333333333334,False,,False,,,,,observed_day,False
2021-02-17,True,0.5224166666666666,True,,,,,,,,,0.5224166666666666,False,,False,,,,,observed_day,False
2021-02-18,True,0.3532916666666666,True,,,,,,,,,0.3532916666666666,False,,False,,,,,observed_day,False
2021-02-19,True,0.328125,True,,,,,,,,,0.328125,False,,False,,,,,observed_day,False
2021-02-20,True,0.5724583333333333,True,,,,,,,,,0.5724583333333333,False,,False,,,,,observed_day,False
2021-02-21,True,0.86325,True,,,,,,,,,0.86325,False,,False,,,,,observed_day,False
2021-02-22,True,0.7203333333333334,True,,,,,,,,,0.7203333333333334,False,,False,,,,,observed_day,False
2021-02-23,True,0.7405833333333334,True,,,,,,,,,0.7405833333333334,False,,False,,,,,observed_day,False
2021-02-24,True,3.2588749999999997,True,,,,,,,,,3.2588749999999997,False,,False,,,,,observed_day,False
2021-02-25,True,8.160291666666666,True,,,,,,,,,8.160291666666666,False,,False,,,,,observed_day,False
2021-02-26,True,10.313761904761906,True,,,,,,,,,10.313761904761906,False,,False,,,,,observed_day,False
2021-02-27,True,10.122458333333332,True,,,,,,,,,10.122458333333332,False,,False,,,,,observed_day,False
2021-02-28,True,10.627583333333332,True,,,,,,,,,10.627583333333332,False,,False,,,,,observed_day,False
2021-03-01,True,7.79625,True,,,,,,,,,7.79625,False,,False,,,,,observed_day,False
2021-03-02,True,7.559625,True,,,,,,,,,7.559625,False,,False,,,,,observed_day,False
2021-03-03,True,8.38275,True,,,,,,,,,8.38275,False,,False,,,,,observed_day,False
2021-03-04,True,7.966541666666667,True,,,,,,,,,7.966541666666667,False,,False,,,,,observed_day,False
2021-03-05,True,2.747125,True,,,,,,,,,2.747125,False,,False,,,,,observed_day,False
2021-03-06,True,0.954625,True,,,,,,,,,0.954625,False,,False,,,,,observed_day,False
2021-03-07,True,0.9326666666666666,True,,,,,,,,,0.9326666666666666,False,,False,,,,,observed_day,False
2021-03-08,True,0.9996666666666668,True,,,,,,,,,0.9996666666666668,False,,False,,,,,observed_day,False
2021-03-09,True,0.9437083333333334,True,,,,,,,,,0.9437083333333334,False,,False,,,,,observed_day,False
2021-03-10,True,0.7112083333333333,True,,,,,,,,,0.7112083333333333,False,,False,,,,,observed_day,False
2021-03-11,True,0.5817083333333334,True,,,,,,,,,0.5817083333333334,False,,False,,,,,observed_day,False
2021-03-12,True,0.9349166666666668,True,,,,,,,,,0.9349166666666668,False,,False,,,,,observed_day,False
2021-03-13,True,1.6952083333333334,True,,,,,,,,,1.6952083333333334,False,,False,,,,,observed_day,False
2021-03-14,True,2.0068333333333332,True,,,,,,,,,2.0068333333333332,False,,False,,,,,observed_day,False
2021-03-15,True,1.96675,True,,,,,,,,,1.96675,False,,False,,,,,observed_day,False
2021-03-16,True,1.3533333333333335,True,,,,,,,,,1.3533333333333335,False,,False,,,,,observed_day,False
2021-03-17,True,1.0475833333333335,True,,,,,,,,,1.0475833333333335,False,,False,,,,,observed_day,False
2021-03-18,True,0.9615,True,,,,,,,,,0.9615,False,,False,,,,,observed_day,False
2021-03-19,True,0.9370833333333334,True,,,,,,,,,0.9370833333333334,False,,False,,,,,observed_day,False
2021-03-20,True,0.9839583333333334,True,,,,,,,,,0.9839583333333334,False,,False,,,,,observed_day,False
2021-03-21,True,1.033625,True,,,,,,,,,1.033625,False,,False,,,,,observed_day,False
2021-03-22,True,1.0259166666666666,True,,,,,,,,,1.0259166666666666,False,,False,,,,,observed_day,False
2021-03-23,True,1.1334583333333332,True,,,,,,,,,1.1334583333333332,False,,False,,,,,observed_day,False
2021-03-24,True,1.094875,True,,,,,,,,,1.094875,False,,False,,,,,observed_day,False
2021-03-25,True,1.4441666666666668,True,,,,,,,,,1.4441666666666668,False,,False,,,,,observed_day,False
2021-03-26,True,1.919125,True,,,,,,,,,1.919125,False,,False,,,,,observed_day,False
2021-03-27,True,2.257625,True,,,,,,,,,2.257625,False,,False,,,,,observed_day,False
2021-03-28,True,6.063083333333334,True,,,,,,,,,6.063083333333334,False,,False,,,,,observed_day,False
2021-03-29,True,9.887166666666667,True,,,,,,,,,9.887166666666667,False,,False,,,,,observed_day,False
2021-03-30,True,4.999416666666666,True,,,,,,,,,4.999416666666666,False,,False,,,,,observed_day,False
2021-03-31,True,3.5555833333333333,True,,,,,,,,,3.5555833333333333,False,,False,,,,,observed_day,False
2021-04-01,True,5.540208333333333,True,,,,,,,,,5.540208333333333,False,,False,,,,,observed_day,False
2021-04-02,True,8.730625,True,,,,,,,,,8.730625,False,,False,,,,,observed_day,False
2021-04-03,True,10.746833333333337,True,,,,,,,,,10.746833333333337,False,,False,,,,,observed_day,False
2021-04-04,True,10.136083333333334,True,,,,,,,,,10.136083333333334,False,,False,,,,,observed_day,False
2021-04-05,True,7.178041666666666,True,,,,,,,,,7.178041666666666,False,,False,,,,,observed_day,False
2021-04-06,True,4.935958333333333,True,,,,,,,,,4.935958333333333,False,,False,,,,,observed_day,False
2021-04-07,True,3.093541666666667,True,,,,,,,,,3.093541666666667,False,,False,,,,,observed_day,False
2021-04-08,True,2.4205833333333335,True,,,,,,,,,2.4205833333333335,False,,False,,,,,observed_day,False
2021-04-09,True,1.2862083333333334,True,,,,,,,,,1.2862083333333334,False,,False,,,,,observed_day,False
2021-04-10,True,1.0864583333333333,True,,,,,,,,,1.0864583333333333,False,,False,,,,,observed_day,False
2021-04-11,True,0.6835000000000001,True,,,,,,,,,0.6835000000000001,False,,False,,,,,observed_day,False
2021-04-12,True,1.2220833333333332,True,,,,,,,,,1.2220833333333332,False,,False,,,,,observed_day,False
2021-04-13,True,1.8934583333333332,True,,,,,,,,,1.8934583333333332,False,,False,,,,,observed_day,False
2021-04-14,True,1.737375,True,,,,,,,,,1.737375,False,,False,,,,,observed_day,False
2021-04-15,True,1.6635833333333334,True,,,,,,,,,1.6635833333333334,False,,False,,,,,observed_day,False
2021-04-16,True,0.9825,True,,,,,,,,,0.9825,False,,False,,,,,observed_day,False
2021-04-17,True,1.19,True,,,,,,,,,1.19,False,,False,,,,,observed_day,False
2021-04-18,True,1.6655,True,,,,,,,,,1.6655,False,,False,,,,,observed_day,False
2021-04-19,True,1.2754166666666666,True,,,,,,,,,1.2754166666666666,False,,False,,,,,observed_day,False
2021-04-20,True,1.6669999999999998,True,,,,,,,,,1.6669999999999998,False,,False,,,,,observed_day,False
2021-04-21,True,1.8890833333333337,True,,,,,,,,,1.8890833333333337,False,,False,,,,,observed_day,False
2021-04-22,False,1.5149375000000005,False,REAL_L001_20210422,1.5883729601905718,0.2009524852037429,True,False,REAL_L001_20210422,1.0,1.6284281279295636,1.6284281279295636,True,gaussian_process,False,REAL_L001_20210422,1.0,short,no,real gap — no withheld truth,False
2021-04-23,True,1.36475,True,,,,,,,,,1.36475,False,,False,,,,,observed_day,False
2021-04-24,True,1.4181666666666668,True,,,,,,,,,1.4181666666666668,False,,False,,,,,observed_day,False
2021-04-25,True,1.5222916666666668,True,,,,,,,,,1.5222916666666668,False,,False,,,,,observed_day,False
2021-04-26,True,1.4338333333333333,True,,,,,,,,,1.4338333333333333,False,,False,,,,,observed_day,False
2021-04-27,True,1.331125,True,,,,,,,,,1.331125,False,,False,,,,,observed_day,False
2021-04-28,True,1.5287499999999998,True,,,,,,,,,1.5287499999999998,False,,False,,,,,observed_day,False
2021-04-29,True,1.659375,True,,,,,,,,,1.659375,False,,False,,,,,observed_day,False
2021-04-30,True,1.9295,True,,,,,,,,,1.9295,False,,False,,,,,observed_day,False
2021-05-01,True,4.18875,True,,,,,,,,,4.18875,False,,False,,,,,observed_day,False
2021-05-02,True,4.241833333333333,True,,,,,,,,,4.241833333333333,False,,False,,,,,observed_day,False
2021-05-03,True,3.1575,True,,,,,,,,,3.1575,False,,False,,,,,observed_day,False
2021-05-04,True,3.177708333333333,True,,,,,,,,,3.177708333333333,False,,False,,,,,observed_day,False
2021-05-05,True,2.444458333333334,True,,,,,,,,,2.444458333333334,False,,False,,,,,observed_day,False
2021-05-06,True,2.8673749999999996,True,,,,,,,,,2.8673749999999996,False,,False,,,,,observed_day,False
2021-05-07,True,5.867541666666667,True,,,,,,,,,5.867541666666667,False,,False,,,,,observed_day,False
2021-05-08,True,7.1142916666666665,True,,,,,,,,,7.1142916666666665,False,,False,,,,,observed_day,False
2021-05-09,True,6.843541666666667,True,,,,,,,,,6.843541666666667,False,,False,,,,,observed_day,False
2021-05-10,True,5.162083333333334,True,,,,,,,,,5.162083333333334,False,,False,,,,,observed_day,False
2021-05-11,True,6.387041666666668,True,,,,,,,,,6.387041666666668,False,,False,,,,,observed_day,False
2021-05-12,True,8.338583333333332,True,,,,,,,,,8.338583333333332,False,,False,,,,,observed_day,False
2021-05-13,True,7.259416666666667,True,,,,,,,,,7.259416666666667,False,,False,,,,,observed_day,False
2021-05-14,True,5.493791666666667,True,,,,,,,,,5.493791666666667,False,,False,,,,,observed_day,False
2021-05-15,True,5.143166666666667,True,,,,,,,,,5.143166666666667,False,,False,,,,,observed_day,False
2021-05-16,True,4.4344166666666665,True,,,,,,,,,4.4344166666666665,False,,False,,,,,observed_day,False
2021-05-17,True,6.959666666666666,True,,,,,,,,,6.959666666666666,False,,False,,,,,observed_day,False
2021-05-18,True,6.858666666666667,True,,,,,,,,,6.858666666666667,False,,False,,,,,observed_day,False
2021-05-19,True,5.280333333333334,True,,,,,,,,,5.280333333333334,False,,False,,,,,observed_day,False
2021-05-20,True,4.766333333333333,True,,,,,,,,,4.766333333333333,False,,False,,,,,observed_day,False
2021-05-21,True,3.9923333333333337,True,,,,,,,,,3.9923333333333337,False,,False,,,,,observed_day,False
2021-05-22,True,3.8114166666666662,True,,,,,,,,,3.8114166666666662,False,,False,,,,,observed_day,False
2021-05-23,True,3.6220416666666666,True,,,,,,,,,3.6220416666666666,False,,False,,,,,observed_day,False
2021-05-24,True,5.5162916666666675,True,,,,,,,,,5.5162916666666675,False,,False,,,,,observed_day,False
2021-05-25,True,8.692,True,,,,,,,,,8.692,False,,False,,,,,observed_day,False
2021-05-26,True,11.264041666666666,True,,,,,,,,,11.264041666666666,False,,False,,,,,observed_day,False
2021-05-27,True,13.686375000000004,True,,,,,,,,,13.686375000000004,False,,False,,,,,observed_day,False
2021-05-28,True,12.351166666666666,True,,,,,,,,,12.351166666666666,False,,False,,,,,observed_day,False
2021-05-29,True,11.712666666666667,True,,,,,,,,,11.712666666666667,False,,False,,,,,observed_day,False
2021-05-30,True,9.659541666666668,True,,,,,,,,,9.659541666666668,False,,False,,,,,observed_day,False
2021-05-31,True,7.574041666666666,True,,,,,,,,,7.574041666666666,False,,False,,,,,observed_day,False
2021-06-01,True,7.602458333333334,True,,,,,,,,,7.602458333333334,False,,False,,,,,observed_day,False
2021-06-02,True,6.593374999999999,True,,,,,,,,,6.593374999999999,False,,False,,,,,observed_day,False
2021-06-03,True,9.6535,True,,,,,,,,,9.6535,False,,False,,,,,observed_day,False
2021-06-04,True,4.3062499999999995,True,,,,,,,,,4.3062499999999995,False,,False,,,,,observed_day,False
2021-06-05,True,2.8864583333333336,True,,,,,,,,,2.8864583333333336,False,,False,,,,,observed_day,False
2021-06-06,True,1.6124166666666664,True,,,,,,,,,1.6124166666666664,False,,False,,,,,observed_day,False
2021-06-07,True,1.055875,True,,,,,,,,,1.055875,False,,False,,,,,observed_day,False
2021-06-08,True,1.0914166666666667,True,,,,,,,,,1.0914166666666667,False,,False,,,,,observed_day,False
2021-06-09,True,1.2822916666666666,True,,,,,,,,,1.2822916666666666,False,,False,,,,,observed_day,False
2021-06-10,True,1.614083333333333,True,,,,,,,,,1.614083333333333,False,,False,,,,,observed_day,False
2021-06-11,True,2.618125,True,,,,,,,,,2.618125,False,,False,,,,,observed_day,False
2021-06-12,True,3.0278750000000003,True,,,,,,,,,3.0278750000000003,False,,False,,,,,observed_day,False
2021-06-13,True,3.6839166666666663,True,,,,,,,,,3.6839166666666663,False,,False,,,,,observed_day,False
2021-06-14,True,3.2575416666666666,True,,,,,,,,,3.2575416666666666,False,,False,,,,,observed_day,False
2021-06-15,True,3.780083333333333,True,,,,,,,,,3.780083333333333,False,,False,,,,,observed_day,False
2021-06-16,True,3.3502500000000004,True,,,,,,,,,3.3502500000000004,False,,False,,,,,observed_day,False
2021-06-17,True,4.7392916666666665,True,,,,,,,,,4.7392916666666665,False,,False,,,,,observed_day,False
2021-06-18,True,3.62125,True,,,,,,,,,3.62125,False,,False,,,,,observed_day,False
2021-06-19,True,3.4121666666666663,True,,,,,,,,,3.4121666666666663,False,,False,,,,,observed_day,False
2021-06-20,True,4.2855,True,,,,,,,,,4.2855,False,,False,,,,,observed_day,False
2021-06-21,True,7.079,True,,,,,,,,,7.079,False,,False,,,,,observed_day,False
2021-06-22,True,6.249375000000001,True,,,,,,,,,6.249375000000001,False,,False,,,,,observed_day,False
2021-06-23,True,6.050083333333333,True,,,,,,,,,6.050083333333333,False,,False,,,,,observed_day,False
2021-06-24,True,4.109473684210525,True,,,,,,,,,4.109473684210525,False,,False,,,,,observed_day,False
2021-06-25,True,1.78,True,,,,,,,,,1.78,False,,False,,,,,observed_day,False
2021-06-26,True,2.237,True,,,,,,,,,2.237,False,,False,,,,,observed_day,False
2021-06-27,True,3.7096666666666662,True,,,,,,,,,3.7096666666666662,False,,False,,,,,observed_day,False
2021-06-28,True,5.118708333333333,True,,,,,,,,,5.118708333333333,False,,False,,,,,observed_day,False
2021-06-29,True,6.0356250000000005,True,,,,,,,,,6.0356250000000005,False,,False,,,,,observed_day,False
2021-06-30,True,5.311625,True,,,,,,,,,5.311625,False,,False,,,,,observed_day,False
2021-07-01,True,3.4128333333333334,True,,,,,,,,,3.4128333333333334,False,,False,,,,,observed_day,False
2021-07-02,True,3.2423750000000005,True,,,,,,,,,3.2423750000000005,False,,False,,,,,observed_day,False
2021-07-03,True,6.1206249999999995,True,,,,,,,,,6.1206249999999995,False,,False,,,,,observed_day,False
2021-07-04,True,5.398583333333334,True,,,,,,,,,5.398583333333334,False,,False,,,,,observed_day,False
2021-07-05,True,5.09575,True,,,,,,,,,5.09575,False,,False,,,,,observed_day,False
2021-07-06,True,4.491166666666667,True,,,,,,,,,4.491166666666667,False,,False,,,,,observed_day,False
2021-07-07,True,4.762833333333333,True,,,,,,,,,4.762833333333333,False,,False,,,,,observed_day,False
2021-07-08,True,4.841374999999999,True,,,,,,,,,4.841374999999999,False,,False,,,,,observed_day,False
2021-07-09,True,4.146826086956522,True,,,,,,,,,4.146826086956522,False,,False,,,,,observed_day,False
2021-07-10,True,4.280333333333334,True,,,,,,,,,4.280333333333334,False,,False,,,,,observed_day,False
2021-07-11,True,5.513749999999999,True,,,,,,,,,5.513749999999999,False,,False,,,,,observed_day,False
2021-07-12,True,5.248125,True,,,,,,,,,5.248125,False,,False,,,,,observed_day,False
2021-07-13,True,4.347958333333334,True,,,,,,,,,4.347958333333334,False,,False,,,,,observed_day,False
2021-07-14,True,3.983833333333333,True,,,,,,,,,3.983833333333333,False,,False,,,,,observed_day,False
2021-07-15,True,3.8437083333333337,True,,,,,,,,,3.8437083333333337,False,,False,,,,,observed_day,False
2021-07-16,True,3.501,True,,,,,,,,,3.501,False,,False,,,,,observed_day,False
2021-07-17,True,4.578208333333333,True,,,,,,,,,4.578208333333333,False,,False,,,,,observed_day,False
2021-07-18,True,8.248125,True,,,,,,,,,8.248125,False,,False,,,,,observed_day,False
2021-07-19,True,9.371708333333332,True,,,,,,,,,9.371708333333332,False,,False,,,,,observed_day,False
2021-07-20,True,10.938916666666666,True,,,,,,,,,10.938916666666666,False,,False,,,,,observed_day,False
2021-07-21,True,8.47325,True,,,,,,,,,8.47325,False,,False,,,,,observed_day,False
2021-07-22,True,9.185958333333334,True,,,,,,,,,9.185958333333334,False,,False,,,,,observed_day,False
2021-07-23,True,9.179833333333333,True,,,,,,,,,9.179833333333333,False,,False,,,,,observed_day,False
2021-07-24,True,7.171166666666667,True,,,,,,,,,7.171166666666667,False,,False,,,,,observed_day,False
2021-07-25,True,7.618166666666667,True,,,,,,,,,7.618166666666667,False,,False,,,,,observed_day,False
2021-07-26,True,6.758416666666666,True,,,,,,,,,6.758416666666666,False,,False,,,,,observed_day,False
2021-07-27,True,5.682416666666666,True,,,,,,,,,5.682416666666666,False,,False,,,,,observed_day,False
2021-07-28,True,6.3265,True,,,,,,,,,6.3265,False,,False,,,,,observed_day,False
2021-07-29,True,8.739875,True,,,,,,,,,8.739875,False,,False,,,,,observed_day,False
2021-07-30,True,6.885041666666666,True,,,,,,,,,6.885041666666666,False,,False,,,,,observed_day,False
2021-07-31,True,3.173125,True,,,,,,,,,3.173125,False,,False,,,,,observed_day,False
2021-08-01,True,2.777208333333333,True,,,,,,,,,2.777208333333333,False,,False,,,,,observed_day,False
2021-08-02,True,2.8622916666666662,True,,,,,,,,,2.8622916666666662,False,,False,,,,,observed_day,False
2021-08-03,True,1.8239583333333336,True,,,,,,,,,1.8239583333333336,False,,False,,,,,observed_day,False
2021-08-04,True,2.6645,True,,,,,,,,,2.6645,False,,False,,,,,observed_day,False
2021-08-05,True,2.6366666666666663,True,,,,,,,,,2.6366666666666663,False,,False,,,,,observed_day,False
2021-08-06,False,2.0970909090909093,False,REAL_L010_20210806,2.7501430469830535,0.4393552839756012,True,False,REAL_L010_20210806,25.0,2.7759174418410955,2.7759174418410955,True,state_space_kalman,False,REAL_L010_20210806,25.0,medium,interpolation_within_range,real gap — no withheld truth,False
2021-08-07,False,,False,REAL_L010_20210806,2.7056465567124373,0.4322710633277893,True,False,REAL_L010_20210806,25.0,2.9225224945325965,2.9225224945325965,True,state_space_kalman,False,REAL_L010_20210806,25.0,medium,interpolation_within_range,real gap — no withheld truth,False
2021-08-08,False,,False,REAL_L010_20210806,3.211196184514062,0.5066668391227722,True,False,REAL_L010_20210806,25.0,3.0768702275901325,3.0768702275901325,True,state_space_kalman,False,REAL_L010_20210806,25.0,medium,interpolation_within_range,real gap — no withheld truth,False
2021-08-09,False,,False,REAL_L010_20210806,3.833583541369862,0.5836049318313599,True,False,REAL_L010_20210806,25.0,3.239369556655764,3.239369556655764,True,state_space_kalman,False,REAL_L010_20210806,25.0,medium,interpolation_within_range,real gap — no withheld truth,False
2021-08-10,False,,False,REAL_L010_20210806,3.1718241159912957,0.5013090968132019,True,False,REAL_L010_20210806,25.0,3.410450993510667,3.410450993510667,True,state_space_kalman,False,REAL_L010_20210806,25.0,medium,interpolation_within_range,real gap — no withheld truth,False
2021-08-11,False,,False,REAL_L010_20210806,3.738603270710649,0.5727093815803528,True,False,REAL_L010_20210806,25.0,3.590567786636115,3.590567786636115,True,state_space_kalman,False,REAL_L010_20210806,25.0,medium,interpolation_within_range,real gap — no withheld truth,False
2021-08-12,False,,False,REAL_L010_20210806,3.999164256005312,0.6019692420959473,True,False,REAL_L010_20210806,25.0,3.780197122011113,3.780197122011113,True,state_space_kalman,False,REAL_L010_20210806,25.0,medium,interpolation_within_range,real gap — no withheld truth,False
2021-08-13,False,,False,REAL_L010_20210806,3.938509049356092,0.5953318476676941,True,False,REAL_L010_20210806,25.0,3.9798413873280016,3.9798413873280016,True,state_space_kalman,False,REAL_L010_20210806,25.0,medium,interpolation_within_range,real gap — no withheld truth,False
2021-08-14,False,,False,REAL_L010_20210806,3.558927835744683,0.5513191819190979,True,False,REAL_L010_20210806,25.0,4.190029502975295,4.190029502975295,True,state_space_kalman,False,REAL_L010_20210806,25.0,medium,interpolation_within_range,real gap — no withheld truth,False
2021-08-15,False,,False,REAL_L010_20210806,3.757559036975538,0.5749058127403259,True,False,REAL_L010_20210806,25.0,4.411318323313995,4.411318323313995,True,state_space_kalman,False,REAL_L010_20210806,25.0,medium,interpolation_within_range,real gap — no withheld truth,False
2021-08-16,False,,False,REAL_L010_20210806,4.405023777237569,0.6439482569694519,True,False,REAL_L010_20210806,25.0,4.644294111959748,4.644294111959748,True,state_space_kalman,False,REAL_L010_20210806,25.0,medium,interpolation_within_range,real gap — no withheld truth,False
2021-08-17,False,,False,REAL_L010_20210806,3.7506230214812977,0.5741034150123596,True,False,REAL_L010_20210806,25.0,4.88957409497938,4.88957409497938,True,state_space_kalman,False,REAL_L010_20210806,25.0,medium,interpolation_within_range,real gap — no withheld truth,False
2021-08-18,False,,False,REAL_L010_20210806,4.362464280384646,0.6397318840026855,True,False,REAL_L010_20210806,25.0,5.147808096116681,5.147808096116681,True,state_space_kalman,False,REAL_L010_20210806,25.0,medium,interpolation_within_range,real gap — no withheld truth,False
2021-08-19,False,,False,REAL_L010_20210806,4.667492780597221,0.6690836548805237,True,False,REAL_L010_20210806,25.0,5.4196802583796835,5.4196802583796835,True,state_space_kalman,False,REAL_L010_20210806,25.0,medium,interpolation_within_range,real gap — no withheld truth,False
2021-08-20,False,,False,REAL_L010_20210806,4.998507178071657,0.698840320110321,True,False,REAL_L010_20210806,25.0,5.7059108565504495,5.7059108565504495,True,state_space_kalman,False,REAL_L010_20210806,25.0,medium,interpolation_within_range,real gap — no withheld truth,False
2021-08-21,False,,False,REAL_L010_20210806,4.718535249557688,0.6738072037696838,True,False,REAL_L010_20210806,25.0,6.00725820541929,6.00725820541929,True,state_space_kalman,False,REAL_L010_20210806,25.0,medium,interpolation_within_range,real gap — no withheld truth,False
2021-08-22,False,,False,REAL_L010_20210806,5.299311412014714,0.7242194414138794,True,False,REAL_L010_20210806,25.0,6.324520668798905,6.324520668798905,True,state_space_kalman,False,REAL_L010_20210806,25.0,medium,interpolation_within_range,real gap — no withheld truth,False
2021-08-23,False,,False,REAL_L010_20210806,4.597505488535738,0.6625222563743591,True,False,REAL_L010_20210806,25.0,6.6585387746409825,6.6585387746409825,True,state_space_kalman,False,REAL_L010_20210806,25.0,medium,interpolation_within_range,real gap — no withheld truth,False
2021-08-24,False,,False,REAL_L010_20210806,5.034108085561589,0.7019225358963013,True,False,REAL_L010_20210806,25.0,7.010197441858839,7.010197441858839,True,state_space_kalman,False,REAL_L010_20210806,25.0,medium,interpolation_within_range,real gap — no withheld truth,False
2021-08-25,False,,False,REAL_L010_20210806,4.889137932792922,0.6892322897911072,True,False,REAL_L010_20210806,25.0,7.380428324755669,7.380428324755669,True,state_space_kalman,False,REAL_L010_20210806,25.0,medium,interpolation_within_range,real gap — no withheld truth,False
2021-08-26,False,,False,REAL_L010_20210806,5.251298429441717,0.7202666997909546,True,False,REAL_L010_20210806,25.0,7.770212281269527,7.770212281269527,True,state_space_kalman,False,REAL_L010_20210806,25.0,medium,interpolation_within_range,real gap — no withheld truth,False
2021-08-27,False,,False,REAL_L010_20210806,5.416741673012223,0.733738124370575,True,False,REAL_L010_20210806,25.0,8.180581971574197,8.180581971574197,True,state_space_kalman,False,REAL_L010_20210806,25.0,medium,interpolation_within_range,real gap — no withheld truth,False
2021-08-28,False,,False,REAL_L010_20210806,5.79518818892489,0.7630675435066223,True,False,REAL_L010_20210806,25.0,8.612624593920467,8.612624593920467,True,state_space_kalman,False,REAL_L010_20210806,25.0,medium,interpolation_within_range,real gap — no withheld truth,False
2021-08-29,False,,False,REAL_L010_20210806,7.963613465620211,0.9011101722717284,True,False,REAL_L010_20210806,25.0,9.067484764965894,9.067484764965894,True,state_space_kalman,False,REAL_L010_20210806,25.0,medium,interpolation_within_range,real gap — no withheld truth,False
2021-08-30,False,,False,REAL_L010_20210806,9.246270238311071,0.9659665822982788,True,False,REAL_L010_20210806,25.0,9.546367552223982,9.546367552223982,True,state_space_kalman,False,REAL_L010_20210806,25.0,medium,interpolation_within_range,real gap — no withheld truth,False
2021-08-31,True,10.050541666666666,True,,,,,,,,,10.050541666666666,False,,False,,,,,observed_day,False
2021-09-01,True,6.827916666666667,True,,,,,,,,,6.827916666666667,False,,False,,,,,observed_day,False
2021-09-02,True,5.525291666666667,True,,,,,,,,,5.525291666666667,False,,False,,,,,observed_day,False
2021-09-03,True,7.862041666666666,True,,,,,,,,,7.862041666666666,False,,False,,,,,observed_day,False
2021-09-04,True,6.052833333333333,True,,,,,,,,,6.052833333333333,False,,False,,,,,observed_day,False
2021-09-05,True,3.159833333333333,True,,,,,,,,,3.159833333333333,False,,False,,,,,observed_day,False
2021-09-06,True,3.792791666666666,True,,,,,,,,,3.792791666666666,False,,False,,,,,observed_day,False
2021-09-07,True,3.7544583333333335,True,,,,,,,,,3.7544583333333335,False,,False,,,,,observed_day,False
2021-09-08,True,2.921875,True,,,,,,,,,2.921875,False,,False,,,,,observed_day,False
2021-09-09,True,2.0542916666666664,True,,,,,,,,,2.0542916666666664,False,,False,,,,,observed_day,False
2021-09-10,True,6.549333333333333,True,,,,,,,,,6.549333333333333,False,,False,,,,,observed_day,False
2021-09-11,True,10.270666666666669,True,,,,,,,,,10.270666666666669,False,,False,,,,,observed_day,False
2021-09-12,True,11.098999999999998,True,,,,,,,,,11.098999999999998,False,,False,,,,,observed_day,False
2021-09-13,True,8.889541666666666,True,,,,,,,,,8.889541666666666,False,,False,,,,,observed_day,False
2021-09-14,True,8.587625000000001,True,,,,,,,,,8.587625000000001,False,,False,,,,,observed_day,False
2021-09-15,True,6.61075,True,,,,,,,,,6.61075,False,,False,,,,,observed_day,False
2021-09-16,True,5.749583333333334,True,,,,,,,,,5.749583333333334,False,,False,,,,,observed_day,False
2021-09-17,True,7.776041666666667,True,,,,,,,,,7.776041666666667,False,,False,,,,,observed_day,False
2021-09-18,True,9.22075,True,,,,,,,,,9.22075,False,,False,,,,,observed_day,False
2021-09-19,True,6.486750000000001,True,,,,,,,,,6.486750000000001,False,,False,,,,,observed_day,False
2021-09-20,True,4.892916666666667,True,,,,,,,,,4.892916666666667,False,,False,,,,,observed_day,False
2021-09-21,True,5.210791666666666,True,,,,,,,,,5.210791666666666,False,,False,,,,,observed_day,False
2021-09-22,True,6.173875,True,,,,,,,,,6.173875,False,,False,,,,,observed_day,False
2021-09-23,True,6.361041666666666,True,,,,,,,,,6.361041666666666,False,,False,,,,,observed_day,False
2021-09-24,True,7.608791666666666,True,,,,,,,,,7.608791666666666,False,,False,,,,,observed_day,False
2021-09-25,True,9.146041666666669,True,,,,,,,,,9.146041666666669,False,,False,,,,,observed_day,False
2021-09-26,True,8.166833333333335,True,,,,,,,,,8.166833333333335,False,,False,,,,,observed_day,False
2021-09-27,True,6.973583333333334,True,,,,,,,,,6.973583333333334,False,,False,,,,,observed_day,False
2021-09-28,True,8.540291666666667,True,,,,,,,,,8.540291666666667,False,,False,,,,,observed_day,False
2021-09-29,True,5.096125,True,,,,,,,,,5.096125,False,,False,,,,,observed_day,False
2021-09-30,True,3.079125,True,,,,,,,,,3.079125,False,,False,,,,,observed_day,False
2021-10-01,True,0.593875,True,,,,,,,,,0.593875,False,,False,,,,,observed_day,False
2021-10-02,True,0.13175,True,,,,,,,,,0.13175,False,,False,,,,,observed_day,False
2021-10-03,True,0.1970416666666666,True,,,,,,,,,0.1970416666666666,False,,False,,,,,observed_day,False
2021-10-04,True,0.2131666666666667,True,,,,,,,,,0.2131666666666667,False,,False,,,,,observed_day,False
2021-10-05,True,1.859125,True,,,,,,,,,1.859125,False,,False,,,,,observed_day,False
2021-10-06,True,8.517833333333334,True,,,,,,,,,8.517833333333334,False,,False,,,,,observed_day,False
2021-10-07,True,15.452083333333334,True,,,,,,,,,15.452083333333334,False,,False,,,,,observed_day,False
2021-10-08,True,14.320666666666668,True,,,,,,,,,14.320666666666668,False,,False,,,,,observed_day,False
2021-10-09,True,12.387666666666666,True,,,,,,,,,12.387666666666666,False,,False,,,,,observed_day,False
2021-10-10,True,6.738833333333335,True,,,,,,,,,6.738833333333335,False,,False,,,,,observed_day,False
2021-10-11,True,1.526333333333333,True,,,,,,,,,1.526333333333333,False,,False,,,,,observed_day,False
2021-10-12,True,4.150916666666666,True,,,,,,,,,4.150916666666666,False,,False,,,,,observed_day,False
2021-10-13,False,3.45625,False,REAL_L010_20211013,5.639230788197986,0.7512198686599731,True,False,REAL_L010_20211013,14.0,4.526459601465557,4.526459601465557,True,state_space_kalman,False,REAL_L010_20211013,14.0,medium,no,real gap — no withheld truth,False
2021-10-14,False,,False,REAL_L010_20211013,5.998815468133604,0.7780655026435852,True,False,REAL_L010_20211013,14.0,4.935978765421228,4.935978765421228,True,state_space_kalman,False,REAL_L010_20211013,14.0,medium,no,real gap — no withheld truth,False
2021-10-15,False,,False,REAL_L010_20211013,4.854744805009589,0.6861664056777954,True,False,REAL_L010_20211013,14.0,5.382548065777687,5.382548065777687,True,state_space_kalman,False,REAL_L010_20211013,14.0,medium,no,real gap — no withheld truth,False
2021-10-16,False,,False,REAL_L010_20211013,5.191151747346089,0.7152637243270874,True,False,REAL_L010_20211013,14.0,5.8695195132053435,5.8695195132053435,True,state_space_kalman,False,REAL_L010_20211013,14.0,medium,no,real gap — no withheld truth,False
2021-10-17,False,,False,REAL_L010_20211013,4.792665942428132,0.6805771589279175,True,False,REAL_L010_20211013,14.0,6.400548382454745,6.400548382454745,True,state_space_kalman,False,REAL_L010_20211013,14.0,medium,no,real gap — no withheld truth,False
2021-10-18,False,,False,REAL_L010_20211013,6.187487535399867,0.7915143370628357,True,False,REAL_L010_20211013,14.0,6.979620649352262,6.979620649352262,True,state_space_kalman,False,REAL_L010_20211013,14.0,medium,no,real gap — no withheld truth,False
2021-10-19,False,,False,REAL_L010_20211013,6.779355069340082,0.8311883807182312,True,False,REAL_L010_20211013,14.0,7.611082910083591,7.611082910083591,True,state_space_kalman,False,REAL_L010_20211013,14.0,medium,no,real gap — no withheld truth,False
2021-10-20,False,,False,REAL_L010_20211013,5.498576725397803,0.740250289440155,True,False,REAL_L010_20211013,14.0,8.299675007343348,8.299675007343348,True,state_space_kalman,False,REAL_L010_20211013,14.0,medium,no,real gap — no withheld truth,False
2021-10-21,False,,False,REAL_L010_20211013,6.7971430843004885,0.8323264122009277,True,False,REAL_L010_20211013,14.0,9.0505656082471,9.0505656082471,True,state_space_kalman,False,REAL_L010_20211013,14.0,medium,no,real gap — no withheld truth,False
2021-10-22,False,,False,REAL_L010_20211013,7.1940848443548955,0.8569755554199219,True,False,REAL_L010_20211013,14.0,9.869391001058576,9.869391001058576,True,state_space_kalman,False,REAL_L010_20211013,14.0,medium,no,real gap — no withheld truth,False
2021-10-23,False,,False,REAL_L010_20211013,8.214576399791792,0.9145851731300354,True,False,REAL_L010_20211013,14.0,10.762297401945602,10.762297401945602,True,state_space_kalman,False,REAL_L010_20211013,14.0,medium,no,real gap — no withheld truth,False
2021-10-24,False,,False,REAL_L010_20211013,9.767589509721098,0.9897873997688292,True,False,REAL_L010_20211013,14.0,11.735987089325128,11.735987089325128,True,state_space_kalman,False,REAL_L010_20211013,14.0,medium,no,real gap — no withheld truth,False
2021-10-25,False,,False,REAL_L010_20211013,12.39562060556953,1.0932682752609253,True,False,REAL_L010_20211013,14.0,12.797768712088065,12.797768712088065,True,state_space_kalman,False,REAL_L010_20211013,14.0,medium,no,real gap — no withheld truth,False
2021-10-26,False,,False,REAL_L010_20211013,14.199975740422191,1.1522876024246216,True,False,REAL_L010_20211013,14.0,13.955612149324407,13.955612149324407,True,state_space_kalman,False,REAL_L010_20211013,14.0,medium,no,real gap — no withheld truth,False
2021-10-27,True,15.218208333333331,True,,,,,,,,,15.218208333333331,False,,False,,,,,observed_day,False
2021-10-28,True,13.146125,True,,,,,,,,,13.146125,False,,False,,,,,observed_day,False
2021-10-29,True,13.315791666666664,True,,,,,,,,,13.315791666666664,False,,False,,,,,observed_day,False
2021-10-30,True,8.885833333333332,True,,,,,,,,,8.885833333333332,False,,False,,,,,observed_day,False
2021-10-31,True,7.641708333333334,True,,,,,,,,,7.641708333333334,False,,False,,,,,observed_day,False
2021-11-01,True,2.3259583333333333,True,,,,,,,,,2.3259583333333333,False,,False,,,,,observed_day,False
2021-11-02,True,1.1282083333333337,True,,,,,,,,,1.1282083333333337,False,,False,,,,,observed_day,False
2021-11-03,True,0.663125,True,,,,,,,,,0.663125,False,,False,,,,,observed_day,False
2021-11-04,True,1.6515833333333332,True,,,,,,,,,1.6515833333333332,False,,False,,,,,observed_day,False
2021-11-05,True,1.5896249999999998,True,,,,,,,,,1.5896249999999998,False,,False,,,,,observed_day,False
2021-11-06,True,1.2623333333333333,True,,,,,,,,,1.2623333333333333,False,,False,,,,,observed_day,False
2021-11-07,True,1.2734166666666666,True,,,,,,,,,1.2734166666666666,False,,False,,,,,observed_day,False
2021-11-08,True,1.8465833333333337,True,,,,,,,,,1.8465833333333337,False,,False,,,,,observed_day,False
2021-11-09,True,3.134,True,,,,,,,,,3.134,False,,False,,,,,observed_day,False
2021-11-10,True,3.5465,True,,,,,,,,,3.5465,False,,False,,,,,observed_day,False
2021-11-11,True,4.206583333333334,True,,,,,,,,,4.206583333333334,False,,False,,,,,observed_day,False
2021-11-12,True,4.952791666666666,True,,,,,,,,,4.952791666666666,False,,False,,,,,observed_day,False
2021-11-13,True,1.8013333333333332,True,,,,,,,,,1.8013333333333332,False,,False,,,,,observed_day,False
2021-11-14,True,0.8859166666666667,True,,,,,,,,,0.8859166666666667,False,,False,,,,,observed_day,False
2021-11-15,True,0.777375,True,,,,,,,,,0.777375,False,,False,,,,,observed_day,False
2021-11-16,True,0.9881666666666667,True,,,,,,,,,0.9881666666666667,False,,False,,,,,observed_day,False
2021-11-17,True,3.6315,True,,,,,,,,,3.6315,False,,False,,,,,observed_day,False
2021-11-18,True,5.021625,True,,,,,,,,,5.021625,False,,False,,,,,observed_day,False
2021-11-19,True,7.182666666666667,True,,,,,,,,,7.182666666666667,False,,False,,,,,observed_day,False
2021-11-20,True,6.103666666666666,True,,,,,,,,,6.103666666666666,False,,False,,,,,observed_day,False
2021-11-21,True,5.437333333333334,True,,,,,,,,,5.437333333333334,False,,False,,,,,observed_day,False
2021-11-22,True,4.541833333333333,True,,,,,,,,,4.541833333333333,False,,False,,,,,observed_day,False
2021-11-23,True,3.951666666666666,True,,,,,,,,,3.951666666666666,False,,False,,,,,observed_day,False
2021-11-24,True,2.058875,True,,,,,,,,,2.058875,False,,False,,,,,observed_day,False
2021-11-25,True,2.6777499999999996,True,,,,,,,,,2.6777499999999996,False,,False,,,,,observed_day,False
2021-11-26,True,3.4655833333333335,True,,,,,,,,,3.4655833333333335,False,,False,,,,,observed_day,False
2021-11-27,True,3.416583333333333,True,,,,,,,,,3.416583333333333,False,,False,,,,,observed_day,False
2021-11-28,True,1.5162916666666668,True,,,,,,,,,1.5162916666666668,False,,False,,,,,observed_day,False
2021-11-29,True,1.8254583333333336,True,,,,,,,,,1.8254583333333336,False,,False,,,,,observed_day,False
2021-11-30,True,2.4049166666666664,True,,,,,,,,,2.4049166666666664,False,,False,,,,,observed_day,False
2021-12-01,True,1.596833333333333,True,,,,,,,,,1.596833333333333,False,,False,,,,,observed_day,False
2021-12-02,True,1.4796249999999995,True,,,,,,,,,1.4796249999999995,False,,False,,,,,observed_day,False
2021-12-03,True,2.7758750000000005,True,,,,,,,,,2.7758750000000005,False,,False,,,,,observed_day,False
2021-12-04,True,2.7114166666666666,True,,,,,,,,,2.7114166666666666,False,,False,,,,,observed_day,False
2021-12-05,True,2.8614999999999995,True,,,,,,,,,2.8614999999999995,False,,False,,,,,observed_day,False
2021-12-06,True,2.14575,True,,,,,,,,,2.14575,False,,False,,,,,observed_day,False
2021-12-07,True,1.5649583333333332,True,,,,,,,,,1.5649583333333332,False,,False,,,,,observed_day,False
2021-12-08,True,1.6341249999999998,True,,,,,,,,,1.6341249999999998,False,,False,,,,,observed_day,False
2021-12-09,True,1.46575,True,,,,,,,,,1.46575,False,,False,,,,,observed_day,False
2021-12-10,True,1.59,True,,,,,,,,,1.59,False,,False,,,,,observed_day,False
2021-12-11,True,0.7429166666666668,True,,,,,,,,,0.7429166666666668,False,,False,,,,,observed_day,False
2021-12-12,True,0.4140833333333333,True,,,,,,,,,0.4140833333333333,False,,False,,,,,observed_day,False
2021-12-13,True,0.4185,True,,,,,,,,,0.4185,False,,False,,,,,observed_day,False
2021-12-14,True,0.5615,True,,,,,,,,,0.5615,False,,False,,,,,observed_day,False
2021-12-15,True,0.593,True,,,,,,,,,0.593,False,,False,,,,,observed_day,False
2021-12-16,True,1.19795,True,,,,,,,,,1.19795,False,,False,,,,,observed_day,False
2021-12-17,True,1.280166666666667,True,,,,,,,,,1.280166666666667,False,,False,,,,,observed_day,False
2021-12-18,True,1.087125,True,,,,,,,,,1.087125,False,,False,,,,,observed_day,False
2021-12-19,True,1.0579166666666666,True,,,,,,,,,1.0579166666666666,False,,False,,,,,observed_day,False
2021-12-20,True,1.458375,True,,,,,,,,,1.458375,False,,False,,,,,observed_day,False
2021-12-21,True,1.639458333333333,True,,,,,,,,,1.639458333333333,False,,False,,,,,observed_day,False
2021-12-22,True,2.0593333333333335,True,,,,,,,,,2.0593333333333335,False,,False,,,,,observed_day,False
2021-12-23,True,2.1500833333333333,True,,,,,,,,,2.1500833333333333,False,,False,,,,,observed_day,False
2021-12-24,True,1.2757500000000002,True,,,,,,,,,1.2757500000000002,False,,False,,,,,observed_day,False
2021-12-25,True,3.933875,True,,,,,,,,,3.933875,False,,False,,,,,observed_day,False
2021-12-26,True,5.500291666666667,True,,,,,,,,,5.500291666666667,False,,False,,,,,observed_day,False
2021-12-27,True,4.348,True,,,,,,,,,4.348,False,,False,,,,,observed_day,False
2021-12-28,True,4.195291666666667,True,,,,,,,,,4.195291666666667,False,,False,,,,,observed_day,False
2021-12-29,True,3.371,True,,,,,,,,,3.371,False,,False,,,,,observed_day,False
2021-12-30,True,2.562625,True,,,,,,,,,2.562625,False,,False,,,,,observed_day,False
2021-12-31,True,2.9522083333333335,True,,,,,,,,,2.9522083333333335,False,,False,,,,,observed_day,False
2022-01-01,True,3.794954545454545,True,,,,,,,,,3.794954545454545,False,,False,,,,,observed_day,False
2022-01-02,True,1.4109166666666664,True,,,,,,,,,1.4109166666666664,False,,False,,,,,observed_day,False
2022-01-03,True,0.8675833333333335,True,,,,,,,,,0.8675833333333335,False,,False,,,,,observed_day,False
2022-01-04,True,1.731,True,,,,,,,,,1.731,False,,False,,,,,observed_day,False
2022-01-05,True,2.031,True,,,,,,,,,2.031,False,,False,,,,,observed_day,False
2022-01-06,True,1.3058333333333334,True,,,,,,,,,1.3058333333333334,False,,False,,,,,observed_day,False
2022-01-07,True,1.3482500000000002,True,,,,,,,,,1.3482500000000002,False,,False,,,,,observed_day,False
2022-01-08,True,5.0168333333333335,True,,,,,,,,,5.0168333333333335,False,,False,,,,,observed_day,False
2022-01-09,True,5.269791666666667,True,,,,,,,,,5.269791666666667,False,,False,,,,,observed_day,False
2022-01-10,True,4.9003749999999995,True,,,,,,,,,4.9003749999999995,False,,False,,,,,observed_day,False
2022-01-11,True,3.0530000000000004,True,,,,,,,,,3.0530000000000004,False,,False,,,,,observed_day,False
2022-01-12,True,2.4614166666666666,True,,,,,,,,,2.4614166666666666,False,,False,,,,,observed_day,False
2022-01-13,True,2.362833333333333,True,,,,,,,,,2.362833333333333,False,,False,,,,,observed_day,False
2022-01-14,True,1.5816666666666668,True,,,,,,,,,1.5816666666666668,False,,False,,,,,observed_day,False
2022-01-15,True,1.4723333333333333,True,,,,,,,,,1.4723333333333333,False,,False,,,,,observed_day,False
2022-01-16,True,2.1641666666666666,True,,,,,,,,,2.1641666666666666,False,,False,,,,,observed_day,False
2022-01-17,True,2.3095833333333333,True,,,,,,,,,2.3095833333333333,False,,False,,,,,observed_day,False
2022-01-18,True,2.292291666666667,True,,,,,,,,,2.292291666666667,False,,False,,,,,observed_day,False
2022-01-19,True,4.250708333333333,True,,,,,,,,,4.250708333333333,False,,False,,,,,observed_day,False
2022-01-20,True,6.242208333333334,True,,,,,,,,,6.242208333333334,False,,False,,,,,observed_day,False
2022-01-21,True,5.101833333333333,True,,,,,,,,,5.101833333333333,False,,False,,,,,observed_day,False
2022-01-22,True,3.8862083333333337,True,,,,,,,,,3.8862083333333337,False,,False,,,,,observed_day,False
2022-01-23,True,4.023625,True,,,,,,,,,4.023625,False,,False,,,,,observed_day,False
2022-01-24,True,9.846708333333334,True,,,,,,,,,9.846708333333334,False,,False,,,,,observed_day,False
2022-01-25,True,10.658208333333333,True,,,,,,,,,10.658208333333333,False,,False,,,,,observed_day,False
2022-01-26,False,,False,REAL_L001_20220126,9.528719508085391,0.9790345430374146,True,False,REAL_L001_20220126,1.0,9.166749016635162,9.166749016635162,True,gaussian_process,False,REAL_L001_20220126,1.0,short,no,real gap — no withheld truth,False
2022-01-27,True,9.111583333333334,True,,,,,,,,,9.111583333333334,False,,False,,,,,observed_day,False
2022-01-28,True,8.526875,True,,,,,,,,,8.526875,False,,False,,,,,observed_day,False
2022-01-29,True,6.455208333333332,True,,,,,,,,,6.455208333333332,False,,False,,,,,observed_day,False
2022-01-30,True,5.2087916666666665,True,,,,,,,,,5.2087916666666665,False,,False,,,,,observed_day,False
2022-01-31,True,2.9723749999999995,True,,,,,,,,,2.9723749999999995,False,,False,,,,,observed_day,False
2022-02-01,True,3.1735416666666665,True,,,,,,,,,3.1735416666666665,False,,False,,,,,observed_day,False
2022-02-02,True,2.993458333333333,True,,,,,,,,,2.993458333333333,False,,False,,,,,observed_day,False
2022-02-03,False,2.348,False,REAL_L001_20220203,2.2619765829017378,0.3544881045818329,True,False,REAL_L001_20220203,1.0,2.320739380115305,2.320739380115305,True,gaussian_process,False,REAL_L001_20220203,1.0,short,no,real gap — no withheld truth,False
2022-02-04,True,1.9041666666666668,True,,,,,,,,,1.9041666666666668,False,,False,,,,,observed_day,False
2022-02-05,True,2.120791666666667,True,,,,,,,,,2.120791666666667,False,,False,,,,,observed_day,False
2022-02-06,True,2.504166666666667,True,,,,,,,,,2.504166666666667,False,,False,,,,,observed_day,False
2022-02-07,True,2.93975,True,,,,,,,,,2.93975,False,,False,,,,,observed_day,False
2022-02-08,True,2.740375,True,,,,,,,,,2.740375,False,,False,,,,,observed_day,False
2022-02-09,True,2.1759583333333334,True,,,,,,,,,2.1759583333333334,False,,False,,,,,observed_day,False
2022-02-10,True,1.688125,True,,,,,,,,,1.688125,False,,False,,,,,observed_day,False
2022-02-11,True,1.0865416666666663,True,,,,,,,,,1.0865416666666663,False,,False,,,,,observed_day,False
2022-02-12,True,0.7387499999999999,True,,,,,,,,,0.7387499999999999,False,,False,,,,,observed_day,False
2022-02-13,True,1.3675,True,,,,,,,,,1.3675,False,,False,,,,,observed_day,False
2022-02-14,True,2.3301666666666665,True,,,,,,,,,2.3301666666666665,False,,False,,,,,observed_day,False
2022-02-15,True,2.33175,True,,,,,,,,,2.33175,False,,False,,,,,observed_day,False
2022-02-16,True,0.8715416666666665,True,,,,,,,,,0.8715416666666665,False,,False,,,,,observed_day,False
2022-02-17,True,1.0567916666666666,True,,,,,,,,,1.0567916666666666,False,,False,,,,,observed_day,False
2022-02-18,True,4.38375,True,,,,,,,,,4.38375,False,,False,,,,,observed_day,False
2022-02-19,True,6.743666666666667,True,,,,,,,,,6.743666666666667,False,,False,,,,,observed_day,False
2022-02-20,True,2.8869166666666666,True,,,,,,,,,2.8869166666666666,False,,False,,,,,observed_day,False
2022-02-21,True,3.233125,True,,,,,,,,,3.233125,False,,False,,,,,observed_day,False
2022-02-22,True,4.57825,True,,,,,,,,,4.57825,False,,False,,,,,observed_day,False
2022-02-23,True,6.267625,True,,,,,,,,,6.267625,False,,False,,,,,observed_day,False
2022-02-24,True,4.098291666666667,True,,,,,,,,,4.098291666666667,False,,False,,,,,observed_day,False
2022-02-25,True,3.142375,True,,,,,,,,,3.142375,False,,False,,,,,observed_day,False
2022-02-26,True,3.4620833333333336,True,,,,,,,,,3.4620833333333336,False,,False,,,,,observed_day,False
2022-02-27,True,2.9776249999999997,True,,,,,,,,,2.9776249999999997,False,,False,,,,,observed_day,False
2022-02-28,True,1.204125,True,,,,,,,,,1.204125,False,,False,,,,,observed_day,False
2022-03-01,True,1.6015416666666669,True,,,,,,,,,1.6015416666666669,False,,False,,,,,observed_day,False
2022-03-02,True,8.030125,True,,,,,,,,,8.030125,False,,False,,,,,observed_day,False
2022-03-03,True,16.765333333333334,True,,,,,,,,,16.765333333333334,False,,False,,,,,observed_day,False
2022-03-04,True,17.901625,True,,,,,,,,,17.901625,False,,False,,,,,observed_day,False
2022-03-05,True,12.342999999999998,True,,,,,,,,,12.342999999999998,False,,False,,,,,observed_day,False
2022-03-06,True,5.375333333333333,True,,,,,,,,,5.375333333333333,False,,False,,,,,observed_day,False
2022-03-07,True,4.20225,True,,,,,,,,,4.20225,False,,False,,,,,observed_day,False
2022-03-08,True,5.751124999999999,True,,,,,,,,,5.751124999999999,False,,False,,,,,observed_day,False
2022-03-09,True,7.287791666666667,True,,,,,,,,,7.287791666666667,False,,False,,,,,observed_day,False
2022-03-10,True,9.357041666666667,True,,,,,,,,,9.357041666666667,False,,False,,,,,observed_day,False
2022-03-11,True,14.197875000000002,True,,,,,,,,,14.197875000000002,False,,False,,,,,observed_day,False
2022-03-12,True,12.601166666666666,True,,,,,,,,,12.601166666666666,False,,False,,,,,observed_day,False
2022-03-13,True,11.186916666666669,True,,,,,,,,,11.186916666666669,False,,False,,,,,observed_day,False
2022-03-14,True,12.649499999999998,True,,,,,,,,,12.649499999999998,False,,False,,,,,observed_day,False
2022-03-15,True,12.1175,True,,,,,,,,,12.1175,False,,False,,,,,observed_day,False
2022-03-16,True,10.979,True,,,,,,,,,10.979,False,,False,,,,,observed_day,False
2022-03-17,True,11.404541666666663,True,,,,,,,,,11.404541666666663,False,,False,,,,,observed_day,False
2022-03-18,True,9.706,True,,,,,,,,,9.706,False,,False,,,,,observed_day,False
2022-03-19,True,7.074333333333333,True,,,,,,,,,7.074333333333333,False,,False,,,,,observed_day,False
2022-03-20,True,8.942333333333332,True,,,,,,,,,8.942333333333332,False,,False,,,,,observed_day,False
2022-03-21,True,6.352374999999999,True,,,,,,,,,6.352374999999999,False,,False,,,,,observed_day,False
2022-03-22,True,3.192625,True,,,,,,,,,3.192625,False,,False,,,,,observed_day,False
2022-03-23,True,2.4677916666666664,True,,,,,,,,,2.4677916666666664,False,,False,,,,,observed_day,False
2022-03-24,True,1.659333333333333,True,,,,,,,,,1.659333333333333,False,,False,,,,,observed_day,False
2022-03-25,True,2.171625,True,,,,,,,,,2.171625,False,,False,,,,,observed_day,False
2022-03-26,True,1.4722083333333336,True,,,,,,,,,1.4722083333333336,False,,False,,,,,observed_day,False
2022-03-27,True,1.4669583333333334,True,,,,,,,,,1.4669583333333334,False,,False,,,,,observed_day,False
2022-03-28,True,2.188916666666667,True,,,,,,,,,2.188916666666667,False,,False,,,,,observed_day,False
2022-03-29,True,4.390875,True,,,,,,,,,4.390875,False,,False,,,,,observed_day,False
2022-03-30,True,2.8149166666666665,True,,,,,,,,,2.8149166666666665,False,,False,,,,,observed_day,False
2022-03-31,True,5.0129166666666665,True,,,,,,,,,5.0129166666666665,False,,False,,,,,observed_day,False
2022-04-01,True,10.522833333333336,True,,,,,,,,,10.522833333333336,False,,False,,,,,observed_day,False
2022-04-02,True,10.462833333333334,True,,,,,,,,,10.462833333333334,False,,False,,,,,observed_day,False
2022-04-03,True,8.637875,True,,,,,,,,,8.637875,False,,False,,,,,observed_day,False
2022-04-04,True,8.553583333333332,True,,,,,,,,,8.553583333333332,False,,False,,,,,observed_day,False
2022-04-05,True,10.685125,True,,,,,,,,,10.685125,False,,False,,,,,observed_day,False
2022-04-06,True,11.85975,True,,,,,,,,,11.85975,False,,False,,,,,observed_day,False
2022-04-07,True,14.014208333333334,True,,,,,,,,,14.014208333333334,False,,False,,,,,observed_day,False
2022-04-08,True,9.465541666666669,True,,,,,,,,,9.465541666666669,False,,False,,,,,observed_day,False
2022-04-09,False,10.7425,False,REAL_L001_20220409,7.924874972223088,0.8989924192428589,True,False,REAL_L001_20220409,1.0,8.020818019444341,8.020818019444341,True,gaussian_process,False,REAL_L001_20220409,1.0,short,no,real gap — no withheld truth,False
2022-04-10,True,6.387791666666668,True,,,,,,,,,6.387791666666668,False,,False,,,,,observed_day,False
2022-04-11,True,3.356125,True,,,,,,,,,3.356125,False,,False,,,,,observed_day,False
2022-04-12,True,3.137166666666667,True,,,,,,,,,3.137166666666667,False,,False,,,,,observed_day,False
2022-04-13,True,5.445708333333333,True,,,,,,,,,5.445708333333333,False,,False,,,,,observed_day,False
2022-04-14,True,7.566916666666667,True,,,,,,,,,7.566916666666667,False,,False,,,,,observed_day,False
2022-04-15,True,5.498125000000001,True,,,,,,,,,5.498125000000001,False,,False,,,,,observed_day,False
2022-04-16,True,4.015,True,,,,,,,,,4.015,False,,False,,,,,observed_day,False
2022-04-17,True,3.4852916666666665,True,,,,,,,,,3.4852916666666665,False,,False,,,,,observed_day,False
2022-04-18,True,6.09975,True,,,,,,,,,6.09975,False,,False,,,,,observed_day,False
2022-04-19,True,8.291375,True,,,,,,,,,8.291375,False,,False,,,,,observed_day,False
2022-04-20,True,6.6677083333333345,True,,,,,,,,,6.6677083333333345,False,,False,,,,,observed_day,False
2022-04-21,True,6.781,True,,,,,,,,,6.781,False,,False,,,,,observed_day,False
2022-04-22,True,6.6982083333333335,True,,,,,,,,,6.6982083333333335,False,,False,,,,,observed_day,False
2022-04-23,True,5.8989166666666675,True,,,,,,,,,5.8989166666666675,False,,False,,,,,observed_day,False
2022-04-24,True,6.614625,True,,,,,,,,,6.614625,False,,False,,,,,observed_day,False
2022-04-25,True,6.864708333333333,True,,,,,,,,,6.864708333333333,False,,False,,,,,observed_day,False
2022-04-26,True,3.869875,True,,,,,,,,,3.869875,False,,False,,,,,observed_day,False
2022-04-27,True,2.12975,True,,,,,,,,,2.12975,False,,False,,,,,observed_day,False
2022-04-28,True,1.712,True,,,,,,,,,1.712,False,,False,,,,,observed_day,False
2022-04-29,True,1.4496666666666669,True,,,,,,,,,1.4496666666666669,False,,False,,,,,observed_day,False
2022-04-30,True,2.1315,True,,,,,,,,,2.1315,False,,False,,,,,observed_day,False
2022-05-01,True,2.7737916666666664,True,,,,,,,,,2.7737916666666664,False,,False,,,,,observed_day,False
2022-05-02,True,3.328416666666666,True,,,,,,,,,3.328416666666666,False,,False,,,,,observed_day,False
2022-05-03,True,4.0112499999999995,True,,,,,,,,,4.0112499999999995,False,,False,,,,,observed_day,False
2022-05-04,True,2.826,True,,,,,,,,,2.826,False,,False,,,,,observed_day,False
2022-05-05,True,2.44325,True,,,,,,,,,2.44325,False,,False,,,,,observed_day,False
2022-05-06,True,1.8950833333333332,True,,,,,,,,,1.8950833333333332,False,,False,,,,,observed_day,False
2022-05-07,True,3.062291666666667,True,,,,,,,,,3.062291666666667,False,,False,,,,,observed_day,False
2022-05-08,True,3.254375,True,,,,,,,,,3.254375,False,,False,,,,,observed_day,False
2022-05-09,True,1.7392083333333332,True,,,,,,,,,1.7392083333333332,False,,False,,,,,observed_day,False
2022-05-10,True,4.696916666666667,True,,,,,,,,,4.696916666666667,False,,False,,,,,observed_day,False
2022-05-11,True,2.7731428571428576,True,,,,,,,,,2.7731428571428576,False,,False,,,,,observed_day,False
2022-05-12,True,1.9914999999999996,True,,,,,,,,,1.9914999999999996,False,,False,,,,,observed_day,False
2022-05-13,True,1.969541666666667,True,,,,,,,,,1.969541666666667,False,,False,,,,,observed_day,False
2022-05-14,True,1.678,True,,,,,,,,,1.678,False,,False,,,,,observed_day,False
2022-05-15,True,1.5222083333333334,True,,,,,,,,,1.5222083333333334,False,,False,,,,,observed_day,False
2022-05-16,False,1.972,False,REAL_L001_20220516,1.163560758952256,0.0657890662550926,True,False,REAL_L001_20220516,1.0,1.266074491072655,1.266074491072655,True,gaussian_process,False,REAL_L001_20220516,1.0,short,no,real gap — no withheld truth,False
2022-05-17,True,1.0016500000000002,True,,,,,,,,,1.0016500000000002,False,,False,,,,,observed_day,False
2022-05-18,True,1.3634583333333332,True,,,,,,,,,1.3634583333333332,False,,False,,,,,observed_day,False
2022-05-19,True,1.6831249999999998,True,,,,,,,,,1.6831249999999998,False,,False,,,,,observed_day,False
2022-05-20,True,1.6162083333333337,True,,,,,,,,,1.6162083333333337,False,,False,,,,,observed_day,False
2022-05-21,True,1.3724999999999998,True,,,,,,,,,1.3724999999999998,False,,False,,,,,observed_day,False
2022-05-22,True,2.091875,True,,,,,,,,,2.091875,False,,False,,,,,observed_day,False
2022-05-23,True,5.491083333333333,True,,,,,,,,,5.491083333333333,False,,False,,,,,observed_day,False
2022-05-24,True,6.735458333333334,True,,,,,,,,,6.735458333333334,False,,False,,,,,observed_day,False
2022-05-25,True,6.619875,True,,,,,,,,,6.619875,False,,False,,,,,observed_day,False
2022-05-26,True,8.019666666666668,True,,,,,,,,,8.019666666666668,False,,False,,,,,observed_day,False
2022-05-27,True,9.314791666666666,True,,,,,,,,,9.314791666666666,False,,False,,,,,observed_day,False
2022-05-28,True,6.609333333333333,True,,,,,,,,,6.609333333333333,False,,False,,,,,observed_day,False
2022-05-29,True,4.50525,True,,,,,,,,,4.50525,False,,False,,,,,observed_day,False
2022-05-30,True,4.067625,True,,,,,,,,,4.067625,False,,False,,,,,observed_day,False
2022-05-31,True,1.508416666666667,True,,,,,,,,,1.508416666666667,False,,False,,,,,observed_day,False
2022-06-01,True,2.8574583333333337,True,,,,,,,,,2.8574583333333337,False,,False,,,,,observed_day,False
2022-06-02,True,3.4894166666666666,True,,,,,,,,,3.4894166666666666,False,,False,,,,,observed_day,False
2022-06-03,True,2.4088333333333334,True,,,,,,,,,2.4088333333333334,False,,False,,,,,observed_day,False
2022-06-04,True,2.999333333333334,True,,,,,,,,,2.999333333333334,False,,False,,,,,observed_day,False
2022-06-05,True,3.006041666666667,True,,,,,,,,,3.006041666666667,False,,False,,,,,observed_day,False
2022-06-06,True,3.4793749999999997,True,,,,,,,,,3.4793749999999997,False,,False,,,,,observed_day,False
2022-06-07,True,2.549583333333333,True,,,,,,,,,2.549583333333333,False,,False,,,,,observed_day,False
2022-06-08,True,1.7416250000000002,True,,,,,,,,,1.7416250000000002,False,,False,,,,,observed_day,False
2022-06-09,True,1.791958333333333,True,,,,,,,,,1.791958333333333,False,,False,,,,,observed_day,False
2022-06-10,True,2.407666666666666,True,,,,,,,,,2.407666666666666,False,,False,,,,,observed_day,False
2022-06-11,True,1.8547916666666664,True,,,,,,,,,1.8547916666666664,False,,False,,,,,observed_day,False
2022-06-12,True,2.122291666666667,True,,,,,,,,,2.122291666666667,False,,False,,,,,observed_day,False
2022-06-13,True,3.1913750000000003,True,,,,,,,,,3.1913750000000003,False,,False,,,,,observed_day,False
2022-06-14,True,4.0715,True,,,,,,,,,4.0715,False,,False,,,,,observed_day,False
2022-06-15,True,3.5834166666666665,True,,,,,,,,,3.5834166666666665,False,,False,,,,,observed_day,False
2022-06-16,True,3.5543750000000003,True,,,,,,,,,3.5543750000000003,False,,False,,,,,observed_day,False
2022-06-17,True,3.512833333333333,True,,,,,,,,,3.512833333333333,False,,False,,,,,observed_day,False
2022-06-18,True,4.755708333333334,True,,,,,,,,,4.755708333333334,False,,False,,,,,observed_day,False
2022-06-19,True,8.211291666666666,True,,,,,,,,,8.211291666666666,False,,False,,,,,observed_day,False
2022-06-20,True,11.473083333333332,True,,,,,,,,,11.473083333333332,False,,False,,,,,observed_day,False
2022-06-21,True,8.879083333333334,True,,,,,,,,,8.879083333333334,False,,False,,,,,observed_day,False
2022-06-22,True,8.110000000000001,True,,,,,,,,,8.110000000000001,False,,False,,,,,observed_day,False
2022-06-23,True,5.727875,True,,,,,,,,,5.727875,False,,False,,,,,observed_day,False
2022-06-24,True,2.8375,True,,,,,,,,,2.8375,False,,False,,,,,observed_day,False
2022-06-25,True,2.8060416666666668,True,,,,,,,,,2.8060416666666668,False,,False,,,,,observed_day,False
2022-06-26,True,4.325541666666667,True,,,,,,,,,4.325541666666667,False,,False,,,,,observed_day,False
2022-06-27,True,5.573958333333333,True,,,,,,,,,5.573958333333333,False,,False,,,,,observed_day,False
2022-06-28,True,6.281083333333332,True,,,,,,,,,6.281083333333332,False,,False,,,,,observed_day,False
2022-06-29,True,5.20275,True,,,,,,,,,5.20275,False,,False,,,,,observed_day,False
2022-06-30,True,4.8725,True,,,,,,,,,4.8725,False,,False,,,,,observed_day,False
2022-07-01,True,7.017500000000001,True,,,,,,,,,7.017500000000001,False,,False,,,,,observed_day,False
2022-07-02,True,6.470833333333334,True,,,,,,,,,6.470833333333334,False,,False,,,,,observed_day,False
2022-07-03,True,6.422458333333334,True,,,,,,,,,6.422458333333334,False,,False,,,,,observed_day,False
2022-07-04,True,5.5432500000000005,True,,,,,,,,,5.5432500000000005,False,,False,,,,,observed_day,False
2022-07-05,True,6.969541666666667,True,,,,,,,,,6.969541666666667,False,,False,,,,,observed_day,False
2022-07-06,True,5.180208333333334,True,,,,,,,,,5.180208333333334,False,,False,,,,,observed_day,False
2022-07-07,True,6.315291666666667,True,,,,,,,,,6.315291666666667,False,,False,,,,,observed_day,False
2022-07-08,True,8.178375,True,,,,,,,,,8.178375,False,,False,,,,,observed_day,False
2022-07-09,True,15.722583333333333,True,,,,,,,,,15.722583333333333,False,,False,,,,,observed_day,False
2022-07-10,True,11.03433333333333,True,,,,,,,,,11.03433333333333,False,,False,,,,,observed_day,False
2022-07-11,True,6.832541666666667,True,,,,,,,,,6.832541666666667,False,,False,,,,,observed_day,False
2022-07-12,True,5.212041666666667,True,,,,,,,,,5.212041666666667,False,,False,,,,,observed_day,False
2022-07-13,True,5.646333333333334,True,,,,,,,,,5.646333333333334,False,,False,,,,,observed_day,False
2022-07-14,True,5.491874999999999,True,,,,,,,,,5.491874999999999,False,,False,,,,,observed_day,False
2022-07-15,True,1.821625,True,,,,,,,,,1.821625,False,,False,,,,,observed_day,False
2022-07-16,True,1.1360833333333331,True,,,,,,,,,1.1360833333333331,False,,False,,,,,observed_day,False
2022-07-17,True,1.11975,True,,,,,,,,,1.11975,False,,False,,,,,observed_day,False
2022-07-18,True,1.039625,True,,,,,,,,,1.039625,False,,False,,,,,observed_day,False
2022-07-19,True,1.366875,True,,,,,,,,,1.366875,False,,False,,,,,observed_day,False
2022-07-20,True,2.414875,True,,,,,,,,,2.414875,False,,False,,,,,observed_day,False
2022-07-21,True,2.6104166666666666,True,,,,,,,,,2.6104166666666666,False,,False,,,,,observed_day,False
2022-07-22,True,5.250541666666667,True,,,,,,,,,5.250541666666667,False,,False,,,,,observed_day,False
2022-07-23,True,10.217083333333331,True,,,,,,,,,10.217083333333331,False,,False,,,,,observed_day,False
2022-07-24,True,9.355791666666669,True,,,,,,,,,9.355791666666669,False,,False,,,,,observed_day,False
2022-07-25,True,7.959,True,,,,,,,,,7.959,False,,False,,,,,observed_day,False
2022-07-26,True,7.833375,True,,,,,,,,,7.833375,False,,False,,,,,observed_day,False
2022-07-27,False,6.297454545454546,False,REAL_L031_20220727,6.823166738692942,0.8339859843254089,False,False,REAL_L031_20220727,71.0,5.295317920761517,5.295317920761517,True,gap_edge_residual_model,True,REAL_L031_20220727,71.0,long,yes,real gap — no withheld truth,False
2022-07-28,False,,False,REAL_L031_20220727,5.416511961274237,0.7337197065353394,False,False,REAL_L031_20220727,71.0,4.783262023362196,4.783262023362196,True,gap_edge_residual_model,True,REAL_L031_20220727,71.0,long,yes,real gap — no withheld truth,False
2022-07-29,False,,False,REAL_L031_20220727,4.742847484572173,0.6760391592979431,False,False,REAL_L031_20220727,71.0,4.61451604895665,4.61451604895665,True,gap_edge_residual_model,True,REAL_L031_20220727,71.0,long,yes,real gap — no withheld truth,False
2022-07-30,False,,False,REAL_L031_20220727,4.02230907296892,0.6044754385948181,False,False,REAL_L031_20220727,71.0,5.018872290031683,5.018872290031683,True,gap_edge_residual_model,True,REAL_L031_20220727,71.0,long,yes,real gap — no withheld truth,False
2022-07-31,False,,False,REAL_L031_20220727,3.390757127352023,0.5302966833114624,False,False,REAL_L031_20220727,71.0,5.536250159557491,5.536250159557491,True,gap_edge_residual_model,True,REAL_L031_20220727,71.0,long,yes,real gap — no withheld truth,False
2022-08-01,False,,False,REAL_L031_20220727,3.9477322510176474,0.5963476896286011,False,False,REAL_L031_20220727,71.0,5.68627176208794,5.68627176208794,True,gap_edge_residual_model,True,REAL_L031_20220727,71.0,long,yes,real gap — no withheld truth,False
2022-08-02,False,,False,REAL_L031_20220727,3.821833428339737,0.5822717547416687,False,False,REAL_L031_20220727,71.0,5.15852830969934,5.15852830969934,True,gap_edge_residual_model,True,REAL_L031_20220727,71.0,long,yes,real gap — no withheld truth,False
2022-08-03,False,,False,REAL_L031_20220727,3.890026752629662,0.5899525880813599,False,False,REAL_L031_20220727,71.0,4.804527102121823,4.804527102121823,True,gap_edge_residual_model,True,REAL_L031_20220727,71.0,long,yes,real gap — no withheld truth,False
2022-08-04,False,,False,REAL_L031_20220727,3.67768549081918,0.565574586391449,False,False,REAL_L031_20220727,71.0,5.102823005154827,5.102823005154827,True,gap_edge_residual_model,True,REAL_L031_20220727,71.0,long,yes,real gap — no withheld truth,False
2022-08-05,False,,False,REAL_L031_20220727,2.8770234172808298,0.4589433968067169,False,False,REAL_L031_20220727,71.0,4.632174882907333,4.632174882907333,True,gap_edge_residual_model,True,REAL_L031_20220727,71.0,long,yes,real gap — no withheld truth,False
2022-08-06,False,,False,REAL_L031_20220727,3.5742823817009843,0.5531888604164124,False,False,REAL_L031_20220727,71.0,4.651405402792151,4.651405402792151,True,gap_edge_residual_model,True,REAL_L031_20220727,71.0,long,yes,real gap — no withheld truth,False
2022-08-07,False,,False,REAL_L031_20220727,3.5410421426102867,0.5491310954093933,False,False,REAL_L031_20220727,71.0,4.967487289766332,4.967487289766332,True,gap_edge_residual_model,True,REAL_L031_20220727,71.0,long,yes,real gap — no withheld truth,False
2022-08-08,False,,False,REAL_L031_20220727,3.507658961197104,0.5450173616409302,False,False,REAL_L031_20220727,71.0,4.970900271383626,4.970900271383626,True,gap_edge_residual_model,True,REAL_L031_20220727,71.0,long,yes,real gap — no withheld truth,False
2022-08-09,False,,False,REAL_L031_20220727,2.8800806367891463,0.4594046473503113,False,False,REAL_L031_20220727,71.0,4.409836011301927,4.409836011301927,True,gap_edge_residual_model,True,REAL_L031_20220727,71.0,long,yes,real gap — no withheld truth,False
2022-08-10,False,,False,REAL_L031_20220727,3.938078803213081,0.5952844023704529,False,False,REAL_L031_20220727,71.0,4.226834211370873,4.226834211370873,True,gap_edge_residual_model,True,REAL_L031_20220727,71.0,long,yes,real gap — no withheld truth,False
2022-08-11,False,,False,REAL_L031_20220727,3.609268909405916,0.5574192404747009,False,False,REAL_L031_20220727,71.0,4.580843127142013,4.580843127142013,True,gap_edge_residual_model,True,REAL_L031_20220727,71.0,long,yes,real gap — no withheld truth,False
2022-08-12,False,,False,REAL_L031_20220727,4.273743103898722,0.630808413028717,False,False,REAL_L031_20220727,71.0,4.820310013315699,4.820310013315699,True,gap_edge_residual_model,True,REAL_L031_20220727,71.0,long,yes,real gap — no withheld truth,False
2022-08-13,False,,False,REAL_L031_20220727,3.5229871638170644,0.5469110608100891,False,False,REAL_L031_20220727,71.0,4.4076662039967465,4.4076662039967465,True,gap_edge_residual_model,True,REAL_L031_20220727,71.0,long,yes,real gap — no withheld truth,False
2022-08-14,False,,False,REAL_L031_20220727,3.8041935192189142,0.5802626013755798,False,False,REAL_L031_20220727,71.0,4.836752585098905,4.836752585098905,True,gap_edge_residual_model,True,REAL_L031_20220727,71.0,long,yes,real gap — no withheld truth,False
2022-08-15,False,,False,REAL_L031_20220727,3.497859657528319,0.5438023805618286,False,False,REAL_L031_20220727,71.0,4.9723302429740155,4.9723302429740155,True,gap_edge_residual_model,True,REAL_L031_20220727,71.0,long,yes,real gap — no withheld truth,False
2022-08-16,False,,False,REAL_L031_20220727,3.852398528709609,0.5857312083244324,False,False,REAL_L031_20220727,71.0,4.70745386890909,4.70745386890909,True,gap_edge_residual_model,True,REAL_L031_20220727,71.0,long,yes,real gap — no withheld truth,False
2022-08-17,False,,False,REAL_L031_20220727,3.9162441450884025,0.592869758605957,False,False,REAL_L031_20220727,71.0,3.97811746595675,3.97811746595675,True,gap_edge_residual_model,True,REAL_L031_20220727,71.0,long,yes,real gap — no withheld truth,False
2022-08-18,False,,False,REAL_L031_20220727,3.90531624562012,0.5916562080383301,False,False,REAL_L031_20220727,71.0,3.5422083651101266,3.5422083651101266,True,gap_edge_residual_model,True,REAL_L031_20220727,71.0,long,yes,real gap — no withheld truth,False
2022-08-19,False,,False,REAL_L031_20220727,3.723467671473466,0.5709475874900818,False,False,REAL_L031_20220727,71.0,3.7336480282523823,3.7336480282523823,True,gap_edge_residual_model,True,REAL_L031_20220727,71.0,long,yes,real gap — no withheld truth,False
2022-08-20,False,,False,REAL_L031_20220727,3.9096204250893423,0.5921345949172974,False,False,REAL_L031_20220727,71.0,4.259539115889076,4.259539115889076,True,gap_edge_residual_model,True,REAL_L031_20220727,71.0,long,yes,real gap — no withheld truth,False
2022-08-21,False,,False,REAL_L031_20220727,3.824026578707255,0.5825209021568298,False,False,REAL_L031_20220727,71.0,5.030139157880099,5.030139157880099,True,gap_edge_residual_model,True,REAL_L031_20220727,71.0,long,yes,real gap — no withheld truth,False
2022-08-22,False,,False,REAL_L031_20220727,3.608090161151255,0.5572773814201355,False,False,REAL_L031_20220727,71.0,5.577386572247973,5.577386572247973,True,gap_edge_residual_model,True,REAL_L031_20220727,71.0,long,yes,real gap — no withheld truth,False
2022-08-23,False,,False,REAL_L031_20220727,3.826736698848277,0.5828285813331604,False,False,REAL_L031_20220727,71.0,5.739510986668677,5.739510986668677,True,gap_edge_residual_model,True,REAL_L031_20220727,71.0,long,yes,real gap — no withheld truth,False
2022-08-24,False,,False,REAL_L031_20220727,3.5265079189748265,0.5473448634147644,False,False,REAL_L031_20220727,71.0,5.326778502614853,5.326778502614853,True,gap_edge_residual_model,True,REAL_L031_20220727,71.0,long,yes,real gap — no withheld truth,False
2022-08-25,False,,False,REAL_L031_20220727,3.70170659183044,0.5684019923210144,False,False,REAL_L031_20220727,71.0,5.241465937700238,5.241465937700238,True,gap_edge_residual_model,True,REAL_L031_20220727,71.0,long,yes,real gap — no withheld truth,False
2022-08-26,False,,False,REAL_L031_20220727,3.657014507776504,0.5631266832351685,False,False,REAL_L031_20220727,71.0,5.204762390874065,5.204762390874065,True,gap_edge_residual_model,True,REAL_L031_20220727,71.0,long,yes,real gap — no withheld truth,False
2022-08-27,False,,False,REAL_L031_20220727,3.606651421603778,0.5571041703224182,False,False,REAL_L031_20220727,71.0,5.17849944058146,5.17849944058146,True,gap_edge_residual_model,True,REAL_L031_20220727,71.0,long,yes,real gap — no withheld truth,False
2022-08-28,False,,False,REAL_L031_20220727,3.5623006749819424,0.5517305731773376,False,False,REAL_L031_20220727,71.0,5.762321157467611,5.762321157467611,True,gap_edge_residual_model,True,REAL_L031_20220727,71.0,long,yes,real gap — no withheld truth,False
2022-08-29,False,,False,REAL_L031_20220727,3.927530341508189,0.5941195487976074,False,False,REAL_L031_20220727,71.0,5.766572185802735,5.766572185802735,True,gap_edge_residual_model,True,REAL_L031_20220727,71.0,long,yes,real gap — no withheld truth,False
2022-08-30,False,,False,REAL_L031_20220727,3.668495525663197,0.5644879937171936,False,False,REAL_L031_20220727,71.0,5.657956460233148,5.657956460233148,True,gap_edge_residual_model,True,REAL_L031_20220727,71.0,long,yes,real gap — no withheld truth,False
2022-08-31,False,,False,REAL_L031_20220727,3.698849970435308,0.5680667161941528,False,False,REAL_L031_20220727,71.0,5.248381075478456,5.248381075478456,True,gap_edge_residual_model,True,REAL_L031_20220727,71.0,long,yes,real gap — no withheld truth,False
2022-09-01,False,,False,REAL_L031_20220727,4.057119276241696,0.6082177758216858,False,False,REAL_L031_20220727,71.0,5.024721650830634,5.024721650830634,True,gap_edge_residual_model,True,REAL_L031_20220727,71.0,long,yes,real gap — no withheld truth,False
2022-09-02,False,,False,REAL_L031_20220727,4.546974023731157,0.6577224731445312,False,False,REAL_L031_20220727,71.0,4.840546776126236,4.840546776126236,True,gap_edge_residual_model,True,REAL_L031_20220727,71.0,long,yes,real gap — no withheld truth,False
2022-09-03,False,,False,REAL_L031_20220727,3.802318577914371,0.5800485014915466,False,False,REAL_L031_20220727,71.0,4.5733844866793705,4.5733844866793705,True,gap_edge_residual_model,True,REAL_L031_20220727,71.0,long,yes,real gap — no withheld truth,False
2022-09-04,False,,False,REAL_L031_20220727,3.3267070481453223,0.5220145583152771,False,False,REAL_L031_20220727,71.0,5.0146753731468605,5.0146753731468605,True,gap_edge_residual_model,True,REAL_L031_20220727,71.0,long,yes,real gap — no withheld truth,False
2022-09-05,False,,False,REAL_L031_20220727,4.353468737813291,0.6388354301452637,False,False,REAL_L031_20220727,71.0,4.992508296785677,4.992508296785677,True,gap_edge_residual_model,True,REAL_L031_20220727,71.0,long,yes,real gap — no withheld truth,False
2022-09-06,False,,False,REAL_L031_20220727,3.728597307986987,0.5715454816818237,False,False,REAL_L031_20220727,71.0,5.3674499131017095,5.3674499131017095,True,gap_edge_residual_model,True,REAL_L031_20220727,71.0,long,yes,real gap — no withheld truth,False
2022-09-07,False,,False,REAL_L031_20220727,4.260983050325061,0.6295098066329956,False,False,REAL_L031_20220727,71.0,5.013583603335677,5.013583603335677,True,gap_edge_residual_model,True,REAL_L031_20220727,71.0,long,yes,real gap — no withheld truth,False
2022-09-08,False,,False,REAL_L031_20220727,4.194199398236365,0.622649073600769,False,False,REAL_L031_20220727,71.0,5.171158424137651,5.171158424137651,True,gap_edge_residual_model,True,REAL_L031_20220727,71.0,long,yes,real gap — no withheld truth,False
2022-09-09,False,,False,REAL_L031_20220727,4.311017419592051,0.6345797777175903,False,False,REAL_L031_20220727,71.0,5.129802402170771,5.129802402170771,True,gap_edge_residual_model,True,REAL_L031_20220727,71.0,long,yes,real gap — no withheld truth,False
2022-09-10,False,,False,REAL_L031_20220727,4.056045872411729,0.6081028580665588,False,False,REAL_L031_20220727,71.0,4.60410264267965,4.60410264267965,True,gap_edge_residual_model,True,REAL_L031_20220727,71.0,long,yes,real gap — no withheld truth,False
2022-09-11,False,,False,REAL_L031_20220727,4.834610795005453,0.6843615174293518,False,False,REAL_L031_20220727,71.0,5.282502504904192,5.282502504904192,True,gap_edge_residual_model,True,REAL_L031_20220727,71.0,long,yes,real gap — no withheld truth,False
2022-09-12,False,,False,REAL_L031_20220727,4.392704856117637,0.6427320241928101,False,False,REAL_L031_20220727,71.0,4.820497141683306,4.820497141683306,True,gap_edge_residual_model,True,REAL_L031_20220727,71.0,long,yes,real gap — no withheld truth,False
2022-09-13,False,,False,REAL_L031_20220727,3.819697104124894,0.5820289254188538,False,False,REAL_L031_20220727,71.0,4.418330461116903,4.418330461116903,True,gap_edge_residual_model,True,REAL_L031_20220727,71.0,long,yes,real gap — no withheld truth,False
2022-09-14,False,,False,REAL_L031_20220727,4.529858093428102,0.6560845971107483,False,False,REAL_L031_20220727,71.0,3.783043315419551,3.783043315419551,True,gap_edge_residual_model,True,REAL_L031_20220727,71.0,long,yes,real gap — no withheld truth,False
2022-09-15,False,,False,REAL_L031_20220727,4.05436396125533,0.6079227328300476,False,False,REAL_L031_20220727,71.0,4.091968083421082,4.091968083421082,True,gap_edge_residual_model,True,REAL_L031_20220727,71.0,long,yes,real gap — no withheld truth,False
2022-09-16,False,,False,REAL_L031_20220727,3.852622184411669,0.5857564210891724,False,False,REAL_L031_20220727,71.0,4.399168314096497,4.399168314096497,True,gap_edge_residual_model,True,REAL_L031_20220727,71.0,long,yes,real gap — no withheld truth,False
2022-09-17,False,,False,REAL_L031_20220727,4.655749567828512,0.6679896116256714,False,False,REAL_L031_20220727,71.0,4.800862253225396,4.800862253225396,True,gap_edge_residual_model,True,REAL_L031_20220727,71.0,long,yes,real gap — no withheld truth,False
2022-09-18,False,,False,REAL_L031_20220727,4.712111605278145,0.6732155680656433,False,False,REAL_L031_20220727,71.0,4.780417783182072,4.780417783182072,True,gap_edge_residual_model,True,REAL_L031_20220727,71.0,long,yes,real gap — no withheld truth,False
2022-09-19,False,,False,REAL_L031_20220727,4.648858191533198,0.6673462986946106,False,False,REAL_L031_20220727,71.0,4.3829694985020335,4.3829694985020335,True,gap_edge_residual_model,True,REAL_L031_20220727,71.0,long,yes,real gap — no withheld truth,False
2022-09-20,False,,False,REAL_L031_20220727,3.109987202368246,0.4927586019039154,False,False,REAL_L031_20220727,71.0,3.4003251352904007,3.4003251352904007,True,gap_edge_residual_model,True,REAL_L031_20220727,71.0,long,yes,real gap — no withheld truth,False
2022-09-21,False,,False,REAL_L031_20220727,4.141105286357968,0.6171162724494934,False,False,REAL_L031_20220727,71.0,2.4703494887373556,2.4703494887373556,True,gap_edge_residual_model,True,REAL_L031_20220727,71.0,long,yes,real gap — no withheld truth,False
2022-09-22,False,,False,REAL_L031_20220727,3.5839794903629274,0.5543655157089233,False,False,REAL_L031_20220727,71.0,2.0596190685212483,2.0596190685212483,True,gap_edge_residual_model,True,REAL_L031_20220727,71.0,long,yes,real gap — no withheld truth,False
2022-09-23,False,,False,REAL_L031_20220727,4.436860480308613,0.6470757722854614,False,False,REAL_L031_20220727,71.0,2.471819994359864,2.471819994359864,True,gap_edge_residual_model,True,REAL_L031_20220727,71.0,long,yes,real gap — no withheld truth,False
2022-09-24,False,,False,REAL_L031_20220727,3.8732227917707225,0.5880724787712097,False,False,REAL_L031_20220727,71.0,2.5245427864505317,2.5245427864505317,True,gap_edge_residual_model,True,REAL_L031_20220727,71.0,long,yes,real gap — no withheld truth,False
2022-09-25,False,,False,REAL_L031_20220727,4.591663141055866,0.6619700193405151,False,False,REAL_L031_20220727,71.0,3.0541740291675503,3.0541740291675503,True,gap_edge_residual_model,True,REAL_L031_20220727,71.0,long,yes,real gap — no withheld truth,False
2022-09-26,False,,False,REAL_L031_20220727,4.293952768507118,0.6328572630882263,False,False,REAL_L031_20220727,71.0,2.403303005506811,2.403303005506811,True,gap_edge_residual_model,True,REAL_L031_20220727,71.0,long,yes,real gap — no withheld truth,False
2022-09-27,False,,False,REAL_L031_20220727,4.151412526004013,0.6181958913803101,False,False,REAL_L031_20220727,71.0,2.4600726191051545,2.4600726191051545,True,gap_edge_residual_model,True,REAL_L031_20220727,71.0,long,yes,real gap — no withheld truth,False
2022-09-28,False,11.0,False,REAL_L031_20220727,4.546713178987023,0.6576975584030151,False,False,REAL_L031_20220727,71.0,3.276887738452245,3.276887738452245,True,gap_edge_residual_model,True,REAL_L031_20220727,71.0,long,yes,real gap — no withheld truth,False
2022-09-29,False,,False,REAL_L031_20220727,4.306225235344999,0.6340967416763306,False,False,REAL_L031_20220727,71.0,4.074727636237789,4.074727636237789,True,gap_edge_residual_model,True,REAL_L031_20220727,71.0,long,yes,real gap — no withheld truth,False
2022-09-30,False,,False,REAL_L031_20220727,5.252447371996906,0.7203617095947266,False,False,REAL_L031_20220727,71.0,4.06445013412232,4.06445013412232,True,gap_edge_residual_model,True,REAL_L031_20220727,71.0,long,yes,real gap — no withheld truth,False
2022-10-01,False,,False,REAL_L031_20220727,4.2736058536660115,0.6307944655418396,False,False,REAL_L031_20220727,71.0,4.320191784103298,4.320191784103298,True,gap_edge_residual_model,True,REAL_L031_20220727,71.0,long,yes,real gap — no withheld truth,False
2022-10-02,False,,False,REAL_L031_20220727,4.248479744237923,0.6282335519790649,False,False,REAL_L031_20220727,71.0,4.476787244935565,4.476787244935565,True,gap_edge_residual_model,True,REAL_L031_20220727,71.0,long,yes,real gap — no withheld truth,False
2022-10-03,False,11.0,False,REAL_L031_20220727,4.362532535613253,0.6397386789321899,False,False,REAL_L031_20220727,71.0,4.794506598583229,4.794506598583229,True,gap_edge_residual_model,True,REAL_L031_20220727,71.0,long,yes,real gap — no withheld truth,False
2022-10-04,False,,False,REAL_L031_20220727,4.92365645949684,0.6922877430915833,False,False,REAL_L031_20220727,71.0,4.713261023341126,4.713261023341126,True,gap_edge_residual_model,True,REAL_L031_20220727,71.0,long,yes,real gap — no withheld truth,False
2022-10-05,False,7.434933333333333,False,REAL_L031_20220727,4.876242080768043,0.6880852580070496,False,False,REAL_L031_20220727,71.0,4.749974826812115,4.749974826812115,True,gap_edge_residual_model,True,REAL_L031_20220727,71.0,long,yes,real gap — no withheld truth,False
2022-10-06,True,5.0028749999999995,True,,,,,,,,,5.0028749999999995,False,,False,,,,,observed_day,False
2022-10-07,True,5.473333333333334,True,,,,,,,,,5.473333333333334,False,,False,,,,,observed_day,False
2022-10-08,True,8.201333333333332,True,,,,,,,,,8.201333333333332,False,,False,,,,,observed_day,False
2022-10-09,True,4.974791666666667,True,,,,,,,,,4.974791666666667,False,,False,,,,,observed_day,False
2022-10-10,True,6.293125000000001,True,,,,,,,,,6.293125000000001,False,,False,,,,,observed_day,False
2022-10-11,True,4.008958333333333,True,,,,,,,,,4.008958333333333,False,,False,,,,,observed_day,False
2022-10-12,True,3.6374166666666663,True,,,,,,,,,3.6374166666666663,False,,False,,,,,observed_day,False
2022-10-13,True,5.3308333333333335,True,,,,,,,,,5.3308333333333335,False,,False,,,,,observed_day,False
2022-10-14,True,8.124291666666666,True,,,,,,,,,8.124291666666666,False,,False,,,,,observed_day,False
2022-10-15,True,14.578833333333334,True,,,,,,,,,14.578833333333334,False,,False,,,,,observed_day,False
2022-10-16,True,17.557583333333334,True,,,,,,,,,17.557583333333334,False,,False,,,,,observed_day,False
2022-10-17,True,13.998833333333332,True,,,,,,,,,13.998833333333332,False,,False,,,,,observed_day,False
2022-10-18,True,7.904041666666667,True,,,,,,,,,7.904041666666667,False,,False,,,,,observed_day,False
2022-10-19,True,5.617250000000001,True,,,,,,,,,5.617250000000001,False,,False,,,,,observed_day,False
2022-10-20,True,6.345125,True,,,,,,,,,6.345125,False,,False,,,,,observed_day,False
2022-10-21,True,17.873625,True,,,,,,,,,17.873625,False,,False,,,,,observed_day,False
2022-10-22,True,15.046625,True,,,,,,,,,15.046625,False,,False,,,,,observed_day,False
2022-10-23,True,11.824375000000002,True,,,,,,,,,11.824375000000002,False,,False,,,,,observed_day,False
2022-10-24,True,9.171125,True,,,,,,,,,9.171125,False,,False,,,,,observed_day,False
2022-10-25,True,4.465208333333334,True,,,,,,,,,4.465208333333334,False,,False,,,,,observed_day,False
2022-10-26,True,4.841958333333333,True,,,,,,,,,4.841958333333333,False,,False,,,,,observed_day,False
2022-10-27,True,7.056666666666666,True,,,,,,,,,7.056666666666666,False,,False,,,,,observed_day,False
2022-10-28,True,7.084125,True,,,,,,,,,7.084125,False,,False,,,,,observed_day,False
2022-10-29,True,4.394458333333334,True,,,,,,,,,4.394458333333334,False,,False,,,,,observed_day,False
2022-10-30,True,2.1659166666666665,True,,,,,,,,,2.1659166666666665,False,,False,,,,,observed_day,False
2022-10-31,True,1.0787916666666668,True,,,,,,,,,1.0787916666666668,False,,False,,,,,observed_day,False
2022-11-01,True,0.4905,True,,,,,,,,,0.4905,False,,False,,,,,observed_day,False
2022-11-02,True,0.773625,True,,,,,,,,,0.773625,False,,False,,,,,observed_day,False
2022-11-03,True,0.7600833333333332,True,,,,,,,,,0.7600833333333332,False,,False,,,,,observed_day,False
2022-11-04,True,0.9391666666666666,True,,,,,,,,,0.9391666666666666,False,,False,,,,,observed_day,False
2022-11-05,True,3.4127083333333332,True,,,,,,,,,3.4127083333333332,False,,False,,,,,observed_day,False
2022-11-06,True,2.419375,True,,,,,,,,,2.419375,False,,False,,,,,observed_day,False
2022-11-07,True,2.707333333333333,True,,,,,,,,,2.707333333333333,False,,False,,,,,observed_day,False
2022-11-08,True,2.4320416666666667,True,,,,,,,,,2.4320416666666667,False,,False,,,,,observed_day,False
2022-11-09,True,2.693333333333334,True,,,,,,,,,2.693333333333334,False,,False,,,,,observed_day,False
2022-11-10,True,3.2122916666666668,True,,,,,,,,,3.2122916666666668,False,,False,,,,,observed_day,False
2022-11-11,True,2.997375,True,,,,,,,,,2.997375,False,,False,,,,,observed_day,False
2022-11-12,True,2.330458333333333,True,,,,,,,,,2.330458333333333,False,,False,,,,,observed_day,False
2022-11-13,True,1.1995416666666667,True,,,,,,,,,1.1995416666666667,False,,False,,,,,observed_day,False
2022-11-14,True,0.6742083333333334,True,,,,,,,,,0.6742083333333334,False,,False,,,,,observed_day,False
2022-11-15,True,1.8542499999999995,True,,,,,,,,,1.8542499999999995,False,,False,,,,,observed_day,False
2022-11-16,True,2.1846666666666668,True,,,,,,,,,2.1846666666666668,False,,False,,,,,observed_day,False
2022-11-17,True,2.167875,True,,,,,,,,,2.167875,False,,False,,,,,observed_day,False
2022-11-18,True,2.1381666666666668,True,,,,,,,,,2.1381666666666668,False,,False,,,,,observed_day,False
2022-11-19,True,2.16375,True,,,,,,,,,2.16375,False,,False,,,,,observed_day,False
2022-11-20,True,2.3221666666666665,True,,,,,,,,,2.3221666666666665,False,,False,,,,,observed_day,False
2022-11-21,True,1.5516249999999998,True,,,,,,,,,1.5516249999999998,False,,False,,,,,observed_day,False
2022-11-22,True,2.7889166666666667,True,,,,,,,,,2.7889166666666667,False,,False,,,,,observed_day,False
2022-11-23,True,3.706666666666667,True,,,,,,,,,3.706666666666667,False,,False,,,,,observed_day,False
2022-11-24,True,4.045958333333333,True,,,,,,,,,4.045958333333333,False,,False,,,,,observed_day,False
2022-11-25,True,5.782291666666667,True,,,,,,,,,5.782291666666667,False,,False,,,,,observed_day,False
2022-11-26,True,7.617166666666667,True,,,,,,,,,7.617166666666667,False,,False,,,,,observed_day,False
2022-11-27,True,9.181625,True,,,,,,,,,9.181625,False,,False,,,,,observed_day,False
2022-11-28,True,9.687958333333333,True,,,,,,,,,9.687958333333333,False,,False,,,,,observed_day,False
2022-11-29,True,13.416833333333331,True,,,,,,,,,13.416833333333331,False,,False,,,,,observed_day,False
2022-11-30,True,14.649375,True,,,,,,,,,14.649375,False,,False,,,,,observed_day,False
2022-12-01,True,13.034375,True,,,,,,,,,13.034375,False,,False,,,,,observed_day,False
2022-12-02,True,13.073125,True,,,,,,,,,13.073125,False,,False,,,,,observed_day,False
2022-12-03,True,11.06575,True,,,,,,,,,11.06575,False,,False,,,,,observed_day,False
2022-12-04,True,7.45925,True,,,,,,,,,7.45925,False,,False,,,,,observed_day,False
2022-12-05,True,7.686291666666667,True,,,,,,,,,7.686291666666667,False,,False,,,,,observed_day,False
2022-12-06,True,11.834375,True,,,,,,,,,11.834375,False,,False,,,,,observed_day,False
2022-12-07,True,11.178208333333332,True,,,,,,,,,11.178208333333332,False,,False,,,,,observed_day,False
2022-12-08,True,15.732208333333332,True,,,,,,,,,15.732208333333332,False,,False,,,,,observed_day,False
2022-12-09,True,12.21075,True,,,,,,,,,12.21075,False,,False,,,,,observed_day,False
2022-12-10,True,11.835,True,,,,,,,,,11.835,False,,False,,,,,observed_day,False
2022-12-11,True,19.01545833333333,True,,,,,,,,,19.01545833333333,False,,False,,,,,observed_day,False
2022-12-12,True,18.250083333333333,True,,,,,,,,,18.250083333333333,False,,False,,,,,observed_day,False
2022-12-13,True,13.418333333333331,True,,,,,,,,,13.418333333333331,False,,False,,,,,observed_day,False
2022-12-14,True,12.59383333333333,True,,,,,,,,,12.59383333333333,False,,False,,,,,observed_day,False
2022-12-15,True,5.7924999999999995,True,,,,,,,,,5.7924999999999995,False,,False,,,,,observed_day,False
2022-12-16,True,3.438166666666666,True,,,,,,,,,3.438166666666666,False,,False,,,,,observed_day,False
2022-12-17,True,5.005208333333333,True,,,,,,,,,5.005208333333333,False,,False,,,,,observed_day,False
2022-12-18,True,3.91725,True,,,,,,,,,3.91725,False,,False,,,,,observed_day,False
2022-12-19,False,7.167222222222222,False,REAL_L001_20221219,2.966742455851225,0.4722798466682434,True,False,REAL_L001_20221219,3.0,3.4330846424428647,3.4330846424428647,True,gaussian_process,False,REAL_L001_20221219,3.0,short,no,real gap — no withheld truth,False
2022-12-20,False,,False,REAL_L001_20221219,2.8193738375361725,0.4501526653766632,True,False,REAL_L001_20221219,3.0,3.0633092224125056,3.0633092224125056,True,gaussian_process,False,REAL_L001_20221219,3.0,short,no,real gap — no withheld truth,False
2022-12-21,False,,False,REAL_L001_20221219,2.0422244720198552,0.3101034760475158,True,False,REAL_L001_20221219,3.0,2.4119015535414987,2.4119015535414987,True,gaussian_process,False,REAL_L001_20221219,3.0,short,no,real gap — no withheld truth,False
2022-12-22,True,1.7034166666666668,True,,,,,,,,,1.7034166666666668,False,,False,,,,,observed_day,False
2022-12-23,True,1.4045416666666668,True,,,,,,,,,1.4045416666666668,False,,False,,,,,observed_day,False
2022-12-24,True,1.6063333333333334,True,,,,,,,,,1.6063333333333334,False,,False,,,,,observed_day,False
2022-12-25,True,1.9934166666666664,True,,,,,,,,,1.9934166666666664,False,,False,,,,,observed_day,False
2022-12-26,True,3.640333333333333,True,,,,,,,,,3.640333333333333,False,,False,,,,,observed_day,False
2022-12-27,True,4.45075,True,,,,,,,,,4.45075,False,,False,,,,,observed_day,False
2022-12-28,True,4.577791666666667,True,,,,,,,,,4.577791666666667,False,,False,,,,,observed_day,False
2022-12-29,True,6.975625000000001,True,,,,,,,,,6.975625000000001,False,,False,,,,,observed_day,False
2022-12-30,True,6.931958333333334,True,,,,,,,,,6.931958333333334,False,,False,,,,,observed_day,False
2022-12-31,True,3.976083333333333,True,,,,,,,,,3.976083333333333,False,,False,,,,,observed_day,False
2023-01-01,True,2.4143749999999997,True,,,,,,,,,2.4143749999999997,False,,False,,,,,observed_day,False
2023-01-02,True,0.8060833333333335,True,,,,,,,,,0.8060833333333335,False,,False,,,,,observed_day,False
2023-01-03,True,0.5287083333333333,True,,,,,,,,,0.5287083333333333,False,,False,,,,,observed_day,False
2023-01-04,True,10.2875,True,,,,,,,,,10.2875,False,,False,,,,,observed_day,False
2023-01-05,True,14.08483333333333,True,,,,,,,,,14.08483333333333,False,,False,,,,,observed_day,False
2023-01-06,True,8.160583333333333,True,,,,,,,,,8.160583333333333,False,,False,,,,,observed_day,False
2023-01-07,True,4.976958333333333,True,,,,,,,,,4.976958333333333,False,,False,,,,,observed_day,False
2023-01-08,True,2.4744166666666665,True,,,,,,,,,2.4744166666666665,False,,False,,,,,observed_day,False
2023-01-09,True,1.212875,True,,,,,,,,,1.212875,False,,False,,,,,observed_day,False
2023-01-10,True,2.4225833333333333,True,,,,,,,,,2.4225833333333333,False,,False,,,,,observed_day,False
2023-01-11,True,1.6959999999999995,True,,,,,,,,,1.6959999999999995,False,,False,,,,,observed_day,False
2023-01-12,True,7.731333333333333,True,,,,,,,,,7.731333333333333,False,,False,,,,,observed_day,False
2023-01-13,True,5.682208333333333,True,,,,,,,,,5.682208333333333,False,,False,,,,,observed_day,False
2023-01-14,True,2.1947499999999995,True,,,,,,,,,2.1947499999999995,False,,False,,,,,observed_day,False
2023-01-15,True,1.2523333333333333,True,,,,,,,,,1.2523333333333333,False,,False,,,,,observed_day,False
2023-01-16,True,2.2604583333333337,True,,,,,,,,,2.2604583333333337,False,,False,,,,,observed_day,False
2023-01-17,True,3.727916666666667,True,,,,,,,,,3.727916666666667,False,,False,,,,,observed_day,False
2023-01-18,True,3.44,True,,,,,,,,,3.44,False,,False,,,,,observed_day,False
2023-01-19,True,2.914,True,,,,,,,,,2.914,False,,False,,,,,observed_day,False
2023-01-20,True,2.545458333333333,True,,,,,,,,,2.545458333333333,False,,False,,,,,observed_day,False
2023-01-21,True,2.168833333333333,True,,,,,,,,,2.168833333333333,False,,False,,,,,observed_day,False
2023-01-22,True,1.8235,True,,,,,,,,,1.8235,False,,False,,,,,observed_day,False
2023-01-23,True,2.6936250000000004,True,,,,,,,,,2.6936250000000004,False,,False,,,,,observed_day,False
2023-01-24,True,2.3364166666666666,True,,,,,,,,,2.3364166666666666,False,,False,,,,,observed_day,False
2023-01-25,True,2.0668333333333333,True,,,,,,,,,2.0668333333333333,False,,False,,,,,observed_day,False
2023-01-26,True,2.010125,True,,,,,,,,,2.010125,False,,False,,,,,observed_day,False
2023-01-27,True,2.149625,True,,,,,,,,,2.149625,False,,False,,,,,observed_day,False
2023-01-28,True,2.8789583333333333,True,,,,,,,,,2.8789583333333333,False,,False,,,,,observed_day,False
2023-01-29,True,2.783041666666667,True,,,,,,,,,2.783041666666667,False,,False,,,,,observed_day,False
2023-01-30,True,3.8310416666666662,True,,,,,,,,,3.8310416666666662,False,,False,,,,,observed_day,False
2023-01-31,True,5.687125000000001,True,,,,,,,,,5.687125000000001,False,,False,,,,,observed_day,False
2023-02-01,True,6.496083333333334,True,,,,,,,,,6.496083333333334,False,,False,,,,,observed_day,False
2023-02-02,True,6.067375000000001,True,,,,,,,,,6.067375000000001,False,,False,,,,,observed_day,False
2023-02-03,True,6.543291666666666,True,,,,,,,,,6.543291666666666,False,,False,,,,,observed_day,False
2023-02-04,True,6.5092083333333335,True,,,,,,,,,6.5092083333333335,False,,False,,,,,observed_day,False
2023-02-05,True,4.991125,True,,,,,,,,,4.991125,False,,False,,,,,observed_day,False
2023-02-06,True,4.346125,True,,,,,,,,,4.346125,False,,False,,,,,observed_day,False
2023-02-07,True,7.482583333333333,True,,,,,,,,,7.482583333333333,False,,False,,,,,observed_day,False
2023-02-08,True,5.956333333333333,True,,,,,,,,,5.956333333333333,False,,False,,,,,observed_day,False
2023-02-09,True,4.393041666666666,True,,,,,,,,,4.393041666666666,False,,False,,,,,observed_day,False
2023-02-10,True,1.869916666666667,True,,,,,,,,,1.869916666666667,False,,False,,,,,observed_day,False
2023-02-11,True,0.8626250000000001,True,,,,,,,,,0.8626250000000001,False,,False,,,,,observed_day,False
2023-02-12,True,1.219625,True,,,,,,,,,1.219625,False,,False,,,,,observed_day,False
2023-02-13,True,1.4667916666666667,True,,,,,,,,,1.4667916666666667,False,,False,,,,,observed_day,False
2023-02-14,True,2.716583333333333,True,,,,,,,,,2.716583333333333,False,,False,,,,,observed_day,False
2023-02-15,True,3.921125,True,,,,,,,,,3.921125,False,,False,,,,,observed_day,False
2023-02-16,True,10.056291666666668,True,,,,,,,,,10.056291666666668,False,,False,,,,,observed_day,False
2023-02-17,True,11.223541666666668,True,,,,,,,,,11.223541666666668,False,,False,,,,,observed_day,False
2023-02-18,True,20.12975,True,,,,,,,,,20.12975,False,,False,,,,,observed_day,False
2023-02-19,True,13.196875,True,,,,,,,,,13.196875,False,,False,,,,,observed_day,False
2023-02-20,True,15.859666666666664,True,,,,,,,,,15.859666666666664,False,,False,,,,,observed_day,False
2023-02-21,True,14.058166666666663,True,,,,,,,,,14.058166666666663,False,,False,,,,,observed_day,False
2023-02-22,True,13.820791666666665,True,,,,,,,,,13.820791666666665,False,,False,,,,,observed_day,False
2023-02-23,True,9.600958333333333,True,,,,,,,,,9.600958333333333,False,,False,,,,,observed_day,False
2023-02-24,True,3.728166666666666,True,,,,,,,,,3.728166666666666,False,,False,,,,,observed_day,False
2023-02-25,True,3.1840833333333336,True,,,,,,,,,3.1840833333333336,False,,False,,,,,observed_day,False
2023-02-26,True,1.2684583333333332,True,,,,,,,,,1.2684583333333332,False,,False,,,,,observed_day,False
2023-02-27,True,1.6299166666666665,True,,,,,,,,,1.6299166666666665,False,,False,,,,,observed_day,False
2023-02-28,True,1.7440416666666667,True,,,,,,,,,1.7440416666666667,False,,False,,,,,observed_day,False
2023-03-01,True,1.5820833333333333,True,,,,,,,,,1.5820833333333333,False,,False,,,,,observed_day,False
2023-03-02,True,2.928083333333334,True,,,,,,,,,2.928083333333334,False,,False,,,,,observed_day,False
2023-03-03,True,6.559958333333334,True,,,,,,,,,6.559958333333334,False,,False,,,,,observed_day,False
2023-03-04,True,7.019458333333333,True,,,,,,,,,7.019458333333333,False,,False,,,,,observed_day,False
2023-03-05,True,6.181124999999999,True,,,,,,,,,6.181124999999999,False,,False,,,,,observed_day,False
2023-03-06,True,3.9928333333333335,True,,,,,,,,,3.9928333333333335,False,,False,,,,,observed_day,False
2023-03-07,True,2.2680416666666665,True,,,,,,,,,2.2680416666666665,False,,False,,,,,observed_day,False
2023-03-08,True,1.5045416666666664,True,,,,,,,,,1.5045416666666664,False,,False,,,,,observed_day,False
2023-03-09,True,2.010875,True,,,,,,,,,2.010875,False,,False,,,,,observed_day,False
2023-03-10,True,1.4305,True,,,,,,,,,1.4305,False,,False,,,,,observed_day,False
2023-03-11,True,1.4732500000000002,True,,,,,,,,,1.4732500000000002,False,,False,,,,,observed_day,False
2023-03-12,True,1.2432083333333332,True,,,,,,,,,1.2432083333333332,False,,False,,,,,observed_day,False
2023-03-13,True,1.0555833333333335,True,,,,,,,,,1.0555833333333335,False,,False,,,,,observed_day,False
2023-03-14,True,1.59475,True,,,,,,,,,1.59475,False,,False,,,,,observed_day,False
2023-03-15,True,3.101791666666666,True,,,,,,,,,3.101791666666666,False,,False,,,,,observed_day,False
2023-03-16,True,2.978333333333333,True,,,,,,,,,2.978333333333333,False,,False,,,,,observed_day,False
2023-03-17,True,2.2660416666666667,True,,,,,,,,,2.2660416666666667,False,,False,,,,,observed_day,False
2023-03-18,True,1.40025,True,,,,,,,,,1.40025,False,,False,,,,,observed_day,False
2023-03-19,True,1.6376666666666668,True,,,,,,,,,1.6376666666666668,False,,False,,,,,observed_day,False
2023-03-20,True,2.3238749999999997,True,,,,,,,,,2.3238749999999997,False,,False,,,,,observed_day,False
2023-03-21,True,4.412541666666667,True,,,,,,,,,4.412541666666667,False,,False,,,,,observed_day,False
2023-03-22,True,6.493291666666667,True,,,,,,,,,6.493291666666667,False,,False,,,,,observed_day,False
2023-03-23,True,3.3172083333333333,True,,,,,,,,,3.3172083333333333,False,,False,,,,,observed_day,False
2023-03-24,True,2.7312083333333335,True,,,,,,,,,2.7312083333333335,False,,False,,,,,observed_day,False
2023-03-25,True,3.947125,True,,,,,,,,,3.947125,False,,False,,,,,observed_day,False
2023-03-26,True,3.7742083333333336,True,,,,,,,,,3.7742083333333336,False,,False,,,,,observed_day,False
2023-03-27,True,4.521458333333334,True,,,,,,,,,4.521458333333334,False,,False,,,,,observed_day,False
2023-03-28,True,5.063291666666666,True,,,,,,,,,5.063291666666666,False,,False,,,,,observed_day,False
2023-03-29,True,4.7476666666666665,True,,,,,,,,,4.7476666666666665,False,,False,,,,,observed_day,False
2023-03-30,True,3.1332500000000003,True,,,,,,,,,3.1332500000000003,False,,False,,,,,observed_day,False
2023-03-31,True,2.7275833333333335,True,,,,,,,,,2.7275833333333335,False,,False,,,,,observed_day,False
2023-04-01,True,2.9097500000000003,True,,,,,,,,,2.9097500000000003,False,,False,,,,,observed_day,False
2023-04-02,True,4.262999999999999,True,,,,,,,,,4.262999999999999,False,,False,,,,,observed_day,False
2023-04-03,True,5.99925,True,,,,,,,,,5.99925,False,,False,,,,,observed_day,False
2023-04-04,True,6.353791666666666,True,,,,,,,,,6.353791666666666,False,,False,,,,,observed_day,False
2023-04-05,True,6.027958333333333,True,,,,,,,,,6.027958333333333,False,,False,,,,,observed_day,False
2023-04-06,True,4.9301666666666675,True,,,,,,,,,4.9301666666666675,False,,False,,,,,observed_day,False
2023-04-07,True,5.238874999999999,True,,,,,,,,,5.238874999999999,False,,False,,,,,observed_day,False
2023-04-08,True,6.624708333333333,True,,,,,,,,,6.624708333333333,False,,False,,,,,observed_day,False
2023-04-09,True,4.036208333333334,True,,,,,,,,,4.036208333333334,False,,False,,,,,observed_day,False
2023-04-10,True,3.72725,True,,,,,,,,,3.72725,False,,False,,,,,observed_day,False
2023-04-11,True,5.297,True,,,,,,,,,5.297,False,,False,,,,,observed_day,False
2023-04-12,True,6.763416666666667,True,,,,,,,,,6.763416666666667,False,,False,,,,,observed_day,False
2023-04-13,True,4.2115833333333335,True,,,,,,,,,4.2115833333333335,False,,False,,,,,observed_day,False
2023-04-14,True,4.491333333333333,True,,,,,,,,,4.491333333333333,False,,False,,,,,observed_day,False
2023-04-15,True,4.586875,True,,,,,,,,,4.586875,False,,False,,,,,observed_day,False
2023-04-16,True,4.933291666666666,True,,,,,,,,,4.933291666666666,False,,False,,,,,observed_day,False
2023-04-17,True,3.3994999999999997,True,,,,,,,,,3.3994999999999997,False,,False,,,,,observed_day,False
2023-04-18,True,4.002625,True,,,,,,,,,4.002625,False,,False,,,,,observed_day,False
2023-04-19,True,6.905625000000001,True,,,,,,,,,6.905625000000001,False,,False,,,,,observed_day,False
2023-04-20,True,9.263541666666669,True,,,,,,,,,9.263541666666669,False,,False,,,,,observed_day,False
2023-04-21,True,8.920875,True,,,,,,,,,8.920875,False,,False,,,,,observed_day,False
2023-04-22,True,7.859291666666667,True,,,,,,,,,7.859291666666667,False,,False,,,,,observed_day,False
2023-04-23,True,8.287916666666666,True,,,,,,,,,8.287916666666666,False,,False,,,,,observed_day,False
2023-04-24,True,9.307166666666667,True,,,,,,,,,9.307166666666667,False,,False,,,,,observed_day,False
2023-04-25,True,9.10625,True,,,,,,,,,9.10625,False,,False,,,,,observed_day,False
2023-04-26,True,10.306458333333332,True,,,,,,,,,10.306458333333332,False,,False,,,,,observed_day,False
2023-04-27,True,15.90033333333333,True,,,,,,,,,15.90033333333333,False,,False,,,,,observed_day,False
2023-04-28,True,15.712666666666664,True,,,,,,,,,15.712666666666664,False,,False,,,,,observed_day,False
2023-04-29,True,9.903541666666667,True,,,,,,,,,9.903541666666667,False,,False,,,,,observed_day,False
2023-04-30,True,4.889,True,,,,,,,,,4.889,False,,False,,,,,observed_day,False
2023-05-01,True,3.107541666666666,True,,,,,,,,,3.107541666666666,False,,False,,,,,observed_day,False
2023-05-02,True,3.626625,True,,,,,,,,,3.626625,False,,False,,,,,observed_day,False
2023-05-03,True,6.282833333333333,True,,,,,,,,,6.282833333333333,False,,False,,,,,observed_day,False
2023-05-04,True,5.950611111111112,True,,,,,,,,,5.950611111111112,False,,False,,,,,observed_day,False
2023-05-05,True,3.412041666666667,True,,,,,,,,,3.412041666666667,False,,False,,,,,observed_day,False
2023-05-06,True,7.142458333333333,True,,,,,,,,,7.142458333333333,False,,False,,,,,observed_day,False
2023-05-07,True,11.111125,True,,,,,,,,,11.111125,False,,False,,,,,observed_day,False
2023-05-08,True,6.729083333333333,True,,,,,,,,,6.729083333333333,False,,False,,,,,observed_day,False
2023-05-09,True,6.533166666666666,True,,,,,,,,,6.533166666666666,False,,False,,,,,observed_day,False
2023-05-10,True,3.939958333333333,True,,,,,,,,,3.939958333333333,False,,False,,,,,observed_day,False
2023-05-11,True,3.172,True,,,,,,,,,3.172,False,,False,,,,,observed_day,False
2023-05-12,True,4.155208333333333,True,,,,,,,,,4.155208333333333,False,,False,,,,,observed_day,False
2023-05-13,True,2.3124583333333333,True,,,,,,,,,2.3124583333333333,False,,False,,,,,observed_day,False
2023-05-14,True,1.5595416666666668,True,,,,,,,,,1.5595416666666668,False,,False,,,,,observed_day,False
2023-05-15,True,1.4348333333333334,True,,,,,,,,,1.4348333333333334,False,,False,,,,,observed_day,False
2023-05-16,True,1.9031666666666665,True,,,,,,,,,1.9031666666666665,False,,False,,,,,observed_day,False
2023-05-17,True,2.078583333333333,True,,,,,,,,,2.078583333333333,False,,False,,,,,observed_day,False
2023-05-18,True,1.53775,True,,,,,,,,,1.53775,False,,False,,,,,observed_day,False
2023-05-19,True,0.8369166666666666,True,,,,,,,,,0.8369166666666666,False,,False,,,,,observed_day,False
2023-05-20,True,1.3613333333333333,True,,,,,,,,,1.3613333333333333,False,,False,,,,,observed_day,False
2023-05-21,True,1.3752916666666666,True,,,,,,,,,1.3752916666666666,False,,False,,,,,observed_day,False
2023-05-22,True,1.1712083333333334,True,,,,,,,,,1.1712083333333334,False,,False,,,,,observed_day,False
2023-05-23,True,1.1364166666666666,True,,,,,,,,,1.1364166666666666,False,,False,,,,,observed_day,False
2023-05-24,True,1.2656666666666665,True,,,,,,,,,1.2656666666666665,False,,False,,,,,observed_day,False
2023-05-25,True,1.2277916666666668,True,,,,,,,,,1.2277916666666668,False,,False,,,,,observed_day,False
2023-05-26,True,1.3221666666666667,True,,,,,,,,,1.3221666666666667,False,,False,,,,,observed_day,False
2023-05-27,True,1.5855833333333331,True,,,,,,,,,1.5855833333333331,False,,False,,,,,observed_day,False
2023-05-28,True,1.4499166666666667,True,,,,,,,,,1.4499166666666667,False,,False,,,,,observed_day,False
2023-05-29,True,1.832625,True,,,,,,,,,1.832625,False,,False,,,,,observed_day,False
2023-05-30,True,1.5752499999999998,True,,,,,,,,,1.5752499999999998,False,,False,,,,,observed_day,False
2023-05-31,True,1.6639166666666665,True,,,,,,,,,1.6639166666666665,False,,False,,,,,observed_day,False
2023-06-01,True,1.604125,True,,,,,,,,,1.604125,False,,False,,,,,observed_day,False
2023-06-02,True,1.0602083333333334,True,,,,,,,,,1.0602083333333334,False,,False,,,,,observed_day,False
2023-06-03,True,0.626875,True,,,,,,,,,0.626875,False,,False,,,,,observed_day,False
2023-06-04,True,0.481,True,,,,,,,,,0.481,False,,False,,,,,observed_day,False
2023-06-05,True,0.6364166666666667,True,,,,,,,,,0.6364166666666667,False,,False,,,,,observed_day,False
2023-06-06,True,1.280875,True,,,,,,,,,1.280875,False,,False,,,,,observed_day,False
2023-06-07,True,1.3825833333333335,True,,,,,,,,,1.3825833333333335,False,,False,,,,,observed_day,False
2023-06-08,True,1.3260833333333333,True,,,,,,,,,1.3260833333333333,False,,False,,,,,observed_day,False
2023-06-09,True,0.884125,True,,,,,,,,,0.884125,False,,False,,,,,observed_day,False
2023-06-10,True,0.6075833333333333,True,,,,,,,,,0.6075833333333333,False,,False,,,,,observed_day,False
2023-06-11,True,0.6391666666666667,True,,,,,,,,,0.6391666666666667,False,,False,,,,,observed_day,False
2023-06-12,True,0.74275,True,,,,,,,,,0.74275,False,,False,,,,,observed_day,False
2023-06-13,True,0.7636249999999999,True,,,,,,,,,0.7636249999999999,False,,False,,,,,observed_day,False
2023-06-14,True,0.6935416666666666,True,,,,,,,,,0.6935416666666666,False,,False,,,,,observed_day,False
2023-06-15,True,0.6526666666666667,True,,,,,,,,,0.6526666666666667,False,,False,,,,,observed_day,False
2023-06-16,True,1.12975,True,,,,,,,,,1.12975,False,,False,,,,,observed_day,False
2023-06-17,True,1.55625,True,,,,,,,,,1.55625,False,,False,,,,,observed_day,False
2023-06-18,True,1.371916666666667,True,,,,,,,,,1.371916666666667,False,,False,,,,,observed_day,False
2023-06-19,True,0.8664166666666667,True,,,,,,,,,0.8664166666666667,False,,False,,,,,observed_day,False
2023-06-20,True,0.8590833333333333,True,,,,,,,,,0.8590833333333333,False,,False,,,,,observed_day,False
2023-06-21,True,0.5615416666666667,True,,,,,,,,,0.5615416666666667,False,,False,,,,,observed_day,False
2023-06-22,True,0.4109166666666666,True,,,,,,,,,0.4109166666666666,False,,False,,,,,observed_day,False
2023-06-23,True,1.442875,True,,,,,,,,,1.442875,False,,False,,,,,observed_day,False
2023-06-24,True,1.3605,True,,,,,,,,,1.3605,False,,False,,,,,observed_day,False
2023-06-25,True,0.7604583333333332,True,,,,,,,,,0.7604583333333332,False,,False,,,,,observed_day,False
2023-06-26,True,0.8452500000000001,True,,,,,,,,,0.8452500000000001,False,,False,,,,,observed_day,False
2023-06-27,True,0.9770416666666666,True,,,,,,,,,0.9770416666666666,False,,False,,,,,observed_day,False
2023-06-28,True,0.599125,True,,,,,,,,,0.599125,False,,False,,,,,observed_day,False
2023-06-29,True,0.5946250000000001,True,,,,,,,,,0.5946250000000001,False,,False,,,,,observed_day,False
2023-06-30,True,0.59725,True,,,,,,,,,0.59725,False,,False,,,,,observed_day,False
2023-07-01,True,0.7502083333333333,True,,,,,,,,,0.7502083333333333,False,,False,,,,,observed_day,False
2023-07-02,True,1.3845416666666666,True,,,,,,,,,1.3845416666666666,False,,False,,,,,observed_day,False
2023-07-03,True,1.3782916666666665,True,,,,,,,,,1.3782916666666665,False,,False,,,,,observed_day,False
2023-07-04,True,1.0947083333333334,True,,,,,,,,,1.0947083333333334,False,,False,,,,,observed_day,False
2023-07-05,True,1.2923333333333331,True,,,,,,,,,1.2923333333333331,False,,False,,,,,observed_day,False
2023-07-06,True,1.2587916666666663,True,,,,,,,,,1.2587916666666663,False,,False,,,,,observed_day,False
2023-07-07,False,0.9078333333333334,False,REAL_L031_20230707,1.228767858036893,0.0894698426127433,False,False,REAL_L031_20230707,64.0,1.388876219168134,1.388876219168134,True,gap_edge_residual_model,True,REAL_L031_20230707,64.0,long,yes,real gap — no withheld truth,False
2023-07-08,False,,False,REAL_L031_20230707,1.2614913621311552,0.1008842810988426,False,False,REAL_L031_20230707,64.0,1.3259441367952125,1.3259441367952125,True,gap_edge_residual_model,True,REAL_L031_20230707,64.0,long,yes,real gap — no withheld truth,False
2023-07-09,False,,False,REAL_L031_20230707,1.3103476744281832,0.1173865422606468,False,False,REAL_L031_20230707,64.0,1.4430785597163598,1.4430785597163598,True,gap_edge_residual_model,True,REAL_L031_20230707,64.0,long,yes,real gap — no withheld truth,False
2023-07-10,False,,False,REAL_L031_20230707,1.357800609010189,0.1328359991312027,False,False,REAL_L031_20230707,64.0,1.512387014804545,1.512387014804545,True,gap_edge_residual_model,True,REAL_L031_20230707,64.0,long,yes,real gap — no withheld truth,False
2023-07-11,False,,False,REAL_L031_20230707,1.2175897972455867,0.0855010002851486,False,False,REAL_L031_20230707,64.0,1.347836191953248,1.347836191953248,True,gap_edge_residual_model,True,REAL_L031_20230707,64.0,long,yes,real gap — no withheld truth,False
2023-07-12,False,,False,REAL_L031_20230707,1.2548265262065017,0.0985836908221244,False,False,REAL_L031_20230707,64.0,1.406623966848933,1.406623966848933,True,gap_edge_residual_model,True,REAL_L031_20230707,64.0,long,yes,real gap — no withheld truth,False
2023-07-13,False,,False,REAL_L031_20230707,1.278490308233144,0.1066974401473999,False,False,REAL_L031_20230707,64.0,1.4314662035023888,1.4314662035023888,True,gap_edge_residual_model,True,REAL_L031_20230707,64.0,long,yes,real gap — no withheld truth,False
2023-07-14,False,,False,REAL_L031_20230707,1.3121855838991798,0.1179952621459961,False,False,REAL_L031_20230707,64.0,1.4673848411137345,1.4673848411137345,True,gap_edge_residual_model,True,REAL_L031_20230707,64.0,long,yes,real gap — no withheld truth,False
2023-07-15,False,,False,REAL_L031_20230707,1.2968113048408998,0.1128767877817154,False,False,REAL_L031_20230707,64.0,1.5291836864778168,1.5291836864778168,True,gap_edge_residual_model,True,REAL_L031_20230707,64.0,long,yes,real gap — no withheld truth,False
2023-07-16,False,,False,REAL_L031_20230707,1.317193824531833,0.1196496859192848,False,False,REAL_L031_20230707,64.0,1.6338307346988827,1.6338307346988827,True,gap_edge_residual_model,True,REAL_L031_20230707,64.0,long,yes,real gap — no withheld truth,False
2023-07-17,False,,False,REAL_L031_20230707,1.5332164479637416,0.1856034696102142,False,False,REAL_L031_20230707,64.0,1.7671144665359213,1.7671144665359213,True,gap_edge_residual_model,True,REAL_L031_20230707,64.0,long,yes,real gap — no withheld truth,False
2023-07-18,False,,False,REAL_L031_20230707,1.3787796067814628,0.139494851231575,False,False,REAL_L031_20230707,64.0,1.8610072170353515,1.8610072170353515,True,gap_edge_residual_model,True,REAL_L031_20230707,64.0,long,yes,real gap — no withheld truth,False
2023-07-19,False,,False,REAL_L031_20230707,1.7441919183528534,0.2415942698717117,False,False,REAL_L031_20230707,64.0,1.7630776543794504,1.7630776543794504,True,gap_edge_residual_model,True,REAL_L031_20230707,64.0,long,yes,real gap — no withheld truth,False
2023-07-20,False,,False,REAL_L031_20230707,1.825383617052868,0.2613541483879089,False,False,REAL_L031_20230707,64.0,1.6683771515610808,1.6683771515610808,True,gap_edge_residual_model,True,REAL_L031_20230707,64.0,long,yes,real gap — no withheld truth,False
2023-07-21,False,,False,REAL_L031_20230707,1.5520233629919549,0.1908982545137405,False,False,REAL_L031_20230707,64.0,1.7536847386933525,1.7536847386933525,True,gap_edge_residual_model,True,REAL_L031_20230707,64.0,long,yes,real gap — no withheld truth,False
2023-07-22,False,,False,REAL_L031_20230707,1.5704117105253697,0.1960135251283645,False,False,REAL_L031_20230707,64.0,1.7508840908935617,1.7508840908935617,True,gap_edge_residual_model,True,REAL_L031_20230707,64.0,long,yes,real gap — no withheld truth,False
2023-07-23,False,,False,REAL_L031_20230707,1.7969859244433215,0.2545446753501892,False,False,REAL_L031_20230707,64.0,1.792621573223911,1.792621573223911,True,gap_edge_residual_model,True,REAL_L031_20230707,64.0,long,yes,real gap — no withheld truth,False
2023-07-24,False,,False,REAL_L031_20230707,1.533014715372674,0.1855463236570358,False,False,REAL_L031_20230707,64.0,1.8127494760566103,1.8127494760566103,True,gap_edge_residual_model,True,REAL_L031_20230707,64.0,long,yes,real gap — no withheld truth,False
2023-07-25,False,,False,REAL_L031_20230707,1.5017843148379553,0.1766075640916824,False,False,REAL_L031_20230707,64.0,1.819570483657545,1.819570483657545,True,gap_edge_residual_model,True,REAL_L031_20230707,64.0,long,yes,real gap — no withheld truth,False
2023-07-26,False,,False,REAL_L031_20230707,1.836159411289122,0.2639103829860687,False,False,REAL_L031_20230707,64.0,1.8841471606741529,1.8841471606741529,True,gap_edge_residual_model,True,REAL_L031_20230707,64.0,long,yes,real gap — no withheld truth,False
2023-07-27,False,,False,REAL_L031_20230707,1.5914643121230416,0.2017969042062759,False,False,REAL_L031_20230707,64.0,1.9174264317675915,1.9174264317675915,True,gap_edge_residual_model,True,REAL_L031_20230707,64.0,long,yes,real gap — no withheld truth,False
2023-07-28,False,,False,REAL_L031_20230707,1.815153793336637,0.2589134275913238,False,False,REAL_L031_20230707,64.0,2.0224512664698087,2.0224512664698087,True,gap_edge_residual_model,True,REAL_L031_20230707,64.0,long,yes,real gap — no withheld truth,False
2023-07-29,False,,False,REAL_L031_20230707,2.047649988332326,0.3112557232379913,False,False,REAL_L031_20230707,64.0,2.0961111174598965,2.0961111174598965,True,gap_edge_residual_model,True,REAL_L031_20230707,64.0,long,yes,real gap — no withheld truth,False
2023-07-30,False,,False,REAL_L031_20230707,2.084226155275495,0.3189448416233063,False,False,REAL_L031_20230707,64.0,2.076076734786807,2.076076734786807,True,gap_edge_residual_model,True,REAL_L031_20230707,64.0,long,yes,real gap — no withheld truth,False
2023-07-31,False,,False,REAL_L031_20230707,1.6749688790112975,0.2240067422389984,False,False,REAL_L031_20230707,64.0,2.1080941487958524,2.1080941487958524,True,gap_edge_residual_model,True,REAL_L031_20230707,64.0,long,yes,real gap — no withheld truth,False
2023-08-01,False,,False,REAL_L031_20230707,1.700252506221145,0.2305134236812591,False,False,REAL_L031_20230707,64.0,2.1614572675568735,2.1614572675568735,True,gap_edge_residual_model,True,REAL_L031_20230707,64.0,long,yes,real gap — no withheld truth,False
2023-08-02,False,,False,REAL_L031_20230707,1.7920312506359333,0.2533455789089203,False,False,REAL_L031_20230707,64.0,2.2226066199430043,2.2226066199430043,True,gap_edge_residual_model,True,REAL_L031_20230707,64.0,long,yes,real gap — no withheld truth,False
2023-08-03,False,,False,REAL_L031_20230707,2.360097099120598,0.3729298710823059,False,False,REAL_L031_20230707,64.0,2.366789209324065,2.366789209324065,True,gap_edge_residual_model,True,REAL_L031_20230707,64.0,long,yes,real gap — no withheld truth,False
2023-08-04,False,,False,REAL_L031_20230707,2.173802742602068,0.3372201323509216,False,False,REAL_L031_20230707,64.0,2.4521211104629983,2.4521211104629983,True,gap_edge_residual_model,True,REAL_L031_20230707,64.0,long,yes,real gap — no withheld truth,False
2023-08-05,False,,False,REAL_L031_20230707,2.290178488868201,0.3598693311214447,False,False,REAL_L031_20230707,64.0,2.5690703055832396,2.5690703055832396,True,gap_edge_residual_model,True,REAL_L031_20230707,64.0,long,yes,real gap — no withheld truth,False
2023-08-06,False,,False,REAL_L031_20230707,1.6422124331255163,0.2154293358325958,False,False,REAL_L031_20230707,64.0,2.274375368631159,2.274375368631159,True,gap_edge_residual_model,True,REAL_L031_20230707,64.0,long,yes,real gap — no withheld truth,False
2023-08-07,False,,False,REAL_L031_20230707,1.983966009882923,0.2975342273712158,False,False,REAL_L031_20230707,64.0,2.3043894158027816,2.3043894158027816,True,gap_edge_residual_model,True,REAL_L031_20230707,64.0,long,yes,real gap — no withheld truth,False
2023-08-08,False,,False,REAL_L031_20230707,1.8785391532358169,0.2738202512264251,False,False,REAL_L031_20230707,64.0,2.280501302076603,2.280501302076603,True,gap_edge_residual_model,True,REAL_L031_20230707,64.0,long,yes,real gap — no withheld truth,False
2023-08-09,False,,False,REAL_L031_20230707,2.27073125061386,0.356165736913681,False,False,REAL_L031_20230707,64.0,2.322153076564467,2.322153076564467,True,gap_edge_residual_model,True,REAL_L031_20230707,64.0,long,yes,real gap — no withheld truth,False
2023-08-10,False,,False,REAL_L031_20230707,2.280783136186799,0.3580839931964874,False,False,REAL_L031_20230707,64.0,2.362057108563544,2.362057108563544,True,gap_edge_residual_model,True,REAL_L031_20230707,64.0,long,yes,real gap — no withheld truth,False
2023-08-11,False,,False,REAL_L031_20230707,2.255584112950862,0.3532590270042419,False,False,REAL_L031_20230707,64.0,2.4239440658856215,2.4239440658856215,True,gap_edge_residual_model,True,REAL_L031_20230707,64.0,long,yes,real gap — no withheld truth,False
2023-08-12,False,,False,REAL_L031_20230707,3.9715304460535865,0.598957896232605,False,False,REAL_L031_20230707,64.0,2.764971828187264,2.764971828187264,True,gap_edge_residual_model,True,REAL_L031_20230707,64.0,long,yes,real gap — no withheld truth,False
2023-08-13,False,,False,REAL_L031_20230707,2.5116306795007017,0.3999557793140411,False,False,REAL_L031_20230707,64.0,2.8793810771861708,2.8793810771861708,True,gap_edge_residual_model,True,REAL_L031_20230707,64.0,long,yes,real gap — no withheld truth,False
2023-08-14,False,,False,REAL_L031_20230707,2.63697824637759,0.4211065471172333,False,False,REAL_L031_20230707,64.0,2.5761797275333342,2.5761797275333342,True,gap_edge_residual_model,True,REAL_L031_20230707,64.0,long,yes,real gap — no withheld truth,False
2023-08-15,False,,False,REAL_L031_20230707,2.503013829812345,0.3984632492065429,False,False,REAL_L031_20230707,64.0,2.6347751337233007,2.6347751337233007,True,gap_edge_residual_model,True,REAL_L031_20230707,64.0,long,yes,real gap — no withheld truth,False
2023-08-16,False,,False,REAL_L031_20230707,3.007043622153339,0.478139728307724,False,False,REAL_L031_20230707,64.0,2.693456256327228,2.693456256327228,True,gap_edge_residual_model,True,REAL_L031_20230707,64.0,long,yes,real gap — no withheld truth,False
2023-08-17,False,,False,REAL_L031_20230707,2.5100448333829855,0.3996814787387848,False,False,REAL_L031_20230707,64.0,2.94833255767422,2.94833255767422,True,gap_edge_residual_model,True,REAL_L031_20230707,64.0,long,yes,real gap — no withheld truth,False
2023-08-18,False,,False,REAL_L031_20230707,2.069068021847058,0.3157747685909271,False,False,REAL_L031_20230707,64.0,2.8246779642773014,2.8246779642773014,True,gap_edge_residual_model,True,REAL_L031_20230707,64.0,long,yes,real gap — no withheld truth,False
2023-08-19,False,,False,REAL_L031_20230707,2.2869064518809448,0.359248399734497,False,False,REAL_L031_20230707,64.0,2.577811055476436,2.577811055476436,True,gap_edge_residual_model,True,REAL_L031_20230707,64.0,long,yes,real gap — no withheld truth,False
2023-08-20,False,,False,REAL_L031_20230707,2.822085492104176,0.4505701661109924,False,False,REAL_L031_20230707,64.0,2.7251605669864074,2.7251605669864074,True,gap_edge_residual_model,True,REAL_L031_20230707,64.0,long,yes,real gap — no withheld truth,False
2023-08-21,False,,False,REAL_L031_20230707,4.028382791360035,0.6051307320594788,False,False,REAL_L031_20230707,64.0,3.15134349773854,3.15134349773854,True,gap_edge_residual_model,True,REAL_L031_20230707,64.0,long,yes,real gap — no withheld truth,False
2023-08-22,False,,False,REAL_L031_20230707,2.8646850219812365,0.4570768773555755,False,False,REAL_L031_20230707,64.0,3.5288635939102644,3.5288635939102644,True,gap_edge_residual_model,True,REAL_L031_20230707,64.0,long,yes,real gap — no withheld truth,False
2023-08-23,False,,False,REAL_L031_20230707,2.7102184027006713,0.4330042898654938,False,False,REAL_L031_20230707,64.0,3.633196453000071,3.633196453000071,True,gap_edge_residual_model,True,REAL_L031_20230707,64.0,long,yes,real gap — no withheld truth,False
2023-08-24,False,,False,REAL_L031_20230707,3.7981627632003248,0.5795735716819763,False,False,REAL_L031_20230707,64.0,3.8249643879230497,3.8249643879230497,True,gap_edge_residual_model,True,REAL_L031_20230707,64.0,long,yes,real gap — no withheld truth,False
2023-08-25,False,,False,REAL_L031_20230707,2.200148625346972,0.3424520194530487,False,False,REAL_L031_20230707,64.0,3.312929004178142,3.312929004178142,True,gap_edge_residual_model,True,REAL_L031_20230707,64.0,long,yes,real gap — no withheld truth,False
2023-08-26,False,,False,REAL_L031_20230707,3.642291197959634,0.5613746643066406,False,False,REAL_L031_20230707,64.0,2.89409599034929,2.89409599034929,True,gap_edge_residual_model,True,REAL_L031_20230707,64.0,long,yes,real gap — no withheld truth,False
2023-08-27,False,,False,REAL_L031_20230707,3.1033068234252585,0.4918247163295746,False,False,REAL_L031_20230707,64.0,3.224558026711122,3.224558026711122,True,gap_edge_residual_model,True,REAL_L031_20230707,64.0,long,yes,real gap — no withheld truth,False
2023-08-28,False,,False,REAL_L031_20230707,3.364435081363633,0.5269121527671814,False,False,REAL_L031_20230707,64.0,3.7979131906587886,3.7979131906587886,True,gap_edge_residual_model,True,REAL_L031_20230707,64.0,long,yes,real gap — no withheld truth,False
2023-08-29,False,,False,REAL_L031_20230707,2.4204117797600846,0.3838892579078674,False,False,REAL_L031_20230707,64.0,4.02775278727018,4.02775278727018,True,gap_edge_residual_model,True,REAL_L031_20230707,64.0,long,yes,real gap — no withheld truth,False
2023-08-30,False,,False,REAL_L031_20230707,4.027311463147323,0.605015218257904,False,False,REAL_L031_20230707,64.0,3.0935738857144934,3.0935738857144934,True,gap_edge_residual_model,True,REAL_L031_20230707,64.0,long,yes,real gap — no withheld truth,False
2023-08-31,False,,False,REAL_L031_20230707,3.0043296877104515,0.4777475893497467,False,False,REAL_L031_20230707,64.0,2.5311065882467636,2.5311065882467636,True,gap_edge_residual_model,True,REAL_L031_20230707,64.0,long,yes,real gap — no withheld truth,False
2023-09-01,False,,False,REAL_L031_20230707,3.2711878098745015,0.51470547914505,False,False,REAL_L031_20230707,64.0,3.153409418943123,3.153409418943123,True,gap_edge_residual_model,True,REAL_L031_20230707,64.0,long,yes,real gap — no withheld truth,False
2023-09-02,False,,False,REAL_L031_20230707,3.0918369497207583,0.4902165830135345,False,False,REAL_L031_20230707,64.0,3.754998771061856,3.754998771061856,True,gap_edge_residual_model,True,REAL_L031_20230707,64.0,long,yes,real gap — no withheld truth,False
2023-09-03,False,,False,REAL_L031_20230707,2.627333614649115,0.4195152223110199,False,False,REAL_L031_20230707,64.0,3.754615763754795,3.754615763754795,True,gap_edge_residual_model,True,REAL_L031_20230707,64.0,long,yes,real gap — no withheld truth,False
2023-09-04,False,,False,REAL_L031_20230707,2.646056462168427,0.4225991070270538,False,False,REAL_L031_20230707,64.0,3.896558869584534,3.896558869584534,True,gap_edge_residual_model,True,REAL_L031_20230707,64.0,long,yes,real gap — no withheld truth,False
2023-09-05,False,,False,REAL_L031_20230707,3.208487781559326,0.5063003897666931,False,False,REAL_L031_20230707,64.0,3.764056624905784,3.764056624905784,True,gap_edge_residual_model,True,REAL_L031_20230707,64.0,long,yes,real gap — no withheld truth,False
2023-09-06,False,,False,REAL_L031_20230707,3.1095757659794976,0.4927011430263519,False,False,REAL_L031_20230707,64.0,3.3435384690044136,3.3435384690044136,True,gap_edge_residual_model,True,REAL_L031_20230707,64.0,long,yes,real gap — no withheld truth,False
2023-09-07,False,,False,REAL_L031_20230707,3.2864563219451495,0.516727864742279,False,False,REAL_L031_20230707,64.0,3.3191032868706674,3.3191032868706674,True,gap_edge_residual_model,True,REAL_L031_20230707,64.0,long,yes,real gap — no withheld truth,False
2023-09-08,False,,False,REAL_L031_20230707,3.3300983745049213,0.5224570631980896,False,False,REAL_L031_20230707,64.0,3.3305553534152295,3.3305553534152295,True,gap_edge_residual_model,True,REAL_L031_20230707,64.0,long,yes,real gap — no withheld truth,False
2023-09-09,True,3.5681666666666665,True,,,,,,,,,3.5681666666666665,False,,False,,,,,observed_day,False
2023-09-10,True,3.0532083333333335,True,,,,,,,,,3.0532083333333335,False,,False,,,,,observed_day,False
2023-09-11,True,1.8005833333333332,True,,,,,,,,,1.8005833333333332,False,,False,,,,,observed_day,False
2023-09-12,True,1.5475416666666668,True,,,,,,,,,1.5475416666666668,False,,False,,,,,observed_day,False
2023-09-13,True,1.2577083333333332,True,,,,,,,,,1.2577083333333332,False,,False,,,,,observed_day,False
2023-09-14,True,1.18575,True,,,,,,,,,1.18575,False,,False,,,,,observed_day,False
2023-09-15,True,1.7014166666666668,True,,,,,,,,,1.7014166666666668,False,,False,,,,,observed_day,False
2023-09-16,True,1.8635,True,,,,,,,,,1.8635,False,,False,,,,,observed_day,False
2023-09-17,True,2.8513749999999995,True,,,,,,,,,2.8513749999999995,False,,False,,,,,observed_day,False
2023-09-18,True,3.150416666666666,True,,,,,,,,,3.150416666666666,False,,False,,,,,observed_day,False
2023-09-19,True,7.479166666666667,True,,,,,,,,,7.479166666666667,False,,False,,,,,observed_day,False
2023-09-20,True,10.268,True,,,,,,,,,10.268,False,,False,,,,,observed_day,False
2023-09-21,True,9.056875,True,,,,,,,,,9.056875,False,,False,,,,,observed_day,False
2023-09-22,True,6.783083333333333,True,,,,,,,,,6.783083333333333,False,,False,,,,,observed_day,False
2023-09-23,True,6.729083333333333,True,,,,,,,,,6.729083333333333,False,,False,,,,,observed_day,False
2023-09-24,True,5.00425,True,,,,,,,,,5.00425,False,,False,,,,,observed_day,False
2023-09-25,True,5.213708333333333,True,,,,,,,,,5.213708333333333,False,,False,,,,,observed_day,False
2023-09-26,True,1.3572499999999998,True,,,,,,,,,1.3572499999999998,False,,False,,,,,observed_day,False
2023-09-27,True,1.4195416666666667,True,,,,,,,,,1.4195416666666667,False,,False,,,,,observed_day,False
2023-09-28,True,1.8160416666666663,True,,,,,,,,,1.8160416666666663,False,,False,,,,,observed_day,False
2023-09-29,True,1.9935416666666663,True,,,,,,,,,1.9935416666666663,False,,False,,,,,observed_day,False
2023-09-30,True,5.939583333333334,True,,,,,,,,,5.939583333333334,False,,False,,,,,observed_day,False
2023-10-01,True,8.654041666666666,True,,,,,,,,,8.654041666666666,False,,False,,,,,observed_day,False
2023-10-02,True,8.897125,True,,,,,,,,,8.897125,False,,False,,,,,observed_day,False
2023-10-03,True,9.391458333333333,True,,,,,,,,,9.391458333333333,False,,False,,,,,observed_day,False
2023-10-04,True,2.845,True,,,,,,,,,2.845,False,,False,,,,,observed_day,False
2023-10-05,True,2.493875,True,,,,,,,,,2.493875,False,,False,,,,,observed_day,False
2023-10-06,True,4.939791666666666,True,,,,,,,,,4.939791666666666,False,,False,,,,,observed_day,False
2023-10-07,True,5.32675,True,,,,,,,,,5.32675,False,,False,,,,,observed_day,False
2023-10-08,True,5.610499999999999,True,,,,,,,,,5.610499999999999,False,,False,,,,,observed_day,False
2023-10-09,True,11.231416666666666,True,,,,,,,,,11.231416666666666,False,,False,,,,,observed_day,False
2023-10-10,True,13.846416666666668,True,,,,,,,,,13.846416666666668,False,,False,,,,,observed_day,False
2023-10-11,True,7.731416666666667,True,,,,,,,,,7.731416666666667,False,,False,,,,,observed_day,False
2023-10-12,True,5.603458333333333,True,,,,,,,,,5.603458333333333,False,,False,,,,,observed_day,False
2023-10-13,True,9.385458333333332,True,,,,,,,,,9.385458333333332,False,,False,,,,,observed_day,False
2023-10-14,True,16.33725,True,,,,,,,,,16.33725,False,,False,,,,,observed_day,False
2023-10-15,True,12.214375,True,,,,,,,,,12.214375,False,,False,,,,,observed_day,False
2023-10-16,True,8.151625000000001,True,,,,,,,,,8.151625000000001,False,,False,,,,,observed_day,False
2023-10-17,True,10.027500000000002,True,,,,,,,,,10.027500000000002,False,,False,,,,,observed_day,False
2023-10-18,True,11.267333333333331,True,,,,,,,,,11.267333333333331,False,,False,,,,,observed_day,False
2023-10-19,True,11.854416666666664,True,,,,,,,,,11.854416666666664,False,,False,,,,,observed_day,False
2023-10-20,True,9.75125,True,,,,,,,,,9.75125,False,,False,,,,,observed_day,False
2023-10-21,True,6.457125,True,,,,,,,,,6.457125,False,,False,,,,,observed_day,False
2023-10-22,True,4.012041666666666,True,,,,,,,,,4.012041666666666,False,,False,,,,,observed_day,False
2023-10-23,True,4.319125,True,,,,,,,,,4.319125,False,,False,,,,,observed_day,False
2023-10-24,True,4.1835,True,,,,,,,,,4.1835,False,,False,,,,,observed_day,False
2023-10-25,True,3.1527499999999997,True,,,,,,,,,3.1527499999999997,False,,False,,,,,observed_day,False
2023-10-26,True,1.4219583333333332,True,,,,,,,,,1.4219583333333332,False,,False,,,,,observed_day,False
2023-10-27,True,0.5485000000000001,True,,,,,,,,,0.5485000000000001,False,,False,,,,,observed_day,False
2023-10-28,True,0.6552916666666667,True,,,,,,,,,0.6552916666666667,False,,False,,,,,observed_day,False
2023-10-29,True,1.1463333333333332,True,,,,,,,,,1.1463333333333332,False,,False,,,,,observed_day,False
2023-10-30,True,1.950416666666667,True,,,,,,,,,1.950416666666667,False,,False,,,,,observed_day,False
2023-10-31,True,2.6619166666666665,True,,,,,,,,,2.6619166666666665,False,,False,,,,,observed_day,False
2023-11-01,True,2.7135,True,,,,,,,,,2.7135,False,,False,,,,,observed_day,False
2023-11-02,True,2.4890833333333333,True,,,,,,,,,2.4890833333333333,False,,False,,,,,observed_day,False
2023-11-03,True,2.464916666666667,True,,,,,,,,,2.464916666666667,False,,False,,,,,observed_day,False
2023-11-04,True,2.5465416666666667,True,,,,,,,,,2.5465416666666667,False,,False,,,,,observed_day,False
2023-11-05,True,2.1366666666666667,True,,,,,,,,,2.1366666666666667,False,,False,,,,,observed_day,False
2023-11-06,True,2.43425,True,,,,,,,,,2.43425,False,,False,,,,,observed_day,False
2023-11-07,True,2.038875,True,,,,,,,,,2.038875,False,,False,,,,,observed_day,False
2023-11-08,True,1.9009166666666664,True,,,,,,,,,1.9009166666666664,False,,False,,,,,observed_day,False
2023-11-09,True,2.6562916666666667,True,,,,,,,,,2.6562916666666667,False,,False,,,,,observed_day,False
2023-11-10,True,2.5520416666666668,True,,,,,,,,,2.5520416666666668,False,,False,,,,,observed_day,False
2023-11-11,True,2.5688333333333335,True,,,,,,,,,2.5688333333333335,False,,False,,,,,observed_day,False
2023-11-12,True,1.88275,True,,,,,,,,,1.88275,False,,False,,,,,observed_day,False
2023-11-13,True,2.533125,True,,,,,,,,,2.533125,False,,False,,,,,observed_day,False
2023-11-14,True,1.737458333333333,True,,,,,,,,,1.737458333333333,False,,False,,,,,observed_day,False
2023-11-15,True,1.5965833333333337,True,,,,,,,,,1.5965833333333337,False,,False,,,,,observed_day,False
2023-11-16,False,0.9547272727272728,False,REAL_L010_20231116,1.7847503127181366,0.2515774667263031,True,False,REAL_L010_20231116,22.0,1.5581652179400167,1.5581652179400167,True,state_space_kalman,False,REAL_L010_20231116,22.0,medium,interpolation_within_range,real gap — no withheld truth,False
2023-11-17,False,,False,REAL_L010_20231116,2.1018858502988436,0.3226091265678406,True,False,REAL_L010_20231116,22.0,1.520671546363417,1.520671546363417,True,state_space_kalman,False,REAL_L010_20231116,22.0,medium,interpolation_within_range,real gap — no withheld truth,False
2023-11-18,False,,False,REAL_L010_20231116,2.283111512303999,0.35852712392807,True,False,REAL_L010_20231116,22.0,1.4840800739837374,1.4840800739837374,True,state_space_kalman,False,REAL_L010_20231116,22.0,medium,interpolation_within_range,real gap — no withheld truth,False
2023-11-19,False,,False,REAL_L010_20231116,2.518771098619913,0.4011887013912201,True,False,REAL_L010_20231116,22.0,1.4483690914469267,1.4483690914469267,True,state_space_kalman,False,REAL_L010_20231116,22.0,medium,interpolation_within_range,real gap — no withheld truth,False
2023-11-20,False,,False,REAL_L010_20231116,2.743265218924462,0.4382677972316742,True,False,REAL_L010_20231116,22.0,1.4135174117847389,1.4135174117847389,True,state_space_kalman,False,REAL_L010_20231116,22.0,medium,interpolation_within_range,real gap — no withheld truth,False
2023-11-21,False,,False,REAL_L010_20231116,2.4883757210616504,0.3959159553050995,True,False,REAL_L010_20231116,22.0,1.3795043578447153,1.3795043578447153,True,state_space_kalman,False,REAL_L010_20231116,22.0,medium,interpolation_within_range,real gap — no withheld truth,False
2023-11-22,False,,False,REAL_L010_20231116,2.5966359645054418,0.4144110679626465,True,False,REAL_L010_20231116,22.0,1.3463097500226398,1.3463097500226398,True,state_space_kalman,False,REAL_L010_20231116,22.0,medium,interpolation_within_range,real gap — no withheld truth,False
2023-11-23,False,,False,REAL_L010_20231116,2.7185581640413465,0.434338629245758,True,False,REAL_L010_20231116,22.0,1.3139138942901791,1.3139138942901791,True,state_space_kalman,False,REAL_L010_20231116,22.0,medium,interpolation_within_range,real gap — no withheld truth,False
2023-11-24,False,,False,REAL_L010_20231116,3.1745930646938776,0.5016880631446838,True,False,REAL_L010_20231116,22.0,1.282297570510615,1.282297570510615,True,state_space_kalman,False,REAL_L010_20231116,22.0,medium,interpolation_within_range,real gap — no withheld truth,False
2023-11-25,False,,False,REAL_L010_20231116,3.2594646943679155,0.5131462812423706,True,False,REAL_L010_20231116,22.0,1.2514420210357278,1.2514420210357278,True,state_space_kalman,False,REAL_L010_20231116,22.0,medium,interpolation_within_range,real gap — no withheld truth,False
2023-11-26,False,,False,REAL_L010_20231116,3.1889340613453787,0.5036455392837524,True,False,REAL_L010_20231116,22.0,1.2213289395770734,1.2213289395770734,True,state_space_kalman,False,REAL_L010_20231116,22.0,medium,interpolation_within_range,real gap — no withheld truth,False
2023-11-27,False,,False,REAL_L010_20231116,3.4449107909612207,0.5371779799461365,True,False,REAL_L010_20231116,22.0,1.1919404603450447,1.1919404603450447,True,state_space_kalman,False,REAL_L010_20231116,22.0,medium,interpolation_within_range,real gap — no withheld truth,False
2023-11-28,False,,False,REAL_L010_20231116,3.707213263335552,0.5690475702285767,True,False,REAL_L010_20231116,22.0,1.1632591474492782,1.1632591474492782,True,state_space_kalman,False,REAL_L010_20231116,22.0,medium,interpolation_within_range,real gap — no withheld truth,False
2023-11-29,False,,False,REAL_L010_20231116,3.430972200037692,0.5354171991348267,True,False,REAL_L010_20231116,22.0,1.1352679845541138,1.1352679845541138,True,state_space_kalman,False,REAL_L010_20231116,22.0,medium,interpolation_within_range,real gap — no withheld truth,False
2023-11-30,False,,False,REAL_L010_20231116,3.1918138803840095,0.5040375590324402,True,False,REAL_L010_20231116,22.0,1.1079503647829745,1.1079503647829745,True,state_space_kalman,False,REAL_L010_20231116,22.0,medium,interpolation_within_range,real gap — no withheld truth,False
2023-12-01,False,,False,REAL_L010_20231116,3.992885790344302,0.6012868881225586,True,False,REAL_L010_20231116,22.0,1.0812900808656718,1.0812900808656718,True,state_space_kalman,False,REAL_L010_20231116,22.0,medium,interpolation_within_range,real gap — no withheld truth,False
2023-12-02,False,,False,REAL_L010_20231116,3.9779210979657065,0.5996561646461487,True,False,REAL_L010_20231116,22.0,1.055271315522796,1.055271315522796,True,state_space_kalman,False,REAL_L010_20231116,22.0,medium,interpolation_within_range,real gap — no withheld truth,False
2023-12-03,False,,False,REAL_L010_20231116,4.209557678401798,0.6242364645004272,True,False,REAL_L010_20231116,22.0,1.0298786320814814,1.0298786320814814,True,state_space_kalman,False,REAL_L010_20231116,22.0,medium,interpolation_within_range,real gap — no withheld truth,False
2023-12-04,False,,False,REAL_L010_20231116,2.8218347158363173,0.4505315721035003,True,False,REAL_L010_20231116,22.0,1.0050969653169834,1.0050969653169834,True,state_space_kalman,False,REAL_L010_20231116,22.0,medium,interpolation_within_range,real gap — no withheld truth,False
2023-12-05,False,,False,REAL_L010_20231116,2.945526141013561,0.4691628813743591,True,False,REAL_L010_20231116,22.0,0.9809116125146324,0.9809116125146324,True,state_space_kalman,False,REAL_L010_20231116,22.0,medium,interpolation_within_range,real gap — no withheld truth,False
2023-12-06,False,,False,REAL_L010_20231116,3.1699075624467072,0.5010465979576111,True,False,REAL_L010_20231116,22.0,0.9573082247468584,0.9573082247468584,True,state_space_kalman,False,REAL_L010_20231116,22.0,medium,interpolation_within_range,real gap — no withheld truth,False
2023-12-07,False,,False,REAL_L010_20231116,1.643840970998293,0.2158598005771637,True,False,REAL_L010_20231116,22.0,0.934272798360118,0.934272798360118,True,state_space_kalman,False,REAL_L010_20231116,22.0,medium,interpolation_within_range,real gap — no withheld truth,False
2023-12-08,True,0.9117916666666668,True,,,,,,,,,0.9117916666666668,False,,False,,,,,observed_day,False
2023-12-09,True,0.6469583333333334,True,,,,,,,,,0.6469583333333334,False,,False,,,,,observed_day,False
2023-12-10,True,4.071750000000001,True,,,,,,,,,4.071750000000001,False,,False,,,,,observed_day,False
2023-12-11,True,3.8310833333333334,True,,,,,,,,,3.8310833333333334,False,,False,,,,,observed_day,False
2023-12-12,True,4.1845,True,,,,,,,,,4.1845,False,,False,,,,,observed_day,False
2023-12-13,True,8.110833333333334,True,,,,,,,,,8.110833333333334,False,,False,,,,,observed_day,False
2023-12-14,True,9.307875,True,,,,,,,,,9.307875,False,,False,,,,,observed_day,False
2023-12-15,True,7.729375,True,,,,,,,,,7.729375,False,,False,,,,,observed_day,False
2023-12-16,True,7.164666666666666,True,,,,,,,,,7.164666666666666,False,,False,,,,,observed_day,False
2023-12-17,True,5.574249999999999,True,,,,,,,,,5.574249999999999,False,,False,,,,,observed_day,False
2023-12-18,True,3.8951666666666664,True,,,,,,,,,3.8951666666666664,False,,False,,,,,observed_day,False
2023-12-19,True,6.072916666666667,True,,,,,,,,,6.072916666666667,False,,False,,,,,observed_day,False
2023-12-20,True,6.682541666666666,True,,,,,,,,,6.682541666666666,False,,False,,,,,observed_day,False
2023-12-21,True,3.45325,True,,,,,,,,,3.45325,False,,False,,,,,observed_day,False
2023-12-22,True,3.044208333333333,True,,,,,,,,,3.044208333333333,False,,False,,,,,observed_day,False
2023-12-23,True,1.0358333333333334,True,,,,,,,,,1.0358333333333334,False,,False,,,,,observed_day,False
2023-12-24,True,0.8598750000000001,True,,,,,,,,,0.8598750000000001,False,,False,,,,,observed_day,False
2023-12-25,True,0.8107083333333334,True,,,,,,,,,0.8107083333333334,False,,False,,,,,observed_day,False
2023-12-26,True,0.8927083333333333,True,,,,,,,,,0.8927083333333333,False,,False,,,,,observed_day,False
2023-12-27,True,2.334125,True,,,,,,,,,2.334125,False,,False,,,,,observed_day,False
2023-12-28,True,4.471416666666666,True,,,,,,,,,4.471416666666666,False,,False,,,,,observed_day,False
2023-12-29,True,6.487958333333332,True,,,,,,,,,6.487958333333332,False,,False,,,,,observed_day,False
2023-12-30,True,5.794666666666667,True,,,,,,,,,5.794666666666667,False,,False,,,,,observed_day,False
2023-12-31,True,2.3667916666666664,True,,,,,,,,,2.3667916666666664,False,,False,,,,,observed_day,False
2024-01-01,True,1.4748749999999995,True,,,,,,,,,1.4748749999999995,False,,False,,,,,observed_day,False
2024-01-02,True,1.3474583333333332,True,,,,,,,,,1.3474583333333332,False,,False,,,,,observed_day,False
2024-01-03,True,4.187583333333333,True,,,,,,,,,4.187583333333333,False,,False,,,,,observed_day,False
2024-01-04,True,5.254875,True,,,,,,,,,5.254875,False,,False,,,,,observed_day,False
2024-01-05,True,4.764958333333333,True,,,,,,,,,4.764958333333333,False,,False,,,,,observed_day,False
2024-01-06,True,4.161791666666667,True,,,,,,,,,4.161791666666667,False,,False,,,,,observed_day,False
2024-01-07,True,4.034458333333333,True,,,,,,,,,4.034458333333333,False,,False,,,,,observed_day,False
2024-01-08,True,2.731,True,,,,,,,,,2.731,False,,False,,,,,observed_day,False
2024-01-09,True,2.405666666666667,True,,,,,,,,,2.405666666666667,False,,False,,,,,observed_day,False
2024-01-10,True,2.1230833333333337,True,,,,,,,,,2.1230833333333337,False,,False,,,,,observed_day,False
2024-01-11,True,1.9541666666666668,True,,,,,,,,,1.9541666666666668,False,,False,,,,,observed_day,False
2024-01-12,True,2.672,True,,,,,,,,,2.672,False,,False,,,,,observed_day,False
2024-01-13,True,3.5416190476190472,True,,,,,,,,,3.5416190476190472,False,,False,,,,,observed_day,False
2024-01-14,True,2.9018750000000004,True,,,,,,,,,2.9018750000000004,False,,False,,,,,observed_day,False
2024-01-15,True,4.860291666666666,True,,,,,,,,,4.860291666666666,False,,False,,,,,observed_day,False
2024-01-16,True,5.959499999999999,True,,,,,,,,,5.959499999999999,False,,False,,,,,observed_day,False
2024-01-17,True,5.785,True,,,,,,,,,5.785,False,,False,,,,,observed_day,False
2024-01-18,True,7.041708333333333,True,,,,,,,,,7.041708333333333,False,,False,,,,,observed_day,False
2024-01-19,True,3.7794500000000006,True,,,,,,,,,3.7794500000000006,False,,False,,,,,observed_day,False
2024-01-20,True,9.268791666666669,True,,,,,,,,,9.268791666666669,False,,False,,,,,observed_day,False
2024-01-21,True,8.613625,True,,,,,,,,,8.613625,False,,False,,,,,observed_day,False
2024-01-22,True,3.261083333333333,True,,,,,,,,,3.261083333333333,False,,False,,,,,observed_day,False
2024-01-23,True,2.6172083333333336,True,,,,,,,,,2.6172083333333336,False,,False,,,,,observed_day,False
2024-01-24,True,2.446458333333333,True,,,,,,,,,2.446458333333333,False,,False,,,,,observed_day,False
2024-01-25,True,7.520458333333333,True,,,,,,,,,7.520458333333333,False,,False,,,,,observed_day,False
2024-01-26,False,3.3326,False,REAL_L001_20240126,4.05186408984995,0.607654869556427,True,False,REAL_L001_20240126,1.0,4.070818459303184,4.070818459303184,True,gaussian_process,False,REAL_L001_20240126,1.0,short,no,real gap — no withheld truth,False
2024-01-27,True,1.9487916666666667,True,,,,,,,,,1.9487916666666667,False,,False,,,,,observed_day,False
2024-01-28,True,3.930333333333333,True,,,,,,,,,3.930333333333333,False,,False,,,,,observed_day,False
2024-01-29,True,6.243833333333334,True,,,,,,,,,6.243833333333334,False,,False,,,,,observed_day,False
2024-01-30,True,8.842,True,,,,,,,,,8.842,False,,False,,,,,observed_day,False
2024-01-31,True,7.94175,True,,,,,,,,,7.94175,False,,False,,,,,observed_day,False
2024-02-01,True,6.711708333333333,True,,,,,,,,,6.711708333333333,False,,False,,,,,observed_day,False
2024-02-02,True,4.49175,True,,,,,,,,,4.49175,False,,False,,,,,observed_day,False
2024-02-03,True,3.1946666666666665,True,,,,,,,,,3.1946666666666665,False,,False,,,,,observed_day,False
2024-02-04,True,2.0817083333333333,True,,,,,,,,,2.0817083333333333,False,,False,,,,,observed_day,False
2024-02-05,False,1.2652666666666663,False,REAL_L001_20240205,1.5611295065320556,0.1934389322996139,True,False,REAL_L001_20240205,1.0,1.473810256392334,1.473810256392334,True,gaussian_process,False,REAL_L001_20240205,1.0,short,no,real gap — no withheld truth,False
2024-02-06,True,1.27475,True,,,,,,,,,1.27475,False,,False,,,,,observed_day,False
2024-02-07,True,1.9401666666666664,True,,,,,,,,,1.9401666666666664,False,,False,,,,,observed_day,False
2024-02-08,True,3.8061666666666665,True,,,,,,,,,3.8061666666666665,False,,False,,,,,observed_day,False
2024-02-09,False,4.708555555555556,False,REAL_L001_20240209,5.465995742879378,0.7376692891120911,True,False,REAL_L001_20240209,1.0,6.749648486779866,6.749648486779866,True,gaussian_process,False,REAL_L001_20240209,1.0,short,no,real gap — no withheld truth,False
2024-02-10,True,4.941166666666667,True,,,,,,,,,4.941166666666667,False,,False,,,,,observed_day,False
2024-02-11,True,0.9272083333333332,True,,,,,,,,,0.9272083333333332,False,,False,,,,,observed_day,False
2024-02-12,True,1.3095,True,,,,,,,,,1.3095,False,,False,,,,,observed_day,False
2024-02-13,True,1.336458333333333,True,,,,,,,,,1.336458333333333,False,,False,,,,,observed_day,False
2024-02-14,True,1.5680416666666666,True,,,,,,,,,1.5680416666666666,False,,False,,,,,observed_day,False
2024-02-15,True,2.025041666666666,True,,,,,,,,,2.025041666666666,False,,False,,,,,observed_day,False
2024-02-16,True,1.2665833333333332,True,,,,,,,,,1.2665833333333332,False,,False,,,,,observed_day,False
2024-02-17,True,0.8134583333333335,True,,,,,,,,,0.8134583333333335,False,,False,,,,,observed_day,False
2024-02-18,True,1.0622083333333334,True,,,,,,,,,1.0622083333333334,False,,False,,,,,observed_day,False
2024-02-19,True,1.8447083333333336,True,,,,,,,,,1.8447083333333336,False,,False,,,,,observed_day,False
2024-02-20,True,2.990208333333334,True,,,,,,,,,2.990208333333334,False,,False,,,,,observed_day,False
2024-02-21,True,4.159416666666666,True,,,,,,,,,4.159416666666666,False,,False,,,,,observed_day,False
2024-02-22,True,5.986125,True,,,,,,,,,5.986125,False,,False,,,,,observed_day,False
2024-02-23,True,6.450833333333333,True,,,,,,,,,6.450833333333333,False,,False,,,,,observed_day,False
2024-02-24,True,5.234875,True,,,,,,,,,5.234875,False,,False,,,,,observed_day,False
2024-02-25,True,3.567458333333333,True,,,,,,,,,3.567458333333333,False,,False,,,,,observed_day,False
2024-02-26,True,1.6805416666666666,True,,,,,,,,,1.6805416666666666,False,,False,,,,,observed_day,False
2024-02-27,True,0.4753749999999999,True,,,,,,,,,0.4753749999999999,False,,False,,,,,observed_day,False
2024-02-28,True,0.418875,True,,,,,,,,,0.418875,False,,False,,,,,observed_day,False
2024-02-29,True,0.5865,True,,,,,,,,,0.5865,False,,False,,,,,observed_day,False
2024-03-01,True,0.9314583333333334,True,,,,,,,,,0.9314583333333334,False,,False,,,,,observed_day,False
2024-03-02,True,1.669125,True,,,,,,,,,1.669125,False,,False,,,,,observed_day,False
2024-03-03,True,1.950458333333333,True,,,,,,,,,1.950458333333333,False,,False,,,,,observed_day,False
2024-03-04,True,1.2645,True,,,,,,,,,1.2645,False,,False,,,,,observed_day,False
2024-03-05,True,0.97625,True,,,,,,,,,0.97625,False,,False,,,,,observed_day,False
2024-03-06,True,0.7817083333333333,True,,,,,,,,,0.7817083333333333,False,,False,,,,,observed_day,False
2024-03-07,True,0.6740833333333333,True,,,,,,,,,0.6740833333333333,False,,False,,,,,observed_day,False
2024-03-08,True,0.7323333333333334,True,,,,,,,,,0.7323333333333334,False,,False,,,,,observed_day,False
2024-03-09,True,0.9781666666666666,True,,,,,,,,,0.9781666666666666,False,,False,,,,,observed_day,False
2024-03-10,True,1.22575,True,,,,,,,,,1.22575,False,,False,,,,,observed_day,False
2024-03-11,True,1.528333333333333,True,,,,,,,,,1.528333333333333,False,,False,,,,,observed_day,False
2024-03-12,True,1.547291666666667,True,,,,,,,,,1.547291666666667,False,,False,,,,,observed_day,False
2024-03-13,True,1.6784,True,,,,,,,,,1.6784,False,,False,,,,,observed_day,False
2024-03-14,True,1.4633333333333332,True,,,,,,,,,1.4633333333333332,False,,False,,,,,observed_day,False
2024-03-15,True,2.433095238095238,True,,,,,,,,,2.433095238095238,False,,False,,,,,observed_day,False
2024-03-16,True,3.1831666666666667,True,,,,,,,,,3.1831666666666667,False,,False,,,,,observed_day,False
2024-03-17,True,3.735625,True,,,,,,,,,3.735625,False,,False,,,,,observed_day,False
2024-03-18,True,3.2083333333333335,True,,,,,,,,,3.2083333333333335,False,,False,,,,,observed_day,False
2024-03-19,True,3.0420833333333337,True,,,,,,,,,3.0420833333333337,False,,False,,,,,observed_day,False
2024-03-20,True,2.422625,True,,,,,,,,,2.422625,False,,False,,,,,observed_day,False
2024-03-21,True,1.3122916666666666,True,,,,,,,,,1.3122916666666666,False,,False,,,,,observed_day,False
2024-03-22,True,2.4423333333333335,True,,,,,,,,,2.4423333333333335,False,,False,,,,,observed_day,False
2024-03-23,True,3.140875,True,,,,,,,,,3.140875,False,,False,,,,,observed_day,False
2024-03-24,True,2.032958333333333,True,,,,,,,,,2.032958333333333,False,,False,,,,,observed_day,False
2024-03-25,False,,False,REAL_L031_20240325,1.935259332932477,0.2867391705513,True,False,REAL_L031_20240325,43.0,1.8206649862744275,1.8206649862744275,True,gap_edge_residual_model,False,REAL_L031_20240325,43.0,long,yes,real gap — no withheld truth,False
2024-03-26,False,4.528,False,REAL_L031_20240325,2.008347508961172,0.3028388619422912,True,False,REAL_L031_20240325,43.0,2.0330506921649123,2.0330506921649123,True,gap_edge_residual_model,False,REAL_L031_20240325,43.0,long,yes,real gap — no withheld truth,False
2024-03-27,False,,False,REAL_L031_20240325,1.965003115763796,0.2933632433414459,True,False,REAL_L031_20240325,43.0,2.180271534243803,2.180271534243803,True,gap_edge_residual_model,False,REAL_L031_20240325,43.0,long,yes,real gap — no withheld truth,False
2024-03-28,False,,False,REAL_L031_20240325,2.0834608283463045,0.3187853395938873,True,False,REAL_L031_20240325,43.0,2.291303615178296,2.291303615178296,True,gap_edge_residual_model,False,REAL_L031_20240325,43.0,long,yes,real gap — no withheld truth,False
2024-03-29,False,,False,REAL_L031_20240325,2.226384765745648,0.3476002216339111,True,False,REAL_L031_20240325,43.0,2.5432707936339507,2.5432707936339507,True,gap_edge_residual_model,False,REAL_L031_20240325,43.0,long,yes,real gap — no withheld truth,False
2024-03-30,False,,False,REAL_L031_20240325,2.364738929390228,0.3737832009792328,True,False,REAL_L031_20240325,43.0,2.7392666222923023,2.7392666222923023,True,gap_edge_residual_model,False,REAL_L031_20240325,43.0,long,yes,real gap — no withheld truth,False
2024-03-31,False,,False,REAL_L031_20240325,1.9505927982870497,0.2901666164398193,True,False,REAL_L031_20240325,43.0,2.8852298225246247,2.8852298225246247,True,gap_edge_residual_model,False,REAL_L031_20240325,43.0,long,yes,real gap — no withheld truth,False
2024-04-01,False,,False,REAL_L031_20240325,2.3505570102635773,0.3711707890033722,True,False,REAL_L031_20240325,43.0,3.1532236218498406,3.1532236218498406,True,gap_edge_residual_model,False,REAL_L031_20240325,43.0,long,yes,real gap — no withheld truth,False
2024-04-02,False,,False,REAL_L031_20240325,3.1677534760596937,0.5007513761520386,True,False,REAL_L031_20240325,43.0,3.3482608535929685,3.3482608535929685,True,gap_edge_residual_model,False,REAL_L031_20240325,43.0,long,yes,real gap — no withheld truth,False
2024-04-03,False,,False,REAL_L031_20240325,2.0606134186864207,0.3139965236186981,True,False,REAL_L031_20240325,43.0,3.153886158564797,3.153886158564797,True,gap_edge_residual_model,False,REAL_L031_20240325,43.0,long,yes,real gap — no withheld truth,False
2024-04-04,False,,False,REAL_L031_20240325,3.2879442180285645,0.5169244408607483,True,False,REAL_L031_20240325,43.0,3.484009075749684,3.484009075749684,True,gap_edge_residual_model,False,REAL_L031_20240325,43.0,long,yes,real gap — no withheld truth,False
2024-04-05,False,,False,REAL_L031_20240325,2.3461595519309166,0.3703575432300567,True,False,REAL_L031_20240325,43.0,3.654449801866426,3.654449801866426,True,gap_edge_residual_model,False,REAL_L031_20240325,43.0,long,yes,real gap — no withheld truth,False
2024-04-06,False,,False,REAL_L031_20240325,2.542649461282081,0.4052864909172058,True,False,REAL_L031_20240325,43.0,3.6917987082740766,3.6917987082740766,True,gap_edge_residual_model,False,REAL_L031_20240325,43.0,long,yes,real gap — no withheld truth,False
2024-04-07,False,,False,REAL_L031_20240325,2.878681897172155,0.4591936767101288,True,False,REAL_L031_20240325,43.0,3.604587810967782,3.604587810967782,True,gap_edge_residual_model,False,REAL_L031_20240325,43.0,long,yes,real gap — no withheld truth,False
2024-04-08,False,,False,REAL_L031_20240325,2.832230848316897,0.4521286487579345,True,False,REAL_L031_20240325,43.0,3.042507337828669,3.042507337828669,True,gap_edge_residual_model,False,REAL_L031_20240325,43.0,long,yes,real gap — no withheld truth,False
2024-04-09,False,,False,REAL_L031_20240325,3.460444907705172,0.5391319394111633,True,False,REAL_L031_20240325,43.0,3.3543750772201624,3.3543750772201624,True,gap_edge_residual_model,False,REAL_L031_20240325,43.0,long,yes,real gap — no withheld truth,False
2024-04-10,False,,False,REAL_L031_20240325,2.89447369639159,0.461569607257843,True,False,REAL_L031_20240325,43.0,3.5045181652806585,3.5045181652806585,True,gap_edge_residual_model,False,REAL_L031_20240325,43.0,long,yes,real gap — no withheld truth,False
2024-04-11,False,,False,REAL_L031_20240325,3.023380449943423,0.4804928004741668,True,False,REAL_L031_20240325,43.0,3.79226536685826,3.79226536685826,True,gap_edge_residual_model,False,REAL_L031_20240325,43.0,long,yes,real gap — no withheld truth,False
2024-04-12,False,,False,REAL_L031_20240325,2.4144622933721314,0.3828204274177551,True,False,REAL_L031_20240325,43.0,4.014890711747835,4.014890711747835,True,gap_edge_residual_model,False,REAL_L031_20240325,43.0,long,yes,real gap — no withheld truth,False
2024-04-13,False,,False,REAL_L031_20240325,2.7199451731852635,0.4345601499080658,True,False,REAL_L031_20240325,43.0,4.743087003308532,4.743087003308532,True,gap_edge_residual_model,False,REAL_L031_20240325,43.0,long,yes,real gap — no withheld truth,False
2024-04-14,False,,False,REAL_L031_20240325,2.6553093294306493,0.4241151213645935,True,False,REAL_L031_20240325,43.0,5.483381465630432,5.483381465630432,True,gap_edge_residual_model,False,REAL_L031_20240325,43.0,long,yes,real gap — no withheld truth,False
2024-04-15,False,,False,REAL_L031_20240325,3.343471595783419,0.5241976380348206,True,False,REAL_L031_20240325,43.0,5.957349975063653,5.957349975063653,True,gap_edge_residual_model,False,REAL_L031_20240325,43.0,long,yes,real gap — no withheld truth,False
2024-04-16,False,,False,REAL_L031_20240325,4.335349401582027,0.6370241045951843,True,False,REAL_L031_20240325,43.0,6.095306606510457,6.095306606510457,True,gap_edge_residual_model,False,REAL_L031_20240325,43.0,long,yes,real gap — no withheld truth,False
2024-04-17,False,,False,REAL_L031_20240325,4.196270457409781,0.6228634715080261,True,False,REAL_L031_20240325,43.0,5.074711121221212,5.074711121221212,True,gap_edge_residual_model,False,REAL_L031_20240325,43.0,long,yes,real gap — no withheld truth,False
2024-04-18,False,,False,REAL_L031_20240325,2.667905842661104,0.4261704981327057,True,False,REAL_L031_20240325,43.0,5.531816243093423,5.531816243093423,True,gap_edge_residual_model,False,REAL_L031_20240325,43.0,long,yes,real gap — no withheld truth,False
2024-04-19,False,,False,REAL_L031_20240325,3.198169876567575,0.5049015283584595,True,False,REAL_L031_20240325,43.0,6.728671547698482,6.728671547698482,True,gap_edge_residual_model,False,REAL_L031_20240325,43.0,long,yes,real gap — no withheld truth,False
2024-04-20,False,,False,REAL_L031_20240325,3.36242152581318,0.5266521573066711,True,False,REAL_L031_20240325,43.0,7.859044703950378,7.859044703950378,True,gap_edge_residual_model,False,REAL_L031_20240325,43.0,long,yes,real gap — no withheld truth,False
2024-04-21,False,,False,REAL_L031_20240325,3.3603704348837087,0.5263871550559998,True,False,REAL_L031_20240325,43.0,7.17920756635696,7.17920756635696,True,gap_edge_residual_model,False,REAL_L031_20240325,43.0,long,yes,real gap — no withheld truth,False
2024-04-22,False,,False,REAL_L031_20240325,3.916077528588703,0.5928512811660767,True,False,REAL_L031_20240325,43.0,7.838341355086205,7.838341355086205,True,gap_edge_residual_model,False,REAL_L031_20240325,43.0,long,yes,real gap — no withheld truth,False
2024-04-23,False,,False,REAL_L031_20240325,3.114894486853328,0.4934433400630951,True,False,REAL_L031_20240325,43.0,7.965807995971558,7.965807995971558,True,gap_edge_residual_model,False,REAL_L031_20240325,43.0,long,yes,real gap — no withheld truth,False
2024-04-24,False,,False,REAL_L031_20240325,3.5624859756013474,0.5517531633377075,True,False,REAL_L031_20240325,43.0,7.629004231922742,7.629004231922742,True,gap_edge_residual_model,False,REAL_L031_20240325,43.0,long,yes,real gap — no withheld truth,False
2024-04-25,False,,False,REAL_L031_20240325,3.834517026083431,0.5837106704711914,True,False,REAL_L031_20240325,43.0,6.9092812801434675,6.9092812801434675,True,gap_edge_residual_model,False,REAL_L031_20240325,43.0,long,yes,real gap — no withheld truth,False
2024-04-26,False,,False,REAL_L031_20240325,4.797747263392219,0.6810373663902283,True,False,REAL_L031_20240325,43.0,5.832030615125361,5.832030615125361,True,gap_edge_residual_model,False,REAL_L031_20240325,43.0,long,yes,real gap — no withheld truth,False
2024-04-27,False,,False,REAL_L031_20240325,3.9394724089991593,0.5954380631446838,True,False,REAL_L031_20240325,43.0,5.4980794155443755,5.4980794155443755,True,gap_edge_residual_model,False,REAL_L031_20240325,43.0,long,yes,real gap — no withheld truth,False
2024-04-28,False,,False,REAL_L031_20240325,4.162202958990195,0.6193232536315918,True,False,REAL_L031_20240325,43.0,4.597633405258771,4.597633405258771,True,gap_edge_residual_model,False,REAL_L031_20240325,43.0,long,yes,real gap — no withheld truth,False
2024-04-29,False,,False,REAL_L031_20240325,3.8759406480101326,0.5883771181106567,True,False,REAL_L031_20240325,43.0,5.8203411705348405,5.8203411705348405,True,gap_edge_residual_model,False,REAL_L031_20240325,43.0,long,yes,real gap — no withheld truth,False
2024-04-30,False,,False,REAL_L031_20240325,4.476163759916717,0.650905966758728,True,False,REAL_L031_20240325,43.0,6.367393877772582,6.367393877772582,True,gap_edge_residual_model,False,REAL_L031_20240325,43.0,long,yes,real gap — no withheld truth,False
2024-05-01,False,,False,REAL_L031_20240325,5.439800934909656,0.7355830073356628,True,False,REAL_L031_20240325,43.0,5.85216476608139,5.85216476608139,True,gap_edge_residual_model,False,REAL_L031_20240325,43.0,long,yes,real gap — no withheld truth,False
2024-05-02,False,,False,REAL_L031_20240325,4.996989934470953,0.6987084746360779,True,False,REAL_L031_20240325,43.0,4.543426763768035,4.543426763768035,True,gap_edge_residual_model,False,REAL_L031_20240325,43.0,long,yes,real gap — no withheld truth,False
2024-05-03,False,,False,REAL_L031_20240325,5.58394905369033,0.7469414472579956,True,False,REAL_L031_20240325,43.0,5.079706446493122,5.079706446493122,True,gap_edge_residual_model,False,REAL_L031_20240325,43.0,long,yes,real gap — no withheld truth,False
2024-05-04,False,,False,REAL_L031_20240325,6.062707607830024,0.7826666235923767,True,False,REAL_L031_20240325,43.0,6.259604986001447,6.259604986001447,True,gap_edge_residual_model,False,REAL_L031_20240325,43.0,long,yes,real gap — no withheld truth,False
2024-05-05,False,,False,REAL_L031_20240325,6.823393361886474,0.8340004086494446,True,False,REAL_L031_20240325,43.0,8.155746172152705,8.155746172152705,True,gap_edge_residual_model,False,REAL_L031_20240325,43.0,long,yes,real gap — no withheld truth,False
2024-05-06,False,,False,REAL_L031_20240325,9.172415173481877,0.9624837040901184,True,False,REAL_L031_20240325,43.0,9.01687338120572,9.01687338120572,True,gap_edge_residual_model,False,REAL_L031_20240325,43.0,long,yes,real gap — no withheld truth,False
2024-05-07,True,10.838583333333334,True,,,,,,,,,10.838583333333334,False,,False,,,,,observed_day,False
2024-05-08,True,9.555291666666667,True,,,,,,,,,9.555291666666667,False,,False,,,,,observed_day,False
2024-05-09,True,8.601708333333333,True,,,,,,,,,8.601708333333333,False,,False,,,,,observed_day,False
2024-05-10,True,11.195416666666668,True,,,,,,,,,11.195416666666668,False,,False,,,,,observed_day,False
2024-05-11,True,9.071625,True,,,,,,,,,9.071625,False,,False,,,,,observed_day,False
2024-05-12,True,4.577125,True,,,,,,,,,4.577125,False,,False,,,,,observed_day,False
2024-05-13,True,3.8350833333333334,True,,,,,,,,,3.8350833333333334,False,,False,,,,,observed_day,False
2024-05-14,True,4.506291666666666,True,,,,,,,,,4.506291666666666,False,,False,,,,,observed_day,False
2024-05-15,True,5.005791666666666,True,,,,,,,,,5.005791666666666,False,,False,,,,,observed_day,False
2024-05-16,True,7.147000000000001,True,,,,,,,,,7.147000000000001,False,,False,,,,,observed_day,False
2024-05-17,True,8.376666666666667,True,,,,,,,,,8.376666666666667,False,,False,,,,,observed_day,False
2024-05-18,True,8.0895,True,,,,,,,,,8.0895,False,,False,,,,,observed_day,False
2024-05-19,True,8.31625,True,,,,,,,,,8.31625,False,,False,,,,,observed_day,False
2024-05-20,True,10.69925,True,,,,,,,,,10.69925,False,,False,,,,,observed_day,False
2024-05-21,True,9.762125,True,,,,,,,,,9.762125,False,,False,,,,,observed_day,False
2024-05-22,True,13.047583333333334,True,,,,,,,,,13.047583333333334,False,,False,,,,,observed_day,False
2024-05-23,True,11.250583333333331,True,,,,,,,,,11.250583333333331,False,,False,,,,,observed_day,False
2024-05-24,True,6.766291666666667,True,,,,,,,,,6.766291666666667,False,,False,,,,,observed_day,False
2024-05-25,True,10.231958333333331,True,,,,,,,,,10.231958333333331,False,,False,,,,,observed_day,False
2024-05-26,True,7.030374999999999,True,,,,,,,,,7.030374999999999,False,,False,,,,,observed_day,False
2024-05-27,True,2.73775,True,,,,,,,,,2.73775,False,,False,,,,,observed_day,False
2024-05-28,True,3.015333333333333,True,,,,,,,,,3.015333333333333,False,,False,,,,,observed_day,False
2024-05-29,True,2.3502499999999995,True,,,,,,,,,2.3502499999999995,False,,False,,,,,observed_day,False
2024-05-30,True,1.988375,True,,,,,,,,,1.988375,False,,False,,,,,observed_day,False
2024-05-31,True,2.048875,True,,,,,,,,,2.048875,False,,False,,,,,observed_day,False
2024-06-01,True,1.817875,True,,,,,,,,,1.817875,False,,False,,,,,observed_day,False
2024-06-02,True,2.0076666666666667,True,,,,,,,,,2.0076666666666667,False,,False,,,,,observed_day,False
2024-06-03,True,1.8641666666666663,True,,,,,,,,,1.8641666666666663,False,,False,,,,,observed_day,False
2024-06-04,True,1.43575,True,,,,,,,,,1.43575,False,,False,,,,,observed_day,False
2024-06-05,True,1.1779583333333334,True,,,,,,,,,1.1779583333333334,False,,False,,,,,observed_day,False
2024-06-06,True,1.003375,True,,,,,,,,,1.003375,False,,False,,,,,observed_day,False
2024-06-07,True,1.046875,True,,,,,,,,,1.046875,False,,False,,,,,observed_day,False
2024-06-08,True,1.3770416666666667,True,,,,,,,,,1.3770416666666667,False,,False,,,,,observed_day,False
2024-06-09,True,1.755375,True,,,,,,,,,1.755375,False,,False,,,,,observed_day,False
2024-06-10,True,1.4254166666666668,True,,,,,,,,,1.4254166666666668,False,,False,,,,,observed_day,False
2024-06-11,True,1.378375,True,,,,,,,,,1.378375,False,,False,,,,,observed_day,False
2024-06-12,True,1.5675,True,,,,,,,,,1.5675,False,,False,,,,,observed_day,False
2024-06-13,True,1.499,True,,,,,,,,,1.499,False,,False,,,,,observed_day,False
2024-06-14,True,1.1272916666666666,True,,,,,,,,,1.1272916666666666,False,,False,,,,,observed_day,False
2024-06-15,True,1.2825833333333334,True,,,,,,,,,1.2825833333333334,False,,False,,,,,observed_day,False
2024-06-16,True,1.05075,True,,,,,,,,,1.05075,False,,False,,,,,observed_day,False
2024-06-17,True,1.0920416666666666,True,,,,,,,,,1.0920416666666666,False,,False,,,,,observed_day,False
2024-06-18,True,1.094625,True,,,,,,,,,1.094625,False,,False,,,,,observed_day,False
2024-06-19,True,1.0315416666666668,True,,,,,,,,,1.0315416666666668,False,,False,,,,,observed_day,False
2024-06-20,True,1.1049166666666668,True,,,,,,,,,1.1049166666666668,False,,False,,,,,observed_day,False
2024-06-21,True,0.904625,True,,,,,,,,,0.904625,False,,False,,,,,observed_day,False
2024-06-22,True,1.3395416666666666,True,,,,,,,,,1.3395416666666666,False,,False,,,,,observed_day,False
2024-06-23,True,1.038125,True,,,,,,,,,1.038125,False,,False,,,,,observed_day,False
2024-06-24,True,0.94625,True,,,,,,,,,0.94625,False,,False,,,,,observed_day,False
2024-06-25,True,0.7523333333333334,True,,,,,,,,,0.7523333333333334,False,,False,,,,,observed_day,False
2024-06-26,True,0.7375416666666667,True,,,,,,,,,0.7375416666666667,False,,False,,,,,observed_day,False
2024-06-27,True,1.18725,True,,,,,,,,,1.18725,False,,False,,,,,observed_day,False
2024-06-28,True,1.4546666666666668,True,,,,,,,,,1.4546666666666668,False,,False,,,,,observed_day,False
2024-06-29,True,1.7725416666666665,True,,,,,,,,,1.7725416666666665,False,,False,,,,,observed_day,False
2024-06-30,True,1.777375,True,,,,,,,,,1.777375,False,,False,,,,,observed_day,False
2024-07-01,True,4.161125,True,,,,,,,,,4.161125,False,,False,,,,,observed_day,False
2024-07-02,True,4.239416666666666,True,,,,,,,,,4.239416666666666,False,,False,,,,,observed_day,False
2024-07-03,True,1.6436666666666666,True,,,,,,,,,1.6436666666666666,False,,False,,,,,observed_day,False
2024-07-04,True,1.4894166666666664,True,,,,,,,,,1.4894166666666664,False,,False,,,,,observed_day,False
2024-07-05,True,2.237083333333333,True,,,,,,,,,2.237083333333333,False,,False,,,,,observed_day,False
2024-07-06,True,2.9367916666666667,True,,,,,,,,,2.9367916666666667,False,,False,,,,,observed_day,False
2024-07-07,True,2.6437500000000003,True,,,,,,,,,2.6437500000000003,False,,False,,,,,observed_day,False
2024-07-08,True,1.0487499999999998,True,,,,,,,,,1.0487499999999998,False,,False,,,,,observed_day,False
2024-07-09,True,4.556375,True,,,,,,,,,4.556375,False,,False,,,,,observed_day,False
2024-07-10,True,3.3039166666666664,True,,,,,,,,,3.3039166666666664,False,,False,,,,,observed_day,False
2024-07-11,True,3.6514166666666674,True,,,,,,,,,3.6514166666666674,False,,False,,,,,observed_day,False
2024-07-12,True,2.8033333333333332,True,,,,,,,,,2.8033333333333332,False,,False,,,,,observed_day,False
2024-07-13,True,1.6458333333333333,True,,,,,,,,,1.6458333333333333,False,,False,,,,,observed_day,False
2024-07-14,True,2.0770416666666667,True,,,,,,,,,2.0770416666666667,False,,False,,,,,observed_day,False
2024-07-15,True,4.043125,True,,,,,,,,,4.043125,False,,False,,,,,observed_day,False
2024-07-16,True,2.733083333333333,True,,,,,,,,,2.733083333333333,False,,False,,,,,observed_day,False
2024-07-17,True,1.4027083333333332,True,,,,,,,,,1.4027083333333332,False,,False,,,,,observed_day,False
2024-07-18,True,1.807375,True,,,,,,,,,1.807375,False,,False,,,,,observed_day,False
2024-07-19,True,2.0688333333333335,True,,,,,,,,,2.0688333333333335,False,,False,,,,,observed_day,False
2024-07-20,True,1.5726666666666669,True,,,,,,,,,1.5726666666666669,False,,False,,,,,observed_day,False
2024-07-21,True,1.389625,True,,,,,,,,,1.389625,False,,False,,,,,observed_day,False
2024-07-22,True,1.537,True,,,,,,,,,1.537,False,,False,,,,,observed_day,False
2024-07-23,True,1.5400416666666663,True,,,,,,,,,1.5400416666666663,False,,False,,,,,observed_day,False
2024-07-24,True,0.663625,True,,,,,,,,,0.663625,False,,False,,,,,observed_day,False
2024-07-25,True,0.7694166666666667,True,,,,,,,,,0.7694166666666667,False,,False,,,,,observed_day,False
2024-07-26,True,0.6763333333333333,True,,,,,,,,,0.6763333333333333,False,,False,,,,,observed_day,False
2024-07-27,True,1.0957083333333333,True,,,,,,,,,1.0957083333333333,False,,False,,,,,observed_day,False
2024-07-28,True,3.1629166666666664,True,,,,,,,,,3.1629166666666664,False,,False,,,,,observed_day,False
2024-07-29,True,2.827458333333334,True,,,,,,,,,2.827458333333334,False,,False,,,,,observed_day,False
2024-07-30,True,1.0659166666666666,True,,,,,,,,,1.0659166666666666,False,,False,,,,,observed_day,False
2024-07-31,True,1.258125,True,,,,,,,,,1.258125,False,,False,,,,,observed_day,False
2024-08-01,True,1.533875,True,,,,,,,,,1.533875,False,,False,,,,,observed_day,False
2024-08-02,True,1.1971666666666667,True,,,,,,,,,1.1971666666666667,False,,False,,,,,observed_day,False
2024-08-03,True,0.7392083333333334,True,,,,,,,,,0.7392083333333334,False,,False,,,,,observed_day,False
2024-08-04,True,0.7972916666666666,True,,,,,,,,,0.7972916666666666,False,,False,,,,,observed_day,False
2024-08-05,True,0.8354583333333334,True,,,,,,,,,0.8354583333333334,False,,False,,,,,observed_day,False
2024-08-06,True,0.8989583333333333,True,,,,,,,,,0.8989583333333333,False,,False,,,,,observed_day,False
2024-08-07,True,0.9564583333333334,True,,,,,,,,,0.9564583333333334,False,,False,,,,,observed_day,False
2024-08-08,True,0.970125,True,,,,,,,,,0.970125,False,,False,,,,,observed_day,False
2024-08-09,True,1.248375,True,,,,,,,,,1.248375,False,,False,,,,,observed_day,False
2024-08-10,True,1.4306666666666663,True,,,,,,,,,1.4306666666666663,False,,False,,,,,observed_day,False
2024-08-11,True,1.8674166666666665,True,,,,,,,,,1.8674166666666665,False,,False,,,,,observed_day,False
2024-08-12,False,1.5914444444444442,False,REAL_L010_20240812,2.2807242881427823,0.3580727875232696,True,False,REAL_L010_20240812,12.0,2.066477083366265,2.066477083366265,True,state_space_kalman,False,REAL_L010_20240812,12.0,medium,interpolation_within_range,real gap — no withheld truth,False
2024-08-13,False,,False,REAL_L010_20240812,2.331792374633375,0.3676898777484894,True,False,REAL_L010_20240812,12.0,2.2867566795901353,2.2867566795901353,True,state_space_kalman,False,REAL_L010_20240812,12.0,medium,interpolation_within_range,real gap — no withheld truth,False
2024-08-14,False,,False,REAL_L010_20240812,2.7760020615707384,0.4434197843074798,True,False,REAL_L010_20240812,12.0,2.530517349426256,2.530517349426256,True,state_space_kalman,False,REAL_L010_20240812,12.0,medium,interpolation_within_range,real gap — no withheld truth,False
2024-08-15,False,,False,REAL_L010_20240812,2.746632995437337,0.4388006329536438,True,False,REAL_L010_20240812,12.0,2.8002620973627215,2.8002620973627215,True,state_space_kalman,False,REAL_L010_20240812,12.0,medium,interpolation_within_range,real gap — no withheld truth,False
2024-08-16,False,,False,REAL_L010_20240812,3.3831411748715277,0.5293201208114624,True,False,REAL_L010_20240812,12.0,3.098760739855888,3.098760739855888,True,state_space_kalman,False,REAL_L010_20240812,12.0,medium,interpolation_within_range,real gap — no withheld truth,False
2024-08-17,False,,False,REAL_L010_20240812,3.5742706084831504,0.5531874299049377,True,False,REAL_L010_20240812,12.0,3.4290783466003583,3.4290783466003583,True,state_space_kalman,False,REAL_L010_20240812,12.0,medium,interpolation_within_range,real gap — no withheld truth,False
2024-08-18,False,,False,REAL_L010_20240812,4.263920331127516,0.6298090815544128,True,False,REAL_L010_20240812,12.0,3.79460671354391,3.79460671354391,True,state_space_kalman,False,REAL_L010_20240812,12.0,medium,interpolation_within_range,real gap — no withheld truth,False
2024-08-19,False,,False,REAL_L010_20240812,4.283796627037,0.6318288445472717,True,False,REAL_L010_20240812,12.0,4.1990991908213315,4.1990991908213315,True,state_space_kalman,False,REAL_L010_20240812,12.0,medium,interpolation_within_range,real gap — no withheld truth,False
2024-08-20,False,,False,REAL_L010_20240812,5.164621562715991,0.7130385041236877,True,False,REAL_L010_20240812,12.0,4.646709223230367,4.646709223230367,True,state_space_kalman,False,REAL_L010_20240812,12.0,medium,interpolation_within_range,real gap — no withheld truth,False
2024-08-21,False,,False,REAL_L010_20240812,4.783050477239894,0.6797049641609192,True,False,REAL_L010_20240812,12.0,5.142032998994448,5.142032998994448,True,state_space_kalman,False,REAL_L010_20240812,12.0,medium,interpolation_within_range,real gap — no withheld truth,False
2024-08-22,False,,False,REAL_L010_20240812,5.562531933516253,0.7452725172042847,True,False,REAL_L010_20240812,12.0,5.690156644741919,5.690156644741919,True,state_space_kalman,False,REAL_L010_20240812,12.0,medium,interpolation_within_range,real gap — no withheld truth,False
2024-08-23,False,,False,REAL_L010_20240812,6.401998105162298,0.806315541267395,True,False,REAL_L010_20240812,12.0,6.296708451313377,6.296708451313377,True,state_space_kalman,False,REAL_L010_20240812,12.0,medium,interpolation_within_range,real gap — no withheld truth,False
2024-08-24,True,6.9679166666666665,True,,,,,,,,,6.9679166666666665,False,,False,,,,,observed_day,False
2024-08-25,True,8.049458333333334,True,,,,,,,,,8.049458333333334,False,,False,,,,,observed_day,False
2024-08-26,True,11.621625,True,,,,,,,,,11.621625,False,,False,,,,,observed_day,False
2024-08-27,True,8.723041666666667,True,,,,,,,,,8.723041666666667,False,,False,,,,,observed_day,False
2024-08-28,True,5.827749999999999,True,,,,,,,,,5.827749999999999,False,,False,,,,,observed_day,False
2024-08-29,True,4.516333333333333,True,,,,,,,,,4.516333333333333,False,,False,,,,,observed_day,False
2024-08-30,True,7.990666666666667,True,,,,,,,,,7.990666666666667,False,,False,,,,,observed_day,False
2024-08-31,True,9.184166666666668,True,,,,,,,,,9.184166666666668,False,,False,,,,,observed_day,False
2024-09-01,True,4.737333333333333,True,,,,,,,,,4.737333333333333,False,,False,,,,,observed_day,False
2024-09-02,True,2.6594166666666665,True,,,,,,,,,2.6594166666666665,False,,False,,,,,observed_day,False
2024-09-03,True,2.6520833333333336,True,,,,,,,,,2.6520833333333336,False,,False,,,,,observed_day,False
2024-09-04,True,3.021625,True,,,,,,,,,3.021625,False,,False,,,,,observed_day,False
2024-09-05,True,3.1871666666666667,True,,,,,,,,,3.1871666666666667,False,,False,,,,,observed_day,False
2024-09-06,True,2.45625,True,,,,,,,,,2.45625,False,,False,,,,,observed_day,False
2024-09-07,True,3.517458333333334,True,,,,,,,,,3.517458333333334,False,,False,,,,,observed_day,False
2024-09-08,True,4.3957500000000005,True,,,,,,,,,4.3957500000000005,False,,False,,,,,observed_day,False
2024-09-09,True,7.964125,True,,,,,,,,,7.964125,False,,False,,,,,observed_day,False
2024-09-10,True,8.442166666666667,True,,,,,,,,,8.442166666666667,False,,False,,,,,observed_day,False
2024-09-11,True,6.654583333333334,True,,,,,,,,,6.654583333333334,False,,False,,,,,observed_day,False
2024-09-12,True,9.522625,True,,,,,,,,,9.522625,False,,False,,,,,observed_day,False
2024-09-13,True,4.206375,True,,,,,,,,,4.206375,False,,False,,,,,observed_day,False
2024-09-14,True,5.200625,True,,,,,,,,,5.200625,False,,False,,,,,observed_day,False
2024-09-15,True,5.692,True,,,,,,,,,5.692,False,,False,,,,,observed_day,False
2024-09-16,True,14.7475,True,,,,,,,,,14.7475,False,,False,,,,,observed_day,False
2024-09-17,True,17.647541666666665,True,,,,,,,,,17.647541666666665,False,,False,,,,,observed_day,False
2024-09-18,True,16.700208333333332,True,,,,,,,,,16.700208333333332,False,,False,,,,,observed_day,False
2024-09-19,True,14.601666666666668,True,,,,,,,,,14.601666666666668,False,,False,,,,,observed_day,False
2024-09-20,True,7.546958333333333,True,,,,,,,,,7.546958333333333,False,,False,,,,,observed_day,False
2024-09-21,True,7.335999999999999,True,,,,,,,,,7.335999999999999,False,,False,,,,,observed_day,False
2024-09-22,True,9.986375,True,,,,,,,,,9.986375,False,,False,,,,,observed_day,False
2024-09-23,True,11.857041666666667,True,,,,,,,,,11.857041666666667,False,,False,,,,,observed_day,False
2024-09-24,True,8.045291666666666,True,,,,,,,,,8.045291666666666,False,,False,,,,,observed_day,False
2024-09-25,True,5.0035,True,,,,,,,,,5.0035,False,,False,,,,,observed_day,False
2024-09-26,True,5.291541666666666,True,,,,,,,,,5.291541666666666,False,,False,,,,,observed_day,False
2024-09-27,True,8.770249999999999,True,,,,,,,,,8.770249999999999,False,,False,,,,,observed_day,False
2024-09-28,True,11.867,True,,,,,,,,,11.867,False,,False,,,,,observed_day,False
2024-09-29,True,12.466125,True,,,,,,,,,12.466125,False,,False,,,,,observed_day,False
2024-09-30,True,11.228500000000002,True,,,,,,,,,11.228500000000002,False,,False,,,,,observed_day,False
2024-10-01,True,8.807708333333332,True,,,,,,,,,8.807708333333332,False,,False,,,,,observed_day,False
2024-10-02,True,5.056666666666667,True,,,,,,,,,5.056666666666667,False,,False,,,,,observed_day,False
2024-10-03,True,6.059458333333333,True,,,,,,,,,6.059458333333333,False,,False,,,,,observed_day,False
2024-10-04,True,11.428291666666668,True,,,,,,,,,11.428291666666668,False,,False,,,,,observed_day,False
2024-10-05,True,12.998291666666669,True,,,,,,,,,12.998291666666669,False,,False,,,,,observed_day,False
2024-10-06,True,15.557791666666663,True,,,,,,,,,15.557791666666663,False,,False,,,,,observed_day,False
2024-10-07,True,17.619375,True,,,,,,,,,17.619375,False,,False,,,,,observed_day,False
2024-10-08,True,16.112750000000002,True,,,,,,,,,16.112750000000002,False,,False,,,,,observed_day,False
2024-10-09,True,11.329291666666668,True,,,,,,,,,11.329291666666668,False,,False,,,,,observed_day,False
2024-10-10,True,7.799541666666667,True,,,,,,,,,7.799541666666667,False,,False,,,,,observed_day,False
2024-10-11,True,5.379708333333333,True,,,,,,,,,5.379708333333333,False,,False,,,,,observed_day,False
2024-10-12,True,5.177708333333333,True,,,,,,,,,5.177708333333333,False,,False,,,,,observed_day,False
2024-10-13,True,5.745916666666666,True,,,,,,,,,5.745916666666666,False,,False,,,,,observed_day,False
2024-10-14,True,3.590583333333333,True,,,,,,,,,3.590583333333333,False,,False,,,,,observed_day,False
2024-10-15,True,1.333875,True,,,,,,,,,1.333875,False,,False,,,,,observed_day,False
2024-10-16,True,1.12325,True,,,,,,,,,1.12325,False,,False,,,,,observed_day,False
2024-10-17,True,1.7383750000000002,True,,,,,,,,,1.7383750000000002,False,,False,,,,,observed_day,False
2024-10-18,True,1.607333333333333,True,,,,,,,,,1.607333333333333,False,,False,,,,,observed_day,False
2024-10-19,True,1.8691249999999997,True,,,,,,,,,1.8691249999999997,False,,False,,,,,observed_day,False
2024-10-20,True,2.7275416666666668,True,,,,,,,,,2.7275416666666668,False,,False,,,,,observed_day,False
2024-10-21,True,3.613125,True,,,,,,,,,3.613125,False,,False,,,,,observed_day,False
2024-10-22,True,6.491208333333333,True,,,,,,,,,6.491208333333333,False,,False,,,,,observed_day,False
2024-10-23,True,11.975083333333332,True,,,,,,,,,11.975083333333332,False,,False,,,,,observed_day,False
2024-10-24,True,13.547791666666669,True,,,,,,,,,13.547791666666669,False,,False,,,,,observed_day,False
2024-10-25,True,13.343583333333331,True,,,,,,,,,13.343583333333331,False,,False,,,,,observed_day,False
2024-10-26,True,20.173708333333337,True,,,,,,,,,20.173708333333337,False,,False,,,,,observed_day,False
2024-10-27,True,19.02595833333333,True,,,,,,,,,19.02595833333333,False,,False,,,,,observed_day,False
2024-10-28,True,16.626416666666668,True,,,,,,,,,16.626416666666668,False,,False,,,,,observed_day,False
2024-10-29,True,19.535416666666663,True,,,,,,,,,19.535416666666663,False,,False,,,,,observed_day,False
2024-10-30,True,22.528041666666667,True,,,,,,,,,22.528041666666667,False,,False,,,,,observed_day,False
2024-10-31,True,22.065916666666663,True,,,,,,,,,22.065916666666663,False,,False,,,,,observed_day,False
2024-11-01,True,24.94033333333333,True,,,,,,,,,24.94033333333333,False,,False,,,,,observed_day,False
2024-11-02,True,10.988291666666669,True,,,,,,,,,10.988291666666669,False,,False,,,,,observed_day,False
2024-11-03,True,8.874291666666666,True,,,,,,,,,8.874291666666666,False,,False,,,,,observed_day,False
2024-11-04,True,8.174625,True,,,,,,,,,8.174625,False,,False,,,,,observed_day,False
2024-11-05,True,7.53125,True,,,,,,,,,7.53125,False,,False,,,,,observed_day,False
2024-11-06,True,8.226583333333334,True,,,,,,,,,8.226583333333334,False,,False,,,,,observed_day,False
2024-11-07,True,7.262625,True,,,,,,,,,7.262625,False,,False,,,,,observed_day,False
2024-11-08,True,5.066800000000001,True,,,,,,,,,5.066800000000001,False,,False,,,,,observed_day,False
2024-11-09,True,5.159625,True,,,,,,,,,5.159625,False,,False,,,,,observed_day,False
2024-11-10,True,3.112291666666667,True,,,,,,,,,3.112291666666667,False,,False,,,,,observed_day,False
2024-11-11,True,2.3865416666666666,True,,,,,,,,,2.3865416666666666,False,,False,,,,,observed_day,False
2024-11-12,True,5.853583333333333,True,,,,,,,,,5.853583333333333,False,,False,,,,,observed_day,False
2024-11-13,True,12.435791666666669,True,,,,,,,,,12.435791666666669,False,,False,,,,,observed_day,False
2024-11-14,True,9.78125,True,,,,,,,,,9.78125,False,,False,,,,,observed_day,False
2024-11-15,True,6.488583333333334,True,,,,,,,,,6.488583333333334,False,,False,,,,,observed_day,False
2024-11-16,True,5.569291666666667,True,,,,,,,,,5.569291666666667,False,,False,,,,,observed_day,False
2024-11-17,True,2.3149583333333332,True,,,,,,,,,2.3149583333333332,False,,False,,,,,observed_day,False
2024-11-18,True,3.0512499999999996,True,,,,,,,,,3.0512499999999996,False,,False,,,,,observed_day,False
2024-11-19,True,5.304583333333333,True,,,,,,,,,5.304583333333333,False,,False,,,,,observed_day,False
2024-11-20,True,3.8587916666666664,True,,,,,,,,,3.8587916666666664,False,,False,,,,,observed_day,False
2024-11-21,True,2.296625,True,,,,,,,,,2.296625,False,,False,,,,,observed_day,False
2024-11-22,True,3.483458333333333,True,,,,,,,,,3.483458333333333,False,,False,,,,,observed_day,False
2024-11-23,True,3.297875,True,,,,,,,,,3.297875,False,,False,,,,,observed_day,False
2024-11-24,True,3.655958333333333,True,,,,,,,,,3.655958333333333,False,,False,,,,,observed_day,False
2024-11-25,True,4.096166666666667,True,,,,,,,,,4.096166666666667,False,,False,,,,,observed_day,False
2024-11-26,True,4.918875,True,,,,,,,,,4.918875,False,,False,,,,,observed_day,False
2024-11-27,True,2.4082083333333335,True,,,,,,,,,2.4082083333333335,False,,False,,,,,observed_day,False
2024-11-28,True,2.2515,True,,,,,,,,,2.2515,False,,False,,,,,observed_day,False
2024-11-29,True,1.3891666666666669,True,,,,,,,,,1.3891666666666669,False,,False,,,,,observed_day,False
2024-11-30,True,15.627500000000005,True,,,,,,,,,15.627500000000005,False,,False,,,,,observed_day,False
2024-12-01,True,7.618416666666666,True,,,,,,,,,7.618416666666666,False,,False,,,,,observed_day,False
2024-12-02,True,1.8264166666666668,True,,,,,,,,,1.8264166666666668,False,,False,,,,,observed_day,False
2024-12-03,True,2.1129166666666666,True,,,,,,,,,2.1129166666666666,False,,False,,,,,observed_day,False
2024-12-04,True,2.5530000000000004,True,,,,,,,,,2.5530000000000004,False,,False,,,,,observed_day,False
2024-12-05,True,4.194625,True,,,,,,,,,4.194625,False,,False,,,,,observed_day,False
2024-12-06,True,4.023666666666666,True,,,,,,,,,4.023666666666666,False,,False,,,,,observed_day,False
2024-12-07,True,4.333333333333333,True,,,,,,,,,4.333333333333333,False,,False,,,,,observed_day,False
2024-12-08,True,9.908458333333334,True,,,,,,,,,9.908458333333334,False,,False,,,,,observed_day,False
2024-12-09,True,4.976083333333333,True,,,,,,,,,4.976083333333333,False,,False,,,,,observed_day,False
2024-12-10,True,7.837583333333335,True,,,,,,,,,7.837583333333335,False,,False,,,,,observed_day,False
2024-12-11,True,5.184833333333333,True,,,,,,,,,5.184833333333333,False,,False,,,,,observed_day,False
2024-12-12,True,7.988499999999999,True,,,,,,,,,7.988499999999999,False,,False,,,,,observed_day,False
2024-12-13,True,4.6941250000000005,True,,,,,,,,,4.6941250000000005,False,,False,,,,,observed_day,False
2024-12-14,True,5.580875,True,,,,,,,,,5.580875,False,,False,,,,,observed_day,False
2024-12-15,True,6.918875,True,,,,,,,,,6.918875,False,,False,,,,,observed_day,False
2024-12-16,True,4.991166666666667,True,,,,,,,,,4.991166666666667,False,,False,,,,,observed_day,False
2024-12-17,True,4.372625,True,,,,,,,,,4.372625,False,,False,,,,,observed_day,False
2024-12-18,True,2.623083333333333,True,,,,,,,,,2.623083333333333,False,,False,,,,,observed_day,False
2024-12-19,True,1.127916666666667,True,,,,,,,,,1.127916666666667,False,,False,,,,,observed_day,False
2024-12-20,True,2.5336666666666665,True,,,,,,,,,2.5336666666666665,False,,False,,,,,observed_day,False
2024-12-21,True,1.9943333333333335,True,,,,,,,,,1.9943333333333335,False,,False,,,,,observed_day,False
2024-12-22,True,1.76325,True,,,,,,,,,1.76325,False,,False,,,,,observed_day,False
2024-12-23,True,2.3409999999999997,True,,,,,,,,,2.3409999999999997,False,,False,,,,,observed_day,False
2024-12-24,True,1.3728749999999998,True,,,,,,,,,1.3728749999999998,False,,False,,,,,observed_day,False
2024-12-25,True,1.229,True,,,,,,,,,1.229,False,,False,,,,,observed_day,False
2024-12-26,True,1.1685833333333335,True,,,,,,,,,1.1685833333333335,False,,False,,,,,observed_day,False
2024-12-27,True,5.1668095238095235,True,,,,,,,,,5.1668095238095235,False,,False,,,,,observed_day,False
2024-12-28,True,11.49375,True,,,,,,,,,11.49375,False,,False,,,,,observed_day,False
2024-12-29,True,7.347291666666667,True,,,,,,,,,7.347291666666667,False,,False,,,,,observed_day,False
2024-12-30,True,3.420208333333333,True,,,,,,,,,3.420208333333333,False,,False,,,,,observed_day,False
2024-12-31,True,3.880416666666666,True,,,,,,,,,3.880416666666666,False,,False,,,,,observed_day,False
2025-01-01,True,5.624916666666667,True,,,,,,,,,5.624916666666667,False,,False,,,,,observed_day,False
2025-01-02,True,4.2330000000000005,True,,,,,,,,,4.2330000000000005,False,,False,,,,,observed_day,False
2025-01-03,True,2.68425,True,,,,,,,,,2.68425,False,,False,,,,,observed_day,False
2025-01-04,True,2.1180416666666666,True,,,,,,,,,2.1180416666666666,False,,False,,,,,observed_day,False
2025-01-05,True,2.3817916666666665,True,,,,,,,,,2.3817916666666665,False,,False,,,,,observed_day,False
2025-01-06,True,1.028375,True,,,,,,,,,1.028375,False,,False,,,,,observed_day,False
2025-01-07,True,0.9185,True,,,,,,,,,0.9185,False,,False,,,,,observed_day,False
2025-01-08,True,1.5423333333333331,True,,,,,,,,,1.5423333333333331,False,,False,,,,,observed_day,False
2025-01-09,True,0.6649999999999999,True,,,,,,,,,0.6649999999999999,False,,False,,,,,observed_day,False
2025-01-10,True,1.5762083333333334,True,,,,,,,,,1.5762083333333334,False,,False,,,,,observed_day,False
2025-01-11,True,4.126083333333333,True,,,,,,,,,4.126083333333333,False,,False,,,,,observed_day,False
2025-01-12,True,6.4405833333333335,True,,,,,,,,,6.4405833333333335,False,,False,,,,,observed_day,False
2025-01-13,True,6.636375,True,,,,,,,,,6.636375,False,,False,,,,,observed_day,False
2025-01-14,True,6.902916666666667,True,,,,,,,,,6.902916666666667,False,,False,,,,,observed_day,False
2025-01-15,True,5.16475,True,,,,,,,,,5.16475,False,,False,,,,,observed_day,False
2025-01-16,True,5.457958333333333,True,,,,,,,,,5.457958333333333,False,,False,,,,,observed_day,False
2025-01-17,True,5.604083333333333,True,,,,,,,,,5.604083333333333,False,,False,,,,,observed_day,False
2025-01-18,True,3.1012083333333336,True,,,,,,,,,3.1012083333333336,False,,False,,,,,observed_day,False
2025-01-19,True,1.616291666666667,True,,,,,,,,,1.616291666666667,False,,False,,,,,observed_day,False
2025-01-20,True,1.257625,True,,,,,,,,,1.257625,False,,False,,,,,observed_day,False
2025-01-21,True,2.0215416666666663,True,,,,,,,,,2.0215416666666663,False,,False,,,,,observed_day,False
2025-01-22,True,2.2415,True,,,,,,,,,2.2415,False,,False,,,,,observed_day,False
2025-01-23,True,2.4868333333333332,True,,,,,,,,,2.4868333333333332,False,,False,,,,,observed_day,False
2025-01-24,True,5.426875,True,,,,,,,,,5.426875,False,,False,,,,,observed_day,False
2025-01-25,True,4.453375,True,,,,,,,,,4.453375,False,,False,,,,,observed_day,False
2025-01-26,True,4.309208333333333,True,,,,,,,,,4.309208333333333,False,,False,,,,,observed_day,False
2025-01-27,True,4.0504999999999995,True,,,,,,,,,4.0504999999999995,False,,False,,,,,observed_day,False
2025-01-28,True,3.894083333333333,True,,,,,,,,,3.894083333333333,False,,False,,,,,observed_day,False
2025-01-29,True,2.31725,True,,,,,,,,,2.31725,False,,False,,,,,observed_day,False
2025-01-30,True,2.3917499999999996,True,,,,,,,,,2.3917499999999996,False,,False,,,,,observed_day,False
2025-01-31,True,2.7298333333333336,True,,,,,,,,,2.7298333333333336,False,,False,,,,,observed_day,False
2025-02-01,True,2.736541666666666,True,,,,,,,,,2.736541666666666,False,,False,,,,,observed_day,False
2025-02-02,True,2.905041666666667,True,,,,,,,,,2.905041666666667,False,,False,,,,,observed_day,False
2025-02-03,True,3.0301666666666667,True,,,,,,,,,3.0301666666666667,False,,False,,,,,observed_day,False
2025-02-04,True,3.271625,True,,,,,,,,,3.271625,False,,False,,,,,observed_day,False
2025-02-05,True,3.029666666666666,True,,,,,,,,,3.029666666666666,False,,False,,,,,observed_day,False
2025-02-06,True,3.2155833333333335,True,,,,,,,,,3.2155833333333335,False,,False,,,,,observed_day,False
2025-02-07,True,3.0969166666666665,True,,,,,,,,,3.0969166666666665,False,,False,,,,,observed_day,False
2025-02-08,True,2.826875,True,,,,,,,,,2.826875,False,,False,,,,,observed_day,False
2025-02-09,True,2.8331250000000003,True,,,,,,,,,2.8331250000000003,False,,False,,,,,observed_day,False
2025-02-10,True,2.166125,True,,,,,,,,,2.166125,False,,False,,,,,observed_day,False
2025-02-11,True,1.6058333333333332,True,,,,,,,,,1.6058333333333332,False,,False,,,,,observed_day,False
2025-02-12,True,1.9465416666666664,True,,,,,,,,,1.9465416666666664,False,,False,,,,,observed_day,False
2025-02-13,True,3.677291666666666,True,,,,,,,,,3.677291666666666,False,,False,,,,,observed_day,False
2025-02-14,True,4.162458333333333,True,,,,,,,,,4.162458333333333,False,,False,,,,,observed_day,False
2025-02-15,True,4.510458333333333,True,,,,,,,,,4.510458333333333,False,,False,,,,,observed_day,False
2025-02-16,True,3.591666666666667,True,,,,,,,,,3.591666666666667,False,,False,,,,,observed_day,False
2025-02-17,True,2.4037916666666668,True,,,,,,,,,2.4037916666666668,False,,False,,,,,observed_day,False
2025-02-18,True,2.3430416666666667,True,,,,,,,,,2.3430416666666667,False,,False,,,,,observed_day,False
2025-02-19,True,2.983416666666667,True,,,,,,,,,2.983416666666667,False,,False,,,,,observed_day,False
2025-02-20,True,2.313041666666667,True,,,,,,,,,2.313041666666667,False,,False,,,,,observed_day,False
2025-02-21,True,3.4938333333333333,True,,,,,,,,,3.4938333333333333,False,,False,,,,,observed_day,False
2025-02-22,True,3.4872083333333337,True,,,,,,,,,3.4872083333333337,False,,False,,,,,observed_day,False
2025-02-23,True,3.1507083333333337,True,,,,,,,,,3.1507083333333337,False,,False,,,,,observed_day,False
2025-02-24,True,2.180684210526316,True,,,,,,,,,2.180684210526316,False,,False,,,,,observed_day,False
2025-02-25,True,2.144083333333333,True,,,,,,,,,2.144083333333333,False,,False,,,,,observed_day,False
2025-02-26,True,1.5531666666666668,True,,,,,,,,,1.5531666666666668,False,,False,,,,,observed_day,False
2025-02-27,True,2.4447916666666667,True,,,,,,,,,2.4447916666666667,False,,False,,,,,observed_day,False
2025-02-28,True,2.8007916666666666,True,,,,,,,,,2.8007916666666666,False,,False,,,,,observed_day,False
2025-03-01,True,1.6371666666666669,True,,,,,,,,,1.6371666666666669,False,,False,,,,,observed_day,False
2025-03-02,True,0.807875,True,,,,,,,,,0.807875,False,,False,,,,,observed_day,False
2025-03-03,True,0.8677916666666666,True,,,,,,,,,0.8677916666666666,False,,False,,,,,observed_day,False
2025-03-04,False,0.8015555555555555,False,REAL_L031_20250304,1.3997220224713125,0.1460417956113815,True,False,REAL_L031_20250304,32.0,1.1846524981245496,1.1846524981245496,True,gap_edge_residual_model,False,REAL_L031_20250304,32.0,long,yes,real gap — no withheld truth,False
2025-03-05,False,,False,REAL_L031_20250304,1.631745299566461,0.2126523703336715,True,False,REAL_L031_20250304,32.0,1.4513953918624234,1.4513953918624234,True,gap_edge_residual_model,False,REAL_L031_20250304,32.0,long,yes,real gap — no withheld truth,False
2025-03-06,False,,False,REAL_L031_20250304,2.6178719214411412,0.4179483950138092,True,False,REAL_L031_20250304,32.0,1.4648698382281715,1.4648698382281715,True,gap_edge_residual_model,False,REAL_L031_20250304,32.0,long,yes,real gap — no withheld truth,False
2025-03-07,False,,False,REAL_L031_20250304,3.4863910740944264,0.5423761010169983,True,False,REAL_L031_20250304,32.0,1.5860693278575215,1.5860693278575215,True,gap_edge_residual_model,False,REAL_L031_20250304,32.0,long,yes,real gap — no withheld truth,False
2025-03-08,False,,False,REAL_L031_20250304,2.5737598913470903,0.4105680286884308,True,False,REAL_L031_20250304,32.0,1.3230506144498206,1.3230506144498206,True,gap_edge_residual_model,False,REAL_L031_20250304,32.0,long,yes,real gap — no withheld truth,False
2025-03-09,False,,False,REAL_L031_20250304,2.2561773215350933,0.3533732295036316,True,False,REAL_L031_20250304,32.0,1.3470360653436635,1.3470360653436635,True,gap_edge_residual_model,False,REAL_L031_20250304,32.0,long,yes,real gap — no withheld truth,False
2025-03-10,False,,False,REAL_L031_20250304,2.0663259922690944,0.3151988387107849,True,False,REAL_L031_20250304,32.0,1.4950099990692105,1.4950099990692105,True,gap_edge_residual_model,False,REAL_L031_20250304,32.0,long,yes,real gap — no withheld truth,False
2025-03-11,False,,False,REAL_L031_20250304,3.0695958559841703,0.4870811998844147,True,False,REAL_L031_20250304,32.0,1.7958446122943192,1.7958446122943192,True,gap_edge_residual_model,False,REAL_L031_20250304,32.0,long,yes,real gap — no withheld truth,False
2025-03-12,False,,False,REAL_L031_20250304,2.5313944895739806,0.4033598303794861,True,False,REAL_L031_20250304,32.0,1.6168153578631563,1.6168153578631563,True,gap_edge_residual_model,False,REAL_L031_20250304,32.0,long,yes,real gap — no withheld truth,False
2025-03-13,False,,False,REAL_L031_20250304,2.8004842883097405,0.4472331404685974,True,False,REAL_L031_20250304,32.0,1.5757534977026249,1.5757534977026249,True,gap_edge_residual_model,False,REAL_L031_20250304,32.0,long,yes,real gap — no withheld truth,False
2025-03-14,False,,False,REAL_L031_20250304,2.988958161398308,0.4755198359489441,True,False,REAL_L031_20250304,32.0,1.4557956425470908,1.4557956425470908,True,gap_edge_residual_model,False,REAL_L031_20250304,32.0,long,yes,real gap — no withheld truth,False
2025-03-15,False,,False,REAL_L031_20250304,2.9445530505356694,0.4690193831920624,True,False,REAL_L031_20250304,32.0,1.5272990259433648,1.5272990259433648,True,gap_edge_residual_model,False,REAL_L031_20250304,32.0,long,yes,real gap — no withheld truth,False
2025-03-16,False,,False,REAL_L031_20250304,3.660476788276316,0.5635376572608948,True,False,REAL_L031_20250304,32.0,1.821657603788014,1.821657603788014,True,gap_edge_residual_model,False,REAL_L031_20250304,32.0,long,yes,real gap — no withheld truth,False
2025-03-17,False,,False,REAL_L031_20250304,3.3968640031911748,0.5310781598091125,True,False,REAL_L031_20250304,32.0,1.6077043158755502,1.6077043158755502,True,gap_edge_residual_model,False,REAL_L031_20250304,32.0,long,yes,real gap — no withheld truth,False
2025-03-18,False,,False,REAL_L031_20250304,3.143198601659109,0.4973718225955963,True,False,REAL_L031_20250304,32.0,1.6924265415562303,1.6924265415562303,True,gap_edge_residual_model,False,REAL_L031_20250304,32.0,long,yes,real gap — no withheld truth,False
2025-03-19,False,,False,REAL_L031_20250304,2.7207450822646897,0.434687852859497,True,False,REAL_L031_20250304,32.0,1.6803508587705154,1.6803508587705154,True,gap_edge_residual_model,False,REAL_L031_20250304,32.0,long,yes,real gap — no withheld truth,False
2025-03-20,False,,False,REAL_L031_20250304,2.642140893748983,0.4219559729099273,True,False,REAL_L031_20250304,32.0,1.6166171421629827,1.6166171421629827,True,gap_edge_residual_model,False,REAL_L031_20250304,32.0,long,yes,real gap — no withheld truth,False
2025-03-21,False,,False,REAL_L031_20250304,2.957668126758572,0.4709494411945343,True,False,REAL_L031_20250304,32.0,1.596866135185823,1.596866135185823,True,gap_edge_residual_model,False,REAL_L031_20250304,32.0,long,yes,real gap — no withheld truth,False
2025-03-22,False,,False,REAL_L031_20250304,2.613475222963024,0.4172183871269226,True,False,REAL_L031_20250304,32.0,1.3119367171605951,1.3119367171605951,True,gap_edge_residual_model,False,REAL_L031_20250304,32.0,long,yes,real gap — no withheld truth,False
2025-03-23,False,,False,REAL_L031_20250304,2.752999506287955,0.4398061335086822,True,False,REAL_L031_20250304,32.0,1.3963002497165966,1.3963002497165966,True,gap_edge_residual_model,False,REAL_L031_20250304,32.0,long,yes,real gap — no withheld truth,False
2025-03-24,False,,False,REAL_L031_20250304,2.836438050760609,0.4527733027935028,True,False,REAL_L031_20250304,32.0,1.7032867027634515,1.7032867027634515,True,gap_edge_residual_model,False,REAL_L031_20250304,32.0,long,yes,real gap — no withheld truth,False
2025-03-25,False,,False,REAL_L031_20250304,2.63875945208615,0.4213998019695282,True,False,REAL_L031_20250304,32.0,1.7682288397407528,1.7682288397407528,True,gap_edge_residual_model,False,REAL_L031_20250304,32.0,long,yes,real gap — no withheld truth,False
2025-03-26,False,,False,REAL_L031_20250304,3.5778509622873984,0.5536222457885742,True,False,REAL_L031_20250304,32.0,2.272919608678297,2.272919608678297,True,gap_edge_residual_model,False,REAL_L031_20250304,32.0,long,yes,real gap — no withheld truth,False
2025-03-27,False,,False,REAL_L031_20250304,2.8017175603970323,0.4474243521690368,True,False,REAL_L031_20250304,32.0,1.976193025825524,1.976193025825524,True,gap_edge_residual_model,False,REAL_L031_20250304,32.0,long,yes,real gap — no withheld truth,False
2025-03-28,False,,False,REAL_L031_20250304,2.591898903541818,0.4136180579662323,True,False,REAL_L031_20250304,32.0,1.674897223052059,1.674897223052059,True,gap_edge_residual_model,False,REAL_L031_20250304,32.0,long,yes,real gap — no withheld truth,False
2025-03-29,False,,False,REAL_L031_20250304,3.422954440780227,0.5344011187553406,True,False,REAL_L031_20250304,32.0,2.1117738923804,2.1117738923804,True,gap_edge_residual_model,False,REAL_L031_20250304,32.0,long,yes,real gap — no withheld truth,False
2025-03-30,False,,False,REAL_L031_20250304,2.688860989206302,0.429568350315094,True,False,REAL_L031_20250304,32.0,1.775866846650903,1.775866846650903,True,gap_edge_residual_model,False,REAL_L031_20250304,32.0,long,yes,real gap — no withheld truth,False
2025-03-31,False,,False,REAL_L031_20250304,3.108455688630303,0.4925446808338165,True,False,REAL_L031_20250304,32.0,1.8915398336844655,1.8915398336844655,True,gap_edge_residual_model,False,REAL_L031_20250304,32.0,long,yes,real gap — no withheld truth,False
2025-04-01,False,,False,REAL_L031_20250304,2.429713455207968,0.3855550587177276,True,False,REAL_L031_20250304,32.0,1.7278973681285832,1.7278973681285832,True,gap_edge_residual_model,False,REAL_L031_20250304,32.0,long,yes,real gap — no withheld truth,False
2025-04-02,False,,False,REAL_L031_20250304,2.3330235206809617,0.3679191172122955,True,False,REAL_L031_20250304,32.0,1.729917493346936,1.729917493346936,True,gap_edge_residual_model,False,REAL_L031_20250304,32.0,long,yes,real gap — no withheld truth,False
2025-04-03,False,,False,REAL_L031_20250304,2.0982605690056326,0.3218594193458557,True,False,REAL_L031_20250304,32.0,2.005910256085796,2.005910256085796,True,gap_edge_residual_model,False,REAL_L031_20250304,32.0,long,yes,real gap — no withheld truth,False
2025-04-04,False,,False,REAL_L031_20250304,1.6389244872821944,0.214558944106102,True,False,REAL_L031_20250304,32.0,1.8261917629894269,1.8261917629894269,True,gap_edge_residual_model,False,REAL_L031_20250304,32.0,long,yes,real gap — no withheld truth,False
2025-04-05,True,1.504875,True,,,,,,,,,1.504875,False,,False,,,,,observed_day,False
2025-04-06,True,1.780333333333333,True,,,,,,,,,1.780333333333333,False,,False,,,,,observed_day,False
2025-04-07,True,1.270875,True,,,,,,,,,1.270875,False,,False,,,,,observed_day,False
2025-04-08,True,1.5976666666666668,True,,,,,,,,,1.5976666666666668,False,,False,,,,,observed_day,False
2025-04-09,True,2.8945833333333333,True,,,,,,,,,2.8945833333333333,False,,False,,,,,observed_day,False
2025-04-10,True,3.979125,True,,,,,,,,,3.979125,False,,False,,,,,observed_day,False
2025-04-11,True,1.996875,True,,,,,,,,,1.996875,False,,False,,,,,observed_day,False
2025-04-12,True,1.852625,True,,,,,,,,,1.852625,False,,False,,,,,observed_day,False
2025-04-13,True,4.7279583333333335,True,,,,,,,,,4.7279583333333335,False,,False,,,,,observed_day,False
2025-04-14,True,5.224,True,,,,,,,,,5.224,False,,False,,,,,observed_day,False
2025-04-15,True,5.811916666666666,True,,,,,,,,,5.811916666666666,False,,False,,,,,observed_day,False
2025-04-16,True,3.574333333333333,True,,,,,,,,,3.574333333333333,False,,False,,,,,observed_day,False
2025-04-17,True,4.448708333333333,True,,,,,,,,,4.448708333333333,False,,False,,,,,observed_day,False
2025-04-18,True,4.422416666666667,True,,,,,,,,,4.422416666666667,False,,False,,,,,observed_day,False
2025-04-19,True,3.3373333333333335,True,,,,,,,,,3.3373333333333335,False,,False,,,,,observed_day,False
2025-04-20,True,3.049666666666667,True,,,,,,,,,3.049666666666667,False,,False,,,,,observed_day,False
2025-04-21,True,3.622458333333333,True,,,,,,,,,3.622458333333333,False,,False,,,,,observed_day,False
2025-04-22,True,5.106625,True,,,,,,,,,5.106625,False,,False,,,,,observed_day,False
2025-04-23,True,6.800416666666666,True,,,,,,,,,6.800416666666666,False,,False,,,,,observed_day,False
2025-04-24,True,7.527708333333333,True,,,,,,,,,7.527708333333333,False,,False,,,,,observed_day,False
2025-04-25,True,6.11375,True,,,,,,,,,6.11375,False,,False,,,,,observed_day,False
2025-04-26,True,4.907333333333333,True,,,,,,,,,4.907333333333333,False,,False,,,,,observed_day,False
2025-04-27,True,5.041125,True,,,,,,,,,5.041125,False,,False,,,,,observed_day,False
2025-04-28,True,9.0865,True,,,,,,,,,9.0865,False,,False,,,,,observed_day,False
2025-04-29,True,6.020458333333334,True,,,,,,,,,6.020458333333334,False,,False,,,,,observed_day,False
2025-04-30,True,4.0975,True,,,,,,,,,4.0975,False,,False,,,,,observed_day,False
2025-05-01,True,3.947000000000001,True,,,,,,,,,3.947000000000001,False,,False,,,,,observed_day,False
2025-05-02,True,3.9635416666666665,True,,,,,,,,,3.9635416666666665,False,,False,,,,,observed_day,False
2025-05-03,True,3.3706666666666663,True,,,,,,,,,3.3706666666666663,False,,False,,,,,observed_day,False
2025-05-04,True,2.825958333333334,True,,,,,,,,,2.825958333333334,False,,False,,,,,observed_day,False
2025-05-05,True,3.610875,True,,,,,,,,,3.610875,False,,False,,,,,observed_day,False
2025-05-06,True,4.2085,True,,,,,,,,,4.2085,False,,False,,,,,observed_day,False
2025-05-07,True,3.6369583333333337,True,,,,,,,,,3.6369583333333337,False,,False,,,,,observed_day,False
2025-05-08,True,4.907,True,,,,,,,,,4.907,False,,False,,,,,observed_day,False
2025-05-09,True,3.166714285714286,True,,,,,,,,,3.166714285714286,False,,False,,,,,observed_day,False
2025-05-10,True,0.9394166666666668,True,,,,,,,,,0.9394166666666668,False,,False,,,,,observed_day,False
2025-05-11,True,1.2906666666666666,True,,,,,,,,,1.2906666666666666,False,,False,,,,,observed_day,False
2025-05-12,True,1.328375,True,,,,,,,,,1.328375,False,,False,,,,,observed_day,False
2025-05-13,True,1.2669166666666667,True,,,,,,,,,1.2669166666666667,False,,False,,,,,observed_day,False
2025-05-14,True,1.1607916666666669,True,,,,,,,,,1.1607916666666669,False,,False,,,,,observed_day,False
2025-05-15,True,1.1329583333333333,True,,,,,,,,,1.1329583333333333,False,,False,,,,,observed_day,False
2025-05-16,True,1.1276666666666666,True,,,,,,,,,1.1276666666666666,False,,False,,,,,observed_day,False
2025-05-17,True,1.135375,True,,,,,,,,,1.135375,False,,False,,,,,observed_day,False
2025-05-18,True,1.9065416666666664,True,,,,,,,,,1.9065416666666664,False,,False,,,,,observed_day,False
2025-05-19,True,3.4083749999999995,True,,,,,,,,,3.4083749999999995,False,,False,,,,,observed_day,False
2025-05-20,True,4.644458333333334,True,,,,,,,,,4.644458333333334,False,,False,,,,,observed_day,False
2025-05-21,True,5.857499999999999,True,,,,,,,,,5.857499999999999,False,,False,,,,,observed_day,False
2025-05-22,True,1.672125,True,,,,,,,,,1.672125,False,,False,,,,,observed_day,False
2025-05-23,True,1.4480833333333336,True,,,,,,,,,1.4480833333333336,False,,False,,,,,observed_day,False
2025-05-24,True,0.990625,True,,,,,,,,,0.990625,False,,False,,,,,observed_day,False
2025-05-25,True,1.676875,True,,,,,,,,,1.676875,False,,False,,,,,observed_day,False
2025-05-26,True,1.734791666666667,True,,,,,,,,,1.734791666666667,False,,False,,,,,observed_day,False
2025-05-27,True,1.602,True,,,,,,,,,1.602,False,,False,,,,,observed_day,False
2025-05-28,True,1.5616666666666668,True,,,,,,,,,1.5616666666666668,False,,False,,,,,observed_day,False
2025-05-29,True,1.2615,True,,,,,,,,,1.2615,False,,False,,,,,observed_day,False
2025-05-30,True,0.7722083333333334,True,,,,,,,,,0.7722083333333334,False,,False,,,,,observed_day,False
2025-05-31,True,1.1402916666666667,True,,,,,,,,,1.1402916666666667,False,,False,,,,,observed_day,False
2025-06-01,True,1.7822083333333332,True,,,,,,,,,1.7822083333333332,False,,False,,,,,observed_day,False
2025-06-02,True,1.9290416666666663,True,,,,,,,,,1.9290416666666663,False,,False,,,,,observed_day,False
2025-06-03,True,2.187125,True,,,,,,,,,2.187125,False,,False,,,,,observed_day,False
2025-06-04,True,1.9458333333333335,True,,,,,,,,,1.9458333333333335,False,,False,,,,,observed_day,False
2025-06-05,True,3.3862500000000004,True,,,,,,,,,3.3862500000000004,False,,False,,,,,observed_day,False
2025-06-06,True,3.3037083333333332,True,,,,,,,,,3.3037083333333332,False,,False,,,,,observed_day,False
2025-06-07,True,3.107375,True,,,,,,,,,3.107375,False,,False,,,,,observed_day,False
2025-06-08,True,3.5224583333333332,True,,,,,,,,,3.5224583333333332,False,,False,,,,,observed_day,False
2025-06-09,True,3.264375,True,,,,,,,,,3.264375,False,,False,,,,,observed_day,False
2025-06-10,True,3.040875,True,,,,,,,,,3.040875,False,,False,,,,,observed_day,False
2025-06-11,True,3.971458333333333,True,,,,,,,,,3.971458333333333,False,,False,,,,,observed_day,False
2025-06-12,True,1.60075,True,,,,,,,,,1.60075,False,,False,,,,,observed_day,False
2025-06-13,True,1.514083333333333,True,,,,,,,,,1.514083333333333,False,,False,,,,,observed_day,False
2025-06-14,True,0.8789583333333333,True,,,,,,,,,0.8789583333333333,False,,False,,,,,observed_day,False
2025-06-15,True,0.9291666666666668,True,,,,,,,,,0.9291666666666668,False,,False,,,,,observed_day,False
2025-06-16,True,0.7383333333333333,True,,,,,,,,,0.7383333333333333,False,,False,,,,,observed_day,False
2025-06-17,True,0.863,True,,,,,,,,,0.863,False,,False,,,,,observed_day,False
2025-06-18,True,0.7492083333333334,True,,,,,,,,,0.7492083333333334,False,,False,,,,,observed_day,False
2025-06-19,True,0.6252916666666667,True,,,,,,,,,0.6252916666666667,False,,False,,,,,observed_day,False
2025-06-20,True,0.5818333333333333,True,,,,,,,,,0.5818333333333333,False,,False,,,,,observed_day,False
2025-06-21,True,0.8294999999999999,True,,,,,,,,,0.8294999999999999,False,,False,,,,,observed_day,False
2025-06-22,True,0.7893333333333333,True,,,,,,,,,0.7893333333333333,False,,False,,,,,observed_day,False
2025-06-23,True,0.6732916666666666,True,,,,,,,,,0.6732916666666666,False,,False,,,,,observed_day,False
2025-06-24,True,1.0599583333333331,True,,,,,,,,,1.0599583333333331,False,,False,,,,,observed_day,False
2025-06-25,True,1.975625,True,,,,,,,,,1.975625,False,,False,,,,,observed_day,False
2025-06-26,True,1.9261666666666668,True,,,,,,,,,1.9261666666666668,False,,False,,,,,observed_day,False
2025-06-27,True,1.7756666666666667,True,,,,,,,,,1.7756666666666667,False,,False,,,,,observed_day,False
2025-06-28,True,1.6400416666666668,True,,,,,,,,,1.6400416666666668,False,,False,,,,,observed_day,False
2025-06-29,True,1.6480833333333331,True,,,,,,,,,1.6480833333333331,False,,False,,,,,observed_day,False
2025-06-30,True,1.7664583333333337,True,,,,,,,,,1.7664583333333337,False,,False,,,,,observed_day,False
2025-07-01,True,1.78975,True,,,,,,,,,1.78975,False,,False,,,,,observed_day,False
2025-07-02,True,1.653583333333333,True,,,,,,,,,1.653583333333333,False,,False,,,,,observed_day,False
2025-07-03,True,1.8147083333333331,True,,,,,,,,,1.8147083333333331,False,,False,,,,,observed_day,False
2025-07-04,True,1.8895833333333332,True,,,,,,,,,1.8895833333333332,False,,False,,,,,observed_day,False
2025-07-05,True,1.673375,True,,,,,,,,,1.673375,False,,False,,,,,observed_day,False
2025-07-06,True,1.283625,True,,,,,,,,,1.283625,False,,False,,,,,observed_day,False
2025-07-07,False,1.6586153846153844,False,REAL_L001_20250707,1.534699194319901,0.1860232651233673,True,False,REAL_L001_20250707,1.0,1.5936052833623169,1.5936052833623169,True,gaussian_process,False,REAL_L001_20250707,1.0,short,no,real gap — no withheld truth,False
2025-07-08,True,1.968875,True,,,,,,,,,1.968875,False,,False,,,,,observed_day,False
2025-07-09,True,1.5651666666666666,True,,,,,,,,,1.5651666666666666,False,,False,,,,,observed_day,False
2025-07-10,True,1.0735416666666666,True,,,,,,,,,1.0735416666666666,False,,False,,,,,observed_day,False
2025-07-11,True,1.0219583333333333,True,,,,,,,,,1.0219583333333333,False,,False,,,,,observed_day,False
2025-07-12,True,0.9699583333333334,True,,,,,,,,,0.9699583333333334,False,,False,,,,,observed_day,False
2025-07-13,True,0.8694583333333333,True,,,,,,,,,0.8694583333333333,False,,False,,,,,observed_day,False
2025-07-14,False,4.516888888888889,False,REAL_L001_20250714,0.9426024707395428,-0.0256714262068271,True,False,REAL_L001_20250714,5.0,1.05543987879283,1.05543987879283,True,state_space_kalman,False,REAL_L001_20250714,5.0,short,interpolation_within_range,real gap — no withheld truth,False
2025-07-15,False,,False,REAL_L001_20250714,1.191106188311802,0.0759504809975624,True,False,REAL_L001_20250714,5.0,1.2812038197109967,1.2812038197109967,True,state_space_kalman,False,REAL_L001_20250714,5.0,short,interpolation_within_range,real gap — no withheld truth,False
2025-07-16,False,,False,REAL_L001_20250714,1.5016142305110287,0.1765583753585815,True,False,REAL_L001_20250714,5.0,1.5552598121643002,1.5552598121643002,True,state_space_kalman,False,REAL_L001_20250714,5.0,short,interpolation_within_range,real gap — no withheld truth,False
2025-07-17,False,,False,REAL_L001_20250714,1.8032568484810296,0.2560575902462005,True,False,REAL_L001_20250714,5.0,1.8879377708060172,1.8879377708060172,True,state_space_kalman,False,REAL_L001_20250714,5.0,short,interpolation_within_range,real gap — no withheld truth,False
2025-07-18,False,3.156916666666667,False,REAL_L001_20250714,2.32716571014921,0.3668273091316223,True,False,REAL_L001_20250714,5.0,2.291777231404122,2.291777231404122,True,state_space_kalman,False,REAL_L001_20250714,5.0,short,interpolation_within_range,real gap — no withheld truth,False
2025-07-19,True,2.782,True,,,,,,,,,2.782,False,,False,,,,,observed_day,False
2025-07-20,True,1.918,True,,,,,,,,,1.918,False,,False,,,,,observed_day,False
2025-07-21,True,1.8090833333333336,True,,,,,,,,,1.8090833333333336,False,,False,,,,,observed_day,False
2025-07-22,True,1.733291666666667,True,,,,,,,,,1.733291666666667,False,,False,,,,,observed_day,False
2025-07-23,True,2.4017916666666665,True,,,,,,,,,2.4017916666666665,False,,False,,,,,observed_day,False
2025-07-24,True,3.768875,True,,,,,,,,,3.768875,False,,False,,,,,observed_day,False
2025-07-25,True,2.0375833333333335,True,,,,,,,,,2.0375833333333335,False,,False,,,,,observed_day,False
2025-07-26,True,1.2842083333333332,True,,,,,,,,,1.2842083333333332,False,,False,,,,,observed_day,False
2025-07-27,True,1.2525416666666669,True,,,,,,,,,1.2525416666666669,False,,False,,,,,observed_day,False
2025-07-28,True,1.3346666666666664,True,,,,,,,,,1.3346666666666664,False,,False,,,,,observed_day,False
2025-07-29,True,1.5139583333333333,True,,,,,,,,,1.5139583333333333,False,,False,,,,,observed_day,False
2025-07-30,True,1.3857499999999998,True,,,,,,,,,1.3857499999999998,False,,False,,,,,observed_day,False
2025-07-31,True,1.356,True,,,,,,,,,1.356,False,,False,,,,,observed_day,False
2025-08-01,True,1.3879583333333334,True,,,,,,,,,1.3879583333333334,False,,False,,,,,observed_day,False
2025-08-02,True,1.85575,True,,,,,,,,,1.85575,False,,False,,,,,observed_day,False
2025-08-03,True,2.224375,True,,,,,,,,,2.224375,False,,False,,,,,observed_day,False
2025-08-04,True,1.9240416666666669,True,,,,,,,,,1.9240416666666669,False,,False,,,,,observed_day,False
2025-08-05,True,1.9012083333333336,True,,,,,,,,,1.9012083333333336,False,,False,,,,,observed_day,False
2025-08-06,True,1.86325,True,,,,,,,,,1.86325,False,,False,,,,,observed_day,False
2025-08-07,True,1.49365,True,,,,,,,,,1.49365,False,,False,,,,,observed_day,False
2025-08-08,True,0.7046250000000001,True,,,,,,,,,0.7046250000000001,False,,False,,,,,observed_day,False
2025-08-09,True,0.668,True,,,,,,,,,0.668,False,,False,,,,,observed_day,False
2025-08-10,True,1.3789166666666668,True,,,,,,,,,1.3789166666666668,False,,False,,,,,observed_day,False
2025-08-11,True,1.6077916666666667,True,,,,,,,,,1.6077916666666667,False,,False,,,,,observed_day,False
2025-08-12,True,1.7217083333333332,True,,,,,,,,,1.7217083333333332,False,,False,,,,,observed_day,False
2025-08-13,True,2.2456666666666667,True,,,,,,,,,2.2456666666666667,False,,False,,,,,observed_day,False
2025-08-14,True,2.51325,True,,,,,,,,,2.51325,False,,False,,,,,observed_day,False
2025-08-15,True,2.2612916666666667,True,,,,,,,,,2.2612916666666667,False,,False,,,,,observed_day,False
2025-08-16,True,1.967375,True,,,,,,,,,1.967375,False,,False,,,,,observed_day,False
2025-08-17,True,2.072416666666667,True,,,,,,,,,2.072416666666667,False,,False,,,,,observed_day,False
2025-08-18,True,2.006041666666667,True,,,,,,,,,2.006041666666667,False,,False,,,,,observed_day,False
2025-08-19,True,1.7878333333333334,True,,,,,,,,,1.7878333333333334,False,,False,,,,,observed_day,False
2025-08-20,True,2.7691250000000003,True,,,,,,,,,2.7691250000000003,False,,False,,,,,observed_day,False
2025-08-21,True,3.950958333333334,True,,,,,,,,,3.950958333333334,False,,False,,,,,observed_day,False
2025-08-22,True,6.867166666666667,True,,,,,,,,,6.867166666666667,False,,False,,,,,observed_day,False
2025-08-23,True,6.338916666666667,True,,,,,,,,,6.338916666666667,False,,False,,,,,observed_day,False
2025-08-24,True,6.235833333333335,True,,,,,,,,,6.235833333333335,False,,False,,,,,observed_day,False
2025-08-25,True,8.177999999999999,True,,,,,,,,,8.177999999999999,False,,False,,,,,observed_day,False
2025-08-26,True,7.197958333333333,True,,,,,,,,,7.197958333333333,False,,False,,,,,observed_day,False
2025-08-27,True,4.952208333333334,True,,,,,,,,,4.952208333333334,False,,False,,,,,observed_day,False
2025-08-28,True,4.7523333333333335,True,,,,,,,,,4.7523333333333335,False,,False,,,,,observed_day,False
2025-08-29,True,4.655,True,,,,,,,,,4.655,False,,False,,,,,observed_day,False
2025-08-30,True,4.23525,True,,,,,,,,,4.23525,False,,False,,,,,observed_day,False
2025-08-31,True,4.407291666666667,True,,,,,,,,,4.407291666666667,False,,False,,,,,observed_day,False
2025-09-01,True,3.92,True,,,,,,,,,3.92,False,,False,,,,,observed_day,False
2025-09-02,True,7.092333333333333,True,,,,,,,,,7.092333333333333,False,,False,,,,,observed_day,False
2025-09-03,True,6.600125000000001,True,,,,,,,,,6.600125000000001,False,,False,,,,,observed_day,False
2025-09-04,True,5.298291666666667,True,,,,,,,,,5.298291666666667,False,,False,,,,,observed_day,False
2025-09-05,True,6.2629166666666665,True,,,,,,,,,6.2629166666666665,False,,False,,,,,observed_day,False
2025-09-06,True,8.276833333333334,True,,,,,,,,,8.276833333333334,False,,False,,,,,observed_day,False
2025-09-07,True,12.100375,True,,,,,,,,,12.100375,False,,False,,,,,observed_day,False
2025-09-08,True,17.732208333333332,True,,,,,,,,,17.732208333333332,False,,False,,,,,observed_day,False
2025-09-09,True,19.859125,True,,,,,,,,,19.859125,False,,False,,,,,observed_day,False
2025-09-10,True,5.850315789473684,True,,,,,,,,,5.850315789473684,False,,False,,,,,observed_day,False
2025-09-11,True,0.6989166666666667,True,,,,,,,,,0.6989166666666667,False,,False,,,,,observed_day,False
2025-09-12,True,2.8675833333333336,True,,,,,,,,,2.8675833333333336,False,,False,,,,,observed_day,False
2025-09-13,True,2.8333333333333335,True,,,,,,,,,2.8333333333333335,False,,False,,,,,observed_day,False
2025-09-14,True,2.4851666666666667,True,,,,,,,,,2.4851666666666667,False,,False,,,,,observed_day,False
2025-09-15,True,2.169458333333333,True,,,,,,,,,2.169458333333333,False,,False,,,,,observed_day,False
2025-09-16,True,2.7538750000000003,True,,,,,,,,,2.7538750000000003,False,,False,,,,,observed_day,False
2025-09-17,True,3.8195833333333336,True,,,,,,,,,3.8195833333333336,False,,False,,,,,observed_day,False
2025-09-18,True,3.134083333333333,True,,,,,,,,,3.134083333333333,False,,False,,,,,observed_day,False
2025-09-19,True,2.4152083333333336,True,,,,,,,,,2.4152083333333336,False,,False,,,,,observed_day,False
2025-09-20,True,1.889458333333333,True,,,,,,,,,1.889458333333333,False,,False,,,,,observed_day,False
2025-09-21,True,1.7814166666666666,True,,,,,,,,,1.7814166666666666,False,,False,,,,,observed_day,False
2025-09-22,True,2.3709583333333333,True,,,,,,,,,2.3709583333333333,False,,False,,,,,observed_day,False
2025-09-23,True,2.970222222222222,True,,,,,,,,,2.970222222222222,False,,False,,,,,observed_day,False
2025-09-24,False,,False,REAL_L001_20250924,3.1406908682171104,0.497025191783905,True,False,REAL_L001_20250924,3.0,3.312948704682813,3.312948704682813,True,gaussian_process,False,REAL_L001_20250924,3.0,short,no,real gap — no withheld truth,False
2025-09-25,False,,False,REAL_L001_20250924,3.1975128627425806,0.5048123002052307,True,False,REAL_L001_20250924,3.0,3.248196501048009,3.248196501048009,True,gaussian_process,False,REAL_L001_20250924,3.0,short,no,real gap — no withheld truth,False
2025-09-26,False,3.061076923076923,False,REAL_L001_20250924,3.007969246578614,0.4782733917236328,True,False,REAL_L001_20250924,3.0,2.9561418533277526,2.9561418533277526,True,gaussian_process,False,REAL_L001_20250924,3.0,short,no,real gap — no withheld truth,False
2025-09-27,True,2.845333333333334,True,,,,,,,,,2.845333333333334,False,,False,,,,,observed_day,False
2025-09-28,True,4.096375000000001,True,,,,,,,,,4.096375000000001,False,,False,,,,,observed_day,False
2025-09-29,True,10.935333333333332,True,,,,,,,,,10.935333333333332,False,,False,,,,,observed_day,False
2025-09-30,True,9.746375,True,,,,,,,,,9.746375,False,,False,,,,,observed_day,False
2025-10-01,True,11.526708333333332,True,,,,,,,,,11.526708333333332,False,,False,,,,,observed_day,False
2025-10-02,True,9.085208333333334,True,,,,,,,,,9.085208333333334,False,,False,,,,,observed_day,False
2025-10-03,True,12.068333333333332,True,,,,,,,,,12.068333333333332,False,,False,,,,,observed_day,False
2025-10-04,True,15.223458333333332,True,,,,,,,,,15.223458333333332,False,,False,,,,,observed_day,False
2025-10-05,True,9.486,True,,,,,,,,,9.486,False,,False,,,,,observed_day,False
2025-10-06,True,0.9008333333333334,True,,,,,,,,,0.9008333333333334,False,,False,,,,,observed_day,False
2025-10-07,True,1.4651666666666667,True,,,,,,,,,1.4651666666666667,False,,False,,,,,observed_day,False
2025-10-08,True,3.357958333333334,True,,,,,,,,,3.357958333333334,False,,False,,,,,observed_day,False
2025-10-09,True,7.634291666666667,True,,,,,,,,,7.634291666666667,False,,False,,,,,observed_day,False
2025-10-10,True,15.38675,True,,,,,,,,,15.38675,False,,False,,,,,observed_day,False
2025-10-11,True,17.815541666666665,True,,,,,,,,,17.815541666666665,False,,False,,,,,observed_day,False
2025-10-12,True,14.54275,True,,,,,,,,,14.54275,False,,False,,,,,observed_day,False
2025-10-13,True,23.835375,True,,,,,,,,,23.835375,False,,False,,,,,observed_day,False
2025-10-14,True,24.374041666666667,True,,,,,,,,,24.374041666666667,False,,False,,,,,observed_day,False
2025-10-15,True,45.67679166666667,True,,,,,,,,,45.67679166666667,False,,False,,,,,observed_day,False
2025-10-16,True,50.54504166666667,True,,,,,,,,,50.54504166666667,False,,False,,,,,observed_day,False
2025-10-17,True,31.734125,True,,,,,,,,,31.734125,False,,False,,,,,observed_day,False
2025-10-18,True,51.85441666666666,True,,,,,,,,,51.85441666666666,False,,False,,,,,observed_day,False
2025-10-19,True,54.814875,True,,,,,,,,,54.814875,False,,False,,,,,observed_day,False
2025-10-20,True,63.09220833333334,True,,,,,,,,,63.09220833333334,False,,False,,,,,observed_day,False
2025-10-21,True,40.50058333333333,True,,,,,,,,,40.50058333333333,False,,False,,,,,observed_day,False
2025-10-22,True,35.802416666666666,True,,,,,,,,,35.802416666666666,False,,False,,,,,observed_day,False
2025-10-23,True,12.652375,True,,,,,,,,,12.652375,False,,False,,,,,observed_day,False
2025-10-24,True,21.310291666666668,True,,,,,,,,,21.310291666666668,False,,False,,,,,observed_day,False
2025-10-25,True,16.773416666666666,True,,,,,,,,,16.773416666666666,False,,False,,,,,observed_day,False
2025-10-26,True,20.006083333333333,True,,,,,,,,,20.006083333333333,False,,False,,,,,observed_day,False
2025-10-27,True,20.6405,True,,,,,,,,,20.6405,False,,False,,,,,observed_day,False
2025-10-28,True,21.5385,True,,,,,,,,,21.5385,False,,False,,,,,observed_day,False
2025-10-29,True,25.561125000000004,True,,,,,,,,,25.561125000000004,False,,False,,,,,observed_day,False
2025-10-30,True,15.9019,True,,,,,,,,,15.9019,False,,False,,,,,observed_day,False
2025-10-31,True,11.377375,True,,,,,,,,,11.377375,False,,False,,,,,observed_day,False
2025-11-01,True,2.663041666666666,True,,,,,,,,,2.663041666666666,False,,False,,,,,observed_day,False
2025-11-02,True,0.9957916666666669,True,,,,,,,,,0.9957916666666669,False,,False,,,,,observed_day,False
2025-11-03,True,0.75325,True,,,,,,,,,0.75325,False,,False,,,,,observed_day,False
2025-11-04,True,1.2214166666666666,True,,,,,,,,,1.2214166666666666,False,,False,,,,,observed_day,False
2025-11-05,True,1.3877916666666668,True,,,,,,,,,1.3877916666666668,False,,False,,,,,observed_day,False
2025-11-06,True,1.996916666666667,True,,,,,,,,,1.996916666666667,False,,False,,,,,observed_day,False
2025-11-07,True,2.686958333333333,True,,,,,,,,,2.686958333333333,False,,False,,,,,observed_day,False
2025-11-08,True,1.336666666666667,True,,,,,,,,,1.336666666666667,False,,False,,,,,observed_day,False
2025-11-09,True,1.903625,True,,,,,,,,,1.903625,False,,False,,,,,observed_day,False
2025-11-10,True,2.0489583333333337,True,,,,,,,,,2.0489583333333337,False,,False,,,,,observed_day,False
2025-11-11,True,2.1547916666666667,True,,,,,,,,,2.1547916666666667,False,,False,,,,,observed_day,False
2025-11-12,True,2.280416666666667,True,,,,,,,,,2.280416666666667,False,,False,,,,,observed_day,False
2025-11-13,True,2.714166666666667,True,,,,,,,,,2.714166666666667,False,,False,,,,,observed_day,False
2025-11-14,True,3.2594583333333333,True,,,,,,,,,3.2594583333333333,False,,False,,,,,observed_day,False
2025-11-15,True,2.958208333333333,True,,,,,,,,,2.958208333333333,False,,False,,,,,observed_day,False
2025-11-16,True,2.5890000000000004,True,,,,,,,,,2.5890000000000004,False,,False,,,,,observed_day,False
2025-11-17,True,1.734,True,,,,,,,,,1.734,False,,False,,,,,observed_day,False
2025-11-18,True,2.135,True,,,,,,,,,2.135,False,,False,,,,,observed_day,False
2025-11-19,True,3.491708333333333,True,,,,,,,,,3.491708333333333,False,,False,,,,,observed_day,False
2025-11-20,True,4.553833333333333,True,,,,,,,,,4.553833333333333,False,,False,,,,,observed_day,False
2025-11-21,True,7.178166666666667,True,,,,,,,,,7.178166666666667,False,,False,,,,,observed_day,False
2025-11-22,True,6.1887083333333335,True,,,,,,,,,6.1887083333333335,False,,False,,,,,observed_day,False
2025-11-23,True,6.30125,True,,,,,,,,,6.30125,False,,False,,,,,observed_day,False
2025-11-24,True,8.099666666666666,True,,,,,,,,,8.099666666666666,False,,False,,,,,observed_day,False
2025-11-25,True,8.02125,True,,,,,,,,,8.02125,False,,False,,,,,observed_day,False
2025-11-26,True,12.532875,True,,,,,,,,,12.532875,False,,False,,,,,observed_day,False
2025-11-27,True,19.436833333333333,True,,,,,,,,,19.436833333333333,False,,False,,,,,observed_day,False
2025-11-28,True,10.787,True,,,,,,,,,10.787,False,,False,,,,,observed_day,False
2025-11-29,True,2.91925,True,,,,,,,,,2.91925,False,,False,,,,,observed_day,False
2025-11-30,True,4.504833333333333,True,,,,,,,,,4.504833333333333,False,,False,,,,,observed_day,False
2025-12-01,True,3.0693749999999995,True,,,,,,,,,3.0693749999999995,False,,False,,,,,observed_day,False
2025-12-02,True,2.7383333333333333,True,,,,,,,,,2.7383333333333333,False,,False,,,,,observed_day,False
2025-12-03,True,2.8458333333333337,True,,,,,,,,,2.8458333333333337,False,,False,,,,,observed_day,False
2025-12-04,True,6.846625,True,,,,,,,,,6.846625,False,,False,,,,,observed_day,False
2025-12-05,True,18.538666666666668,True,,,,,,,,,18.538666666666668,False,,False,,,,,observed_day,False
2025-12-06,True,21.891333333333336,True,,,,,,,,,21.891333333333336,False,,False,,,,,observed_day,False
2025-12-07,True,24.47770833333333,True,,,,,,,,,24.47770833333333,False,,False,,,,,observed_day,False
2025-12-08,True,16.060166666666664,True,,,,,,,,,16.060166666666664,False,,False,,,,,observed_day,False
2025-12-09,True,4.447,True,,,,,,,,,4.447,False,,False,,,,,observed_day,False
2025-12-10,True,3.783458333333334,True,,,,,,,,,3.783458333333334,False,,False,,,,,observed_day,False
2025-12-11,True,5.939583333333332,True,,,,,,,,,5.939583333333332,False,,False,,,,,observed_day,False
2025-12-12,True,4.9355,True,,,,,,,,,4.9355,False,,False,,,,,observed_day,False
2025-12-13,True,3.6983333333333337,True,,,,,,,,,3.6983333333333337,False,,False,,,,,observed_day,False
2025-12-14,True,6.7508333333333335,True,,,,,,,,,6.7508333333333335,False,,False,,,,,observed_day,False
2025-12-15,True,3.5347916666666666,True,,,,,,,,,3.5347916666666666,False,,False,,,,,observed_day,False
2025-12-16,True,2.8890833333333332,True,,,,,,,,,2.8890833333333332,False,,False,,,,,observed_day,False
2025-12-17,True,7.006291666666667,True,,,,,,,,,7.006291666666667,False,,False,,,,,observed_day,False
2025-12-18,True,8.057333333333334,True,,,,,,,,,8.057333333333334,False,,False,,,,,observed_day,False
2025-12-19,True,6.6008499999999986,True,,,,,,,,,6.6008499999999986,False,,False,,,,,observed_day,False
2025-12-20,True,6.543458333333334,True,,,,,,,,,6.543458333333334,False,,False,,,,,observed_day,False
2025-12-21,True,4.664958333333334,True,,,,,,,,,4.664958333333334,False,,False,,,,,observed_day,False
2025-12-22,True,2.031416666666667,True,,,,,,,,,2.031416666666667,False,,False,,,,,observed_day,False
2025-12-23,True,1.713833333333333,True,,,,,,,,,1.713833333333333,False,,False,,,,,observed_day,False
2025-12-24,True,1.671833333333333,True,,,,,,,,,1.671833333333333,False,,False,,,,,observed_day,False
2025-12-25,True,10.162375,True,,,,,,,,,10.162375,False,,False,,,,,observed_day,False
2025-12-26,True,10.252583333333334,True,,,,,,,,,10.252583333333334,False,,False,,,,,observed_day,False
2025-12-27,True,8.615124999999999,True,,,,,,,,,8.615124999999999,False,,False,,,,,observed_day,False
2025-12-28,True,8.414416666666666,True,,,,,,,,,8.414416666666666,False,,False,,,,,observed_day,False
2025-12-29,True,6.387666666666665,True,,,,,,,,,6.387666666666665,False,,False,,,,,observed_day,False
2025-12-30,True,1.8864166666666664,True,,,,,,,,,1.8864166666666664,False,,False,,,,,observed_day,False
2025-12-31,True,2.5704166666666666,True,,,,,,,,,2.5704166666666666,False,,False,,,,,observed_day,False
2026-01-01,True,3.1823750000000004,True,,,,,,,,,3.1823750000000004,False,,False,,,,,observed_day,False
2026-01-02,True,3.2737499999999997,True,,,,,,,,,3.2737499999999997,False,,False,,,,,observed_day,False
2026-01-03,True,4.003708333333334,True,,,,,,,,,4.003708333333334,False,,False,,,,,observed_day,False
2026-01-04,True,5.766166666666666,True,,,,,,,,,5.766166666666666,False,,False,,,,,observed_day,False
2026-01-05,True,6.230875,True,,,,,,,,,6.230875,False,,False,,,,,observed_day,False
2026-01-06,True,9.018458333333331,True,,,,,,,,,9.018458333333331,False,,False,,,,,observed_day,False
2026-01-07,True,10.074958333333337,True,,,,,,,,,10.074958333333337,False,,False,,,,,observed_day,False
2026-01-08,True,7.81325,True,,,,,,,,,7.81325,False,,False,,,,,observed_day,False
2026-01-09,True,4.4692083333333334,True,,,,,,,,,4.4692083333333334,False,,False,,,,,observed_day,False
2026-01-10,True,7.498458333333335,True,,,,,,,,,7.498458333333335,False,,False,,,,,observed_day,False
2026-01-11,True,12.757958333333333,True,,,,,,,,,12.757958333333333,False,,False,,,,,observed_day,False
2026-01-12,True,9.765166666666667,True,,,,,,,,,9.765166666666667,False,,False,,,,,observed_day,False
2026-01-13,True,8.27075,True,,,,,,,,,8.27075,False,,False,,,,,observed_day,False
2026-01-14,True,7.944291666666667,True,,,,,,,,,7.944291666666667,False,,False,,,,,observed_day,False
2026-01-15,True,10.656166666666666,True,,,,,,,,,10.656166666666666,False,,False,,,,,observed_day,False
2026-01-16,False,7.658111111111111,False,REAL_L001_20260116,6.351026550848849,0.8028439283370972,True,False,REAL_L001_20260116,1.0,6.292252844332525,6.292252844332525,True,gaussian_process,False,REAL_L001_20260116,1.0,short,no,real gap — no withheld truth,False
2026-01-17,True,3.8938260869565218,True,,,,,,,,,3.8938260869565218,False,,False,,,,,observed_day,False
2026-01-18,True,6.073958333333334,True,,,,,,,,,6.073958333333334,False,,False,,,,,observed_day,False
2026-01-19,True,5.686208333333333,True,,,,,,,,,5.686208333333333,False,,False,,,,,observed_day,False
2026-01-20,True,8.882166666666667,True,,,,,,,,,8.882166666666667,False,,False,,,,,observed_day,False
2026-01-21,True,14.148666666666664,True,,,,,,,,,14.148666666666664,False,,False,,,,,observed_day,False
2026-01-22,True,17.365875,True,,,,,,,,,17.365875,False,,False,,,,,observed_day,False
2026-01-23,True,10.583416666666666,True,,,,,,,,,10.583416666666666,False,,False,,,,,observed_day,False
2026-01-24,True,5.5620416666666666,True,,,,,,,,,5.5620416666666666,False,,False,,,,,observed_day,False
2026-01-25,True,9.075083333333334,True,,,,,,,,,9.075083333333334,False,,False,,,,,observed_day,False
2026-01-26,True,6.205041666666666,True,,,,,,,,,6.205041666666666,False,,False,,,,,observed_day,False
2026-01-27,True,4.381333333333333,True,,,,,,,,,4.381333333333333,False,,False,,,,,observed_day,False
2026-01-28,True,6.3823333333333325,True,,,,,,,,,6.3823333333333325,False,,False,,,,,observed_day,False
2026-01-29,True,8.408416666666666,True,,,,,,,,,8.408416666666666,False,,False,,,,,observed_day,False
2026-01-30,True,7.090291666666666,True,,,,,,,,,7.090291666666666,False,,False,,,,,observed_day,False
2026-01-31,True,4.088333333333334,True,,,,,,,,,4.088333333333334,False,,False,,,,,observed_day,False
2026-02-01,True,3.66025,True,,,,,,,,,3.66025,False,,False,,,,,observed_day,False
2026-02-02,True,6.208916666666667,True,,,,,,,,,6.208916666666667,False,,False,,,,,observed_day,False
2026-02-03,True,11.156999999999998,True,,,,,,,,,11.156999999999998,False,,False,,,,,observed_day,False
2026-02-04,True,10.355958333333334,True,,,,,,,,,10.355958333333334,False,,False,,,,,observed_day,False
2026-02-05,True,12.69783333333333,True,,,,,,,,,12.69783333333333,False,,False,,,,,observed_day,False
2026-02-06,True,16.469166666666666,True,,,,,,,,,16.469166666666666,False,,False,,,,,observed_day,False
2026-02-07,True,9.68425,True,,,,,,,,,9.68425,False,,False,,,,,observed_day,False
2026-02-08,True,14.140666666666668,True,,,,,,,,,14.140666666666668,False,,False,,,,,observed_day,False
2026-02-09,True,32.61504166666666,True,,,,,,,,,32.61504166666666,False,,False,,,,,observed_day,False
2026-02-10,True,48.34116666666666,True,,,,,,,,,48.34116666666666,False,,False,,,,,observed_day,False
2026-02-11,True,67.554625,True,,,,,,,,,67.554625,False,,False,,,,,observed_day,False
2026-02-12,True,53.262708333333336,True,,,,,,,,,53.262708333333336,False,,False,,,,,observed_day,False
2026-02-13,True,45.604083333333335,True,,,,,,,,,45.604083333333335,False,,False,,,,,observed_day,False
2026-02-14,True,41.89333333333333,True,,,,,,,,,41.89333333333333,False,,False,,,,,observed_day,False
2026-02-15,True,65.89920833333333,True,,,,,,,,,65.89920833333333,False,,False,,,,,observed_day,False
2026-02-16,True,61.903875,True,,,,,,,,,61.903875,False,,False,,,,,observed_day,False
2026-02-17,True,58.10763157894737,True,,,,,,,,,58.10763157894737,False,,False,,,,,observed_day,False
2026-02-18,True,64.55675000000001,True,,,,,,,,,64.55675000000001,False,,False,,,,,observed_day,False
2026-02-19,True,85.090125,True,,,,,,,,,85.090125,False,,False,,,,,observed_day,False
2026-02-20,True,67.30858333333333,True,,,,,,,,,67.30858333333333,False,,False,,,,,observed_day,False
2026-02-21,True,53.800333333333334,True,,,,,,,,,53.800333333333334,False,,False,,,,,observed_day,False
2026-02-22,True,53.67429166666667,True,,,,,,,,,53.67429166666667,False,,False,,,,,observed_day,False
2026-02-23,True,96.845125,True,,,,,,,,,96.845125,False,,False,,,,,observed_day,False
2026-02-24,True,62.34695833333334,True,,,,,,,,,62.34695833333334,False,,False,,,,,observed_day,False
2026-02-25,True,53.384083333333336,True,,,,,,,,,53.384083333333336,False,,False,,,,,observed_day,False
2026-02-26,True,32.125875,True,,,,,,,,,32.125875,False,,False,,,,,observed_day,False
2026-02-27,True,31.714916666666667,True,,,,,,,,,31.714916666666667,False,,False,,,,,observed_day,False
2026-02-28,True,30.867041666666665,True,,,,,,,,,30.867041666666665,False,,False,,,,,observed_day,False
2026-03-01,True,22.058458333333338,True,,,,,,,,,22.058458333333338,False,,False,,,,,observed_day,False
2026-03-02,True,35.154374999999995,True,,,,,,,,,35.154374999999995,False,,False,,,,,observed_day,False
2026-03-03,True,34.6355,True,,,,,,,,,34.6355,False,,False,,,,,observed_day,False
2026-03-04,True,8.871777777777778,True,,,,,,,,,8.871777777777778,False,,False,,,,,observed_day,False
2026-03-05,True,1.854875,True,,,,,,,,,1.854875,False,,False,,,,,observed_day,False
2026-03-06,True,1.9376666666666664,True,,,,,,,,,1.9376666666666664,False,,False,,,,,observed_day,False
2026-03-07,True,1.6584583333333331,True,,,,,,,,,1.6584583333333331,False,,False,,,,,observed_day,False
2026-03-08,True,1.496875,True,,,,,,,,,1.496875,False,,False,,,,,observed_day,False
2026-03-09,True,2.0726666666666667,True,,,,,,,,,2.0726666666666667,False,,False,,,,,observed_day,False
2026-03-10,True,2.41825,True,,,,,,,,,2.41825,False,,False,,,,,observed_day,False
2026-03-11,True,3.954125,True,,,,,,,,,3.954125,False,,False,,,,,observed_day,False
2026-03-12,True,5.556166666666667,True,,,,,,,,,5.556166666666667,False,,False,,,,,observed_day,False
2026-03-13,True,5.96975,True,,,,,,,,,5.96975,False,,False,,,,,observed_day,False
2026-03-14,True,3.2567083333333335,True,,,,,,,,,3.2567083333333335,False,,False,,,,,observed_day,False
2026-03-15,True,1.9575,True,,,,,,,,,1.9575,False,,False,,,,,observed_day,False
2026-03-16,True,2.2835833333333335,True,,,,,,,,,2.2835833333333335,False,,False,,,,,observed_day,False
2026-03-17,True,2.0909583333333335,True,,,,,,,,,2.0909583333333335,False,,False,,,,,observed_day,False
2026-03-18,True,1.7597499999999997,True,,,,,,,,,1.7597499999999997,False,,False,,,,,observed_day,False
2026-03-19,True,2.605833333333333,True,,,,,,,,,2.605833333333333,False,,False,,,,,observed_day,False
2026-03-20,True,3.106208333333333,True,,,,,,,,,3.106208333333333,False,,False,,,,,observed_day,False
2026-03-21,True,3.778708333333333,True,,,,,,,,,3.778708333333333,False,,False,,,,,observed_day,False
2026-03-22,True,2.846291666666667,True,,,,,,,,,2.846291666666667,False,,False,,,,,observed_day,False
2026-03-23,True,3.1605416666666666,True,,,,,,,,,3.1605416666666666,False,,False,,,,,observed_day,False
2026-03-24,True,5.457750000000001,True,,,,,,,,,5.457750000000001,False,,False,,,,,observed_day,False
2026-03-25,True,12.044416666666669,True,,,,,,,,,12.044416666666669,False,,False,,,,,observed_day,False
2026-03-26,True,27.464291666666668,True,,,,,,,,,27.464291666666668,False,,False,,,,,observed_day,False
2026-03-27,True,14.388958333333331,True,,,,,,,,,14.388958333333331,False,,False,,,,,observed_day,False
2026-03-28,True,3.2812916666666667,True,,,,,,,,,3.2812916666666667,False,,False,,,,,observed_day,False
2026-03-29,True,4.678583333333333,True,,,,,,,,,4.678583333333333,False,,False,,,,,observed_day,False
2026-03-30,True,7.78875,True,,,,,,,,,7.78875,False,,False,,,,,observed_day,False
2026-03-31,True,8.147916666666667,True,,,,,,,,,8.147916666666667,False,,False,,,,,observed_day,False
2026-04-01,True,6.449916666666667,True,,,,,,,,,6.449916666666667,False,,False,,,,,observed_day,False
2026-04-02,True,5.714875,True,,,,,,,,,5.714875,False,,False,,,,,observed_day,False
2026-04-03,True,4.899041666666666,True,,,,,,,,,4.899041666666666,False,,False,,,,,observed_day,False
2026-04-04,True,6.430833333333332,True,,,,,,,,,6.430833333333332,False,,False,,,,,observed_day,False
2026-04-05,True,5.448333333333333,True,,,,,,,,,5.448333333333333,False,,False,,,,,observed_day,False
2026-04-06,True,4.432333333333333,True,,,,,,,,,4.432333333333333,False,,False,,,,,observed_day,False
2026-04-07,True,5.613833333333332,True,,,,,,,,,5.613833333333332,False,,False,,,,,observed_day,False
2026-04-08,True,8.400791666666665,True,,,,,,,,,8.400791666666665,False,,False,,,,,observed_day,False
2026-04-09,True,10.22725,True,,,,,,,,,10.22725,False,,False,,,,,observed_day,False
2026-04-10,True,7.685050000000001,True,,,,,,,,,7.685050000000001,False,,False,,,,,observed_day,False
2026-04-11,True,7.49875,True,,,,,,,,,7.49875,False,,False,,,,,observed_day,False
2026-04-12,True,6.675875,True,,,,,,,,,6.675875,False,,False,,,,,observed_day,False
2026-04-13,True,5.18725,True,,,,,,,,,5.18725,False,,False,,,,,observed_day,False
2026-04-14,True,3.675875,True,,,,,,,,,3.675875,False,,False,,,,,observed_day,False
2026-04-15,True,2.4212916666666664,True,,,,,,,,,2.4212916666666664,False,,False,,,,,observed_day,False
2026-04-16,True,2.399625,True,,,,,,,,,2.399625,False,,False,,,,,observed_day,False
2026-04-17,True,1.7219166666666663,True,,,,,,,,,1.7219166666666663,False,,False,,,,,observed_day,False
2026-04-18,True,1.7686666666666664,True,,,,,,,,,1.7686666666666664,False,,False,,,,,observed_day,False
2026-04-19,True,3.26375,True,,,,,,,,,3.26375,False,,False,,,,,observed_day,False
2026-04-20,True,4.4555,True,,,,,,,,,4.4555,False,,False,,,,,observed_day,False
2026-04-21,True,3.389708333333333,True,,,,,,,,,3.389708333333333,False,,False,,,,,observed_day,False
2026-04-22,True,2.228125,True,,,,,,,,,2.228125,False,,False,,,,,observed_day,False
2026-04-23,True,4.92125,True,,,,,,,,,4.92125,False,,False,,,,,observed_day,False
2026-04-24,True,7.027041666666666,True,,,,,,,,,7.027041666666666,False,,False,,,,,observed_day,False
2026-04-25,True,14.171958333333334,True,,,,,,,,,14.171958333333334,False,,False,,,,,observed_day,False
2026-04-26,True,45.898875,True,,,,,,,,,45.898875,False,,False,,,,,observed_day,False
2026-04-27,True,53.203125,True,,,,,,,,,53.203125,False,,False,,,,,observed_day,False
2026-04-28,True,48.988708333333335,True,,,,,,,,,48.988708333333335,False,,False,,,,,observed_day,False
2026-04-29,True,60.63529166666666,True,,,,,,,,,60.63529166666666,False,,False,,,,,observed_day,False
2026-04-30,True,51.23283333333333,True,,,,,,,,,51.23283333333333,False,,False,,,,,observed_day,False
2026-05-01,True,57.131708333333336,True,,,,,,,,,57.131708333333336,False,,False,,,,,observed_day,False
2026-05-02,True,66.44470833333334,True,,,,,,,,,66.44470833333334,False,,False,,,,,observed_day,False
2026-05-03,True,49.25725,True,,,,,,,,,49.25725,False,,False,,,,,observed_day,False
2026-05-04,True,33.67304166666667,True,,,,,,,,,33.67304166666667,False,,False,,,,,observed_day,False
2026-05-05,True,29.451625000000003,True,,,,,,,,,29.451625000000003,False,,False,,,,,observed_day,False
2026-05-06,True,13.807699999999995,True,,,,,,,,,13.807699999999995,False,,False,,,,,observed_day,False
2026-05-07,True,2.9261666666666666,True,,,,,,,,,2.9261666666666666,False,,False,,,,,observed_day,False
2026-05-08,True,2.31975,True,,,,,,,,,2.31975,False,,False,,,,,observed_day,False
2026-05-09,True,1.3994583333333337,True,,,,,,,,,1.3994583333333337,False,,False,,,,,observed_day,False
2026-05-10,True,2.229416666666667,True,,,,,,,,,2.229416666666667,False,,False,,,,,observed_day,False
2026-05-11,True,1.844375,True,,,,,,,,,1.844375,False,,False,,,,,observed_day,False
2026-05-12,True,1.3114583333333332,True,,,,,,,,,1.3114583333333332,False,,False,,,,,observed_day,False
2026-05-13,True,1.624291666666667,True,,,,,,,,,1.624291666666667,False,,False,,,,,observed_day,False
2026-05-14,True,3.013583333333333,True,,,,,,,,,3.013583333333333,False,,False,,,,,observed_day,False
2026-05-15,False,2.4984,False,REAL_OPEN_20260515,3.5782192622322953,0.5536669492721558,True,False,REAL_OPEN_20260515,17.0,,2.4984,False,,False,REAL_OPEN_20260515,17.0,medium,open_ended,real gap — no withheld truth,False
2026-05-16,False,,False,REAL_OPEN_20260515,3.6528615869790686,0.562633216381073,True,False,REAL_OPEN_20260515,17.0,,,False,,False,REAL_OPEN_20260515,17.0,medium,open_ended,real gap — no withheld truth,False
2026-05-17,False,,False,REAL_OPEN_20260515,3.7144982242598057,0.5699001550674438,True,False,REAL_OPEN_20260515,17.0,,,False,,False,REAL_OPEN_20260515,17.0,medium,open_ended,real gap — no withheld truth,False
2026-05-18,False,,False,REAL_OPEN_20260515,3.79194588294205,0.5788621306419373,True,False,REAL_OPEN_20260515,17.0,,,False,,False,REAL_OPEN_20260515,17.0,medium,open_ended,real gap — no withheld truth,False
2026-05-19,False,,False,REAL_OPEN_20260515,3.794397875834886,0.5791428685188293,True,False,REAL_OPEN_20260515,17.0,,,False,,False,REAL_OPEN_20260515,17.0,medium,open_ended,real gap — no withheld truth,False
2026-05-20,False,,False,REAL_OPEN_20260515,3.7756915263870514,0.5769965052604675,True,False,REAL_OPEN_20260515,17.0,,,False,,False,REAL_OPEN_20260515,17.0,medium,open_ended,real gap — no withheld truth,False
2026-05-21,False,,False,REAL_OPEN_20260515,3.7594232582669376,0.5751212239265442,True,False,REAL_OPEN_20260515,17.0,,,False,,False,REAL_OPEN_20260515,17.0,medium,open_ended,real gap — no withheld truth,False
2026-05-22,False,,False,REAL_OPEN_20260515,3.8250165317428766,0.5826333165168762,True,False,REAL_OPEN_20260515,17.0,,,False,,False,REAL_OPEN_20260515,17.0,medium,open_ended,real gap — no withheld truth,False
2026-05-23,False,,False,REAL_OPEN_20260515,3.804286977278492,0.5802732706069946,True,False,REAL_OPEN_20260515,17.0,,,False,,False,REAL_OPEN_20260515,17.0,medium,open_ended,real gap — no withheld truth,False
2026-05-24,False,,False,REAL_OPEN_20260515,3.713095022515096,0.5697360634803772,True,False,REAL_OPEN_20260515,17.0,,,False,,False,REAL_OPEN_20260515,17.0,medium,open_ended,real gap — no withheld truth,False
2026-05-25,False,,False,REAL_OPEN_20260515,3.683804023119247,0.5662965178489685,True,False,REAL_OPEN_20260515,17.0,,,False,,False,REAL_OPEN_20260515,17.0,medium,open_ended,real gap — no withheld truth,False
2026-05-26,False,,False,REAL_OPEN_20260515,3.68041110350715,0.5658963322639465,True,False,REAL_OPEN_20260515,17.0,,,False,,False,REAL_OPEN_20260515,17.0,medium,open_ended,real gap — no withheld truth,False
2026-05-27,False,,False,REAL_OPEN_20260515,3.630093967401349,0.5599178671836853,True,False,REAL_OPEN_20260515,17.0,,,False,,False,REAL_OPEN_20260515,17.0,medium,open_ended,real gap — no withheld truth,False
2026-05-28,False,,False,REAL_OPEN_20260515,3.569262172105315,0.5525784492492676,True,False,REAL_OPEN_20260515,17.0,,,False,,False,REAL_OPEN_20260515,17.0,medium,open_ended,real gap — no withheld truth,False
2026-05-29,False,,False,REAL_OPEN_20260515,3.5427940820213193,0.5493459105491638,True,False,REAL_OPEN_20260515,17.0,,,False,,False,REAL_OPEN_20260515,17.0,medium,open_ended,real gap — no withheld truth,False
2026-05-30,False,,False,REAL_OPEN_20260515,3.592698365065559,0.5554207563400269,True,False,REAL_OPEN_20260515,17.0,,,False,,False,REAL_OPEN_20260515,17.0,medium,open_ended,real gap — no withheld truth,False
2026-05-31,False,,False,REAL_OPEN_20260515,3.650901387482016,0.5624001026153564,True,False,REAL_OPEN_20260515,17.0,,,False,,False,REAL_OPEN_20260515,17.0,medium,open_ended,real gap — no withheld truth,False
